
 	 Check Design Report (c)
	 ------------------- 
No subdesign's name is greater than 1.5k in length.

 Feedthrough Module(s)
 -------------------------
No feed through module in 'soft_dsp_eng_post_wrapper'

  Unresolved References & Empty Modules
  ------------------------------------- 
No unresolved references in design 'soft_dsp_eng_post_wrapper'

No empty modules in design 'soft_dsp_eng_post_wrapper'

 Unloaded Pin(s), Port(s)
 -------------------------
No unloaded sequential element in 'soft_dsp_eng_post_wrapper'

No unloaded port in 'soft_dsp_eng_post_wrapper'

 Unloaded Combinational Pin(s)
 -------------------------------
design 'soft_dsp_eng_post_wrapper' has the following unloaded combinational elements
pin:soft_dsp_eng_post_wrapper/dsp_mul/add_152_26_I15/g3/z
pin:soft_dsp_eng_post_wrapper/dsp_mul/add_152_26_I15/g405/z
pin:soft_dsp_eng_post_wrapper/dsp_mul/add_152_26_I15/g408/z
pin:soft_dsp_eng_post_wrapper/dsp_mul/add_152_26_I15/g410/z
pin:soft_dsp_eng_post_wrapper/dsp_mul/add_152_26_I15/g413/z
pin:soft_dsp_eng_post_wrapper/dsp_mul/add_152_26_I15/g415/z
pin:soft_dsp_eng_post_wrapper/dsp_mul/add_152_26_I15/g418/z
pin:soft_dsp_eng_post_wrapper/dsp_mul/add_152_26_I15/g421/z
pin:soft_dsp_eng_post_wrapper/dsp_mul/add_152_26_I15/g424/z
pin:soft_dsp_eng_post_wrapper/dsp_mul/add_152_26_I15/g426/z
pin:soft_dsp_eng_post_wrapper/u_tr_ln/add_53_26/g4/z
Total number of unloaded combinational elements in design 'soft_dsp_eng_post_wrapper' : 11

 Assigns
 ------- 
Encountered an assign statement at hport 'hport:soft_dsp_eng_post_wrapper/u_tr_exp_wrapper/GEN_EXP[0].u_tr_exp/uut/is_ceil' in module q4_4_round_neg
Encountered an assign statement at hport 'hport:soft_dsp_eng_post_wrapper/u_tr_exp_wrapper/GEN_EXP[0].u_tr_exp/mantisa[7]' in module tr_exp_FRAC4_ITER2
Encountered an assign statement at hport 'hport:soft_dsp_eng_post_wrapper/u_tr_exp_wrapper/GEN_EXP[0].u_tr_exp/mantisa[6]' in module tr_exp_FRAC4_ITER2
Encountered an assign statement at hport 'hport:soft_dsp_eng_post_wrapper/u_tr_ln/ctl_xq_35_17/out_0[17]' in module case_box
Encountered an assign statement at port 'port:soft_dsp_eng_post_wrapper/out_vec[0][31]' in design soft_dsp_eng_post_wrapper
Encountered an assign statement at port 'port:soft_dsp_eng_post_wrapper/out_vec[0][30]' in design soft_dsp_eng_post_wrapper
Encountered an assign statement at port 'port:soft_dsp_eng_post_wrapper/out_vec[0][29]' in design soft_dsp_eng_post_wrapper
Encountered an assign statement at port 'port:soft_dsp_eng_post_wrapper/out_vec[0][28]' in design soft_dsp_eng_post_wrapper
Encountered an assign statement at port 'port:soft_dsp_eng_post_wrapper/out_vec[0][27]' in design soft_dsp_eng_post_wrapper
Encountered an assign statement at port 'port:soft_dsp_eng_post_wrapper/out_vec[0][26]' in design soft_dsp_eng_post_wrapper
Encountered an assign statement at port 'port:soft_dsp_eng_post_wrapper/out_vec[0][25]' in design soft_dsp_eng_post_wrapper
Encountered an assign statement at port 'port:soft_dsp_eng_post_wrapper/out_vec[0][24]' in design soft_dsp_eng_post_wrapper
Encountered an assign statement at port 'port:soft_dsp_eng_post_wrapper/out_vec[0][23]' in design soft_dsp_eng_post_wrapper
Encountered an assign statement at port 'port:soft_dsp_eng_post_wrapper/out_vec[0][22]' in design soft_dsp_eng_post_wrapper
Encountered an assign statement at port 'port:soft_dsp_eng_post_wrapper/out_vec[0][21]' in design soft_dsp_eng_post_wrapper
Encountered an assign statement at port 'port:soft_dsp_eng_post_wrapper/out_vec[0][20]' in design soft_dsp_eng_post_wrapper
Encountered an assign statement at port 'port:soft_dsp_eng_post_wrapper/out_vec[0][19]' in design soft_dsp_eng_post_wrapper
Encountered an assign statement at port 'port:soft_dsp_eng_post_wrapper/out_vec[0][18]' in design soft_dsp_eng_post_wrapper
Encountered an assign statement at port 'port:soft_dsp_eng_post_wrapper/out_vec[0][17]' in design soft_dsp_eng_post_wrapper
Encountered an assign statement at port 'port:soft_dsp_eng_post_wrapper/out_vec[0][16]' in design soft_dsp_eng_post_wrapper
Encountered an assign statement at port 'port:soft_dsp_eng_post_wrapper/out_vec[0][15]' in design soft_dsp_eng_post_wrapper
Encountered an assign statement at port 'port:soft_dsp_eng_post_wrapper/out_vec[0][14]' in design soft_dsp_eng_post_wrapper
Encountered an assign statement at port 'port:soft_dsp_eng_post_wrapper/out_vec[0][13]' in design soft_dsp_eng_post_wrapper
Encountered an assign statement at port 'port:soft_dsp_eng_post_wrapper/out_vec[0][12]' in design soft_dsp_eng_post_wrapper
Encountered an assign statement at port 'port:soft_dsp_eng_post_wrapper/out_vec[0][11]' in design soft_dsp_eng_post_wrapper
Encountered an assign statement at port 'port:soft_dsp_eng_post_wrapper/out_vec[0][10]' in design soft_dsp_eng_post_wrapper
Encountered an assign statement at port 'port:soft_dsp_eng_post_wrapper/out_vec[0][9]' in design soft_dsp_eng_post_wrapper
Encountered an assign statement at port 'port:soft_dsp_eng_post_wrapper/out_vec[0][8]' in design soft_dsp_eng_post_wrapper
Encountered an assign statement at port 'port:soft_dsp_eng_post_wrapper/out_vec[0][7]' in design soft_dsp_eng_post_wrapper
Encountered an assign statement at port 'port:soft_dsp_eng_post_wrapper/out_vec[0][6]' in design soft_dsp_eng_post_wrapper
Encountered an assign statement at port 'port:soft_dsp_eng_post_wrapper/out_vec[0][5]' in design soft_dsp_eng_post_wrapper
Encountered an assign statement at port 'port:soft_dsp_eng_post_wrapper/out_vec[0][4]' in design soft_dsp_eng_post_wrapper
Encountered an assign statement at port 'port:soft_dsp_eng_post_wrapper/out_vec[0][3]' in design soft_dsp_eng_post_wrapper
Encountered an assign statement at port 'port:soft_dsp_eng_post_wrapper/out_vec[0][2]' in design soft_dsp_eng_post_wrapper
Encountered an assign statement at port 'port:soft_dsp_eng_post_wrapper/out_vec[0][1]' in design soft_dsp_eng_post_wrapper
Encountered an assign statement at port 'port:soft_dsp_eng_post_wrapper/out_vec[0][0]' in design soft_dsp_eng_post_wrapper
Encountered an assign statement at port 'port:soft_dsp_eng_post_wrapper/out_dot[31]' in design soft_dsp_eng_post_wrapper
Encountered an assign statement at port 'port:soft_dsp_eng_post_wrapper/out_dot[30]' in design soft_dsp_eng_post_wrapper
Encountered an assign statement at port 'port:soft_dsp_eng_post_wrapper/out_dot[29]' in design soft_dsp_eng_post_wrapper
Encountered an assign statement at port 'port:soft_dsp_eng_post_wrapper/out_dot[28]' in design soft_dsp_eng_post_wrapper
Encountered an assign statement at port 'port:soft_dsp_eng_post_wrapper/out_dot[27]' in design soft_dsp_eng_post_wrapper
Encountered an assign statement at port 'port:soft_dsp_eng_post_wrapper/out_dot[26]' in design soft_dsp_eng_post_wrapper
Encountered an assign statement at port 'port:soft_dsp_eng_post_wrapper/out_dot[25]' in design soft_dsp_eng_post_wrapper
Encountered an assign statement at port 'port:soft_dsp_eng_post_wrapper/out_dot[24]' in design soft_dsp_eng_post_wrapper
Encountered an assign statement at port 'port:soft_dsp_eng_post_wrapper/out_dot[23]' in design soft_dsp_eng_post_wrapper
Encountered an assign statement at port 'port:soft_dsp_eng_post_wrapper/out_dot[22]' in design soft_dsp_eng_post_wrapper
Encountered an assign statement at port 'port:soft_dsp_eng_post_wrapper/out_dot[21]' in design soft_dsp_eng_post_wrapper
Encountered an assign statement at port 'port:soft_dsp_eng_post_wrapper/out_dot[20]' in design soft_dsp_eng_post_wrapper
Encountered an assign statement at port 'port:soft_dsp_eng_post_wrapper/out_dot[19]' in design soft_dsp_eng_post_wrapper
Encountered an assign statement at port 'port:soft_dsp_eng_post_wrapper/out_dot[18]' in design soft_dsp_eng_post_wrapper
Encountered an assign statement at port 'port:soft_dsp_eng_post_wrapper/out_dot[17]' in design soft_dsp_eng_post_wrapper
Encountered an assign statement at port 'port:soft_dsp_eng_post_wrapper/out_dot[16]' in design soft_dsp_eng_post_wrapper
Encountered an assign statement at port 'port:soft_dsp_eng_post_wrapper/out_dot[15]' in design soft_dsp_eng_post_wrapper
Encountered an assign statement at port 'port:soft_dsp_eng_post_wrapper/out_dot[14]' in design soft_dsp_eng_post_wrapper
Encountered an assign statement at port 'port:soft_dsp_eng_post_wrapper/out_dot[13]' in design soft_dsp_eng_post_wrapper
Encountered an assign statement at port 'port:soft_dsp_eng_post_wrapper/out_dot[12]' in design soft_dsp_eng_post_wrapper
Encountered an assign statement at port 'port:soft_dsp_eng_post_wrapper/out_dot[11]' in design soft_dsp_eng_post_wrapper
Encountered an assign statement at port 'port:soft_dsp_eng_post_wrapper/out_dot[10]' in design soft_dsp_eng_post_wrapper
Encountered an assign statement at port 'port:soft_dsp_eng_post_wrapper/out_dot[9]' in design soft_dsp_eng_post_wrapper
Encountered an assign statement at port 'port:soft_dsp_eng_post_wrapper/out_dot[8]' in design soft_dsp_eng_post_wrapper
Encountered an assign statement at port 'port:soft_dsp_eng_post_wrapper/out_dot[7]' in design soft_dsp_eng_post_wrapper
Encountered an assign statement at port 'port:soft_dsp_eng_post_wrapper/out_dot[6]' in design soft_dsp_eng_post_wrapper
Encountered an assign statement at port 'port:soft_dsp_eng_post_wrapper/out_dot[5]' in design soft_dsp_eng_post_wrapper
Encountered an assign statement at port 'port:soft_dsp_eng_post_wrapper/out_dot[4]' in design soft_dsp_eng_post_wrapper
Encountered an assign statement at port 'port:soft_dsp_eng_post_wrapper/out_dot[3]' in design soft_dsp_eng_post_wrapper
Encountered an assign statement at port 'port:soft_dsp_eng_post_wrapper/out_dot[2]' in design soft_dsp_eng_post_wrapper
Encountered an assign statement at port 'port:soft_dsp_eng_post_wrapper/out_dot[1]' in design soft_dsp_eng_post_wrapper
Encountered an assign statement at port 'port:soft_dsp_eng_post_wrapper/out_dot[0]' in design soft_dsp_eng_post_wrapper
Total number of assign statements in design 'soft_dsp_eng_post_wrapper' : 68

 Undriven Port(s)/Pin(s)
 ------------------------
No undriven combinational pin in 'soft_dsp_eng_post_wrapper'

No undriven sequential pin in 'soft_dsp_eng_post_wrapper'

No undriven hierarchical pin in 'soft_dsp_eng_post_wrapper'

No undriven port in 'soft_dsp_eng_post_wrapper'

 Multidriven Port(s)/Pin(s)
--------------------------

No multidriven combinational pin in 'soft_dsp_eng_post_wrapper'

No multidriven sequential pin in 'soft_dsp_eng_post_wrapper'

No multidriven hierarchical pin in 'soft_dsp_eng_post_wrapper'

No multidriven ports in 'soft_dsp_eng_post_wrapper'

No multidriven unloaded nets in 'soft_dsp_eng_post_wrapper'

  Constant Pin(s)
  ----------------
No constant combinational pin(s) in design 'soft_dsp_eng_post_wrapper'

No constant sequential pin(s) in design 'soft_dsp_eng_post_wrapper'

design 'soft_dsp_eng_post_wrapper' has the following constant input hierarchical pin(s)
hpin:soft_dsp_eng_post_wrapper/u_tr_exp_wrapper/dsp_mode 	 (fanout : 1)
hpin:soft_dsp_eng_post_wrapper/u_max_sub/lt_20_22_I16/B[7] 	 (fanout : 3)
hpin:soft_dsp_eng_post_wrapper/u_max_sub/lt_20_22_I16/B[6] 	 (fanout : 1)
hpin:soft_dsp_eng_post_wrapper/u_max_sub/lt_20_22_I16/B[5] 	 (fanout : 1)
hpin:soft_dsp_eng_post_wrapper/u_max_sub/lt_20_22_I16/B[4] 	 (fanout : 1)
hpin:soft_dsp_eng_post_wrapper/u_max_sub/lt_20_22_I16/B[3] 	 (fanout : 1)
hpin:soft_dsp_eng_post_wrapper/u_max_sub/lt_20_22_I16/B[2] 	 (fanout : 1)
hpin:soft_dsp_eng_post_wrapper/u_max_sub/lt_20_22_I16/B[1] 	 (fanout : 1)
hpin:soft_dsp_eng_post_wrapper/u_max_sub/lt_20_22_I16/B[0] 	 (fanout : 1)
hpin:soft_dsp_eng_post_wrapper/u_max_sub/lt_20_22_I15/B[7] 	 (fanout : 3)
hpin:soft_dsp_eng_post_wrapper/u_max_sub/lt_20_22_I15/B[6] 	 (fanout : 1)
hpin:soft_dsp_eng_post_wrapper/u_max_sub/lt_20_22_I15/B[5] 	 (fanout : 1)
hpin:soft_dsp_eng_post_wrapper/u_max_sub/lt_20_22_I15/B[4] 	 (fanout : 1)
hpin:soft_dsp_eng_post_wrapper/u_max_sub/lt_20_22_I15/B[3] 	 (fanout : 1)
hpin:soft_dsp_eng_post_wrapper/u_max_sub/lt_20_22_I15/B[2] 	 (fanout : 1)
hpin:soft_dsp_eng_post_wrapper/u_max_sub/lt_20_22_I15/B[1] 	 (fanout : 1)
hpin:soft_dsp_eng_post_wrapper/u_max_sub/lt_20_22_I15/B[0] 	 (fanout : 1)
hpin:soft_dsp_eng_post_wrapper/u_max_sub/lt_20_22_I14/B[7] 	 (fanout : 3)
hpin:soft_dsp_eng_post_wrapper/u_max_sub/lt_20_22_I14/B[6] 	 (fanout : 1)
hpin:soft_dsp_eng_post_wrapper/u_max_sub/lt_20_22_I14/B[5] 	 (fanout : 1)
hpin:soft_dsp_eng_post_wrapper/u_max_sub/lt_20_22_I14/B[4] 	 (fanout : 1)
hpin:soft_dsp_eng_post_wrapper/u_max_sub/lt_20_22_I14/B[3] 	 (fanout : 1)
hpin:soft_dsp_eng_post_wrapper/u_max_sub/lt_20_22_I14/B[2] 	 (fanout : 1)
hpin:soft_dsp_eng_post_wrapper/u_max_sub/lt_20_22_I14/B[1] 	 (fanout : 1)
hpin:soft_dsp_eng_post_wrapper/u_max_sub/lt_20_22_I14/B[0] 	 (fanout : 1)
hpin:soft_dsp_eng_post_wrapper/u_max_sub/lt_20_22_I13/B[7] 	 (fanout : 3)
hpin:soft_dsp_eng_post_wrapper/u_max_sub/lt_20_22_I13/B[6] 	 (fanout : 1)
hpin:soft_dsp_eng_post_wrapper/u_max_sub/lt_20_22_I13/B[5] 	 (fanout : 1)
hpin:soft_dsp_eng_post_wrapper/u_max_sub/lt_20_22_I13/B[4] 	 (fanout : 1)
hpin:soft_dsp_eng_post_wrapper/u_max_sub/lt_20_22_I13/B[3] 	 (fanout : 1)
hpin:soft_dsp_eng_post_wrapper/u_max_sub/lt_20_22_I13/B[2] 	 (fanout : 1)
hpin:soft_dsp_eng_post_wrapper/u_max_sub/lt_20_22_I13/B[1] 	 (fanout : 1)
hpin:soft_dsp_eng_post_wrapper/u_max_sub/lt_20_22_I13/B[0] 	 (fanout : 1)
hpin:soft_dsp_eng_post_wrapper/u_max_sub/lt_20_22_I12/B[7] 	 (fanout : 3)
hpin:soft_dsp_eng_post_wrapper/u_max_sub/lt_20_22_I12/B[6] 	 (fanout : 1)
hpin:soft_dsp_eng_post_wrapper/u_max_sub/lt_20_22_I12/B[5] 	 (fanout : 1)
hpin:soft_dsp_eng_post_wrapper/u_max_sub/lt_20_22_I12/B[4] 	 (fanout : 1)
hpin:soft_dsp_eng_post_wrapper/u_max_sub/lt_20_22_I12/B[3] 	 (fanout : 1)
hpin:soft_dsp_eng_post_wrapper/u_max_sub/lt_20_22_I12/B[2] 	 (fanout : 1)
hpin:soft_dsp_eng_post_wrapper/u_max_sub/lt_20_22_I12/B[1] 	 (fanout : 1)
hpin:soft_dsp_eng_post_wrapper/u_max_sub/lt_20_22_I12/B[0] 	 (fanout : 1)
hpin:soft_dsp_eng_post_wrapper/u_max_sub/lt_20_22_I11/B[7] 	 (fanout : 3)
hpin:soft_dsp_eng_post_wrapper/u_max_sub/lt_20_22_I11/B[6] 	 (fanout : 1)
hpin:soft_dsp_eng_post_wrapper/u_max_sub/lt_20_22_I11/B[5] 	 (fanout : 1)
hpin:soft_dsp_eng_post_wrapper/u_max_sub/lt_20_22_I11/B[4] 	 (fanout : 1)
hpin:soft_dsp_eng_post_wrapper/u_max_sub/lt_20_22_I11/B[3] 	 (fanout : 1)
hpin:soft_dsp_eng_post_wrapper/u_max_sub/lt_20_22_I11/B[2] 	 (fanout : 1)
hpin:soft_dsp_eng_post_wrapper/u_max_sub/lt_20_22_I11/B[1] 	 (fanout : 1)
hpin:soft_dsp_eng_post_wrapper/u_max_sub/lt_20_22_I11/B[0] 	 (fanout : 1)
hpin:soft_dsp_eng_post_wrapper/u_max_sub/lt_20_22_I10/B[7] 	 (fanout : 3)
hpin:soft_dsp_eng_post_wrapper/u_max_sub/lt_20_22_I10/B[6] 	 (fanout : 1)
hpin:soft_dsp_eng_post_wrapper/u_max_sub/lt_20_22_I10/B[5] 	 (fanout : 1)
hpin:soft_dsp_eng_post_wrapper/u_max_sub/lt_20_22_I10/B[4] 	 (fanout : 1)
hpin:soft_dsp_eng_post_wrapper/u_max_sub/lt_20_22_I10/B[3] 	 (fanout : 1)
hpin:soft_dsp_eng_post_wrapper/u_max_sub/lt_20_22_I10/B[2] 	 (fanout : 1)
hpin:soft_dsp_eng_post_wrapper/u_max_sub/lt_20_22_I10/B[1] 	 (fanout : 1)
hpin:soft_dsp_eng_post_wrapper/u_max_sub/lt_20_22_I10/B[0] 	 (fanout : 1)
hpin:soft_dsp_eng_post_wrapper/u_max_sub/lt_20_22_I9/B[7] 	 (fanout : 3)
hpin:soft_dsp_eng_post_wrapper/u_max_sub/lt_20_22_I9/B[6] 	 (fanout : 1)
hpin:soft_dsp_eng_post_wrapper/u_max_sub/lt_20_22_I9/B[5] 	 (fanout : 1)
hpin:soft_dsp_eng_post_wrapper/u_max_sub/lt_20_22_I9/B[4] 	 (fanout : 1)
hpin:soft_dsp_eng_post_wrapper/u_max_sub/lt_20_22_I9/B[3] 	 (fanout : 1)
hpin:soft_dsp_eng_post_wrapper/u_max_sub/lt_20_22_I9/B[2] 	 (fanout : 1)
hpin:soft_dsp_eng_post_wrapper/u_max_sub/lt_20_22_I9/B[1] 	 (fanout : 1)
hpin:soft_dsp_eng_post_wrapper/u_max_sub/lt_20_22_I9/B[0] 	 (fanout : 1)
hpin:soft_dsp_eng_post_wrapper/u_max_sub/lt_20_22_I8/B[7] 	 (fanout : 3)
hpin:soft_dsp_eng_post_wrapper/u_max_sub/lt_20_22_I8/B[6] 	 (fanout : 1)
hpin:soft_dsp_eng_post_wrapper/u_max_sub/lt_20_22_I8/B[5] 	 (fanout : 1)
hpin:soft_dsp_eng_post_wrapper/u_max_sub/lt_20_22_I8/B[4] 	 (fanout : 1)
hpin:soft_dsp_eng_post_wrapper/u_max_sub/lt_20_22_I8/B[3] 	 (fanout : 1)
hpin:soft_dsp_eng_post_wrapper/u_max_sub/lt_20_22_I8/B[2] 	 (fanout : 1)
hpin:soft_dsp_eng_post_wrapper/u_max_sub/lt_20_22_I8/B[1] 	 (fanout : 1)
hpin:soft_dsp_eng_post_wrapper/u_max_sub/lt_20_22_I8/B[0] 	 (fanout : 1)
hpin:soft_dsp_eng_post_wrapper/u_max_sub/lt_20_22_I7/B[7] 	 (fanout : 3)
hpin:soft_dsp_eng_post_wrapper/u_max_sub/lt_20_22_I7/B[6] 	 (fanout : 1)
hpin:soft_dsp_eng_post_wrapper/u_max_sub/lt_20_22_I7/B[5] 	 (fanout : 1)
hpin:soft_dsp_eng_post_wrapper/u_max_sub/lt_20_22_I7/B[4] 	 (fanout : 1)
hpin:soft_dsp_eng_post_wrapper/u_max_sub/lt_20_22_I7/B[3] 	 (fanout : 1)
hpin:soft_dsp_eng_post_wrapper/u_max_sub/lt_20_22_I7/B[2] 	 (fanout : 1)
hpin:soft_dsp_eng_post_wrapper/u_max_sub/lt_20_22_I7/B[1] 	 (fanout : 1)
hpin:soft_dsp_eng_post_wrapper/u_max_sub/lt_20_22_I7/B[0] 	 (fanout : 1)
hpin:soft_dsp_eng_post_wrapper/u_max_sub/lt_20_22_I6/B[7] 	 (fanout : 3)
hpin:soft_dsp_eng_post_wrapper/u_max_sub/lt_20_22_I6/B[6] 	 (fanout : 1)
hpin:soft_dsp_eng_post_wrapper/u_max_sub/lt_20_22_I6/B[5] 	 (fanout : 1)
hpin:soft_dsp_eng_post_wrapper/u_max_sub/lt_20_22_I6/B[4] 	 (fanout : 1)
hpin:soft_dsp_eng_post_wrapper/u_max_sub/lt_20_22_I6/B[3] 	 (fanout : 1)
hpin:soft_dsp_eng_post_wrapper/u_max_sub/lt_20_22_I6/B[2] 	 (fanout : 1)
hpin:soft_dsp_eng_post_wrapper/u_max_sub/lt_20_22_I6/B[1] 	 (fanout : 1)
hpin:soft_dsp_eng_post_wrapper/u_max_sub/lt_20_22_I6/B[0] 	 (fanout : 1)
hpin:soft_dsp_eng_post_wrapper/u_max_sub/lt_20_22_I5/B[7] 	 (fanout : 3)
hpin:soft_dsp_eng_post_wrapper/u_max_sub/lt_20_22_I5/B[6] 	 (fanout : 1)
hpin:soft_dsp_eng_post_wrapper/u_max_sub/lt_20_22_I5/B[5] 	 (fanout : 1)
hpin:soft_dsp_eng_post_wrapper/u_max_sub/lt_20_22_I5/B[4] 	 (fanout : 1)
hpin:soft_dsp_eng_post_wrapper/u_max_sub/lt_20_22_I5/B[3] 	 (fanout : 1)
hpin:soft_dsp_eng_post_wrapper/u_max_sub/lt_20_22_I5/B[2] 	 (fanout : 1)
hpin:soft_dsp_eng_post_wrapper/u_max_sub/lt_20_22_I5/B[1] 	 (fanout : 1)
hpin:soft_dsp_eng_post_wrapper/u_max_sub/lt_20_22_I5/B[0] 	 (fanout : 1)
hpin:soft_dsp_eng_post_wrapper/u_max_sub/lt_20_22_I4/B[7] 	 (fanout : 3)
hpin:soft_dsp_eng_post_wrapper/u_max_sub/lt_20_22_I4/B[6] 	 (fanout : 1)
hpin:soft_dsp_eng_post_wrapper/u_max_sub/lt_20_22_I4/B[5] 	 (fanout : 1)
hpin:soft_dsp_eng_post_wrapper/u_max_sub/lt_20_22_I4/B[4] 	 (fanout : 1)
hpin:soft_dsp_eng_post_wrapper/u_max_sub/lt_20_22_I4/B[3] 	 (fanout : 1)
hpin:soft_dsp_eng_post_wrapper/u_max_sub/lt_20_22_I4/B[2] 	 (fanout : 1)
hpin:soft_dsp_eng_post_wrapper/u_max_sub/lt_20_22_I4/B[1] 	 (fanout : 1)
hpin:soft_dsp_eng_post_wrapper/u_max_sub/lt_20_22_I4/B[0] 	 (fanout : 1)
hpin:soft_dsp_eng_post_wrapper/u_max_sub/lt_20_22_I3/B[7] 	 (fanout : 3)
hpin:soft_dsp_eng_post_wrapper/u_max_sub/lt_20_22_I3/B[6] 	 (fanout : 1)
hpin:soft_dsp_eng_post_wrapper/u_max_sub/lt_20_22_I3/B[5] 	 (fanout : 1)
hpin:soft_dsp_eng_post_wrapper/u_max_sub/lt_20_22_I3/B[4] 	 (fanout : 1)
hpin:soft_dsp_eng_post_wrapper/u_max_sub/lt_20_22_I3/B[3] 	 (fanout : 1)
hpin:soft_dsp_eng_post_wrapper/u_max_sub/lt_20_22_I3/B[2] 	 (fanout : 1)
hpin:soft_dsp_eng_post_wrapper/u_max_sub/lt_20_22_I3/B[1] 	 (fanout : 1)
hpin:soft_dsp_eng_post_wrapper/u_max_sub/lt_20_22_I3/B[0] 	 (fanout : 1)
hpin:soft_dsp_eng_post_wrapper/u_max_sub/lt_20_22_I2/B[7] 	 (fanout : 3)
hpin:soft_dsp_eng_post_wrapper/u_max_sub/lt_20_22_I2/B[6] 	 (fanout : 1)
hpin:soft_dsp_eng_post_wrapper/u_max_sub/lt_20_22_I2/B[5] 	 (fanout : 1)
hpin:soft_dsp_eng_post_wrapper/u_max_sub/lt_20_22_I2/B[4] 	 (fanout : 1)
hpin:soft_dsp_eng_post_wrapper/u_max_sub/lt_20_22_I2/B[3] 	 (fanout : 1)
hpin:soft_dsp_eng_post_wrapper/u_max_sub/lt_20_22_I2/B[2] 	 (fanout : 1)
hpin:soft_dsp_eng_post_wrapper/u_max_sub/lt_20_22_I2/B[1] 	 (fanout : 1)
hpin:soft_dsp_eng_post_wrapper/u_max_sub/lt_20_22_I2/B[0] 	 (fanout : 1)
hpin:soft_dsp_eng_post_wrapper/u_max_sub/lt_20_22_I1/B[7] 	 (fanout : 3)
hpin:soft_dsp_eng_post_wrapper/u_max_sub/lt_20_22_I1/B[6] 	 (fanout : 1)
hpin:soft_dsp_eng_post_wrapper/u_max_sub/lt_20_22_I1/B[5] 	 (fanout : 1)
hpin:soft_dsp_eng_post_wrapper/u_max_sub/lt_20_22_I1/B[4] 	 (fanout : 1)
hpin:soft_dsp_eng_post_wrapper/u_max_sub/lt_20_22_I1/B[3] 	 (fanout : 1)
hpin:soft_dsp_eng_post_wrapper/u_max_sub/lt_20_22_I1/B[2] 	 (fanout : 1)
hpin:soft_dsp_eng_post_wrapper/u_max_sub/lt_20_22_I1/B[1] 	 (fanout : 1)
hpin:soft_dsp_eng_post_wrapper/u_max_sub/lt_20_22_I1/B[0] 	 (fanout : 1)
hpin:soft_dsp_eng_post_wrapper/u_max_sub/mux_out_data[0]_20_22/in_1[7] 	 (fanout : 1)
hpin:soft_dsp_eng_post_wrapper/u_max_sub/mux_out_data[0]_20_22/in_1[6] 	 (fanout : 1)
hpin:soft_dsp_eng_post_wrapper/u_max_sub/mux_out_data[0]_20_22/in_1[5] 	 (fanout : 1)
hpin:soft_dsp_eng_post_wrapper/u_max_sub/mux_out_data[0]_20_22/in_1[4] 	 (fanout : 1)
hpin:soft_dsp_eng_post_wrapper/u_max_sub/mux_out_data[0]_20_22/in_1[3] 	 (fanout : 1)
hpin:soft_dsp_eng_post_wrapper/u_max_sub/mux_out_data[0]_20_22/in_1[2] 	 (fanout : 1)
hpin:soft_dsp_eng_post_wrapper/u_max_sub/mux_out_data[0]_20_22/in_1[1] 	 (fanout : 1)
hpin:soft_dsp_eng_post_wrapper/u_max_sub/mux_out_data[0]_20_22/in_1[0] 	 (fanout : 1)
hpin:soft_dsp_eng_post_wrapper/u_max_sub/mux_out_data[1]_20_22/in_1[7] 	 (fanout : 1)
hpin:soft_dsp_eng_post_wrapper/u_max_sub/mux_out_data[1]_20_22/in_1[6] 	 (fanout : 1)
hpin:soft_dsp_eng_post_wrapper/u_max_sub/mux_out_data[1]_20_22/in_1[5] 	 (fanout : 1)
hpin:soft_dsp_eng_post_wrapper/u_max_sub/mux_out_data[1]_20_22/in_1[4] 	 (fanout : 1)
hpin:soft_dsp_eng_post_wrapper/u_max_sub/mux_out_data[1]_20_22/in_1[3] 	 (fanout : 1)
hpin:soft_dsp_eng_post_wrapper/u_max_sub/mux_out_data[1]_20_22/in_1[2] 	 (fanout : 1)
hpin:soft_dsp_eng_post_wrapper/u_max_sub/mux_out_data[1]_20_22/in_1[1] 	 (fanout : 1)
hpin:soft_dsp_eng_post_wrapper/u_max_sub/mux_out_data[1]_20_22/in_1[0] 	 (fanout : 1)
hpin:soft_dsp_eng_post_wrapper/u_max_sub/mux_out_data[2]_20_22/in_1[7] 	 (fanout : 1)
hpin:soft_dsp_eng_post_wrapper/u_max_sub/mux_out_data[2]_20_22/in_1[6] 	 (fanout : 1)
hpin:soft_dsp_eng_post_wrapper/u_max_sub/mux_out_data[2]_20_22/in_1[5] 	 (fanout : 1)
hpin:soft_dsp_eng_post_wrapper/u_max_sub/mux_out_data[2]_20_22/in_1[4] 	 (fanout : 1)
hpin:soft_dsp_eng_post_wrapper/u_max_sub/mux_out_data[2]_20_22/in_1[3] 	 (fanout : 1)
hpin:soft_dsp_eng_post_wrapper/u_max_sub/mux_out_data[2]_20_22/in_1[2] 	 (fanout : 1)
hpin:soft_dsp_eng_post_wrapper/u_max_sub/mux_out_data[2]_20_22/in_1[1] 	 (fanout : 1)
hpin:soft_dsp_eng_post_wrapper/u_max_sub/mux_out_data[2]_20_22/in_1[0] 	 (fanout : 1)
hpin:soft_dsp_eng_post_wrapper/u_max_sub/mux_out_data[3]_20_22/in_1[7] 	 (fanout : 1)
hpin:soft_dsp_eng_post_wrapper/u_max_sub/mux_out_data[3]_20_22/in_1[6] 	 (fanout : 1)
hpin:soft_dsp_eng_post_wrapper/u_max_sub/mux_out_data[3]_20_22/in_1[5] 	 (fanout : 1)
hpin:soft_dsp_eng_post_wrapper/u_max_sub/mux_out_data[3]_20_22/in_1[4] 	 (fanout : 1)
hpin:soft_dsp_eng_post_wrapper/u_max_sub/mux_out_data[3]_20_22/in_1[3] 	 (fanout : 1)
hpin:soft_dsp_eng_post_wrapper/u_max_sub/mux_out_data[3]_20_22/in_1[2] 	 (fanout : 1)
hpin:soft_dsp_eng_post_wrapper/u_max_sub/mux_out_data[3]_20_22/in_1[1] 	 (fanout : 1)
hpin:soft_dsp_eng_post_wrapper/u_max_sub/mux_out_data[3]_20_22/in_1[0] 	 (fanout : 1)
hpin:soft_dsp_eng_post_wrapper/u_max_sub/mux_out_data[4]_20_22/in_1[7] 	 (fanout : 1)
hpin:soft_dsp_eng_post_wrapper/u_max_sub/mux_out_data[4]_20_22/in_1[6] 	 (fanout : 1)
hpin:soft_dsp_eng_post_wrapper/u_max_sub/mux_out_data[4]_20_22/in_1[5] 	 (fanout : 1)
hpin:soft_dsp_eng_post_wrapper/u_max_sub/mux_out_data[4]_20_22/in_1[4] 	 (fanout : 1)
hpin:soft_dsp_eng_post_wrapper/u_max_sub/mux_out_data[4]_20_22/in_1[3] 	 (fanout : 1)
hpin:soft_dsp_eng_post_wrapper/u_max_sub/mux_out_data[4]_20_22/in_1[2] 	 (fanout : 1)
hpin:soft_dsp_eng_post_wrapper/u_max_sub/mux_out_data[4]_20_22/in_1[1] 	 (fanout : 1)
hpin:soft_dsp_eng_post_wrapper/u_max_sub/mux_out_data[4]_20_22/in_1[0] 	 (fanout : 1)
hpin:soft_dsp_eng_post_wrapper/u_max_sub/mux_out_data[5]_20_22/in_1[7] 	 (fanout : 1)
hpin:soft_dsp_eng_post_wrapper/u_max_sub/mux_out_data[5]_20_22/in_1[6] 	 (fanout : 1)
hpin:soft_dsp_eng_post_wrapper/u_max_sub/mux_out_data[5]_20_22/in_1[5] 	 (fanout : 1)
hpin:soft_dsp_eng_post_wrapper/u_max_sub/mux_out_data[5]_20_22/in_1[4] 	 (fanout : 1)
hpin:soft_dsp_eng_post_wrapper/u_max_sub/mux_out_data[5]_20_22/in_1[3] 	 (fanout : 1)
hpin:soft_dsp_eng_post_wrapper/u_max_sub/mux_out_data[5]_20_22/in_1[2] 	 (fanout : 1)
hpin:soft_dsp_eng_post_wrapper/u_max_sub/mux_out_data[5]_20_22/in_1[1] 	 (fanout : 1)
hpin:soft_dsp_eng_post_wrapper/u_max_sub/mux_out_data[5]_20_22/in_1[0] 	 (fanout : 1)
hpin:soft_dsp_eng_post_wrapper/u_max_sub/mux_out_data[6]_20_22/in_1[7] 	 (fanout : 1)
hpin:soft_dsp_eng_post_wrapper/u_max_sub/mux_out_data[6]_20_22/in_1[6] 	 (fanout : 1)
hpin:soft_dsp_eng_post_wrapper/u_max_sub/mux_out_data[6]_20_22/in_1[5] 	 (fanout : 1)
hpin:soft_dsp_eng_post_wrapper/u_max_sub/mux_out_data[6]_20_22/in_1[4] 	 (fanout : 1)
hpin:soft_dsp_eng_post_wrapper/u_max_sub/mux_out_data[6]_20_22/in_1[3] 	 (fanout : 1)
hpin:soft_dsp_eng_post_wrapper/u_max_sub/mux_out_data[6]_20_22/in_1[2] 	 (fanout : 1)
hpin:soft_dsp_eng_post_wrapper/u_max_sub/mux_out_data[6]_20_22/in_1[1] 	 (fanout : 1)
hpin:soft_dsp_eng_post_wrapper/u_max_sub/mux_out_data[6]_20_22/in_1[0] 	 (fanout : 1)
hpin:soft_dsp_eng_post_wrapper/u_max_sub/mux_out_data[7]_20_22/in_1[7] 	 (fanout : 1)
hpin:soft_dsp_eng_post_wrapper/u_max_sub/mux_out_data[7]_20_22/in_1[6] 	 (fanout : 1)
hpin:soft_dsp_eng_post_wrapper/u_max_sub/mux_out_data[7]_20_22/in_1[5] 	 (fanout : 1)
hpin:soft_dsp_eng_post_wrapper/u_max_sub/mux_out_data[7]_20_22/in_1[4] 	 (fanout : 1)
hpin:soft_dsp_eng_post_wrapper/u_max_sub/mux_out_data[7]_20_22/in_1[3] 	 (fanout : 1)
hpin:soft_dsp_eng_post_wrapper/u_max_sub/mux_out_data[7]_20_22/in_1[2] 	 (fanout : 1)
hpin:soft_dsp_eng_post_wrapper/u_max_sub/mux_out_data[7]_20_22/in_1[1] 	 (fanout : 1)
hpin:soft_dsp_eng_post_wrapper/u_max_sub/mux_out_data[7]_20_22/in_1[0] 	 (fanout : 1)
hpin:soft_dsp_eng_post_wrapper/u_max_sub/mux_out_data[8]_20_22/in_1[7] 	 (fanout : 1)
hpin:soft_dsp_eng_post_wrapper/u_max_sub/mux_out_data[8]_20_22/in_1[6] 	 (fanout : 1)
hpin:soft_dsp_eng_post_wrapper/u_max_sub/mux_out_data[8]_20_22/in_1[5] 	 (fanout : 1)
hpin:soft_dsp_eng_post_wrapper/u_max_sub/mux_out_data[8]_20_22/in_1[4] 	 (fanout : 1)
hpin:soft_dsp_eng_post_wrapper/u_max_sub/mux_out_data[8]_20_22/in_1[3] 	 (fanout : 1)
hpin:soft_dsp_eng_post_wrapper/u_max_sub/mux_out_data[8]_20_22/in_1[2] 	 (fanout : 1)
hpin:soft_dsp_eng_post_wrapper/u_max_sub/mux_out_data[8]_20_22/in_1[1] 	 (fanout : 1)
hpin:soft_dsp_eng_post_wrapper/u_max_sub/mux_out_data[8]_20_22/in_1[0] 	 (fanout : 1)
hpin:soft_dsp_eng_post_wrapper/u_max_sub/mux_out_data[9]_20_22/in_1[7] 	 (fanout : 1)
hpin:soft_dsp_eng_post_wrapper/u_max_sub/mux_out_data[9]_20_22/in_1[6] 	 (fanout : 1)
hpin:soft_dsp_eng_post_wrapper/u_max_sub/mux_out_data[9]_20_22/in_1[5] 	 (fanout : 1)
hpin:soft_dsp_eng_post_wrapper/u_max_sub/mux_out_data[9]_20_22/in_1[4] 	 (fanout : 1)
hpin:soft_dsp_eng_post_wrapper/u_max_sub/mux_out_data[9]_20_22/in_1[3] 	 (fanout : 1)
hpin:soft_dsp_eng_post_wrapper/u_max_sub/mux_out_data[9]_20_22/in_1[2] 	 (fanout : 1)
hpin:soft_dsp_eng_post_wrapper/u_max_sub/mux_out_data[9]_20_22/in_1[1] 	 (fanout : 1)
hpin:soft_dsp_eng_post_wrapper/u_max_sub/mux_out_data[9]_20_22/in_1[0] 	 (fanout : 1)
hpin:soft_dsp_eng_post_wrapper/u_max_sub/mux_out_data[10]_20_22/in_1[7] 	 (fanout : 1)
hpin:soft_dsp_eng_post_wrapper/u_max_sub/mux_out_data[10]_20_22/in_1[6] 	 (fanout : 1)
hpin:soft_dsp_eng_post_wrapper/u_max_sub/mux_out_data[10]_20_22/in_1[5] 	 (fanout : 1)
hpin:soft_dsp_eng_post_wrapper/u_max_sub/mux_out_data[10]_20_22/in_1[4] 	 (fanout : 1)
hpin:soft_dsp_eng_post_wrapper/u_max_sub/mux_out_data[10]_20_22/in_1[3] 	 (fanout : 1)
hpin:soft_dsp_eng_post_wrapper/u_max_sub/mux_out_data[10]_20_22/in_1[2] 	 (fanout : 1)
hpin:soft_dsp_eng_post_wrapper/u_max_sub/mux_out_data[10]_20_22/in_1[1] 	 (fanout : 1)
hpin:soft_dsp_eng_post_wrapper/u_max_sub/mux_out_data[10]_20_22/in_1[0] 	 (fanout : 1)
hpin:soft_dsp_eng_post_wrapper/u_max_sub/mux_out_data[11]_20_22/in_1[7] 	 (fanout : 1)
hpin:soft_dsp_eng_post_wrapper/u_max_sub/mux_out_data[11]_20_22/in_1[6] 	 (fanout : 1)
hpin:soft_dsp_eng_post_wrapper/u_max_sub/mux_out_data[11]_20_22/in_1[5] 	 (fanout : 1)
hpin:soft_dsp_eng_post_wrapper/u_max_sub/mux_out_data[11]_20_22/in_1[4] 	 (fanout : 1)
hpin:soft_dsp_eng_post_wrapper/u_max_sub/mux_out_data[11]_20_22/in_1[3] 	 (fanout : 1)
hpin:soft_dsp_eng_post_wrapper/u_max_sub/mux_out_data[11]_20_22/in_1[2] 	 (fanout : 1)
hpin:soft_dsp_eng_post_wrapper/u_max_sub/mux_out_data[11]_20_22/in_1[1] 	 (fanout : 1)
hpin:soft_dsp_eng_post_wrapper/u_max_sub/mux_out_data[11]_20_22/in_1[0] 	 (fanout : 1)
hpin:soft_dsp_eng_post_wrapper/u_max_sub/mux_out_data[12]_20_22/in_1[7] 	 (fanout : 1)
hpin:soft_dsp_eng_post_wrapper/u_max_sub/mux_out_data[12]_20_22/in_1[6] 	 (fanout : 1)
hpin:soft_dsp_eng_post_wrapper/u_max_sub/mux_out_data[12]_20_22/in_1[5] 	 (fanout : 1)
hpin:soft_dsp_eng_post_wrapper/u_max_sub/mux_out_data[12]_20_22/in_1[4] 	 (fanout : 1)
hpin:soft_dsp_eng_post_wrapper/u_max_sub/mux_out_data[12]_20_22/in_1[3] 	 (fanout : 1)
hpin:soft_dsp_eng_post_wrapper/u_max_sub/mux_out_data[12]_20_22/in_1[2] 	 (fanout : 1)
hpin:soft_dsp_eng_post_wrapper/u_max_sub/mux_out_data[12]_20_22/in_1[1] 	 (fanout : 1)
hpin:soft_dsp_eng_post_wrapper/u_max_sub/mux_out_data[12]_20_22/in_1[0] 	 (fanout : 1)
hpin:soft_dsp_eng_post_wrapper/u_max_sub/mux_out_data[13]_20_22/in_1[7] 	 (fanout : 1)
hpin:soft_dsp_eng_post_wrapper/u_max_sub/mux_out_data[13]_20_22/in_1[6] 	 (fanout : 1)
hpin:soft_dsp_eng_post_wrapper/u_max_sub/mux_out_data[13]_20_22/in_1[5] 	 (fanout : 1)
hpin:soft_dsp_eng_post_wrapper/u_max_sub/mux_out_data[13]_20_22/in_1[4] 	 (fanout : 1)
hpin:soft_dsp_eng_post_wrapper/u_max_sub/mux_out_data[13]_20_22/in_1[3] 	 (fanout : 1)
hpin:soft_dsp_eng_post_wrapper/u_max_sub/mux_out_data[13]_20_22/in_1[2] 	 (fanout : 1)
hpin:soft_dsp_eng_post_wrapper/u_max_sub/mux_out_data[13]_20_22/in_1[1] 	 (fanout : 1)
hpin:soft_dsp_eng_post_wrapper/u_max_sub/mux_out_data[13]_20_22/in_1[0] 	 (fanout : 1)
hpin:soft_dsp_eng_post_wrapper/u_max_sub/mux_out_data[14]_20_22/in_1[7] 	 (fanout : 1)
hpin:soft_dsp_eng_post_wrapper/u_max_sub/mux_out_data[14]_20_22/in_1[6] 	 (fanout : 1)
hpin:soft_dsp_eng_post_wrapper/u_max_sub/mux_out_data[14]_20_22/in_1[5] 	 (fanout : 1)
hpin:soft_dsp_eng_post_wrapper/u_max_sub/mux_out_data[14]_20_22/in_1[4] 	 (fanout : 1)
hpin:soft_dsp_eng_post_wrapper/u_max_sub/mux_out_data[14]_20_22/in_1[3] 	 (fanout : 1)
hpin:soft_dsp_eng_post_wrapper/u_max_sub/mux_out_data[14]_20_22/in_1[2] 	 (fanout : 1)
hpin:soft_dsp_eng_post_wrapper/u_max_sub/mux_out_data[14]_20_22/in_1[1] 	 (fanout : 1)
hpin:soft_dsp_eng_post_wrapper/u_max_sub/mux_out_data[14]_20_22/in_1[0] 	 (fanout : 1)
hpin:soft_dsp_eng_post_wrapper/u_max_sub/mux_out_data[15]_20_22/in_1[7] 	 (fanout : 1)
hpin:soft_dsp_eng_post_wrapper/u_max_sub/mux_out_data[15]_20_22/in_1[6] 	 (fanout : 1)
hpin:soft_dsp_eng_post_wrapper/u_max_sub/mux_out_data[15]_20_22/in_1[5] 	 (fanout : 1)
hpin:soft_dsp_eng_post_wrapper/u_max_sub/mux_out_data[15]_20_22/in_1[4] 	 (fanout : 1)
hpin:soft_dsp_eng_post_wrapper/u_max_sub/mux_out_data[15]_20_22/in_1[3] 	 (fanout : 1)
hpin:soft_dsp_eng_post_wrapper/u_max_sub/mux_out_data[15]_20_22/in_1[2] 	 (fanout : 1)
hpin:soft_dsp_eng_post_wrapper/u_max_sub/mux_out_data[15]_20_22/in_1[1] 	 (fanout : 1)
hpin:soft_dsp_eng_post_wrapper/u_max_sub/mux_out_data[15]_20_22/in_1[0] 	 (fanout : 1)
hpin:soft_dsp_eng_post_wrapper/u_tr_exp_wrapper/GEN_EXP[0].u_tr_exp/uut/eq_27_44/B 	 (fanout : 1)
hpin:soft_dsp_eng_post_wrapper/u_tr_exp_wrapper/GEN_EXP[0].u_tr_exp/uut/add_24_61/B[1] 	 (fanout : 5)
hpin:soft_dsp_eng_post_wrapper/u_tr_exp_wrapper/GEN_EXP[0].u_tr_exp/uut/add_24_61/B[0] 	 (fanout : 2)
hpin:soft_dsp_eng_post_wrapper/u_tr_exp_wrapper/GEN_EXP[0].u_tr_exp/add_98_47/A[5] 	 (fanout : 1)
hpin:soft_dsp_eng_post_wrapper/u_tr_exp_wrapper/GEN_EXP[0].u_tr_exp/mux_exp_lut[a_idx]_79_37/in_0[6] 	 (fanout : 1)
hpin:soft_dsp_eng_post_wrapper/u_tr_exp_wrapper/GEN_EXP[0].u_tr_exp/mux_exp_lut[a_idx]_79_37/in_0[5] 	 (fanout : 1)
hpin:soft_dsp_eng_post_wrapper/u_tr_exp_wrapper/GEN_EXP[0].u_tr_exp/mux_exp_lut[a_idx]_79_37/in_0[4] 	 (fanout : 1)
hpin:soft_dsp_eng_post_wrapper/u_tr_exp_wrapper/GEN_EXP[0].u_tr_exp/mux_exp_lut[a_idx]_79_37/in_0[3] 	 (fanout : 1)
hpin:soft_dsp_eng_post_wrapper/u_tr_exp_wrapper/GEN_EXP[0].u_tr_exp/mux_exp_lut[a_idx]_79_37/in_0[2] 	 (fanout : 1)
hpin:soft_dsp_eng_post_wrapper/u_tr_exp_wrapper/GEN_EXP[0].u_tr_exp/mux_exp_lut[a_idx]_79_37/in_0[1] 	 (fanout : 1)
hpin:soft_dsp_eng_post_wrapper/u_tr_exp_wrapper/GEN_EXP[0].u_tr_exp/mux_exp_lut[a_idx]_79_37/in_0[0] 	 (fanout : 1)
hpin:soft_dsp_eng_post_wrapper/u_tr_exp_wrapper/GEN_EXP[0].u_tr_exp/mux_exp_lut[a_idx]_79_37/in_1[6] 	 (fanout : 1)
hpin:soft_dsp_eng_post_wrapper/u_tr_exp_wrapper/GEN_EXP[0].u_tr_exp/mux_exp_lut[a_idx]_79_37/in_1[5] 	 (fanout : 1)
hpin:soft_dsp_eng_post_wrapper/u_tr_exp_wrapper/GEN_EXP[0].u_tr_exp/mux_exp_lut[a_idx]_79_37/in_1[4] 	 (fanout : 1)
hpin:soft_dsp_eng_post_wrapper/u_tr_exp_wrapper/GEN_EXP[0].u_tr_exp/mux_exp_lut[a_idx]_79_37/in_1[3] 	 (fanout : 1)
hpin:soft_dsp_eng_post_wrapper/u_tr_exp_wrapper/GEN_EXP[0].u_tr_exp/mux_exp_lut[a_idx]_79_37/in_1[2] 	 (fanout : 1)
hpin:soft_dsp_eng_post_wrapper/u_tr_exp_wrapper/GEN_EXP[0].u_tr_exp/mux_exp_lut[a_idx]_79_37/in_1[1] 	 (fanout : 1)
hpin:soft_dsp_eng_post_wrapper/u_tr_exp_wrapper/GEN_EXP[0].u_tr_exp/mux_exp_lut[a_idx]_79_37/in_1[0] 	 (fanout : 1)
hpin:soft_dsp_eng_post_wrapper/u_tr_exp_wrapper/GEN_EXP[0].u_tr_exp/mux_exp_lut[a_idx]_79_37/in_2[6] 	 (fanout : 1)
hpin:soft_dsp_eng_post_wrapper/u_tr_exp_wrapper/GEN_EXP[0].u_tr_exp/mux_exp_lut[a_idx]_79_37/in_2[5] 	 (fanout : 1)
hpin:soft_dsp_eng_post_wrapper/u_tr_exp_wrapper/GEN_EXP[0].u_tr_exp/mux_exp_lut[a_idx]_79_37/in_2[4] 	 (fanout : 1)
hpin:soft_dsp_eng_post_wrapper/u_tr_exp_wrapper/GEN_EXP[0].u_tr_exp/mux_exp_lut[a_idx]_79_37/in_2[3] 	 (fanout : 1)
hpin:soft_dsp_eng_post_wrapper/u_tr_exp_wrapper/GEN_EXP[0].u_tr_exp/mux_exp_lut[a_idx]_79_37/in_2[2] 	 (fanout : 1)
hpin:soft_dsp_eng_post_wrapper/u_tr_exp_wrapper/GEN_EXP[0].u_tr_exp/mux_exp_lut[a_idx]_79_37/in_2[1] 	 (fanout : 1)
hpin:soft_dsp_eng_post_wrapper/u_tr_exp_wrapper/GEN_EXP[0].u_tr_exp/mux_exp_lut[a_idx]_79_37/in_2[0] 	 (fanout : 1)
hpin:soft_dsp_eng_post_wrapper/u_tr_exp_wrapper/GEN_EXP[0].u_tr_exp/mux_exp_lut[a_idx]_79_37/in_3[6] 	 (fanout : 1)
hpin:soft_dsp_eng_post_wrapper/u_tr_exp_wrapper/GEN_EXP[0].u_tr_exp/mux_exp_lut[a_idx]_79_37/in_3[5] 	 (fanout : 1)
hpin:soft_dsp_eng_post_wrapper/u_tr_exp_wrapper/GEN_EXP[0].u_tr_exp/mux_exp_lut[a_idx]_79_37/in_3[4] 	 (fanout : 1)
hpin:soft_dsp_eng_post_wrapper/u_tr_exp_wrapper/GEN_EXP[0].u_tr_exp/mux_exp_lut[a_idx]_79_37/in_3[3] 	 (fanout : 1)
hpin:soft_dsp_eng_post_wrapper/u_tr_exp_wrapper/GEN_EXP[0].u_tr_exp/mux_exp_lut[a_idx]_79_37/in_3[2] 	 (fanout : 1)
hpin:soft_dsp_eng_post_wrapper/u_tr_exp_wrapper/GEN_EXP[0].u_tr_exp/mux_exp_lut[a_idx]_79_37/in_3[1] 	 (fanout : 1)
hpin:soft_dsp_eng_post_wrapper/u_tr_exp_wrapper/GEN_EXP[0].u_tr_exp/mux_exp_lut[a_idx]_79_37/in_3[0] 	 (fanout : 1)
hpin:soft_dsp_eng_post_wrapper/u_tr_exp_wrapper/GEN_EXP[0].u_tr_exp/mux_exp_lut[a_idx]_79_37/in_4[6] 	 (fanout : 1)
hpin:soft_dsp_eng_post_wrapper/u_tr_exp_wrapper/GEN_EXP[0].u_tr_exp/mux_exp_lut[a_idx]_79_37/in_4[5] 	 (fanout : 1)
hpin:soft_dsp_eng_post_wrapper/u_tr_exp_wrapper/GEN_EXP[0].u_tr_exp/mux_exp_lut[a_idx]_79_37/in_4[4] 	 (fanout : 1)
hpin:soft_dsp_eng_post_wrapper/u_tr_exp_wrapper/GEN_EXP[0].u_tr_exp/mux_exp_lut[a_idx]_79_37/in_4[3] 	 (fanout : 1)
hpin:soft_dsp_eng_post_wrapper/u_tr_exp_wrapper/GEN_EXP[0].u_tr_exp/mux_exp_lut[a_idx]_79_37/in_4[2] 	 (fanout : 1)
hpin:soft_dsp_eng_post_wrapper/u_tr_exp_wrapper/GEN_EXP[0].u_tr_exp/mux_exp_lut[a_idx]_79_37/in_4[1] 	 (fanout : 1)
hpin:soft_dsp_eng_post_wrapper/u_tr_exp_wrapper/GEN_EXP[0].u_tr_exp/mux_exp_lut[a_idx]_79_37/in_4[0] 	 (fanout : 1)
hpin:soft_dsp_eng_post_wrapper/u_tr_exp_wrapper/GEN_EXP[0].u_tr_exp/mux_exp_lut[a_idx]_79_37/in_5[6] 	 (fanout : 1)
hpin:soft_dsp_eng_post_wrapper/u_tr_exp_wrapper/GEN_EXP[0].u_tr_exp/mux_exp_lut[a_idx]_79_37/in_5[5] 	 (fanout : 1)
hpin:soft_dsp_eng_post_wrapper/u_tr_exp_wrapper/GEN_EXP[0].u_tr_exp/mux_exp_lut[a_idx]_79_37/in_5[4] 	 (fanout : 1)
hpin:soft_dsp_eng_post_wrapper/u_tr_exp_wrapper/GEN_EXP[0].u_tr_exp/mux_exp_lut[a_idx]_79_37/in_5[3] 	 (fanout : 1)
hpin:soft_dsp_eng_post_wrapper/u_tr_exp_wrapper/GEN_EXP[0].u_tr_exp/mux_exp_lut[a_idx]_79_37/in_5[2] 	 (fanout : 1)
hpin:soft_dsp_eng_post_wrapper/u_tr_exp_wrapper/GEN_EXP[0].u_tr_exp/mux_exp_lut[a_idx]_79_37/in_5[1] 	 (fanout : 1)
hpin:soft_dsp_eng_post_wrapper/u_tr_exp_wrapper/GEN_EXP[0].u_tr_exp/mux_exp_lut[a_idx]_79_37/in_5[0] 	 (fanout : 1)
hpin:soft_dsp_eng_post_wrapper/u_tr_exp_wrapper/GEN_EXP[0].u_tr_exp/mux_exp_lut[a_idx]_79_37/in_6[6] 	 (fanout : 1)
hpin:soft_dsp_eng_post_wrapper/u_tr_exp_wrapper/GEN_EXP[0].u_tr_exp/mux_exp_lut[a_idx]_79_37/in_6[5] 	 (fanout : 1)
hpin:soft_dsp_eng_post_wrapper/u_tr_exp_wrapper/GEN_EXP[0].u_tr_exp/mux_exp_lut[a_idx]_79_37/in_6[4] 	 (fanout : 1)
hpin:soft_dsp_eng_post_wrapper/u_tr_exp_wrapper/GEN_EXP[0].u_tr_exp/mux_exp_lut[a_idx]_79_37/in_6[3] 	 (fanout : 1)
hpin:soft_dsp_eng_post_wrapper/u_tr_exp_wrapper/GEN_EXP[0].u_tr_exp/mux_exp_lut[a_idx]_79_37/in_6[2] 	 (fanout : 1)
hpin:soft_dsp_eng_post_wrapper/u_tr_exp_wrapper/GEN_EXP[0].u_tr_exp/mux_exp_lut[a_idx]_79_37/in_6[1] 	 (fanout : 1)
hpin:soft_dsp_eng_post_wrapper/u_tr_exp_wrapper/GEN_EXP[0].u_tr_exp/mux_exp_lut[a_idx]_79_37/in_6[0] 	 (fanout : 1)
hpin:soft_dsp_eng_post_wrapper/u_tr_exp_wrapper/GEN_EXP[0].u_tr_exp/mux_exp_lut[a_idx]_79_37/in_7[6] 	 (fanout : 1)
hpin:soft_dsp_eng_post_wrapper/u_tr_exp_wrapper/GEN_EXP[0].u_tr_exp/mux_exp_lut[a_idx]_79_37/in_7[5] 	 (fanout : 1)
hpin:soft_dsp_eng_post_wrapper/u_tr_exp_wrapper/GEN_EXP[0].u_tr_exp/mux_exp_lut[a_idx]_79_37/in_7[4] 	 (fanout : 1)
hpin:soft_dsp_eng_post_wrapper/u_tr_exp_wrapper/GEN_EXP[0].u_tr_exp/mux_exp_lut[a_idx]_79_37/in_7[3] 	 (fanout : 1)
hpin:soft_dsp_eng_post_wrapper/u_tr_exp_wrapper/GEN_EXP[0].u_tr_exp/mux_exp_lut[a_idx]_79_37/in_7[2] 	 (fanout : 1)
hpin:soft_dsp_eng_post_wrapper/u_tr_exp_wrapper/GEN_EXP[0].u_tr_exp/mux_exp_lut[a_idx]_79_37/in_7[1] 	 (fanout : 1)
hpin:soft_dsp_eng_post_wrapper/u_tr_exp_wrapper/GEN_EXP[0].u_tr_exp/mux_exp_lut[a_idx]_79_37/in_7[0] 	 (fanout : 1)
hpin:soft_dsp_eng_post_wrapper/u_tr_exp_wrapper/GEN_EXP[0].u_tr_exp/mux_79_18/in_0[7] 	 (fanout : 1)
hpin:soft_dsp_eng_post_wrapper/u_tr_exp_wrapper/GEN_EXP[0].u_tr_exp/mux_79_18/in_1[7] 	 (fanout : 1)
hpin:soft_dsp_eng_post_wrapper/u_tr_exp_wrapper/GEN_EXP[0].u_tr_exp/mux_79_18/in_1[6] 	 (fanout : 1)
hpin:soft_dsp_eng_post_wrapper/u_tr_exp_wrapper/GEN_EXP[0].u_tr_exp/mux_79_18/in_1[5] 	 (fanout : 1)
hpin:soft_dsp_eng_post_wrapper/u_tr_exp_wrapper/GEN_EXP[0].u_tr_exp/mux_79_18/in_1[4] 	 (fanout : 1)
hpin:soft_dsp_eng_post_wrapper/u_tr_exp_wrapper/GEN_EXP[0].u_tr_exp/mux_79_18/in_1[3] 	 (fanout : 1)
hpin:soft_dsp_eng_post_wrapper/u_tr_exp_wrapper/GEN_EXP[0].u_tr_exp/mux_79_18/in_1[2] 	 (fanout : 1)
hpin:soft_dsp_eng_post_wrapper/u_tr_exp_wrapper/GEN_EXP[0].u_tr_exp/mux_79_18/in_1[1] 	 (fanout : 1)
hpin:soft_dsp_eng_post_wrapper/u_tr_exp_wrapper/GEN_EXP[0].u_tr_exp/mux_79_18/in_1[0] 	 (fanout : 1)
hpin:soft_dsp_eng_post_wrapper/u_tr_exp_wrapper/mux_39_42/in_0 	 (fanout : 1)
hpin:soft_dsp_eng_post_wrapper/u_tr_exp_wrapper/mux_39_42/in_1 	 (fanout : 1)
hpin:soft_dsp_eng_post_wrapper/u_tr_exp_wrapper/GEN_EXP[1].u_tr_exp/add_98_47/A[5] 	 (fanout : 1)
hpin:soft_dsp_eng_post_wrapper/u_tr_exp_wrapper/GEN_EXP[1].u_tr_exp/mux_exp_lut[a_idx]_79_37/in_0[6] 	 (fanout : 1)
hpin:soft_dsp_eng_post_wrapper/u_tr_exp_wrapper/GEN_EXP[1].u_tr_exp/mux_exp_lut[a_idx]_79_37/in_0[5] 	 (fanout : 1)
hpin:soft_dsp_eng_post_wrapper/u_tr_exp_wrapper/GEN_EXP[1].u_tr_exp/mux_exp_lut[a_idx]_79_37/in_0[4] 	 (fanout : 1)
hpin:soft_dsp_eng_post_wrapper/u_tr_exp_wrapper/GEN_EXP[1].u_tr_exp/mux_exp_lut[a_idx]_79_37/in_0[3] 	 (fanout : 1)
hpin:soft_dsp_eng_post_wrapper/u_tr_exp_wrapper/GEN_EXP[1].u_tr_exp/mux_exp_lut[a_idx]_79_37/in_0[2] 	 (fanout : 1)
hpin:soft_dsp_eng_post_wrapper/u_tr_exp_wrapper/GEN_EXP[1].u_tr_exp/mux_exp_lut[a_idx]_79_37/in_0[1] 	 (fanout : 1)
hpin:soft_dsp_eng_post_wrapper/u_tr_exp_wrapper/GEN_EXP[1].u_tr_exp/mux_exp_lut[a_idx]_79_37/in_0[0] 	 (fanout : 1)
hpin:soft_dsp_eng_post_wrapper/u_tr_exp_wrapper/GEN_EXP[1].u_tr_exp/mux_exp_lut[a_idx]_79_37/in_1[6] 	 (fanout : 1)
hpin:soft_dsp_eng_post_wrapper/u_tr_exp_wrapper/GEN_EXP[1].u_tr_exp/mux_exp_lut[a_idx]_79_37/in_1[5] 	 (fanout : 1)
hpin:soft_dsp_eng_post_wrapper/u_tr_exp_wrapper/GEN_EXP[1].u_tr_exp/mux_exp_lut[a_idx]_79_37/in_1[4] 	 (fanout : 1)
hpin:soft_dsp_eng_post_wrapper/u_tr_exp_wrapper/GEN_EXP[1].u_tr_exp/mux_exp_lut[a_idx]_79_37/in_1[3] 	 (fanout : 1)
hpin:soft_dsp_eng_post_wrapper/u_tr_exp_wrapper/GEN_EXP[1].u_tr_exp/mux_exp_lut[a_idx]_79_37/in_1[2] 	 (fanout : 1)
hpin:soft_dsp_eng_post_wrapper/u_tr_exp_wrapper/GEN_EXP[1].u_tr_exp/mux_exp_lut[a_idx]_79_37/in_1[1] 	 (fanout : 1)
hpin:soft_dsp_eng_post_wrapper/u_tr_exp_wrapper/GEN_EXP[1].u_tr_exp/mux_exp_lut[a_idx]_79_37/in_1[0] 	 (fanout : 1)
hpin:soft_dsp_eng_post_wrapper/u_tr_exp_wrapper/GEN_EXP[1].u_tr_exp/mux_exp_lut[a_idx]_79_37/in_2[6] 	 (fanout : 1)
hpin:soft_dsp_eng_post_wrapper/u_tr_exp_wrapper/GEN_EXP[1].u_tr_exp/mux_exp_lut[a_idx]_79_37/in_2[5] 	 (fanout : 1)
hpin:soft_dsp_eng_post_wrapper/u_tr_exp_wrapper/GEN_EXP[1].u_tr_exp/mux_exp_lut[a_idx]_79_37/in_2[4] 	 (fanout : 1)
hpin:soft_dsp_eng_post_wrapper/u_tr_exp_wrapper/GEN_EXP[1].u_tr_exp/mux_exp_lut[a_idx]_79_37/in_2[3] 	 (fanout : 1)
hpin:soft_dsp_eng_post_wrapper/u_tr_exp_wrapper/GEN_EXP[1].u_tr_exp/mux_exp_lut[a_idx]_79_37/in_2[2] 	 (fanout : 1)
hpin:soft_dsp_eng_post_wrapper/u_tr_exp_wrapper/GEN_EXP[1].u_tr_exp/mux_exp_lut[a_idx]_79_37/in_2[1] 	 (fanout : 1)
hpin:soft_dsp_eng_post_wrapper/u_tr_exp_wrapper/GEN_EXP[1].u_tr_exp/mux_exp_lut[a_idx]_79_37/in_2[0] 	 (fanout : 1)
hpin:soft_dsp_eng_post_wrapper/u_tr_exp_wrapper/GEN_EXP[1].u_tr_exp/mux_exp_lut[a_idx]_79_37/in_3[6] 	 (fanout : 1)
hpin:soft_dsp_eng_post_wrapper/u_tr_exp_wrapper/GEN_EXP[1].u_tr_exp/mux_exp_lut[a_idx]_79_37/in_3[5] 	 (fanout : 1)
hpin:soft_dsp_eng_post_wrapper/u_tr_exp_wrapper/GEN_EXP[1].u_tr_exp/mux_exp_lut[a_idx]_79_37/in_3[4] 	 (fanout : 1)
hpin:soft_dsp_eng_post_wrapper/u_tr_exp_wrapper/GEN_EXP[1].u_tr_exp/mux_exp_lut[a_idx]_79_37/in_3[3] 	 (fanout : 1)
hpin:soft_dsp_eng_post_wrapper/u_tr_exp_wrapper/GEN_EXP[1].u_tr_exp/mux_exp_lut[a_idx]_79_37/in_3[2] 	 (fanout : 1)
hpin:soft_dsp_eng_post_wrapper/u_tr_exp_wrapper/GEN_EXP[1].u_tr_exp/mux_exp_lut[a_idx]_79_37/in_3[1] 	 (fanout : 1)
hpin:soft_dsp_eng_post_wrapper/u_tr_exp_wrapper/GEN_EXP[1].u_tr_exp/mux_exp_lut[a_idx]_79_37/in_3[0] 	 (fanout : 1)
hpin:soft_dsp_eng_post_wrapper/u_tr_exp_wrapper/GEN_EXP[1].u_tr_exp/mux_exp_lut[a_idx]_79_37/in_4[6] 	 (fanout : 1)
hpin:soft_dsp_eng_post_wrapper/u_tr_exp_wrapper/GEN_EXP[1].u_tr_exp/mux_exp_lut[a_idx]_79_37/in_4[5] 	 (fanout : 1)
hpin:soft_dsp_eng_post_wrapper/u_tr_exp_wrapper/GEN_EXP[1].u_tr_exp/mux_exp_lut[a_idx]_79_37/in_4[4] 	 (fanout : 1)
hpin:soft_dsp_eng_post_wrapper/u_tr_exp_wrapper/GEN_EXP[1].u_tr_exp/mux_exp_lut[a_idx]_79_37/in_4[3] 	 (fanout : 1)
hpin:soft_dsp_eng_post_wrapper/u_tr_exp_wrapper/GEN_EXP[1].u_tr_exp/mux_exp_lut[a_idx]_79_37/in_4[2] 	 (fanout : 1)
hpin:soft_dsp_eng_post_wrapper/u_tr_exp_wrapper/GEN_EXP[1].u_tr_exp/mux_exp_lut[a_idx]_79_37/in_4[1] 	 (fanout : 1)
hpin:soft_dsp_eng_post_wrapper/u_tr_exp_wrapper/GEN_EXP[1].u_tr_exp/mux_exp_lut[a_idx]_79_37/in_4[0] 	 (fanout : 1)
hpin:soft_dsp_eng_post_wrapper/u_tr_exp_wrapper/GEN_EXP[1].u_tr_exp/mux_exp_lut[a_idx]_79_37/in_5[6] 	 (fanout : 1)
hpin:soft_dsp_eng_post_wrapper/u_tr_exp_wrapper/GEN_EXP[1].u_tr_exp/mux_exp_lut[a_idx]_79_37/in_5[5] 	 (fanout : 1)
hpin:soft_dsp_eng_post_wrapper/u_tr_exp_wrapper/GEN_EXP[1].u_tr_exp/mux_exp_lut[a_idx]_79_37/in_5[4] 	 (fanout : 1)
hpin:soft_dsp_eng_post_wrapper/u_tr_exp_wrapper/GEN_EXP[1].u_tr_exp/mux_exp_lut[a_idx]_79_37/in_5[3] 	 (fanout : 1)
hpin:soft_dsp_eng_post_wrapper/u_tr_exp_wrapper/GEN_EXP[1].u_tr_exp/mux_exp_lut[a_idx]_79_37/in_5[2] 	 (fanout : 1)
hpin:soft_dsp_eng_post_wrapper/u_tr_exp_wrapper/GEN_EXP[1].u_tr_exp/mux_exp_lut[a_idx]_79_37/in_5[1] 	 (fanout : 1)
hpin:soft_dsp_eng_post_wrapper/u_tr_exp_wrapper/GEN_EXP[1].u_tr_exp/mux_exp_lut[a_idx]_79_37/in_5[0] 	 (fanout : 1)
hpin:soft_dsp_eng_post_wrapper/u_tr_exp_wrapper/GEN_EXP[1].u_tr_exp/mux_exp_lut[a_idx]_79_37/in_6[6] 	 (fanout : 1)
hpin:soft_dsp_eng_post_wrapper/u_tr_exp_wrapper/GEN_EXP[1].u_tr_exp/mux_exp_lut[a_idx]_79_37/in_6[5] 	 (fanout : 1)
hpin:soft_dsp_eng_post_wrapper/u_tr_exp_wrapper/GEN_EXP[1].u_tr_exp/mux_exp_lut[a_idx]_79_37/in_6[4] 	 (fanout : 1)
hpin:soft_dsp_eng_post_wrapper/u_tr_exp_wrapper/GEN_EXP[1].u_tr_exp/mux_exp_lut[a_idx]_79_37/in_6[3] 	 (fanout : 1)
hpin:soft_dsp_eng_post_wrapper/u_tr_exp_wrapper/GEN_EXP[1].u_tr_exp/mux_exp_lut[a_idx]_79_37/in_6[2] 	 (fanout : 1)
hpin:soft_dsp_eng_post_wrapper/u_tr_exp_wrapper/GEN_EXP[1].u_tr_exp/mux_exp_lut[a_idx]_79_37/in_6[1] 	 (fanout : 1)
hpin:soft_dsp_eng_post_wrapper/u_tr_exp_wrapper/GEN_EXP[1].u_tr_exp/mux_exp_lut[a_idx]_79_37/in_6[0] 	 (fanout : 1)
hpin:soft_dsp_eng_post_wrapper/u_tr_exp_wrapper/GEN_EXP[1].u_tr_exp/mux_exp_lut[a_idx]_79_37/in_7[6] 	 (fanout : 1)
hpin:soft_dsp_eng_post_wrapper/u_tr_exp_wrapper/GEN_EXP[1].u_tr_exp/mux_exp_lut[a_idx]_79_37/in_7[5] 	 (fanout : 1)
hpin:soft_dsp_eng_post_wrapper/u_tr_exp_wrapper/GEN_EXP[1].u_tr_exp/mux_exp_lut[a_idx]_79_37/in_7[4] 	 (fanout : 1)
hpin:soft_dsp_eng_post_wrapper/u_tr_exp_wrapper/GEN_EXP[1].u_tr_exp/mux_exp_lut[a_idx]_79_37/in_7[3] 	 (fanout : 1)
hpin:soft_dsp_eng_post_wrapper/u_tr_exp_wrapper/GEN_EXP[1].u_tr_exp/mux_exp_lut[a_idx]_79_37/in_7[2] 	 (fanout : 1)
hpin:soft_dsp_eng_post_wrapper/u_tr_exp_wrapper/GEN_EXP[1].u_tr_exp/mux_exp_lut[a_idx]_79_37/in_7[1] 	 (fanout : 1)
hpin:soft_dsp_eng_post_wrapper/u_tr_exp_wrapper/GEN_EXP[1].u_tr_exp/mux_exp_lut[a_idx]_79_37/in_7[0] 	 (fanout : 1)
hpin:soft_dsp_eng_post_wrapper/u_tr_exp_wrapper/GEN_EXP[1].u_tr_exp/mux_79_18/in_0[7] 	 (fanout : 1)
hpin:soft_dsp_eng_post_wrapper/u_tr_exp_wrapper/GEN_EXP[1].u_tr_exp/mux_79_18/in_1[7] 	 (fanout : 1)
hpin:soft_dsp_eng_post_wrapper/u_tr_exp_wrapper/GEN_EXP[1].u_tr_exp/mux_79_18/in_1[6] 	 (fanout : 1)
hpin:soft_dsp_eng_post_wrapper/u_tr_exp_wrapper/GEN_EXP[1].u_tr_exp/mux_79_18/in_1[5] 	 (fanout : 1)
hpin:soft_dsp_eng_post_wrapper/u_tr_exp_wrapper/GEN_EXP[1].u_tr_exp/mux_79_18/in_1[4] 	 (fanout : 1)
hpin:soft_dsp_eng_post_wrapper/u_tr_exp_wrapper/GEN_EXP[1].u_tr_exp/mux_79_18/in_1[3] 	 (fanout : 1)
hpin:soft_dsp_eng_post_wrapper/u_tr_exp_wrapper/GEN_EXP[1].u_tr_exp/mux_79_18/in_1[2] 	 (fanout : 1)
hpin:soft_dsp_eng_post_wrapper/u_tr_exp_wrapper/GEN_EXP[1].u_tr_exp/mux_79_18/in_1[1] 	 (fanout : 1)
hpin:soft_dsp_eng_post_wrapper/u_tr_exp_wrapper/GEN_EXP[1].u_tr_exp/mux_79_18/in_1[0] 	 (fanout : 1)
hpin:soft_dsp_eng_post_wrapper/u_tr_exp_wrapper/GEN_EXP[1].u_tr_exp/uut/eq_27_44/B 	 (fanout : 1)
hpin:soft_dsp_eng_post_wrapper/u_tr_exp_wrapper/GEN_EXP[1].u_tr_exp/uut/add_24_61/B[1] 	 (fanout : 5)
hpin:soft_dsp_eng_post_wrapper/u_tr_exp_wrapper/GEN_EXP[1].u_tr_exp/uut/add_24_61/B[0] 	 (fanout : 2)
hpin:soft_dsp_eng_post_wrapper/u_tr_exp_wrapper/GEN_EXP[2].u_tr_exp/add_98_47/A[5] 	 (fanout : 1)
hpin:soft_dsp_eng_post_wrapper/u_tr_exp_wrapper/GEN_EXP[2].u_tr_exp/mux_exp_lut[a_idx]_79_37/in_0[6] 	 (fanout : 1)
hpin:soft_dsp_eng_post_wrapper/u_tr_exp_wrapper/GEN_EXP[2].u_tr_exp/mux_exp_lut[a_idx]_79_37/in_0[5] 	 (fanout : 1)
hpin:soft_dsp_eng_post_wrapper/u_tr_exp_wrapper/GEN_EXP[2].u_tr_exp/mux_exp_lut[a_idx]_79_37/in_0[4] 	 (fanout : 1)
hpin:soft_dsp_eng_post_wrapper/u_tr_exp_wrapper/GEN_EXP[2].u_tr_exp/mux_exp_lut[a_idx]_79_37/in_0[3] 	 (fanout : 1)
hpin:soft_dsp_eng_post_wrapper/u_tr_exp_wrapper/GEN_EXP[2].u_tr_exp/mux_exp_lut[a_idx]_79_37/in_0[2] 	 (fanout : 1)
hpin:soft_dsp_eng_post_wrapper/u_tr_exp_wrapper/GEN_EXP[2].u_tr_exp/mux_exp_lut[a_idx]_79_37/in_0[1] 	 (fanout : 1)
hpin:soft_dsp_eng_post_wrapper/u_tr_exp_wrapper/GEN_EXP[2].u_tr_exp/mux_exp_lut[a_idx]_79_37/in_0[0] 	 (fanout : 1)
hpin:soft_dsp_eng_post_wrapper/u_tr_exp_wrapper/GEN_EXP[2].u_tr_exp/mux_exp_lut[a_idx]_79_37/in_1[6] 	 (fanout : 1)
hpin:soft_dsp_eng_post_wrapper/u_tr_exp_wrapper/GEN_EXP[2].u_tr_exp/mux_exp_lut[a_idx]_79_37/in_1[5] 	 (fanout : 1)
hpin:soft_dsp_eng_post_wrapper/u_tr_exp_wrapper/GEN_EXP[2].u_tr_exp/mux_exp_lut[a_idx]_79_37/in_1[4] 	 (fanout : 1)
hpin:soft_dsp_eng_post_wrapper/u_tr_exp_wrapper/GEN_EXP[2].u_tr_exp/mux_exp_lut[a_idx]_79_37/in_1[3] 	 (fanout : 1)
hpin:soft_dsp_eng_post_wrapper/u_tr_exp_wrapper/GEN_EXP[2].u_tr_exp/mux_exp_lut[a_idx]_79_37/in_1[2] 	 (fanout : 1)
hpin:soft_dsp_eng_post_wrapper/u_tr_exp_wrapper/GEN_EXP[2].u_tr_exp/mux_exp_lut[a_idx]_79_37/in_1[1] 	 (fanout : 1)
hpin:soft_dsp_eng_post_wrapper/u_tr_exp_wrapper/GEN_EXP[2].u_tr_exp/mux_exp_lut[a_idx]_79_37/in_1[0] 	 (fanout : 1)
hpin:soft_dsp_eng_post_wrapper/u_tr_exp_wrapper/GEN_EXP[2].u_tr_exp/mux_exp_lut[a_idx]_79_37/in_2[6] 	 (fanout : 1)
hpin:soft_dsp_eng_post_wrapper/u_tr_exp_wrapper/GEN_EXP[2].u_tr_exp/mux_exp_lut[a_idx]_79_37/in_2[5] 	 (fanout : 1)
hpin:soft_dsp_eng_post_wrapper/u_tr_exp_wrapper/GEN_EXP[2].u_tr_exp/mux_exp_lut[a_idx]_79_37/in_2[4] 	 (fanout : 1)
hpin:soft_dsp_eng_post_wrapper/u_tr_exp_wrapper/GEN_EXP[2].u_tr_exp/mux_exp_lut[a_idx]_79_37/in_2[3] 	 (fanout : 1)
hpin:soft_dsp_eng_post_wrapper/u_tr_exp_wrapper/GEN_EXP[2].u_tr_exp/mux_exp_lut[a_idx]_79_37/in_2[2] 	 (fanout : 1)
hpin:soft_dsp_eng_post_wrapper/u_tr_exp_wrapper/GEN_EXP[2].u_tr_exp/mux_exp_lut[a_idx]_79_37/in_2[1] 	 (fanout : 1)
hpin:soft_dsp_eng_post_wrapper/u_tr_exp_wrapper/GEN_EXP[2].u_tr_exp/mux_exp_lut[a_idx]_79_37/in_2[0] 	 (fanout : 1)
hpin:soft_dsp_eng_post_wrapper/u_tr_exp_wrapper/GEN_EXP[2].u_tr_exp/mux_exp_lut[a_idx]_79_37/in_3[6] 	 (fanout : 1)
hpin:soft_dsp_eng_post_wrapper/u_tr_exp_wrapper/GEN_EXP[2].u_tr_exp/mux_exp_lut[a_idx]_79_37/in_3[5] 	 (fanout : 1)
hpin:soft_dsp_eng_post_wrapper/u_tr_exp_wrapper/GEN_EXP[2].u_tr_exp/mux_exp_lut[a_idx]_79_37/in_3[4] 	 (fanout : 1)
hpin:soft_dsp_eng_post_wrapper/u_tr_exp_wrapper/GEN_EXP[2].u_tr_exp/mux_exp_lut[a_idx]_79_37/in_3[3] 	 (fanout : 1)
hpin:soft_dsp_eng_post_wrapper/u_tr_exp_wrapper/GEN_EXP[2].u_tr_exp/mux_exp_lut[a_idx]_79_37/in_3[2] 	 (fanout : 1)
hpin:soft_dsp_eng_post_wrapper/u_tr_exp_wrapper/GEN_EXP[2].u_tr_exp/mux_exp_lut[a_idx]_79_37/in_3[1] 	 (fanout : 1)
hpin:soft_dsp_eng_post_wrapper/u_tr_exp_wrapper/GEN_EXP[2].u_tr_exp/mux_exp_lut[a_idx]_79_37/in_3[0] 	 (fanout : 1)
hpin:soft_dsp_eng_post_wrapper/u_tr_exp_wrapper/GEN_EXP[2].u_tr_exp/mux_exp_lut[a_idx]_79_37/in_4[6] 	 (fanout : 1)
hpin:soft_dsp_eng_post_wrapper/u_tr_exp_wrapper/GEN_EXP[2].u_tr_exp/mux_exp_lut[a_idx]_79_37/in_4[5] 	 (fanout : 1)
hpin:soft_dsp_eng_post_wrapper/u_tr_exp_wrapper/GEN_EXP[2].u_tr_exp/mux_exp_lut[a_idx]_79_37/in_4[4] 	 (fanout : 1)
hpin:soft_dsp_eng_post_wrapper/u_tr_exp_wrapper/GEN_EXP[2].u_tr_exp/mux_exp_lut[a_idx]_79_37/in_4[3] 	 (fanout : 1)
hpin:soft_dsp_eng_post_wrapper/u_tr_exp_wrapper/GEN_EXP[2].u_tr_exp/mux_exp_lut[a_idx]_79_37/in_4[2] 	 (fanout : 1)
hpin:soft_dsp_eng_post_wrapper/u_tr_exp_wrapper/GEN_EXP[2].u_tr_exp/mux_exp_lut[a_idx]_79_37/in_4[1] 	 (fanout : 1)
hpin:soft_dsp_eng_post_wrapper/u_tr_exp_wrapper/GEN_EXP[2].u_tr_exp/mux_exp_lut[a_idx]_79_37/in_4[0] 	 (fanout : 1)
hpin:soft_dsp_eng_post_wrapper/u_tr_exp_wrapper/GEN_EXP[2].u_tr_exp/mux_exp_lut[a_idx]_79_37/in_5[6] 	 (fanout : 1)
hpin:soft_dsp_eng_post_wrapper/u_tr_exp_wrapper/GEN_EXP[2].u_tr_exp/mux_exp_lut[a_idx]_79_37/in_5[5] 	 (fanout : 1)
hpin:soft_dsp_eng_post_wrapper/u_tr_exp_wrapper/GEN_EXP[2].u_tr_exp/mux_exp_lut[a_idx]_79_37/in_5[4] 	 (fanout : 1)
hpin:soft_dsp_eng_post_wrapper/u_tr_exp_wrapper/GEN_EXP[2].u_tr_exp/mux_exp_lut[a_idx]_79_37/in_5[3] 	 (fanout : 1)
hpin:soft_dsp_eng_post_wrapper/u_tr_exp_wrapper/GEN_EXP[2].u_tr_exp/mux_exp_lut[a_idx]_79_37/in_5[2] 	 (fanout : 1)
hpin:soft_dsp_eng_post_wrapper/u_tr_exp_wrapper/GEN_EXP[2].u_tr_exp/mux_exp_lut[a_idx]_79_37/in_5[1] 	 (fanout : 1)
hpin:soft_dsp_eng_post_wrapper/u_tr_exp_wrapper/GEN_EXP[2].u_tr_exp/mux_exp_lut[a_idx]_79_37/in_5[0] 	 (fanout : 1)
hpin:soft_dsp_eng_post_wrapper/u_tr_exp_wrapper/GEN_EXP[2].u_tr_exp/mux_exp_lut[a_idx]_79_37/in_6[6] 	 (fanout : 1)
hpin:soft_dsp_eng_post_wrapper/u_tr_exp_wrapper/GEN_EXP[2].u_tr_exp/mux_exp_lut[a_idx]_79_37/in_6[5] 	 (fanout : 1)
hpin:soft_dsp_eng_post_wrapper/u_tr_exp_wrapper/GEN_EXP[2].u_tr_exp/mux_exp_lut[a_idx]_79_37/in_6[4] 	 (fanout : 1)
hpin:soft_dsp_eng_post_wrapper/u_tr_exp_wrapper/GEN_EXP[2].u_tr_exp/mux_exp_lut[a_idx]_79_37/in_6[3] 	 (fanout : 1)
hpin:soft_dsp_eng_post_wrapper/u_tr_exp_wrapper/GEN_EXP[2].u_tr_exp/mux_exp_lut[a_idx]_79_37/in_6[2] 	 (fanout : 1)
hpin:soft_dsp_eng_post_wrapper/u_tr_exp_wrapper/GEN_EXP[2].u_tr_exp/mux_exp_lut[a_idx]_79_37/in_6[1] 	 (fanout : 1)
hpin:soft_dsp_eng_post_wrapper/u_tr_exp_wrapper/GEN_EXP[2].u_tr_exp/mux_exp_lut[a_idx]_79_37/in_6[0] 	 (fanout : 1)
hpin:soft_dsp_eng_post_wrapper/u_tr_exp_wrapper/GEN_EXP[2].u_tr_exp/mux_exp_lut[a_idx]_79_37/in_7[6] 	 (fanout : 1)
hpin:soft_dsp_eng_post_wrapper/u_tr_exp_wrapper/GEN_EXP[2].u_tr_exp/mux_exp_lut[a_idx]_79_37/in_7[5] 	 (fanout : 1)
hpin:soft_dsp_eng_post_wrapper/u_tr_exp_wrapper/GEN_EXP[2].u_tr_exp/mux_exp_lut[a_idx]_79_37/in_7[4] 	 (fanout : 1)
hpin:soft_dsp_eng_post_wrapper/u_tr_exp_wrapper/GEN_EXP[2].u_tr_exp/mux_exp_lut[a_idx]_79_37/in_7[3] 	 (fanout : 1)
hpin:soft_dsp_eng_post_wrapper/u_tr_exp_wrapper/GEN_EXP[2].u_tr_exp/mux_exp_lut[a_idx]_79_37/in_7[2] 	 (fanout : 1)
hpin:soft_dsp_eng_post_wrapper/u_tr_exp_wrapper/GEN_EXP[2].u_tr_exp/mux_exp_lut[a_idx]_79_37/in_7[1] 	 (fanout : 1)
hpin:soft_dsp_eng_post_wrapper/u_tr_exp_wrapper/GEN_EXP[2].u_tr_exp/mux_exp_lut[a_idx]_79_37/in_7[0] 	 (fanout : 1)
hpin:soft_dsp_eng_post_wrapper/u_tr_exp_wrapper/GEN_EXP[2].u_tr_exp/mux_79_18/in_0[7] 	 (fanout : 1)
hpin:soft_dsp_eng_post_wrapper/u_tr_exp_wrapper/GEN_EXP[2].u_tr_exp/mux_79_18/in_1[7] 	 (fanout : 1)
hpin:soft_dsp_eng_post_wrapper/u_tr_exp_wrapper/GEN_EXP[2].u_tr_exp/mux_79_18/in_1[6] 	 (fanout : 1)
hpin:soft_dsp_eng_post_wrapper/u_tr_exp_wrapper/GEN_EXP[2].u_tr_exp/mux_79_18/in_1[5] 	 (fanout : 1)
hpin:soft_dsp_eng_post_wrapper/u_tr_exp_wrapper/GEN_EXP[2].u_tr_exp/mux_79_18/in_1[4] 	 (fanout : 1)
hpin:soft_dsp_eng_post_wrapper/u_tr_exp_wrapper/GEN_EXP[2].u_tr_exp/mux_79_18/in_1[3] 	 (fanout : 1)
hpin:soft_dsp_eng_post_wrapper/u_tr_exp_wrapper/GEN_EXP[2].u_tr_exp/mux_79_18/in_1[2] 	 (fanout : 1)
hpin:soft_dsp_eng_post_wrapper/u_tr_exp_wrapper/GEN_EXP[2].u_tr_exp/mux_79_18/in_1[1] 	 (fanout : 1)
hpin:soft_dsp_eng_post_wrapper/u_tr_exp_wrapper/GEN_EXP[2].u_tr_exp/mux_79_18/in_1[0] 	 (fanout : 1)
hpin:soft_dsp_eng_post_wrapper/u_tr_exp_wrapper/GEN_EXP[2].u_tr_exp/uut/eq_27_44/B 	 (fanout : 1)
hpin:soft_dsp_eng_post_wrapper/u_tr_exp_wrapper/GEN_EXP[2].u_tr_exp/uut/add_24_61/B[1] 	 (fanout : 5)
hpin:soft_dsp_eng_post_wrapper/u_tr_exp_wrapper/GEN_EXP[2].u_tr_exp/uut/add_24_61/B[0] 	 (fanout : 2)
hpin:soft_dsp_eng_post_wrapper/u_tr_exp_wrapper/GEN_EXP[3].u_tr_exp/add_98_47/A[5] 	 (fanout : 1)
hpin:soft_dsp_eng_post_wrapper/u_tr_exp_wrapper/GEN_EXP[3].u_tr_exp/mux_exp_lut[a_idx]_79_37/in_0[6] 	 (fanout : 1)
hpin:soft_dsp_eng_post_wrapper/u_tr_exp_wrapper/GEN_EXP[3].u_tr_exp/mux_exp_lut[a_idx]_79_37/in_0[5] 	 (fanout : 1)
hpin:soft_dsp_eng_post_wrapper/u_tr_exp_wrapper/GEN_EXP[3].u_tr_exp/mux_exp_lut[a_idx]_79_37/in_0[4] 	 (fanout : 1)
hpin:soft_dsp_eng_post_wrapper/u_tr_exp_wrapper/GEN_EXP[3].u_tr_exp/mux_exp_lut[a_idx]_79_37/in_0[3] 	 (fanout : 1)
hpin:soft_dsp_eng_post_wrapper/u_tr_exp_wrapper/GEN_EXP[3].u_tr_exp/mux_exp_lut[a_idx]_79_37/in_0[2] 	 (fanout : 1)
hpin:soft_dsp_eng_post_wrapper/u_tr_exp_wrapper/GEN_EXP[3].u_tr_exp/mux_exp_lut[a_idx]_79_37/in_0[1] 	 (fanout : 1)
hpin:soft_dsp_eng_post_wrapper/u_tr_exp_wrapper/GEN_EXP[3].u_tr_exp/mux_exp_lut[a_idx]_79_37/in_0[0] 	 (fanout : 1)
hpin:soft_dsp_eng_post_wrapper/u_tr_exp_wrapper/GEN_EXP[3].u_tr_exp/mux_exp_lut[a_idx]_79_37/in_1[6] 	 (fanout : 1)
hpin:soft_dsp_eng_post_wrapper/u_tr_exp_wrapper/GEN_EXP[3].u_tr_exp/mux_exp_lut[a_idx]_79_37/in_1[5] 	 (fanout : 1)
hpin:soft_dsp_eng_post_wrapper/u_tr_exp_wrapper/GEN_EXP[3].u_tr_exp/mux_exp_lut[a_idx]_79_37/in_1[4] 	 (fanout : 1)
hpin:soft_dsp_eng_post_wrapper/u_tr_exp_wrapper/GEN_EXP[3].u_tr_exp/mux_exp_lut[a_idx]_79_37/in_1[3] 	 (fanout : 1)
hpin:soft_dsp_eng_post_wrapper/u_tr_exp_wrapper/GEN_EXP[3].u_tr_exp/mux_exp_lut[a_idx]_79_37/in_1[2] 	 (fanout : 1)
hpin:soft_dsp_eng_post_wrapper/u_tr_exp_wrapper/GEN_EXP[3].u_tr_exp/mux_exp_lut[a_idx]_79_37/in_1[1] 	 (fanout : 1)
hpin:soft_dsp_eng_post_wrapper/u_tr_exp_wrapper/GEN_EXP[3].u_tr_exp/mux_exp_lut[a_idx]_79_37/in_1[0] 	 (fanout : 1)
hpin:soft_dsp_eng_post_wrapper/u_tr_exp_wrapper/GEN_EXP[3].u_tr_exp/mux_exp_lut[a_idx]_79_37/in_2[6] 	 (fanout : 1)
hpin:soft_dsp_eng_post_wrapper/u_tr_exp_wrapper/GEN_EXP[3].u_tr_exp/mux_exp_lut[a_idx]_79_37/in_2[5] 	 (fanout : 1)
hpin:soft_dsp_eng_post_wrapper/u_tr_exp_wrapper/GEN_EXP[3].u_tr_exp/mux_exp_lut[a_idx]_79_37/in_2[4] 	 (fanout : 1)
hpin:soft_dsp_eng_post_wrapper/u_tr_exp_wrapper/GEN_EXP[3].u_tr_exp/mux_exp_lut[a_idx]_79_37/in_2[3] 	 (fanout : 1)
hpin:soft_dsp_eng_post_wrapper/u_tr_exp_wrapper/GEN_EXP[3].u_tr_exp/mux_exp_lut[a_idx]_79_37/in_2[2] 	 (fanout : 1)
hpin:soft_dsp_eng_post_wrapper/u_tr_exp_wrapper/GEN_EXP[3].u_tr_exp/mux_exp_lut[a_idx]_79_37/in_2[1] 	 (fanout : 1)
hpin:soft_dsp_eng_post_wrapper/u_tr_exp_wrapper/GEN_EXP[3].u_tr_exp/mux_exp_lut[a_idx]_79_37/in_2[0] 	 (fanout : 1)
hpin:soft_dsp_eng_post_wrapper/u_tr_exp_wrapper/GEN_EXP[3].u_tr_exp/mux_exp_lut[a_idx]_79_37/in_3[6] 	 (fanout : 1)
hpin:soft_dsp_eng_post_wrapper/u_tr_exp_wrapper/GEN_EXP[3].u_tr_exp/mux_exp_lut[a_idx]_79_37/in_3[5] 	 (fanout : 1)
hpin:soft_dsp_eng_post_wrapper/u_tr_exp_wrapper/GEN_EXP[3].u_tr_exp/mux_exp_lut[a_idx]_79_37/in_3[4] 	 (fanout : 1)
hpin:soft_dsp_eng_post_wrapper/u_tr_exp_wrapper/GEN_EXP[3].u_tr_exp/mux_exp_lut[a_idx]_79_37/in_3[3] 	 (fanout : 1)
hpin:soft_dsp_eng_post_wrapper/u_tr_exp_wrapper/GEN_EXP[3].u_tr_exp/mux_exp_lut[a_idx]_79_37/in_3[2] 	 (fanout : 1)
hpin:soft_dsp_eng_post_wrapper/u_tr_exp_wrapper/GEN_EXP[3].u_tr_exp/mux_exp_lut[a_idx]_79_37/in_3[1] 	 (fanout : 1)
hpin:soft_dsp_eng_post_wrapper/u_tr_exp_wrapper/GEN_EXP[3].u_tr_exp/mux_exp_lut[a_idx]_79_37/in_3[0] 	 (fanout : 1)
hpin:soft_dsp_eng_post_wrapper/u_tr_exp_wrapper/GEN_EXP[3].u_tr_exp/mux_exp_lut[a_idx]_79_37/in_4[6] 	 (fanout : 1)
hpin:soft_dsp_eng_post_wrapper/u_tr_exp_wrapper/GEN_EXP[3].u_tr_exp/mux_exp_lut[a_idx]_79_37/in_4[5] 	 (fanout : 1)
hpin:soft_dsp_eng_post_wrapper/u_tr_exp_wrapper/GEN_EXP[3].u_tr_exp/mux_exp_lut[a_idx]_79_37/in_4[4] 	 (fanout : 1)
hpin:soft_dsp_eng_post_wrapper/u_tr_exp_wrapper/GEN_EXP[3].u_tr_exp/mux_exp_lut[a_idx]_79_37/in_4[3] 	 (fanout : 1)
hpin:soft_dsp_eng_post_wrapper/u_tr_exp_wrapper/GEN_EXP[3].u_tr_exp/mux_exp_lut[a_idx]_79_37/in_4[2] 	 (fanout : 1)
hpin:soft_dsp_eng_post_wrapper/u_tr_exp_wrapper/GEN_EXP[3].u_tr_exp/mux_exp_lut[a_idx]_79_37/in_4[1] 	 (fanout : 1)
hpin:soft_dsp_eng_post_wrapper/u_tr_exp_wrapper/GEN_EXP[3].u_tr_exp/mux_exp_lut[a_idx]_79_37/in_4[0] 	 (fanout : 1)
hpin:soft_dsp_eng_post_wrapper/u_tr_exp_wrapper/GEN_EXP[3].u_tr_exp/mux_exp_lut[a_idx]_79_37/in_5[6] 	 (fanout : 1)
hpin:soft_dsp_eng_post_wrapper/u_tr_exp_wrapper/GEN_EXP[3].u_tr_exp/mux_exp_lut[a_idx]_79_37/in_5[5] 	 (fanout : 1)
hpin:soft_dsp_eng_post_wrapper/u_tr_exp_wrapper/GEN_EXP[3].u_tr_exp/mux_exp_lut[a_idx]_79_37/in_5[4] 	 (fanout : 1)
hpin:soft_dsp_eng_post_wrapper/u_tr_exp_wrapper/GEN_EXP[3].u_tr_exp/mux_exp_lut[a_idx]_79_37/in_5[3] 	 (fanout : 1)
hpin:soft_dsp_eng_post_wrapper/u_tr_exp_wrapper/GEN_EXP[3].u_tr_exp/mux_exp_lut[a_idx]_79_37/in_5[2] 	 (fanout : 1)
hpin:soft_dsp_eng_post_wrapper/u_tr_exp_wrapper/GEN_EXP[3].u_tr_exp/mux_exp_lut[a_idx]_79_37/in_5[1] 	 (fanout : 1)
hpin:soft_dsp_eng_post_wrapper/u_tr_exp_wrapper/GEN_EXP[3].u_tr_exp/mux_exp_lut[a_idx]_79_37/in_5[0] 	 (fanout : 1)
hpin:soft_dsp_eng_post_wrapper/u_tr_exp_wrapper/GEN_EXP[3].u_tr_exp/mux_exp_lut[a_idx]_79_37/in_6[6] 	 (fanout : 1)
hpin:soft_dsp_eng_post_wrapper/u_tr_exp_wrapper/GEN_EXP[3].u_tr_exp/mux_exp_lut[a_idx]_79_37/in_6[5] 	 (fanout : 1)
hpin:soft_dsp_eng_post_wrapper/u_tr_exp_wrapper/GEN_EXP[3].u_tr_exp/mux_exp_lut[a_idx]_79_37/in_6[4] 	 (fanout : 1)
hpin:soft_dsp_eng_post_wrapper/u_tr_exp_wrapper/GEN_EXP[3].u_tr_exp/mux_exp_lut[a_idx]_79_37/in_6[3] 	 (fanout : 1)
hpin:soft_dsp_eng_post_wrapper/u_tr_exp_wrapper/GEN_EXP[3].u_tr_exp/mux_exp_lut[a_idx]_79_37/in_6[2] 	 (fanout : 1)
hpin:soft_dsp_eng_post_wrapper/u_tr_exp_wrapper/GEN_EXP[3].u_tr_exp/mux_exp_lut[a_idx]_79_37/in_6[1] 	 (fanout : 1)
hpin:soft_dsp_eng_post_wrapper/u_tr_exp_wrapper/GEN_EXP[3].u_tr_exp/mux_exp_lut[a_idx]_79_37/in_6[0] 	 (fanout : 1)
hpin:soft_dsp_eng_post_wrapper/u_tr_exp_wrapper/GEN_EXP[3].u_tr_exp/mux_exp_lut[a_idx]_79_37/in_7[6] 	 (fanout : 1)
hpin:soft_dsp_eng_post_wrapper/u_tr_exp_wrapper/GEN_EXP[3].u_tr_exp/mux_exp_lut[a_idx]_79_37/in_7[5] 	 (fanout : 1)
hpin:soft_dsp_eng_post_wrapper/u_tr_exp_wrapper/GEN_EXP[3].u_tr_exp/mux_exp_lut[a_idx]_79_37/in_7[4] 	 (fanout : 1)
hpin:soft_dsp_eng_post_wrapper/u_tr_exp_wrapper/GEN_EXP[3].u_tr_exp/mux_exp_lut[a_idx]_79_37/in_7[3] 	 (fanout : 1)
hpin:soft_dsp_eng_post_wrapper/u_tr_exp_wrapper/GEN_EXP[3].u_tr_exp/mux_exp_lut[a_idx]_79_37/in_7[2] 	 (fanout : 1)
hpin:soft_dsp_eng_post_wrapper/u_tr_exp_wrapper/GEN_EXP[3].u_tr_exp/mux_exp_lut[a_idx]_79_37/in_7[1] 	 (fanout : 1)
hpin:soft_dsp_eng_post_wrapper/u_tr_exp_wrapper/GEN_EXP[3].u_tr_exp/mux_exp_lut[a_idx]_79_37/in_7[0] 	 (fanout : 1)
hpin:soft_dsp_eng_post_wrapper/u_tr_exp_wrapper/GEN_EXP[3].u_tr_exp/mux_79_18/in_0[7] 	 (fanout : 1)
hpin:soft_dsp_eng_post_wrapper/u_tr_exp_wrapper/GEN_EXP[3].u_tr_exp/mux_79_18/in_1[7] 	 (fanout : 1)
hpin:soft_dsp_eng_post_wrapper/u_tr_exp_wrapper/GEN_EXP[3].u_tr_exp/mux_79_18/in_1[6] 	 (fanout : 1)
hpin:soft_dsp_eng_post_wrapper/u_tr_exp_wrapper/GEN_EXP[3].u_tr_exp/mux_79_18/in_1[5] 	 (fanout : 1)
hpin:soft_dsp_eng_post_wrapper/u_tr_exp_wrapper/GEN_EXP[3].u_tr_exp/mux_79_18/in_1[4] 	 (fanout : 1)
hpin:soft_dsp_eng_post_wrapper/u_tr_exp_wrapper/GEN_EXP[3].u_tr_exp/mux_79_18/in_1[3] 	 (fanout : 1)
hpin:soft_dsp_eng_post_wrapper/u_tr_exp_wrapper/GEN_EXP[3].u_tr_exp/mux_79_18/in_1[2] 	 (fanout : 1)
hpin:soft_dsp_eng_post_wrapper/u_tr_exp_wrapper/GEN_EXP[3].u_tr_exp/mux_79_18/in_1[1] 	 (fanout : 1)
hpin:soft_dsp_eng_post_wrapper/u_tr_exp_wrapper/GEN_EXP[3].u_tr_exp/mux_79_18/in_1[0] 	 (fanout : 1)
hpin:soft_dsp_eng_post_wrapper/u_tr_exp_wrapper/GEN_EXP[3].u_tr_exp/uut/eq_27_44/B 	 (fanout : 1)
hpin:soft_dsp_eng_post_wrapper/u_tr_exp_wrapper/GEN_EXP[3].u_tr_exp/uut/add_24_61/B[1] 	 (fanout : 5)
hpin:soft_dsp_eng_post_wrapper/u_tr_exp_wrapper/GEN_EXP[3].u_tr_exp/uut/add_24_61/B[0] 	 (fanout : 2)
hpin:soft_dsp_eng_post_wrapper/u_tr_exp_wrapper/GEN_EXP[4].u_tr_exp/add_98_47/A[5] 	 (fanout : 1)
hpin:soft_dsp_eng_post_wrapper/u_tr_exp_wrapper/GEN_EXP[4].u_tr_exp/mux_exp_lut[a_idx]_79_37/in_0[6] 	 (fanout : 1)
hpin:soft_dsp_eng_post_wrapper/u_tr_exp_wrapper/GEN_EXP[4].u_tr_exp/mux_exp_lut[a_idx]_79_37/in_0[5] 	 (fanout : 1)
hpin:soft_dsp_eng_post_wrapper/u_tr_exp_wrapper/GEN_EXP[4].u_tr_exp/mux_exp_lut[a_idx]_79_37/in_0[4] 	 (fanout : 1)
hpin:soft_dsp_eng_post_wrapper/u_tr_exp_wrapper/GEN_EXP[4].u_tr_exp/mux_exp_lut[a_idx]_79_37/in_0[3] 	 (fanout : 1)
hpin:soft_dsp_eng_post_wrapper/u_tr_exp_wrapper/GEN_EXP[4].u_tr_exp/mux_exp_lut[a_idx]_79_37/in_0[2] 	 (fanout : 1)
hpin:soft_dsp_eng_post_wrapper/u_tr_exp_wrapper/GEN_EXP[4].u_tr_exp/mux_exp_lut[a_idx]_79_37/in_0[1] 	 (fanout : 1)
hpin:soft_dsp_eng_post_wrapper/u_tr_exp_wrapper/GEN_EXP[4].u_tr_exp/mux_exp_lut[a_idx]_79_37/in_0[0] 	 (fanout : 1)
hpin:soft_dsp_eng_post_wrapper/u_tr_exp_wrapper/GEN_EXP[4].u_tr_exp/mux_exp_lut[a_idx]_79_37/in_1[6] 	 (fanout : 1)
hpin:soft_dsp_eng_post_wrapper/u_tr_exp_wrapper/GEN_EXP[4].u_tr_exp/mux_exp_lut[a_idx]_79_37/in_1[5] 	 (fanout : 1)
hpin:soft_dsp_eng_post_wrapper/u_tr_exp_wrapper/GEN_EXP[4].u_tr_exp/mux_exp_lut[a_idx]_79_37/in_1[4] 	 (fanout : 1)
hpin:soft_dsp_eng_post_wrapper/u_tr_exp_wrapper/GEN_EXP[4].u_tr_exp/mux_exp_lut[a_idx]_79_37/in_1[3] 	 (fanout : 1)
hpin:soft_dsp_eng_post_wrapper/u_tr_exp_wrapper/GEN_EXP[4].u_tr_exp/mux_exp_lut[a_idx]_79_37/in_1[2] 	 (fanout : 1)
hpin:soft_dsp_eng_post_wrapper/u_tr_exp_wrapper/GEN_EXP[4].u_tr_exp/mux_exp_lut[a_idx]_79_37/in_1[1] 	 (fanout : 1)
hpin:soft_dsp_eng_post_wrapper/u_tr_exp_wrapper/GEN_EXP[4].u_tr_exp/mux_exp_lut[a_idx]_79_37/in_1[0] 	 (fanout : 1)
hpin:soft_dsp_eng_post_wrapper/u_tr_exp_wrapper/GEN_EXP[4].u_tr_exp/mux_exp_lut[a_idx]_79_37/in_2[6] 	 (fanout : 1)
hpin:soft_dsp_eng_post_wrapper/u_tr_exp_wrapper/GEN_EXP[4].u_tr_exp/mux_exp_lut[a_idx]_79_37/in_2[5] 	 (fanout : 1)
hpin:soft_dsp_eng_post_wrapper/u_tr_exp_wrapper/GEN_EXP[4].u_tr_exp/mux_exp_lut[a_idx]_79_37/in_2[4] 	 (fanout : 1)
hpin:soft_dsp_eng_post_wrapper/u_tr_exp_wrapper/GEN_EXP[4].u_tr_exp/mux_exp_lut[a_idx]_79_37/in_2[3] 	 (fanout : 1)
hpin:soft_dsp_eng_post_wrapper/u_tr_exp_wrapper/GEN_EXP[4].u_tr_exp/mux_exp_lut[a_idx]_79_37/in_2[2] 	 (fanout : 1)
hpin:soft_dsp_eng_post_wrapper/u_tr_exp_wrapper/GEN_EXP[4].u_tr_exp/mux_exp_lut[a_idx]_79_37/in_2[1] 	 (fanout : 1)
hpin:soft_dsp_eng_post_wrapper/u_tr_exp_wrapper/GEN_EXP[4].u_tr_exp/mux_exp_lut[a_idx]_79_37/in_2[0] 	 (fanout : 1)
hpin:soft_dsp_eng_post_wrapper/u_tr_exp_wrapper/GEN_EXP[4].u_tr_exp/mux_exp_lut[a_idx]_79_37/in_3[6] 	 (fanout : 1)
hpin:soft_dsp_eng_post_wrapper/u_tr_exp_wrapper/GEN_EXP[4].u_tr_exp/mux_exp_lut[a_idx]_79_37/in_3[5] 	 (fanout : 1)
hpin:soft_dsp_eng_post_wrapper/u_tr_exp_wrapper/GEN_EXP[4].u_tr_exp/mux_exp_lut[a_idx]_79_37/in_3[4] 	 (fanout : 1)
hpin:soft_dsp_eng_post_wrapper/u_tr_exp_wrapper/GEN_EXP[4].u_tr_exp/mux_exp_lut[a_idx]_79_37/in_3[3] 	 (fanout : 1)
hpin:soft_dsp_eng_post_wrapper/u_tr_exp_wrapper/GEN_EXP[4].u_tr_exp/mux_exp_lut[a_idx]_79_37/in_3[2] 	 (fanout : 1)
hpin:soft_dsp_eng_post_wrapper/u_tr_exp_wrapper/GEN_EXP[4].u_tr_exp/mux_exp_lut[a_idx]_79_37/in_3[1] 	 (fanout : 1)
hpin:soft_dsp_eng_post_wrapper/u_tr_exp_wrapper/GEN_EXP[4].u_tr_exp/mux_exp_lut[a_idx]_79_37/in_3[0] 	 (fanout : 1)
hpin:soft_dsp_eng_post_wrapper/u_tr_exp_wrapper/GEN_EXP[4].u_tr_exp/mux_exp_lut[a_idx]_79_37/in_4[6] 	 (fanout : 1)
hpin:soft_dsp_eng_post_wrapper/u_tr_exp_wrapper/GEN_EXP[4].u_tr_exp/mux_exp_lut[a_idx]_79_37/in_4[5] 	 (fanout : 1)
hpin:soft_dsp_eng_post_wrapper/u_tr_exp_wrapper/GEN_EXP[4].u_tr_exp/mux_exp_lut[a_idx]_79_37/in_4[4] 	 (fanout : 1)
hpin:soft_dsp_eng_post_wrapper/u_tr_exp_wrapper/GEN_EXP[4].u_tr_exp/mux_exp_lut[a_idx]_79_37/in_4[3] 	 (fanout : 1)
hpin:soft_dsp_eng_post_wrapper/u_tr_exp_wrapper/GEN_EXP[4].u_tr_exp/mux_exp_lut[a_idx]_79_37/in_4[2] 	 (fanout : 1)
hpin:soft_dsp_eng_post_wrapper/u_tr_exp_wrapper/GEN_EXP[4].u_tr_exp/mux_exp_lut[a_idx]_79_37/in_4[1] 	 (fanout : 1)
hpin:soft_dsp_eng_post_wrapper/u_tr_exp_wrapper/GEN_EXP[4].u_tr_exp/mux_exp_lut[a_idx]_79_37/in_4[0] 	 (fanout : 1)
hpin:soft_dsp_eng_post_wrapper/u_tr_exp_wrapper/GEN_EXP[4].u_tr_exp/mux_exp_lut[a_idx]_79_37/in_5[6] 	 (fanout : 1)
hpin:soft_dsp_eng_post_wrapper/u_tr_exp_wrapper/GEN_EXP[4].u_tr_exp/mux_exp_lut[a_idx]_79_37/in_5[5] 	 (fanout : 1)
hpin:soft_dsp_eng_post_wrapper/u_tr_exp_wrapper/GEN_EXP[4].u_tr_exp/mux_exp_lut[a_idx]_79_37/in_5[4] 	 (fanout : 1)
hpin:soft_dsp_eng_post_wrapper/u_tr_exp_wrapper/GEN_EXP[4].u_tr_exp/mux_exp_lut[a_idx]_79_37/in_5[3] 	 (fanout : 1)
hpin:soft_dsp_eng_post_wrapper/u_tr_exp_wrapper/GEN_EXP[4].u_tr_exp/mux_exp_lut[a_idx]_79_37/in_5[2] 	 (fanout : 1)
hpin:soft_dsp_eng_post_wrapper/u_tr_exp_wrapper/GEN_EXP[4].u_tr_exp/mux_exp_lut[a_idx]_79_37/in_5[1] 	 (fanout : 1)
hpin:soft_dsp_eng_post_wrapper/u_tr_exp_wrapper/GEN_EXP[4].u_tr_exp/mux_exp_lut[a_idx]_79_37/in_5[0] 	 (fanout : 1)
hpin:soft_dsp_eng_post_wrapper/u_tr_exp_wrapper/GEN_EXP[4].u_tr_exp/mux_exp_lut[a_idx]_79_37/in_6[6] 	 (fanout : 1)
hpin:soft_dsp_eng_post_wrapper/u_tr_exp_wrapper/GEN_EXP[4].u_tr_exp/mux_exp_lut[a_idx]_79_37/in_6[5] 	 (fanout : 1)
hpin:soft_dsp_eng_post_wrapper/u_tr_exp_wrapper/GEN_EXP[4].u_tr_exp/mux_exp_lut[a_idx]_79_37/in_6[4] 	 (fanout : 1)
hpin:soft_dsp_eng_post_wrapper/u_tr_exp_wrapper/GEN_EXP[4].u_tr_exp/mux_exp_lut[a_idx]_79_37/in_6[3] 	 (fanout : 1)
hpin:soft_dsp_eng_post_wrapper/u_tr_exp_wrapper/GEN_EXP[4].u_tr_exp/mux_exp_lut[a_idx]_79_37/in_6[2] 	 (fanout : 1)
hpin:soft_dsp_eng_post_wrapper/u_tr_exp_wrapper/GEN_EXP[4].u_tr_exp/mux_exp_lut[a_idx]_79_37/in_6[1] 	 (fanout : 1)
hpin:soft_dsp_eng_post_wrapper/u_tr_exp_wrapper/GEN_EXP[4].u_tr_exp/mux_exp_lut[a_idx]_79_37/in_6[0] 	 (fanout : 1)
hpin:soft_dsp_eng_post_wrapper/u_tr_exp_wrapper/GEN_EXP[4].u_tr_exp/mux_exp_lut[a_idx]_79_37/in_7[6] 	 (fanout : 1)
hpin:soft_dsp_eng_post_wrapper/u_tr_exp_wrapper/GEN_EXP[4].u_tr_exp/mux_exp_lut[a_idx]_79_37/in_7[5] 	 (fanout : 1)
hpin:soft_dsp_eng_post_wrapper/u_tr_exp_wrapper/GEN_EXP[4].u_tr_exp/mux_exp_lut[a_idx]_79_37/in_7[4] 	 (fanout : 1)
hpin:soft_dsp_eng_post_wrapper/u_tr_exp_wrapper/GEN_EXP[4].u_tr_exp/mux_exp_lut[a_idx]_79_37/in_7[3] 	 (fanout : 1)
hpin:soft_dsp_eng_post_wrapper/u_tr_exp_wrapper/GEN_EXP[4].u_tr_exp/mux_exp_lut[a_idx]_79_37/in_7[2] 	 (fanout : 1)
hpin:soft_dsp_eng_post_wrapper/u_tr_exp_wrapper/GEN_EXP[4].u_tr_exp/mux_exp_lut[a_idx]_79_37/in_7[1] 	 (fanout : 1)
hpin:soft_dsp_eng_post_wrapper/u_tr_exp_wrapper/GEN_EXP[4].u_tr_exp/mux_exp_lut[a_idx]_79_37/in_7[0] 	 (fanout : 1)
hpin:soft_dsp_eng_post_wrapper/u_tr_exp_wrapper/GEN_EXP[4].u_tr_exp/mux_79_18/in_0[7] 	 (fanout : 1)
hpin:soft_dsp_eng_post_wrapper/u_tr_exp_wrapper/GEN_EXP[4].u_tr_exp/mux_79_18/in_1[7] 	 (fanout : 1)
hpin:soft_dsp_eng_post_wrapper/u_tr_exp_wrapper/GEN_EXP[4].u_tr_exp/mux_79_18/in_1[6] 	 (fanout : 1)
hpin:soft_dsp_eng_post_wrapper/u_tr_exp_wrapper/GEN_EXP[4].u_tr_exp/mux_79_18/in_1[5] 	 (fanout : 1)
hpin:soft_dsp_eng_post_wrapper/u_tr_exp_wrapper/GEN_EXP[4].u_tr_exp/mux_79_18/in_1[4] 	 (fanout : 1)
hpin:soft_dsp_eng_post_wrapper/u_tr_exp_wrapper/GEN_EXP[4].u_tr_exp/mux_79_18/in_1[3] 	 (fanout : 1)
hpin:soft_dsp_eng_post_wrapper/u_tr_exp_wrapper/GEN_EXP[4].u_tr_exp/mux_79_18/in_1[2] 	 (fanout : 1)
hpin:soft_dsp_eng_post_wrapper/u_tr_exp_wrapper/GEN_EXP[4].u_tr_exp/mux_79_18/in_1[1] 	 (fanout : 1)
hpin:soft_dsp_eng_post_wrapper/u_tr_exp_wrapper/GEN_EXP[4].u_tr_exp/mux_79_18/in_1[0] 	 (fanout : 1)
hpin:soft_dsp_eng_post_wrapper/u_tr_exp_wrapper/GEN_EXP[4].u_tr_exp/uut/eq_27_44/B 	 (fanout : 1)
hpin:soft_dsp_eng_post_wrapper/u_tr_exp_wrapper/GEN_EXP[4].u_tr_exp/uut/add_24_61/B[1] 	 (fanout : 5)
hpin:soft_dsp_eng_post_wrapper/u_tr_exp_wrapper/GEN_EXP[4].u_tr_exp/uut/add_24_61/B[0] 	 (fanout : 2)
hpin:soft_dsp_eng_post_wrapper/u_tr_exp_wrapper/GEN_EXP[5].u_tr_exp/add_98_47/A[5] 	 (fanout : 1)
hpin:soft_dsp_eng_post_wrapper/u_tr_exp_wrapper/GEN_EXP[5].u_tr_exp/mux_exp_lut[a_idx]_79_37/in_0[6] 	 (fanout : 1)
hpin:soft_dsp_eng_post_wrapper/u_tr_exp_wrapper/GEN_EXP[5].u_tr_exp/mux_exp_lut[a_idx]_79_37/in_0[5] 	 (fanout : 1)
hpin:soft_dsp_eng_post_wrapper/u_tr_exp_wrapper/GEN_EXP[5].u_tr_exp/mux_exp_lut[a_idx]_79_37/in_0[4] 	 (fanout : 1)
hpin:soft_dsp_eng_post_wrapper/u_tr_exp_wrapper/GEN_EXP[5].u_tr_exp/mux_exp_lut[a_idx]_79_37/in_0[3] 	 (fanout : 1)
hpin:soft_dsp_eng_post_wrapper/u_tr_exp_wrapper/GEN_EXP[5].u_tr_exp/mux_exp_lut[a_idx]_79_37/in_0[2] 	 (fanout : 1)
hpin:soft_dsp_eng_post_wrapper/u_tr_exp_wrapper/GEN_EXP[5].u_tr_exp/mux_exp_lut[a_idx]_79_37/in_0[1] 	 (fanout : 1)
hpin:soft_dsp_eng_post_wrapper/u_tr_exp_wrapper/GEN_EXP[5].u_tr_exp/mux_exp_lut[a_idx]_79_37/in_0[0] 	 (fanout : 1)
hpin:soft_dsp_eng_post_wrapper/u_tr_exp_wrapper/GEN_EXP[5].u_tr_exp/mux_exp_lut[a_idx]_79_37/in_1[6] 	 (fanout : 1)
hpin:soft_dsp_eng_post_wrapper/u_tr_exp_wrapper/GEN_EXP[5].u_tr_exp/mux_exp_lut[a_idx]_79_37/in_1[5] 	 (fanout : 1)
hpin:soft_dsp_eng_post_wrapper/u_tr_exp_wrapper/GEN_EXP[5].u_tr_exp/mux_exp_lut[a_idx]_79_37/in_1[4] 	 (fanout : 1)
hpin:soft_dsp_eng_post_wrapper/u_tr_exp_wrapper/GEN_EXP[5].u_tr_exp/mux_exp_lut[a_idx]_79_37/in_1[3] 	 (fanout : 1)
hpin:soft_dsp_eng_post_wrapper/u_tr_exp_wrapper/GEN_EXP[5].u_tr_exp/mux_exp_lut[a_idx]_79_37/in_1[2] 	 (fanout : 1)
hpin:soft_dsp_eng_post_wrapper/u_tr_exp_wrapper/GEN_EXP[5].u_tr_exp/mux_exp_lut[a_idx]_79_37/in_1[1] 	 (fanout : 1)
hpin:soft_dsp_eng_post_wrapper/u_tr_exp_wrapper/GEN_EXP[5].u_tr_exp/mux_exp_lut[a_idx]_79_37/in_1[0] 	 (fanout : 1)
hpin:soft_dsp_eng_post_wrapper/u_tr_exp_wrapper/GEN_EXP[5].u_tr_exp/mux_exp_lut[a_idx]_79_37/in_2[6] 	 (fanout : 1)
hpin:soft_dsp_eng_post_wrapper/u_tr_exp_wrapper/GEN_EXP[5].u_tr_exp/mux_exp_lut[a_idx]_79_37/in_2[5] 	 (fanout : 1)
hpin:soft_dsp_eng_post_wrapper/u_tr_exp_wrapper/GEN_EXP[5].u_tr_exp/mux_exp_lut[a_idx]_79_37/in_2[4] 	 (fanout : 1)
hpin:soft_dsp_eng_post_wrapper/u_tr_exp_wrapper/GEN_EXP[5].u_tr_exp/mux_exp_lut[a_idx]_79_37/in_2[3] 	 (fanout : 1)
hpin:soft_dsp_eng_post_wrapper/u_tr_exp_wrapper/GEN_EXP[5].u_tr_exp/mux_exp_lut[a_idx]_79_37/in_2[2] 	 (fanout : 1)
hpin:soft_dsp_eng_post_wrapper/u_tr_exp_wrapper/GEN_EXP[5].u_tr_exp/mux_exp_lut[a_idx]_79_37/in_2[1] 	 (fanout : 1)
hpin:soft_dsp_eng_post_wrapper/u_tr_exp_wrapper/GEN_EXP[5].u_tr_exp/mux_exp_lut[a_idx]_79_37/in_2[0] 	 (fanout : 1)
hpin:soft_dsp_eng_post_wrapper/u_tr_exp_wrapper/GEN_EXP[5].u_tr_exp/mux_exp_lut[a_idx]_79_37/in_3[6] 	 (fanout : 1)
hpin:soft_dsp_eng_post_wrapper/u_tr_exp_wrapper/GEN_EXP[5].u_tr_exp/mux_exp_lut[a_idx]_79_37/in_3[5] 	 (fanout : 1)
hpin:soft_dsp_eng_post_wrapper/u_tr_exp_wrapper/GEN_EXP[5].u_tr_exp/mux_exp_lut[a_idx]_79_37/in_3[4] 	 (fanout : 1)
hpin:soft_dsp_eng_post_wrapper/u_tr_exp_wrapper/GEN_EXP[5].u_tr_exp/mux_exp_lut[a_idx]_79_37/in_3[3] 	 (fanout : 1)
hpin:soft_dsp_eng_post_wrapper/u_tr_exp_wrapper/GEN_EXP[5].u_tr_exp/mux_exp_lut[a_idx]_79_37/in_3[2] 	 (fanout : 1)
hpin:soft_dsp_eng_post_wrapper/u_tr_exp_wrapper/GEN_EXP[5].u_tr_exp/mux_exp_lut[a_idx]_79_37/in_3[1] 	 (fanout : 1)
hpin:soft_dsp_eng_post_wrapper/u_tr_exp_wrapper/GEN_EXP[5].u_tr_exp/mux_exp_lut[a_idx]_79_37/in_3[0] 	 (fanout : 1)
hpin:soft_dsp_eng_post_wrapper/u_tr_exp_wrapper/GEN_EXP[5].u_tr_exp/mux_exp_lut[a_idx]_79_37/in_4[6] 	 (fanout : 1)
hpin:soft_dsp_eng_post_wrapper/u_tr_exp_wrapper/GEN_EXP[5].u_tr_exp/mux_exp_lut[a_idx]_79_37/in_4[5] 	 (fanout : 1)
hpin:soft_dsp_eng_post_wrapper/u_tr_exp_wrapper/GEN_EXP[5].u_tr_exp/mux_exp_lut[a_idx]_79_37/in_4[4] 	 (fanout : 1)
hpin:soft_dsp_eng_post_wrapper/u_tr_exp_wrapper/GEN_EXP[5].u_tr_exp/mux_exp_lut[a_idx]_79_37/in_4[3] 	 (fanout : 1)
hpin:soft_dsp_eng_post_wrapper/u_tr_exp_wrapper/GEN_EXP[5].u_tr_exp/mux_exp_lut[a_idx]_79_37/in_4[2] 	 (fanout : 1)
hpin:soft_dsp_eng_post_wrapper/u_tr_exp_wrapper/GEN_EXP[5].u_tr_exp/mux_exp_lut[a_idx]_79_37/in_4[1] 	 (fanout : 1)
hpin:soft_dsp_eng_post_wrapper/u_tr_exp_wrapper/GEN_EXP[5].u_tr_exp/mux_exp_lut[a_idx]_79_37/in_4[0] 	 (fanout : 1)
hpin:soft_dsp_eng_post_wrapper/u_tr_exp_wrapper/GEN_EXP[5].u_tr_exp/mux_exp_lut[a_idx]_79_37/in_5[6] 	 (fanout : 1)
hpin:soft_dsp_eng_post_wrapper/u_tr_exp_wrapper/GEN_EXP[5].u_tr_exp/mux_exp_lut[a_idx]_79_37/in_5[5] 	 (fanout : 1)
hpin:soft_dsp_eng_post_wrapper/u_tr_exp_wrapper/GEN_EXP[5].u_tr_exp/mux_exp_lut[a_idx]_79_37/in_5[4] 	 (fanout : 1)
hpin:soft_dsp_eng_post_wrapper/u_tr_exp_wrapper/GEN_EXP[5].u_tr_exp/mux_exp_lut[a_idx]_79_37/in_5[3] 	 (fanout : 1)
hpin:soft_dsp_eng_post_wrapper/u_tr_exp_wrapper/GEN_EXP[5].u_tr_exp/mux_exp_lut[a_idx]_79_37/in_5[2] 	 (fanout : 1)
hpin:soft_dsp_eng_post_wrapper/u_tr_exp_wrapper/GEN_EXP[5].u_tr_exp/mux_exp_lut[a_idx]_79_37/in_5[1] 	 (fanout : 1)
hpin:soft_dsp_eng_post_wrapper/u_tr_exp_wrapper/GEN_EXP[5].u_tr_exp/mux_exp_lut[a_idx]_79_37/in_5[0] 	 (fanout : 1)
hpin:soft_dsp_eng_post_wrapper/u_tr_exp_wrapper/GEN_EXP[5].u_tr_exp/mux_exp_lut[a_idx]_79_37/in_6[6] 	 (fanout : 1)
hpin:soft_dsp_eng_post_wrapper/u_tr_exp_wrapper/GEN_EXP[5].u_tr_exp/mux_exp_lut[a_idx]_79_37/in_6[5] 	 (fanout : 1)
hpin:soft_dsp_eng_post_wrapper/u_tr_exp_wrapper/GEN_EXP[5].u_tr_exp/mux_exp_lut[a_idx]_79_37/in_6[4] 	 (fanout : 1)
hpin:soft_dsp_eng_post_wrapper/u_tr_exp_wrapper/GEN_EXP[5].u_tr_exp/mux_exp_lut[a_idx]_79_37/in_6[3] 	 (fanout : 1)
hpin:soft_dsp_eng_post_wrapper/u_tr_exp_wrapper/GEN_EXP[5].u_tr_exp/mux_exp_lut[a_idx]_79_37/in_6[2] 	 (fanout : 1)
hpin:soft_dsp_eng_post_wrapper/u_tr_exp_wrapper/GEN_EXP[5].u_tr_exp/mux_exp_lut[a_idx]_79_37/in_6[1] 	 (fanout : 1)
hpin:soft_dsp_eng_post_wrapper/u_tr_exp_wrapper/GEN_EXP[5].u_tr_exp/mux_exp_lut[a_idx]_79_37/in_6[0] 	 (fanout : 1)
hpin:soft_dsp_eng_post_wrapper/u_tr_exp_wrapper/GEN_EXP[5].u_tr_exp/mux_exp_lut[a_idx]_79_37/in_7[6] 	 (fanout : 1)
hpin:soft_dsp_eng_post_wrapper/u_tr_exp_wrapper/GEN_EXP[5].u_tr_exp/mux_exp_lut[a_idx]_79_37/in_7[5] 	 (fanout : 1)
hpin:soft_dsp_eng_post_wrapper/u_tr_exp_wrapper/GEN_EXP[5].u_tr_exp/mux_exp_lut[a_idx]_79_37/in_7[4] 	 (fanout : 1)
hpin:soft_dsp_eng_post_wrapper/u_tr_exp_wrapper/GEN_EXP[5].u_tr_exp/mux_exp_lut[a_idx]_79_37/in_7[3] 	 (fanout : 1)
hpin:soft_dsp_eng_post_wrapper/u_tr_exp_wrapper/GEN_EXP[5].u_tr_exp/mux_exp_lut[a_idx]_79_37/in_7[2] 	 (fanout : 1)
hpin:soft_dsp_eng_post_wrapper/u_tr_exp_wrapper/GEN_EXP[5].u_tr_exp/mux_exp_lut[a_idx]_79_37/in_7[1] 	 (fanout : 1)
hpin:soft_dsp_eng_post_wrapper/u_tr_exp_wrapper/GEN_EXP[5].u_tr_exp/mux_exp_lut[a_idx]_79_37/in_7[0] 	 (fanout : 1)
hpin:soft_dsp_eng_post_wrapper/u_tr_exp_wrapper/GEN_EXP[5].u_tr_exp/mux_79_18/in_0[7] 	 (fanout : 1)
hpin:soft_dsp_eng_post_wrapper/u_tr_exp_wrapper/GEN_EXP[5].u_tr_exp/mux_79_18/in_1[7] 	 (fanout : 1)
hpin:soft_dsp_eng_post_wrapper/u_tr_exp_wrapper/GEN_EXP[5].u_tr_exp/mux_79_18/in_1[6] 	 (fanout : 1)
hpin:soft_dsp_eng_post_wrapper/u_tr_exp_wrapper/GEN_EXP[5].u_tr_exp/mux_79_18/in_1[5] 	 (fanout : 1)
hpin:soft_dsp_eng_post_wrapper/u_tr_exp_wrapper/GEN_EXP[5].u_tr_exp/mux_79_18/in_1[4] 	 (fanout : 1)
hpin:soft_dsp_eng_post_wrapper/u_tr_exp_wrapper/GEN_EXP[5].u_tr_exp/mux_79_18/in_1[3] 	 (fanout : 1)
hpin:soft_dsp_eng_post_wrapper/u_tr_exp_wrapper/GEN_EXP[5].u_tr_exp/mux_79_18/in_1[2] 	 (fanout : 1)
hpin:soft_dsp_eng_post_wrapper/u_tr_exp_wrapper/GEN_EXP[5].u_tr_exp/mux_79_18/in_1[1] 	 (fanout : 1)
hpin:soft_dsp_eng_post_wrapper/u_tr_exp_wrapper/GEN_EXP[5].u_tr_exp/mux_79_18/in_1[0] 	 (fanout : 1)
hpin:soft_dsp_eng_post_wrapper/u_tr_exp_wrapper/GEN_EXP[5].u_tr_exp/uut/eq_27_44/B 	 (fanout : 1)
hpin:soft_dsp_eng_post_wrapper/u_tr_exp_wrapper/GEN_EXP[5].u_tr_exp/uut/add_24_61/B[1] 	 (fanout : 5)
hpin:soft_dsp_eng_post_wrapper/u_tr_exp_wrapper/GEN_EXP[5].u_tr_exp/uut/add_24_61/B[0] 	 (fanout : 2)
hpin:soft_dsp_eng_post_wrapper/u_tr_exp_wrapper/GEN_EXP[6].u_tr_exp/add_98_47/A[5] 	 (fanout : 1)
hpin:soft_dsp_eng_post_wrapper/u_tr_exp_wrapper/GEN_EXP[6].u_tr_exp/mux_exp_lut[a_idx]_79_37/in_0[6] 	 (fanout : 1)
hpin:soft_dsp_eng_post_wrapper/u_tr_exp_wrapper/GEN_EXP[6].u_tr_exp/mux_exp_lut[a_idx]_79_37/in_0[5] 	 (fanout : 1)
hpin:soft_dsp_eng_post_wrapper/u_tr_exp_wrapper/GEN_EXP[6].u_tr_exp/mux_exp_lut[a_idx]_79_37/in_0[4] 	 (fanout : 1)
hpin:soft_dsp_eng_post_wrapper/u_tr_exp_wrapper/GEN_EXP[6].u_tr_exp/mux_exp_lut[a_idx]_79_37/in_0[3] 	 (fanout : 1)
hpin:soft_dsp_eng_post_wrapper/u_tr_exp_wrapper/GEN_EXP[6].u_tr_exp/mux_exp_lut[a_idx]_79_37/in_0[2] 	 (fanout : 1)
hpin:soft_dsp_eng_post_wrapper/u_tr_exp_wrapper/GEN_EXP[6].u_tr_exp/mux_exp_lut[a_idx]_79_37/in_0[1] 	 (fanout : 1)
hpin:soft_dsp_eng_post_wrapper/u_tr_exp_wrapper/GEN_EXP[6].u_tr_exp/mux_exp_lut[a_idx]_79_37/in_0[0] 	 (fanout : 1)
hpin:soft_dsp_eng_post_wrapper/u_tr_exp_wrapper/GEN_EXP[6].u_tr_exp/mux_exp_lut[a_idx]_79_37/in_1[6] 	 (fanout : 1)
hpin:soft_dsp_eng_post_wrapper/u_tr_exp_wrapper/GEN_EXP[6].u_tr_exp/mux_exp_lut[a_idx]_79_37/in_1[5] 	 (fanout : 1)
hpin:soft_dsp_eng_post_wrapper/u_tr_exp_wrapper/GEN_EXP[6].u_tr_exp/mux_exp_lut[a_idx]_79_37/in_1[4] 	 (fanout : 1)
hpin:soft_dsp_eng_post_wrapper/u_tr_exp_wrapper/GEN_EXP[6].u_tr_exp/mux_exp_lut[a_idx]_79_37/in_1[3] 	 (fanout : 1)
hpin:soft_dsp_eng_post_wrapper/u_tr_exp_wrapper/GEN_EXP[6].u_tr_exp/mux_exp_lut[a_idx]_79_37/in_1[2] 	 (fanout : 1)
hpin:soft_dsp_eng_post_wrapper/u_tr_exp_wrapper/GEN_EXP[6].u_tr_exp/mux_exp_lut[a_idx]_79_37/in_1[1] 	 (fanout : 1)
hpin:soft_dsp_eng_post_wrapper/u_tr_exp_wrapper/GEN_EXP[6].u_tr_exp/mux_exp_lut[a_idx]_79_37/in_1[0] 	 (fanout : 1)
hpin:soft_dsp_eng_post_wrapper/u_tr_exp_wrapper/GEN_EXP[6].u_tr_exp/mux_exp_lut[a_idx]_79_37/in_2[6] 	 (fanout : 1)
hpin:soft_dsp_eng_post_wrapper/u_tr_exp_wrapper/GEN_EXP[6].u_tr_exp/mux_exp_lut[a_idx]_79_37/in_2[5] 	 (fanout : 1)
hpin:soft_dsp_eng_post_wrapper/u_tr_exp_wrapper/GEN_EXP[6].u_tr_exp/mux_exp_lut[a_idx]_79_37/in_2[4] 	 (fanout : 1)
hpin:soft_dsp_eng_post_wrapper/u_tr_exp_wrapper/GEN_EXP[6].u_tr_exp/mux_exp_lut[a_idx]_79_37/in_2[3] 	 (fanout : 1)
hpin:soft_dsp_eng_post_wrapper/u_tr_exp_wrapper/GEN_EXP[6].u_tr_exp/mux_exp_lut[a_idx]_79_37/in_2[2] 	 (fanout : 1)
hpin:soft_dsp_eng_post_wrapper/u_tr_exp_wrapper/GEN_EXP[6].u_tr_exp/mux_exp_lut[a_idx]_79_37/in_2[1] 	 (fanout : 1)
hpin:soft_dsp_eng_post_wrapper/u_tr_exp_wrapper/GEN_EXP[6].u_tr_exp/mux_exp_lut[a_idx]_79_37/in_2[0] 	 (fanout : 1)
hpin:soft_dsp_eng_post_wrapper/u_tr_exp_wrapper/GEN_EXP[6].u_tr_exp/mux_exp_lut[a_idx]_79_37/in_3[6] 	 (fanout : 1)
hpin:soft_dsp_eng_post_wrapper/u_tr_exp_wrapper/GEN_EXP[6].u_tr_exp/mux_exp_lut[a_idx]_79_37/in_3[5] 	 (fanout : 1)
hpin:soft_dsp_eng_post_wrapper/u_tr_exp_wrapper/GEN_EXP[6].u_tr_exp/mux_exp_lut[a_idx]_79_37/in_3[4] 	 (fanout : 1)
hpin:soft_dsp_eng_post_wrapper/u_tr_exp_wrapper/GEN_EXP[6].u_tr_exp/mux_exp_lut[a_idx]_79_37/in_3[3] 	 (fanout : 1)
hpin:soft_dsp_eng_post_wrapper/u_tr_exp_wrapper/GEN_EXP[6].u_tr_exp/mux_exp_lut[a_idx]_79_37/in_3[2] 	 (fanout : 1)
hpin:soft_dsp_eng_post_wrapper/u_tr_exp_wrapper/GEN_EXP[6].u_tr_exp/mux_exp_lut[a_idx]_79_37/in_3[1] 	 (fanout : 1)
hpin:soft_dsp_eng_post_wrapper/u_tr_exp_wrapper/GEN_EXP[6].u_tr_exp/mux_exp_lut[a_idx]_79_37/in_3[0] 	 (fanout : 1)
hpin:soft_dsp_eng_post_wrapper/u_tr_exp_wrapper/GEN_EXP[6].u_tr_exp/mux_exp_lut[a_idx]_79_37/in_4[6] 	 (fanout : 1)
hpin:soft_dsp_eng_post_wrapper/u_tr_exp_wrapper/GEN_EXP[6].u_tr_exp/mux_exp_lut[a_idx]_79_37/in_4[5] 	 (fanout : 1)
hpin:soft_dsp_eng_post_wrapper/u_tr_exp_wrapper/GEN_EXP[6].u_tr_exp/mux_exp_lut[a_idx]_79_37/in_4[4] 	 (fanout : 1)
hpin:soft_dsp_eng_post_wrapper/u_tr_exp_wrapper/GEN_EXP[6].u_tr_exp/mux_exp_lut[a_idx]_79_37/in_4[3] 	 (fanout : 1)
hpin:soft_dsp_eng_post_wrapper/u_tr_exp_wrapper/GEN_EXP[6].u_tr_exp/mux_exp_lut[a_idx]_79_37/in_4[2] 	 (fanout : 1)
hpin:soft_dsp_eng_post_wrapper/u_tr_exp_wrapper/GEN_EXP[6].u_tr_exp/mux_exp_lut[a_idx]_79_37/in_4[1] 	 (fanout : 1)
hpin:soft_dsp_eng_post_wrapper/u_tr_exp_wrapper/GEN_EXP[6].u_tr_exp/mux_exp_lut[a_idx]_79_37/in_4[0] 	 (fanout : 1)
hpin:soft_dsp_eng_post_wrapper/u_tr_exp_wrapper/GEN_EXP[6].u_tr_exp/mux_exp_lut[a_idx]_79_37/in_5[6] 	 (fanout : 1)
hpin:soft_dsp_eng_post_wrapper/u_tr_exp_wrapper/GEN_EXP[6].u_tr_exp/mux_exp_lut[a_idx]_79_37/in_5[5] 	 (fanout : 1)
hpin:soft_dsp_eng_post_wrapper/u_tr_exp_wrapper/GEN_EXP[6].u_tr_exp/mux_exp_lut[a_idx]_79_37/in_5[4] 	 (fanout : 1)
hpin:soft_dsp_eng_post_wrapper/u_tr_exp_wrapper/GEN_EXP[6].u_tr_exp/mux_exp_lut[a_idx]_79_37/in_5[3] 	 (fanout : 1)
hpin:soft_dsp_eng_post_wrapper/u_tr_exp_wrapper/GEN_EXP[6].u_tr_exp/mux_exp_lut[a_idx]_79_37/in_5[2] 	 (fanout : 1)
hpin:soft_dsp_eng_post_wrapper/u_tr_exp_wrapper/GEN_EXP[6].u_tr_exp/mux_exp_lut[a_idx]_79_37/in_5[1] 	 (fanout : 1)
hpin:soft_dsp_eng_post_wrapper/u_tr_exp_wrapper/GEN_EXP[6].u_tr_exp/mux_exp_lut[a_idx]_79_37/in_5[0] 	 (fanout : 1)
hpin:soft_dsp_eng_post_wrapper/u_tr_exp_wrapper/GEN_EXP[6].u_tr_exp/mux_exp_lut[a_idx]_79_37/in_6[6] 	 (fanout : 1)
hpin:soft_dsp_eng_post_wrapper/u_tr_exp_wrapper/GEN_EXP[6].u_tr_exp/mux_exp_lut[a_idx]_79_37/in_6[5] 	 (fanout : 1)
hpin:soft_dsp_eng_post_wrapper/u_tr_exp_wrapper/GEN_EXP[6].u_tr_exp/mux_exp_lut[a_idx]_79_37/in_6[4] 	 (fanout : 1)
hpin:soft_dsp_eng_post_wrapper/u_tr_exp_wrapper/GEN_EXP[6].u_tr_exp/mux_exp_lut[a_idx]_79_37/in_6[3] 	 (fanout : 1)
hpin:soft_dsp_eng_post_wrapper/u_tr_exp_wrapper/GEN_EXP[6].u_tr_exp/mux_exp_lut[a_idx]_79_37/in_6[2] 	 (fanout : 1)
hpin:soft_dsp_eng_post_wrapper/u_tr_exp_wrapper/GEN_EXP[6].u_tr_exp/mux_exp_lut[a_idx]_79_37/in_6[1] 	 (fanout : 1)
hpin:soft_dsp_eng_post_wrapper/u_tr_exp_wrapper/GEN_EXP[6].u_tr_exp/mux_exp_lut[a_idx]_79_37/in_6[0] 	 (fanout : 1)
hpin:soft_dsp_eng_post_wrapper/u_tr_exp_wrapper/GEN_EXP[6].u_tr_exp/mux_exp_lut[a_idx]_79_37/in_7[6] 	 (fanout : 1)
hpin:soft_dsp_eng_post_wrapper/u_tr_exp_wrapper/GEN_EXP[6].u_tr_exp/mux_exp_lut[a_idx]_79_37/in_7[5] 	 (fanout : 1)
hpin:soft_dsp_eng_post_wrapper/u_tr_exp_wrapper/GEN_EXP[6].u_tr_exp/mux_exp_lut[a_idx]_79_37/in_7[4] 	 (fanout : 1)
hpin:soft_dsp_eng_post_wrapper/u_tr_exp_wrapper/GEN_EXP[6].u_tr_exp/mux_exp_lut[a_idx]_79_37/in_7[3] 	 (fanout : 1)
hpin:soft_dsp_eng_post_wrapper/u_tr_exp_wrapper/GEN_EXP[6].u_tr_exp/mux_exp_lut[a_idx]_79_37/in_7[2] 	 (fanout : 1)
hpin:soft_dsp_eng_post_wrapper/u_tr_exp_wrapper/GEN_EXP[6].u_tr_exp/mux_exp_lut[a_idx]_79_37/in_7[1] 	 (fanout : 1)
hpin:soft_dsp_eng_post_wrapper/u_tr_exp_wrapper/GEN_EXP[6].u_tr_exp/mux_exp_lut[a_idx]_79_37/in_7[0] 	 (fanout : 1)
hpin:soft_dsp_eng_post_wrapper/u_tr_exp_wrapper/GEN_EXP[6].u_tr_exp/mux_79_18/in_0[7] 	 (fanout : 1)
hpin:soft_dsp_eng_post_wrapper/u_tr_exp_wrapper/GEN_EXP[6].u_tr_exp/mux_79_18/in_1[7] 	 (fanout : 1)
hpin:soft_dsp_eng_post_wrapper/u_tr_exp_wrapper/GEN_EXP[6].u_tr_exp/mux_79_18/in_1[6] 	 (fanout : 1)
hpin:soft_dsp_eng_post_wrapper/u_tr_exp_wrapper/GEN_EXP[6].u_tr_exp/mux_79_18/in_1[5] 	 (fanout : 1)
hpin:soft_dsp_eng_post_wrapper/u_tr_exp_wrapper/GEN_EXP[6].u_tr_exp/mux_79_18/in_1[4] 	 (fanout : 1)
hpin:soft_dsp_eng_post_wrapper/u_tr_exp_wrapper/GEN_EXP[6].u_tr_exp/mux_79_18/in_1[3] 	 (fanout : 1)
hpin:soft_dsp_eng_post_wrapper/u_tr_exp_wrapper/GEN_EXP[6].u_tr_exp/mux_79_18/in_1[2] 	 (fanout : 1)
hpin:soft_dsp_eng_post_wrapper/u_tr_exp_wrapper/GEN_EXP[6].u_tr_exp/mux_79_18/in_1[1] 	 (fanout : 1)
hpin:soft_dsp_eng_post_wrapper/u_tr_exp_wrapper/GEN_EXP[6].u_tr_exp/mux_79_18/in_1[0] 	 (fanout : 1)
hpin:soft_dsp_eng_post_wrapper/u_tr_exp_wrapper/GEN_EXP[6].u_tr_exp/uut/eq_27_44/B 	 (fanout : 1)
hpin:soft_dsp_eng_post_wrapper/u_tr_exp_wrapper/GEN_EXP[6].u_tr_exp/uut/add_24_61/B[1] 	 (fanout : 5)
hpin:soft_dsp_eng_post_wrapper/u_tr_exp_wrapper/GEN_EXP[6].u_tr_exp/uut/add_24_61/B[0] 	 (fanout : 2)
hpin:soft_dsp_eng_post_wrapper/u_tr_exp_wrapper/GEN_EXP[7].u_tr_exp/add_98_47/A[5] 	 (fanout : 1)
hpin:soft_dsp_eng_post_wrapper/u_tr_exp_wrapper/GEN_EXP[7].u_tr_exp/mux_exp_lut[a_idx]_79_37/in_0[6] 	 (fanout : 1)
hpin:soft_dsp_eng_post_wrapper/u_tr_exp_wrapper/GEN_EXP[7].u_tr_exp/mux_exp_lut[a_idx]_79_37/in_0[5] 	 (fanout : 1)
hpin:soft_dsp_eng_post_wrapper/u_tr_exp_wrapper/GEN_EXP[7].u_tr_exp/mux_exp_lut[a_idx]_79_37/in_0[4] 	 (fanout : 1)
hpin:soft_dsp_eng_post_wrapper/u_tr_exp_wrapper/GEN_EXP[7].u_tr_exp/mux_exp_lut[a_idx]_79_37/in_0[3] 	 (fanout : 1)
hpin:soft_dsp_eng_post_wrapper/u_tr_exp_wrapper/GEN_EXP[7].u_tr_exp/mux_exp_lut[a_idx]_79_37/in_0[2] 	 (fanout : 1)
hpin:soft_dsp_eng_post_wrapper/u_tr_exp_wrapper/GEN_EXP[7].u_tr_exp/mux_exp_lut[a_idx]_79_37/in_0[1] 	 (fanout : 1)
hpin:soft_dsp_eng_post_wrapper/u_tr_exp_wrapper/GEN_EXP[7].u_tr_exp/mux_exp_lut[a_idx]_79_37/in_0[0] 	 (fanout : 1)
hpin:soft_dsp_eng_post_wrapper/u_tr_exp_wrapper/GEN_EXP[7].u_tr_exp/mux_exp_lut[a_idx]_79_37/in_1[6] 	 (fanout : 1)
hpin:soft_dsp_eng_post_wrapper/u_tr_exp_wrapper/GEN_EXP[7].u_tr_exp/mux_exp_lut[a_idx]_79_37/in_1[5] 	 (fanout : 1)
hpin:soft_dsp_eng_post_wrapper/u_tr_exp_wrapper/GEN_EXP[7].u_tr_exp/mux_exp_lut[a_idx]_79_37/in_1[4] 	 (fanout : 1)
hpin:soft_dsp_eng_post_wrapper/u_tr_exp_wrapper/GEN_EXP[7].u_tr_exp/mux_exp_lut[a_idx]_79_37/in_1[3] 	 (fanout : 1)
hpin:soft_dsp_eng_post_wrapper/u_tr_exp_wrapper/GEN_EXP[7].u_tr_exp/mux_exp_lut[a_idx]_79_37/in_1[2] 	 (fanout : 1)
hpin:soft_dsp_eng_post_wrapper/u_tr_exp_wrapper/GEN_EXP[7].u_tr_exp/mux_exp_lut[a_idx]_79_37/in_1[1] 	 (fanout : 1)
hpin:soft_dsp_eng_post_wrapper/u_tr_exp_wrapper/GEN_EXP[7].u_tr_exp/mux_exp_lut[a_idx]_79_37/in_1[0] 	 (fanout : 1)
hpin:soft_dsp_eng_post_wrapper/u_tr_exp_wrapper/GEN_EXP[7].u_tr_exp/mux_exp_lut[a_idx]_79_37/in_2[6] 	 (fanout : 1)
hpin:soft_dsp_eng_post_wrapper/u_tr_exp_wrapper/GEN_EXP[7].u_tr_exp/mux_exp_lut[a_idx]_79_37/in_2[5] 	 (fanout : 1)
hpin:soft_dsp_eng_post_wrapper/u_tr_exp_wrapper/GEN_EXP[7].u_tr_exp/mux_exp_lut[a_idx]_79_37/in_2[4] 	 (fanout : 1)
hpin:soft_dsp_eng_post_wrapper/u_tr_exp_wrapper/GEN_EXP[7].u_tr_exp/mux_exp_lut[a_idx]_79_37/in_2[3] 	 (fanout : 1)
hpin:soft_dsp_eng_post_wrapper/u_tr_exp_wrapper/GEN_EXP[7].u_tr_exp/mux_exp_lut[a_idx]_79_37/in_2[2] 	 (fanout : 1)
hpin:soft_dsp_eng_post_wrapper/u_tr_exp_wrapper/GEN_EXP[7].u_tr_exp/mux_exp_lut[a_idx]_79_37/in_2[1] 	 (fanout : 1)
hpin:soft_dsp_eng_post_wrapper/u_tr_exp_wrapper/GEN_EXP[7].u_tr_exp/mux_exp_lut[a_idx]_79_37/in_2[0] 	 (fanout : 1)
hpin:soft_dsp_eng_post_wrapper/u_tr_exp_wrapper/GEN_EXP[7].u_tr_exp/mux_exp_lut[a_idx]_79_37/in_3[6] 	 (fanout : 1)
hpin:soft_dsp_eng_post_wrapper/u_tr_exp_wrapper/GEN_EXP[7].u_tr_exp/mux_exp_lut[a_idx]_79_37/in_3[5] 	 (fanout : 1)
hpin:soft_dsp_eng_post_wrapper/u_tr_exp_wrapper/GEN_EXP[7].u_tr_exp/mux_exp_lut[a_idx]_79_37/in_3[4] 	 (fanout : 1)
hpin:soft_dsp_eng_post_wrapper/u_tr_exp_wrapper/GEN_EXP[7].u_tr_exp/mux_exp_lut[a_idx]_79_37/in_3[3] 	 (fanout : 1)
hpin:soft_dsp_eng_post_wrapper/u_tr_exp_wrapper/GEN_EXP[7].u_tr_exp/mux_exp_lut[a_idx]_79_37/in_3[2] 	 (fanout : 1)
hpin:soft_dsp_eng_post_wrapper/u_tr_exp_wrapper/GEN_EXP[7].u_tr_exp/mux_exp_lut[a_idx]_79_37/in_3[1] 	 (fanout : 1)
hpin:soft_dsp_eng_post_wrapper/u_tr_exp_wrapper/GEN_EXP[7].u_tr_exp/mux_exp_lut[a_idx]_79_37/in_3[0] 	 (fanout : 1)
hpin:soft_dsp_eng_post_wrapper/u_tr_exp_wrapper/GEN_EXP[7].u_tr_exp/mux_exp_lut[a_idx]_79_37/in_4[6] 	 (fanout : 1)
hpin:soft_dsp_eng_post_wrapper/u_tr_exp_wrapper/GEN_EXP[7].u_tr_exp/mux_exp_lut[a_idx]_79_37/in_4[5] 	 (fanout : 1)
hpin:soft_dsp_eng_post_wrapper/u_tr_exp_wrapper/GEN_EXP[7].u_tr_exp/mux_exp_lut[a_idx]_79_37/in_4[4] 	 (fanout : 1)
hpin:soft_dsp_eng_post_wrapper/u_tr_exp_wrapper/GEN_EXP[7].u_tr_exp/mux_exp_lut[a_idx]_79_37/in_4[3] 	 (fanout : 1)
hpin:soft_dsp_eng_post_wrapper/u_tr_exp_wrapper/GEN_EXP[7].u_tr_exp/mux_exp_lut[a_idx]_79_37/in_4[2] 	 (fanout : 1)
hpin:soft_dsp_eng_post_wrapper/u_tr_exp_wrapper/GEN_EXP[7].u_tr_exp/mux_exp_lut[a_idx]_79_37/in_4[1] 	 (fanout : 1)
hpin:soft_dsp_eng_post_wrapper/u_tr_exp_wrapper/GEN_EXP[7].u_tr_exp/mux_exp_lut[a_idx]_79_37/in_4[0] 	 (fanout : 1)
hpin:soft_dsp_eng_post_wrapper/u_tr_exp_wrapper/GEN_EXP[7].u_tr_exp/mux_exp_lut[a_idx]_79_37/in_5[6] 	 (fanout : 1)
hpin:soft_dsp_eng_post_wrapper/u_tr_exp_wrapper/GEN_EXP[7].u_tr_exp/mux_exp_lut[a_idx]_79_37/in_5[5] 	 (fanout : 1)
hpin:soft_dsp_eng_post_wrapper/u_tr_exp_wrapper/GEN_EXP[7].u_tr_exp/mux_exp_lut[a_idx]_79_37/in_5[4] 	 (fanout : 1)
hpin:soft_dsp_eng_post_wrapper/u_tr_exp_wrapper/GEN_EXP[7].u_tr_exp/mux_exp_lut[a_idx]_79_37/in_5[3] 	 (fanout : 1)
hpin:soft_dsp_eng_post_wrapper/u_tr_exp_wrapper/GEN_EXP[7].u_tr_exp/mux_exp_lut[a_idx]_79_37/in_5[2] 	 (fanout : 1)
hpin:soft_dsp_eng_post_wrapper/u_tr_exp_wrapper/GEN_EXP[7].u_tr_exp/mux_exp_lut[a_idx]_79_37/in_5[1] 	 (fanout : 1)
hpin:soft_dsp_eng_post_wrapper/u_tr_exp_wrapper/GEN_EXP[7].u_tr_exp/mux_exp_lut[a_idx]_79_37/in_5[0] 	 (fanout : 1)
hpin:soft_dsp_eng_post_wrapper/u_tr_exp_wrapper/GEN_EXP[7].u_tr_exp/mux_exp_lut[a_idx]_79_37/in_6[6] 	 (fanout : 1)
hpin:soft_dsp_eng_post_wrapper/u_tr_exp_wrapper/GEN_EXP[7].u_tr_exp/mux_exp_lut[a_idx]_79_37/in_6[5] 	 (fanout : 1)
hpin:soft_dsp_eng_post_wrapper/u_tr_exp_wrapper/GEN_EXP[7].u_tr_exp/mux_exp_lut[a_idx]_79_37/in_6[4] 	 (fanout : 1)
hpin:soft_dsp_eng_post_wrapper/u_tr_exp_wrapper/GEN_EXP[7].u_tr_exp/mux_exp_lut[a_idx]_79_37/in_6[3] 	 (fanout : 1)
hpin:soft_dsp_eng_post_wrapper/u_tr_exp_wrapper/GEN_EXP[7].u_tr_exp/mux_exp_lut[a_idx]_79_37/in_6[2] 	 (fanout : 1)
hpin:soft_dsp_eng_post_wrapper/u_tr_exp_wrapper/GEN_EXP[7].u_tr_exp/mux_exp_lut[a_idx]_79_37/in_6[1] 	 (fanout : 1)
hpin:soft_dsp_eng_post_wrapper/u_tr_exp_wrapper/GEN_EXP[7].u_tr_exp/mux_exp_lut[a_idx]_79_37/in_6[0] 	 (fanout : 1)
hpin:soft_dsp_eng_post_wrapper/u_tr_exp_wrapper/GEN_EXP[7].u_tr_exp/mux_exp_lut[a_idx]_79_37/in_7[6] 	 (fanout : 1)
hpin:soft_dsp_eng_post_wrapper/u_tr_exp_wrapper/GEN_EXP[7].u_tr_exp/mux_exp_lut[a_idx]_79_37/in_7[5] 	 (fanout : 1)
hpin:soft_dsp_eng_post_wrapper/u_tr_exp_wrapper/GEN_EXP[7].u_tr_exp/mux_exp_lut[a_idx]_79_37/in_7[4] 	 (fanout : 1)
hpin:soft_dsp_eng_post_wrapper/u_tr_exp_wrapper/GEN_EXP[7].u_tr_exp/mux_exp_lut[a_idx]_79_37/in_7[3] 	 (fanout : 1)
hpin:soft_dsp_eng_post_wrapper/u_tr_exp_wrapper/GEN_EXP[7].u_tr_exp/mux_exp_lut[a_idx]_79_37/in_7[2] 	 (fanout : 1)
hpin:soft_dsp_eng_post_wrapper/u_tr_exp_wrapper/GEN_EXP[7].u_tr_exp/mux_exp_lut[a_idx]_79_37/in_7[1] 	 (fanout : 1)
hpin:soft_dsp_eng_post_wrapper/u_tr_exp_wrapper/GEN_EXP[7].u_tr_exp/mux_exp_lut[a_idx]_79_37/in_7[0] 	 (fanout : 1)
hpin:soft_dsp_eng_post_wrapper/u_tr_exp_wrapper/GEN_EXP[7].u_tr_exp/mux_79_18/in_0[7] 	 (fanout : 1)
hpin:soft_dsp_eng_post_wrapper/u_tr_exp_wrapper/GEN_EXP[7].u_tr_exp/mux_79_18/in_1[7] 	 (fanout : 1)
hpin:soft_dsp_eng_post_wrapper/u_tr_exp_wrapper/GEN_EXP[7].u_tr_exp/mux_79_18/in_1[6] 	 (fanout : 1)
hpin:soft_dsp_eng_post_wrapper/u_tr_exp_wrapper/GEN_EXP[7].u_tr_exp/mux_79_18/in_1[5] 	 (fanout : 1)
hpin:soft_dsp_eng_post_wrapper/u_tr_exp_wrapper/GEN_EXP[7].u_tr_exp/mux_79_18/in_1[4] 	 (fanout : 1)
hpin:soft_dsp_eng_post_wrapper/u_tr_exp_wrapper/GEN_EXP[7].u_tr_exp/mux_79_18/in_1[3] 	 (fanout : 1)
hpin:soft_dsp_eng_post_wrapper/u_tr_exp_wrapper/GEN_EXP[7].u_tr_exp/mux_79_18/in_1[2] 	 (fanout : 1)
hpin:soft_dsp_eng_post_wrapper/u_tr_exp_wrapper/GEN_EXP[7].u_tr_exp/mux_79_18/in_1[1] 	 (fanout : 1)
hpin:soft_dsp_eng_post_wrapper/u_tr_exp_wrapper/GEN_EXP[7].u_tr_exp/mux_79_18/in_1[0] 	 (fanout : 1)
hpin:soft_dsp_eng_post_wrapper/u_tr_exp_wrapper/GEN_EXP[7].u_tr_exp/uut/eq_27_44/B 	 (fanout : 1)
hpin:soft_dsp_eng_post_wrapper/u_tr_exp_wrapper/GEN_EXP[7].u_tr_exp/uut/add_24_61/B[1] 	 (fanout : 5)
hpin:soft_dsp_eng_post_wrapper/u_tr_exp_wrapper/GEN_EXP[7].u_tr_exp/uut/add_24_61/B[0] 	 (fanout : 2)
hpin:soft_dsp_eng_post_wrapper/u_tr_exp_wrapper/GEN_EXP[8].u_tr_exp/add_98_47/A[5] 	 (fanout : 1)
hpin:soft_dsp_eng_post_wrapper/u_tr_exp_wrapper/GEN_EXP[8].u_tr_exp/mux_exp_lut[a_idx]_79_37/in_0[6] 	 (fanout : 1)
hpin:soft_dsp_eng_post_wrapper/u_tr_exp_wrapper/GEN_EXP[8].u_tr_exp/mux_exp_lut[a_idx]_79_37/in_0[5] 	 (fanout : 1)
hpin:soft_dsp_eng_post_wrapper/u_tr_exp_wrapper/GEN_EXP[8].u_tr_exp/mux_exp_lut[a_idx]_79_37/in_0[4] 	 (fanout : 1)
hpin:soft_dsp_eng_post_wrapper/u_tr_exp_wrapper/GEN_EXP[8].u_tr_exp/mux_exp_lut[a_idx]_79_37/in_0[3] 	 (fanout : 1)
hpin:soft_dsp_eng_post_wrapper/u_tr_exp_wrapper/GEN_EXP[8].u_tr_exp/mux_exp_lut[a_idx]_79_37/in_0[2] 	 (fanout : 1)
hpin:soft_dsp_eng_post_wrapper/u_tr_exp_wrapper/GEN_EXP[8].u_tr_exp/mux_exp_lut[a_idx]_79_37/in_0[1] 	 (fanout : 1)
hpin:soft_dsp_eng_post_wrapper/u_tr_exp_wrapper/GEN_EXP[8].u_tr_exp/mux_exp_lut[a_idx]_79_37/in_0[0] 	 (fanout : 1)
hpin:soft_dsp_eng_post_wrapper/u_tr_exp_wrapper/GEN_EXP[8].u_tr_exp/mux_exp_lut[a_idx]_79_37/in_1[6] 	 (fanout : 1)
hpin:soft_dsp_eng_post_wrapper/u_tr_exp_wrapper/GEN_EXP[8].u_tr_exp/mux_exp_lut[a_idx]_79_37/in_1[5] 	 (fanout : 1)
hpin:soft_dsp_eng_post_wrapper/u_tr_exp_wrapper/GEN_EXP[8].u_tr_exp/mux_exp_lut[a_idx]_79_37/in_1[4] 	 (fanout : 1)
hpin:soft_dsp_eng_post_wrapper/u_tr_exp_wrapper/GEN_EXP[8].u_tr_exp/mux_exp_lut[a_idx]_79_37/in_1[3] 	 (fanout : 1)
hpin:soft_dsp_eng_post_wrapper/u_tr_exp_wrapper/GEN_EXP[8].u_tr_exp/mux_exp_lut[a_idx]_79_37/in_1[2] 	 (fanout : 1)
hpin:soft_dsp_eng_post_wrapper/u_tr_exp_wrapper/GEN_EXP[8].u_tr_exp/mux_exp_lut[a_idx]_79_37/in_1[1] 	 (fanout : 1)
hpin:soft_dsp_eng_post_wrapper/u_tr_exp_wrapper/GEN_EXP[8].u_tr_exp/mux_exp_lut[a_idx]_79_37/in_1[0] 	 (fanout : 1)
hpin:soft_dsp_eng_post_wrapper/u_tr_exp_wrapper/GEN_EXP[8].u_tr_exp/mux_exp_lut[a_idx]_79_37/in_2[6] 	 (fanout : 1)
hpin:soft_dsp_eng_post_wrapper/u_tr_exp_wrapper/GEN_EXP[8].u_tr_exp/mux_exp_lut[a_idx]_79_37/in_2[5] 	 (fanout : 1)
hpin:soft_dsp_eng_post_wrapper/u_tr_exp_wrapper/GEN_EXP[8].u_tr_exp/mux_exp_lut[a_idx]_79_37/in_2[4] 	 (fanout : 1)
hpin:soft_dsp_eng_post_wrapper/u_tr_exp_wrapper/GEN_EXP[8].u_tr_exp/mux_exp_lut[a_idx]_79_37/in_2[3] 	 (fanout : 1)
hpin:soft_dsp_eng_post_wrapper/u_tr_exp_wrapper/GEN_EXP[8].u_tr_exp/mux_exp_lut[a_idx]_79_37/in_2[2] 	 (fanout : 1)
hpin:soft_dsp_eng_post_wrapper/u_tr_exp_wrapper/GEN_EXP[8].u_tr_exp/mux_exp_lut[a_idx]_79_37/in_2[1] 	 (fanout : 1)
hpin:soft_dsp_eng_post_wrapper/u_tr_exp_wrapper/GEN_EXP[8].u_tr_exp/mux_exp_lut[a_idx]_79_37/in_2[0] 	 (fanout : 1)
hpin:soft_dsp_eng_post_wrapper/u_tr_exp_wrapper/GEN_EXP[8].u_tr_exp/mux_exp_lut[a_idx]_79_37/in_3[6] 	 (fanout : 1)
hpin:soft_dsp_eng_post_wrapper/u_tr_exp_wrapper/GEN_EXP[8].u_tr_exp/mux_exp_lut[a_idx]_79_37/in_3[5] 	 (fanout : 1)
hpin:soft_dsp_eng_post_wrapper/u_tr_exp_wrapper/GEN_EXP[8].u_tr_exp/mux_exp_lut[a_idx]_79_37/in_3[4] 	 (fanout : 1)
hpin:soft_dsp_eng_post_wrapper/u_tr_exp_wrapper/GEN_EXP[8].u_tr_exp/mux_exp_lut[a_idx]_79_37/in_3[3] 	 (fanout : 1)
hpin:soft_dsp_eng_post_wrapper/u_tr_exp_wrapper/GEN_EXP[8].u_tr_exp/mux_exp_lut[a_idx]_79_37/in_3[2] 	 (fanout : 1)
hpin:soft_dsp_eng_post_wrapper/u_tr_exp_wrapper/GEN_EXP[8].u_tr_exp/mux_exp_lut[a_idx]_79_37/in_3[1] 	 (fanout : 1)
hpin:soft_dsp_eng_post_wrapper/u_tr_exp_wrapper/GEN_EXP[8].u_tr_exp/mux_exp_lut[a_idx]_79_37/in_3[0] 	 (fanout : 1)
hpin:soft_dsp_eng_post_wrapper/u_tr_exp_wrapper/GEN_EXP[8].u_tr_exp/mux_exp_lut[a_idx]_79_37/in_4[6] 	 (fanout : 1)
hpin:soft_dsp_eng_post_wrapper/u_tr_exp_wrapper/GEN_EXP[8].u_tr_exp/mux_exp_lut[a_idx]_79_37/in_4[5] 	 (fanout : 1)
hpin:soft_dsp_eng_post_wrapper/u_tr_exp_wrapper/GEN_EXP[8].u_tr_exp/mux_exp_lut[a_idx]_79_37/in_4[4] 	 (fanout : 1)
hpin:soft_dsp_eng_post_wrapper/u_tr_exp_wrapper/GEN_EXP[8].u_tr_exp/mux_exp_lut[a_idx]_79_37/in_4[3] 	 (fanout : 1)
hpin:soft_dsp_eng_post_wrapper/u_tr_exp_wrapper/GEN_EXP[8].u_tr_exp/mux_exp_lut[a_idx]_79_37/in_4[2] 	 (fanout : 1)
hpin:soft_dsp_eng_post_wrapper/u_tr_exp_wrapper/GEN_EXP[8].u_tr_exp/mux_exp_lut[a_idx]_79_37/in_4[1] 	 (fanout : 1)
hpin:soft_dsp_eng_post_wrapper/u_tr_exp_wrapper/GEN_EXP[8].u_tr_exp/mux_exp_lut[a_idx]_79_37/in_4[0] 	 (fanout : 1)
hpin:soft_dsp_eng_post_wrapper/u_tr_exp_wrapper/GEN_EXP[8].u_tr_exp/mux_exp_lut[a_idx]_79_37/in_5[6] 	 (fanout : 1)
hpin:soft_dsp_eng_post_wrapper/u_tr_exp_wrapper/GEN_EXP[8].u_tr_exp/mux_exp_lut[a_idx]_79_37/in_5[5] 	 (fanout : 1)
hpin:soft_dsp_eng_post_wrapper/u_tr_exp_wrapper/GEN_EXP[8].u_tr_exp/mux_exp_lut[a_idx]_79_37/in_5[4] 	 (fanout : 1)
hpin:soft_dsp_eng_post_wrapper/u_tr_exp_wrapper/GEN_EXP[8].u_tr_exp/mux_exp_lut[a_idx]_79_37/in_5[3] 	 (fanout : 1)
hpin:soft_dsp_eng_post_wrapper/u_tr_exp_wrapper/GEN_EXP[8].u_tr_exp/mux_exp_lut[a_idx]_79_37/in_5[2] 	 (fanout : 1)
hpin:soft_dsp_eng_post_wrapper/u_tr_exp_wrapper/GEN_EXP[8].u_tr_exp/mux_exp_lut[a_idx]_79_37/in_5[1] 	 (fanout : 1)
hpin:soft_dsp_eng_post_wrapper/u_tr_exp_wrapper/GEN_EXP[8].u_tr_exp/mux_exp_lut[a_idx]_79_37/in_5[0] 	 (fanout : 1)
hpin:soft_dsp_eng_post_wrapper/u_tr_exp_wrapper/GEN_EXP[8].u_tr_exp/mux_exp_lut[a_idx]_79_37/in_6[6] 	 (fanout : 1)
hpin:soft_dsp_eng_post_wrapper/u_tr_exp_wrapper/GEN_EXP[8].u_tr_exp/mux_exp_lut[a_idx]_79_37/in_6[5] 	 (fanout : 1)
hpin:soft_dsp_eng_post_wrapper/u_tr_exp_wrapper/GEN_EXP[8].u_tr_exp/mux_exp_lut[a_idx]_79_37/in_6[4] 	 (fanout : 1)
hpin:soft_dsp_eng_post_wrapper/u_tr_exp_wrapper/GEN_EXP[8].u_tr_exp/mux_exp_lut[a_idx]_79_37/in_6[3] 	 (fanout : 1)
hpin:soft_dsp_eng_post_wrapper/u_tr_exp_wrapper/GEN_EXP[8].u_tr_exp/mux_exp_lut[a_idx]_79_37/in_6[2] 	 (fanout : 1)
hpin:soft_dsp_eng_post_wrapper/u_tr_exp_wrapper/GEN_EXP[8].u_tr_exp/mux_exp_lut[a_idx]_79_37/in_6[1] 	 (fanout : 1)
hpin:soft_dsp_eng_post_wrapper/u_tr_exp_wrapper/GEN_EXP[8].u_tr_exp/mux_exp_lut[a_idx]_79_37/in_6[0] 	 (fanout : 1)
hpin:soft_dsp_eng_post_wrapper/u_tr_exp_wrapper/GEN_EXP[8].u_tr_exp/mux_exp_lut[a_idx]_79_37/in_7[6] 	 (fanout : 1)
hpin:soft_dsp_eng_post_wrapper/u_tr_exp_wrapper/GEN_EXP[8].u_tr_exp/mux_exp_lut[a_idx]_79_37/in_7[5] 	 (fanout : 1)
hpin:soft_dsp_eng_post_wrapper/u_tr_exp_wrapper/GEN_EXP[8].u_tr_exp/mux_exp_lut[a_idx]_79_37/in_7[4] 	 (fanout : 1)
hpin:soft_dsp_eng_post_wrapper/u_tr_exp_wrapper/GEN_EXP[8].u_tr_exp/mux_exp_lut[a_idx]_79_37/in_7[3] 	 (fanout : 1)
hpin:soft_dsp_eng_post_wrapper/u_tr_exp_wrapper/GEN_EXP[8].u_tr_exp/mux_exp_lut[a_idx]_79_37/in_7[2] 	 (fanout : 1)
hpin:soft_dsp_eng_post_wrapper/u_tr_exp_wrapper/GEN_EXP[8].u_tr_exp/mux_exp_lut[a_idx]_79_37/in_7[1] 	 (fanout : 1)
hpin:soft_dsp_eng_post_wrapper/u_tr_exp_wrapper/GEN_EXP[8].u_tr_exp/mux_exp_lut[a_idx]_79_37/in_7[0] 	 (fanout : 1)
hpin:soft_dsp_eng_post_wrapper/u_tr_exp_wrapper/GEN_EXP[8].u_tr_exp/mux_79_18/in_0[7] 	 (fanout : 1)
hpin:soft_dsp_eng_post_wrapper/u_tr_exp_wrapper/GEN_EXP[8].u_tr_exp/mux_79_18/in_1[7] 	 (fanout : 1)
hpin:soft_dsp_eng_post_wrapper/u_tr_exp_wrapper/GEN_EXP[8].u_tr_exp/mux_79_18/in_1[6] 	 (fanout : 1)
hpin:soft_dsp_eng_post_wrapper/u_tr_exp_wrapper/GEN_EXP[8].u_tr_exp/mux_79_18/in_1[5] 	 (fanout : 1)
hpin:soft_dsp_eng_post_wrapper/u_tr_exp_wrapper/GEN_EXP[8].u_tr_exp/mux_79_18/in_1[4] 	 (fanout : 1)
hpin:soft_dsp_eng_post_wrapper/u_tr_exp_wrapper/GEN_EXP[8].u_tr_exp/mux_79_18/in_1[3] 	 (fanout : 1)
hpin:soft_dsp_eng_post_wrapper/u_tr_exp_wrapper/GEN_EXP[8].u_tr_exp/mux_79_18/in_1[2] 	 (fanout : 1)
hpin:soft_dsp_eng_post_wrapper/u_tr_exp_wrapper/GEN_EXP[8].u_tr_exp/mux_79_18/in_1[1] 	 (fanout : 1)
hpin:soft_dsp_eng_post_wrapper/u_tr_exp_wrapper/GEN_EXP[8].u_tr_exp/mux_79_18/in_1[0] 	 (fanout : 1)
hpin:soft_dsp_eng_post_wrapper/u_tr_exp_wrapper/GEN_EXP[8].u_tr_exp/uut/eq_27_44/B 	 (fanout : 1)
hpin:soft_dsp_eng_post_wrapper/u_tr_exp_wrapper/GEN_EXP[8].u_tr_exp/uut/add_24_61/B[1] 	 (fanout : 5)
hpin:soft_dsp_eng_post_wrapper/u_tr_exp_wrapper/GEN_EXP[8].u_tr_exp/uut/add_24_61/B[0] 	 (fanout : 2)
hpin:soft_dsp_eng_post_wrapper/u_tr_exp_wrapper/GEN_EXP[9].u_tr_exp/add_98_47/A[5] 	 (fanout : 1)
hpin:soft_dsp_eng_post_wrapper/u_tr_exp_wrapper/GEN_EXP[9].u_tr_exp/mux_exp_lut[a_idx]_79_37/in_0[6] 	 (fanout : 1)
hpin:soft_dsp_eng_post_wrapper/u_tr_exp_wrapper/GEN_EXP[9].u_tr_exp/mux_exp_lut[a_idx]_79_37/in_0[5] 	 (fanout : 1)
hpin:soft_dsp_eng_post_wrapper/u_tr_exp_wrapper/GEN_EXP[9].u_tr_exp/mux_exp_lut[a_idx]_79_37/in_0[4] 	 (fanout : 1)
hpin:soft_dsp_eng_post_wrapper/u_tr_exp_wrapper/GEN_EXP[9].u_tr_exp/mux_exp_lut[a_idx]_79_37/in_0[3] 	 (fanout : 1)
hpin:soft_dsp_eng_post_wrapper/u_tr_exp_wrapper/GEN_EXP[9].u_tr_exp/mux_exp_lut[a_idx]_79_37/in_0[2] 	 (fanout : 1)
hpin:soft_dsp_eng_post_wrapper/u_tr_exp_wrapper/GEN_EXP[9].u_tr_exp/mux_exp_lut[a_idx]_79_37/in_0[1] 	 (fanout : 1)
hpin:soft_dsp_eng_post_wrapper/u_tr_exp_wrapper/GEN_EXP[9].u_tr_exp/mux_exp_lut[a_idx]_79_37/in_0[0] 	 (fanout : 1)
hpin:soft_dsp_eng_post_wrapper/u_tr_exp_wrapper/GEN_EXP[9].u_tr_exp/mux_exp_lut[a_idx]_79_37/in_1[6] 	 (fanout : 1)
hpin:soft_dsp_eng_post_wrapper/u_tr_exp_wrapper/GEN_EXP[9].u_tr_exp/mux_exp_lut[a_idx]_79_37/in_1[5] 	 (fanout : 1)
hpin:soft_dsp_eng_post_wrapper/u_tr_exp_wrapper/GEN_EXP[9].u_tr_exp/mux_exp_lut[a_idx]_79_37/in_1[4] 	 (fanout : 1)
hpin:soft_dsp_eng_post_wrapper/u_tr_exp_wrapper/GEN_EXP[9].u_tr_exp/mux_exp_lut[a_idx]_79_37/in_1[3] 	 (fanout : 1)
hpin:soft_dsp_eng_post_wrapper/u_tr_exp_wrapper/GEN_EXP[9].u_tr_exp/mux_exp_lut[a_idx]_79_37/in_1[2] 	 (fanout : 1)
hpin:soft_dsp_eng_post_wrapper/u_tr_exp_wrapper/GEN_EXP[9].u_tr_exp/mux_exp_lut[a_idx]_79_37/in_1[1] 	 (fanout : 1)
hpin:soft_dsp_eng_post_wrapper/u_tr_exp_wrapper/GEN_EXP[9].u_tr_exp/mux_exp_lut[a_idx]_79_37/in_1[0] 	 (fanout : 1)
hpin:soft_dsp_eng_post_wrapper/u_tr_exp_wrapper/GEN_EXP[9].u_tr_exp/mux_exp_lut[a_idx]_79_37/in_2[6] 	 (fanout : 1)
hpin:soft_dsp_eng_post_wrapper/u_tr_exp_wrapper/GEN_EXP[9].u_tr_exp/mux_exp_lut[a_idx]_79_37/in_2[5] 	 (fanout : 1)
hpin:soft_dsp_eng_post_wrapper/u_tr_exp_wrapper/GEN_EXP[9].u_tr_exp/mux_exp_lut[a_idx]_79_37/in_2[4] 	 (fanout : 1)
hpin:soft_dsp_eng_post_wrapper/u_tr_exp_wrapper/GEN_EXP[9].u_tr_exp/mux_exp_lut[a_idx]_79_37/in_2[3] 	 (fanout : 1)
hpin:soft_dsp_eng_post_wrapper/u_tr_exp_wrapper/GEN_EXP[9].u_tr_exp/mux_exp_lut[a_idx]_79_37/in_2[2] 	 (fanout : 1)
hpin:soft_dsp_eng_post_wrapper/u_tr_exp_wrapper/GEN_EXP[9].u_tr_exp/mux_exp_lut[a_idx]_79_37/in_2[1] 	 (fanout : 1)
hpin:soft_dsp_eng_post_wrapper/u_tr_exp_wrapper/GEN_EXP[9].u_tr_exp/mux_exp_lut[a_idx]_79_37/in_2[0] 	 (fanout : 1)
hpin:soft_dsp_eng_post_wrapper/u_tr_exp_wrapper/GEN_EXP[9].u_tr_exp/mux_exp_lut[a_idx]_79_37/in_3[6] 	 (fanout : 1)
hpin:soft_dsp_eng_post_wrapper/u_tr_exp_wrapper/GEN_EXP[9].u_tr_exp/mux_exp_lut[a_idx]_79_37/in_3[5] 	 (fanout : 1)
hpin:soft_dsp_eng_post_wrapper/u_tr_exp_wrapper/GEN_EXP[9].u_tr_exp/mux_exp_lut[a_idx]_79_37/in_3[4] 	 (fanout : 1)
hpin:soft_dsp_eng_post_wrapper/u_tr_exp_wrapper/GEN_EXP[9].u_tr_exp/mux_exp_lut[a_idx]_79_37/in_3[3] 	 (fanout : 1)
hpin:soft_dsp_eng_post_wrapper/u_tr_exp_wrapper/GEN_EXP[9].u_tr_exp/mux_exp_lut[a_idx]_79_37/in_3[2] 	 (fanout : 1)
hpin:soft_dsp_eng_post_wrapper/u_tr_exp_wrapper/GEN_EXP[9].u_tr_exp/mux_exp_lut[a_idx]_79_37/in_3[1] 	 (fanout : 1)
hpin:soft_dsp_eng_post_wrapper/u_tr_exp_wrapper/GEN_EXP[9].u_tr_exp/mux_exp_lut[a_idx]_79_37/in_3[0] 	 (fanout : 1)
hpin:soft_dsp_eng_post_wrapper/u_tr_exp_wrapper/GEN_EXP[9].u_tr_exp/mux_exp_lut[a_idx]_79_37/in_4[6] 	 (fanout : 1)
hpin:soft_dsp_eng_post_wrapper/u_tr_exp_wrapper/GEN_EXP[9].u_tr_exp/mux_exp_lut[a_idx]_79_37/in_4[5] 	 (fanout : 1)
hpin:soft_dsp_eng_post_wrapper/u_tr_exp_wrapper/GEN_EXP[9].u_tr_exp/mux_exp_lut[a_idx]_79_37/in_4[4] 	 (fanout : 1)
hpin:soft_dsp_eng_post_wrapper/u_tr_exp_wrapper/GEN_EXP[9].u_tr_exp/mux_exp_lut[a_idx]_79_37/in_4[3] 	 (fanout : 1)
hpin:soft_dsp_eng_post_wrapper/u_tr_exp_wrapper/GEN_EXP[9].u_tr_exp/mux_exp_lut[a_idx]_79_37/in_4[2] 	 (fanout : 1)
hpin:soft_dsp_eng_post_wrapper/u_tr_exp_wrapper/GEN_EXP[9].u_tr_exp/mux_exp_lut[a_idx]_79_37/in_4[1] 	 (fanout : 1)
hpin:soft_dsp_eng_post_wrapper/u_tr_exp_wrapper/GEN_EXP[9].u_tr_exp/mux_exp_lut[a_idx]_79_37/in_4[0] 	 (fanout : 1)
hpin:soft_dsp_eng_post_wrapper/u_tr_exp_wrapper/GEN_EXP[9].u_tr_exp/mux_exp_lut[a_idx]_79_37/in_5[6] 	 (fanout : 1)
hpin:soft_dsp_eng_post_wrapper/u_tr_exp_wrapper/GEN_EXP[9].u_tr_exp/mux_exp_lut[a_idx]_79_37/in_5[5] 	 (fanout : 1)
hpin:soft_dsp_eng_post_wrapper/u_tr_exp_wrapper/GEN_EXP[9].u_tr_exp/mux_exp_lut[a_idx]_79_37/in_5[4] 	 (fanout : 1)
hpin:soft_dsp_eng_post_wrapper/u_tr_exp_wrapper/GEN_EXP[9].u_tr_exp/mux_exp_lut[a_idx]_79_37/in_5[3] 	 (fanout : 1)
hpin:soft_dsp_eng_post_wrapper/u_tr_exp_wrapper/GEN_EXP[9].u_tr_exp/mux_exp_lut[a_idx]_79_37/in_5[2] 	 (fanout : 1)
hpin:soft_dsp_eng_post_wrapper/u_tr_exp_wrapper/GEN_EXP[9].u_tr_exp/mux_exp_lut[a_idx]_79_37/in_5[1] 	 (fanout : 1)
hpin:soft_dsp_eng_post_wrapper/u_tr_exp_wrapper/GEN_EXP[9].u_tr_exp/mux_exp_lut[a_idx]_79_37/in_5[0] 	 (fanout : 1)
hpin:soft_dsp_eng_post_wrapper/u_tr_exp_wrapper/GEN_EXP[9].u_tr_exp/mux_exp_lut[a_idx]_79_37/in_6[6] 	 (fanout : 1)
hpin:soft_dsp_eng_post_wrapper/u_tr_exp_wrapper/GEN_EXP[9].u_tr_exp/mux_exp_lut[a_idx]_79_37/in_6[5] 	 (fanout : 1)
hpin:soft_dsp_eng_post_wrapper/u_tr_exp_wrapper/GEN_EXP[9].u_tr_exp/mux_exp_lut[a_idx]_79_37/in_6[4] 	 (fanout : 1)
hpin:soft_dsp_eng_post_wrapper/u_tr_exp_wrapper/GEN_EXP[9].u_tr_exp/mux_exp_lut[a_idx]_79_37/in_6[3] 	 (fanout : 1)
hpin:soft_dsp_eng_post_wrapper/u_tr_exp_wrapper/GEN_EXP[9].u_tr_exp/mux_exp_lut[a_idx]_79_37/in_6[2] 	 (fanout : 1)
hpin:soft_dsp_eng_post_wrapper/u_tr_exp_wrapper/GEN_EXP[9].u_tr_exp/mux_exp_lut[a_idx]_79_37/in_6[1] 	 (fanout : 1)
hpin:soft_dsp_eng_post_wrapper/u_tr_exp_wrapper/GEN_EXP[9].u_tr_exp/mux_exp_lut[a_idx]_79_37/in_6[0] 	 (fanout : 1)
hpin:soft_dsp_eng_post_wrapper/u_tr_exp_wrapper/GEN_EXP[9].u_tr_exp/mux_exp_lut[a_idx]_79_37/in_7[6] 	 (fanout : 1)
hpin:soft_dsp_eng_post_wrapper/u_tr_exp_wrapper/GEN_EXP[9].u_tr_exp/mux_exp_lut[a_idx]_79_37/in_7[5] 	 (fanout : 1)
hpin:soft_dsp_eng_post_wrapper/u_tr_exp_wrapper/GEN_EXP[9].u_tr_exp/mux_exp_lut[a_idx]_79_37/in_7[4] 	 (fanout : 1)
hpin:soft_dsp_eng_post_wrapper/u_tr_exp_wrapper/GEN_EXP[9].u_tr_exp/mux_exp_lut[a_idx]_79_37/in_7[3] 	 (fanout : 1)
hpin:soft_dsp_eng_post_wrapper/u_tr_exp_wrapper/GEN_EXP[9].u_tr_exp/mux_exp_lut[a_idx]_79_37/in_7[2] 	 (fanout : 1)
hpin:soft_dsp_eng_post_wrapper/u_tr_exp_wrapper/GEN_EXP[9].u_tr_exp/mux_exp_lut[a_idx]_79_37/in_7[1] 	 (fanout : 1)
hpin:soft_dsp_eng_post_wrapper/u_tr_exp_wrapper/GEN_EXP[9].u_tr_exp/mux_exp_lut[a_idx]_79_37/in_7[0] 	 (fanout : 1)
hpin:soft_dsp_eng_post_wrapper/u_tr_exp_wrapper/GEN_EXP[9].u_tr_exp/mux_79_18/in_0[7] 	 (fanout : 1)
hpin:soft_dsp_eng_post_wrapper/u_tr_exp_wrapper/GEN_EXP[9].u_tr_exp/mux_79_18/in_1[7] 	 (fanout : 1)
hpin:soft_dsp_eng_post_wrapper/u_tr_exp_wrapper/GEN_EXP[9].u_tr_exp/mux_79_18/in_1[6] 	 (fanout : 1)
hpin:soft_dsp_eng_post_wrapper/u_tr_exp_wrapper/GEN_EXP[9].u_tr_exp/mux_79_18/in_1[5] 	 (fanout : 1)
hpin:soft_dsp_eng_post_wrapper/u_tr_exp_wrapper/GEN_EXP[9].u_tr_exp/mux_79_18/in_1[4] 	 (fanout : 1)
hpin:soft_dsp_eng_post_wrapper/u_tr_exp_wrapper/GEN_EXP[9].u_tr_exp/mux_79_18/in_1[3] 	 (fanout : 1)
hpin:soft_dsp_eng_post_wrapper/u_tr_exp_wrapper/GEN_EXP[9].u_tr_exp/mux_79_18/in_1[2] 	 (fanout : 1)
hpin:soft_dsp_eng_post_wrapper/u_tr_exp_wrapper/GEN_EXP[9].u_tr_exp/mux_79_18/in_1[1] 	 (fanout : 1)
hpin:soft_dsp_eng_post_wrapper/u_tr_exp_wrapper/GEN_EXP[9].u_tr_exp/mux_79_18/in_1[0] 	 (fanout : 1)
hpin:soft_dsp_eng_post_wrapper/u_tr_exp_wrapper/GEN_EXP[9].u_tr_exp/uut/eq_27_44/B 	 (fanout : 1)
hpin:soft_dsp_eng_post_wrapper/u_tr_exp_wrapper/GEN_EXP[9].u_tr_exp/uut/add_24_61/B[1] 	 (fanout : 5)
hpin:soft_dsp_eng_post_wrapper/u_tr_exp_wrapper/GEN_EXP[9].u_tr_exp/uut/add_24_61/B[0] 	 (fanout : 2)
hpin:soft_dsp_eng_post_wrapper/u_tr_exp_wrapper/GEN_EXP[10].u_tr_exp/add_98_47/A[5] 	 (fanout : 1)
hpin:soft_dsp_eng_post_wrapper/u_tr_exp_wrapper/GEN_EXP[10].u_tr_exp/mux_exp_lut[a_idx]_79_37/in_0[6] 	 (fanout : 1)
hpin:soft_dsp_eng_post_wrapper/u_tr_exp_wrapper/GEN_EXP[10].u_tr_exp/mux_exp_lut[a_idx]_79_37/in_0[5] 	 (fanout : 1)
hpin:soft_dsp_eng_post_wrapper/u_tr_exp_wrapper/GEN_EXP[10].u_tr_exp/mux_exp_lut[a_idx]_79_37/in_0[4] 	 (fanout : 1)
hpin:soft_dsp_eng_post_wrapper/u_tr_exp_wrapper/GEN_EXP[10].u_tr_exp/mux_exp_lut[a_idx]_79_37/in_0[3] 	 (fanout : 1)
hpin:soft_dsp_eng_post_wrapper/u_tr_exp_wrapper/GEN_EXP[10].u_tr_exp/mux_exp_lut[a_idx]_79_37/in_0[2] 	 (fanout : 1)
hpin:soft_dsp_eng_post_wrapper/u_tr_exp_wrapper/GEN_EXP[10].u_tr_exp/mux_exp_lut[a_idx]_79_37/in_0[1] 	 (fanout : 1)
hpin:soft_dsp_eng_post_wrapper/u_tr_exp_wrapper/GEN_EXP[10].u_tr_exp/mux_exp_lut[a_idx]_79_37/in_0[0] 	 (fanout : 1)
hpin:soft_dsp_eng_post_wrapper/u_tr_exp_wrapper/GEN_EXP[10].u_tr_exp/mux_exp_lut[a_idx]_79_37/in_1[6] 	 (fanout : 1)
hpin:soft_dsp_eng_post_wrapper/u_tr_exp_wrapper/GEN_EXP[10].u_tr_exp/mux_exp_lut[a_idx]_79_37/in_1[5] 	 (fanout : 1)
hpin:soft_dsp_eng_post_wrapper/u_tr_exp_wrapper/GEN_EXP[10].u_tr_exp/mux_exp_lut[a_idx]_79_37/in_1[4] 	 (fanout : 1)
hpin:soft_dsp_eng_post_wrapper/u_tr_exp_wrapper/GEN_EXP[10].u_tr_exp/mux_exp_lut[a_idx]_79_37/in_1[3] 	 (fanout : 1)
hpin:soft_dsp_eng_post_wrapper/u_tr_exp_wrapper/GEN_EXP[10].u_tr_exp/mux_exp_lut[a_idx]_79_37/in_1[2] 	 (fanout : 1)
hpin:soft_dsp_eng_post_wrapper/u_tr_exp_wrapper/GEN_EXP[10].u_tr_exp/mux_exp_lut[a_idx]_79_37/in_1[1] 	 (fanout : 1)
hpin:soft_dsp_eng_post_wrapper/u_tr_exp_wrapper/GEN_EXP[10].u_tr_exp/mux_exp_lut[a_idx]_79_37/in_1[0] 	 (fanout : 1)
hpin:soft_dsp_eng_post_wrapper/u_tr_exp_wrapper/GEN_EXP[10].u_tr_exp/mux_exp_lut[a_idx]_79_37/in_2[6] 	 (fanout : 1)
hpin:soft_dsp_eng_post_wrapper/u_tr_exp_wrapper/GEN_EXP[10].u_tr_exp/mux_exp_lut[a_idx]_79_37/in_2[5] 	 (fanout : 1)
hpin:soft_dsp_eng_post_wrapper/u_tr_exp_wrapper/GEN_EXP[10].u_tr_exp/mux_exp_lut[a_idx]_79_37/in_2[4] 	 (fanout : 1)
hpin:soft_dsp_eng_post_wrapper/u_tr_exp_wrapper/GEN_EXP[10].u_tr_exp/mux_exp_lut[a_idx]_79_37/in_2[3] 	 (fanout : 1)
hpin:soft_dsp_eng_post_wrapper/u_tr_exp_wrapper/GEN_EXP[10].u_tr_exp/mux_exp_lut[a_idx]_79_37/in_2[2] 	 (fanout : 1)
hpin:soft_dsp_eng_post_wrapper/u_tr_exp_wrapper/GEN_EXP[10].u_tr_exp/mux_exp_lut[a_idx]_79_37/in_2[1] 	 (fanout : 1)
hpin:soft_dsp_eng_post_wrapper/u_tr_exp_wrapper/GEN_EXP[10].u_tr_exp/mux_exp_lut[a_idx]_79_37/in_2[0] 	 (fanout : 1)
hpin:soft_dsp_eng_post_wrapper/u_tr_exp_wrapper/GEN_EXP[10].u_tr_exp/mux_exp_lut[a_idx]_79_37/in_3[6] 	 (fanout : 1)
hpin:soft_dsp_eng_post_wrapper/u_tr_exp_wrapper/GEN_EXP[10].u_tr_exp/mux_exp_lut[a_idx]_79_37/in_3[5] 	 (fanout : 1)
hpin:soft_dsp_eng_post_wrapper/u_tr_exp_wrapper/GEN_EXP[10].u_tr_exp/mux_exp_lut[a_idx]_79_37/in_3[4] 	 (fanout : 1)
hpin:soft_dsp_eng_post_wrapper/u_tr_exp_wrapper/GEN_EXP[10].u_tr_exp/mux_exp_lut[a_idx]_79_37/in_3[3] 	 (fanout : 1)
hpin:soft_dsp_eng_post_wrapper/u_tr_exp_wrapper/GEN_EXP[10].u_tr_exp/mux_exp_lut[a_idx]_79_37/in_3[2] 	 (fanout : 1)
hpin:soft_dsp_eng_post_wrapper/u_tr_exp_wrapper/GEN_EXP[10].u_tr_exp/mux_exp_lut[a_idx]_79_37/in_3[1] 	 (fanout : 1)
hpin:soft_dsp_eng_post_wrapper/u_tr_exp_wrapper/GEN_EXP[10].u_tr_exp/mux_exp_lut[a_idx]_79_37/in_3[0] 	 (fanout : 1)
hpin:soft_dsp_eng_post_wrapper/u_tr_exp_wrapper/GEN_EXP[10].u_tr_exp/mux_exp_lut[a_idx]_79_37/in_4[6] 	 (fanout : 1)
hpin:soft_dsp_eng_post_wrapper/u_tr_exp_wrapper/GEN_EXP[10].u_tr_exp/mux_exp_lut[a_idx]_79_37/in_4[5] 	 (fanout : 1)
hpin:soft_dsp_eng_post_wrapper/u_tr_exp_wrapper/GEN_EXP[10].u_tr_exp/mux_exp_lut[a_idx]_79_37/in_4[4] 	 (fanout : 1)
hpin:soft_dsp_eng_post_wrapper/u_tr_exp_wrapper/GEN_EXP[10].u_tr_exp/mux_exp_lut[a_idx]_79_37/in_4[3] 	 (fanout : 1)
hpin:soft_dsp_eng_post_wrapper/u_tr_exp_wrapper/GEN_EXP[10].u_tr_exp/mux_exp_lut[a_idx]_79_37/in_4[2] 	 (fanout : 1)
hpin:soft_dsp_eng_post_wrapper/u_tr_exp_wrapper/GEN_EXP[10].u_tr_exp/mux_exp_lut[a_idx]_79_37/in_4[1] 	 (fanout : 1)
hpin:soft_dsp_eng_post_wrapper/u_tr_exp_wrapper/GEN_EXP[10].u_tr_exp/mux_exp_lut[a_idx]_79_37/in_4[0] 	 (fanout : 1)
hpin:soft_dsp_eng_post_wrapper/u_tr_exp_wrapper/GEN_EXP[10].u_tr_exp/mux_exp_lut[a_idx]_79_37/in_5[6] 	 (fanout : 1)
hpin:soft_dsp_eng_post_wrapper/u_tr_exp_wrapper/GEN_EXP[10].u_tr_exp/mux_exp_lut[a_idx]_79_37/in_5[5] 	 (fanout : 1)
hpin:soft_dsp_eng_post_wrapper/u_tr_exp_wrapper/GEN_EXP[10].u_tr_exp/mux_exp_lut[a_idx]_79_37/in_5[4] 	 (fanout : 1)
hpin:soft_dsp_eng_post_wrapper/u_tr_exp_wrapper/GEN_EXP[10].u_tr_exp/mux_exp_lut[a_idx]_79_37/in_5[3] 	 (fanout : 1)
hpin:soft_dsp_eng_post_wrapper/u_tr_exp_wrapper/GEN_EXP[10].u_tr_exp/mux_exp_lut[a_idx]_79_37/in_5[2] 	 (fanout : 1)
hpin:soft_dsp_eng_post_wrapper/u_tr_exp_wrapper/GEN_EXP[10].u_tr_exp/mux_exp_lut[a_idx]_79_37/in_5[1] 	 (fanout : 1)
hpin:soft_dsp_eng_post_wrapper/u_tr_exp_wrapper/GEN_EXP[10].u_tr_exp/mux_exp_lut[a_idx]_79_37/in_5[0] 	 (fanout : 1)
hpin:soft_dsp_eng_post_wrapper/u_tr_exp_wrapper/GEN_EXP[10].u_tr_exp/mux_exp_lut[a_idx]_79_37/in_6[6] 	 (fanout : 1)
hpin:soft_dsp_eng_post_wrapper/u_tr_exp_wrapper/GEN_EXP[10].u_tr_exp/mux_exp_lut[a_idx]_79_37/in_6[5] 	 (fanout : 1)
hpin:soft_dsp_eng_post_wrapper/u_tr_exp_wrapper/GEN_EXP[10].u_tr_exp/mux_exp_lut[a_idx]_79_37/in_6[4] 	 (fanout : 1)
hpin:soft_dsp_eng_post_wrapper/u_tr_exp_wrapper/GEN_EXP[10].u_tr_exp/mux_exp_lut[a_idx]_79_37/in_6[3] 	 (fanout : 1)
hpin:soft_dsp_eng_post_wrapper/u_tr_exp_wrapper/GEN_EXP[10].u_tr_exp/mux_exp_lut[a_idx]_79_37/in_6[2] 	 (fanout : 1)
hpin:soft_dsp_eng_post_wrapper/u_tr_exp_wrapper/GEN_EXP[10].u_tr_exp/mux_exp_lut[a_idx]_79_37/in_6[1] 	 (fanout : 1)
hpin:soft_dsp_eng_post_wrapper/u_tr_exp_wrapper/GEN_EXP[10].u_tr_exp/mux_exp_lut[a_idx]_79_37/in_6[0] 	 (fanout : 1)
hpin:soft_dsp_eng_post_wrapper/u_tr_exp_wrapper/GEN_EXP[10].u_tr_exp/mux_exp_lut[a_idx]_79_37/in_7[6] 	 (fanout : 1)
hpin:soft_dsp_eng_post_wrapper/u_tr_exp_wrapper/GEN_EXP[10].u_tr_exp/mux_exp_lut[a_idx]_79_37/in_7[5] 	 (fanout : 1)
hpin:soft_dsp_eng_post_wrapper/u_tr_exp_wrapper/GEN_EXP[10].u_tr_exp/mux_exp_lut[a_idx]_79_37/in_7[4] 	 (fanout : 1)
hpin:soft_dsp_eng_post_wrapper/u_tr_exp_wrapper/GEN_EXP[10].u_tr_exp/mux_exp_lut[a_idx]_79_37/in_7[3] 	 (fanout : 1)
hpin:soft_dsp_eng_post_wrapper/u_tr_exp_wrapper/GEN_EXP[10].u_tr_exp/mux_exp_lut[a_idx]_79_37/in_7[2] 	 (fanout : 1)
hpin:soft_dsp_eng_post_wrapper/u_tr_exp_wrapper/GEN_EXP[10].u_tr_exp/mux_exp_lut[a_idx]_79_37/in_7[1] 	 (fanout : 1)
hpin:soft_dsp_eng_post_wrapper/u_tr_exp_wrapper/GEN_EXP[10].u_tr_exp/mux_exp_lut[a_idx]_79_37/in_7[0] 	 (fanout : 1)
hpin:soft_dsp_eng_post_wrapper/u_tr_exp_wrapper/GEN_EXP[10].u_tr_exp/mux_79_18/in_0[7] 	 (fanout : 1)
hpin:soft_dsp_eng_post_wrapper/u_tr_exp_wrapper/GEN_EXP[10].u_tr_exp/mux_79_18/in_1[7] 	 (fanout : 1)
hpin:soft_dsp_eng_post_wrapper/u_tr_exp_wrapper/GEN_EXP[10].u_tr_exp/mux_79_18/in_1[6] 	 (fanout : 1)
hpin:soft_dsp_eng_post_wrapper/u_tr_exp_wrapper/GEN_EXP[10].u_tr_exp/mux_79_18/in_1[5] 	 (fanout : 1)
hpin:soft_dsp_eng_post_wrapper/u_tr_exp_wrapper/GEN_EXP[10].u_tr_exp/mux_79_18/in_1[4] 	 (fanout : 1)
hpin:soft_dsp_eng_post_wrapper/u_tr_exp_wrapper/GEN_EXP[10].u_tr_exp/mux_79_18/in_1[3] 	 (fanout : 1)
hpin:soft_dsp_eng_post_wrapper/u_tr_exp_wrapper/GEN_EXP[10].u_tr_exp/mux_79_18/in_1[2] 	 (fanout : 1)
hpin:soft_dsp_eng_post_wrapper/u_tr_exp_wrapper/GEN_EXP[10].u_tr_exp/mux_79_18/in_1[1] 	 (fanout : 1)
hpin:soft_dsp_eng_post_wrapper/u_tr_exp_wrapper/GEN_EXP[10].u_tr_exp/mux_79_18/in_1[0] 	 (fanout : 1)
hpin:soft_dsp_eng_post_wrapper/u_tr_exp_wrapper/GEN_EXP[10].u_tr_exp/uut/eq_27_44/B 	 (fanout : 1)
hpin:soft_dsp_eng_post_wrapper/u_tr_exp_wrapper/GEN_EXP[10].u_tr_exp/uut/add_24_61/B[1] 	 (fanout : 5)
hpin:soft_dsp_eng_post_wrapper/u_tr_exp_wrapper/GEN_EXP[10].u_tr_exp/uut/add_24_61/B[0] 	 (fanout : 2)
hpin:soft_dsp_eng_post_wrapper/u_tr_exp_wrapper/GEN_EXP[11].u_tr_exp/add_98_47/A[5] 	 (fanout : 1)
hpin:soft_dsp_eng_post_wrapper/u_tr_exp_wrapper/GEN_EXP[11].u_tr_exp/mux_exp_lut[a_idx]_79_37/in_0[6] 	 (fanout : 1)
hpin:soft_dsp_eng_post_wrapper/u_tr_exp_wrapper/GEN_EXP[11].u_tr_exp/mux_exp_lut[a_idx]_79_37/in_0[5] 	 (fanout : 1)
hpin:soft_dsp_eng_post_wrapper/u_tr_exp_wrapper/GEN_EXP[11].u_tr_exp/mux_exp_lut[a_idx]_79_37/in_0[4] 	 (fanout : 1)
hpin:soft_dsp_eng_post_wrapper/u_tr_exp_wrapper/GEN_EXP[11].u_tr_exp/mux_exp_lut[a_idx]_79_37/in_0[3] 	 (fanout : 1)
hpin:soft_dsp_eng_post_wrapper/u_tr_exp_wrapper/GEN_EXP[11].u_tr_exp/mux_exp_lut[a_idx]_79_37/in_0[2] 	 (fanout : 1)
hpin:soft_dsp_eng_post_wrapper/u_tr_exp_wrapper/GEN_EXP[11].u_tr_exp/mux_exp_lut[a_idx]_79_37/in_0[1] 	 (fanout : 1)
hpin:soft_dsp_eng_post_wrapper/u_tr_exp_wrapper/GEN_EXP[11].u_tr_exp/mux_exp_lut[a_idx]_79_37/in_0[0] 	 (fanout : 1)
hpin:soft_dsp_eng_post_wrapper/u_tr_exp_wrapper/GEN_EXP[11].u_tr_exp/mux_exp_lut[a_idx]_79_37/in_1[6] 	 (fanout : 1)
hpin:soft_dsp_eng_post_wrapper/u_tr_exp_wrapper/GEN_EXP[11].u_tr_exp/mux_exp_lut[a_idx]_79_37/in_1[5] 	 (fanout : 1)
hpin:soft_dsp_eng_post_wrapper/u_tr_exp_wrapper/GEN_EXP[11].u_tr_exp/mux_exp_lut[a_idx]_79_37/in_1[4] 	 (fanout : 1)
hpin:soft_dsp_eng_post_wrapper/u_tr_exp_wrapper/GEN_EXP[11].u_tr_exp/mux_exp_lut[a_idx]_79_37/in_1[3] 	 (fanout : 1)
hpin:soft_dsp_eng_post_wrapper/u_tr_exp_wrapper/GEN_EXP[11].u_tr_exp/mux_exp_lut[a_idx]_79_37/in_1[2] 	 (fanout : 1)
hpin:soft_dsp_eng_post_wrapper/u_tr_exp_wrapper/GEN_EXP[11].u_tr_exp/mux_exp_lut[a_idx]_79_37/in_1[1] 	 (fanout : 1)
hpin:soft_dsp_eng_post_wrapper/u_tr_exp_wrapper/GEN_EXP[11].u_tr_exp/mux_exp_lut[a_idx]_79_37/in_1[0] 	 (fanout : 1)
hpin:soft_dsp_eng_post_wrapper/u_tr_exp_wrapper/GEN_EXP[11].u_tr_exp/mux_exp_lut[a_idx]_79_37/in_2[6] 	 (fanout : 1)
hpin:soft_dsp_eng_post_wrapper/u_tr_exp_wrapper/GEN_EXP[11].u_tr_exp/mux_exp_lut[a_idx]_79_37/in_2[5] 	 (fanout : 1)
hpin:soft_dsp_eng_post_wrapper/u_tr_exp_wrapper/GEN_EXP[11].u_tr_exp/mux_exp_lut[a_idx]_79_37/in_2[4] 	 (fanout : 1)
hpin:soft_dsp_eng_post_wrapper/u_tr_exp_wrapper/GEN_EXP[11].u_tr_exp/mux_exp_lut[a_idx]_79_37/in_2[3] 	 (fanout : 1)
hpin:soft_dsp_eng_post_wrapper/u_tr_exp_wrapper/GEN_EXP[11].u_tr_exp/mux_exp_lut[a_idx]_79_37/in_2[2] 	 (fanout : 1)
hpin:soft_dsp_eng_post_wrapper/u_tr_exp_wrapper/GEN_EXP[11].u_tr_exp/mux_exp_lut[a_idx]_79_37/in_2[1] 	 (fanout : 1)
hpin:soft_dsp_eng_post_wrapper/u_tr_exp_wrapper/GEN_EXP[11].u_tr_exp/mux_exp_lut[a_idx]_79_37/in_2[0] 	 (fanout : 1)
hpin:soft_dsp_eng_post_wrapper/u_tr_exp_wrapper/GEN_EXP[11].u_tr_exp/mux_exp_lut[a_idx]_79_37/in_3[6] 	 (fanout : 1)
hpin:soft_dsp_eng_post_wrapper/u_tr_exp_wrapper/GEN_EXP[11].u_tr_exp/mux_exp_lut[a_idx]_79_37/in_3[5] 	 (fanout : 1)
hpin:soft_dsp_eng_post_wrapper/u_tr_exp_wrapper/GEN_EXP[11].u_tr_exp/mux_exp_lut[a_idx]_79_37/in_3[4] 	 (fanout : 1)
hpin:soft_dsp_eng_post_wrapper/u_tr_exp_wrapper/GEN_EXP[11].u_tr_exp/mux_exp_lut[a_idx]_79_37/in_3[3] 	 (fanout : 1)
hpin:soft_dsp_eng_post_wrapper/u_tr_exp_wrapper/GEN_EXP[11].u_tr_exp/mux_exp_lut[a_idx]_79_37/in_3[2] 	 (fanout : 1)
hpin:soft_dsp_eng_post_wrapper/u_tr_exp_wrapper/GEN_EXP[11].u_tr_exp/mux_exp_lut[a_idx]_79_37/in_3[1] 	 (fanout : 1)
hpin:soft_dsp_eng_post_wrapper/u_tr_exp_wrapper/GEN_EXP[11].u_tr_exp/mux_exp_lut[a_idx]_79_37/in_3[0] 	 (fanout : 1)
hpin:soft_dsp_eng_post_wrapper/u_tr_exp_wrapper/GEN_EXP[11].u_tr_exp/mux_exp_lut[a_idx]_79_37/in_4[6] 	 (fanout : 1)
hpin:soft_dsp_eng_post_wrapper/u_tr_exp_wrapper/GEN_EXP[11].u_tr_exp/mux_exp_lut[a_idx]_79_37/in_4[5] 	 (fanout : 1)
hpin:soft_dsp_eng_post_wrapper/u_tr_exp_wrapper/GEN_EXP[11].u_tr_exp/mux_exp_lut[a_idx]_79_37/in_4[4] 	 (fanout : 1)
hpin:soft_dsp_eng_post_wrapper/u_tr_exp_wrapper/GEN_EXP[11].u_tr_exp/mux_exp_lut[a_idx]_79_37/in_4[3] 	 (fanout : 1)
hpin:soft_dsp_eng_post_wrapper/u_tr_exp_wrapper/GEN_EXP[11].u_tr_exp/mux_exp_lut[a_idx]_79_37/in_4[2] 	 (fanout : 1)
hpin:soft_dsp_eng_post_wrapper/u_tr_exp_wrapper/GEN_EXP[11].u_tr_exp/mux_exp_lut[a_idx]_79_37/in_4[1] 	 (fanout : 1)
hpin:soft_dsp_eng_post_wrapper/u_tr_exp_wrapper/GEN_EXP[11].u_tr_exp/mux_exp_lut[a_idx]_79_37/in_4[0] 	 (fanout : 1)
hpin:soft_dsp_eng_post_wrapper/u_tr_exp_wrapper/GEN_EXP[11].u_tr_exp/mux_exp_lut[a_idx]_79_37/in_5[6] 	 (fanout : 1)
hpin:soft_dsp_eng_post_wrapper/u_tr_exp_wrapper/GEN_EXP[11].u_tr_exp/mux_exp_lut[a_idx]_79_37/in_5[5] 	 (fanout : 1)
hpin:soft_dsp_eng_post_wrapper/u_tr_exp_wrapper/GEN_EXP[11].u_tr_exp/mux_exp_lut[a_idx]_79_37/in_5[4] 	 (fanout : 1)
hpin:soft_dsp_eng_post_wrapper/u_tr_exp_wrapper/GEN_EXP[11].u_tr_exp/mux_exp_lut[a_idx]_79_37/in_5[3] 	 (fanout : 1)
hpin:soft_dsp_eng_post_wrapper/u_tr_exp_wrapper/GEN_EXP[11].u_tr_exp/mux_exp_lut[a_idx]_79_37/in_5[2] 	 (fanout : 1)
hpin:soft_dsp_eng_post_wrapper/u_tr_exp_wrapper/GEN_EXP[11].u_tr_exp/mux_exp_lut[a_idx]_79_37/in_5[1] 	 (fanout : 1)
hpin:soft_dsp_eng_post_wrapper/u_tr_exp_wrapper/GEN_EXP[11].u_tr_exp/mux_exp_lut[a_idx]_79_37/in_5[0] 	 (fanout : 1)
hpin:soft_dsp_eng_post_wrapper/u_tr_exp_wrapper/GEN_EXP[11].u_tr_exp/mux_exp_lut[a_idx]_79_37/in_6[6] 	 (fanout : 1)
hpin:soft_dsp_eng_post_wrapper/u_tr_exp_wrapper/GEN_EXP[11].u_tr_exp/mux_exp_lut[a_idx]_79_37/in_6[5] 	 (fanout : 1)
hpin:soft_dsp_eng_post_wrapper/u_tr_exp_wrapper/GEN_EXP[11].u_tr_exp/mux_exp_lut[a_idx]_79_37/in_6[4] 	 (fanout : 1)
hpin:soft_dsp_eng_post_wrapper/u_tr_exp_wrapper/GEN_EXP[11].u_tr_exp/mux_exp_lut[a_idx]_79_37/in_6[3] 	 (fanout : 1)
hpin:soft_dsp_eng_post_wrapper/u_tr_exp_wrapper/GEN_EXP[11].u_tr_exp/mux_exp_lut[a_idx]_79_37/in_6[2] 	 (fanout : 1)
hpin:soft_dsp_eng_post_wrapper/u_tr_exp_wrapper/GEN_EXP[11].u_tr_exp/mux_exp_lut[a_idx]_79_37/in_6[1] 	 (fanout : 1)
hpin:soft_dsp_eng_post_wrapper/u_tr_exp_wrapper/GEN_EXP[11].u_tr_exp/mux_exp_lut[a_idx]_79_37/in_6[0] 	 (fanout : 1)
hpin:soft_dsp_eng_post_wrapper/u_tr_exp_wrapper/GEN_EXP[11].u_tr_exp/mux_exp_lut[a_idx]_79_37/in_7[6] 	 (fanout : 1)
hpin:soft_dsp_eng_post_wrapper/u_tr_exp_wrapper/GEN_EXP[11].u_tr_exp/mux_exp_lut[a_idx]_79_37/in_7[5] 	 (fanout : 1)
hpin:soft_dsp_eng_post_wrapper/u_tr_exp_wrapper/GEN_EXP[11].u_tr_exp/mux_exp_lut[a_idx]_79_37/in_7[4] 	 (fanout : 1)
hpin:soft_dsp_eng_post_wrapper/u_tr_exp_wrapper/GEN_EXP[11].u_tr_exp/mux_exp_lut[a_idx]_79_37/in_7[3] 	 (fanout : 1)
hpin:soft_dsp_eng_post_wrapper/u_tr_exp_wrapper/GEN_EXP[11].u_tr_exp/mux_exp_lut[a_idx]_79_37/in_7[2] 	 (fanout : 1)
hpin:soft_dsp_eng_post_wrapper/u_tr_exp_wrapper/GEN_EXP[11].u_tr_exp/mux_exp_lut[a_idx]_79_37/in_7[1] 	 (fanout : 1)
hpin:soft_dsp_eng_post_wrapper/u_tr_exp_wrapper/GEN_EXP[11].u_tr_exp/mux_exp_lut[a_idx]_79_37/in_7[0] 	 (fanout : 1)
hpin:soft_dsp_eng_post_wrapper/u_tr_exp_wrapper/GEN_EXP[11].u_tr_exp/mux_79_18/in_0[7] 	 (fanout : 1)
hpin:soft_dsp_eng_post_wrapper/u_tr_exp_wrapper/GEN_EXP[11].u_tr_exp/mux_79_18/in_1[7] 	 (fanout : 1)
hpin:soft_dsp_eng_post_wrapper/u_tr_exp_wrapper/GEN_EXP[11].u_tr_exp/mux_79_18/in_1[6] 	 (fanout : 1)
hpin:soft_dsp_eng_post_wrapper/u_tr_exp_wrapper/GEN_EXP[11].u_tr_exp/mux_79_18/in_1[5] 	 (fanout : 1)
hpin:soft_dsp_eng_post_wrapper/u_tr_exp_wrapper/GEN_EXP[11].u_tr_exp/mux_79_18/in_1[4] 	 (fanout : 1)
hpin:soft_dsp_eng_post_wrapper/u_tr_exp_wrapper/GEN_EXP[11].u_tr_exp/mux_79_18/in_1[3] 	 (fanout : 1)
hpin:soft_dsp_eng_post_wrapper/u_tr_exp_wrapper/GEN_EXP[11].u_tr_exp/mux_79_18/in_1[2] 	 (fanout : 1)
hpin:soft_dsp_eng_post_wrapper/u_tr_exp_wrapper/GEN_EXP[11].u_tr_exp/mux_79_18/in_1[1] 	 (fanout : 1)
hpin:soft_dsp_eng_post_wrapper/u_tr_exp_wrapper/GEN_EXP[11].u_tr_exp/mux_79_18/in_1[0] 	 (fanout : 1)
hpin:soft_dsp_eng_post_wrapper/u_tr_exp_wrapper/GEN_EXP[11].u_tr_exp/uut/eq_27_44/B 	 (fanout : 1)
hpin:soft_dsp_eng_post_wrapper/u_tr_exp_wrapper/GEN_EXP[11].u_tr_exp/uut/add_24_61/B[1] 	 (fanout : 5)
hpin:soft_dsp_eng_post_wrapper/u_tr_exp_wrapper/GEN_EXP[11].u_tr_exp/uut/add_24_61/B[0] 	 (fanout : 2)
hpin:soft_dsp_eng_post_wrapper/u_tr_exp_wrapper/GEN_EXP[12].u_tr_exp/add_98_47/A[5] 	 (fanout : 1)
hpin:soft_dsp_eng_post_wrapper/u_tr_exp_wrapper/GEN_EXP[12].u_tr_exp/mux_exp_lut[a_idx]_79_37/in_0[6] 	 (fanout : 1)
hpin:soft_dsp_eng_post_wrapper/u_tr_exp_wrapper/GEN_EXP[12].u_tr_exp/mux_exp_lut[a_idx]_79_37/in_0[5] 	 (fanout : 1)
hpin:soft_dsp_eng_post_wrapper/u_tr_exp_wrapper/GEN_EXP[12].u_tr_exp/mux_exp_lut[a_idx]_79_37/in_0[4] 	 (fanout : 1)
hpin:soft_dsp_eng_post_wrapper/u_tr_exp_wrapper/GEN_EXP[12].u_tr_exp/mux_exp_lut[a_idx]_79_37/in_0[3] 	 (fanout : 1)
hpin:soft_dsp_eng_post_wrapper/u_tr_exp_wrapper/GEN_EXP[12].u_tr_exp/mux_exp_lut[a_idx]_79_37/in_0[2] 	 (fanout : 1)
hpin:soft_dsp_eng_post_wrapper/u_tr_exp_wrapper/GEN_EXP[12].u_tr_exp/mux_exp_lut[a_idx]_79_37/in_0[1] 	 (fanout : 1)
hpin:soft_dsp_eng_post_wrapper/u_tr_exp_wrapper/GEN_EXP[12].u_tr_exp/mux_exp_lut[a_idx]_79_37/in_0[0] 	 (fanout : 1)
hpin:soft_dsp_eng_post_wrapper/u_tr_exp_wrapper/GEN_EXP[12].u_tr_exp/mux_exp_lut[a_idx]_79_37/in_1[6] 	 (fanout : 1)
hpin:soft_dsp_eng_post_wrapper/u_tr_exp_wrapper/GEN_EXP[12].u_tr_exp/mux_exp_lut[a_idx]_79_37/in_1[5] 	 (fanout : 1)
hpin:soft_dsp_eng_post_wrapper/u_tr_exp_wrapper/GEN_EXP[12].u_tr_exp/mux_exp_lut[a_idx]_79_37/in_1[4] 	 (fanout : 1)
hpin:soft_dsp_eng_post_wrapper/u_tr_exp_wrapper/GEN_EXP[12].u_tr_exp/mux_exp_lut[a_idx]_79_37/in_1[3] 	 (fanout : 1)
hpin:soft_dsp_eng_post_wrapper/u_tr_exp_wrapper/GEN_EXP[12].u_tr_exp/mux_exp_lut[a_idx]_79_37/in_1[2] 	 (fanout : 1)
hpin:soft_dsp_eng_post_wrapper/u_tr_exp_wrapper/GEN_EXP[12].u_tr_exp/mux_exp_lut[a_idx]_79_37/in_1[1] 	 (fanout : 1)
hpin:soft_dsp_eng_post_wrapper/u_tr_exp_wrapper/GEN_EXP[12].u_tr_exp/mux_exp_lut[a_idx]_79_37/in_1[0] 	 (fanout : 1)
hpin:soft_dsp_eng_post_wrapper/u_tr_exp_wrapper/GEN_EXP[12].u_tr_exp/mux_exp_lut[a_idx]_79_37/in_2[6] 	 (fanout : 1)
hpin:soft_dsp_eng_post_wrapper/u_tr_exp_wrapper/GEN_EXP[12].u_tr_exp/mux_exp_lut[a_idx]_79_37/in_2[5] 	 (fanout : 1)
hpin:soft_dsp_eng_post_wrapper/u_tr_exp_wrapper/GEN_EXP[12].u_tr_exp/mux_exp_lut[a_idx]_79_37/in_2[4] 	 (fanout : 1)
hpin:soft_dsp_eng_post_wrapper/u_tr_exp_wrapper/GEN_EXP[12].u_tr_exp/mux_exp_lut[a_idx]_79_37/in_2[3] 	 (fanout : 1)
hpin:soft_dsp_eng_post_wrapper/u_tr_exp_wrapper/GEN_EXP[12].u_tr_exp/mux_exp_lut[a_idx]_79_37/in_2[2] 	 (fanout : 1)
hpin:soft_dsp_eng_post_wrapper/u_tr_exp_wrapper/GEN_EXP[12].u_tr_exp/mux_exp_lut[a_idx]_79_37/in_2[1] 	 (fanout : 1)
hpin:soft_dsp_eng_post_wrapper/u_tr_exp_wrapper/GEN_EXP[12].u_tr_exp/mux_exp_lut[a_idx]_79_37/in_2[0] 	 (fanout : 1)
hpin:soft_dsp_eng_post_wrapper/u_tr_exp_wrapper/GEN_EXP[12].u_tr_exp/mux_exp_lut[a_idx]_79_37/in_3[6] 	 (fanout : 1)
hpin:soft_dsp_eng_post_wrapper/u_tr_exp_wrapper/GEN_EXP[12].u_tr_exp/mux_exp_lut[a_idx]_79_37/in_3[5] 	 (fanout : 1)
hpin:soft_dsp_eng_post_wrapper/u_tr_exp_wrapper/GEN_EXP[12].u_tr_exp/mux_exp_lut[a_idx]_79_37/in_3[4] 	 (fanout : 1)
hpin:soft_dsp_eng_post_wrapper/u_tr_exp_wrapper/GEN_EXP[12].u_tr_exp/mux_exp_lut[a_idx]_79_37/in_3[3] 	 (fanout : 1)
hpin:soft_dsp_eng_post_wrapper/u_tr_exp_wrapper/GEN_EXP[12].u_tr_exp/mux_exp_lut[a_idx]_79_37/in_3[2] 	 (fanout : 1)
hpin:soft_dsp_eng_post_wrapper/u_tr_exp_wrapper/GEN_EXP[12].u_tr_exp/mux_exp_lut[a_idx]_79_37/in_3[1] 	 (fanout : 1)
hpin:soft_dsp_eng_post_wrapper/u_tr_exp_wrapper/GEN_EXP[12].u_tr_exp/mux_exp_lut[a_idx]_79_37/in_3[0] 	 (fanout : 1)
hpin:soft_dsp_eng_post_wrapper/u_tr_exp_wrapper/GEN_EXP[12].u_tr_exp/mux_exp_lut[a_idx]_79_37/in_4[6] 	 (fanout : 1)
hpin:soft_dsp_eng_post_wrapper/u_tr_exp_wrapper/GEN_EXP[12].u_tr_exp/mux_exp_lut[a_idx]_79_37/in_4[5] 	 (fanout : 1)
hpin:soft_dsp_eng_post_wrapper/u_tr_exp_wrapper/GEN_EXP[12].u_tr_exp/mux_exp_lut[a_idx]_79_37/in_4[4] 	 (fanout : 1)
hpin:soft_dsp_eng_post_wrapper/u_tr_exp_wrapper/GEN_EXP[12].u_tr_exp/mux_exp_lut[a_idx]_79_37/in_4[3] 	 (fanout : 1)
hpin:soft_dsp_eng_post_wrapper/u_tr_exp_wrapper/GEN_EXP[12].u_tr_exp/mux_exp_lut[a_idx]_79_37/in_4[2] 	 (fanout : 1)
hpin:soft_dsp_eng_post_wrapper/u_tr_exp_wrapper/GEN_EXP[12].u_tr_exp/mux_exp_lut[a_idx]_79_37/in_4[1] 	 (fanout : 1)
hpin:soft_dsp_eng_post_wrapper/u_tr_exp_wrapper/GEN_EXP[12].u_tr_exp/mux_exp_lut[a_idx]_79_37/in_4[0] 	 (fanout : 1)
hpin:soft_dsp_eng_post_wrapper/u_tr_exp_wrapper/GEN_EXP[12].u_tr_exp/mux_exp_lut[a_idx]_79_37/in_5[6] 	 (fanout : 1)
hpin:soft_dsp_eng_post_wrapper/u_tr_exp_wrapper/GEN_EXP[12].u_tr_exp/mux_exp_lut[a_idx]_79_37/in_5[5] 	 (fanout : 1)
hpin:soft_dsp_eng_post_wrapper/u_tr_exp_wrapper/GEN_EXP[12].u_tr_exp/mux_exp_lut[a_idx]_79_37/in_5[4] 	 (fanout : 1)
hpin:soft_dsp_eng_post_wrapper/u_tr_exp_wrapper/GEN_EXP[12].u_tr_exp/mux_exp_lut[a_idx]_79_37/in_5[3] 	 (fanout : 1)
hpin:soft_dsp_eng_post_wrapper/u_tr_exp_wrapper/GEN_EXP[12].u_tr_exp/mux_exp_lut[a_idx]_79_37/in_5[2] 	 (fanout : 1)
hpin:soft_dsp_eng_post_wrapper/u_tr_exp_wrapper/GEN_EXP[12].u_tr_exp/mux_exp_lut[a_idx]_79_37/in_5[1] 	 (fanout : 1)
hpin:soft_dsp_eng_post_wrapper/u_tr_exp_wrapper/GEN_EXP[12].u_tr_exp/mux_exp_lut[a_idx]_79_37/in_5[0] 	 (fanout : 1)
hpin:soft_dsp_eng_post_wrapper/u_tr_exp_wrapper/GEN_EXP[12].u_tr_exp/mux_exp_lut[a_idx]_79_37/in_6[6] 	 (fanout : 1)
hpin:soft_dsp_eng_post_wrapper/u_tr_exp_wrapper/GEN_EXP[12].u_tr_exp/mux_exp_lut[a_idx]_79_37/in_6[5] 	 (fanout : 1)
hpin:soft_dsp_eng_post_wrapper/u_tr_exp_wrapper/GEN_EXP[12].u_tr_exp/mux_exp_lut[a_idx]_79_37/in_6[4] 	 (fanout : 1)
hpin:soft_dsp_eng_post_wrapper/u_tr_exp_wrapper/GEN_EXP[12].u_tr_exp/mux_exp_lut[a_idx]_79_37/in_6[3] 	 (fanout : 1)
hpin:soft_dsp_eng_post_wrapper/u_tr_exp_wrapper/GEN_EXP[12].u_tr_exp/mux_exp_lut[a_idx]_79_37/in_6[2] 	 (fanout : 1)
hpin:soft_dsp_eng_post_wrapper/u_tr_exp_wrapper/GEN_EXP[12].u_tr_exp/mux_exp_lut[a_idx]_79_37/in_6[1] 	 (fanout : 1)
hpin:soft_dsp_eng_post_wrapper/u_tr_exp_wrapper/GEN_EXP[12].u_tr_exp/mux_exp_lut[a_idx]_79_37/in_6[0] 	 (fanout : 1)
hpin:soft_dsp_eng_post_wrapper/u_tr_exp_wrapper/GEN_EXP[12].u_tr_exp/mux_exp_lut[a_idx]_79_37/in_7[6] 	 (fanout : 1)
hpin:soft_dsp_eng_post_wrapper/u_tr_exp_wrapper/GEN_EXP[12].u_tr_exp/mux_exp_lut[a_idx]_79_37/in_7[5] 	 (fanout : 1)
hpin:soft_dsp_eng_post_wrapper/u_tr_exp_wrapper/GEN_EXP[12].u_tr_exp/mux_exp_lut[a_idx]_79_37/in_7[4] 	 (fanout : 1)
hpin:soft_dsp_eng_post_wrapper/u_tr_exp_wrapper/GEN_EXP[12].u_tr_exp/mux_exp_lut[a_idx]_79_37/in_7[3] 	 (fanout : 1)
hpin:soft_dsp_eng_post_wrapper/u_tr_exp_wrapper/GEN_EXP[12].u_tr_exp/mux_exp_lut[a_idx]_79_37/in_7[2] 	 (fanout : 1)
hpin:soft_dsp_eng_post_wrapper/u_tr_exp_wrapper/GEN_EXP[12].u_tr_exp/mux_exp_lut[a_idx]_79_37/in_7[1] 	 (fanout : 1)
hpin:soft_dsp_eng_post_wrapper/u_tr_exp_wrapper/GEN_EXP[12].u_tr_exp/mux_exp_lut[a_idx]_79_37/in_7[0] 	 (fanout : 1)
hpin:soft_dsp_eng_post_wrapper/u_tr_exp_wrapper/GEN_EXP[12].u_tr_exp/mux_79_18/in_0[7] 	 (fanout : 1)
hpin:soft_dsp_eng_post_wrapper/u_tr_exp_wrapper/GEN_EXP[12].u_tr_exp/mux_79_18/in_1[7] 	 (fanout : 1)
hpin:soft_dsp_eng_post_wrapper/u_tr_exp_wrapper/GEN_EXP[12].u_tr_exp/mux_79_18/in_1[6] 	 (fanout : 1)
hpin:soft_dsp_eng_post_wrapper/u_tr_exp_wrapper/GEN_EXP[12].u_tr_exp/mux_79_18/in_1[5] 	 (fanout : 1)
hpin:soft_dsp_eng_post_wrapper/u_tr_exp_wrapper/GEN_EXP[12].u_tr_exp/mux_79_18/in_1[4] 	 (fanout : 1)
hpin:soft_dsp_eng_post_wrapper/u_tr_exp_wrapper/GEN_EXP[12].u_tr_exp/mux_79_18/in_1[3] 	 (fanout : 1)
hpin:soft_dsp_eng_post_wrapper/u_tr_exp_wrapper/GEN_EXP[12].u_tr_exp/mux_79_18/in_1[2] 	 (fanout : 1)
hpin:soft_dsp_eng_post_wrapper/u_tr_exp_wrapper/GEN_EXP[12].u_tr_exp/mux_79_18/in_1[1] 	 (fanout : 1)
hpin:soft_dsp_eng_post_wrapper/u_tr_exp_wrapper/GEN_EXP[12].u_tr_exp/mux_79_18/in_1[0] 	 (fanout : 1)
hpin:soft_dsp_eng_post_wrapper/u_tr_exp_wrapper/GEN_EXP[12].u_tr_exp/uut/eq_27_44/B 	 (fanout : 1)
hpin:soft_dsp_eng_post_wrapper/u_tr_exp_wrapper/GEN_EXP[12].u_tr_exp/uut/add_24_61/B[1] 	 (fanout : 5)
hpin:soft_dsp_eng_post_wrapper/u_tr_exp_wrapper/GEN_EXP[12].u_tr_exp/uut/add_24_61/B[0] 	 (fanout : 2)
hpin:soft_dsp_eng_post_wrapper/u_tr_exp_wrapper/GEN_EXP[13].u_tr_exp/add_98_47/A[5] 	 (fanout : 1)
hpin:soft_dsp_eng_post_wrapper/u_tr_exp_wrapper/GEN_EXP[13].u_tr_exp/mux_exp_lut[a_idx]_79_37/in_0[6] 	 (fanout : 1)
hpin:soft_dsp_eng_post_wrapper/u_tr_exp_wrapper/GEN_EXP[13].u_tr_exp/mux_exp_lut[a_idx]_79_37/in_0[5] 	 (fanout : 1)
hpin:soft_dsp_eng_post_wrapper/u_tr_exp_wrapper/GEN_EXP[13].u_tr_exp/mux_exp_lut[a_idx]_79_37/in_0[4] 	 (fanout : 1)
hpin:soft_dsp_eng_post_wrapper/u_tr_exp_wrapper/GEN_EXP[13].u_tr_exp/mux_exp_lut[a_idx]_79_37/in_0[3] 	 (fanout : 1)
hpin:soft_dsp_eng_post_wrapper/u_tr_exp_wrapper/GEN_EXP[13].u_tr_exp/mux_exp_lut[a_idx]_79_37/in_0[2] 	 (fanout : 1)
hpin:soft_dsp_eng_post_wrapper/u_tr_exp_wrapper/GEN_EXP[13].u_tr_exp/mux_exp_lut[a_idx]_79_37/in_0[1] 	 (fanout : 1)
hpin:soft_dsp_eng_post_wrapper/u_tr_exp_wrapper/GEN_EXP[13].u_tr_exp/mux_exp_lut[a_idx]_79_37/in_0[0] 	 (fanout : 1)
hpin:soft_dsp_eng_post_wrapper/u_tr_exp_wrapper/GEN_EXP[13].u_tr_exp/mux_exp_lut[a_idx]_79_37/in_1[6] 	 (fanout : 1)
hpin:soft_dsp_eng_post_wrapper/u_tr_exp_wrapper/GEN_EXP[13].u_tr_exp/mux_exp_lut[a_idx]_79_37/in_1[5] 	 (fanout : 1)
hpin:soft_dsp_eng_post_wrapper/u_tr_exp_wrapper/GEN_EXP[13].u_tr_exp/mux_exp_lut[a_idx]_79_37/in_1[4] 	 (fanout : 1)
hpin:soft_dsp_eng_post_wrapper/u_tr_exp_wrapper/GEN_EXP[13].u_tr_exp/mux_exp_lut[a_idx]_79_37/in_1[3] 	 (fanout : 1)
hpin:soft_dsp_eng_post_wrapper/u_tr_exp_wrapper/GEN_EXP[13].u_tr_exp/mux_exp_lut[a_idx]_79_37/in_1[2] 	 (fanout : 1)
hpin:soft_dsp_eng_post_wrapper/u_tr_exp_wrapper/GEN_EXP[13].u_tr_exp/mux_exp_lut[a_idx]_79_37/in_1[1] 	 (fanout : 1)
hpin:soft_dsp_eng_post_wrapper/u_tr_exp_wrapper/GEN_EXP[13].u_tr_exp/mux_exp_lut[a_idx]_79_37/in_1[0] 	 (fanout : 1)
hpin:soft_dsp_eng_post_wrapper/u_tr_exp_wrapper/GEN_EXP[13].u_tr_exp/mux_exp_lut[a_idx]_79_37/in_2[6] 	 (fanout : 1)
hpin:soft_dsp_eng_post_wrapper/u_tr_exp_wrapper/GEN_EXP[13].u_tr_exp/mux_exp_lut[a_idx]_79_37/in_2[5] 	 (fanout : 1)
hpin:soft_dsp_eng_post_wrapper/u_tr_exp_wrapper/GEN_EXP[13].u_tr_exp/mux_exp_lut[a_idx]_79_37/in_2[4] 	 (fanout : 1)
hpin:soft_dsp_eng_post_wrapper/u_tr_exp_wrapper/GEN_EXP[13].u_tr_exp/mux_exp_lut[a_idx]_79_37/in_2[3] 	 (fanout : 1)
hpin:soft_dsp_eng_post_wrapper/u_tr_exp_wrapper/GEN_EXP[13].u_tr_exp/mux_exp_lut[a_idx]_79_37/in_2[2] 	 (fanout : 1)
hpin:soft_dsp_eng_post_wrapper/u_tr_exp_wrapper/GEN_EXP[13].u_tr_exp/mux_exp_lut[a_idx]_79_37/in_2[1] 	 (fanout : 1)
hpin:soft_dsp_eng_post_wrapper/u_tr_exp_wrapper/GEN_EXP[13].u_tr_exp/mux_exp_lut[a_idx]_79_37/in_2[0] 	 (fanout : 1)
hpin:soft_dsp_eng_post_wrapper/u_tr_exp_wrapper/GEN_EXP[13].u_tr_exp/mux_exp_lut[a_idx]_79_37/in_3[6] 	 (fanout : 1)
hpin:soft_dsp_eng_post_wrapper/u_tr_exp_wrapper/GEN_EXP[13].u_tr_exp/mux_exp_lut[a_idx]_79_37/in_3[5] 	 (fanout : 1)
hpin:soft_dsp_eng_post_wrapper/u_tr_exp_wrapper/GEN_EXP[13].u_tr_exp/mux_exp_lut[a_idx]_79_37/in_3[4] 	 (fanout : 1)
hpin:soft_dsp_eng_post_wrapper/u_tr_exp_wrapper/GEN_EXP[13].u_tr_exp/mux_exp_lut[a_idx]_79_37/in_3[3] 	 (fanout : 1)
hpin:soft_dsp_eng_post_wrapper/u_tr_exp_wrapper/GEN_EXP[13].u_tr_exp/mux_exp_lut[a_idx]_79_37/in_3[2] 	 (fanout : 1)
hpin:soft_dsp_eng_post_wrapper/u_tr_exp_wrapper/GEN_EXP[13].u_tr_exp/mux_exp_lut[a_idx]_79_37/in_3[1] 	 (fanout : 1)
hpin:soft_dsp_eng_post_wrapper/u_tr_exp_wrapper/GEN_EXP[13].u_tr_exp/mux_exp_lut[a_idx]_79_37/in_3[0] 	 (fanout : 1)
hpin:soft_dsp_eng_post_wrapper/u_tr_exp_wrapper/GEN_EXP[13].u_tr_exp/mux_exp_lut[a_idx]_79_37/in_4[6] 	 (fanout : 1)
hpin:soft_dsp_eng_post_wrapper/u_tr_exp_wrapper/GEN_EXP[13].u_tr_exp/mux_exp_lut[a_idx]_79_37/in_4[5] 	 (fanout : 1)
hpin:soft_dsp_eng_post_wrapper/u_tr_exp_wrapper/GEN_EXP[13].u_tr_exp/mux_exp_lut[a_idx]_79_37/in_4[4] 	 (fanout : 1)
hpin:soft_dsp_eng_post_wrapper/u_tr_exp_wrapper/GEN_EXP[13].u_tr_exp/mux_exp_lut[a_idx]_79_37/in_4[3] 	 (fanout : 1)
hpin:soft_dsp_eng_post_wrapper/u_tr_exp_wrapper/GEN_EXP[13].u_tr_exp/mux_exp_lut[a_idx]_79_37/in_4[2] 	 (fanout : 1)
hpin:soft_dsp_eng_post_wrapper/u_tr_exp_wrapper/GEN_EXP[13].u_tr_exp/mux_exp_lut[a_idx]_79_37/in_4[1] 	 (fanout : 1)
hpin:soft_dsp_eng_post_wrapper/u_tr_exp_wrapper/GEN_EXP[13].u_tr_exp/mux_exp_lut[a_idx]_79_37/in_4[0] 	 (fanout : 1)
hpin:soft_dsp_eng_post_wrapper/u_tr_exp_wrapper/GEN_EXP[13].u_tr_exp/mux_exp_lut[a_idx]_79_37/in_5[6] 	 (fanout : 1)
hpin:soft_dsp_eng_post_wrapper/u_tr_exp_wrapper/GEN_EXP[13].u_tr_exp/mux_exp_lut[a_idx]_79_37/in_5[5] 	 (fanout : 1)
hpin:soft_dsp_eng_post_wrapper/u_tr_exp_wrapper/GEN_EXP[13].u_tr_exp/mux_exp_lut[a_idx]_79_37/in_5[4] 	 (fanout : 1)
hpin:soft_dsp_eng_post_wrapper/u_tr_exp_wrapper/GEN_EXP[13].u_tr_exp/mux_exp_lut[a_idx]_79_37/in_5[3] 	 (fanout : 1)
hpin:soft_dsp_eng_post_wrapper/u_tr_exp_wrapper/GEN_EXP[13].u_tr_exp/mux_exp_lut[a_idx]_79_37/in_5[2] 	 (fanout : 1)
hpin:soft_dsp_eng_post_wrapper/u_tr_exp_wrapper/GEN_EXP[13].u_tr_exp/mux_exp_lut[a_idx]_79_37/in_5[1] 	 (fanout : 1)
hpin:soft_dsp_eng_post_wrapper/u_tr_exp_wrapper/GEN_EXP[13].u_tr_exp/mux_exp_lut[a_idx]_79_37/in_5[0] 	 (fanout : 1)
hpin:soft_dsp_eng_post_wrapper/u_tr_exp_wrapper/GEN_EXP[13].u_tr_exp/mux_exp_lut[a_idx]_79_37/in_6[6] 	 (fanout : 1)
hpin:soft_dsp_eng_post_wrapper/u_tr_exp_wrapper/GEN_EXP[13].u_tr_exp/mux_exp_lut[a_idx]_79_37/in_6[5] 	 (fanout : 1)
hpin:soft_dsp_eng_post_wrapper/u_tr_exp_wrapper/GEN_EXP[13].u_tr_exp/mux_exp_lut[a_idx]_79_37/in_6[4] 	 (fanout : 1)
hpin:soft_dsp_eng_post_wrapper/u_tr_exp_wrapper/GEN_EXP[13].u_tr_exp/mux_exp_lut[a_idx]_79_37/in_6[3] 	 (fanout : 1)
hpin:soft_dsp_eng_post_wrapper/u_tr_exp_wrapper/GEN_EXP[13].u_tr_exp/mux_exp_lut[a_idx]_79_37/in_6[2] 	 (fanout : 1)
hpin:soft_dsp_eng_post_wrapper/u_tr_exp_wrapper/GEN_EXP[13].u_tr_exp/mux_exp_lut[a_idx]_79_37/in_6[1] 	 (fanout : 1)
hpin:soft_dsp_eng_post_wrapper/u_tr_exp_wrapper/GEN_EXP[13].u_tr_exp/mux_exp_lut[a_idx]_79_37/in_6[0] 	 (fanout : 1)
hpin:soft_dsp_eng_post_wrapper/u_tr_exp_wrapper/GEN_EXP[13].u_tr_exp/mux_exp_lut[a_idx]_79_37/in_7[6] 	 (fanout : 1)
hpin:soft_dsp_eng_post_wrapper/u_tr_exp_wrapper/GEN_EXP[13].u_tr_exp/mux_exp_lut[a_idx]_79_37/in_7[5] 	 (fanout : 1)
hpin:soft_dsp_eng_post_wrapper/u_tr_exp_wrapper/GEN_EXP[13].u_tr_exp/mux_exp_lut[a_idx]_79_37/in_7[4] 	 (fanout : 1)
hpin:soft_dsp_eng_post_wrapper/u_tr_exp_wrapper/GEN_EXP[13].u_tr_exp/mux_exp_lut[a_idx]_79_37/in_7[3] 	 (fanout : 1)
hpin:soft_dsp_eng_post_wrapper/u_tr_exp_wrapper/GEN_EXP[13].u_tr_exp/mux_exp_lut[a_idx]_79_37/in_7[2] 	 (fanout : 1)
hpin:soft_dsp_eng_post_wrapper/u_tr_exp_wrapper/GEN_EXP[13].u_tr_exp/mux_exp_lut[a_idx]_79_37/in_7[1] 	 (fanout : 1)
hpin:soft_dsp_eng_post_wrapper/u_tr_exp_wrapper/GEN_EXP[13].u_tr_exp/mux_exp_lut[a_idx]_79_37/in_7[0] 	 (fanout : 1)
hpin:soft_dsp_eng_post_wrapper/u_tr_exp_wrapper/GEN_EXP[13].u_tr_exp/mux_79_18/in_0[7] 	 (fanout : 1)
hpin:soft_dsp_eng_post_wrapper/u_tr_exp_wrapper/GEN_EXP[13].u_tr_exp/mux_79_18/in_1[7] 	 (fanout : 1)
hpin:soft_dsp_eng_post_wrapper/u_tr_exp_wrapper/GEN_EXP[13].u_tr_exp/mux_79_18/in_1[6] 	 (fanout : 1)
hpin:soft_dsp_eng_post_wrapper/u_tr_exp_wrapper/GEN_EXP[13].u_tr_exp/mux_79_18/in_1[5] 	 (fanout : 1)
hpin:soft_dsp_eng_post_wrapper/u_tr_exp_wrapper/GEN_EXP[13].u_tr_exp/mux_79_18/in_1[4] 	 (fanout : 1)
hpin:soft_dsp_eng_post_wrapper/u_tr_exp_wrapper/GEN_EXP[13].u_tr_exp/mux_79_18/in_1[3] 	 (fanout : 1)
hpin:soft_dsp_eng_post_wrapper/u_tr_exp_wrapper/GEN_EXP[13].u_tr_exp/mux_79_18/in_1[2] 	 (fanout : 1)
hpin:soft_dsp_eng_post_wrapper/u_tr_exp_wrapper/GEN_EXP[13].u_tr_exp/mux_79_18/in_1[1] 	 (fanout : 1)
hpin:soft_dsp_eng_post_wrapper/u_tr_exp_wrapper/GEN_EXP[13].u_tr_exp/mux_79_18/in_1[0] 	 (fanout : 1)
hpin:soft_dsp_eng_post_wrapper/u_tr_exp_wrapper/GEN_EXP[13].u_tr_exp/uut/eq_27_44/B 	 (fanout : 1)
hpin:soft_dsp_eng_post_wrapper/u_tr_exp_wrapper/GEN_EXP[13].u_tr_exp/uut/add_24_61/B[1] 	 (fanout : 5)
hpin:soft_dsp_eng_post_wrapper/u_tr_exp_wrapper/GEN_EXP[13].u_tr_exp/uut/add_24_61/B[0] 	 (fanout : 2)
hpin:soft_dsp_eng_post_wrapper/u_tr_exp_wrapper/GEN_EXP[14].u_tr_exp/add_98_47/A[5] 	 (fanout : 1)
hpin:soft_dsp_eng_post_wrapper/u_tr_exp_wrapper/GEN_EXP[14].u_tr_exp/mux_exp_lut[a_idx]_79_37/in_0[6] 	 (fanout : 1)
hpin:soft_dsp_eng_post_wrapper/u_tr_exp_wrapper/GEN_EXP[14].u_tr_exp/mux_exp_lut[a_idx]_79_37/in_0[5] 	 (fanout : 1)
hpin:soft_dsp_eng_post_wrapper/u_tr_exp_wrapper/GEN_EXP[14].u_tr_exp/mux_exp_lut[a_idx]_79_37/in_0[4] 	 (fanout : 1)
hpin:soft_dsp_eng_post_wrapper/u_tr_exp_wrapper/GEN_EXP[14].u_tr_exp/mux_exp_lut[a_idx]_79_37/in_0[3] 	 (fanout : 1)
hpin:soft_dsp_eng_post_wrapper/u_tr_exp_wrapper/GEN_EXP[14].u_tr_exp/mux_exp_lut[a_idx]_79_37/in_0[2] 	 (fanout : 1)
hpin:soft_dsp_eng_post_wrapper/u_tr_exp_wrapper/GEN_EXP[14].u_tr_exp/mux_exp_lut[a_idx]_79_37/in_0[1] 	 (fanout : 1)
hpin:soft_dsp_eng_post_wrapper/u_tr_exp_wrapper/GEN_EXP[14].u_tr_exp/mux_exp_lut[a_idx]_79_37/in_0[0] 	 (fanout : 1)
hpin:soft_dsp_eng_post_wrapper/u_tr_exp_wrapper/GEN_EXP[14].u_tr_exp/mux_exp_lut[a_idx]_79_37/in_1[6] 	 (fanout : 1)
hpin:soft_dsp_eng_post_wrapper/u_tr_exp_wrapper/GEN_EXP[14].u_tr_exp/mux_exp_lut[a_idx]_79_37/in_1[5] 	 (fanout : 1)
hpin:soft_dsp_eng_post_wrapper/u_tr_exp_wrapper/GEN_EXP[14].u_tr_exp/mux_exp_lut[a_idx]_79_37/in_1[4] 	 (fanout : 1)
hpin:soft_dsp_eng_post_wrapper/u_tr_exp_wrapper/GEN_EXP[14].u_tr_exp/mux_exp_lut[a_idx]_79_37/in_1[3] 	 (fanout : 1)
hpin:soft_dsp_eng_post_wrapper/u_tr_exp_wrapper/GEN_EXP[14].u_tr_exp/mux_exp_lut[a_idx]_79_37/in_1[2] 	 (fanout : 1)
hpin:soft_dsp_eng_post_wrapper/u_tr_exp_wrapper/GEN_EXP[14].u_tr_exp/mux_exp_lut[a_idx]_79_37/in_1[1] 	 (fanout : 1)
hpin:soft_dsp_eng_post_wrapper/u_tr_exp_wrapper/GEN_EXP[14].u_tr_exp/mux_exp_lut[a_idx]_79_37/in_1[0] 	 (fanout : 1)
hpin:soft_dsp_eng_post_wrapper/u_tr_exp_wrapper/GEN_EXP[14].u_tr_exp/mux_exp_lut[a_idx]_79_37/in_2[6] 	 (fanout : 1)
hpin:soft_dsp_eng_post_wrapper/u_tr_exp_wrapper/GEN_EXP[14].u_tr_exp/mux_exp_lut[a_idx]_79_37/in_2[5] 	 (fanout : 1)
hpin:soft_dsp_eng_post_wrapper/u_tr_exp_wrapper/GEN_EXP[14].u_tr_exp/mux_exp_lut[a_idx]_79_37/in_2[4] 	 (fanout : 1)
hpin:soft_dsp_eng_post_wrapper/u_tr_exp_wrapper/GEN_EXP[14].u_tr_exp/mux_exp_lut[a_idx]_79_37/in_2[3] 	 (fanout : 1)
hpin:soft_dsp_eng_post_wrapper/u_tr_exp_wrapper/GEN_EXP[14].u_tr_exp/mux_exp_lut[a_idx]_79_37/in_2[2] 	 (fanout : 1)
hpin:soft_dsp_eng_post_wrapper/u_tr_exp_wrapper/GEN_EXP[14].u_tr_exp/mux_exp_lut[a_idx]_79_37/in_2[1] 	 (fanout : 1)
hpin:soft_dsp_eng_post_wrapper/u_tr_exp_wrapper/GEN_EXP[14].u_tr_exp/mux_exp_lut[a_idx]_79_37/in_2[0] 	 (fanout : 1)
hpin:soft_dsp_eng_post_wrapper/u_tr_exp_wrapper/GEN_EXP[14].u_tr_exp/mux_exp_lut[a_idx]_79_37/in_3[6] 	 (fanout : 1)
hpin:soft_dsp_eng_post_wrapper/u_tr_exp_wrapper/GEN_EXP[14].u_tr_exp/mux_exp_lut[a_idx]_79_37/in_3[5] 	 (fanout : 1)
hpin:soft_dsp_eng_post_wrapper/u_tr_exp_wrapper/GEN_EXP[14].u_tr_exp/mux_exp_lut[a_idx]_79_37/in_3[4] 	 (fanout : 1)
hpin:soft_dsp_eng_post_wrapper/u_tr_exp_wrapper/GEN_EXP[14].u_tr_exp/mux_exp_lut[a_idx]_79_37/in_3[3] 	 (fanout : 1)
hpin:soft_dsp_eng_post_wrapper/u_tr_exp_wrapper/GEN_EXP[14].u_tr_exp/mux_exp_lut[a_idx]_79_37/in_3[2] 	 (fanout : 1)
hpin:soft_dsp_eng_post_wrapper/u_tr_exp_wrapper/GEN_EXP[14].u_tr_exp/mux_exp_lut[a_idx]_79_37/in_3[1] 	 (fanout : 1)
hpin:soft_dsp_eng_post_wrapper/u_tr_exp_wrapper/GEN_EXP[14].u_tr_exp/mux_exp_lut[a_idx]_79_37/in_3[0] 	 (fanout : 1)
hpin:soft_dsp_eng_post_wrapper/u_tr_exp_wrapper/GEN_EXP[14].u_tr_exp/mux_exp_lut[a_idx]_79_37/in_4[6] 	 (fanout : 1)
hpin:soft_dsp_eng_post_wrapper/u_tr_exp_wrapper/GEN_EXP[14].u_tr_exp/mux_exp_lut[a_idx]_79_37/in_4[5] 	 (fanout : 1)
hpin:soft_dsp_eng_post_wrapper/u_tr_exp_wrapper/GEN_EXP[14].u_tr_exp/mux_exp_lut[a_idx]_79_37/in_4[4] 	 (fanout : 1)
hpin:soft_dsp_eng_post_wrapper/u_tr_exp_wrapper/GEN_EXP[14].u_tr_exp/mux_exp_lut[a_idx]_79_37/in_4[3] 	 (fanout : 1)
hpin:soft_dsp_eng_post_wrapper/u_tr_exp_wrapper/GEN_EXP[14].u_tr_exp/mux_exp_lut[a_idx]_79_37/in_4[2] 	 (fanout : 1)
hpin:soft_dsp_eng_post_wrapper/u_tr_exp_wrapper/GEN_EXP[14].u_tr_exp/mux_exp_lut[a_idx]_79_37/in_4[1] 	 (fanout : 1)
hpin:soft_dsp_eng_post_wrapper/u_tr_exp_wrapper/GEN_EXP[14].u_tr_exp/mux_exp_lut[a_idx]_79_37/in_4[0] 	 (fanout : 1)
hpin:soft_dsp_eng_post_wrapper/u_tr_exp_wrapper/GEN_EXP[14].u_tr_exp/mux_exp_lut[a_idx]_79_37/in_5[6] 	 (fanout : 1)
hpin:soft_dsp_eng_post_wrapper/u_tr_exp_wrapper/GEN_EXP[14].u_tr_exp/mux_exp_lut[a_idx]_79_37/in_5[5] 	 (fanout : 1)
hpin:soft_dsp_eng_post_wrapper/u_tr_exp_wrapper/GEN_EXP[14].u_tr_exp/mux_exp_lut[a_idx]_79_37/in_5[4] 	 (fanout : 1)
hpin:soft_dsp_eng_post_wrapper/u_tr_exp_wrapper/GEN_EXP[14].u_tr_exp/mux_exp_lut[a_idx]_79_37/in_5[3] 	 (fanout : 1)
hpin:soft_dsp_eng_post_wrapper/u_tr_exp_wrapper/GEN_EXP[14].u_tr_exp/mux_exp_lut[a_idx]_79_37/in_5[2] 	 (fanout : 1)
hpin:soft_dsp_eng_post_wrapper/u_tr_exp_wrapper/GEN_EXP[14].u_tr_exp/mux_exp_lut[a_idx]_79_37/in_5[1] 	 (fanout : 1)
hpin:soft_dsp_eng_post_wrapper/u_tr_exp_wrapper/GEN_EXP[14].u_tr_exp/mux_exp_lut[a_idx]_79_37/in_5[0] 	 (fanout : 1)
hpin:soft_dsp_eng_post_wrapper/u_tr_exp_wrapper/GEN_EXP[14].u_tr_exp/mux_exp_lut[a_idx]_79_37/in_6[6] 	 (fanout : 1)
hpin:soft_dsp_eng_post_wrapper/u_tr_exp_wrapper/GEN_EXP[14].u_tr_exp/mux_exp_lut[a_idx]_79_37/in_6[5] 	 (fanout : 1)
hpin:soft_dsp_eng_post_wrapper/u_tr_exp_wrapper/GEN_EXP[14].u_tr_exp/mux_exp_lut[a_idx]_79_37/in_6[4] 	 (fanout : 1)
hpin:soft_dsp_eng_post_wrapper/u_tr_exp_wrapper/GEN_EXP[14].u_tr_exp/mux_exp_lut[a_idx]_79_37/in_6[3] 	 (fanout : 1)
hpin:soft_dsp_eng_post_wrapper/u_tr_exp_wrapper/GEN_EXP[14].u_tr_exp/mux_exp_lut[a_idx]_79_37/in_6[2] 	 (fanout : 1)
hpin:soft_dsp_eng_post_wrapper/u_tr_exp_wrapper/GEN_EXP[14].u_tr_exp/mux_exp_lut[a_idx]_79_37/in_6[1] 	 (fanout : 1)
hpin:soft_dsp_eng_post_wrapper/u_tr_exp_wrapper/GEN_EXP[14].u_tr_exp/mux_exp_lut[a_idx]_79_37/in_6[0] 	 (fanout : 1)
hpin:soft_dsp_eng_post_wrapper/u_tr_exp_wrapper/GEN_EXP[14].u_tr_exp/mux_exp_lut[a_idx]_79_37/in_7[6] 	 (fanout : 1)
hpin:soft_dsp_eng_post_wrapper/u_tr_exp_wrapper/GEN_EXP[14].u_tr_exp/mux_exp_lut[a_idx]_79_37/in_7[5] 	 (fanout : 1)
hpin:soft_dsp_eng_post_wrapper/u_tr_exp_wrapper/GEN_EXP[14].u_tr_exp/mux_exp_lut[a_idx]_79_37/in_7[4] 	 (fanout : 1)
hpin:soft_dsp_eng_post_wrapper/u_tr_exp_wrapper/GEN_EXP[14].u_tr_exp/mux_exp_lut[a_idx]_79_37/in_7[3] 	 (fanout : 1)
hpin:soft_dsp_eng_post_wrapper/u_tr_exp_wrapper/GEN_EXP[14].u_tr_exp/mux_exp_lut[a_idx]_79_37/in_7[2] 	 (fanout : 1)
hpin:soft_dsp_eng_post_wrapper/u_tr_exp_wrapper/GEN_EXP[14].u_tr_exp/mux_exp_lut[a_idx]_79_37/in_7[1] 	 (fanout : 1)
hpin:soft_dsp_eng_post_wrapper/u_tr_exp_wrapper/GEN_EXP[14].u_tr_exp/mux_exp_lut[a_idx]_79_37/in_7[0] 	 (fanout : 1)
hpin:soft_dsp_eng_post_wrapper/u_tr_exp_wrapper/GEN_EXP[14].u_tr_exp/mux_79_18/in_0[7] 	 (fanout : 1)
hpin:soft_dsp_eng_post_wrapper/u_tr_exp_wrapper/GEN_EXP[14].u_tr_exp/mux_79_18/in_1[7] 	 (fanout : 1)
hpin:soft_dsp_eng_post_wrapper/u_tr_exp_wrapper/GEN_EXP[14].u_tr_exp/mux_79_18/in_1[6] 	 (fanout : 1)
hpin:soft_dsp_eng_post_wrapper/u_tr_exp_wrapper/GEN_EXP[14].u_tr_exp/mux_79_18/in_1[5] 	 (fanout : 1)
hpin:soft_dsp_eng_post_wrapper/u_tr_exp_wrapper/GEN_EXP[14].u_tr_exp/mux_79_18/in_1[4] 	 (fanout : 1)
hpin:soft_dsp_eng_post_wrapper/u_tr_exp_wrapper/GEN_EXP[14].u_tr_exp/mux_79_18/in_1[3] 	 (fanout : 1)
hpin:soft_dsp_eng_post_wrapper/u_tr_exp_wrapper/GEN_EXP[14].u_tr_exp/mux_79_18/in_1[2] 	 (fanout : 1)
hpin:soft_dsp_eng_post_wrapper/u_tr_exp_wrapper/GEN_EXP[14].u_tr_exp/mux_79_18/in_1[1] 	 (fanout : 1)
hpin:soft_dsp_eng_post_wrapper/u_tr_exp_wrapper/GEN_EXP[14].u_tr_exp/mux_79_18/in_1[0] 	 (fanout : 1)
hpin:soft_dsp_eng_post_wrapper/u_tr_exp_wrapper/GEN_EXP[14].u_tr_exp/uut/eq_27_44/B 	 (fanout : 1)
hpin:soft_dsp_eng_post_wrapper/u_tr_exp_wrapper/GEN_EXP[14].u_tr_exp/uut/add_24_61/B[1] 	 (fanout : 5)
hpin:soft_dsp_eng_post_wrapper/u_tr_exp_wrapper/GEN_EXP[14].u_tr_exp/uut/add_24_61/B[0] 	 (fanout : 2)
hpin:soft_dsp_eng_post_wrapper/u_tr_exp_wrapper/GEN_EXP[15].u_tr_exp/add_98_47/A[5] 	 (fanout : 1)
hpin:soft_dsp_eng_post_wrapper/u_tr_exp_wrapper/GEN_EXP[15].u_tr_exp/mux_exp_lut[a_idx]_79_37/in_0[6] 	 (fanout : 1)
hpin:soft_dsp_eng_post_wrapper/u_tr_exp_wrapper/GEN_EXP[15].u_tr_exp/mux_exp_lut[a_idx]_79_37/in_0[5] 	 (fanout : 1)
hpin:soft_dsp_eng_post_wrapper/u_tr_exp_wrapper/GEN_EXP[15].u_tr_exp/mux_exp_lut[a_idx]_79_37/in_0[4] 	 (fanout : 1)
hpin:soft_dsp_eng_post_wrapper/u_tr_exp_wrapper/GEN_EXP[15].u_tr_exp/mux_exp_lut[a_idx]_79_37/in_0[3] 	 (fanout : 1)
hpin:soft_dsp_eng_post_wrapper/u_tr_exp_wrapper/GEN_EXP[15].u_tr_exp/mux_exp_lut[a_idx]_79_37/in_0[2] 	 (fanout : 1)
hpin:soft_dsp_eng_post_wrapper/u_tr_exp_wrapper/GEN_EXP[15].u_tr_exp/mux_exp_lut[a_idx]_79_37/in_0[1] 	 (fanout : 1)
hpin:soft_dsp_eng_post_wrapper/u_tr_exp_wrapper/GEN_EXP[15].u_tr_exp/mux_exp_lut[a_idx]_79_37/in_0[0] 	 (fanout : 1)
hpin:soft_dsp_eng_post_wrapper/u_tr_exp_wrapper/GEN_EXP[15].u_tr_exp/mux_exp_lut[a_idx]_79_37/in_1[6] 	 (fanout : 1)
hpin:soft_dsp_eng_post_wrapper/u_tr_exp_wrapper/GEN_EXP[15].u_tr_exp/mux_exp_lut[a_idx]_79_37/in_1[5] 	 (fanout : 1)
hpin:soft_dsp_eng_post_wrapper/u_tr_exp_wrapper/GEN_EXP[15].u_tr_exp/mux_exp_lut[a_idx]_79_37/in_1[4] 	 (fanout : 1)
hpin:soft_dsp_eng_post_wrapper/u_tr_exp_wrapper/GEN_EXP[15].u_tr_exp/mux_exp_lut[a_idx]_79_37/in_1[3] 	 (fanout : 1)
hpin:soft_dsp_eng_post_wrapper/u_tr_exp_wrapper/GEN_EXP[15].u_tr_exp/mux_exp_lut[a_idx]_79_37/in_1[2] 	 (fanout : 1)
hpin:soft_dsp_eng_post_wrapper/u_tr_exp_wrapper/GEN_EXP[15].u_tr_exp/mux_exp_lut[a_idx]_79_37/in_1[1] 	 (fanout : 1)
hpin:soft_dsp_eng_post_wrapper/u_tr_exp_wrapper/GEN_EXP[15].u_tr_exp/mux_exp_lut[a_idx]_79_37/in_1[0] 	 (fanout : 1)
hpin:soft_dsp_eng_post_wrapper/u_tr_exp_wrapper/GEN_EXP[15].u_tr_exp/mux_exp_lut[a_idx]_79_37/in_2[6] 	 (fanout : 1)
hpin:soft_dsp_eng_post_wrapper/u_tr_exp_wrapper/GEN_EXP[15].u_tr_exp/mux_exp_lut[a_idx]_79_37/in_2[5] 	 (fanout : 1)
hpin:soft_dsp_eng_post_wrapper/u_tr_exp_wrapper/GEN_EXP[15].u_tr_exp/mux_exp_lut[a_idx]_79_37/in_2[4] 	 (fanout : 1)
hpin:soft_dsp_eng_post_wrapper/u_tr_exp_wrapper/GEN_EXP[15].u_tr_exp/mux_exp_lut[a_idx]_79_37/in_2[3] 	 (fanout : 1)
hpin:soft_dsp_eng_post_wrapper/u_tr_exp_wrapper/GEN_EXP[15].u_tr_exp/mux_exp_lut[a_idx]_79_37/in_2[2] 	 (fanout : 1)
hpin:soft_dsp_eng_post_wrapper/u_tr_exp_wrapper/GEN_EXP[15].u_tr_exp/mux_exp_lut[a_idx]_79_37/in_2[1] 	 (fanout : 1)
hpin:soft_dsp_eng_post_wrapper/u_tr_exp_wrapper/GEN_EXP[15].u_tr_exp/mux_exp_lut[a_idx]_79_37/in_2[0] 	 (fanout : 1)
hpin:soft_dsp_eng_post_wrapper/u_tr_exp_wrapper/GEN_EXP[15].u_tr_exp/mux_exp_lut[a_idx]_79_37/in_3[6] 	 (fanout : 1)
hpin:soft_dsp_eng_post_wrapper/u_tr_exp_wrapper/GEN_EXP[15].u_tr_exp/mux_exp_lut[a_idx]_79_37/in_3[5] 	 (fanout : 1)
hpin:soft_dsp_eng_post_wrapper/u_tr_exp_wrapper/GEN_EXP[15].u_tr_exp/mux_exp_lut[a_idx]_79_37/in_3[4] 	 (fanout : 1)
hpin:soft_dsp_eng_post_wrapper/u_tr_exp_wrapper/GEN_EXP[15].u_tr_exp/mux_exp_lut[a_idx]_79_37/in_3[3] 	 (fanout : 1)
hpin:soft_dsp_eng_post_wrapper/u_tr_exp_wrapper/GEN_EXP[15].u_tr_exp/mux_exp_lut[a_idx]_79_37/in_3[2] 	 (fanout : 1)
hpin:soft_dsp_eng_post_wrapper/u_tr_exp_wrapper/GEN_EXP[15].u_tr_exp/mux_exp_lut[a_idx]_79_37/in_3[1] 	 (fanout : 1)
hpin:soft_dsp_eng_post_wrapper/u_tr_exp_wrapper/GEN_EXP[15].u_tr_exp/mux_exp_lut[a_idx]_79_37/in_3[0] 	 (fanout : 1)
hpin:soft_dsp_eng_post_wrapper/u_tr_exp_wrapper/GEN_EXP[15].u_tr_exp/mux_exp_lut[a_idx]_79_37/in_4[6] 	 (fanout : 1)
hpin:soft_dsp_eng_post_wrapper/u_tr_exp_wrapper/GEN_EXP[15].u_tr_exp/mux_exp_lut[a_idx]_79_37/in_4[5] 	 (fanout : 1)
hpin:soft_dsp_eng_post_wrapper/u_tr_exp_wrapper/GEN_EXP[15].u_tr_exp/mux_exp_lut[a_idx]_79_37/in_4[4] 	 (fanout : 1)
hpin:soft_dsp_eng_post_wrapper/u_tr_exp_wrapper/GEN_EXP[15].u_tr_exp/mux_exp_lut[a_idx]_79_37/in_4[3] 	 (fanout : 1)
hpin:soft_dsp_eng_post_wrapper/u_tr_exp_wrapper/GEN_EXP[15].u_tr_exp/mux_exp_lut[a_idx]_79_37/in_4[2] 	 (fanout : 1)
hpin:soft_dsp_eng_post_wrapper/u_tr_exp_wrapper/GEN_EXP[15].u_tr_exp/mux_exp_lut[a_idx]_79_37/in_4[1] 	 (fanout : 1)
hpin:soft_dsp_eng_post_wrapper/u_tr_exp_wrapper/GEN_EXP[15].u_tr_exp/mux_exp_lut[a_idx]_79_37/in_4[0] 	 (fanout : 1)
hpin:soft_dsp_eng_post_wrapper/u_tr_exp_wrapper/GEN_EXP[15].u_tr_exp/mux_exp_lut[a_idx]_79_37/in_5[6] 	 (fanout : 1)
hpin:soft_dsp_eng_post_wrapper/u_tr_exp_wrapper/GEN_EXP[15].u_tr_exp/mux_exp_lut[a_idx]_79_37/in_5[5] 	 (fanout : 1)
hpin:soft_dsp_eng_post_wrapper/u_tr_exp_wrapper/GEN_EXP[15].u_tr_exp/mux_exp_lut[a_idx]_79_37/in_5[4] 	 (fanout : 1)
hpin:soft_dsp_eng_post_wrapper/u_tr_exp_wrapper/GEN_EXP[15].u_tr_exp/mux_exp_lut[a_idx]_79_37/in_5[3] 	 (fanout : 1)
hpin:soft_dsp_eng_post_wrapper/u_tr_exp_wrapper/GEN_EXP[15].u_tr_exp/mux_exp_lut[a_idx]_79_37/in_5[2] 	 (fanout : 1)
hpin:soft_dsp_eng_post_wrapper/u_tr_exp_wrapper/GEN_EXP[15].u_tr_exp/mux_exp_lut[a_idx]_79_37/in_5[1] 	 (fanout : 1)
hpin:soft_dsp_eng_post_wrapper/u_tr_exp_wrapper/GEN_EXP[15].u_tr_exp/mux_exp_lut[a_idx]_79_37/in_5[0] 	 (fanout : 1)
hpin:soft_dsp_eng_post_wrapper/u_tr_exp_wrapper/GEN_EXP[15].u_tr_exp/mux_exp_lut[a_idx]_79_37/in_6[6] 	 (fanout : 1)
hpin:soft_dsp_eng_post_wrapper/u_tr_exp_wrapper/GEN_EXP[15].u_tr_exp/mux_exp_lut[a_idx]_79_37/in_6[5] 	 (fanout : 1)
hpin:soft_dsp_eng_post_wrapper/u_tr_exp_wrapper/GEN_EXP[15].u_tr_exp/mux_exp_lut[a_idx]_79_37/in_6[4] 	 (fanout : 1)
hpin:soft_dsp_eng_post_wrapper/u_tr_exp_wrapper/GEN_EXP[15].u_tr_exp/mux_exp_lut[a_idx]_79_37/in_6[3] 	 (fanout : 1)
hpin:soft_dsp_eng_post_wrapper/u_tr_exp_wrapper/GEN_EXP[15].u_tr_exp/mux_exp_lut[a_idx]_79_37/in_6[2] 	 (fanout : 1)
hpin:soft_dsp_eng_post_wrapper/u_tr_exp_wrapper/GEN_EXP[15].u_tr_exp/mux_exp_lut[a_idx]_79_37/in_6[1] 	 (fanout : 1)
hpin:soft_dsp_eng_post_wrapper/u_tr_exp_wrapper/GEN_EXP[15].u_tr_exp/mux_exp_lut[a_idx]_79_37/in_6[0] 	 (fanout : 1)
hpin:soft_dsp_eng_post_wrapper/u_tr_exp_wrapper/GEN_EXP[15].u_tr_exp/mux_exp_lut[a_idx]_79_37/in_7[6] 	 (fanout : 1)
hpin:soft_dsp_eng_post_wrapper/u_tr_exp_wrapper/GEN_EXP[15].u_tr_exp/mux_exp_lut[a_idx]_79_37/in_7[5] 	 (fanout : 1)
hpin:soft_dsp_eng_post_wrapper/u_tr_exp_wrapper/GEN_EXP[15].u_tr_exp/mux_exp_lut[a_idx]_79_37/in_7[4] 	 (fanout : 1)
hpin:soft_dsp_eng_post_wrapper/u_tr_exp_wrapper/GEN_EXP[15].u_tr_exp/mux_exp_lut[a_idx]_79_37/in_7[3] 	 (fanout : 1)
hpin:soft_dsp_eng_post_wrapper/u_tr_exp_wrapper/GEN_EXP[15].u_tr_exp/mux_exp_lut[a_idx]_79_37/in_7[2] 	 (fanout : 1)
hpin:soft_dsp_eng_post_wrapper/u_tr_exp_wrapper/GEN_EXP[15].u_tr_exp/mux_exp_lut[a_idx]_79_37/in_7[1] 	 (fanout : 1)
hpin:soft_dsp_eng_post_wrapper/u_tr_exp_wrapper/GEN_EXP[15].u_tr_exp/mux_exp_lut[a_idx]_79_37/in_7[0] 	 (fanout : 1)
hpin:soft_dsp_eng_post_wrapper/u_tr_exp_wrapper/GEN_EXP[15].u_tr_exp/mux_79_18/in_0[7] 	 (fanout : 1)
hpin:soft_dsp_eng_post_wrapper/u_tr_exp_wrapper/GEN_EXP[15].u_tr_exp/mux_79_18/in_1[7] 	 (fanout : 1)
hpin:soft_dsp_eng_post_wrapper/u_tr_exp_wrapper/GEN_EXP[15].u_tr_exp/mux_79_18/in_1[6] 	 (fanout : 1)
hpin:soft_dsp_eng_post_wrapper/u_tr_exp_wrapper/GEN_EXP[15].u_tr_exp/mux_79_18/in_1[5] 	 (fanout : 1)
hpin:soft_dsp_eng_post_wrapper/u_tr_exp_wrapper/GEN_EXP[15].u_tr_exp/mux_79_18/in_1[4] 	 (fanout : 1)
hpin:soft_dsp_eng_post_wrapper/u_tr_exp_wrapper/GEN_EXP[15].u_tr_exp/mux_79_18/in_1[3] 	 (fanout : 1)
hpin:soft_dsp_eng_post_wrapper/u_tr_exp_wrapper/GEN_EXP[15].u_tr_exp/mux_79_18/in_1[2] 	 (fanout : 1)
hpin:soft_dsp_eng_post_wrapper/u_tr_exp_wrapper/GEN_EXP[15].u_tr_exp/mux_79_18/in_1[1] 	 (fanout : 1)
hpin:soft_dsp_eng_post_wrapper/u_tr_exp_wrapper/GEN_EXP[15].u_tr_exp/mux_79_18/in_1[0] 	 (fanout : 1)
hpin:soft_dsp_eng_post_wrapper/u_tr_exp_wrapper/GEN_EXP[15].u_tr_exp/uut/eq_27_44/B 	 (fanout : 1)
hpin:soft_dsp_eng_post_wrapper/u_tr_exp_wrapper/GEN_EXP[15].u_tr_exp/uut/add_24_61/B[1] 	 (fanout : 5)
hpin:soft_dsp_eng_post_wrapper/u_tr_exp_wrapper/GEN_EXP[15].u_tr_exp/uut/add_24_61/B[0] 	 (fanout : 2)
hpin:soft_dsp_eng_post_wrapper/dsp_mul/mul_129_58_I16/B[8] 	 (fanout : 8)
hpin:soft_dsp_eng_post_wrapper/dsp_mul/mul_132_66_I16/A[8] 	 (fanout : 9)
hpin:soft_dsp_eng_post_wrapper/dsp_mul/mul_132_66_I16/B[8] 	 (fanout : 9)
hpin:soft_dsp_eng_post_wrapper/dsp_mul/mul_129_58_I15/B[8] 	 (fanout : 8)
hpin:soft_dsp_eng_post_wrapper/dsp_mul/mul_132_66_I15/A[8] 	 (fanout : 9)
hpin:soft_dsp_eng_post_wrapper/dsp_mul/mul_132_66_I15/B[8] 	 (fanout : 9)
hpin:soft_dsp_eng_post_wrapper/dsp_mul/mul_129_58_I14/B[8] 	 (fanout : 8)
hpin:soft_dsp_eng_post_wrapper/dsp_mul/mul_132_66_I14/A[8] 	 (fanout : 9)
hpin:soft_dsp_eng_post_wrapper/dsp_mul/mul_132_66_I14/B[8] 	 (fanout : 9)
hpin:soft_dsp_eng_post_wrapper/dsp_mul/mul_129_58_I13/B[8] 	 (fanout : 8)
hpin:soft_dsp_eng_post_wrapper/dsp_mul/mul_132_66_I13/A[8] 	 (fanout : 9)
hpin:soft_dsp_eng_post_wrapper/dsp_mul/mul_132_66_I13/B[8] 	 (fanout : 9)
hpin:soft_dsp_eng_post_wrapper/dsp_mul/mul_129_58_I12/B[8] 	 (fanout : 8)
hpin:soft_dsp_eng_post_wrapper/dsp_mul/mul_132_66_I12/A[8] 	 (fanout : 9)
hpin:soft_dsp_eng_post_wrapper/dsp_mul/mul_132_66_I12/B[8] 	 (fanout : 9)
hpin:soft_dsp_eng_post_wrapper/dsp_mul/mul_129_58_I11/B[8] 	 (fanout : 8)
hpin:soft_dsp_eng_post_wrapper/dsp_mul/mul_132_66_I11/A[8] 	 (fanout : 9)
hpin:soft_dsp_eng_post_wrapper/dsp_mul/mul_132_66_I11/B[8] 	 (fanout : 9)
hpin:soft_dsp_eng_post_wrapper/dsp_mul/mul_129_58_I10/B[8] 	 (fanout : 8)
hpin:soft_dsp_eng_post_wrapper/dsp_mul/mul_132_66_I10/A[8] 	 (fanout : 9)
hpin:soft_dsp_eng_post_wrapper/dsp_mul/mul_132_66_I10/B[8] 	 (fanout : 9)
hpin:soft_dsp_eng_post_wrapper/dsp_mul/mul_129_58_I9/B[8] 	 (fanout : 8)
hpin:soft_dsp_eng_post_wrapper/dsp_mul/mul_132_66_I9/A[8] 	 (fanout : 9)
hpin:soft_dsp_eng_post_wrapper/dsp_mul/mul_132_66_I9/B[8] 	 (fanout : 9)
hpin:soft_dsp_eng_post_wrapper/dsp_mul/mul_129_58_I8/B[8] 	 (fanout : 8)
hpin:soft_dsp_eng_post_wrapper/dsp_mul/mul_132_66_I8/A[8] 	 (fanout : 9)
hpin:soft_dsp_eng_post_wrapper/dsp_mul/mul_132_66_I8/B[8] 	 (fanout : 9)
hpin:soft_dsp_eng_post_wrapper/dsp_mul/mul_129_58_I7/B[8] 	 (fanout : 8)
hpin:soft_dsp_eng_post_wrapper/dsp_mul/mul_132_66_I7/A[8] 	 (fanout : 9)
hpin:soft_dsp_eng_post_wrapper/dsp_mul/mul_132_66_I7/B[8] 	 (fanout : 9)
hpin:soft_dsp_eng_post_wrapper/dsp_mul/mul_129_58_I6/B[8] 	 (fanout : 8)
hpin:soft_dsp_eng_post_wrapper/dsp_mul/mul_132_66_I6/A[8] 	 (fanout : 9)
hpin:soft_dsp_eng_post_wrapper/dsp_mul/mul_132_66_I6/B[8] 	 (fanout : 9)
hpin:soft_dsp_eng_post_wrapper/dsp_mul/mul_129_58_I5/B[8] 	 (fanout : 8)
hpin:soft_dsp_eng_post_wrapper/dsp_mul/mul_132_66_I5/A[8] 	 (fanout : 9)
hpin:soft_dsp_eng_post_wrapper/dsp_mul/mul_132_66_I5/B[8] 	 (fanout : 9)
hpin:soft_dsp_eng_post_wrapper/dsp_mul/mul_129_58_I4/B[8] 	 (fanout : 8)
hpin:soft_dsp_eng_post_wrapper/dsp_mul/mul_132_66_I4/A[8] 	 (fanout : 9)
hpin:soft_dsp_eng_post_wrapper/dsp_mul/mul_132_66_I4/B[8] 	 (fanout : 9)
hpin:soft_dsp_eng_post_wrapper/dsp_mul/mul_129_58_I3/B[8] 	 (fanout : 8)
hpin:soft_dsp_eng_post_wrapper/dsp_mul/mul_132_66_I3/A[8] 	 (fanout : 9)
hpin:soft_dsp_eng_post_wrapper/dsp_mul/mul_132_66_I3/B[8] 	 (fanout : 9)
hpin:soft_dsp_eng_post_wrapper/dsp_mul/mul_129_58_I2/B[8] 	 (fanout : 8)
hpin:soft_dsp_eng_post_wrapper/dsp_mul/mul_132_66_I2/A[8] 	 (fanout : 9)
hpin:soft_dsp_eng_post_wrapper/dsp_mul/mul_132_66_I2/B[8] 	 (fanout : 9)
hpin:soft_dsp_eng_post_wrapper/dsp_mul/mul_129_58_I1/B[8] 	 (fanout : 8)
hpin:soft_dsp_eng_post_wrapper/dsp_mul/mul_132_66_I1/A[8] 	 (fanout : 9)
hpin:soft_dsp_eng_post_wrapper/dsp_mul/mul_132_66_I1/B[8] 	 (fanout : 9)
hpin:soft_dsp_eng_post_wrapper/dsp_mul/mux_out_vec[1]_191_21/in_0[31] 	 (fanout : 1)
hpin:soft_dsp_eng_post_wrapper/dsp_mul/mux_out_vec[1]_191_21/in_0[30] 	 (fanout : 1)
hpin:soft_dsp_eng_post_wrapper/dsp_mul/mux_out_vec[1]_191_21/in_0[29] 	 (fanout : 1)
hpin:soft_dsp_eng_post_wrapper/dsp_mul/mux_out_vec[1]_191_21/in_0[28] 	 (fanout : 1)
hpin:soft_dsp_eng_post_wrapper/dsp_mul/mux_out_vec[1]_191_21/in_0[27] 	 (fanout : 1)
hpin:soft_dsp_eng_post_wrapper/dsp_mul/mux_out_vec[1]_191_21/in_0[26] 	 (fanout : 1)
hpin:soft_dsp_eng_post_wrapper/dsp_mul/mux_out_vec[1]_191_21/in_0[25] 	 (fanout : 1)
hpin:soft_dsp_eng_post_wrapper/dsp_mul/mux_out_vec[1]_191_21/in_0[24] 	 (fanout : 1)
hpin:soft_dsp_eng_post_wrapper/dsp_mul/mux_out_vec[1]_191_21/in_0[23] 	 (fanout : 1)
hpin:soft_dsp_eng_post_wrapper/dsp_mul/mux_out_vec[1]_191_21/in_0[22] 	 (fanout : 1)
hpin:soft_dsp_eng_post_wrapper/dsp_mul/mux_out_vec[1]_191_21/in_0[21] 	 (fanout : 1)
hpin:soft_dsp_eng_post_wrapper/dsp_mul/mux_out_vec[1]_191_21/in_0[20] 	 (fanout : 1)
hpin:soft_dsp_eng_post_wrapper/dsp_mul/mux_out_vec[1]_191_21/in_0[19] 	 (fanout : 1)
hpin:soft_dsp_eng_post_wrapper/dsp_mul/mux_out_vec[1]_191_21/in_0[18] 	 (fanout : 1)
hpin:soft_dsp_eng_post_wrapper/dsp_mul/mux_out_vec[1]_191_21/in_0[17] 	 (fanout : 1)
hpin:soft_dsp_eng_post_wrapper/dsp_mul/mux_out_vec[1]_191_21/in_0[16] 	 (fanout : 1)
hpin:soft_dsp_eng_post_wrapper/dsp_mul/mux_out_vec[1]_191_21/in_0[15] 	 (fanout : 1)
hpin:soft_dsp_eng_post_wrapper/dsp_mul/mux_out_vec[1]_191_21/in_0[14] 	 (fanout : 1)
hpin:soft_dsp_eng_post_wrapper/dsp_mul/mux_out_vec[1]_191_21/in_0[13] 	 (fanout : 1)
hpin:soft_dsp_eng_post_wrapper/dsp_mul/mux_out_vec[1]_191_21/in_0[12] 	 (fanout : 1)
hpin:soft_dsp_eng_post_wrapper/dsp_mul/mux_out_vec[1]_191_21/in_0[11] 	 (fanout : 1)
hpin:soft_dsp_eng_post_wrapper/dsp_mul/mux_out_vec[1]_191_21/in_0[10] 	 (fanout : 1)
hpin:soft_dsp_eng_post_wrapper/dsp_mul/mux_out_vec[1]_191_21/in_0[9] 	 (fanout : 1)
hpin:soft_dsp_eng_post_wrapper/dsp_mul/mux_out_vec[1]_191_21/in_0[8] 	 (fanout : 1)
hpin:soft_dsp_eng_post_wrapper/dsp_mul/mux_out_vec[1]_191_21/in_0[7] 	 (fanout : 1)
hpin:soft_dsp_eng_post_wrapper/dsp_mul/mux_out_vec[1]_191_21/in_0[6] 	 (fanout : 1)
hpin:soft_dsp_eng_post_wrapper/dsp_mul/mux_out_vec[1]_191_21/in_0[5] 	 (fanout : 1)
hpin:soft_dsp_eng_post_wrapper/dsp_mul/mux_out_vec[1]_191_21/in_0[4] 	 (fanout : 1)
hpin:soft_dsp_eng_post_wrapper/dsp_mul/mux_out_vec[1]_191_21/in_0[3] 	 (fanout : 1)
hpin:soft_dsp_eng_post_wrapper/dsp_mul/mux_out_vec[1]_191_21/in_0[2] 	 (fanout : 1)
hpin:soft_dsp_eng_post_wrapper/dsp_mul/mux_out_vec[1]_191_21/in_0[1] 	 (fanout : 1)
hpin:soft_dsp_eng_post_wrapper/dsp_mul/mux_out_vec[1]_191_21/in_0[0] 	 (fanout : 1)
hpin:soft_dsp_eng_post_wrapper/dsp_mul/mux_out_vec[2]_191_21/in_0[31] 	 (fanout : 1)
hpin:soft_dsp_eng_post_wrapper/dsp_mul/mux_out_vec[2]_191_21/in_0[30] 	 (fanout : 1)
hpin:soft_dsp_eng_post_wrapper/dsp_mul/mux_out_vec[2]_191_21/in_0[29] 	 (fanout : 1)
hpin:soft_dsp_eng_post_wrapper/dsp_mul/mux_out_vec[2]_191_21/in_0[28] 	 (fanout : 1)
hpin:soft_dsp_eng_post_wrapper/dsp_mul/mux_out_vec[2]_191_21/in_0[27] 	 (fanout : 1)
hpin:soft_dsp_eng_post_wrapper/dsp_mul/mux_out_vec[2]_191_21/in_0[26] 	 (fanout : 1)
hpin:soft_dsp_eng_post_wrapper/dsp_mul/mux_out_vec[2]_191_21/in_0[25] 	 (fanout : 1)
hpin:soft_dsp_eng_post_wrapper/dsp_mul/mux_out_vec[2]_191_21/in_0[24] 	 (fanout : 1)
hpin:soft_dsp_eng_post_wrapper/dsp_mul/mux_out_vec[2]_191_21/in_0[23] 	 (fanout : 1)
hpin:soft_dsp_eng_post_wrapper/dsp_mul/mux_out_vec[2]_191_21/in_0[22] 	 (fanout : 1)
hpin:soft_dsp_eng_post_wrapper/dsp_mul/mux_out_vec[2]_191_21/in_0[21] 	 (fanout : 1)
hpin:soft_dsp_eng_post_wrapper/dsp_mul/mux_out_vec[2]_191_21/in_0[20] 	 (fanout : 1)
hpin:soft_dsp_eng_post_wrapper/dsp_mul/mux_out_vec[2]_191_21/in_0[19] 	 (fanout : 1)
hpin:soft_dsp_eng_post_wrapper/dsp_mul/mux_out_vec[2]_191_21/in_0[18] 	 (fanout : 1)
hpin:soft_dsp_eng_post_wrapper/dsp_mul/mux_out_vec[2]_191_21/in_0[17] 	 (fanout : 1)
hpin:soft_dsp_eng_post_wrapper/dsp_mul/mux_out_vec[2]_191_21/in_0[16] 	 (fanout : 1)
hpin:soft_dsp_eng_post_wrapper/dsp_mul/mux_out_vec[2]_191_21/in_0[15] 	 (fanout : 1)
hpin:soft_dsp_eng_post_wrapper/dsp_mul/mux_out_vec[2]_191_21/in_0[14] 	 (fanout : 1)
hpin:soft_dsp_eng_post_wrapper/dsp_mul/mux_out_vec[2]_191_21/in_0[13] 	 (fanout : 1)
hpin:soft_dsp_eng_post_wrapper/dsp_mul/mux_out_vec[2]_191_21/in_0[12] 	 (fanout : 1)
hpin:soft_dsp_eng_post_wrapper/dsp_mul/mux_out_vec[2]_191_21/in_0[11] 	 (fanout : 1)
hpin:soft_dsp_eng_post_wrapper/dsp_mul/mux_out_vec[2]_191_21/in_0[10] 	 (fanout : 1)
hpin:soft_dsp_eng_post_wrapper/dsp_mul/mux_out_vec[2]_191_21/in_0[9] 	 (fanout : 1)
hpin:soft_dsp_eng_post_wrapper/dsp_mul/mux_out_vec[2]_191_21/in_0[8] 	 (fanout : 1)
hpin:soft_dsp_eng_post_wrapper/dsp_mul/mux_out_vec[2]_191_21/in_0[7] 	 (fanout : 1)
hpin:soft_dsp_eng_post_wrapper/dsp_mul/mux_out_vec[2]_191_21/in_0[6] 	 (fanout : 1)
hpin:soft_dsp_eng_post_wrapper/dsp_mul/mux_out_vec[2]_191_21/in_0[5] 	 (fanout : 1)
hpin:soft_dsp_eng_post_wrapper/dsp_mul/mux_out_vec[2]_191_21/in_0[4] 	 (fanout : 1)
hpin:soft_dsp_eng_post_wrapper/dsp_mul/mux_out_vec[2]_191_21/in_0[3] 	 (fanout : 1)
hpin:soft_dsp_eng_post_wrapper/dsp_mul/mux_out_vec[2]_191_21/in_0[2] 	 (fanout : 1)
hpin:soft_dsp_eng_post_wrapper/dsp_mul/mux_out_vec[2]_191_21/in_0[1] 	 (fanout : 1)
hpin:soft_dsp_eng_post_wrapper/dsp_mul/mux_out_vec[2]_191_21/in_0[0] 	 (fanout : 1)
hpin:soft_dsp_eng_post_wrapper/dsp_mul/mux_out_vec[3]_191_21/in_0[31] 	 (fanout : 1)
hpin:soft_dsp_eng_post_wrapper/dsp_mul/mux_out_vec[3]_191_21/in_0[30] 	 (fanout : 1)
hpin:soft_dsp_eng_post_wrapper/dsp_mul/mux_out_vec[3]_191_21/in_0[29] 	 (fanout : 1)
hpin:soft_dsp_eng_post_wrapper/dsp_mul/mux_out_vec[3]_191_21/in_0[28] 	 (fanout : 1)
hpin:soft_dsp_eng_post_wrapper/dsp_mul/mux_out_vec[3]_191_21/in_0[27] 	 (fanout : 1)
hpin:soft_dsp_eng_post_wrapper/dsp_mul/mux_out_vec[3]_191_21/in_0[26] 	 (fanout : 1)
hpin:soft_dsp_eng_post_wrapper/dsp_mul/mux_out_vec[3]_191_21/in_0[25] 	 (fanout : 1)
hpin:soft_dsp_eng_post_wrapper/dsp_mul/mux_out_vec[3]_191_21/in_0[24] 	 (fanout : 1)
hpin:soft_dsp_eng_post_wrapper/dsp_mul/mux_out_vec[3]_191_21/in_0[23] 	 (fanout : 1)
hpin:soft_dsp_eng_post_wrapper/dsp_mul/mux_out_vec[3]_191_21/in_0[22] 	 (fanout : 1)
hpin:soft_dsp_eng_post_wrapper/dsp_mul/mux_out_vec[3]_191_21/in_0[21] 	 (fanout : 1)
hpin:soft_dsp_eng_post_wrapper/dsp_mul/mux_out_vec[3]_191_21/in_0[20] 	 (fanout : 1)
hpin:soft_dsp_eng_post_wrapper/dsp_mul/mux_out_vec[3]_191_21/in_0[19] 	 (fanout : 1)
hpin:soft_dsp_eng_post_wrapper/dsp_mul/mux_out_vec[3]_191_21/in_0[18] 	 (fanout : 1)
hpin:soft_dsp_eng_post_wrapper/dsp_mul/mux_out_vec[3]_191_21/in_0[17] 	 (fanout : 1)
hpin:soft_dsp_eng_post_wrapper/dsp_mul/mux_out_vec[3]_191_21/in_0[16] 	 (fanout : 1)
hpin:soft_dsp_eng_post_wrapper/dsp_mul/mux_out_vec[3]_191_21/in_0[15] 	 (fanout : 1)
hpin:soft_dsp_eng_post_wrapper/dsp_mul/mux_out_vec[3]_191_21/in_0[14] 	 (fanout : 1)
hpin:soft_dsp_eng_post_wrapper/dsp_mul/mux_out_vec[3]_191_21/in_0[13] 	 (fanout : 1)
hpin:soft_dsp_eng_post_wrapper/dsp_mul/mux_out_vec[3]_191_21/in_0[12] 	 (fanout : 1)
hpin:soft_dsp_eng_post_wrapper/dsp_mul/mux_out_vec[3]_191_21/in_0[11] 	 (fanout : 1)
hpin:soft_dsp_eng_post_wrapper/dsp_mul/mux_out_vec[3]_191_21/in_0[10] 	 (fanout : 1)
hpin:soft_dsp_eng_post_wrapper/dsp_mul/mux_out_vec[3]_191_21/in_0[9] 	 (fanout : 1)
hpin:soft_dsp_eng_post_wrapper/dsp_mul/mux_out_vec[3]_191_21/in_0[8] 	 (fanout : 1)
hpin:soft_dsp_eng_post_wrapper/dsp_mul/mux_out_vec[3]_191_21/in_0[7] 	 (fanout : 1)
hpin:soft_dsp_eng_post_wrapper/dsp_mul/mux_out_vec[3]_191_21/in_0[6] 	 (fanout : 1)
hpin:soft_dsp_eng_post_wrapper/dsp_mul/mux_out_vec[3]_191_21/in_0[5] 	 (fanout : 1)
hpin:soft_dsp_eng_post_wrapper/dsp_mul/mux_out_vec[3]_191_21/in_0[4] 	 (fanout : 1)
hpin:soft_dsp_eng_post_wrapper/dsp_mul/mux_out_vec[3]_191_21/in_0[3] 	 (fanout : 1)
hpin:soft_dsp_eng_post_wrapper/dsp_mul/mux_out_vec[3]_191_21/in_0[2] 	 (fanout : 1)
hpin:soft_dsp_eng_post_wrapper/dsp_mul/mux_out_vec[3]_191_21/in_0[1] 	 (fanout : 1)
hpin:soft_dsp_eng_post_wrapper/dsp_mul/mux_out_vec[3]_191_21/in_0[0] 	 (fanout : 1)
hpin:soft_dsp_eng_post_wrapper/dsp_mul/mux_out_vec[4]_191_21/in_0[31] 	 (fanout : 1)
hpin:soft_dsp_eng_post_wrapper/dsp_mul/mux_out_vec[4]_191_21/in_0[30] 	 (fanout : 1)
hpin:soft_dsp_eng_post_wrapper/dsp_mul/mux_out_vec[4]_191_21/in_0[29] 	 (fanout : 1)
hpin:soft_dsp_eng_post_wrapper/dsp_mul/mux_out_vec[4]_191_21/in_0[28] 	 (fanout : 1)
hpin:soft_dsp_eng_post_wrapper/dsp_mul/mux_out_vec[4]_191_21/in_0[27] 	 (fanout : 1)
hpin:soft_dsp_eng_post_wrapper/dsp_mul/mux_out_vec[4]_191_21/in_0[26] 	 (fanout : 1)
hpin:soft_dsp_eng_post_wrapper/dsp_mul/mux_out_vec[4]_191_21/in_0[25] 	 (fanout : 1)
hpin:soft_dsp_eng_post_wrapper/dsp_mul/mux_out_vec[4]_191_21/in_0[24] 	 (fanout : 1)
hpin:soft_dsp_eng_post_wrapper/dsp_mul/mux_out_vec[4]_191_21/in_0[23] 	 (fanout : 1)
hpin:soft_dsp_eng_post_wrapper/dsp_mul/mux_out_vec[4]_191_21/in_0[22] 	 (fanout : 1)
hpin:soft_dsp_eng_post_wrapper/dsp_mul/mux_out_vec[4]_191_21/in_0[21] 	 (fanout : 1)
hpin:soft_dsp_eng_post_wrapper/dsp_mul/mux_out_vec[4]_191_21/in_0[20] 	 (fanout : 1)
hpin:soft_dsp_eng_post_wrapper/dsp_mul/mux_out_vec[4]_191_21/in_0[19] 	 (fanout : 1)
hpin:soft_dsp_eng_post_wrapper/dsp_mul/mux_out_vec[4]_191_21/in_0[18] 	 (fanout : 1)
hpin:soft_dsp_eng_post_wrapper/dsp_mul/mux_out_vec[4]_191_21/in_0[17] 	 (fanout : 1)
hpin:soft_dsp_eng_post_wrapper/dsp_mul/mux_out_vec[4]_191_21/in_0[16] 	 (fanout : 1)
hpin:soft_dsp_eng_post_wrapper/dsp_mul/mux_out_vec[4]_191_21/in_0[15] 	 (fanout : 1)
hpin:soft_dsp_eng_post_wrapper/dsp_mul/mux_out_vec[4]_191_21/in_0[14] 	 (fanout : 1)
hpin:soft_dsp_eng_post_wrapper/dsp_mul/mux_out_vec[4]_191_21/in_0[13] 	 (fanout : 1)
hpin:soft_dsp_eng_post_wrapper/dsp_mul/mux_out_vec[4]_191_21/in_0[12] 	 (fanout : 1)
hpin:soft_dsp_eng_post_wrapper/dsp_mul/mux_out_vec[4]_191_21/in_0[11] 	 (fanout : 1)
hpin:soft_dsp_eng_post_wrapper/dsp_mul/mux_out_vec[4]_191_21/in_0[10] 	 (fanout : 1)
hpin:soft_dsp_eng_post_wrapper/dsp_mul/mux_out_vec[4]_191_21/in_0[9] 	 (fanout : 1)
hpin:soft_dsp_eng_post_wrapper/dsp_mul/mux_out_vec[4]_191_21/in_0[8] 	 (fanout : 1)
hpin:soft_dsp_eng_post_wrapper/dsp_mul/mux_out_vec[4]_191_21/in_0[7] 	 (fanout : 1)
hpin:soft_dsp_eng_post_wrapper/dsp_mul/mux_out_vec[4]_191_21/in_0[6] 	 (fanout : 1)
hpin:soft_dsp_eng_post_wrapper/dsp_mul/mux_out_vec[4]_191_21/in_0[5] 	 (fanout : 1)
hpin:soft_dsp_eng_post_wrapper/dsp_mul/mux_out_vec[4]_191_21/in_0[4] 	 (fanout : 1)
hpin:soft_dsp_eng_post_wrapper/dsp_mul/mux_out_vec[4]_191_21/in_0[3] 	 (fanout : 1)
hpin:soft_dsp_eng_post_wrapper/dsp_mul/mux_out_vec[4]_191_21/in_0[2] 	 (fanout : 1)
hpin:soft_dsp_eng_post_wrapper/dsp_mul/mux_out_vec[4]_191_21/in_0[1] 	 (fanout : 1)
hpin:soft_dsp_eng_post_wrapper/dsp_mul/mux_out_vec[4]_191_21/in_0[0] 	 (fanout : 1)
hpin:soft_dsp_eng_post_wrapper/dsp_mul/mux_out_vec[5]_191_21/in_0[31] 	 (fanout : 1)
hpin:soft_dsp_eng_post_wrapper/dsp_mul/mux_out_vec[5]_191_21/in_0[30] 	 (fanout : 1)
hpin:soft_dsp_eng_post_wrapper/dsp_mul/mux_out_vec[5]_191_21/in_0[29] 	 (fanout : 1)
hpin:soft_dsp_eng_post_wrapper/dsp_mul/mux_out_vec[5]_191_21/in_0[28] 	 (fanout : 1)
hpin:soft_dsp_eng_post_wrapper/dsp_mul/mux_out_vec[5]_191_21/in_0[27] 	 (fanout : 1)
hpin:soft_dsp_eng_post_wrapper/dsp_mul/mux_out_vec[5]_191_21/in_0[26] 	 (fanout : 1)
hpin:soft_dsp_eng_post_wrapper/dsp_mul/mux_out_vec[5]_191_21/in_0[25] 	 (fanout : 1)
hpin:soft_dsp_eng_post_wrapper/dsp_mul/mux_out_vec[5]_191_21/in_0[24] 	 (fanout : 1)
hpin:soft_dsp_eng_post_wrapper/dsp_mul/mux_out_vec[5]_191_21/in_0[23] 	 (fanout : 1)
hpin:soft_dsp_eng_post_wrapper/dsp_mul/mux_out_vec[5]_191_21/in_0[22] 	 (fanout : 1)
hpin:soft_dsp_eng_post_wrapper/dsp_mul/mux_out_vec[5]_191_21/in_0[21] 	 (fanout : 1)
hpin:soft_dsp_eng_post_wrapper/dsp_mul/mux_out_vec[5]_191_21/in_0[20] 	 (fanout : 1)
hpin:soft_dsp_eng_post_wrapper/dsp_mul/mux_out_vec[5]_191_21/in_0[19] 	 (fanout : 1)
hpin:soft_dsp_eng_post_wrapper/dsp_mul/mux_out_vec[5]_191_21/in_0[18] 	 (fanout : 1)
hpin:soft_dsp_eng_post_wrapper/dsp_mul/mux_out_vec[5]_191_21/in_0[17] 	 (fanout : 1)
hpin:soft_dsp_eng_post_wrapper/dsp_mul/mux_out_vec[5]_191_21/in_0[16] 	 (fanout : 1)
hpin:soft_dsp_eng_post_wrapper/dsp_mul/mux_out_vec[5]_191_21/in_0[15] 	 (fanout : 1)
hpin:soft_dsp_eng_post_wrapper/dsp_mul/mux_out_vec[5]_191_21/in_0[14] 	 (fanout : 1)
hpin:soft_dsp_eng_post_wrapper/dsp_mul/mux_out_vec[5]_191_21/in_0[13] 	 (fanout : 1)
hpin:soft_dsp_eng_post_wrapper/dsp_mul/mux_out_vec[5]_191_21/in_0[12] 	 (fanout : 1)
hpin:soft_dsp_eng_post_wrapper/dsp_mul/mux_out_vec[5]_191_21/in_0[11] 	 (fanout : 1)
hpin:soft_dsp_eng_post_wrapper/dsp_mul/mux_out_vec[5]_191_21/in_0[10] 	 (fanout : 1)
hpin:soft_dsp_eng_post_wrapper/dsp_mul/mux_out_vec[5]_191_21/in_0[9] 	 (fanout : 1)
hpin:soft_dsp_eng_post_wrapper/dsp_mul/mux_out_vec[5]_191_21/in_0[8] 	 (fanout : 1)
hpin:soft_dsp_eng_post_wrapper/dsp_mul/mux_out_vec[5]_191_21/in_0[7] 	 (fanout : 1)
hpin:soft_dsp_eng_post_wrapper/dsp_mul/mux_out_vec[5]_191_21/in_0[6] 	 (fanout : 1)
hpin:soft_dsp_eng_post_wrapper/dsp_mul/mux_out_vec[5]_191_21/in_0[5] 	 (fanout : 1)
hpin:soft_dsp_eng_post_wrapper/dsp_mul/mux_out_vec[5]_191_21/in_0[4] 	 (fanout : 1)
hpin:soft_dsp_eng_post_wrapper/dsp_mul/mux_out_vec[5]_191_21/in_0[3] 	 (fanout : 1)
hpin:soft_dsp_eng_post_wrapper/dsp_mul/mux_out_vec[5]_191_21/in_0[2] 	 (fanout : 1)
hpin:soft_dsp_eng_post_wrapper/dsp_mul/mux_out_vec[5]_191_21/in_0[1] 	 (fanout : 1)
hpin:soft_dsp_eng_post_wrapper/dsp_mul/mux_out_vec[5]_191_21/in_0[0] 	 (fanout : 1)
hpin:soft_dsp_eng_post_wrapper/dsp_mul/mux_out_vec[6]_191_21/in_0[31] 	 (fanout : 1)
hpin:soft_dsp_eng_post_wrapper/dsp_mul/mux_out_vec[6]_191_21/in_0[30] 	 (fanout : 1)
hpin:soft_dsp_eng_post_wrapper/dsp_mul/mux_out_vec[6]_191_21/in_0[29] 	 (fanout : 1)
hpin:soft_dsp_eng_post_wrapper/dsp_mul/mux_out_vec[6]_191_21/in_0[28] 	 (fanout : 1)
hpin:soft_dsp_eng_post_wrapper/dsp_mul/mux_out_vec[6]_191_21/in_0[27] 	 (fanout : 1)
hpin:soft_dsp_eng_post_wrapper/dsp_mul/mux_out_vec[6]_191_21/in_0[26] 	 (fanout : 1)
hpin:soft_dsp_eng_post_wrapper/dsp_mul/mux_out_vec[6]_191_21/in_0[25] 	 (fanout : 1)
hpin:soft_dsp_eng_post_wrapper/dsp_mul/mux_out_vec[6]_191_21/in_0[24] 	 (fanout : 1)
hpin:soft_dsp_eng_post_wrapper/dsp_mul/mux_out_vec[6]_191_21/in_0[23] 	 (fanout : 1)
hpin:soft_dsp_eng_post_wrapper/dsp_mul/mux_out_vec[6]_191_21/in_0[22] 	 (fanout : 1)
hpin:soft_dsp_eng_post_wrapper/dsp_mul/mux_out_vec[6]_191_21/in_0[21] 	 (fanout : 1)
hpin:soft_dsp_eng_post_wrapper/dsp_mul/mux_out_vec[6]_191_21/in_0[20] 	 (fanout : 1)
hpin:soft_dsp_eng_post_wrapper/dsp_mul/mux_out_vec[6]_191_21/in_0[19] 	 (fanout : 1)
hpin:soft_dsp_eng_post_wrapper/dsp_mul/mux_out_vec[6]_191_21/in_0[18] 	 (fanout : 1)
hpin:soft_dsp_eng_post_wrapper/dsp_mul/mux_out_vec[6]_191_21/in_0[17] 	 (fanout : 1)
hpin:soft_dsp_eng_post_wrapper/dsp_mul/mux_out_vec[6]_191_21/in_0[16] 	 (fanout : 1)
hpin:soft_dsp_eng_post_wrapper/dsp_mul/mux_out_vec[6]_191_21/in_0[15] 	 (fanout : 1)
hpin:soft_dsp_eng_post_wrapper/dsp_mul/mux_out_vec[6]_191_21/in_0[14] 	 (fanout : 1)
hpin:soft_dsp_eng_post_wrapper/dsp_mul/mux_out_vec[6]_191_21/in_0[13] 	 (fanout : 1)
hpin:soft_dsp_eng_post_wrapper/dsp_mul/mux_out_vec[6]_191_21/in_0[12] 	 (fanout : 1)
hpin:soft_dsp_eng_post_wrapper/dsp_mul/mux_out_vec[6]_191_21/in_0[11] 	 (fanout : 1)
hpin:soft_dsp_eng_post_wrapper/dsp_mul/mux_out_vec[6]_191_21/in_0[10] 	 (fanout : 1)
hpin:soft_dsp_eng_post_wrapper/dsp_mul/mux_out_vec[6]_191_21/in_0[9] 	 (fanout : 1)
hpin:soft_dsp_eng_post_wrapper/dsp_mul/mux_out_vec[6]_191_21/in_0[8] 	 (fanout : 1)
hpin:soft_dsp_eng_post_wrapper/dsp_mul/mux_out_vec[6]_191_21/in_0[7] 	 (fanout : 1)
hpin:soft_dsp_eng_post_wrapper/dsp_mul/mux_out_vec[6]_191_21/in_0[6] 	 (fanout : 1)
hpin:soft_dsp_eng_post_wrapper/dsp_mul/mux_out_vec[6]_191_21/in_0[5] 	 (fanout : 1)
hpin:soft_dsp_eng_post_wrapper/dsp_mul/mux_out_vec[6]_191_21/in_0[4] 	 (fanout : 1)
hpin:soft_dsp_eng_post_wrapper/dsp_mul/mux_out_vec[6]_191_21/in_0[3] 	 (fanout : 1)
hpin:soft_dsp_eng_post_wrapper/dsp_mul/mux_out_vec[6]_191_21/in_0[2] 	 (fanout : 1)
hpin:soft_dsp_eng_post_wrapper/dsp_mul/mux_out_vec[6]_191_21/in_0[1] 	 (fanout : 1)
hpin:soft_dsp_eng_post_wrapper/dsp_mul/mux_out_vec[6]_191_21/in_0[0] 	 (fanout : 1)
hpin:soft_dsp_eng_post_wrapper/dsp_mul/mux_out_vec[7]_191_21/in_0[31] 	 (fanout : 1)
hpin:soft_dsp_eng_post_wrapper/dsp_mul/mux_out_vec[7]_191_21/in_0[30] 	 (fanout : 1)
hpin:soft_dsp_eng_post_wrapper/dsp_mul/mux_out_vec[7]_191_21/in_0[29] 	 (fanout : 1)
hpin:soft_dsp_eng_post_wrapper/dsp_mul/mux_out_vec[7]_191_21/in_0[28] 	 (fanout : 1)
hpin:soft_dsp_eng_post_wrapper/dsp_mul/mux_out_vec[7]_191_21/in_0[27] 	 (fanout : 1)
hpin:soft_dsp_eng_post_wrapper/dsp_mul/mux_out_vec[7]_191_21/in_0[26] 	 (fanout : 1)
hpin:soft_dsp_eng_post_wrapper/dsp_mul/mux_out_vec[7]_191_21/in_0[25] 	 (fanout : 1)
hpin:soft_dsp_eng_post_wrapper/dsp_mul/mux_out_vec[7]_191_21/in_0[24] 	 (fanout : 1)
hpin:soft_dsp_eng_post_wrapper/dsp_mul/mux_out_vec[7]_191_21/in_0[23] 	 (fanout : 1)
hpin:soft_dsp_eng_post_wrapper/dsp_mul/mux_out_vec[7]_191_21/in_0[22] 	 (fanout : 1)
hpin:soft_dsp_eng_post_wrapper/dsp_mul/mux_out_vec[7]_191_21/in_0[21] 	 (fanout : 1)
hpin:soft_dsp_eng_post_wrapper/dsp_mul/mux_out_vec[7]_191_21/in_0[20] 	 (fanout : 1)
hpin:soft_dsp_eng_post_wrapper/dsp_mul/mux_out_vec[7]_191_21/in_0[19] 	 (fanout : 1)
hpin:soft_dsp_eng_post_wrapper/dsp_mul/mux_out_vec[7]_191_21/in_0[18] 	 (fanout : 1)
hpin:soft_dsp_eng_post_wrapper/dsp_mul/mux_out_vec[7]_191_21/in_0[17] 	 (fanout : 1)
hpin:soft_dsp_eng_post_wrapper/dsp_mul/mux_out_vec[7]_191_21/in_0[16] 	 (fanout : 1)
hpin:soft_dsp_eng_post_wrapper/dsp_mul/mux_out_vec[7]_191_21/in_0[15] 	 (fanout : 1)
hpin:soft_dsp_eng_post_wrapper/dsp_mul/mux_out_vec[7]_191_21/in_0[14] 	 (fanout : 1)
hpin:soft_dsp_eng_post_wrapper/dsp_mul/mux_out_vec[7]_191_21/in_0[13] 	 (fanout : 1)
hpin:soft_dsp_eng_post_wrapper/dsp_mul/mux_out_vec[7]_191_21/in_0[12] 	 (fanout : 1)
hpin:soft_dsp_eng_post_wrapper/dsp_mul/mux_out_vec[7]_191_21/in_0[11] 	 (fanout : 1)
hpin:soft_dsp_eng_post_wrapper/dsp_mul/mux_out_vec[7]_191_21/in_0[10] 	 (fanout : 1)
hpin:soft_dsp_eng_post_wrapper/dsp_mul/mux_out_vec[7]_191_21/in_0[9] 	 (fanout : 1)
hpin:soft_dsp_eng_post_wrapper/dsp_mul/mux_out_vec[7]_191_21/in_0[8] 	 (fanout : 1)
hpin:soft_dsp_eng_post_wrapper/dsp_mul/mux_out_vec[7]_191_21/in_0[7] 	 (fanout : 1)
hpin:soft_dsp_eng_post_wrapper/dsp_mul/mux_out_vec[7]_191_21/in_0[6] 	 (fanout : 1)
hpin:soft_dsp_eng_post_wrapper/dsp_mul/mux_out_vec[7]_191_21/in_0[5] 	 (fanout : 1)
hpin:soft_dsp_eng_post_wrapper/dsp_mul/mux_out_vec[7]_191_21/in_0[4] 	 (fanout : 1)
hpin:soft_dsp_eng_post_wrapper/dsp_mul/mux_out_vec[7]_191_21/in_0[3] 	 (fanout : 1)
hpin:soft_dsp_eng_post_wrapper/dsp_mul/mux_out_vec[7]_191_21/in_0[2] 	 (fanout : 1)
hpin:soft_dsp_eng_post_wrapper/dsp_mul/mux_out_vec[7]_191_21/in_0[1] 	 (fanout : 1)
hpin:soft_dsp_eng_post_wrapper/dsp_mul/mux_out_vec[7]_191_21/in_0[0] 	 (fanout : 1)
hpin:soft_dsp_eng_post_wrapper/dsp_mul/mux_out_vec[8]_191_21/in_0[31] 	 (fanout : 1)
hpin:soft_dsp_eng_post_wrapper/dsp_mul/mux_out_vec[8]_191_21/in_0[30] 	 (fanout : 1)
hpin:soft_dsp_eng_post_wrapper/dsp_mul/mux_out_vec[8]_191_21/in_0[29] 	 (fanout : 1)
hpin:soft_dsp_eng_post_wrapper/dsp_mul/mux_out_vec[8]_191_21/in_0[28] 	 (fanout : 1)
hpin:soft_dsp_eng_post_wrapper/dsp_mul/mux_out_vec[8]_191_21/in_0[27] 	 (fanout : 1)
hpin:soft_dsp_eng_post_wrapper/dsp_mul/mux_out_vec[8]_191_21/in_0[26] 	 (fanout : 1)
hpin:soft_dsp_eng_post_wrapper/dsp_mul/mux_out_vec[8]_191_21/in_0[25] 	 (fanout : 1)
hpin:soft_dsp_eng_post_wrapper/dsp_mul/mux_out_vec[8]_191_21/in_0[24] 	 (fanout : 1)
hpin:soft_dsp_eng_post_wrapper/dsp_mul/mux_out_vec[8]_191_21/in_0[23] 	 (fanout : 1)
hpin:soft_dsp_eng_post_wrapper/dsp_mul/mux_out_vec[8]_191_21/in_0[22] 	 (fanout : 1)
hpin:soft_dsp_eng_post_wrapper/dsp_mul/mux_out_vec[8]_191_21/in_0[21] 	 (fanout : 1)
hpin:soft_dsp_eng_post_wrapper/dsp_mul/mux_out_vec[8]_191_21/in_0[20] 	 (fanout : 1)
hpin:soft_dsp_eng_post_wrapper/dsp_mul/mux_out_vec[8]_191_21/in_0[19] 	 (fanout : 1)
hpin:soft_dsp_eng_post_wrapper/dsp_mul/mux_out_vec[8]_191_21/in_0[18] 	 (fanout : 1)
hpin:soft_dsp_eng_post_wrapper/dsp_mul/mux_out_vec[8]_191_21/in_0[17] 	 (fanout : 1)
hpin:soft_dsp_eng_post_wrapper/dsp_mul/mux_out_vec[8]_191_21/in_0[16] 	 (fanout : 1)
hpin:soft_dsp_eng_post_wrapper/dsp_mul/mux_out_vec[8]_191_21/in_0[15] 	 (fanout : 1)
hpin:soft_dsp_eng_post_wrapper/dsp_mul/mux_out_vec[8]_191_21/in_0[14] 	 (fanout : 1)
hpin:soft_dsp_eng_post_wrapper/dsp_mul/mux_out_vec[8]_191_21/in_0[13] 	 (fanout : 1)
hpin:soft_dsp_eng_post_wrapper/dsp_mul/mux_out_vec[8]_191_21/in_0[12] 	 (fanout : 1)
hpin:soft_dsp_eng_post_wrapper/dsp_mul/mux_out_vec[8]_191_21/in_0[11] 	 (fanout : 1)
hpin:soft_dsp_eng_post_wrapper/dsp_mul/mux_out_vec[8]_191_21/in_0[10] 	 (fanout : 1)
hpin:soft_dsp_eng_post_wrapper/dsp_mul/mux_out_vec[8]_191_21/in_0[9] 	 (fanout : 1)
hpin:soft_dsp_eng_post_wrapper/dsp_mul/mux_out_vec[8]_191_21/in_0[8] 	 (fanout : 1)
hpin:soft_dsp_eng_post_wrapper/dsp_mul/mux_out_vec[8]_191_21/in_0[7] 	 (fanout : 1)
hpin:soft_dsp_eng_post_wrapper/dsp_mul/mux_out_vec[8]_191_21/in_0[6] 	 (fanout : 1)
hpin:soft_dsp_eng_post_wrapper/dsp_mul/mux_out_vec[8]_191_21/in_0[5] 	 (fanout : 1)
hpin:soft_dsp_eng_post_wrapper/dsp_mul/mux_out_vec[8]_191_21/in_0[4] 	 (fanout : 1)
hpin:soft_dsp_eng_post_wrapper/dsp_mul/mux_out_vec[8]_191_21/in_0[3] 	 (fanout : 1)
hpin:soft_dsp_eng_post_wrapper/dsp_mul/mux_out_vec[8]_191_21/in_0[2] 	 (fanout : 1)
hpin:soft_dsp_eng_post_wrapper/dsp_mul/mux_out_vec[8]_191_21/in_0[1] 	 (fanout : 1)
hpin:soft_dsp_eng_post_wrapper/dsp_mul/mux_out_vec[8]_191_21/in_0[0] 	 (fanout : 1)
hpin:soft_dsp_eng_post_wrapper/dsp_mul/mux_out_vec[9]_191_21/in_0[31] 	 (fanout : 1)
hpin:soft_dsp_eng_post_wrapper/dsp_mul/mux_out_vec[9]_191_21/in_0[30] 	 (fanout : 1)
hpin:soft_dsp_eng_post_wrapper/dsp_mul/mux_out_vec[9]_191_21/in_0[29] 	 (fanout : 1)
hpin:soft_dsp_eng_post_wrapper/dsp_mul/mux_out_vec[9]_191_21/in_0[28] 	 (fanout : 1)
hpin:soft_dsp_eng_post_wrapper/dsp_mul/mux_out_vec[9]_191_21/in_0[27] 	 (fanout : 1)
hpin:soft_dsp_eng_post_wrapper/dsp_mul/mux_out_vec[9]_191_21/in_0[26] 	 (fanout : 1)
hpin:soft_dsp_eng_post_wrapper/dsp_mul/mux_out_vec[9]_191_21/in_0[25] 	 (fanout : 1)
hpin:soft_dsp_eng_post_wrapper/dsp_mul/mux_out_vec[9]_191_21/in_0[24] 	 (fanout : 1)
hpin:soft_dsp_eng_post_wrapper/dsp_mul/mux_out_vec[9]_191_21/in_0[23] 	 (fanout : 1)
hpin:soft_dsp_eng_post_wrapper/dsp_mul/mux_out_vec[9]_191_21/in_0[22] 	 (fanout : 1)
hpin:soft_dsp_eng_post_wrapper/dsp_mul/mux_out_vec[9]_191_21/in_0[21] 	 (fanout : 1)
hpin:soft_dsp_eng_post_wrapper/dsp_mul/mux_out_vec[9]_191_21/in_0[20] 	 (fanout : 1)
hpin:soft_dsp_eng_post_wrapper/dsp_mul/mux_out_vec[9]_191_21/in_0[19] 	 (fanout : 1)
hpin:soft_dsp_eng_post_wrapper/dsp_mul/mux_out_vec[9]_191_21/in_0[18] 	 (fanout : 1)
hpin:soft_dsp_eng_post_wrapper/dsp_mul/mux_out_vec[9]_191_21/in_0[17] 	 (fanout : 1)
hpin:soft_dsp_eng_post_wrapper/dsp_mul/mux_out_vec[9]_191_21/in_0[16] 	 (fanout : 1)
hpin:soft_dsp_eng_post_wrapper/dsp_mul/mux_out_vec[9]_191_21/in_0[15] 	 (fanout : 1)
hpin:soft_dsp_eng_post_wrapper/dsp_mul/mux_out_vec[9]_191_21/in_0[14] 	 (fanout : 1)
hpin:soft_dsp_eng_post_wrapper/dsp_mul/mux_out_vec[9]_191_21/in_0[13] 	 (fanout : 1)
hpin:soft_dsp_eng_post_wrapper/dsp_mul/mux_out_vec[9]_191_21/in_0[12] 	 (fanout : 1)
hpin:soft_dsp_eng_post_wrapper/dsp_mul/mux_out_vec[9]_191_21/in_0[11] 	 (fanout : 1)
hpin:soft_dsp_eng_post_wrapper/dsp_mul/mux_out_vec[9]_191_21/in_0[10] 	 (fanout : 1)
hpin:soft_dsp_eng_post_wrapper/dsp_mul/mux_out_vec[9]_191_21/in_0[9] 	 (fanout : 1)
hpin:soft_dsp_eng_post_wrapper/dsp_mul/mux_out_vec[9]_191_21/in_0[8] 	 (fanout : 1)
hpin:soft_dsp_eng_post_wrapper/dsp_mul/mux_out_vec[9]_191_21/in_0[7] 	 (fanout : 1)
hpin:soft_dsp_eng_post_wrapper/dsp_mul/mux_out_vec[9]_191_21/in_0[6] 	 (fanout : 1)
hpin:soft_dsp_eng_post_wrapper/dsp_mul/mux_out_vec[9]_191_21/in_0[5] 	 (fanout : 1)
hpin:soft_dsp_eng_post_wrapper/dsp_mul/mux_out_vec[9]_191_21/in_0[4] 	 (fanout : 1)
hpin:soft_dsp_eng_post_wrapper/dsp_mul/mux_out_vec[9]_191_21/in_0[3] 	 (fanout : 1)
hpin:soft_dsp_eng_post_wrapper/dsp_mul/mux_out_vec[9]_191_21/in_0[2] 	 (fanout : 1)
hpin:soft_dsp_eng_post_wrapper/dsp_mul/mux_out_vec[9]_191_21/in_0[1] 	 (fanout : 1)
hpin:soft_dsp_eng_post_wrapper/dsp_mul/mux_out_vec[9]_191_21/in_0[0] 	 (fanout : 1)
hpin:soft_dsp_eng_post_wrapper/dsp_mul/mux_out_vec[10]_191_21/in_0[31] 	 (fanout : 1)
hpin:soft_dsp_eng_post_wrapper/dsp_mul/mux_out_vec[10]_191_21/in_0[30] 	 (fanout : 1)
hpin:soft_dsp_eng_post_wrapper/dsp_mul/mux_out_vec[10]_191_21/in_0[29] 	 (fanout : 1)
hpin:soft_dsp_eng_post_wrapper/dsp_mul/mux_out_vec[10]_191_21/in_0[28] 	 (fanout : 1)
hpin:soft_dsp_eng_post_wrapper/dsp_mul/mux_out_vec[10]_191_21/in_0[27] 	 (fanout : 1)
hpin:soft_dsp_eng_post_wrapper/dsp_mul/mux_out_vec[10]_191_21/in_0[26] 	 (fanout : 1)
hpin:soft_dsp_eng_post_wrapper/dsp_mul/mux_out_vec[10]_191_21/in_0[25] 	 (fanout : 1)
hpin:soft_dsp_eng_post_wrapper/dsp_mul/mux_out_vec[10]_191_21/in_0[24] 	 (fanout : 1)
hpin:soft_dsp_eng_post_wrapper/dsp_mul/mux_out_vec[10]_191_21/in_0[23] 	 (fanout : 1)
hpin:soft_dsp_eng_post_wrapper/dsp_mul/mux_out_vec[10]_191_21/in_0[22] 	 (fanout : 1)
hpin:soft_dsp_eng_post_wrapper/dsp_mul/mux_out_vec[10]_191_21/in_0[21] 	 (fanout : 1)
hpin:soft_dsp_eng_post_wrapper/dsp_mul/mux_out_vec[10]_191_21/in_0[20] 	 (fanout : 1)
hpin:soft_dsp_eng_post_wrapper/dsp_mul/mux_out_vec[10]_191_21/in_0[19] 	 (fanout : 1)
hpin:soft_dsp_eng_post_wrapper/dsp_mul/mux_out_vec[10]_191_21/in_0[18] 	 (fanout : 1)
hpin:soft_dsp_eng_post_wrapper/dsp_mul/mux_out_vec[10]_191_21/in_0[17] 	 (fanout : 1)
hpin:soft_dsp_eng_post_wrapper/dsp_mul/mux_out_vec[10]_191_21/in_0[16] 	 (fanout : 1)
hpin:soft_dsp_eng_post_wrapper/dsp_mul/mux_out_vec[10]_191_21/in_0[15] 	 (fanout : 1)
hpin:soft_dsp_eng_post_wrapper/dsp_mul/mux_out_vec[10]_191_21/in_0[14] 	 (fanout : 1)
hpin:soft_dsp_eng_post_wrapper/dsp_mul/mux_out_vec[10]_191_21/in_0[13] 	 (fanout : 1)
hpin:soft_dsp_eng_post_wrapper/dsp_mul/mux_out_vec[10]_191_21/in_0[12] 	 (fanout : 1)
hpin:soft_dsp_eng_post_wrapper/dsp_mul/mux_out_vec[10]_191_21/in_0[11] 	 (fanout : 1)
hpin:soft_dsp_eng_post_wrapper/dsp_mul/mux_out_vec[10]_191_21/in_0[10] 	 (fanout : 1)
hpin:soft_dsp_eng_post_wrapper/dsp_mul/mux_out_vec[10]_191_21/in_0[9] 	 (fanout : 1)
hpin:soft_dsp_eng_post_wrapper/dsp_mul/mux_out_vec[10]_191_21/in_0[8] 	 (fanout : 1)
hpin:soft_dsp_eng_post_wrapper/dsp_mul/mux_out_vec[10]_191_21/in_0[7] 	 (fanout : 1)
hpin:soft_dsp_eng_post_wrapper/dsp_mul/mux_out_vec[10]_191_21/in_0[6] 	 (fanout : 1)
hpin:soft_dsp_eng_post_wrapper/dsp_mul/mux_out_vec[10]_191_21/in_0[5] 	 (fanout : 1)
hpin:soft_dsp_eng_post_wrapper/dsp_mul/mux_out_vec[10]_191_21/in_0[4] 	 (fanout : 1)
hpin:soft_dsp_eng_post_wrapper/dsp_mul/mux_out_vec[10]_191_21/in_0[3] 	 (fanout : 1)
hpin:soft_dsp_eng_post_wrapper/dsp_mul/mux_out_vec[10]_191_21/in_0[2] 	 (fanout : 1)
hpin:soft_dsp_eng_post_wrapper/dsp_mul/mux_out_vec[10]_191_21/in_0[1] 	 (fanout : 1)
hpin:soft_dsp_eng_post_wrapper/dsp_mul/mux_out_vec[10]_191_21/in_0[0] 	 (fanout : 1)
hpin:soft_dsp_eng_post_wrapper/dsp_mul/mux_out_vec[11]_191_21/in_0[31] 	 (fanout : 1)
hpin:soft_dsp_eng_post_wrapper/dsp_mul/mux_out_vec[11]_191_21/in_0[30] 	 (fanout : 1)
hpin:soft_dsp_eng_post_wrapper/dsp_mul/mux_out_vec[11]_191_21/in_0[29] 	 (fanout : 1)
hpin:soft_dsp_eng_post_wrapper/dsp_mul/mux_out_vec[11]_191_21/in_0[28] 	 (fanout : 1)
hpin:soft_dsp_eng_post_wrapper/dsp_mul/mux_out_vec[11]_191_21/in_0[27] 	 (fanout : 1)
hpin:soft_dsp_eng_post_wrapper/dsp_mul/mux_out_vec[11]_191_21/in_0[26] 	 (fanout : 1)
hpin:soft_dsp_eng_post_wrapper/dsp_mul/mux_out_vec[11]_191_21/in_0[25] 	 (fanout : 1)
hpin:soft_dsp_eng_post_wrapper/dsp_mul/mux_out_vec[11]_191_21/in_0[24] 	 (fanout : 1)
hpin:soft_dsp_eng_post_wrapper/dsp_mul/mux_out_vec[11]_191_21/in_0[23] 	 (fanout : 1)
hpin:soft_dsp_eng_post_wrapper/dsp_mul/mux_out_vec[11]_191_21/in_0[22] 	 (fanout : 1)
hpin:soft_dsp_eng_post_wrapper/dsp_mul/mux_out_vec[11]_191_21/in_0[21] 	 (fanout : 1)
hpin:soft_dsp_eng_post_wrapper/dsp_mul/mux_out_vec[11]_191_21/in_0[20] 	 (fanout : 1)
hpin:soft_dsp_eng_post_wrapper/dsp_mul/mux_out_vec[11]_191_21/in_0[19] 	 (fanout : 1)
hpin:soft_dsp_eng_post_wrapper/dsp_mul/mux_out_vec[11]_191_21/in_0[18] 	 (fanout : 1)
hpin:soft_dsp_eng_post_wrapper/dsp_mul/mux_out_vec[11]_191_21/in_0[17] 	 (fanout : 1)
hpin:soft_dsp_eng_post_wrapper/dsp_mul/mux_out_vec[11]_191_21/in_0[16] 	 (fanout : 1)
hpin:soft_dsp_eng_post_wrapper/dsp_mul/mux_out_vec[11]_191_21/in_0[15] 	 (fanout : 1)
hpin:soft_dsp_eng_post_wrapper/dsp_mul/mux_out_vec[11]_191_21/in_0[14] 	 (fanout : 1)
hpin:soft_dsp_eng_post_wrapper/dsp_mul/mux_out_vec[11]_191_21/in_0[13] 	 (fanout : 1)
hpin:soft_dsp_eng_post_wrapper/dsp_mul/mux_out_vec[11]_191_21/in_0[12] 	 (fanout : 1)
hpin:soft_dsp_eng_post_wrapper/dsp_mul/mux_out_vec[11]_191_21/in_0[11] 	 (fanout : 1)
hpin:soft_dsp_eng_post_wrapper/dsp_mul/mux_out_vec[11]_191_21/in_0[10] 	 (fanout : 1)
hpin:soft_dsp_eng_post_wrapper/dsp_mul/mux_out_vec[11]_191_21/in_0[9] 	 (fanout : 1)
hpin:soft_dsp_eng_post_wrapper/dsp_mul/mux_out_vec[11]_191_21/in_0[8] 	 (fanout : 1)
hpin:soft_dsp_eng_post_wrapper/dsp_mul/mux_out_vec[11]_191_21/in_0[7] 	 (fanout : 1)
hpin:soft_dsp_eng_post_wrapper/dsp_mul/mux_out_vec[11]_191_21/in_0[6] 	 (fanout : 1)
hpin:soft_dsp_eng_post_wrapper/dsp_mul/mux_out_vec[11]_191_21/in_0[5] 	 (fanout : 1)
hpin:soft_dsp_eng_post_wrapper/dsp_mul/mux_out_vec[11]_191_21/in_0[4] 	 (fanout : 1)
hpin:soft_dsp_eng_post_wrapper/dsp_mul/mux_out_vec[11]_191_21/in_0[3] 	 (fanout : 1)
hpin:soft_dsp_eng_post_wrapper/dsp_mul/mux_out_vec[11]_191_21/in_0[2] 	 (fanout : 1)
hpin:soft_dsp_eng_post_wrapper/dsp_mul/mux_out_vec[11]_191_21/in_0[1] 	 (fanout : 1)
hpin:soft_dsp_eng_post_wrapper/dsp_mul/mux_out_vec[11]_191_21/in_0[0] 	 (fanout : 1)
hpin:soft_dsp_eng_post_wrapper/dsp_mul/mux_out_vec[12]_191_21/in_0[31] 	 (fanout : 1)
hpin:soft_dsp_eng_post_wrapper/dsp_mul/mux_out_vec[12]_191_21/in_0[30] 	 (fanout : 1)
hpin:soft_dsp_eng_post_wrapper/dsp_mul/mux_out_vec[12]_191_21/in_0[29] 	 (fanout : 1)
hpin:soft_dsp_eng_post_wrapper/dsp_mul/mux_out_vec[12]_191_21/in_0[28] 	 (fanout : 1)
hpin:soft_dsp_eng_post_wrapper/dsp_mul/mux_out_vec[12]_191_21/in_0[27] 	 (fanout : 1)
hpin:soft_dsp_eng_post_wrapper/dsp_mul/mux_out_vec[12]_191_21/in_0[26] 	 (fanout : 1)
hpin:soft_dsp_eng_post_wrapper/dsp_mul/mux_out_vec[12]_191_21/in_0[25] 	 (fanout : 1)
hpin:soft_dsp_eng_post_wrapper/dsp_mul/mux_out_vec[12]_191_21/in_0[24] 	 (fanout : 1)
hpin:soft_dsp_eng_post_wrapper/dsp_mul/mux_out_vec[12]_191_21/in_0[23] 	 (fanout : 1)
hpin:soft_dsp_eng_post_wrapper/dsp_mul/mux_out_vec[12]_191_21/in_0[22] 	 (fanout : 1)
hpin:soft_dsp_eng_post_wrapper/dsp_mul/mux_out_vec[12]_191_21/in_0[21] 	 (fanout : 1)
hpin:soft_dsp_eng_post_wrapper/dsp_mul/mux_out_vec[12]_191_21/in_0[20] 	 (fanout : 1)
hpin:soft_dsp_eng_post_wrapper/dsp_mul/mux_out_vec[12]_191_21/in_0[19] 	 (fanout : 1)
hpin:soft_dsp_eng_post_wrapper/dsp_mul/mux_out_vec[12]_191_21/in_0[18] 	 (fanout : 1)
hpin:soft_dsp_eng_post_wrapper/dsp_mul/mux_out_vec[12]_191_21/in_0[17] 	 (fanout : 1)
hpin:soft_dsp_eng_post_wrapper/dsp_mul/mux_out_vec[12]_191_21/in_0[16] 	 (fanout : 1)
hpin:soft_dsp_eng_post_wrapper/dsp_mul/mux_out_vec[12]_191_21/in_0[15] 	 (fanout : 1)
hpin:soft_dsp_eng_post_wrapper/dsp_mul/mux_out_vec[12]_191_21/in_0[14] 	 (fanout : 1)
hpin:soft_dsp_eng_post_wrapper/dsp_mul/mux_out_vec[12]_191_21/in_0[13] 	 (fanout : 1)
hpin:soft_dsp_eng_post_wrapper/dsp_mul/mux_out_vec[12]_191_21/in_0[12] 	 (fanout : 1)
hpin:soft_dsp_eng_post_wrapper/dsp_mul/mux_out_vec[12]_191_21/in_0[11] 	 (fanout : 1)
hpin:soft_dsp_eng_post_wrapper/dsp_mul/mux_out_vec[12]_191_21/in_0[10] 	 (fanout : 1)
hpin:soft_dsp_eng_post_wrapper/dsp_mul/mux_out_vec[12]_191_21/in_0[9] 	 (fanout : 1)
hpin:soft_dsp_eng_post_wrapper/dsp_mul/mux_out_vec[12]_191_21/in_0[8] 	 (fanout : 1)
hpin:soft_dsp_eng_post_wrapper/dsp_mul/mux_out_vec[12]_191_21/in_0[7] 	 (fanout : 1)
hpin:soft_dsp_eng_post_wrapper/dsp_mul/mux_out_vec[12]_191_21/in_0[6] 	 (fanout : 1)
hpin:soft_dsp_eng_post_wrapper/dsp_mul/mux_out_vec[12]_191_21/in_0[5] 	 (fanout : 1)
hpin:soft_dsp_eng_post_wrapper/dsp_mul/mux_out_vec[12]_191_21/in_0[4] 	 (fanout : 1)
hpin:soft_dsp_eng_post_wrapper/dsp_mul/mux_out_vec[12]_191_21/in_0[3] 	 (fanout : 1)
hpin:soft_dsp_eng_post_wrapper/dsp_mul/mux_out_vec[12]_191_21/in_0[2] 	 (fanout : 1)
hpin:soft_dsp_eng_post_wrapper/dsp_mul/mux_out_vec[12]_191_21/in_0[1] 	 (fanout : 1)
hpin:soft_dsp_eng_post_wrapper/dsp_mul/mux_out_vec[12]_191_21/in_0[0] 	 (fanout : 1)
hpin:soft_dsp_eng_post_wrapper/dsp_mul/mux_out_vec[13]_191_21/in_0[31] 	 (fanout : 1)
hpin:soft_dsp_eng_post_wrapper/dsp_mul/mux_out_vec[13]_191_21/in_0[30] 	 (fanout : 1)
hpin:soft_dsp_eng_post_wrapper/dsp_mul/mux_out_vec[13]_191_21/in_0[29] 	 (fanout : 1)
hpin:soft_dsp_eng_post_wrapper/dsp_mul/mux_out_vec[13]_191_21/in_0[28] 	 (fanout : 1)
hpin:soft_dsp_eng_post_wrapper/dsp_mul/mux_out_vec[13]_191_21/in_0[27] 	 (fanout : 1)
hpin:soft_dsp_eng_post_wrapper/dsp_mul/mux_out_vec[13]_191_21/in_0[26] 	 (fanout : 1)
hpin:soft_dsp_eng_post_wrapper/dsp_mul/mux_out_vec[13]_191_21/in_0[25] 	 (fanout : 1)
hpin:soft_dsp_eng_post_wrapper/dsp_mul/mux_out_vec[13]_191_21/in_0[24] 	 (fanout : 1)
hpin:soft_dsp_eng_post_wrapper/dsp_mul/mux_out_vec[13]_191_21/in_0[23] 	 (fanout : 1)
hpin:soft_dsp_eng_post_wrapper/dsp_mul/mux_out_vec[13]_191_21/in_0[22] 	 (fanout : 1)
hpin:soft_dsp_eng_post_wrapper/dsp_mul/mux_out_vec[13]_191_21/in_0[21] 	 (fanout : 1)
hpin:soft_dsp_eng_post_wrapper/dsp_mul/mux_out_vec[13]_191_21/in_0[20] 	 (fanout : 1)
hpin:soft_dsp_eng_post_wrapper/dsp_mul/mux_out_vec[13]_191_21/in_0[19] 	 (fanout : 1)
hpin:soft_dsp_eng_post_wrapper/dsp_mul/mux_out_vec[13]_191_21/in_0[18] 	 (fanout : 1)
hpin:soft_dsp_eng_post_wrapper/dsp_mul/mux_out_vec[13]_191_21/in_0[17] 	 (fanout : 1)
hpin:soft_dsp_eng_post_wrapper/dsp_mul/mux_out_vec[13]_191_21/in_0[16] 	 (fanout : 1)
hpin:soft_dsp_eng_post_wrapper/dsp_mul/mux_out_vec[13]_191_21/in_0[15] 	 (fanout : 1)
hpin:soft_dsp_eng_post_wrapper/dsp_mul/mux_out_vec[13]_191_21/in_0[14] 	 (fanout : 1)
hpin:soft_dsp_eng_post_wrapper/dsp_mul/mux_out_vec[13]_191_21/in_0[13] 	 (fanout : 1)
hpin:soft_dsp_eng_post_wrapper/dsp_mul/mux_out_vec[13]_191_21/in_0[12] 	 (fanout : 1)
hpin:soft_dsp_eng_post_wrapper/dsp_mul/mux_out_vec[13]_191_21/in_0[11] 	 (fanout : 1)
hpin:soft_dsp_eng_post_wrapper/dsp_mul/mux_out_vec[13]_191_21/in_0[10] 	 (fanout : 1)
hpin:soft_dsp_eng_post_wrapper/dsp_mul/mux_out_vec[13]_191_21/in_0[9] 	 (fanout : 1)
hpin:soft_dsp_eng_post_wrapper/dsp_mul/mux_out_vec[13]_191_21/in_0[8] 	 (fanout : 1)
hpin:soft_dsp_eng_post_wrapper/dsp_mul/mux_out_vec[13]_191_21/in_0[7] 	 (fanout : 1)
hpin:soft_dsp_eng_post_wrapper/dsp_mul/mux_out_vec[13]_191_21/in_0[6] 	 (fanout : 1)
hpin:soft_dsp_eng_post_wrapper/dsp_mul/mux_out_vec[13]_191_21/in_0[5] 	 (fanout : 1)
hpin:soft_dsp_eng_post_wrapper/dsp_mul/mux_out_vec[13]_191_21/in_0[4] 	 (fanout : 1)
hpin:soft_dsp_eng_post_wrapper/dsp_mul/mux_out_vec[13]_191_21/in_0[3] 	 (fanout : 1)
hpin:soft_dsp_eng_post_wrapper/dsp_mul/mux_out_vec[13]_191_21/in_0[2] 	 (fanout : 1)
hpin:soft_dsp_eng_post_wrapper/dsp_mul/mux_out_vec[13]_191_21/in_0[1] 	 (fanout : 1)
hpin:soft_dsp_eng_post_wrapper/dsp_mul/mux_out_vec[13]_191_21/in_0[0] 	 (fanout : 1)
hpin:soft_dsp_eng_post_wrapper/dsp_mul/mux_out_vec[14]_191_21/in_0[31] 	 (fanout : 1)
hpin:soft_dsp_eng_post_wrapper/dsp_mul/mux_out_vec[14]_191_21/in_0[30] 	 (fanout : 1)
hpin:soft_dsp_eng_post_wrapper/dsp_mul/mux_out_vec[14]_191_21/in_0[29] 	 (fanout : 1)
hpin:soft_dsp_eng_post_wrapper/dsp_mul/mux_out_vec[14]_191_21/in_0[28] 	 (fanout : 1)
hpin:soft_dsp_eng_post_wrapper/dsp_mul/mux_out_vec[14]_191_21/in_0[27] 	 (fanout : 1)
hpin:soft_dsp_eng_post_wrapper/dsp_mul/mux_out_vec[14]_191_21/in_0[26] 	 (fanout : 1)
hpin:soft_dsp_eng_post_wrapper/dsp_mul/mux_out_vec[14]_191_21/in_0[25] 	 (fanout : 1)
hpin:soft_dsp_eng_post_wrapper/dsp_mul/mux_out_vec[14]_191_21/in_0[24] 	 (fanout : 1)
hpin:soft_dsp_eng_post_wrapper/dsp_mul/mux_out_vec[14]_191_21/in_0[23] 	 (fanout : 1)
hpin:soft_dsp_eng_post_wrapper/dsp_mul/mux_out_vec[14]_191_21/in_0[22] 	 (fanout : 1)
hpin:soft_dsp_eng_post_wrapper/dsp_mul/mux_out_vec[14]_191_21/in_0[21] 	 (fanout : 1)
hpin:soft_dsp_eng_post_wrapper/dsp_mul/mux_out_vec[14]_191_21/in_0[20] 	 (fanout : 1)
hpin:soft_dsp_eng_post_wrapper/dsp_mul/mux_out_vec[14]_191_21/in_0[19] 	 (fanout : 1)
hpin:soft_dsp_eng_post_wrapper/dsp_mul/mux_out_vec[14]_191_21/in_0[18] 	 (fanout : 1)
hpin:soft_dsp_eng_post_wrapper/dsp_mul/mux_out_vec[14]_191_21/in_0[17] 	 (fanout : 1)
hpin:soft_dsp_eng_post_wrapper/dsp_mul/mux_out_vec[14]_191_21/in_0[16] 	 (fanout : 1)
hpin:soft_dsp_eng_post_wrapper/dsp_mul/mux_out_vec[14]_191_21/in_0[15] 	 (fanout : 1)
hpin:soft_dsp_eng_post_wrapper/dsp_mul/mux_out_vec[14]_191_21/in_0[14] 	 (fanout : 1)
hpin:soft_dsp_eng_post_wrapper/dsp_mul/mux_out_vec[14]_191_21/in_0[13] 	 (fanout : 1)
hpin:soft_dsp_eng_post_wrapper/dsp_mul/mux_out_vec[14]_191_21/in_0[12] 	 (fanout : 1)
hpin:soft_dsp_eng_post_wrapper/dsp_mul/mux_out_vec[14]_191_21/in_0[11] 	 (fanout : 1)
hpin:soft_dsp_eng_post_wrapper/dsp_mul/mux_out_vec[14]_191_21/in_0[10] 	 (fanout : 1)
hpin:soft_dsp_eng_post_wrapper/dsp_mul/mux_out_vec[14]_191_21/in_0[9] 	 (fanout : 1)
hpin:soft_dsp_eng_post_wrapper/dsp_mul/mux_out_vec[14]_191_21/in_0[8] 	 (fanout : 1)
hpin:soft_dsp_eng_post_wrapper/dsp_mul/mux_out_vec[14]_191_21/in_0[7] 	 (fanout : 1)
hpin:soft_dsp_eng_post_wrapper/dsp_mul/mux_out_vec[14]_191_21/in_0[6] 	 (fanout : 1)
hpin:soft_dsp_eng_post_wrapper/dsp_mul/mux_out_vec[14]_191_21/in_0[5] 	 (fanout : 1)
hpin:soft_dsp_eng_post_wrapper/dsp_mul/mux_out_vec[14]_191_21/in_0[4] 	 (fanout : 1)
hpin:soft_dsp_eng_post_wrapper/dsp_mul/mux_out_vec[14]_191_21/in_0[3] 	 (fanout : 1)
hpin:soft_dsp_eng_post_wrapper/dsp_mul/mux_out_vec[14]_191_21/in_0[2] 	 (fanout : 1)
hpin:soft_dsp_eng_post_wrapper/dsp_mul/mux_out_vec[14]_191_21/in_0[1] 	 (fanout : 1)
hpin:soft_dsp_eng_post_wrapper/dsp_mul/mux_out_vec[14]_191_21/in_0[0] 	 (fanout : 1)
hpin:soft_dsp_eng_post_wrapper/dsp_mul/mux_out_vec[15]_191_21/in_0[31] 	 (fanout : 1)
hpin:soft_dsp_eng_post_wrapper/dsp_mul/mux_out_vec[15]_191_21/in_0[30] 	 (fanout : 1)
hpin:soft_dsp_eng_post_wrapper/dsp_mul/mux_out_vec[15]_191_21/in_0[29] 	 (fanout : 1)
hpin:soft_dsp_eng_post_wrapper/dsp_mul/mux_out_vec[15]_191_21/in_0[28] 	 (fanout : 1)
hpin:soft_dsp_eng_post_wrapper/dsp_mul/mux_out_vec[15]_191_21/in_0[27] 	 (fanout : 1)
hpin:soft_dsp_eng_post_wrapper/dsp_mul/mux_out_vec[15]_191_21/in_0[26] 	 (fanout : 1)
hpin:soft_dsp_eng_post_wrapper/dsp_mul/mux_out_vec[15]_191_21/in_0[25] 	 (fanout : 1)
hpin:soft_dsp_eng_post_wrapper/dsp_mul/mux_out_vec[15]_191_21/in_0[24] 	 (fanout : 1)
hpin:soft_dsp_eng_post_wrapper/dsp_mul/mux_out_vec[15]_191_21/in_0[23] 	 (fanout : 1)
hpin:soft_dsp_eng_post_wrapper/dsp_mul/mux_out_vec[15]_191_21/in_0[22] 	 (fanout : 1)
hpin:soft_dsp_eng_post_wrapper/dsp_mul/mux_out_vec[15]_191_21/in_0[21] 	 (fanout : 1)
hpin:soft_dsp_eng_post_wrapper/dsp_mul/mux_out_vec[15]_191_21/in_0[20] 	 (fanout : 1)
hpin:soft_dsp_eng_post_wrapper/dsp_mul/mux_out_vec[15]_191_21/in_0[19] 	 (fanout : 1)
hpin:soft_dsp_eng_post_wrapper/dsp_mul/mux_out_vec[15]_191_21/in_0[18] 	 (fanout : 1)
hpin:soft_dsp_eng_post_wrapper/dsp_mul/mux_out_vec[15]_191_21/in_0[17] 	 (fanout : 1)
hpin:soft_dsp_eng_post_wrapper/dsp_mul/mux_out_vec[15]_191_21/in_0[16] 	 (fanout : 1)
hpin:soft_dsp_eng_post_wrapper/dsp_mul/mux_out_vec[15]_191_21/in_0[15] 	 (fanout : 1)
hpin:soft_dsp_eng_post_wrapper/dsp_mul/mux_out_vec[15]_191_21/in_0[14] 	 (fanout : 1)
hpin:soft_dsp_eng_post_wrapper/dsp_mul/mux_out_vec[15]_191_21/in_0[13] 	 (fanout : 1)
hpin:soft_dsp_eng_post_wrapper/dsp_mul/mux_out_vec[15]_191_21/in_0[12] 	 (fanout : 1)
hpin:soft_dsp_eng_post_wrapper/dsp_mul/mux_out_vec[15]_191_21/in_0[11] 	 (fanout : 1)
hpin:soft_dsp_eng_post_wrapper/dsp_mul/mux_out_vec[15]_191_21/in_0[10] 	 (fanout : 1)
hpin:soft_dsp_eng_post_wrapper/dsp_mul/mux_out_vec[15]_191_21/in_0[9] 	 (fanout : 1)
hpin:soft_dsp_eng_post_wrapper/dsp_mul/mux_out_vec[15]_191_21/in_0[8] 	 (fanout : 1)
hpin:soft_dsp_eng_post_wrapper/dsp_mul/mux_out_vec[15]_191_21/in_0[7] 	 (fanout : 1)
hpin:soft_dsp_eng_post_wrapper/dsp_mul/mux_out_vec[15]_191_21/in_0[6] 	 (fanout : 1)
hpin:soft_dsp_eng_post_wrapper/dsp_mul/mux_out_vec[15]_191_21/in_0[5] 	 (fanout : 1)
hpin:soft_dsp_eng_post_wrapper/dsp_mul/mux_out_vec[15]_191_21/in_0[4] 	 (fanout : 1)
hpin:soft_dsp_eng_post_wrapper/dsp_mul/mux_out_vec[15]_191_21/in_0[3] 	 (fanout : 1)
hpin:soft_dsp_eng_post_wrapper/dsp_mul/mux_out_vec[15]_191_21/in_0[2] 	 (fanout : 1)
hpin:soft_dsp_eng_post_wrapper/dsp_mul/mux_out_vec[15]_191_21/in_0[1] 	 (fanout : 1)
hpin:soft_dsp_eng_post_wrapper/dsp_mul/mux_out_vec[15]_191_21/in_0[0] 	 (fanout : 1)
hpin:soft_dsp_eng_post_wrapper/dsp_mul/mux_out_valid_mask_191_21/in_0[14] 	 (fanout : 1)
hpin:soft_dsp_eng_post_wrapper/dsp_mul/mux_out_valid_mask_191_21/in_0[13] 	 (fanout : 1)
hpin:soft_dsp_eng_post_wrapper/dsp_mul/mux_out_valid_mask_191_21/in_0[12] 	 (fanout : 1)
hpin:soft_dsp_eng_post_wrapper/dsp_mul/mux_out_valid_mask_191_21/in_0[11] 	 (fanout : 1)
hpin:soft_dsp_eng_post_wrapper/dsp_mul/mux_out_valid_mask_191_21/in_0[10] 	 (fanout : 1)
hpin:soft_dsp_eng_post_wrapper/dsp_mul/mux_out_valid_mask_191_21/in_0[9] 	 (fanout : 1)
hpin:soft_dsp_eng_post_wrapper/dsp_mul/mux_out_valid_mask_191_21/in_0[8] 	 (fanout : 1)
hpin:soft_dsp_eng_post_wrapper/dsp_mul/mux_out_valid_mask_191_21/in_0[7] 	 (fanout : 1)
hpin:soft_dsp_eng_post_wrapper/dsp_mul/mux_out_valid_mask_191_21/in_0[6] 	 (fanout : 1)
hpin:soft_dsp_eng_post_wrapper/dsp_mul/mux_out_valid_mask_191_21/in_0[5] 	 (fanout : 1)
hpin:soft_dsp_eng_post_wrapper/dsp_mul/mux_out_valid_mask_191_21/in_0[4] 	 (fanout : 1)
hpin:soft_dsp_eng_post_wrapper/dsp_mul/mux_out_valid_mask_191_21/in_0[3] 	 (fanout : 1)
hpin:soft_dsp_eng_post_wrapper/dsp_mul/mux_out_valid_mask_191_21/in_0[2] 	 (fanout : 1)
hpin:soft_dsp_eng_post_wrapper/dsp_mul/mux_out_valid_mask_191_21/in_0[1] 	 (fanout : 1)
hpin:soft_dsp_eng_post_wrapper/dsp_mul/mux_out_valid_mask_191_21/in_0[0] 	 (fanout : 1)
hpin:soft_dsp_eng_post_wrapper/dsp_mul/mux_out_valid_mask_191_21/in_1[14] 	 (fanout : 1)
hpin:soft_dsp_eng_post_wrapper/dsp_mul/mux_out_valid_mask_191_21/in_1[13] 	 (fanout : 1)
hpin:soft_dsp_eng_post_wrapper/dsp_mul/mux_out_valid_mask_191_21/in_1[12] 	 (fanout : 1)
hpin:soft_dsp_eng_post_wrapper/dsp_mul/mux_out_valid_mask_191_21/in_1[11] 	 (fanout : 1)
hpin:soft_dsp_eng_post_wrapper/dsp_mul/mux_out_valid_mask_191_21/in_1[10] 	 (fanout : 1)
hpin:soft_dsp_eng_post_wrapper/dsp_mul/mux_out_valid_mask_191_21/in_1[9] 	 (fanout : 1)
hpin:soft_dsp_eng_post_wrapper/dsp_mul/mux_out_valid_mask_191_21/in_1[8] 	 (fanout : 1)
hpin:soft_dsp_eng_post_wrapper/dsp_mul/mux_out_valid_mask_191_21/in_1[7] 	 (fanout : 1)
hpin:soft_dsp_eng_post_wrapper/dsp_mul/mux_out_valid_mask_191_21/in_1[6] 	 (fanout : 1)
hpin:soft_dsp_eng_post_wrapper/dsp_mul/mux_out_valid_mask_191_21/in_1[5] 	 (fanout : 1)
hpin:soft_dsp_eng_post_wrapper/dsp_mul/mux_out_valid_mask_191_21/in_1[4] 	 (fanout : 1)
hpin:soft_dsp_eng_post_wrapper/dsp_mul/mux_out_valid_mask_191_21/in_1[3] 	 (fanout : 1)
hpin:soft_dsp_eng_post_wrapper/dsp_mul/mux_out_valid_mask_191_21/in_1[2] 	 (fanout : 1)
hpin:soft_dsp_eng_post_wrapper/dsp_mul/mux_out_valid_mask_191_21/in_1[1] 	 (fanout : 1)
hpin:soft_dsp_eng_post_wrapper/dsp_mul/mux_out_valid_mask_191_21/in_1[0] 	 (fanout : 1)
hpin:soft_dsp_eng_post_wrapper/u_tr_ln/add_53_26/B[3] 	 (fanout : 2)
hpin:soft_dsp_eng_post_wrapper/u_tr_ln/add_53_26/B[2] 	 (fanout : 2)
hpin:soft_dsp_eng_post_wrapper/u_tr_ln/add_53_26/B[1] 	 (fanout : 2)
hpin:soft_dsp_eng_post_wrapper/u_tr_ln/add_53_26/B[0] 	 (fanout : 2)
hpin:soft_dsp_eng_post_wrapper/u_tr_ln/sub_39_40/B[2] 	 (fanout : 2)
hpin:soft_dsp_eng_post_wrapper/u_tr_ln/sub_39_40/B[1] 	 (fanout : 1)
hpin:soft_dsp_eng_post_wrapper/u_tr_ln/sub_39_40/B[0] 	 (fanout : 2)
hpin:soft_dsp_eng_post_wrapper/u_tr_ln/sub_50_45/B 	 (fanout : 2)
hpin:soft_dsp_eng_post_wrapper/u_tr_ln/mux_msb_35_17/in_0[2] 	 (fanout : 1)
hpin:soft_dsp_eng_post_wrapper/u_tr_ln/mux_msb_35_17/in_0[1] 	 (fanout : 1)
hpin:soft_dsp_eng_post_wrapper/u_tr_ln/mux_msb_35_17/in_0[0] 	 (fanout : 1)
hpin:soft_dsp_eng_post_wrapper/u_tr_ln/mux_msb_35_17/in_1[2] 	 (fanout : 1)
hpin:soft_dsp_eng_post_wrapper/u_tr_ln/mux_msb_35_17/in_1[1] 	 (fanout : 1)
hpin:soft_dsp_eng_post_wrapper/u_tr_ln/mux_msb_35_17/in_1[0] 	 (fanout : 1)
hpin:soft_dsp_eng_post_wrapper/u_tr_ln/mux_msb_35_17/in_2[2] 	 (fanout : 1)
hpin:soft_dsp_eng_post_wrapper/u_tr_ln/mux_msb_35_17/in_2[1] 	 (fanout : 1)
hpin:soft_dsp_eng_post_wrapper/u_tr_ln/mux_msb_35_17/in_2[0] 	 (fanout : 1)
hpin:soft_dsp_eng_post_wrapper/u_tr_ln/mux_msb_35_17/in_3[2] 	 (fanout : 1)
hpin:soft_dsp_eng_post_wrapper/u_tr_ln/mux_msb_35_17/in_3[1] 	 (fanout : 1)
hpin:soft_dsp_eng_post_wrapper/u_tr_ln/mux_msb_35_17/in_3[0] 	 (fanout : 1)
hpin:soft_dsp_eng_post_wrapper/u_tr_ln/mux_msb_35_17/in_4[2] 	 (fanout : 1)
hpin:soft_dsp_eng_post_wrapper/u_tr_ln/mux_msb_35_17/in_4[1] 	 (fanout : 1)
hpin:soft_dsp_eng_post_wrapper/u_tr_ln/mux_msb_35_17/in_4[0] 	 (fanout : 1)
hpin:soft_dsp_eng_post_wrapper/u_tr_ln/mux_msb_35_17/in_5[2] 	 (fanout : 1)
hpin:soft_dsp_eng_post_wrapper/u_tr_ln/mux_msb_35_17/in_5[1] 	 (fanout : 1)
hpin:soft_dsp_eng_post_wrapper/u_tr_ln/mux_msb_35_17/in_5[0] 	 (fanout : 1)
hpin:soft_dsp_eng_post_wrapper/u_tr_ln/mux_msb_35_17/in_6[2] 	 (fanout : 1)
hpin:soft_dsp_eng_post_wrapper/u_tr_ln/mux_msb_35_17/in_6[1] 	 (fanout : 1)
hpin:soft_dsp_eng_post_wrapper/u_tr_ln/mux_msb_35_17/in_6[0] 	 (fanout : 1)
hpin:soft_dsp_eng_post_wrapper/u_tr_ln/mux_msb_35_17/in_7[2] 	 (fanout : 1)
hpin:soft_dsp_eng_post_wrapper/u_tr_ln/mux_msb_35_17/in_7[1] 	 (fanout : 1)
hpin:soft_dsp_eng_post_wrapper/u_tr_ln/mux_msb_35_17/in_7[0] 	 (fanout : 1)
hpin:soft_dsp_eng_post_wrapper/u_tr_ln/mux_msb_35_17/in_8[2] 	 (fanout : 1)
hpin:soft_dsp_eng_post_wrapper/u_tr_ln/mux_msb_35_17/in_8[1] 	 (fanout : 1)
hpin:soft_dsp_eng_post_wrapper/u_tr_ln/mux_msb_35_17/in_8[0] 	 (fanout : 1)
hpin:soft_dsp_eng_post_wrapper/u_tr_ln/mux_msb_35_17/in_9[2] 	 (fanout : 1)
hpin:soft_dsp_eng_post_wrapper/u_tr_ln/mux_msb_35_17/in_9[1] 	 (fanout : 1)
hpin:soft_dsp_eng_post_wrapper/u_tr_ln/mux_msb_35_17/in_9[0] 	 (fanout : 1)
hpin:soft_dsp_eng_post_wrapper/u_tr_ln/mux_msb_35_17/in_10[2] 	 (fanout : 1)
hpin:soft_dsp_eng_post_wrapper/u_tr_ln/mux_msb_35_17/in_10[1] 	 (fanout : 1)
hpin:soft_dsp_eng_post_wrapper/u_tr_ln/mux_msb_35_17/in_10[0] 	 (fanout : 1)
hpin:soft_dsp_eng_post_wrapper/u_tr_ln/mux_msb_35_17/in_11[2] 	 (fanout : 1)
hpin:soft_dsp_eng_post_wrapper/u_tr_ln/mux_msb_35_17/in_11[1] 	 (fanout : 1)
hpin:soft_dsp_eng_post_wrapper/u_tr_ln/mux_msb_35_17/in_11[0] 	 (fanout : 1)
hpin:soft_dsp_eng_post_wrapper/u_tr_ln/mux_msb_35_17/in_12[2] 	 (fanout : 1)
hpin:soft_dsp_eng_post_wrapper/u_tr_ln/mux_msb_35_17/in_12[1] 	 (fanout : 1)
hpin:soft_dsp_eng_post_wrapper/u_tr_ln/mux_msb_35_17/in_12[0] 	 (fanout : 1)
hpin:soft_dsp_eng_post_wrapper/u_tr_ln/mux_msb_35_17/in_13[2] 	 (fanout : 1)
hpin:soft_dsp_eng_post_wrapper/u_tr_ln/mux_msb_35_17/in_13[1] 	 (fanout : 1)
hpin:soft_dsp_eng_post_wrapper/u_tr_ln/mux_msb_35_17/in_13[0] 	 (fanout : 1)
hpin:soft_dsp_eng_post_wrapper/u_tr_ln/mux_msb_35_17/in_14[2] 	 (fanout : 1)
hpin:soft_dsp_eng_post_wrapper/u_tr_ln/mux_msb_35_17/in_14[1] 	 (fanout : 1)
hpin:soft_dsp_eng_post_wrapper/u_tr_ln/mux_msb_35_17/in_14[0] 	 (fanout : 1)
hpin:soft_dsp_eng_post_wrapper/u_tr_ln/mux_msb_35_17/in_15[2] 	 (fanout : 1)
hpin:soft_dsp_eng_post_wrapper/u_tr_ln/mux_msb_35_17/in_15[1] 	 (fanout : 1)
hpin:soft_dsp_eng_post_wrapper/u_tr_ln/mux_msb_35_17/in_15[0] 	 (fanout : 1)
hpin:soft_dsp_eng_post_wrapper/u_tr_ln/mux_msb_35_17/in_16[2] 	 (fanout : 1)
hpin:soft_dsp_eng_post_wrapper/u_tr_ln/mux_msb_35_17/in_16[1] 	 (fanout : 1)
hpin:soft_dsp_eng_post_wrapper/u_tr_ln/mux_msb_35_17/in_16[0] 	 (fanout : 1)
hpin:soft_dsp_eng_post_wrapper/u_tr_ln/mux_msb_35_17/in_17[2] 	 (fanout : 1)
hpin:soft_dsp_eng_post_wrapper/u_tr_ln/mux_msb_35_17/in_17[1] 	 (fanout : 1)
hpin:soft_dsp_eng_post_wrapper/u_tr_ln/mux_msb_35_17/in_17[0] 	 (fanout : 1)
Total number of constant hierarchical pins in design 'soft_dsp_eng_post_wrapper' : 1983

No constant connected ports in design 'soft_dsp_eng_post_wrapper'

  Preserved instances(s)
  ----------------
No preserved combinational instance(s) in design 'soft_dsp_eng_post_wrapper'
No preserved sequential instance(s) in design 'soft_dsp_eng_post_wrapper'
No preserved hierarchical instance(s) in design 'soft_dsp_eng_post_wrapper'

  Physical only instances(s)
  ----------------
No physical only instance(s) in design 'soft_dsp_eng_post_wrapper'

  Logical only instance(s) and linked libcells
    -----------------------------------------
No logical only instance(s) in design 'soft_dsp_eng_post_wrapper'

Libcells with no corresponding LEF
----------------------------------
No libcell(s) found.

LEF cells with no corresponding libcell
---------------------------------------

No physical (LEF) cells found.

 Summary
 ------- 

              Name                       Total
----------------------------------------------
Unresolved References                        0
Empty Modules                                0
Unloaded Port(s)                             0
Unloaded Sequential Pin(s)                   0
Unloaded Combinational Pin(s)               11
Assigns                                     68
Undriven Port(s)                             0
Undriven Leaf Pin(s)                         0
Undriven hierarchical pin(s)                 0
Multidriven Port(s)                          0
Multidriven Leaf Pin(s)                      0
Multidriven hierarchical Pin(s)              0
Multidriven unloaded net(s)                  0
Constant Port(s)                             0
Constant Leaf Pin(s)                         0
Constant hierarchical Pin(s)              1983
Preserved leaf instance(s)                   0
Preserved hierarchical instance(s)           0
Feedthrough Modules(s)                       0
Libcells with no LEF cell                    0
Physical (LEF) cells with no libcell         0
Subdesigns with long module name             0
Physical only instance(s)                    0
Logical only instance(s)                     0

  Done Checking the design.
