============================================================
  Generated by:           Genus(TM) Synthesis Solution 25.12-s067_1
  Generated on:           Sep 19 2026  11:00:31 am
  Module:                 tr_gelu
  Operating conditions:   ss_typical_max_0p90v_125c (balanced_tree)
  Wireload mode:          top
  Area mode:              timing library
============================================================


Path 1: VIOLATED (-395 ps) Setup Check with Pin s1_exp_in_reg[7][5]/CK->D
          Group: in2reg
     Startpoint: (F) x_in[7][4]
          Clock: (R) clk
       Endpoint: (R) s1_exp_in_reg[7][5]/D
          Clock: (R) clk

                     Capture       Launch     
        Clock Edge:+    3300            0     
        Drv Adjust:+       0           46     
       Src Latency:+       0            0     
       Net Latency:+       0 (I)        0 (I) 
           Arrival:=    3300           46     
                                              
             Setup:-     164                  
       Uncertainty:-     125                  
     Required Time:=    3011                  
      Launch Clock:-      46                  
       Input Delay:-     990                  
         Data Path:-    2369                  
             Slack:=    -395                  

Exceptions/Constraints:
  input_delay             990             dut.sdc_line_15_7_1   

#---------------------------------------------------------------------------------------------------------------------
#                   Timing Point                    Flags    Arc    Edge       Cell        Fanout Trans Delay Arrival 
#                                                                                                  (ps)  (ps)   (ps)  
#---------------------------------------------------------------------------------------------------------------------
  x_in[7][4]                                        -       -       F     (arrival)             5    94     0    1036 
  u_pre_ln/fopt1392/Y                               -       A->Y    R     INV_X4M_A9TL          2    66    70    1106 
  u_pre_ln/fopt1391/Y                               -       A->Y    F     INV_X4M_A9TL          1    29    36    1141 
  u_pre_ln/g1330/Y                                  -       A->Y    F     MXT2_X6M_A9TL         5    81   153    1294 
  gen_ln[7].u_ln/g1311/Y                            -       A->Y    R     NOR2_X8M_A9TL         3   103    91    1385 
  gen_ln[7].u_ln/g1288/Y                            -       A->Y    F     NAND2_X8M_A9TL        2    62    62    1447 
  gen_ln[7].u_ln/g1284/Y                            -       A->Y    R     INV_X7P5M_A9TL        3    62    62    1509 
  gen_ln[7].u_ln/g1283/Y                            -       A->Y    F     INV_X5M_A9TL          2    37    43    1552 
  gen_ln[7].u_ln/g1268/Y                            -       A->Y    R     NOR2XB_X6M_A9TL       2    74    60    1612 
  gen_ln[7].u_ln/fopt1348/Y                         -       A->Y    F     INV_X2M_A9TL          4    92    82    1694 
  gen_ln[7].u_ln/fopt1347/Y                         -       A->Y    R     INV_X4M_A9TL          2    55    60    1754 
  gen_ln[7].u_ln/csa_tree_add_71_55_groupi_g912/Y   -       S0->Y   R     MXIT2_X1M_A9TL        1   208   113    1867 
  gen_ln[7].u_ln/csa_tree_add_71_55_groupi_g943/Y   -       B->Y    R     XOR2_X2M_A9TL         2   206   175    2042 
  gen_ln[7].u_ln/csa_tree_add_71_55_groupi_g846/Y   -       BN->Y   R     NAND2XB_X3M_A9TL      2    89   176    2218 
  gen_ln[7].u_ln/csa_tree_add_71_55_groupi_g840/Y   -       B->Y    R     AND2_X3M_A9TL         2    62   118    2336 
  gen_ln[7].u_ln/fopt1363/Y                         -       A->Y    R     BUF_X2P5M_A9TL        1    75   115    2451 
  gen_ln[7].u_ln/csa_tree_add_71_55_groupi_g828/Y   -       A1->Y   F     AOI21_X6M_A9TL        2    62    72    2523 
  gen_ln[7].u_ln/csa_tree_add_71_55_groupi_g823/Y   -       A0->Y   R     OAI2XB1_X4M_A9TL      1    89    78    2601 
  gen_ln[7].u_ln/csa_tree_add_71_55_groupi_g822/SUM -       CI->SUM F     ADDFH_X2M_A9TL        1    86   242    2844 
  gen_ln[7].u_ln/g667/Y                             -       A->Y    F     AND2_X8M_A9TL         1    50   115    2959 
  fopt7985/Y                                        -       A->Y    R     INV_X13M_A9TL         3    41    42    3001 
  g7618/Y                                           -       A->Y    F     NOR2_X8A_A9TL         2    48    37    3038 
  g7601/Y                                           -       B0->Y   R     AOI21_X4M_A9TL        1    97    82    3120 
  u_post_ln/g2783/Y                                 -       A->Y    F     INV_X4M_A9TL          2    46    52    3171 
  u_post_ln/g2657/Y                                 -       B->Y    R     NAND2_X6M_A9TL        3    97    81    3253 
  u_post_ln/fopt/Y                                  -       A->Y    F     INV_X1M_A9TL          1    70    74    3327 
  u_post_ln/g2643/Y                                 -       B0->Y   R     AOI2XB1_X3M_A9TL      1    79    78    3405 
  s1_exp_in_reg[7][5]/D                             -       -       R     SDFFRPQ_X2M_A9TL      1     -     0    3405 
#---------------------------------------------------------------------------------------------------------------------



Path 2: VIOLATED (-395 ps) Setup Check with Pin s1_exp_in_reg[6][6]/CK->D
          Group: in2reg
     Startpoint: (F) x_in[6][4]
          Clock: (R) clk
       Endpoint: (F) s1_exp_in_reg[6][6]/D
          Clock: (R) clk

                     Capture       Launch     
        Clock Edge:+    3300            0     
        Drv Adjust:+       0           52     
       Src Latency:+       0            0     
       Net Latency:+       0 (I)        0 (I) 
           Arrival:=    3300           52     
                                              
             Setup:-     156                  
       Uncertainty:-     125                  
     Required Time:=    3019                  
      Launch Clock:-      52                  
       Input Delay:-     990                  
         Data Path:-    2372                  
             Slack:=    -395                  

Exceptions/Constraints:
  input_delay             990             dut.sdc_line_15_15_1   

#-----------------------------------------------------------------------------------------------------------------------
#                   Timing Point                    Flags    Arc    Edge        Cell         Fanout Trans Delay Arrival 
#                                                                                                    (ps)  (ps)   (ps)  
#-----------------------------------------------------------------------------------------------------------------------
  x_in[6][4]                                        -       -       F     (arrival)               5   105     0    1042 
  u_pre_ln/g1335/Y                                  -       A->Y    F     AND2_X6M_A9TL           1    44   124    1166 
  u_pre_ln/g1364/Y                                  -       A0->Y   R     AOI21_X8M_A9TL          4   158   120    1286 
  gen_ln[6].u_ln/g1315/Y                            -       A->Y    F     INV_X4M_A9TL            2    71    77    1363 
  gen_ln[6].u_ln/g1314/Y                            -       A->Y    R     INV_X6B_A9TL            2    42    47    1410 
  gen_ln[6].u_ln/g1264/Y                            -       DN->Y   R     NAND4XXXB_X4M_A9TL      1   137   150    1560 
  gen_ln[6].u_ln/g1246/Y                            -       C0->Y   R     OA211_X4M_A9TL          1    65   139    1699 
  gen_ln[6].u_ln/g1240/Y                            -       A->Y    F     NAND2XB_X8M_A9TL        4    74    65    1764 
  gen_ln[6].u_ln/csa_tree_add_71_55_groupi_g907/Y   -       B0->Y   R     OAI21_X8M_A9TL          2   102    75    1840 
  gen_ln[6].u_ln/csa_tree_add_71_55_groupi_g891/Y   -       A0->Y   F     OAI2XB1_X8M_A9TL        2    70    75    1915 
  gen_ln[6].u_ln/csa_tree_add_71_55_groupi_g883/Y   -       A->Y    R     NAND2XB_X6M_A9TL        1    69    62    1976 
  gen_ln[6].u_ln/csa_tree_add_71_55_groupi_g871/Y   -       B0N->Y  F     AO21B_X6M_A9TL          2    75    69    2045 
  gen_ln[6].u_ln/csa_tree_add_71_55_groupi_g859/Y   -       S0->Y   F     MXIT2_X4M_A9TL          2   107   106    2151 
  gen_ln[6].u_ln/csa_tree_add_71_55_groupi_g849/Y   -       A->Y    R     NAND2XB_X6M_A9TL        2    66    71    2222 
  gen_ln[6].u_ln/csa_tree_add_71_55_groupi_g836/Y   -       A->Y    F     NAND2XB_X3M_A9TL        1    67    61    2283 
  gen_ln[6].u_ln/csa_tree_add_71_55_groupi_g835/Y   -       B->Y    R     NAND2_X6M_A9TL          2    72    75    2358 
  gen_ln[6].u_ln/csa_tree_add_71_55_groupi_g831/Y   -       B1->Y   R     AO1B2_X6M_A9TL          1    55   121    2480 
  gen_ln[6].u_ln/csa_tree_add_71_55_groupi_g828/Y   -       B0->Y   F     AOI21_X6M_A9TL          2    63    49    2528 
  gen_ln[6].u_ln/csa_tree_add_71_55_groupi_g823/Y   -       A0->Y   R     OAI2XB1_X4M_A9TL        1    89    78    2607 
  gen_ln[6].u_ln/csa_tree_add_71_55_groupi_g822/SUM -       CI->SUM F     ADDFH_X2M_A9TL          1    86   242    2849 
  gen_ln[6].u_ln/g667/Y                             -       A->Y    F     AND2_X8M_A9TL           1    50   115    2964 
  fopt7979/Y                                        -       A->Y    R     INV_X13M_A9TL           3    41    42    3006 
  g7619/Y                                           -       A->Y    F     NOR2_X8A_A9TL           2    48    37    3044 
  g7595/Y                                           -       B0->Y   R     AOI21_X4M_A9TL          1    96    82    3125 
  u_post_ln/g2802/Y                                 -       A->Y    F     INV_X4M_A9TL            2    46    51    3177 
  u_post_ln/g2650/Y                                 -       B->Y    R     NAND2_X6M_A9TL          3    89    77    3254 
  u_post_ln/g2630/Y                                 -       A->Y    F     NAND2_X3M_A9TL          1    48    50    3304 
  u_post_ln/g2609/Y                                 -       AN->Y   F     NOR2B_X4M_A9TL          1    46   110    3414 
  s1_exp_in_reg[6][6]/D                             -       -       F     SDFFRPQ_X2M_A9TL        1     -     0    3414 
#-----------------------------------------------------------------------------------------------------------------------



Path 3: VIOLATED (-395 ps) Setup Check with Pin s1_exp_in_reg[5][6]/CK->D
          Group: in2reg
     Startpoint: (F) x_in[5][4]
          Clock: (R) clk
       Endpoint: (F) s1_exp_in_reg[5][6]/D
          Clock: (R) clk

                     Capture       Launch     
        Clock Edge:+    3300            0     
        Drv Adjust:+       0           52     
       Src Latency:+       0            0     
       Net Latency:+       0 (I)        0 (I) 
           Arrival:=    3300           52     
                                              
             Setup:-     156                  
       Uncertainty:-     125                  
     Required Time:=    3019                  
      Launch Clock:-      52                  
       Input Delay:-     990                  
         Data Path:-    2372                  
             Slack:=    -395                  

Exceptions/Constraints:
  input_delay             990             dut.sdc_line_15_23_1   

#-----------------------------------------------------------------------------------------------------------------------------
#                      Timing Point                       Flags    Arc    Edge        Cell         Fanout Trans Delay Arrival 
#                                                                                                          (ps)  (ps)   (ps)  
#-----------------------------------------------------------------------------------------------------------------------------
  x_in[5][4]                                              -       -       F     (arrival)               5   105     0    1042 
  u_pre_ln/g1333/Y                                        -       A->Y    F     AND2_X6M_A9TL           1    44   124    1166 
  u_pre_ln/g1365/Y                                        -       A0->Y   R     AOI21_X8M_A9TL          4   158   120    1286 
  gen_ln[5].u_ln/g1315/Y                                  -       A->Y    F     INV_X4M_A9TL            2    71    77    1363 
  gen_ln[5].u_ln/g1314/Y                                  -       A->Y    R     INV_X6B_A9TL            2    42    47    1410 
  gen_ln[5].u_ln/g1264__2883/Y                            -       DN->Y   R     NAND4XXXB_X4M_A9TL      1   137   150    1560 
  gen_ln[5].u_ln/g1246__2802/Y                            -       C0->Y   R     OA211_X4M_A9TL          1    65   139    1699 
  gen_ln[5].u_ln/g1240__8428/Y                            -       A->Y    F     NAND2XB_X8M_A9TL        4    74    65    1764 
  gen_ln[5].u_ln/csa_tree_add_71_55_groupi_g907/Y         -       B0->Y   R     OAI21_X8M_A9TL          2   102    75    1840 
  gen_ln[5].u_ln/csa_tree_add_71_55_groupi_g891/Y         -       A0->Y   F     OAI2XB1_X8M_A9TL        2    70    75    1915 
  gen_ln[5].u_ln/csa_tree_add_71_55_groupi_g883/Y         -       A->Y    R     NAND2XB_X6M_A9TL        1    69    62    1976 
  gen_ln[5].u_ln/csa_tree_add_71_55_groupi_g871__6161/Y   -       B0N->Y  F     AO21B_X6M_A9TL          2    75    69    2045 
  gen_ln[5].u_ln/csa_tree_add_71_55_groupi_g859__1705/Y   -       S0->Y   F     MXIT2_X4M_A9TL          2   107   106    2151 
  gen_ln[5].u_ln/csa_tree_add_71_55_groupi_g849__8428/Y   -       A->Y    R     NAND2XB_X6M_A9TL        2    66    71    2222 
  gen_ln[5].u_ln/csa_tree_add_71_55_groupi_g836__1666/Y   -       A->Y    F     NAND2XB_X3M_A9TL        1    67    61    2283 
  gen_ln[5].u_ln/csa_tree_add_71_55_groupi_g835__2346/Y   -       B->Y    R     NAND2_X6M_A9TL          2    72    75    2358 
  gen_ln[5].u_ln/csa_tree_add_71_55_groupi_g831__9315/Y   -       B1->Y   R     AO1B2_X6M_A9TL          1    55   121    2480 
  gen_ln[5].u_ln/csa_tree_add_71_55_groupi_g828__7482/Y   -       B0->Y   F     AOI21_X6M_A9TL          2    63    49    2528 
  gen_ln[5].u_ln/csa_tree_add_71_55_groupi_g823__6131/Y   -       A0->Y   R     OAI2XB1_X4M_A9TL        1    89    78    2607 
  gen_ln[5].u_ln/csa_tree_add_71_55_groupi_g822__7098/SUM -       CI->SUM F     ADDFH_X2M_A9TL          1    86   242    2849 
  gen_ln[5].u_ln/g667__8428/Y                             -       A->Y    F     AND2_X8M_A9TL           1    50   115    2964 
  fopt7983/Y                                              -       A->Y    R     INV_X13M_A9TL           3    41    42    3006 
  g7621/Y                                                 -       A->Y    F     NOR2_X8A_A9TL           2    48    37    3044 
  g7597/Y                                                 -       B0->Y   R     AOI21_X4M_A9TL          1    96    82    3125 
  u_post_ln/g2776/Y                                       -       A->Y    F     INV_X4M_A9TL            2    46    51    3177 
  u_post_ln/g2651/Y                                       -       B->Y    R     NAND2_X6M_A9TL          3    89    77    3254 
  u_post_ln/g2620/Y                                       -       A->Y    F     NAND2_X3M_A9TL          1    48    50    3304 
  u_post_ln/g2605/Y                                       -       AN->Y   F     NOR2B_X4M_A9TL          1    46   110    3414 
  s1_exp_in_reg[5][6]/D                                   -       -       F     SDFFRPQ_X2M_A9TL        1     -     0    3414 
#-----------------------------------------------------------------------------------------------------------------------------



Path 4: VIOLATED (-395 ps) Setup Check with Pin s1_exp_in_reg[4][6]/CK->D
          Group: in2reg
     Startpoint: (F) x_in[4][4]
          Clock: (R) clk
       Endpoint: (F) s1_exp_in_reg[4][6]/D
          Clock: (R) clk

                     Capture       Launch     
        Clock Edge:+    3300            0     
        Drv Adjust:+       0           52     
       Src Latency:+       0            0     
       Net Latency:+       0 (I)        0 (I) 
           Arrival:=    3300           52     
                                              
             Setup:-     156                  
       Uncertainty:-     125                  
     Required Time:=    3019                  
      Launch Clock:-      52                  
       Input Delay:-     990                  
         Data Path:-    2372                  
             Slack:=    -395                  

Exceptions/Constraints:
  input_delay             990             dut.sdc_line_15_31_1   

#-----------------------------------------------------------------------------------------------------------------------------
#                      Timing Point                       Flags    Arc    Edge        Cell         Fanout Trans Delay Arrival 
#                                                                                                          (ps)  (ps)   (ps)  
#-----------------------------------------------------------------------------------------------------------------------------
  x_in[4][4]                                              -       -       F     (arrival)               5   105     0    1042 
  u_pre_ln/g1331/Y                                        -       A->Y    F     AND2_X6M_A9TL           1    44   124    1166 
  u_pre_ln/g1366/Y                                        -       A0->Y   R     AOI21_X8M_A9TL          4   158   120    1286 
  gen_ln[4].u_ln/g1315/Y                                  -       A->Y    F     INV_X4M_A9TL            2    71    77    1363 
  gen_ln[4].u_ln/g1314/Y                                  -       A->Y    R     INV_X6B_A9TL            2    42    47    1410 
  gen_ln[4].u_ln/g1264__5115/Y                            -       DN->Y   R     NAND4XXXB_X4M_A9TL      1   137   150    1560 
  gen_ln[4].u_ln/g1246__4319/Y                            -       C0->Y   R     OA211_X4M_A9TL          1    65   139    1699 
  gen_ln[4].u_ln/g1240__6417/Y                            -       A->Y    F     NAND2XB_X8M_A9TL        4    74    65    1764 
  gen_ln[4].u_ln/csa_tree_add_71_55_groupi_g907__6783/Y   -       B0->Y   R     OAI21_X8M_A9TL          2   102    75    1840 
  gen_ln[4].u_ln/csa_tree_add_71_55_groupi_g891__6417/Y   -       A0->Y   F     OAI2XB1_X8M_A9TL        2    70    75    1915 
  gen_ln[4].u_ln/csa_tree_add_71_55_groupi_g883__9315/Y   -       A->Y    R     NAND2XB_X6M_A9TL        1    69    62    1976 
  gen_ln[4].u_ln/csa_tree_add_71_55_groupi_g871__7098/Y   -       B0N->Y  F     AO21B_X6M_A9TL          2    75    69    2045 
  gen_ln[4].u_ln/csa_tree_add_71_55_groupi_g859__8428/Y   -       S0->Y   F     MXIT2_X4M_A9TL          2   107   106    2151 
  gen_ln[4].u_ln/csa_tree_add_71_55_groupi_g849__6417/Y   -       A->Y    R     NAND2XB_X6M_A9TL        2    66    71    2222 
  gen_ln[4].u_ln/csa_tree_add_71_55_groupi_g836__4733/Y   -       A->Y    F     NAND2XB_X3M_A9TL        1    67    61    2283 
  gen_ln[4].u_ln/csa_tree_add_71_55_groupi_g835__7482/Y   -       B->Y    R     NAND2_X6M_A9TL          2    72    75    2358 
  gen_ln[4].u_ln/csa_tree_add_71_55_groupi_g831__6131/Y   -       B1->Y   R     AO1B2_X6M_A9TL          1    55   121    2480 
  gen_ln[4].u_ln/csa_tree_add_71_55_groupi_g828__5122/Y   -       B0->Y   F     AOI21_X6M_A9TL          2    63    49    2528 
  gen_ln[4].u_ln/csa_tree_add_71_55_groupi_g823__1617/Y   -       A0->Y   R     OAI2XB1_X4M_A9TL        1    89    78    2607 
  gen_ln[4].u_ln/csa_tree_add_71_55_groupi_g822__3680/SUM -       CI->SUM F     ADDFH_X2M_A9TL          1    86   242    2849 
  gen_ln[4].u_ln/g667__6417/Y                             -       A->Y    F     AND2_X8M_A9TL           1    50   115    2964 
  fopt7981/Y                                              -       A->Y    R     INV_X13M_A9TL           3    41    42    3006 
  g7620/Y                                                 -       A->Y    F     NOR2_X8A_A9TL           2    48    37    3044 
  g7596/Y                                                 -       B0->Y   R     AOI21_X4M_A9TL          1    96    82    3125 
  u_post_ln/g2774/Y                                       -       A->Y    F     INV_X4M_A9TL            2    46    51    3177 
  u_post_ln/g2659/Y                                       -       B->Y    R     NAND2_X6M_A9TL          3    89    77    3254 
  u_post_ln/g2629/Y                                       -       A->Y    F     NAND2_X3M_A9TL          1    48    50    3304 
  u_post_ln/g2610/Y                                       -       AN->Y   F     NOR2B_X4M_A9TL          1    46   110    3414 
  s1_exp_in_reg[4][6]/D                                   -       -       F     SDFFRPQ_X2M_A9TL        1     -     0    3414 
#-----------------------------------------------------------------------------------------------------------------------------



Path 5: VIOLATED (-395 ps) Setup Check with Pin s1_exp_in_reg[3][6]/CK->D
          Group: in2reg
     Startpoint: (F) x_in[3][4]
          Clock: (R) clk
       Endpoint: (F) s1_exp_in_reg[3][6]/D
          Clock: (R) clk

                     Capture       Launch     
        Clock Edge:+    3300            0     
        Drv Adjust:+       0           52     
       Src Latency:+       0            0     
       Net Latency:+       0 (I)        0 (I) 
           Arrival:=    3300           52     
                                              
             Setup:-     156                  
       Uncertainty:-     125                  
     Required Time:=    3019                  
      Launch Clock:-      52                  
       Input Delay:-     990                  
         Data Path:-    2372                  
             Slack:=    -395                  

Exceptions/Constraints:
  input_delay             990             dut.sdc_line_15_39_1   

#-----------------------------------------------------------------------------------------------------------------------------
#                      Timing Point                       Flags    Arc    Edge        Cell         Fanout Trans Delay Arrival 
#                                                                                                          (ps)  (ps)   (ps)  
#-----------------------------------------------------------------------------------------------------------------------------
  x_in[3][4]                                              -       -       F     (arrival)               5   105     0    1042 
  u_pre_ln/g1338/Y                                        -       A->Y    F     AND2_X6M_A9TL           1    44   124    1166 
  u_pre_ln/g2/Y                                           -       A0->Y   R     AOI21_X8M_A9TL          4   158   120    1286 
  gen_ln[3].u_ln/g1315/Y                                  -       A->Y    F     INV_X4M_A9TL            2    71    77    1363 
  gen_ln[3].u_ln/g1314/Y                                  -       A->Y    R     INV_X6B_A9TL            2    42    47    1410 
  gen_ln[3].u_ln/g1264__1705/Y                            -       DN->Y   R     NAND4XXXB_X4M_A9TL      1   137   150    1560 
  gen_ln[3].u_ln/g1246__7410/Y                            -       C0->Y   R     OA211_X4M_A9TL          1    65   139    1699 
  gen_ln[3].u_ln/g1240__9315/Y                            -       A->Y    F     NAND2XB_X8M_A9TL        4    74    65    1764 
  gen_ln[3].u_ln/csa_tree_add_71_55_groupi_g907__2398/Y   -       B0->Y   R     OAI21_X8M_A9TL          2   102    75    1840 
  gen_ln[3].u_ln/csa_tree_add_71_55_groupi_g891__9315/Y   -       A0->Y   F     OAI2XB1_X8M_A9TL        2    70    75    1915 
  gen_ln[3].u_ln/csa_tree_add_71_55_groupi_g883__6131/Y   -       A->Y    R     NAND2XB_X6M_A9TL        1    69    62    1976 
  gen_ln[3].u_ln/csa_tree_add_71_55_groupi_g871__3680/Y   -       B0N->Y  F     AO21B_X6M_A9TL          2    75    69    2045 
  gen_ln[3].u_ln/csa_tree_add_71_55_groupi_g859__6417/Y   -       S0->Y   F     MXIT2_X4M_A9TL          2   107   106    2151 
  gen_ln[3].u_ln/csa_tree_add_71_55_groupi_g849__9315/Y   -       A->Y    R     NAND2XB_X6M_A9TL        2    66    71    2222 
  gen_ln[3].u_ln/csa_tree_add_71_55_groupi_g836__8246/Y   -       A->Y    F     NAND2XB_X3M_A9TL        1    67    61    2283 
  gen_ln[3].u_ln/csa_tree_add_71_55_groupi_g835__5122/Y   -       B->Y    R     NAND2_X6M_A9TL          2    72    75    2358 
  gen_ln[3].u_ln/csa_tree_add_71_55_groupi_g831__1617/Y   -       B1->Y   R     AO1B2_X6M_A9TL          1    55   121    2480 
  gen_ln[3].u_ln/csa_tree_add_71_55_groupi_g828__5526/Y   -       B0->Y   F     AOI21_X6M_A9TL          2    63    49    2528 
  gen_ln[3].u_ln/csa_tree_add_71_55_groupi_g823__6260/Y   -       A0->Y   R     OAI2XB1_X4M_A9TL        1    89    78    2607 
  gen_ln[3].u_ln/csa_tree_add_71_55_groupi_g822__5107/SUM -       CI->SUM F     ADDFH_X2M_A9TL          1    86   242    2849 
  gen_ln[3].u_ln/g667__9315/Y                             -       A->Y    F     AND2_X8M_A9TL           1    50   115    2964 
  fopt7991/Y                                              -       A->Y    R     INV_X13M_A9TL           3    41    42    3006 
  g7625/Y                                                 -       A->Y    F     NOR2_X8A_A9TL           2    48    37    3044 
  g7598/Y                                                 -       B0->Y   R     AOI21_X4M_A9TL          1    96    82    3125 
  u_post_ln/g2777/Y                                       -       A->Y    F     INV_X4M_A9TL            2    46    51    3177 
  u_post_ln/g2660/Y                                       -       B->Y    R     NAND2_X6M_A9TL          3    89    77    3254 
  u_post_ln/g2619/Y                                       -       A->Y    F     NAND2_X3M_A9TL          1    48    50    3304 
  u_post_ln/g2607/Y                                       -       AN->Y   F     NOR2B_X4M_A9TL          1    46   110    3414 
  s1_exp_in_reg[3][6]/D                                   -       -       F     SDFFRPQ_X2M_A9TL        1     -     0    3414 
#-----------------------------------------------------------------------------------------------------------------------------



Path 6: VIOLATED (-395 ps) Setup Check with Pin s1_exp_in_reg[2][6]/CK->D
          Group: in2reg
     Startpoint: (F) x_in[2][4]
          Clock: (R) clk
       Endpoint: (F) s1_exp_in_reg[2][6]/D
          Clock: (R) clk

                     Capture       Launch     
        Clock Edge:+    3300            0     
        Drv Adjust:+       0           52     
       Src Latency:+       0            0     
       Net Latency:+       0 (I)        0 (I) 
           Arrival:=    3300           52     
                                              
             Setup:-     156                  
       Uncertainty:-     125                  
     Required Time:=    3019                  
      Launch Clock:-      52                  
       Input Delay:-     990                  
         Data Path:-    2372                  
             Slack:=    -395                  

Exceptions/Constraints:
  input_delay             990             dut.sdc_line_15_47_1   

#-----------------------------------------------------------------------------------------------------------------------------
#                      Timing Point                       Flags    Arc    Edge        Cell         Fanout Trans Delay Arrival 
#                                                                                                          (ps)  (ps)   (ps)  
#-----------------------------------------------------------------------------------------------------------------------------
  x_in[2][4]                                              -       -       F     (arrival)               5   105     0    1042 
  u_pre_ln/g1332/Y                                        -       A->Y    F     AND2_X6M_A9TL           1    44   124    1166 
  u_pre_ln/g1368/Y                                        -       A0->Y   R     AOI21_X8M_A9TL          4   158   120    1286 
  gen_ln[2].u_ln/g1315/Y                                  -       A->Y    F     INV_X4M_A9TL            2    71    77    1363 
  gen_ln[2].u_ln/g1314/Y                                  -       A->Y    R     INV_X6B_A9TL            2    42    47    1410 
  gen_ln[2].u_ln/g1264__8428/Y                            -       DN->Y   R     NAND4XXXB_X4M_A9TL      1   137   150    1560 
  gen_ln[2].u_ln/g1246__6161/Y                            -       C0->Y   R     OA211_X4M_A9TL          1    65   139    1699 
  gen_ln[2].u_ln/g1240__6131/Y                            -       A->Y    F     NAND2XB_X8M_A9TL        4    74    65    1764 
  gen_ln[2].u_ln/csa_tree_add_71_55_groupi_g907__2883/Y   -       B0->Y   R     OAI21_X8M_A9TL          2   102    75    1840 
  gen_ln[2].u_ln/csa_tree_add_71_55_groupi_g891__6131/Y   -       A0->Y   F     OAI2XB1_X8M_A9TL        2    70    75    1915 
  gen_ln[2].u_ln/csa_tree_add_71_55_groupi_g883__1617/Y   -       A->Y    R     NAND2XB_X6M_A9TL        1    69    62    1976 
  gen_ln[2].u_ln/csa_tree_add_71_55_groupi_g871__5107/Y   -       B0N->Y  F     AO21B_X6M_A9TL          2    75    69    2045 
  gen_ln[2].u_ln/csa_tree_add_71_55_groupi_g859__9315/Y   -       S0->Y   F     MXIT2_X4M_A9TL          2   107   106    2151 
  gen_ln[2].u_ln/csa_tree_add_71_55_groupi_g849__6131/Y   -       A->Y    R     NAND2XB_X6M_A9TL        2    66    71    2222 
  gen_ln[2].u_ln/csa_tree_add_71_55_groupi_g836__6783/Y   -       A->Y    F     NAND2XB_X3M_A9TL        1    67    61    2283 
  gen_ln[2].u_ln/csa_tree_add_71_55_groupi_g835__5526/Y   -       B->Y    R     NAND2_X6M_A9TL          2    72    75    2358 
  gen_ln[2].u_ln/csa_tree_add_71_55_groupi_g831__6260/Y   -       B1->Y   R     AO1B2_X6M_A9TL          1    55   121    2480 
  gen_ln[2].u_ln/csa_tree_add_71_55_groupi_g828__5477/Y   -       B0->Y   F     AOI21_X6M_A9TL          2    63    49    2528 
  gen_ln[2].u_ln/csa_tree_add_71_55_groupi_g823__1666/Y   -       A0->Y   R     OAI2XB1_X4M_A9TL        1    89    78    2607 
  gen_ln[2].u_ln/csa_tree_add_71_55_groupi_g822__2346/SUM -       CI->SUM F     ADDFH_X2M_A9TL          1    86   242    2849 
  gen_ln[2].u_ln/g667__6131/Y                             -       A->Y    F     AND2_X8M_A9TL           1    50   115    2964 
  fopt7993/Y                                              -       A->Y    R     INV_X13M_A9TL           3    41    42    3006 
  g7622/Y                                                 -       A->Y    F     NOR2_X8A_A9TL           2    48    37    3044 
  g7594/Y                                                 -       B0->Y   R     AOI21_X4M_A9TL          1    96    82    3125 
  u_post_ln/g2780/Y                                       -       A->Y    F     INV_X4M_A9TL            2    46    51    3177 
  u_post_ln/g2649/Y                                       -       B->Y    R     NAND2_X6M_A9TL          3    89    77    3254 
  u_post_ln/g2618/Y                                       -       A->Y    F     NAND2_X3M_A9TL          1    48    50    3304 
  u_post_ln/g2608/Y                                       -       AN->Y   F     NOR2B_X4M_A9TL          1    46   110    3414 
  s1_exp_in_reg[2][6]/D                                   -       -       F     SDFFRPQ_X2M_A9TL        1     -     0    3414 
#-----------------------------------------------------------------------------------------------------------------------------



Path 7: VIOLATED (-395 ps) Setup Check with Pin s1_exp_in_reg[1][6]/CK->D
          Group: in2reg
     Startpoint: (F) x_in[1][4]
          Clock: (R) clk
       Endpoint: (F) s1_exp_in_reg[1][6]/D
          Clock: (R) clk

                     Capture       Launch     
        Clock Edge:+    3300            0     
        Drv Adjust:+       0           52     
       Src Latency:+       0            0     
       Net Latency:+       0 (I)        0 (I) 
           Arrival:=    3300           52     
                                              
             Setup:-     156                  
       Uncertainty:-     125                  
     Required Time:=    3019                  
      Launch Clock:-      52                  
       Input Delay:-     990                  
         Data Path:-    2372                  
             Slack:=    -395                  

Exceptions/Constraints:
  input_delay             990             dut.sdc_line_15_55_1   

#-----------------------------------------------------------------------------------------------------------------------------
#                      Timing Point                       Flags    Arc    Edge        Cell         Fanout Trans Delay Arrival 
#                                                                                                          (ps)  (ps)   (ps)  
#-----------------------------------------------------------------------------------------------------------------------------
  x_in[1][4]                                              -       -       F     (arrival)               5   105     0    1042 
  u_pre_ln/g1334/Y                                        -       A->Y    F     AND2_X6M_A9TL           1    44   124    1166 
  u_pre_ln/g1363/Y                                        -       A0->Y   R     AOI21_X8M_A9TL          4   158   120    1286 
  gen_ln[1].u_ln/g1315/Y                                  -       A->Y    F     INV_X4M_A9TL            2    71    77    1363 
  gen_ln[1].u_ln/g1314/Y                                  -       A->Y    R     INV_X6B_A9TL            2    42    47    1410 
  gen_ln[1].u_ln/g1264__6417/Y                            -       DN->Y   R     NAND4XXXB_X4M_A9TL      1   137   150    1560 
  gen_ln[1].u_ln/g1246__7098/Y                            -       C0->Y   R     OA211_X4M_A9TL          1    65   139    1699 
  gen_ln[1].u_ln/g1240__1617/Y                            -       A->Y    F     NAND2XB_X8M_A9TL        4    74    65    1764 
  gen_ln[1].u_ln/csa_tree_add_71_55_groupi_g907__5115/Y   -       B0->Y   R     OAI21_X8M_A9TL          2   102    75    1840 
  gen_ln[1].u_ln/csa_tree_add_71_55_groupi_g891__1617/Y   -       A0->Y   F     OAI2XB1_X8M_A9TL        2    70    75    1915 
  gen_ln[1].u_ln/csa_tree_add_71_55_groupi_g883__6260/Y   -       A->Y    R     NAND2XB_X6M_A9TL        1    69    62    1976 
  gen_ln[1].u_ln/csa_tree_add_71_55_groupi_g871__2346/Y   -       B0N->Y  F     AO21B_X6M_A9TL          2    75    69    2045 
  gen_ln[1].u_ln/csa_tree_add_71_55_groupi_g859__6131/Y   -       S0->Y   F     MXIT2_X4M_A9TL          2   107   106    2151 
  gen_ln[1].u_ln/csa_tree_add_71_55_groupi_g849__1617/Y   -       A->Y    R     NAND2XB_X6M_A9TL        2    66    71    2222 
  gen_ln[1].u_ln/csa_tree_add_71_55_groupi_g836__2398/Y   -       A->Y    F     NAND2XB_X3M_A9TL        1    67    61    2283 
  gen_ln[1].u_ln/csa_tree_add_71_55_groupi_g835__5477/Y   -       B->Y    R     NAND2_X6M_A9TL          2    72    75    2358 
  gen_ln[1].u_ln/csa_tree_add_71_55_groupi_g831__1666/Y   -       B1->Y   R     AO1B2_X6M_A9TL          1    55   121    2480 
  gen_ln[1].u_ln/csa_tree_add_71_55_groupi_g828__9945/Y   -       B0->Y   F     AOI21_X6M_A9TL          2    63    49    2528 
  gen_ln[1].u_ln/csa_tree_add_71_55_groupi_g823__4733/Y   -       A0->Y   R     OAI2XB1_X4M_A9TL        1    89    78    2607 
  gen_ln[1].u_ln/csa_tree_add_71_55_groupi_g822__7482/SUM -       CI->SUM F     ADDFH_X2M_A9TL          1    86   242    2849 
  gen_ln[1].u_ln/g667__1617/Y                             -       A->Y    F     AND2_X8M_A9TL           1    50   115    2964 
  fopt7989/Y                                              -       A->Y    R     INV_X13M_A9TL           3    41    42    3006 
  g7624/Y                                                 -       A->Y    F     NOR2_X8A_A9TL           2    48    37    3044 
  g7599/Y                                                 -       B0->Y   R     AOI21_X4M_A9TL          1    96    82    3125 
  u_post_ln/g2794/Y                                       -       A->Y    F     INV_X4M_A9TL            2    46    51    3177 
  u_post_ln/g2652/Y                                       -       B->Y    R     NAND2_X6M_A9TL          3    89    77    3254 
  u_post_ln/g2631/Y                                       -       A->Y    F     NAND2_X3M_A9TL          1    48    50    3304 
  u_post_ln/g2611/Y                                       -       AN->Y   F     NOR2B_X4M_A9TL          1    46   110    3414 
  s1_exp_in_reg[1][6]/D                                   -       -       F     SDFFRPQ_X2M_A9TL        1     -     0    3414 
#-----------------------------------------------------------------------------------------------------------------------------



Path 8: VIOLATED (-395 ps) Setup Check with Pin s1_exp_in_reg[0][6]/CK->D
          Group: in2reg
     Startpoint: (F) x_in[0][4]
          Clock: (R) clk
       Endpoint: (F) s1_exp_in_reg[0][6]/D
          Clock: (R) clk

                     Capture       Launch     
        Clock Edge:+    3300            0     
        Drv Adjust:+       0           52     
       Src Latency:+       0            0     
       Net Latency:+       0 (I)        0 (I) 
           Arrival:=    3300           52     
                                              
             Setup:-     156                  
       Uncertainty:-     125                  
     Required Time:=    3019                  
      Launch Clock:-      52                  
       Input Delay:-     990                  
         Data Path:-    2372                  
             Slack:=    -395                  

Exceptions/Constraints:
  input_delay             990             dut.sdc_line_15_63_1   

#-----------------------------------------------------------------------------------------------------------------------------
#                      Timing Point                       Flags    Arc    Edge        Cell         Fanout Trans Delay Arrival 
#                                                                                                          (ps)  (ps)   (ps)  
#-----------------------------------------------------------------------------------------------------------------------------
  x_in[0][4]                                              -       -       F     (arrival)               5   105     0    1042 
  u_pre_ln/g1336/Y                                        -       A->Y    F     AND2_X6M_A9TL           1    44   124    1166 
  u_pre_ln/g1369/Y                                        -       A0->Y   R     AOI21_X8M_A9TL          4   158   120    1286 
  gen_ln[0].u_ln/g1315/Y                                  -       A->Y    F     INV_X4M_A9TL            2    71    77    1363 
  gen_ln[0].u_ln/g1314/Y                                  -       A->Y    R     INV_X6B_A9TL            2    42    47    1410 
  gen_ln[0].u_ln/g1264__9315/Y                            -       DN->Y   R     NAND4XXXB_X4M_A9TL      1   137   150    1560 
  gen_ln[0].u_ln/g1246__3680/Y                            -       C0->Y   R     OA211_X4M_A9TL          1    65   139    1699 
  gen_ln[0].u_ln/g1240__6260/Y                            -       A->Y    F     NAND2XB_X8M_A9TL        4    74    65    1764 
  gen_ln[0].u_ln/csa_tree_add_71_55_groupi_g907__1705/Y   -       B0->Y   R     OAI21_X8M_A9TL          2   102    75    1840 
  gen_ln[0].u_ln/csa_tree_add_71_55_groupi_g891__6260/Y   -       A0->Y   F     OAI2XB1_X8M_A9TL        2    70    75    1915 
  gen_ln[0].u_ln/csa_tree_add_71_55_groupi_g883__1666/Y   -       A->Y    R     NAND2XB_X6M_A9TL        1    69    62    1976 
  gen_ln[0].u_ln/csa_tree_add_71_55_groupi_g871__7482/Y   -       B0N->Y  F     AO21B_X6M_A9TL          2    75    69    2045 
  gen_ln[0].u_ln/csa_tree_add_71_55_groupi_g859__1617/Y   -       S0->Y   F     MXIT2_X4M_A9TL          2   107   106    2151 
  gen_ln[0].u_ln/csa_tree_add_71_55_groupi_g849__6260/Y   -       A->Y    R     NAND2XB_X6M_A9TL        2    66    71    2222 
  gen_ln[0].u_ln/csa_tree_add_71_55_groupi_g836__2883/Y   -       A->Y    F     NAND2XB_X3M_A9TL        1    67    61    2283 
  gen_ln[0].u_ln/csa_tree_add_71_55_groupi_g835__9945/Y   -       B->Y    R     NAND2_X6M_A9TL          2    72    75    2358 
  gen_ln[0].u_ln/csa_tree_add_71_55_groupi_g831__4733/Y   -       B1->Y   R     AO1B2_X6M_A9TL          1    55   121    2480 
  gen_ln[0].u_ln/csa_tree_add_71_55_groupi_g828__1881/Y   -       B0->Y   F     AOI21_X6M_A9TL          2    63    49    2528 
  gen_ln[0].u_ln/csa_tree_add_71_55_groupi_g823__8246/Y   -       A0->Y   R     OAI2XB1_X4M_A9TL        1    89    78    2607 
  gen_ln[0].u_ln/csa_tree_add_71_55_groupi_g822__5122/SUM -       CI->SUM F     ADDFH_X2M_A9TL          1    86   242    2849 
  gen_ln[0].u_ln/g667__6260/Y                             -       A->Y    F     AND2_X8M_A9TL           1    50   115    2964 
  fopt7987/Y                                              -       A->Y    R     INV_X13M_A9TL           3    41    42    3006 
  g7623/Y                                                 -       A->Y    F     NOR2_X8A_A9TL           2    48    37    3044 
  g7600/Y                                                 -       B0->Y   R     AOI21_X4M_A9TL          1    96    82    3125 
  u_post_ln/g2784/Y                                       -       A->Y    F     INV_X4M_A9TL            2    46    51    3177 
  u_post_ln/g2658/Y                                       -       B->Y    R     NAND2_X6M_A9TL          3    89    77    3254 
  u_post_ln/g2632/Y                                       -       A->Y    F     NAND2_X3M_A9TL          1    48    50    3304 
  u_post_ln/g2612/Y                                       -       AN->Y   F     NOR2B_X4M_A9TL          1    46   110    3414 
  s1_exp_in_reg[0][6]/D                                   -       -       F     SDFFRPQ_X2M_A9TL        1     -     0    3414 
#-----------------------------------------------------------------------------------------------------------------------------



Path 9: VIOLATED (-394 ps) Setup Check with Pin s1_exp_in_reg[6][6]/CK->D
          Group: in2reg
     Startpoint: (F) x_in[6][4]
          Clock: (R) clk
       Endpoint: (R) s1_exp_in_reg[6][6]/D
          Clock: (R) clk

                     Capture       Launch     
        Clock Edge:+    3300            0     
        Drv Adjust:+       0           52     
       Src Latency:+       0            0     
       Net Latency:+       0 (I)        0 (I) 
           Arrival:=    3300           52     
                                              
             Setup:-     160                  
       Uncertainty:-     125                  
     Required Time:=    3015                  
      Launch Clock:-      52                  
       Input Delay:-     990                  
         Data Path:-    2367                  
             Slack:=    -394                  

Exceptions/Constraints:
  input_delay             990             dut.sdc_line_15_15_1   

#-----------------------------------------------------------------------------------------------------------------------
#                   Timing Point                    Flags    Arc    Edge        Cell         Fanout Trans Delay Arrival 
#                                                                                                    (ps)  (ps)   (ps)  
#-----------------------------------------------------------------------------------------------------------------------
  x_in[6][4]                                        -       -       F     (arrival)               5   105     0    1042 
  u_pre_ln/g1335/Y                                  -       A->Y    F     AND2_X6M_A9TL           1    44   124    1166 
  u_pre_ln/g1364/Y                                  -       A0->Y   R     AOI21_X8M_A9TL          4   158   120    1286 
  gen_ln[6].u_ln/g1315/Y                            -       A->Y    F     INV_X4M_A9TL            2    71    77    1363 
  gen_ln[6].u_ln/g1314/Y                            -       A->Y    R     INV_X6B_A9TL            2    42    47    1410 
  gen_ln[6].u_ln/g1264/Y                            -       DN->Y   R     NAND4XXXB_X4M_A9TL      1   137   150    1560 
  gen_ln[6].u_ln/g1246/Y                            -       C0->Y   R     OA211_X4M_A9TL          1    65   139    1699 
  gen_ln[6].u_ln/g1240/Y                            -       A->Y    F     NAND2XB_X8M_A9TL        4    74    65    1764 
  gen_ln[6].u_ln/csa_tree_add_71_55_groupi_g907/Y   -       B0->Y   R     OAI21_X8M_A9TL          2   102    75    1840 
  gen_ln[6].u_ln/csa_tree_add_71_55_groupi_g891/Y   -       A0->Y   F     OAI2XB1_X8M_A9TL        2    70    75    1915 
  gen_ln[6].u_ln/csa_tree_add_71_55_groupi_g883/Y   -       A->Y    R     NAND2XB_X6M_A9TL        1    69    62    1976 
  gen_ln[6].u_ln/csa_tree_add_71_55_groupi_g871/Y   -       B0N->Y  F     AO21B_X6M_A9TL          2    75    69    2045 
  gen_ln[6].u_ln/csa_tree_add_71_55_groupi_g859/Y   -       S0->Y   F     MXIT2_X4M_A9TL          2   107   106    2151 
  gen_ln[6].u_ln/csa_tree_add_71_55_groupi_g849/Y   -       A->Y    R     NAND2XB_X6M_A9TL        2    66    71    2222 
  gen_ln[6].u_ln/csa_tree_add_71_55_groupi_g836/Y   -       A->Y    F     NAND2XB_X3M_A9TL        1    67    61    2283 
  gen_ln[6].u_ln/csa_tree_add_71_55_groupi_g835/Y   -       B->Y    R     NAND2_X6M_A9TL          2    72    75    2358 
  gen_ln[6].u_ln/csa_tree_add_71_55_groupi_g831/Y   -       B1->Y   R     AO1B2_X6M_A9TL          1    55   121    2480 
  gen_ln[6].u_ln/csa_tree_add_71_55_groupi_g828/Y   -       B0->Y   F     AOI21_X6M_A9TL          2    63    49    2528 
  gen_ln[6].u_ln/csa_tree_add_71_55_groupi_g823/Y   -       A0->Y   R     OAI2XB1_X4M_A9TL        1    89    78    2607 
  gen_ln[6].u_ln/csa_tree_add_71_55_groupi_g822/SUM -       CI->SUM F     ADDFH_X2M_A9TL          1    86   242    2849 
  gen_ln[6].u_ln/g667/Y                             -       A->Y    F     AND2_X8M_A9TL           1    50   115    2964 
  fopt7979/Y                                        -       A->Y    R     INV_X13M_A9TL           3    41    42    3006 
  g7619/Y                                           -       A->Y    F     NOR2_X8A_A9TL           2    48    37    3044 
  g8044/Y                                           -       B->Y    F     OR2_X4M_A9TL            1    48   118    3162 
  g7579/Y                                           -       A->Y    F     AND2_X11M_A9TL          2    38    92    3254 
  u_post_ln/g2630/Y                                 -       B->Y    R     NAND2_X3M_A9TL          1    58    55    3308 
  u_post_ln/g2609/Y                                 -       AN->Y   R     NOR2B_X4M_A9TL          1    59   101    3409 
  s1_exp_in_reg[6][6]/D                             -       -       R     SDFFRPQ_X2M_A9TL        1     -     0    3409 
#-----------------------------------------------------------------------------------------------------------------------



Path 10: VIOLATED (-394 ps) Setup Check with Pin s1_exp_in_reg[5][6]/CK->D
          Group: in2reg
     Startpoint: (F) x_in[5][4]
          Clock: (R) clk
       Endpoint: (R) s1_exp_in_reg[5][6]/D
          Clock: (R) clk

                     Capture       Launch     
        Clock Edge:+    3300            0     
        Drv Adjust:+       0           52     
       Src Latency:+       0            0     
       Net Latency:+       0 (I)        0 (I) 
           Arrival:=    3300           52     
                                              
             Setup:-     160                  
       Uncertainty:-     125                  
     Required Time:=    3015                  
      Launch Clock:-      52                  
       Input Delay:-     990                  
         Data Path:-    2367                  
             Slack:=    -394                  

Exceptions/Constraints:
  input_delay             990             dut.sdc_line_15_23_1   

#-----------------------------------------------------------------------------------------------------------------------------
#                      Timing Point                       Flags    Arc    Edge        Cell         Fanout Trans Delay Arrival 
#                                                                                                          (ps)  (ps)   (ps)  
#-----------------------------------------------------------------------------------------------------------------------------
  x_in[5][4]                                              -       -       F     (arrival)               5   105     0    1042 
  u_pre_ln/g1333/Y                                        -       A->Y    F     AND2_X6M_A9TL           1    44   124    1166 
  u_pre_ln/g1365/Y                                        -       A0->Y   R     AOI21_X8M_A9TL          4   158   120    1286 
  gen_ln[5].u_ln/g1315/Y                                  -       A->Y    F     INV_X4M_A9TL            2    71    77    1363 
  gen_ln[5].u_ln/g1314/Y                                  -       A->Y    R     INV_X6B_A9TL            2    42    47    1410 
  gen_ln[5].u_ln/g1264__2883/Y                            -       DN->Y   R     NAND4XXXB_X4M_A9TL      1   137   150    1560 
  gen_ln[5].u_ln/g1246__2802/Y                            -       C0->Y   R     OA211_X4M_A9TL          1    65   139    1699 
  gen_ln[5].u_ln/g1240__8428/Y                            -       A->Y    F     NAND2XB_X8M_A9TL        4    74    65    1764 
  gen_ln[5].u_ln/csa_tree_add_71_55_groupi_g907/Y         -       B0->Y   R     OAI21_X8M_A9TL          2   102    75    1840 
  gen_ln[5].u_ln/csa_tree_add_71_55_groupi_g891/Y         -       A0->Y   F     OAI2XB1_X8M_A9TL        2    70    75    1915 
  gen_ln[5].u_ln/csa_tree_add_71_55_groupi_g883/Y         -       A->Y    R     NAND2XB_X6M_A9TL        1    69    62    1976 
  gen_ln[5].u_ln/csa_tree_add_71_55_groupi_g871__6161/Y   -       B0N->Y  F     AO21B_X6M_A9TL          2    75    69    2045 
  gen_ln[5].u_ln/csa_tree_add_71_55_groupi_g859__1705/Y   -       S0->Y   F     MXIT2_X4M_A9TL          2   107   106    2151 
  gen_ln[5].u_ln/csa_tree_add_71_55_groupi_g849__8428/Y   -       A->Y    R     NAND2XB_X6M_A9TL        2    66    71    2222 
  gen_ln[5].u_ln/csa_tree_add_71_55_groupi_g836__1666/Y   -       A->Y    F     NAND2XB_X3M_A9TL        1    67    61    2283 
  gen_ln[5].u_ln/csa_tree_add_71_55_groupi_g835__2346/Y   -       B->Y    R     NAND2_X6M_A9TL          2    72    75    2358 
  gen_ln[5].u_ln/csa_tree_add_71_55_groupi_g831__9315/Y   -       B1->Y   R     AO1B2_X6M_A9TL          1    55   121    2480 
  gen_ln[5].u_ln/csa_tree_add_71_55_groupi_g828__7482/Y   -       B0->Y   F     AOI21_X6M_A9TL          2    63    49    2528 
  gen_ln[5].u_ln/csa_tree_add_71_55_groupi_g823__6131/Y   -       A0->Y   R     OAI2XB1_X4M_A9TL        1    89    78    2607 
  gen_ln[5].u_ln/csa_tree_add_71_55_groupi_g822__7098/SUM -       CI->SUM F     ADDFH_X2M_A9TL          1    86   242    2849 
  gen_ln[5].u_ln/g667__8428/Y                             -       A->Y    F     AND2_X8M_A9TL           1    50   115    2964 
  fopt7983/Y                                              -       A->Y    R     INV_X13M_A9TL           3    41    42    3006 
  g7621/Y                                                 -       A->Y    F     NOR2_X8A_A9TL           2    48    37    3044 
  g8046/Y                                                 -       B->Y    F     OR2_X4M_A9TL            1    48   118    3162 
  g7581/Y                                                 -       A->Y    F     AND2_X11M_A9TL          2    38    92    3254 
  u_post_ln/g2620/Y                                       -       B->Y    R     NAND2_X3M_A9TL          1    58    55    3308 
  u_post_ln/g2605/Y                                       -       AN->Y   R     NOR2B_X4M_A9TL          1    59   101    3409 
  s1_exp_in_reg[5][6]/D                                   -       -       R     SDFFRPQ_X2M_A9TL        1     -     0    3409 
#-----------------------------------------------------------------------------------------------------------------------------



Path 11: VIOLATED (-394 ps) Setup Check with Pin s1_exp_in_reg[4][6]/CK->D
          Group: in2reg
     Startpoint: (F) x_in[4][4]
          Clock: (R) clk
       Endpoint: (R) s1_exp_in_reg[4][6]/D
          Clock: (R) clk

                     Capture       Launch     
        Clock Edge:+    3300            0     
        Drv Adjust:+       0           52     
       Src Latency:+       0            0     
       Net Latency:+       0 (I)        0 (I) 
           Arrival:=    3300           52     
                                              
             Setup:-     160                  
       Uncertainty:-     125                  
     Required Time:=    3015                  
      Launch Clock:-      52                  
       Input Delay:-     990                  
         Data Path:-    2367                  
             Slack:=    -394                  

Exceptions/Constraints:
  input_delay             990             dut.sdc_line_15_31_1   

#-----------------------------------------------------------------------------------------------------------------------------
#                      Timing Point                       Flags    Arc    Edge        Cell         Fanout Trans Delay Arrival 
#                                                                                                          (ps)  (ps)   (ps)  
#-----------------------------------------------------------------------------------------------------------------------------
  x_in[4][4]                                              -       -       F     (arrival)               5   105     0    1042 
  u_pre_ln/g1331/Y                                        -       A->Y    F     AND2_X6M_A9TL           1    44   124    1166 
  u_pre_ln/g1366/Y                                        -       A0->Y   R     AOI21_X8M_A9TL          4   158   120    1286 
  gen_ln[4].u_ln/g1315/Y                                  -       A->Y    F     INV_X4M_A9TL            2    71    77    1363 
  gen_ln[4].u_ln/g1314/Y                                  -       A->Y    R     INV_X6B_A9TL            2    42    47    1410 
  gen_ln[4].u_ln/g1264__5115/Y                            -       DN->Y   R     NAND4XXXB_X4M_A9TL      1   137   150    1560 
  gen_ln[4].u_ln/g1246__4319/Y                            -       C0->Y   R     OA211_X4M_A9TL          1    65   139    1699 
  gen_ln[4].u_ln/g1240__6417/Y                            -       A->Y    F     NAND2XB_X8M_A9TL        4    74    65    1764 
  gen_ln[4].u_ln/csa_tree_add_71_55_groupi_g907__6783/Y   -       B0->Y   R     OAI21_X8M_A9TL          2   102    75    1840 
  gen_ln[4].u_ln/csa_tree_add_71_55_groupi_g891__6417/Y   -       A0->Y   F     OAI2XB1_X8M_A9TL        2    70    75    1915 
  gen_ln[4].u_ln/csa_tree_add_71_55_groupi_g883__9315/Y   -       A->Y    R     NAND2XB_X6M_A9TL        1    69    62    1976 
  gen_ln[4].u_ln/csa_tree_add_71_55_groupi_g871__7098/Y   -       B0N->Y  F     AO21B_X6M_A9TL          2    75    69    2045 
  gen_ln[4].u_ln/csa_tree_add_71_55_groupi_g859__8428/Y   -       S0->Y   F     MXIT2_X4M_A9TL          2   107   106    2151 
  gen_ln[4].u_ln/csa_tree_add_71_55_groupi_g849__6417/Y   -       A->Y    R     NAND2XB_X6M_A9TL        2    66    71    2222 
  gen_ln[4].u_ln/csa_tree_add_71_55_groupi_g836__4733/Y   -       A->Y    F     NAND2XB_X3M_A9TL        1    67    61    2283 
  gen_ln[4].u_ln/csa_tree_add_71_55_groupi_g835__7482/Y   -       B->Y    R     NAND2_X6M_A9TL          2    72    75    2358 
  gen_ln[4].u_ln/csa_tree_add_71_55_groupi_g831__6131/Y   -       B1->Y   R     AO1B2_X6M_A9TL          1    55   121    2480 
  gen_ln[4].u_ln/csa_tree_add_71_55_groupi_g828__5122/Y   -       B0->Y   F     AOI21_X6M_A9TL          2    63    49    2528 
  gen_ln[4].u_ln/csa_tree_add_71_55_groupi_g823__1617/Y   -       A0->Y   R     OAI2XB1_X4M_A9TL        1    89    78    2607 
  gen_ln[4].u_ln/csa_tree_add_71_55_groupi_g822__3680/SUM -       CI->SUM F     ADDFH_X2M_A9TL          1    86   242    2849 
  gen_ln[4].u_ln/g667__6417/Y                             -       A->Y    F     AND2_X8M_A9TL           1    50   115    2964 
  fopt7981/Y                                              -       A->Y    R     INV_X13M_A9TL           3    41    42    3006 
  g7620/Y                                                 -       A->Y    F     NOR2_X8A_A9TL           2    48    37    3044 
  g8045/Y                                                 -       B->Y    F     OR2_X4M_A9TL            1    48   118    3162 
  g7580/Y                                                 -       A->Y    F     AND2_X11M_A9TL          2    38    92    3254 
  u_post_ln/g2629/Y                                       -       B->Y    R     NAND2_X3M_A9TL          1    58    55    3308 
  u_post_ln/g2610/Y                                       -       AN->Y   R     NOR2B_X4M_A9TL          1    59   101    3409 
  s1_exp_in_reg[4][6]/D                                   -       -       R     SDFFRPQ_X2M_A9TL        1     -     0    3409 
#-----------------------------------------------------------------------------------------------------------------------------



Path 12: VIOLATED (-394 ps) Setup Check with Pin s1_exp_in_reg[3][6]/CK->D
          Group: in2reg
     Startpoint: (F) x_in[3][4]
          Clock: (R) clk
       Endpoint: (R) s1_exp_in_reg[3][6]/D
          Clock: (R) clk

                     Capture       Launch     
        Clock Edge:+    3300            0     
        Drv Adjust:+       0           52     
       Src Latency:+       0            0     
       Net Latency:+       0 (I)        0 (I) 
           Arrival:=    3300           52     
                                              
             Setup:-     160                  
       Uncertainty:-     125                  
     Required Time:=    3015                  
      Launch Clock:-      52                  
       Input Delay:-     990                  
         Data Path:-    2367                  
             Slack:=    -394                  

Exceptions/Constraints:
  input_delay             990             dut.sdc_line_15_39_1   

#-----------------------------------------------------------------------------------------------------------------------------
#                      Timing Point                       Flags    Arc    Edge        Cell         Fanout Trans Delay Arrival 
#                                                                                                          (ps)  (ps)   (ps)  
#-----------------------------------------------------------------------------------------------------------------------------
  x_in[3][4]                                              -       -       F     (arrival)               5   105     0    1042 
  u_pre_ln/g1338/Y                                        -       A->Y    F     AND2_X6M_A9TL           1    44   124    1166 
  u_pre_ln/g2/Y                                           -       A0->Y   R     AOI21_X8M_A9TL          4   158   120    1286 
  gen_ln[3].u_ln/g1315/Y                                  -       A->Y    F     INV_X4M_A9TL            2    71    77    1363 
  gen_ln[3].u_ln/g1314/Y                                  -       A->Y    R     INV_X6B_A9TL            2    42    47    1410 
  gen_ln[3].u_ln/g1264__1705/Y                            -       DN->Y   R     NAND4XXXB_X4M_A9TL      1   137   150    1560 
  gen_ln[3].u_ln/g1246__7410/Y                            -       C0->Y   R     OA211_X4M_A9TL          1    65   139    1699 
  gen_ln[3].u_ln/g1240__9315/Y                            -       A->Y    F     NAND2XB_X8M_A9TL        4    74    65    1764 
  gen_ln[3].u_ln/csa_tree_add_71_55_groupi_g907__2398/Y   -       B0->Y   R     OAI21_X8M_A9TL          2   102    75    1840 
  gen_ln[3].u_ln/csa_tree_add_71_55_groupi_g891__9315/Y   -       A0->Y   F     OAI2XB1_X8M_A9TL        2    70    75    1915 
  gen_ln[3].u_ln/csa_tree_add_71_55_groupi_g883__6131/Y   -       A->Y    R     NAND2XB_X6M_A9TL        1    69    62    1976 
  gen_ln[3].u_ln/csa_tree_add_71_55_groupi_g871__3680/Y   -       B0N->Y  F     AO21B_X6M_A9TL          2    75    69    2045 
  gen_ln[3].u_ln/csa_tree_add_71_55_groupi_g859__6417/Y   -       S0->Y   F     MXIT2_X4M_A9TL          2   107   106    2151 
  gen_ln[3].u_ln/csa_tree_add_71_55_groupi_g849__9315/Y   -       A->Y    R     NAND2XB_X6M_A9TL        2    66    71    2222 
  gen_ln[3].u_ln/csa_tree_add_71_55_groupi_g836__8246/Y   -       A->Y    F     NAND2XB_X3M_A9TL        1    67    61    2283 
  gen_ln[3].u_ln/csa_tree_add_71_55_groupi_g835__5122/Y   -       B->Y    R     NAND2_X6M_A9TL          2    72    75    2358 
  gen_ln[3].u_ln/csa_tree_add_71_55_groupi_g831__1617/Y   -       B1->Y   R     AO1B2_X6M_A9TL          1    55   121    2480 
  gen_ln[3].u_ln/csa_tree_add_71_55_groupi_g828__5526/Y   -       B0->Y   F     AOI21_X6M_A9TL          2    63    49    2528 
  gen_ln[3].u_ln/csa_tree_add_71_55_groupi_g823__6260/Y   -       A0->Y   R     OAI2XB1_X4M_A9TL        1    89    78    2607 
  gen_ln[3].u_ln/csa_tree_add_71_55_groupi_g822__5107/SUM -       CI->SUM F     ADDFH_X2M_A9TL          1    86   242    2849 
  gen_ln[3].u_ln/g667__9315/Y                             -       A->Y    F     AND2_X8M_A9TL           1    50   115    2964 
  fopt7991/Y                                              -       A->Y    R     INV_X13M_A9TL           3    41    42    3006 
  g7625/Y                                                 -       A->Y    F     NOR2_X8A_A9TL           2    48    37    3044 
  g8050/Y                                                 -       B->Y    F     OR2_X4M_A9TL            1    48   118    3162 
  g7585/Y                                                 -       A->Y    F     AND2_X11M_A9TL          2    38    92    3254 
  u_post_ln/g2619/Y                                       -       B->Y    R     NAND2_X3M_A9TL          1    58    55    3308 
  u_post_ln/g2607/Y                                       -       AN->Y   R     NOR2B_X4M_A9TL          1    59   101    3409 
  s1_exp_in_reg[3][6]/D                                   -       -       R     SDFFRPQ_X2M_A9TL        1     -     0    3409 
#-----------------------------------------------------------------------------------------------------------------------------



Path 13: VIOLATED (-394 ps) Setup Check with Pin s1_exp_in_reg[2][6]/CK->D
          Group: in2reg
     Startpoint: (F) x_in[2][4]
          Clock: (R) clk
       Endpoint: (R) s1_exp_in_reg[2][6]/D
          Clock: (R) clk

                     Capture       Launch     
        Clock Edge:+    3300            0     
        Drv Adjust:+       0           52     
       Src Latency:+       0            0     
       Net Latency:+       0 (I)        0 (I) 
           Arrival:=    3300           52     
                                              
             Setup:-     160                  
       Uncertainty:-     125                  
     Required Time:=    3015                  
      Launch Clock:-      52                  
       Input Delay:-     990                  
         Data Path:-    2367                  
             Slack:=    -394                  

Exceptions/Constraints:
  input_delay             990             dut.sdc_line_15_47_1   

#-----------------------------------------------------------------------------------------------------------------------------
#                      Timing Point                       Flags    Arc    Edge        Cell         Fanout Trans Delay Arrival 
#                                                                                                          (ps)  (ps)   (ps)  
#-----------------------------------------------------------------------------------------------------------------------------
  x_in[2][4]                                              -       -       F     (arrival)               5   105     0    1042 
  u_pre_ln/g1332/Y                                        -       A->Y    F     AND2_X6M_A9TL           1    44   124    1166 
  u_pre_ln/g1368/Y                                        -       A0->Y   R     AOI21_X8M_A9TL          4   158   120    1286 
  gen_ln[2].u_ln/g1315/Y                                  -       A->Y    F     INV_X4M_A9TL            2    71    77    1363 
  gen_ln[2].u_ln/g1314/Y                                  -       A->Y    R     INV_X6B_A9TL            2    42    47    1410 
  gen_ln[2].u_ln/g1264__8428/Y                            -       DN->Y   R     NAND4XXXB_X4M_A9TL      1   137   150    1560 
  gen_ln[2].u_ln/g1246__6161/Y                            -       C0->Y   R     OA211_X4M_A9TL          1    65   139    1699 
  gen_ln[2].u_ln/g1240__6131/Y                            -       A->Y    F     NAND2XB_X8M_A9TL        4    74    65    1764 
  gen_ln[2].u_ln/csa_tree_add_71_55_groupi_g907__2883/Y   -       B0->Y   R     OAI21_X8M_A9TL          2   102    75    1840 
  gen_ln[2].u_ln/csa_tree_add_71_55_groupi_g891__6131/Y   -       A0->Y   F     OAI2XB1_X8M_A9TL        2    70    75    1915 
  gen_ln[2].u_ln/csa_tree_add_71_55_groupi_g883__1617/Y   -       A->Y    R     NAND2XB_X6M_A9TL        1    69    62    1976 
  gen_ln[2].u_ln/csa_tree_add_71_55_groupi_g871__5107/Y   -       B0N->Y  F     AO21B_X6M_A9TL          2    75    69    2045 
  gen_ln[2].u_ln/csa_tree_add_71_55_groupi_g859__9315/Y   -       S0->Y   F     MXIT2_X4M_A9TL          2   107   106    2151 
  gen_ln[2].u_ln/csa_tree_add_71_55_groupi_g849__6131/Y   -       A->Y    R     NAND2XB_X6M_A9TL        2    66    71    2222 
  gen_ln[2].u_ln/csa_tree_add_71_55_groupi_g836__6783/Y   -       A->Y    F     NAND2XB_X3M_A9TL        1    67    61    2283 
  gen_ln[2].u_ln/csa_tree_add_71_55_groupi_g835__5526/Y   -       B->Y    R     NAND2_X6M_A9TL          2    72    75    2358 
  gen_ln[2].u_ln/csa_tree_add_71_55_groupi_g831__6260/Y   -       B1->Y   R     AO1B2_X6M_A9TL          1    55   121    2480 
  gen_ln[2].u_ln/csa_tree_add_71_55_groupi_g828__5477/Y   -       B0->Y   F     AOI21_X6M_A9TL          2    63    49    2528 
  gen_ln[2].u_ln/csa_tree_add_71_55_groupi_g823__1666/Y   -       A0->Y   R     OAI2XB1_X4M_A9TL        1    89    78    2607 
  gen_ln[2].u_ln/csa_tree_add_71_55_groupi_g822__2346/SUM -       CI->SUM F     ADDFH_X2M_A9TL          1    86   242    2849 
  gen_ln[2].u_ln/g667__6131/Y                             -       A->Y    F     AND2_X8M_A9TL           1    50   115    2964 
  fopt7993/Y                                              -       A->Y    R     INV_X13M_A9TL           3    41    42    3006 
  g7622/Y                                                 -       A->Y    F     NOR2_X8A_A9TL           2    48    37    3044 
  g8047/Y                                                 -       B->Y    F     OR2_X4M_A9TL            1    48   118    3162 
  g7582/Y                                                 -       A->Y    F     AND2_X11M_A9TL          2    38    92    3254 
  u_post_ln/g2618/Y                                       -       B->Y    R     NAND2_X3M_A9TL          1    58    55    3308 
  u_post_ln/g2608/Y                                       -       AN->Y   R     NOR2B_X4M_A9TL          1    59   101    3409 
  s1_exp_in_reg[2][6]/D                                   -       -       R     SDFFRPQ_X2M_A9TL        1     -     0    3409 
#-----------------------------------------------------------------------------------------------------------------------------



Path 14: VIOLATED (-394 ps) Setup Check with Pin s1_exp_in_reg[1][6]/CK->D
          Group: in2reg
     Startpoint: (F) x_in[1][4]
          Clock: (R) clk
       Endpoint: (R) s1_exp_in_reg[1][6]/D
          Clock: (R) clk

                     Capture       Launch     
        Clock Edge:+    3300            0     
        Drv Adjust:+       0           52     
       Src Latency:+       0            0     
       Net Latency:+       0 (I)        0 (I) 
           Arrival:=    3300           52     
                                              
             Setup:-     160                  
       Uncertainty:-     125                  
     Required Time:=    3015                  
      Launch Clock:-      52                  
       Input Delay:-     990                  
         Data Path:-    2367                  
             Slack:=    -394                  

Exceptions/Constraints:
  input_delay             990             dut.sdc_line_15_55_1   

#-----------------------------------------------------------------------------------------------------------------------------
#                      Timing Point                       Flags    Arc    Edge        Cell         Fanout Trans Delay Arrival 
#                                                                                                          (ps)  (ps)   (ps)  
#-----------------------------------------------------------------------------------------------------------------------------
  x_in[1][4]                                              -       -       F     (arrival)               5   105     0    1042 
  u_pre_ln/g1334/Y                                        -       A->Y    F     AND2_X6M_A9TL           1    44   124    1166 
  u_pre_ln/g1363/Y                                        -       A0->Y   R     AOI21_X8M_A9TL          4   158   120    1286 
  gen_ln[1].u_ln/g1315/Y                                  -       A->Y    F     INV_X4M_A9TL            2    71    77    1363 
  gen_ln[1].u_ln/g1314/Y                                  -       A->Y    R     INV_X6B_A9TL            2    42    47    1410 
  gen_ln[1].u_ln/g1264__6417/Y                            -       DN->Y   R     NAND4XXXB_X4M_A9TL      1   137   150    1560 
  gen_ln[1].u_ln/g1246__7098/Y                            -       C0->Y   R     OA211_X4M_A9TL          1    65   139    1699 
  gen_ln[1].u_ln/g1240__1617/Y                            -       A->Y    F     NAND2XB_X8M_A9TL        4    74    65    1764 
  gen_ln[1].u_ln/csa_tree_add_71_55_groupi_g907__5115/Y   -       B0->Y   R     OAI21_X8M_A9TL          2   102    75    1840 
  gen_ln[1].u_ln/csa_tree_add_71_55_groupi_g891__1617/Y   -       A0->Y   F     OAI2XB1_X8M_A9TL        2    70    75    1915 
  gen_ln[1].u_ln/csa_tree_add_71_55_groupi_g883__6260/Y   -       A->Y    R     NAND2XB_X6M_A9TL        1    69    62    1976 
  gen_ln[1].u_ln/csa_tree_add_71_55_groupi_g871__2346/Y   -       B0N->Y  F     AO21B_X6M_A9TL          2    75    69    2045 
  gen_ln[1].u_ln/csa_tree_add_71_55_groupi_g859__6131/Y   -       S0->Y   F     MXIT2_X4M_A9TL          2   107   106    2151 
  gen_ln[1].u_ln/csa_tree_add_71_55_groupi_g849__1617/Y   -       A->Y    R     NAND2XB_X6M_A9TL        2    66    71    2222 
  gen_ln[1].u_ln/csa_tree_add_71_55_groupi_g836__2398/Y   -       A->Y    F     NAND2XB_X3M_A9TL        1    67    61    2283 
  gen_ln[1].u_ln/csa_tree_add_71_55_groupi_g835__5477/Y   -       B->Y    R     NAND2_X6M_A9TL          2    72    75    2358 
  gen_ln[1].u_ln/csa_tree_add_71_55_groupi_g831__1666/Y   -       B1->Y   R     AO1B2_X6M_A9TL          1    55   121    2480 
  gen_ln[1].u_ln/csa_tree_add_71_55_groupi_g828__9945/Y   -       B0->Y   F     AOI21_X6M_A9TL          2    63    49    2528 
  gen_ln[1].u_ln/csa_tree_add_71_55_groupi_g823__4733/Y   -       A0->Y   R     OAI2XB1_X4M_A9TL        1    89    78    2607 
  gen_ln[1].u_ln/csa_tree_add_71_55_groupi_g822__7482/SUM -       CI->SUM F     ADDFH_X2M_A9TL          1    86   242    2849 
  gen_ln[1].u_ln/g667__1617/Y                             -       A->Y    F     AND2_X8M_A9TL           1    50   115    2964 
  fopt7989/Y                                              -       A->Y    R     INV_X13M_A9TL           3    41    42    3006 
  g7624/Y                                                 -       A->Y    F     NOR2_X8A_A9TL           2    48    37    3044 
  g8049/Y                                                 -       B->Y    F     OR2_X4M_A9TL            1    48   118    3162 
  g7584/Y                                                 -       A->Y    F     AND2_X11M_A9TL          2    38    92    3254 
  u_post_ln/g2631/Y                                       -       B->Y    R     NAND2_X3M_A9TL          1    58    55    3308 
  u_post_ln/g2611/Y                                       -       AN->Y   R     NOR2B_X4M_A9TL          1    59   101    3409 
  s1_exp_in_reg[1][6]/D                                   -       -       R     SDFFRPQ_X2M_A9TL        1     -     0    3409 
#-----------------------------------------------------------------------------------------------------------------------------



Path 15: VIOLATED (-394 ps) Setup Check with Pin s1_exp_in_reg[0][6]/CK->D
          Group: in2reg
     Startpoint: (F) x_in[0][4]
          Clock: (R) clk
       Endpoint: (R) s1_exp_in_reg[0][6]/D
          Clock: (R) clk

                     Capture       Launch     
        Clock Edge:+    3300            0     
        Drv Adjust:+       0           52     
       Src Latency:+       0            0     
       Net Latency:+       0 (I)        0 (I) 
           Arrival:=    3300           52     
                                              
             Setup:-     160                  
       Uncertainty:-     125                  
     Required Time:=    3015                  
      Launch Clock:-      52                  
       Input Delay:-     990                  
         Data Path:-    2367                  
             Slack:=    -394                  

Exceptions/Constraints:
  input_delay             990             dut.sdc_line_15_63_1   

#-----------------------------------------------------------------------------------------------------------------------------
#                      Timing Point                       Flags    Arc    Edge        Cell         Fanout Trans Delay Arrival 
#                                                                                                          (ps)  (ps)   (ps)  
#-----------------------------------------------------------------------------------------------------------------------------
  x_in[0][4]                                              -       -       F     (arrival)               5   105     0    1042 
  u_pre_ln/g1336/Y                                        -       A->Y    F     AND2_X6M_A9TL           1    44   124    1166 
  u_pre_ln/g1369/Y                                        -       A0->Y   R     AOI21_X8M_A9TL          4   158   120    1286 
  gen_ln[0].u_ln/g1315/Y                                  -       A->Y    F     INV_X4M_A9TL            2    71    77    1363 
  gen_ln[0].u_ln/g1314/Y                                  -       A->Y    R     INV_X6B_A9TL            2    42    47    1410 
  gen_ln[0].u_ln/g1264__9315/Y                            -       DN->Y   R     NAND4XXXB_X4M_A9TL      1   137   150    1560 
  gen_ln[0].u_ln/g1246__3680/Y                            -       C0->Y   R     OA211_X4M_A9TL          1    65   139    1699 
  gen_ln[0].u_ln/g1240__6260/Y                            -       A->Y    F     NAND2XB_X8M_A9TL        4    74    65    1764 
  gen_ln[0].u_ln/csa_tree_add_71_55_groupi_g907__1705/Y   -       B0->Y   R     OAI21_X8M_A9TL          2   102    75    1840 
  gen_ln[0].u_ln/csa_tree_add_71_55_groupi_g891__6260/Y   -       A0->Y   F     OAI2XB1_X8M_A9TL        2    70    75    1915 
  gen_ln[0].u_ln/csa_tree_add_71_55_groupi_g883__1666/Y   -       A->Y    R     NAND2XB_X6M_A9TL        1    69    62    1976 
  gen_ln[0].u_ln/csa_tree_add_71_55_groupi_g871__7482/Y   -       B0N->Y  F     AO21B_X6M_A9TL          2    75    69    2045 
  gen_ln[0].u_ln/csa_tree_add_71_55_groupi_g859__1617/Y   -       S0->Y   F     MXIT2_X4M_A9TL          2   107   106    2151 
  gen_ln[0].u_ln/csa_tree_add_71_55_groupi_g849__6260/Y   -       A->Y    R     NAND2XB_X6M_A9TL        2    66    71    2222 
  gen_ln[0].u_ln/csa_tree_add_71_55_groupi_g836__2883/Y   -       A->Y    F     NAND2XB_X3M_A9TL        1    67    61    2283 
  gen_ln[0].u_ln/csa_tree_add_71_55_groupi_g835__9945/Y   -       B->Y    R     NAND2_X6M_A9TL          2    72    75    2358 
  gen_ln[0].u_ln/csa_tree_add_71_55_groupi_g831__4733/Y   -       B1->Y   R     AO1B2_X6M_A9TL          1    55   121    2480 
  gen_ln[0].u_ln/csa_tree_add_71_55_groupi_g828__1881/Y   -       B0->Y   F     AOI21_X6M_A9TL          2    63    49    2528 
  gen_ln[0].u_ln/csa_tree_add_71_55_groupi_g823__8246/Y   -       A0->Y   R     OAI2XB1_X4M_A9TL        1    89    78    2607 
  gen_ln[0].u_ln/csa_tree_add_71_55_groupi_g822__5122/SUM -       CI->SUM F     ADDFH_X2M_A9TL          1    86   242    2849 
  gen_ln[0].u_ln/g667__6260/Y                             -       A->Y    F     AND2_X8M_A9TL           1    50   115    2964 
  fopt7987/Y                                              -       A->Y    R     INV_X13M_A9TL           3    41    42    3006 
  g7623/Y                                                 -       A->Y    F     NOR2_X8A_A9TL           2    48    37    3044 
  g8048/Y                                                 -       B->Y    F     OR2_X4M_A9TL            1    48   118    3162 
  g7583/Y                                                 -       A->Y    F     AND2_X11M_A9TL          2    38    92    3254 
  u_post_ln/g2632/Y                                       -       B->Y    R     NAND2_X3M_A9TL          1    58    55    3308 
  u_post_ln/g2612/Y                                       -       AN->Y   R     NOR2B_X4M_A9TL          1    59   101    3409 
  s1_exp_in_reg[0][6]/D                                   -       -       R     SDFFRPQ_X2M_A9TL        1     -     0    3409 
#-----------------------------------------------------------------------------------------------------------------------------



Path 16: VIOLATED (-394 ps) Setup Check with Pin s1_exp_in_reg[6][6]/CK->D
          Group: in2reg
     Startpoint: (F) x_in[6][4]
          Clock: (R) clk
       Endpoint: (F) s1_exp_in_reg[6][6]/D
          Clock: (R) clk

                     Capture       Launch     
        Clock Edge:+    3300            0     
        Drv Adjust:+       0           52     
       Src Latency:+       0            0     
       Net Latency:+       0 (I)        0 (I) 
           Arrival:=    3300           52     
                                              
             Setup:-     156                  
       Uncertainty:-     125                  
     Required Time:=    3019                  
      Launch Clock:-      52                  
       Input Delay:-     990                  
         Data Path:-    2371                  
             Slack:=    -394                  

Exceptions/Constraints:
  input_delay             990             dut.sdc_line_15_15_1   

#---------------------------------------------------------------------------------------------------------------------
#                   Timing Point                    Flags    Arc    Edge       Cell        Fanout Trans Delay Arrival 
#                                                                                                  (ps)  (ps)   (ps)  
#---------------------------------------------------------------------------------------------------------------------
  x_in[6][4]                                        -       -       F     (arrival)             5   105     0    1042 
  u_pre_ln/g1335/Y                                  -       A->Y    F     AND2_X6M_A9TL         1    44   124    1166 
  u_pre_ln/g1364/Y                                  -       A0->Y   R     AOI21_X8M_A9TL        4   158   120    1286 
  gen_ln[6].u_ln/g1311/Y                            -       A->Y    F     NOR2_X8A_A9TL         3   104    80    1366 
  gen_ln[6].u_ln/g1288/Y                            -       A->Y    R     NAND2_X8M_A9TL        2    80    84    1450 
  gen_ln[6].u_ln/g1284/Y                            -       A->Y    F     INV_X7P5M_A9TL        3    42    48    1498 
  gen_ln[6].u_ln/g1283/Y                            -       A->Y    R     INV_X5M_A9TL          2    58    52    1550 
  gen_ln[6].u_ln/g1268/Y                            -       A->Y    F     NOR2XB_X8M_A9TL       2    54    47    1597 
  gen_ln[6].u_ln/fopt3/Y                            -       A->Y    R     INV_X4M_A9TL          4    69    65    1661 
  gen_ln[6].u_ln/fopt1341/Y                         -       A->Y    F     INV_X4M_A9TL          2    32    39    1700 
  gen_ln[6].u_ln/csa_tree_add_71_55_groupi_g912/Y   -       S0->Y   R     MXIT2_X0P7M_A9TL      1   365   179    1879 
  gen_ln[6].u_ln/csa_tree_add_71_55_groupi_g943/Y   -       A->Y    R     XOR2_X3M_A9TL         2   171   154    2033 
  gen_ln[6].u_ln/csa_tree_add_71_55_groupi_g846/Y   -       BN->Y   R     NAND2XB_X2M_A9TL      2   111   179    2212 
  gen_ln[6].u_ln/csa_tree_add_71_55_groupi_g840/Y   -       B->Y    R     AND2_X3M_A9TL         2    90   143    2355 
  gen_ln[6].u_ln/csa_tree_add_71_55_groupi_g831/Y   -       B0->Y   R     AO1B2_X6M_A9TL        1    55   124    2479 
  gen_ln[6].u_ln/csa_tree_add_71_55_groupi_g828/Y   -       B0->Y   F     AOI21_X6M_A9TL        2    63    49    2528 
  gen_ln[6].u_ln/csa_tree_add_71_55_groupi_g823/Y   -       A0->Y   R     OAI2XB1_X4M_A9TL      1    89    78    2606 
  gen_ln[6].u_ln/csa_tree_add_71_55_groupi_g822/SUM -       CI->SUM F     ADDFH_X2M_A9TL        1    86   242    2849 
  gen_ln[6].u_ln/g667/Y                             -       A->Y    F     AND2_X8M_A9TL         1    50   115    2964 
  fopt7979/Y                                        -       A->Y    R     INV_X13M_A9TL         3    41    42    3006 
  g7619/Y                                           -       A->Y    F     NOR2_X8A_A9TL         2    48    37    3043 
  g7595/Y                                           -       B0->Y   R     AOI21_X4M_A9TL        1    96    82    3125 
  u_post_ln/g2802/Y                                 -       A->Y    F     INV_X4M_A9TL          2    46    51    3176 
  u_post_ln/g2650/Y                                 -       B->Y    R     NAND2_X6M_A9TL        3    89    77    3253 
  u_post_ln/g2630/Y                                 -       A->Y    F     NAND2_X3M_A9TL        1    48    50    3303 
  u_post_ln/g2609/Y                                 -       AN->Y   F     NOR2B_X4M_A9TL        1    46   110    3413 
  s1_exp_in_reg[6][6]/D                             -       -       F     SDFFRPQ_X2M_A9TL      1     -     0    3413 
#---------------------------------------------------------------------------------------------------------------------



Path 17: VIOLATED (-394 ps) Setup Check with Pin s1_exp_in_reg[5][6]/CK->D
          Group: in2reg
     Startpoint: (F) x_in[5][4]
          Clock: (R) clk
       Endpoint: (F) s1_exp_in_reg[5][6]/D
          Clock: (R) clk

                     Capture       Launch     
        Clock Edge:+    3300            0     
        Drv Adjust:+       0           52     
       Src Latency:+       0            0     
       Net Latency:+       0 (I)        0 (I) 
           Arrival:=    3300           52     
                                              
             Setup:-     156                  
       Uncertainty:-     125                  
     Required Time:=    3019                  
      Launch Clock:-      52                  
       Input Delay:-     990                  
         Data Path:-    2371                  
             Slack:=    -394                  

Exceptions/Constraints:
  input_delay             990             dut.sdc_line_15_23_1   

#---------------------------------------------------------------------------------------------------------------------------
#                      Timing Point                       Flags    Arc    Edge       Cell        Fanout Trans Delay Arrival 
#                                                                                                        (ps)  (ps)   (ps)  
#---------------------------------------------------------------------------------------------------------------------------
  x_in[5][4]                                              -       -       F     (arrival)             5   105     0    1042 
  u_pre_ln/g1333/Y                                        -       A->Y    F     AND2_X6M_A9TL         1    44   124    1166 
  u_pre_ln/g1365/Y                                        -       A0->Y   R     AOI21_X8M_A9TL        4   158   120    1286 
  gen_ln[5].u_ln/g1311__7410/Y                            -       A->Y    F     NOR2_X8A_A9TL         3   104    80    1366 
  gen_ln[5].u_ln/g1288__1705/Y                            -       A->Y    R     NAND2_X8M_A9TL        2    80    84    1450 
  gen_ln[5].u_ln/g1284/Y                                  -       A->Y    F     INV_X7P5M_A9TL        3    42    48    1498 
  gen_ln[5].u_ln/g1283/Y                                  -       A->Y    R     INV_X5M_A9TL          2    58    52    1550 
  gen_ln[5].u_ln/g1268__6417/Y                            -       A->Y    F     NOR2XB_X8M_A9TL       2    54    47    1597 
  gen_ln[5].u_ln/fopt3/Y                                  -       A->Y    R     INV_X4M_A9TL          4    69    65    1661 
  gen_ln[5].u_ln/fopt1341/Y                               -       A->Y    F     INV_X4M_A9TL          2    32    39    1700 
  gen_ln[5].u_ln/csa_tree_add_71_55_groupi_g912/Y         -       S0->Y   R     MXIT2_X0P7M_A9TL      1   365   179    1879 
  gen_ln[5].u_ln/csa_tree_add_71_55_groupi_g943/Y         -       A->Y    R     XOR2_X3M_A9TL         2   171   154    2033 
  gen_ln[5].u_ln/csa_tree_add_71_55_groupi_g846__4319/Y   -       BN->Y   R     NAND2XB_X2M_A9TL      2   111   179    2212 
  gen_ln[5].u_ln/csa_tree_add_71_55_groupi_g840__5477/Y   -       B->Y    R     AND2_X3M_A9TL         2    90   143    2355 
  gen_ln[5].u_ln/csa_tree_add_71_55_groupi_g831__9315/Y   -       B0->Y   R     AO1B2_X6M_A9TL        1    55   124    2479 
  gen_ln[5].u_ln/csa_tree_add_71_55_groupi_g828__7482/Y   -       B0->Y   F     AOI21_X6M_A9TL        2    63    49    2528 
  gen_ln[5].u_ln/csa_tree_add_71_55_groupi_g823__6131/Y   -       A0->Y   R     OAI2XB1_X4M_A9TL      1    89    78    2606 
  gen_ln[5].u_ln/csa_tree_add_71_55_groupi_g822__7098/SUM -       CI->SUM F     ADDFH_X2M_A9TL        1    86   242    2849 
  gen_ln[5].u_ln/g667__8428/Y                             -       A->Y    F     AND2_X8M_A9TL         1    50   115    2964 
  fopt7983/Y                                              -       A->Y    R     INV_X13M_A9TL         3    41    42    3006 
  g7621/Y                                                 -       A->Y    F     NOR2_X8A_A9TL         2    48    37    3043 
  g7597/Y                                                 -       B0->Y   R     AOI21_X4M_A9TL        1    96    82    3125 
  u_post_ln/g2776/Y                                       -       A->Y    F     INV_X4M_A9TL          2    46    51    3176 
  u_post_ln/g2651/Y                                       -       B->Y    R     NAND2_X6M_A9TL        3    89    77    3253 
  u_post_ln/g2620/Y                                       -       A->Y    F     NAND2_X3M_A9TL        1    48    50    3303 
  u_post_ln/g2605/Y                                       -       AN->Y   F     NOR2B_X4M_A9TL        1    46   110    3413 
  s1_exp_in_reg[5][6]/D                                   -       -       F     SDFFRPQ_X2M_A9TL      1     -     0    3413 
#---------------------------------------------------------------------------------------------------------------------------



Path 18: VIOLATED (-394 ps) Setup Check with Pin s1_exp_in_reg[4][6]/CK->D
          Group: in2reg
     Startpoint: (F) x_in[4][4]
          Clock: (R) clk
       Endpoint: (F) s1_exp_in_reg[4][6]/D
          Clock: (R) clk

                     Capture       Launch     
        Clock Edge:+    3300            0     
        Drv Adjust:+       0           52     
       Src Latency:+       0            0     
       Net Latency:+       0 (I)        0 (I) 
           Arrival:=    3300           52     
                                              
             Setup:-     156                  
       Uncertainty:-     125                  
     Required Time:=    3019                  
      Launch Clock:-      52                  
       Input Delay:-     990                  
         Data Path:-    2371                  
             Slack:=    -394                  

Exceptions/Constraints:
  input_delay             990             dut.sdc_line_15_31_1   

#---------------------------------------------------------------------------------------------------------------------------
#                      Timing Point                       Flags    Arc    Edge       Cell        Fanout Trans Delay Arrival 
#                                                                                                        (ps)  (ps)   (ps)  
#---------------------------------------------------------------------------------------------------------------------------
  x_in[4][4]                                              -       -       F     (arrival)             5   105     0    1042 
  u_pre_ln/g1331/Y                                        -       A->Y    F     AND2_X6M_A9TL         1    44   124    1166 
  u_pre_ln/g1366/Y                                        -       A0->Y   R     AOI21_X8M_A9TL        4   158   120    1286 
  gen_ln[4].u_ln/g1311__6161/Y                            -       A->Y    F     NOR2_X8A_A9TL         3   104    80    1366 
  gen_ln[4].u_ln/g1288__8428/Y                            -       A->Y    R     NAND2_X8M_A9TL        2    80    84    1450 
  gen_ln[4].u_ln/g1284/Y                                  -       A->Y    F     INV_X7P5M_A9TL        3    42    48    1498 
  gen_ln[4].u_ln/g1283/Y                                  -       A->Y    R     INV_X5M_A9TL          2    58    52    1550 
  gen_ln[4].u_ln/g1268__9315/Y                            -       A->Y    F     NOR2XB_X8M_A9TL       2    54    47    1597 
  gen_ln[4].u_ln/fopt3/Y                                  -       A->Y    R     INV_X4M_A9TL          4    69    65    1661 
  gen_ln[4].u_ln/fopt1341/Y                               -       A->Y    F     INV_X4M_A9TL          2    32    39    1700 
  gen_ln[4].u_ln/csa_tree_add_71_55_groupi_g912__1705/Y   -       S0->Y   R     MXIT2_X0P7M_A9TL      1   365   179    1879 
  gen_ln[4].u_ln/csa_tree_add_71_55_groupi_g943__5107/Y   -       A->Y    R     XOR2_X3M_A9TL         2   171   154    2033 
  gen_ln[4].u_ln/csa_tree_add_71_55_groupi_g846__7410/Y   -       BN->Y   R     NAND2XB_X2M_A9TL      2   111   179    2212 
  gen_ln[4].u_ln/csa_tree_add_71_55_groupi_g840__9945/Y   -       B->Y    R     AND2_X3M_A9TL         2    90   143    2355 
  gen_ln[4].u_ln/csa_tree_add_71_55_groupi_g831__6131/Y   -       B0->Y   R     AO1B2_X6M_A9TL        1    55   124    2479 
  gen_ln[4].u_ln/csa_tree_add_71_55_groupi_g828__5122/Y   -       B0->Y   F     AOI21_X6M_A9TL        2    63    49    2528 
  gen_ln[4].u_ln/csa_tree_add_71_55_groupi_g823__1617/Y   -       A0->Y   R     OAI2XB1_X4M_A9TL      1    89    78    2606 
  gen_ln[4].u_ln/csa_tree_add_71_55_groupi_g822__3680/SUM -       CI->SUM F     ADDFH_X2M_A9TL        1    86   242    2849 
  gen_ln[4].u_ln/g667__6417/Y                             -       A->Y    F     AND2_X8M_A9TL         1    50   115    2964 
  fopt7981/Y                                              -       A->Y    R     INV_X13M_A9TL         3    41    42    3006 
  g7620/Y                                                 -       A->Y    F     NOR2_X8A_A9TL         2    48    37    3043 
  g7596/Y                                                 -       B0->Y   R     AOI21_X4M_A9TL        1    96    82    3125 
  u_post_ln/g2774/Y                                       -       A->Y    F     INV_X4M_A9TL          2    46    51    3176 
  u_post_ln/g2659/Y                                       -       B->Y    R     NAND2_X6M_A9TL        3    89    77    3253 
  u_post_ln/g2629/Y                                       -       A->Y    F     NAND2_X3M_A9TL        1    48    50    3303 
  u_post_ln/g2610/Y                                       -       AN->Y   F     NOR2B_X4M_A9TL        1    46   110    3413 
  s1_exp_in_reg[4][6]/D                                   -       -       F     SDFFRPQ_X2M_A9TL      1     -     0    3413 
#---------------------------------------------------------------------------------------------------------------------------



Path 19: VIOLATED (-394 ps) Setup Check with Pin s1_exp_in_reg[3][6]/CK->D
          Group: in2reg
     Startpoint: (F) x_in[3][4]
          Clock: (R) clk
       Endpoint: (F) s1_exp_in_reg[3][6]/D
          Clock: (R) clk

                     Capture       Launch     
        Clock Edge:+    3300            0     
        Drv Adjust:+       0           52     
       Src Latency:+       0            0     
       Net Latency:+       0 (I)        0 (I) 
           Arrival:=    3300           52     
                                              
             Setup:-     156                  
       Uncertainty:-     125                  
     Required Time:=    3019                  
      Launch Clock:-      52                  
       Input Delay:-     990                  
         Data Path:-    2371                  
             Slack:=    -394                  

Exceptions/Constraints:
  input_delay             990             dut.sdc_line_15_39_1   

#---------------------------------------------------------------------------------------------------------------------------
#                      Timing Point                       Flags    Arc    Edge       Cell        Fanout Trans Delay Arrival 
#                                                                                                        (ps)  (ps)   (ps)  
#---------------------------------------------------------------------------------------------------------------------------
  x_in[3][4]                                              -       -       F     (arrival)             5   105     0    1042 
  u_pre_ln/g1338/Y                                        -       A->Y    F     AND2_X6M_A9TL         1    44   124    1166 
  u_pre_ln/g2/Y                                           -       A0->Y   R     AOI21_X8M_A9TL        4   158   120    1286 
  gen_ln[3].u_ln/g1311__7098/Y                            -       A->Y    F     NOR2_X8A_A9TL         3   104    80    1366 
  gen_ln[3].u_ln/g1288__6417/Y                            -       A->Y    R     NAND2_X8M_A9TL        2    80    84    1450 
  gen_ln[3].u_ln/g1284/Y                                  -       A->Y    F     INV_X7P5M_A9TL        3    42    48    1498 
  gen_ln[3].u_ln/g1283/Y                                  -       A->Y    R     INV_X5M_A9TL          2    58    52    1550 
  gen_ln[3].u_ln/g1268__6131/Y                            -       A->Y    F     NOR2XB_X8M_A9TL       2    54    47    1597 
  gen_ln[3].u_ln/fopt3/Y                                  -       A->Y    R     INV_X4M_A9TL          4    69    65    1661 
  gen_ln[3].u_ln/fopt1341/Y                               -       A->Y    F     INV_X4M_A9TL          2    32    39    1700 
  gen_ln[3].u_ln/csa_tree_add_71_55_groupi_g912__8428/Y   -       S0->Y   R     MXIT2_X0P7M_A9TL      1   365   179    1879 
  gen_ln[3].u_ln/csa_tree_add_71_55_groupi_g943__2346/Y   -       A->Y    R     XOR2_X3M_A9TL         2   171   154    2033 
  gen_ln[3].u_ln/csa_tree_add_71_55_groupi_g846__6161/Y   -       BN->Y   R     NAND2XB_X2M_A9TL      2   111   179    2212 
  gen_ln[3].u_ln/csa_tree_add_71_55_groupi_g840__1881/Y   -       B->Y    R     AND2_X3M_A9TL         2    90   143    2355 
  gen_ln[3].u_ln/csa_tree_add_71_55_groupi_g831__1617/Y   -       B0->Y   R     AO1B2_X6M_A9TL        1    55   124    2479 
  gen_ln[3].u_ln/csa_tree_add_71_55_groupi_g828__5526/Y   -       B0->Y   F     AOI21_X6M_A9TL        2    63    49    2528 
  gen_ln[3].u_ln/csa_tree_add_71_55_groupi_g823__6260/Y   -       A0->Y   R     OAI2XB1_X4M_A9TL      1    89    78    2606 
  gen_ln[3].u_ln/csa_tree_add_71_55_groupi_g822__5107/SUM -       CI->SUM F     ADDFH_X2M_A9TL        1    86   242    2849 
  gen_ln[3].u_ln/g667__9315/Y                             -       A->Y    F     AND2_X8M_A9TL         1    50   115    2964 
  fopt7991/Y                                              -       A->Y    R     INV_X13M_A9TL         3    41    42    3006 
  g7625/Y                                                 -       A->Y    F     NOR2_X8A_A9TL         2    48    37    3043 
  g7598/Y                                                 -       B0->Y   R     AOI21_X4M_A9TL        1    96    82    3125 
  u_post_ln/g2777/Y                                       -       A->Y    F     INV_X4M_A9TL          2    46    51    3176 
  u_post_ln/g2660/Y                                       -       B->Y    R     NAND2_X6M_A9TL        3    89    77    3253 
  u_post_ln/g2619/Y                                       -       A->Y    F     NAND2_X3M_A9TL        1    48    50    3303 
  u_post_ln/g2607/Y                                       -       AN->Y   F     NOR2B_X4M_A9TL        1    46   110    3413 
  s1_exp_in_reg[3][6]/D                                   -       -       F     SDFFRPQ_X2M_A9TL      1     -     0    3413 
#---------------------------------------------------------------------------------------------------------------------------



Path 20: VIOLATED (-394 ps) Setup Check with Pin s1_exp_in_reg[2][6]/CK->D
          Group: in2reg
     Startpoint: (F) x_in[2][4]
          Clock: (R) clk
       Endpoint: (F) s1_exp_in_reg[2][6]/D
          Clock: (R) clk

                     Capture       Launch     
        Clock Edge:+    3300            0     
        Drv Adjust:+       0           52     
       Src Latency:+       0            0     
       Net Latency:+       0 (I)        0 (I) 
           Arrival:=    3300           52     
                                              
             Setup:-     156                  
       Uncertainty:-     125                  
     Required Time:=    3019                  
      Launch Clock:-      52                  
       Input Delay:-     990                  
         Data Path:-    2371                  
             Slack:=    -394                  

Exceptions/Constraints:
  input_delay             990             dut.sdc_line_15_47_1   

#---------------------------------------------------------------------------------------------------------------------------
#                      Timing Point                       Flags    Arc    Edge       Cell        Fanout Trans Delay Arrival 
#                                                                                                        (ps)  (ps)   (ps)  
#---------------------------------------------------------------------------------------------------------------------------
  x_in[2][4]                                              -       -       F     (arrival)             5   105     0    1042 
  u_pre_ln/g1332/Y                                        -       A->Y    F     AND2_X6M_A9TL         1    44   124    1166 
  u_pre_ln/g1368/Y                                        -       A0->Y   R     AOI21_X8M_A9TL        4   158   120    1286 
  gen_ln[2].u_ln/g1311__3680/Y                            -       A->Y    F     NOR2_X8A_A9TL         3   104    80    1366 
  gen_ln[2].u_ln/g1288__9315/Y                            -       A->Y    R     NAND2_X8M_A9TL        2    80    84    1450 
  gen_ln[2].u_ln/g1284/Y                                  -       A->Y    F     INV_X7P5M_A9TL        3    42    48    1498 
  gen_ln[2].u_ln/g1283/Y                                  -       A->Y    R     INV_X5M_A9TL          2    58    52    1550 
  gen_ln[2].u_ln/g1268__1617/Y                            -       A->Y    F     NOR2XB_X8M_A9TL       2    54    47    1597 
  gen_ln[2].u_ln/fopt3/Y                                  -       A->Y    R     INV_X4M_A9TL          4    69    65    1661 
  gen_ln[2].u_ln/fopt1341/Y                               -       A->Y    F     INV_X4M_A9TL          2    32    39    1700 
  gen_ln[2].u_ln/csa_tree_add_71_55_groupi_g912__6417/Y   -       S0->Y   R     MXIT2_X0P7M_A9TL      1   365   179    1879 
  gen_ln[2].u_ln/csa_tree_add_71_55_groupi_g943__7482/Y   -       A->Y    R     XOR2_X3M_A9TL         2   171   154    2033 
  gen_ln[2].u_ln/csa_tree_add_71_55_groupi_g846__7098/Y   -       BN->Y   R     NAND2XB_X2M_A9TL      2   111   179    2212 
  gen_ln[2].u_ln/csa_tree_add_71_55_groupi_g840__2802/Y   -       B->Y    R     AND2_X3M_A9TL         2    90   143    2355 
  gen_ln[2].u_ln/csa_tree_add_71_55_groupi_g831__6260/Y   -       B0->Y   R     AO1B2_X6M_A9TL        1    55   124    2479 
  gen_ln[2].u_ln/csa_tree_add_71_55_groupi_g828__5477/Y   -       B0->Y   F     AOI21_X6M_A9TL        2    63    49    2528 
  gen_ln[2].u_ln/csa_tree_add_71_55_groupi_g823__1666/Y   -       A0->Y   R     OAI2XB1_X4M_A9TL      1    89    78    2606 
  gen_ln[2].u_ln/csa_tree_add_71_55_groupi_g822__2346/SUM -       CI->SUM F     ADDFH_X2M_A9TL        1    86   242    2849 
  gen_ln[2].u_ln/g667__6131/Y                             -       A->Y    F     AND2_X8M_A9TL         1    50   115    2964 
  fopt7993/Y                                              -       A->Y    R     INV_X13M_A9TL         3    41    42    3006 
  g7622/Y                                                 -       A->Y    F     NOR2_X8A_A9TL         2    48    37    3043 
  g7594/Y                                                 -       B0->Y   R     AOI21_X4M_A9TL        1    96    82    3125 
  u_post_ln/g2780/Y                                       -       A->Y    F     INV_X4M_A9TL          2    46    51    3176 
  u_post_ln/g2649/Y                                       -       B->Y    R     NAND2_X6M_A9TL        3    89    77    3253 
  u_post_ln/g2618/Y                                       -       A->Y    F     NAND2_X3M_A9TL        1    48    50    3303 
  u_post_ln/g2608/Y                                       -       AN->Y   F     NOR2B_X4M_A9TL        1    46   110    3413 
  s1_exp_in_reg[2][6]/D                                   -       -       F     SDFFRPQ_X2M_A9TL      1     -     0    3413 
#---------------------------------------------------------------------------------------------------------------------------



Path 21: VIOLATED (-394 ps) Setup Check with Pin s1_exp_in_reg[1][6]/CK->D
          Group: in2reg
     Startpoint: (F) x_in[1][4]
          Clock: (R) clk
       Endpoint: (F) s1_exp_in_reg[1][6]/D
          Clock: (R) clk

                     Capture       Launch     
        Clock Edge:+    3300            0     
        Drv Adjust:+       0           52     
       Src Latency:+       0            0     
       Net Latency:+       0 (I)        0 (I) 
           Arrival:=    3300           52     
                                              
             Setup:-     156                  
       Uncertainty:-     125                  
     Required Time:=    3019                  
      Launch Clock:-      52                  
       Input Delay:-     990                  
         Data Path:-    2371                  
             Slack:=    -394                  

Exceptions/Constraints:
  input_delay             990             dut.sdc_line_15_55_1   

#---------------------------------------------------------------------------------------------------------------------------
#                      Timing Point                       Flags    Arc    Edge       Cell        Fanout Trans Delay Arrival 
#                                                                                                        (ps)  (ps)   (ps)  
#---------------------------------------------------------------------------------------------------------------------------
  x_in[1][4]                                              -       -       F     (arrival)             5   105     0    1042 
  u_pre_ln/g1334/Y                                        -       A->Y    F     AND2_X6M_A9TL         1    44   124    1166 
  u_pre_ln/g1363/Y                                        -       A0->Y   R     AOI21_X8M_A9TL        4   158   120    1286 
  gen_ln[1].u_ln/g1311__5107/Y                            -       A->Y    F     NOR2_X8A_A9TL         3   104    80    1366 
  gen_ln[1].u_ln/g1288__6131/Y                            -       A->Y    R     NAND2_X8M_A9TL        2    80    84    1450 
  gen_ln[1].u_ln/g1284/Y                                  -       A->Y    F     INV_X7P5M_A9TL        3    42    48    1498 
  gen_ln[1].u_ln/g1283/Y                                  -       A->Y    R     INV_X5M_A9TL          2    58    52    1550 
  gen_ln[1].u_ln/g1268__6260/Y                            -       A->Y    F     NOR2XB_X8M_A9TL       2    54    47    1597 
  gen_ln[1].u_ln/fopt3/Y                                  -       A->Y    R     INV_X4M_A9TL          4    69    65    1661 
  gen_ln[1].u_ln/fopt1341/Y                               -       A->Y    F     INV_X4M_A9TL          2    32    39    1700 
  gen_ln[1].u_ln/csa_tree_add_71_55_groupi_g912__9315/Y   -       S0->Y   R     MXIT2_X0P7M_A9TL      1   365   179    1879 
  gen_ln[1].u_ln/csa_tree_add_71_55_groupi_g943__5122/Y   -       A->Y    R     XOR2_X3M_A9TL         2   171   154    2033 
  gen_ln[1].u_ln/csa_tree_add_71_55_groupi_g846__3680/Y   -       BN->Y   R     NAND2XB_X2M_A9TL      2   111   179    2212 
  gen_ln[1].u_ln/csa_tree_add_71_55_groupi_g840__4319/Y   -       B->Y    R     AND2_X3M_A9TL         2    90   143    2355 
  gen_ln[1].u_ln/csa_tree_add_71_55_groupi_g831__1666/Y   -       B0->Y   R     AO1B2_X6M_A9TL        1    55   124    2479 
  gen_ln[1].u_ln/csa_tree_add_71_55_groupi_g828__9945/Y   -       B0->Y   F     AOI21_X6M_A9TL        2    63    49    2528 
  gen_ln[1].u_ln/csa_tree_add_71_55_groupi_g823__4733/Y   -       A0->Y   R     OAI2XB1_X4M_A9TL      1    89    78    2606 
  gen_ln[1].u_ln/csa_tree_add_71_55_groupi_g822__7482/SUM -       CI->SUM F     ADDFH_X2M_A9TL        1    86   242    2849 
  gen_ln[1].u_ln/g667__1617/Y                             -       A->Y    F     AND2_X8M_A9TL         1    50   115    2964 
  fopt7989/Y                                              -       A->Y    R     INV_X13M_A9TL         3    41    42    3006 
  g7624/Y                                                 -       A->Y    F     NOR2_X8A_A9TL         2    48    37    3043 
  g7599/Y                                                 -       B0->Y   R     AOI21_X4M_A9TL        1    96    82    3125 
  u_post_ln/g2794/Y                                       -       A->Y    F     INV_X4M_A9TL          2    46    51    3176 
  u_post_ln/g2652/Y                                       -       B->Y    R     NAND2_X6M_A9TL        3    89    77    3253 
  u_post_ln/g2631/Y                                       -       A->Y    F     NAND2_X3M_A9TL        1    48    50    3303 
  u_post_ln/g2611/Y                                       -       AN->Y   F     NOR2B_X4M_A9TL        1    46   110    3413 
  s1_exp_in_reg[1][6]/D                                   -       -       F     SDFFRPQ_X2M_A9TL      1     -     0    3413 
#---------------------------------------------------------------------------------------------------------------------------



Path 22: VIOLATED (-394 ps) Setup Check with Pin s1_exp_in_reg[0][6]/CK->D
          Group: in2reg
     Startpoint: (F) x_in[0][4]
          Clock: (R) clk
       Endpoint: (F) s1_exp_in_reg[0][6]/D
          Clock: (R) clk

                     Capture       Launch     
        Clock Edge:+    3300            0     
        Drv Adjust:+       0           52     
       Src Latency:+       0            0     
       Net Latency:+       0 (I)        0 (I) 
           Arrival:=    3300           52     
                                              
             Setup:-     156                  
       Uncertainty:-     125                  
     Required Time:=    3019                  
      Launch Clock:-      52                  
       Input Delay:-     990                  
         Data Path:-    2371                  
             Slack:=    -394                  

Exceptions/Constraints:
  input_delay             990             dut.sdc_line_15_63_1   

#---------------------------------------------------------------------------------------------------------------------------
#                      Timing Point                       Flags    Arc    Edge       Cell        Fanout Trans Delay Arrival 
#                                                                                                        (ps)  (ps)   (ps)  
#---------------------------------------------------------------------------------------------------------------------------
  x_in[0][4]                                              -       -       F     (arrival)             5   105     0    1042 
  u_pre_ln/g1336/Y                                        -       A->Y    F     AND2_X6M_A9TL         1    44   124    1166 
  u_pre_ln/g1369/Y                                        -       A0->Y   R     AOI21_X8M_A9TL        4   158   120    1286 
  gen_ln[0].u_ln/g1311__2346/Y                            -       A->Y    F     NOR2_X8A_A9TL         3   104    80    1366 
  gen_ln[0].u_ln/g1288__1617/Y                            -       A->Y    R     NAND2_X8M_A9TL        2    80    84    1450 
  gen_ln[0].u_ln/g1284/Y                                  -       A->Y    F     INV_X7P5M_A9TL        3    42    48    1498 
  gen_ln[0].u_ln/g1283/Y                                  -       A->Y    R     INV_X5M_A9TL          2    58    52    1550 
  gen_ln[0].u_ln/g1268__1666/Y                            -       A->Y    F     NOR2XB_X8M_A9TL       2    54    47    1597 
  gen_ln[0].u_ln/fopt3/Y                                  -       A->Y    R     INV_X4M_A9TL          4    69    65    1661 
  gen_ln[0].u_ln/fopt1341/Y                               -       A->Y    F     INV_X4M_A9TL          2    32    39    1700 
  gen_ln[0].u_ln/csa_tree_add_71_55_groupi_g912__6131/Y   -       S0->Y   R     MXIT2_X0P7M_A9TL      1   365   179    1879 
  gen_ln[0].u_ln/csa_tree_add_71_55_groupi_g943__5526/Y   -       A->Y    R     XOR2_X3M_A9TL         2   171   154    2033 
  gen_ln[0].u_ln/csa_tree_add_71_55_groupi_g846__5107/Y   -       BN->Y   R     NAND2XB_X2M_A9TL      2   111   179    2212 
  gen_ln[0].u_ln/csa_tree_add_71_55_groupi_g840__7410/Y   -       B->Y    R     AND2_X3M_A9TL         2    90   143    2355 
  gen_ln[0].u_ln/csa_tree_add_71_55_groupi_g831__4733/Y   -       B0->Y   R     AO1B2_X6M_A9TL        1    55   124    2479 
  gen_ln[0].u_ln/csa_tree_add_71_55_groupi_g828__1881/Y   -       B0->Y   F     AOI21_X6M_A9TL        2    63    49    2528 
  gen_ln[0].u_ln/csa_tree_add_71_55_groupi_g823__8246/Y   -       A0->Y   R     OAI2XB1_X4M_A9TL      1    89    78    2606 
  gen_ln[0].u_ln/csa_tree_add_71_55_groupi_g822__5122/SUM -       CI->SUM F     ADDFH_X2M_A9TL        1    86   242    2849 
  gen_ln[0].u_ln/g667__6260/Y                             -       A->Y    F     AND2_X8M_A9TL         1    50   115    2964 
  fopt7987/Y                                              -       A->Y    R     INV_X13M_A9TL         3    41    42    3006 
  g7623/Y                                                 -       A->Y    F     NOR2_X8A_A9TL         2    48    37    3043 
  g7600/Y                                                 -       B0->Y   R     AOI21_X4M_A9TL        1    96    82    3125 
  u_post_ln/g2784/Y                                       -       A->Y    F     INV_X4M_A9TL          2    46    51    3176 
  u_post_ln/g2658/Y                                       -       B->Y    R     NAND2_X6M_A9TL        3    89    77    3253 
  u_post_ln/g2632/Y                                       -       A->Y    F     NAND2_X3M_A9TL        1    48    50    3303 
  u_post_ln/g2612/Y                                       -       AN->Y   F     NOR2B_X4M_A9TL        1    46   110    3413 
  s1_exp_in_reg[0][6]/D                                   -       -       F     SDFFRPQ_X2M_A9TL      1     -     0    3413 
#---------------------------------------------------------------------------------------------------------------------------



Path 23: VIOLATED (-394 ps) Setup Check with Pin s1_exp_in_reg[7][5]/CK->D
          Group: in2reg
     Startpoint: (F) x_in[7][4]
          Clock: (R) clk
       Endpoint: (R) s1_exp_in_reg[7][5]/D
          Clock: (R) clk

                     Capture       Launch     
        Clock Edge:+    3300            0     
        Drv Adjust:+       0           46     
       Src Latency:+       0            0     
       Net Latency:+       0 (I)        0 (I) 
           Arrival:=    3300           46     
                                              
             Setup:-     164                  
       Uncertainty:-     125                  
     Required Time:=    3011                  
      Launch Clock:-      46                  
       Input Delay:-     990                  
         Data Path:-    2368                  
             Slack:=    -394                  

Exceptions/Constraints:
  input_delay             990             dut.sdc_line_15_7_1   

#---------------------------------------------------------------------------------------------------------------------
#                   Timing Point                    Flags    Arc    Edge       Cell        Fanout Trans Delay Arrival 
#                                                                                                  (ps)  (ps)   (ps)  
#---------------------------------------------------------------------------------------------------------------------
  x_in[7][4]                                        -       -       F     (arrival)             5    94     0    1036 
  u_pre_ln/fopt1392/Y                               -       A->Y    R     INV_X4M_A9TL          2    66    70    1106 
  u_pre_ln/fopt1391/Y                               -       A->Y    F     INV_X4M_A9TL          1    29    36    1141 
  u_pre_ln/g1330/Y                                  -       A->Y    F     MXT2_X6M_A9TL         5    81   153    1294 
  gen_ln[7].u_ln/g1311/Y                            -       A->Y    R     NOR2_X8M_A9TL         3   103    91    1385 
  gen_ln[7].u_ln/g1288/Y                            -       A->Y    F     NAND2_X8M_A9TL        2    62    62    1447 
  gen_ln[7].u_ln/g1284/Y                            -       A->Y    R     INV_X7P5M_A9TL        3    62    62    1509 
  gen_ln[7].u_ln/g1269/Y                            -       A->Y    F     NAND2XB_X8M_A9TL      2    44    43    1552 
  gen_ln[7].u_ln/g2/Y                               -       A->Y    F     OR2_X4M_A9TL          1    53   112    1665 
  gen_ln[7].u_ln/g1244/Y                            -       A->Y    R     NAND2_X8M_A9TL        5   116    87    1752 
  gen_ln[7].u_ln/csa_tree_add_71_55_groupi_g925/Y   -       A->Y    F     INV_X4M_A9TL          3    59    66    1817 
  gen_ln[7].u_ln/csa_tree_add_71_55_groupi_g916/Y   -       B->Y    R     NAND2_X6M_A9TL        1    59    65    1882 
  gen_ln[7].u_ln/csa_tree_add_71_55_groupi_g908/Y   -       A->Y    F     NAND2_X6M_A9TL        2    46    47    1929 
  gen_ln[7].u_ln/csa_tree_add_71_55_groupi_g895/Y   -       A->Y    R     NOR2XB_X3M_A9TL       1    81    68    1997 
  gen_ln[7].u_ln/csa_tree_add_71_55_groupi_g882/Y   -       BN->Y   R     NAND2XB_X6M_A9TL      1    68   118    2114 
  gen_ln[7].u_ln/csa_tree_add_71_55_groupi_g865/Y   -       A1->Y   F     AOI21_X6M_A9TL        2    82    74    2189 
  gen_ln[7].u_ln/csa_tree_add_71_55_groupi_g856/Y   -       A0->Y   R     OAI21_X6M_A9TL        3   133   117    2305 
  gen_ln[7].u_ln/csa_tree_add_71_55_groupi_g843/Y   -       A->Y    R     AND3_X4M_A9TL         2    85   149    2454 
  gen_ln[7].u_ln/csa_tree_add_71_55_groupi_g828/Y   -       A0->Y   F     AOI21_X6M_A9TL        2    62    68    2522 
  gen_ln[7].u_ln/csa_tree_add_71_55_groupi_g823/Y   -       A0->Y   R     OAI2XB1_X4M_A9TL      1    89    78    2600 
  gen_ln[7].u_ln/csa_tree_add_71_55_groupi_g822/SUM -       CI->SUM F     ADDFH_X2M_A9TL        1    86   242    2843 
  gen_ln[7].u_ln/g667/Y                             -       A->Y    F     AND2_X8M_A9TL         1    50   115    2958 
  fopt7985/Y                                        -       A->Y    R     INV_X13M_A9TL         3    41    42    3000 
  g7618/Y                                           -       A->Y    F     NOR2_X8A_A9TL         2    48    37    3037 
  g7601/Y                                           -       B0->Y   R     AOI21_X4M_A9TL        1    97    82    3119 
  u_post_ln/g2783/Y                                 -       A->Y    F     INV_X4M_A9TL          2    46    52    3170 
  u_post_ln/g2657/Y                                 -       B->Y    R     NAND2_X6M_A9TL        3    97    81    3252 
  u_post_ln/fopt/Y                                  -       A->Y    F     INV_X1M_A9TL          1    70    74    3326 
  u_post_ln/g2643/Y                                 -       B0->Y   R     AOI2XB1_X3M_A9TL      1    79    78    3404 
  s1_exp_in_reg[7][5]/D                             -       -       R     SDFFRPQ_X2M_A9TL      1     -     0    3404 
#---------------------------------------------------------------------------------------------------------------------



Path 24: VIOLATED (-394 ps) Setup Check with Pin s1_exp_in_reg[7][5]/CK->D
          Group: in2reg
     Startpoint: (F) x_in[7][4]
          Clock: (R) clk
       Endpoint: (R) s1_exp_in_reg[7][5]/D
          Clock: (R) clk

                     Capture       Launch     
        Clock Edge:+    3300            0     
        Drv Adjust:+       0           46     
       Src Latency:+       0            0     
       Net Latency:+       0 (I)        0 (I) 
           Arrival:=    3300           46     
                                              
             Setup:-     164                  
       Uncertainty:-     125                  
     Required Time:=    3011                  
      Launch Clock:-      46                  
       Input Delay:-     990                  
         Data Path:-    2368                  
             Slack:=    -394                  

Exceptions/Constraints:
  input_delay             990             dut.sdc_line_15_7_1   

#----------------------------------------------------------------------------------------------------------------------
#                   Timing Point                    Flags    Arc    Edge       Cell         Fanout Trans Delay Arrival 
#                                                                                                   (ps)  (ps)   (ps)  
#----------------------------------------------------------------------------------------------------------------------
  x_in[7][4]                                        -       -       F     (arrival)              5    94     0    1036 
  u_pre_ln/fopt1392/Y                               -       A->Y    R     INV_X4M_A9TL           2    66    70    1106 
  u_pre_ln/fopt1391/Y                               -       A->Y    F     INV_X4M_A9TL           1    29    36    1141 
  u_pre_ln/g1330/Y                                  -       A->Y    F     MXT2_X6M_A9TL          5    81   153    1294 
  gen_ln[7].u_ln/g1311/Y                            -       A->Y    R     NOR2_X8M_A9TL          3   103    91    1385 
  gen_ln[7].u_ln/g1288/Y                            -       A->Y    F     NAND2_X8M_A9TL         2    62    62    1447 
  gen_ln[7].u_ln/g1284/Y                            -       A->Y    R     INV_X7P5M_A9TL         3    62    62    1509 
  gen_ln[7].u_ln/g1269/Y                            -       A->Y    F     NAND2XB_X8M_A9TL       2    44    43    1552 
  gen_ln[7].u_ln/g2/Y                               -       A->Y    F     OR2_X4M_A9TL           1    53   112    1665 
  gen_ln[7].u_ln/g1244/Y                            -       A->Y    R     NAND2_X8M_A9TL         5   116    87    1752 
  gen_ln[7].u_ln/csa_tree_add_71_55_groupi_g925/Y   -       A->Y    F     INV_X4M_A9TL           3    59    66    1817 
  gen_ln[7].u_ln/csa_tree_add_71_55_groupi_g916/Y   -       B->Y    R     NAND2_X6M_A9TL         1    59    65    1882 
  gen_ln[7].u_ln/csa_tree_add_71_55_groupi_g908/Y   -       A->Y    F     NAND2_X6M_A9TL         2    46    47    1929 
  gen_ln[7].u_ln/csa_tree_add_71_55_groupi_g896/Y   -       A->Y    R     NAND2XB_X4M_A9TL       1    71    53    1982 
  gen_ln[7].u_ln/csa_tree_add_71_55_groupi_g887/Y   -       A->Y    F     NAND3XXB_X4M_A9TL      1    82    67    2049 
  gen_ln[7].u_ln/csa_tree_add_71_55_groupi_g882/Y   -       A->Y    R     NAND2XB_X6M_A9TL       1    68    65    2114 
  gen_ln[7].u_ln/csa_tree_add_71_55_groupi_g865/Y   -       A1->Y   F     AOI21_X6M_A9TL         2    82    74    2188 
  gen_ln[7].u_ln/csa_tree_add_71_55_groupi_g856/Y   -       A0->Y   R     OAI21_X6M_A9TL         3   133   117    2305 
  gen_ln[7].u_ln/csa_tree_add_71_55_groupi_g843/Y   -       A->Y    R     AND3_X4M_A9TL          2    85   149    2454 
  gen_ln[7].u_ln/csa_tree_add_71_55_groupi_g828/Y   -       A0->Y   F     AOI21_X6M_A9TL         2    62    68    2522 
  gen_ln[7].u_ln/csa_tree_add_71_55_groupi_g823/Y   -       A0->Y   R     OAI2XB1_X4M_A9TL       1    89    78    2600 
  gen_ln[7].u_ln/csa_tree_add_71_55_groupi_g822/SUM -       CI->SUM F     ADDFH_X2M_A9TL         1    86   242    2843 
  gen_ln[7].u_ln/g667/Y                             -       A->Y    F     AND2_X8M_A9TL          1    50   115    2958 
  fopt7985/Y                                        -       A->Y    R     INV_X13M_A9TL          3    41    42    3000 
  g7618/Y                                           -       A->Y    F     NOR2_X8A_A9TL          2    48    37    3037 
  g7601/Y                                           -       B0->Y   R     AOI21_X4M_A9TL         1    97    82    3119 
  u_post_ln/g2783/Y                                 -       A->Y    F     INV_X4M_A9TL           2    46    52    3170 
  u_post_ln/g2657/Y                                 -       B->Y    R     NAND2_X6M_A9TL         3    97    81    3252 
  u_post_ln/fopt/Y                                  -       A->Y    F     INV_X1M_A9TL           1    70    74    3326 
  u_post_ln/g2643/Y                                 -       B0->Y   R     AOI2XB1_X3M_A9TL       1    79    78    3404 
  s1_exp_in_reg[7][5]/D                             -       -       R     SDFFRPQ_X2M_A9TL       1     -     0    3404 
#----------------------------------------------------------------------------------------------------------------------



Path 25: VIOLATED (-394 ps) Setup Check with Pin s1_exp_in_reg[6][6]/CK->D
          Group: in2reg
     Startpoint: (F) x_in[6][4]
          Clock: (R) clk
       Endpoint: (F) s1_exp_in_reg[6][6]/D
          Clock: (R) clk

                     Capture       Launch     
        Clock Edge:+    3300            0     
        Drv Adjust:+       0           52     
       Src Latency:+       0            0     
       Net Latency:+       0 (I)        0 (I) 
           Arrival:=    3300           52     
                                              
             Setup:-     156                  
       Uncertainty:-     125                  
     Required Time:=    3019                  
      Launch Clock:-      52                  
       Input Delay:-     990                  
         Data Path:-    2370                  
             Slack:=    -394                  

Exceptions/Constraints:
  input_delay             990             dut.sdc_line_15_15_1   

#---------------------------------------------------------------------------------------------------------------------
#                   Timing Point                    Flags    Arc    Edge       Cell        Fanout Trans Delay Arrival 
#                                                                                                  (ps)  (ps)   (ps)  
#---------------------------------------------------------------------------------------------------------------------
  x_in[6][4]                                        -       -       F     (arrival)             5   105     0    1042 
  u_pre_ln/g1335/Y                                  -       A->Y    F     AND2_X6M_A9TL         1    44   124    1166 
  u_pre_ln/g1364/Y                                  -       A0->Y   R     AOI21_X8M_A9TL        4   158   120    1286 
  gen_ln[6].u_ln/g1311/Y                            -       A->Y    F     NOR2_X8A_A9TL         3   104    80    1366 
  gen_ln[6].u_ln/g1288/Y                            -       A->Y    R     NAND2_X8M_A9TL        2    80    84    1450 
  gen_ln[6].u_ln/g1284/Y                            -       A->Y    F     INV_X7P5M_A9TL        3    42    48    1498 
  gen_ln[6].u_ln/g1283/Y                            -       A->Y    R     INV_X5M_A9TL          2    58    52    1550 
  gen_ln[6].u_ln/g1282/Y                            -       A->Y    F     INV_X3M_A9TL          3    53    56    1606 
  gen_ln[6].u_ln/g1253/Y                            -       A->Y    R     NAND2_X6M_A9TL        2    85    69    1675 
  gen_ln[6].u_ln/g1239/Y                            -       B->Y    F     NAND2_X8A_A9TL        7    87    88    1763 
  gen_ln[6].u_ln/csa_tree_add_71_55_groupi_g917/Y   -       A->Y    R     NOR2_X2B_A9TL         1    99    90    1852 
  gen_ln[6].u_ln/csa_tree_add_71_55_groupi_g883/Y   -       BN->Y   R     NAND2XB_X6M_A9TL      1    69   123    1975 
  gen_ln[6].u_ln/csa_tree_add_71_55_groupi_g871/Y   -       B0N->Y  F     AO21B_X6M_A9TL        2    75    69    2044 
  gen_ln[6].u_ln/csa_tree_add_71_55_groupi_g859/Y   -       S0->Y   F     MXIT2_X4M_A9TL        2   107   106    2150 
  gen_ln[6].u_ln/csa_tree_add_71_55_groupi_g849/Y   -       A->Y    R     NAND2XB_X6M_A9TL      2    66    71    2221 
  gen_ln[6].u_ln/csa_tree_add_71_55_groupi_g836/Y   -       A->Y    F     NAND2XB_X3M_A9TL      1    67    61    2282 
  gen_ln[6].u_ln/csa_tree_add_71_55_groupi_g835/Y   -       B->Y    R     NAND2_X6M_A9TL        2    72    75    2357 
  gen_ln[6].u_ln/csa_tree_add_71_55_groupi_g831/Y   -       B1->Y   R     AO1B2_X6M_A9TL        1    55   121    2478 
  gen_ln[6].u_ln/csa_tree_add_71_55_groupi_g828/Y   -       B0->Y   F     AOI21_X6M_A9TL        2    63    49    2527 
  gen_ln[6].u_ln/csa_tree_add_71_55_groupi_g823/Y   -       A0->Y   R     OAI2XB1_X4M_A9TL      1    89    78    2606 
  gen_ln[6].u_ln/csa_tree_add_71_55_groupi_g822/SUM -       CI->SUM F     ADDFH_X2M_A9TL        1    86   242    2848 
  gen_ln[6].u_ln/g667/Y                             -       A->Y    F     AND2_X8M_A9TL         1    50   115    2963 
  fopt7979/Y                                        -       A->Y    R     INV_X13M_A9TL         3    41    42    3006 
  g7619/Y                                           -       A->Y    F     NOR2_X8A_A9TL         2    48    37    3043 
  g7595/Y                                           -       B0->Y   R     AOI21_X4M_A9TL        1    96    82    3124 
  u_post_ln/g2802/Y                                 -       A->Y    F     INV_X4M_A9TL          2    46    51    3176 
  u_post_ln/g2650/Y                                 -       B->Y    R     NAND2_X6M_A9TL        3    89    77    3252 
  u_post_ln/g2630/Y                                 -       A->Y    F     NAND2_X3M_A9TL        1    48    50    3303 
  u_post_ln/g2609/Y                                 -       AN->Y   F     NOR2B_X4M_A9TL        1    46   110    3413 
  s1_exp_in_reg[6][6]/D                             -       -       F     SDFFRPQ_X2M_A9TL      1     -     0    3413 
#---------------------------------------------------------------------------------------------------------------------



Path 26: VIOLATED (-394 ps) Setup Check with Pin s1_exp_in_reg[5][6]/CK->D
          Group: in2reg
     Startpoint: (F) x_in[5][4]
          Clock: (R) clk
       Endpoint: (F) s1_exp_in_reg[5][6]/D
          Clock: (R) clk

                     Capture       Launch     
        Clock Edge:+    3300            0     
        Drv Adjust:+       0           52     
       Src Latency:+       0            0     
       Net Latency:+       0 (I)        0 (I) 
           Arrival:=    3300           52     
                                              
             Setup:-     156                  
       Uncertainty:-     125                  
     Required Time:=    3019                  
      Launch Clock:-      52                  
       Input Delay:-     990                  
         Data Path:-    2370                  
             Slack:=    -394                  

Exceptions/Constraints:
  input_delay             990             dut.sdc_line_15_23_1   

#---------------------------------------------------------------------------------------------------------------------------
#                      Timing Point                       Flags    Arc    Edge       Cell        Fanout Trans Delay Arrival 
#                                                                                                        (ps)  (ps)   (ps)  
#---------------------------------------------------------------------------------------------------------------------------
  x_in[5][4]                                              -       -       F     (arrival)             5   105     0    1042 
  u_pre_ln/g1333/Y                                        -       A->Y    F     AND2_X6M_A9TL         1    44   124    1166 
  u_pre_ln/g1365/Y                                        -       A0->Y   R     AOI21_X8M_A9TL        4   158   120    1286 
  gen_ln[5].u_ln/g1311__7410/Y                            -       A->Y    F     NOR2_X8A_A9TL         3   104    80    1366 
  gen_ln[5].u_ln/g1288__1705/Y                            -       A->Y    R     NAND2_X8M_A9TL        2    80    84    1450 
  gen_ln[5].u_ln/g1284/Y                                  -       A->Y    F     INV_X7P5M_A9TL        3    42    48    1498 
  gen_ln[5].u_ln/g1283/Y                                  -       A->Y    R     INV_X5M_A9TL          2    58    52    1550 
  gen_ln[5].u_ln/g1282/Y                                  -       A->Y    F     INV_X3M_A9TL          3    53    56    1606 
  gen_ln[5].u_ln/g1253__6131/Y                            -       A->Y    R     NAND2_X6M_A9TL        2    85    69    1675 
  gen_ln[5].u_ln/g1239__4319/Y                            -       B->Y    F     NAND2_X8A_A9TL        7    87    88    1763 
  gen_ln[5].u_ln/csa_tree_add_71_55_groupi_g917/Y         -       A->Y    R     NOR2_X2B_A9TL         1    99    90    1852 
  gen_ln[5].u_ln/csa_tree_add_71_55_groupi_g883/Y         -       BN->Y   R     NAND2XB_X6M_A9TL      1    69   123    1975 
  gen_ln[5].u_ln/csa_tree_add_71_55_groupi_g871__6161/Y   -       B0N->Y  F     AO21B_X6M_A9TL        2    75    69    2044 
  gen_ln[5].u_ln/csa_tree_add_71_55_groupi_g859__1705/Y   -       S0->Y   F     MXIT2_X4M_A9TL        2   107   106    2150 
  gen_ln[5].u_ln/csa_tree_add_71_55_groupi_g849__8428/Y   -       A->Y    R     NAND2XB_X6M_A9TL      2    66    71    2221 
  gen_ln[5].u_ln/csa_tree_add_71_55_groupi_g836__1666/Y   -       A->Y    F     NAND2XB_X3M_A9TL      1    67    61    2282 
  gen_ln[5].u_ln/csa_tree_add_71_55_groupi_g835__2346/Y   -       B->Y    R     NAND2_X6M_A9TL        2    72    75    2357 
  gen_ln[5].u_ln/csa_tree_add_71_55_groupi_g831__9315/Y   -       B1->Y   R     AO1B2_X6M_A9TL        1    55   121    2478 
  gen_ln[5].u_ln/csa_tree_add_71_55_groupi_g828__7482/Y   -       B0->Y   F     AOI21_X6M_A9TL        2    63    49    2527 
  gen_ln[5].u_ln/csa_tree_add_71_55_groupi_g823__6131/Y   -       A0->Y   R     OAI2XB1_X4M_A9TL      1    89    78    2606 
  gen_ln[5].u_ln/csa_tree_add_71_55_groupi_g822__7098/SUM -       CI->SUM F     ADDFH_X2M_A9TL        1    86   242    2848 
  gen_ln[5].u_ln/g667__8428/Y                             -       A->Y    F     AND2_X8M_A9TL         1    50   115    2963 
  fopt7983/Y                                              -       A->Y    R     INV_X13M_A9TL         3    41    42    3006 
  g7621/Y                                                 -       A->Y    F     NOR2_X8A_A9TL         2    48    37    3043 
  g7597/Y                                                 -       B0->Y   R     AOI21_X4M_A9TL        1    96    82    3124 
  u_post_ln/g2776/Y                                       -       A->Y    F     INV_X4M_A9TL          2    46    51    3176 
  u_post_ln/g2651/Y                                       -       B->Y    R     NAND2_X6M_A9TL        3    89    77    3252 
  u_post_ln/g2620/Y                                       -       A->Y    F     NAND2_X3M_A9TL        1    48    50    3303 
  u_post_ln/g2605/Y                                       -       AN->Y   F     NOR2B_X4M_A9TL        1    46   110    3413 
  s1_exp_in_reg[5][6]/D                                   -       -       F     SDFFRPQ_X2M_A9TL      1     -     0    3413 
#---------------------------------------------------------------------------------------------------------------------------



Path 27: VIOLATED (-394 ps) Setup Check with Pin s1_exp_in_reg[4][6]/CK->D
          Group: in2reg
     Startpoint: (F) x_in[4][4]
          Clock: (R) clk
       Endpoint: (F) s1_exp_in_reg[4][6]/D
          Clock: (R) clk

                     Capture       Launch     
        Clock Edge:+    3300            0     
        Drv Adjust:+       0           52     
       Src Latency:+       0            0     
       Net Latency:+       0 (I)        0 (I) 
           Arrival:=    3300           52     
                                              
             Setup:-     156                  
       Uncertainty:-     125                  
     Required Time:=    3019                  
      Launch Clock:-      52                  
       Input Delay:-     990                  
         Data Path:-    2370                  
             Slack:=    -394                  

Exceptions/Constraints:
  input_delay             990             dut.sdc_line_15_31_1   

#---------------------------------------------------------------------------------------------------------------------------
#                      Timing Point                       Flags    Arc    Edge       Cell        Fanout Trans Delay Arrival 
#                                                                                                        (ps)  (ps)   (ps)  
#---------------------------------------------------------------------------------------------------------------------------
  x_in[4][4]                                              -       -       F     (arrival)             5   105     0    1042 
  u_pre_ln/g1331/Y                                        -       A->Y    F     AND2_X6M_A9TL         1    44   124    1166 
  u_pre_ln/g1366/Y                                        -       A0->Y   R     AOI21_X8M_A9TL        4   158   120    1286 
  gen_ln[4].u_ln/g1311__6161/Y                            -       A->Y    F     NOR2_X8A_A9TL         3   104    80    1366 
  gen_ln[4].u_ln/g1288__8428/Y                            -       A->Y    R     NAND2_X8M_A9TL        2    80    84    1450 
  gen_ln[4].u_ln/g1284/Y                                  -       A->Y    F     INV_X7P5M_A9TL        3    42    48    1498 
  gen_ln[4].u_ln/g1283/Y                                  -       A->Y    R     INV_X5M_A9TL          2    58    52    1550 
  gen_ln[4].u_ln/g1282/Y                                  -       A->Y    F     INV_X3M_A9TL          3    53    56    1606 
  gen_ln[4].u_ln/g1253__1617/Y                            -       A->Y    R     NAND2_X6M_A9TL        2    85    69    1675 
  gen_ln[4].u_ln/g1239__7410/Y                            -       B->Y    F     NAND2_X8A_A9TL        7    87    88    1763 
  gen_ln[4].u_ln/csa_tree_add_71_55_groupi_g917__1881/Y   -       A->Y    R     NOR2_X2B_A9TL         1    99    90    1852 
  gen_ln[4].u_ln/csa_tree_add_71_55_groupi_g883__9315/Y   -       BN->Y   R     NAND2XB_X6M_A9TL      1    69   123    1975 
  gen_ln[4].u_ln/csa_tree_add_71_55_groupi_g871__7098/Y   -       B0N->Y  F     AO21B_X6M_A9TL        2    75    69    2044 
  gen_ln[4].u_ln/csa_tree_add_71_55_groupi_g859__8428/Y   -       S0->Y   F     MXIT2_X4M_A9TL        2   107   106    2150 
  gen_ln[4].u_ln/csa_tree_add_71_55_groupi_g849__6417/Y   -       A->Y    R     NAND2XB_X6M_A9TL      2    66    71    2221 
  gen_ln[4].u_ln/csa_tree_add_71_55_groupi_g836__4733/Y   -       A->Y    F     NAND2XB_X3M_A9TL      1    67    61    2282 
  gen_ln[4].u_ln/csa_tree_add_71_55_groupi_g835__7482/Y   -       B->Y    R     NAND2_X6M_A9TL        2    72    75    2357 
  gen_ln[4].u_ln/csa_tree_add_71_55_groupi_g831__6131/Y   -       B1->Y   R     AO1B2_X6M_A9TL        1    55   121    2478 
  gen_ln[4].u_ln/csa_tree_add_71_55_groupi_g828__5122/Y   -       B0->Y   F     AOI21_X6M_A9TL        2    63    49    2527 
  gen_ln[4].u_ln/csa_tree_add_71_55_groupi_g823__1617/Y   -       A0->Y   R     OAI2XB1_X4M_A9TL      1    89    78    2606 
  gen_ln[4].u_ln/csa_tree_add_71_55_groupi_g822__3680/SUM -       CI->SUM F     ADDFH_X2M_A9TL        1    86   242    2848 
  gen_ln[4].u_ln/g667__6417/Y                             -       A->Y    F     AND2_X8M_A9TL         1    50   115    2963 
  fopt7981/Y                                              -       A->Y    R     INV_X13M_A9TL         3    41    42    3006 
  g7620/Y                                                 -       A->Y    F     NOR2_X8A_A9TL         2    48    37    3043 
  g7596/Y                                                 -       B0->Y   R     AOI21_X4M_A9TL        1    96    82    3124 
  u_post_ln/g2774/Y                                       -       A->Y    F     INV_X4M_A9TL          2    46    51    3176 
  u_post_ln/g2659/Y                                       -       B->Y    R     NAND2_X6M_A9TL        3    89    77    3252 
  u_post_ln/g2629/Y                                       -       A->Y    F     NAND2_X3M_A9TL        1    48    50    3303 
  u_post_ln/g2610/Y                                       -       AN->Y   F     NOR2B_X4M_A9TL        1    46   110    3413 
  s1_exp_in_reg[4][6]/D                                   -       -       F     SDFFRPQ_X2M_A9TL      1     -     0    3413 
#---------------------------------------------------------------------------------------------------------------------------



Path 28: VIOLATED (-394 ps) Setup Check with Pin s1_exp_in_reg[3][6]/CK->D
          Group: in2reg
     Startpoint: (F) x_in[3][4]
          Clock: (R) clk
       Endpoint: (F) s1_exp_in_reg[3][6]/D
          Clock: (R) clk

                     Capture       Launch     
        Clock Edge:+    3300            0     
        Drv Adjust:+       0           52     
       Src Latency:+       0            0     
       Net Latency:+       0 (I)        0 (I) 
           Arrival:=    3300           52     
                                              
             Setup:-     156                  
       Uncertainty:-     125                  
     Required Time:=    3019                  
      Launch Clock:-      52                  
       Input Delay:-     990                  
         Data Path:-    2370                  
             Slack:=    -394                  

Exceptions/Constraints:
  input_delay             990             dut.sdc_line_15_39_1   

#---------------------------------------------------------------------------------------------------------------------------
#                      Timing Point                       Flags    Arc    Edge       Cell        Fanout Trans Delay Arrival 
#                                                                                                        (ps)  (ps)   (ps)  
#---------------------------------------------------------------------------------------------------------------------------
  x_in[3][4]                                              -       -       F     (arrival)             5   105     0    1042 
  u_pre_ln/g1338/Y                                        -       A->Y    F     AND2_X6M_A9TL         1    44   124    1166 
  u_pre_ln/g2/Y                                           -       A0->Y   R     AOI21_X8M_A9TL        4   158   120    1286 
  gen_ln[3].u_ln/g1311__7098/Y                            -       A->Y    F     NOR2_X8A_A9TL         3   104    80    1366 
  gen_ln[3].u_ln/g1288__6417/Y                            -       A->Y    R     NAND2_X8M_A9TL        2    80    84    1450 
  gen_ln[3].u_ln/g1284/Y                                  -       A->Y    F     INV_X7P5M_A9TL        3    42    48    1498 
  gen_ln[3].u_ln/g1283/Y                                  -       A->Y    R     INV_X5M_A9TL          2    58    52    1550 
  gen_ln[3].u_ln/g1282/Y                                  -       A->Y    F     INV_X3M_A9TL          3    53    56    1606 
  gen_ln[3].u_ln/g1253__6260/Y                            -       A->Y    R     NAND2_X6M_A9TL        2    85    69    1675 
  gen_ln[3].u_ln/g1239__6161/Y                            -       B->Y    F     NAND2_X8A_A9TL        7    87    88    1763 
  gen_ln[3].u_ln/csa_tree_add_71_55_groupi_g917__2802/Y   -       A->Y    R     NOR2_X2B_A9TL         1    99    90    1852 
  gen_ln[3].u_ln/csa_tree_add_71_55_groupi_g883__6131/Y   -       BN->Y   R     NAND2XB_X6M_A9TL      1    69   123    1975 
  gen_ln[3].u_ln/csa_tree_add_71_55_groupi_g871__3680/Y   -       B0N->Y  F     AO21B_X6M_A9TL        2    75    69    2044 
  gen_ln[3].u_ln/csa_tree_add_71_55_groupi_g859__6417/Y   -       S0->Y   F     MXIT2_X4M_A9TL        2   107   106    2150 
  gen_ln[3].u_ln/csa_tree_add_71_55_groupi_g849__9315/Y   -       A->Y    R     NAND2XB_X6M_A9TL      2    66    71    2221 
  gen_ln[3].u_ln/csa_tree_add_71_55_groupi_g836__8246/Y   -       A->Y    F     NAND2XB_X3M_A9TL      1    67    61    2282 
  gen_ln[3].u_ln/csa_tree_add_71_55_groupi_g835__5122/Y   -       B->Y    R     NAND2_X6M_A9TL        2    72    75    2357 
  gen_ln[3].u_ln/csa_tree_add_71_55_groupi_g831__1617/Y   -       B1->Y   R     AO1B2_X6M_A9TL        1    55   121    2478 
  gen_ln[3].u_ln/csa_tree_add_71_55_groupi_g828__5526/Y   -       B0->Y   F     AOI21_X6M_A9TL        2    63    49    2527 
  gen_ln[3].u_ln/csa_tree_add_71_55_groupi_g823__6260/Y   -       A0->Y   R     OAI2XB1_X4M_A9TL      1    89    78    2606 
  gen_ln[3].u_ln/csa_tree_add_71_55_groupi_g822__5107/SUM -       CI->SUM F     ADDFH_X2M_A9TL        1    86   242    2848 
  gen_ln[3].u_ln/g667__9315/Y                             -       A->Y    F     AND2_X8M_A9TL         1    50   115    2963 
  fopt7991/Y                                              -       A->Y    R     INV_X13M_A9TL         3    41    42    3006 
  g7625/Y                                                 -       A->Y    F     NOR2_X8A_A9TL         2    48    37    3043 
  g7598/Y                                                 -       B0->Y   R     AOI21_X4M_A9TL        1    96    82    3124 
  u_post_ln/g2777/Y                                       -       A->Y    F     INV_X4M_A9TL          2    46    51    3176 
  u_post_ln/g2660/Y                                       -       B->Y    R     NAND2_X6M_A9TL        3    89    77    3252 
  u_post_ln/g2619/Y                                       -       A->Y    F     NAND2_X3M_A9TL        1    48    50    3303 
  u_post_ln/g2607/Y                                       -       AN->Y   F     NOR2B_X4M_A9TL        1    46   110    3413 
  s1_exp_in_reg[3][6]/D                                   -       -       F     SDFFRPQ_X2M_A9TL      1     -     0    3413 
#---------------------------------------------------------------------------------------------------------------------------



Path 29: VIOLATED (-394 ps) Setup Check with Pin s1_exp_in_reg[2][6]/CK->D
          Group: in2reg
     Startpoint: (F) x_in[2][4]
          Clock: (R) clk
       Endpoint: (F) s1_exp_in_reg[2][6]/D
          Clock: (R) clk

                     Capture       Launch     
        Clock Edge:+    3300            0     
        Drv Adjust:+       0           52     
       Src Latency:+       0            0     
       Net Latency:+       0 (I)        0 (I) 
           Arrival:=    3300           52     
                                              
             Setup:-     156                  
       Uncertainty:-     125                  
     Required Time:=    3019                  
      Launch Clock:-      52                  
       Input Delay:-     990                  
         Data Path:-    2370                  
             Slack:=    -394                  

Exceptions/Constraints:
  input_delay             990             dut.sdc_line_15_47_1   

#---------------------------------------------------------------------------------------------------------------------------
#                      Timing Point                       Flags    Arc    Edge       Cell        Fanout Trans Delay Arrival 
#                                                                                                        (ps)  (ps)   (ps)  
#---------------------------------------------------------------------------------------------------------------------------
  x_in[2][4]                                              -       -       F     (arrival)             5   105     0    1042 
  u_pre_ln/g1332/Y                                        -       A->Y    F     AND2_X6M_A9TL         1    44   124    1166 
  u_pre_ln/g1368/Y                                        -       A0->Y   R     AOI21_X8M_A9TL        4   158   120    1286 
  gen_ln[2].u_ln/g1311__3680/Y                            -       A->Y    F     NOR2_X8A_A9TL         3   104    80    1366 
  gen_ln[2].u_ln/g1288__9315/Y                            -       A->Y    R     NAND2_X8M_A9TL        2    80    84    1450 
  gen_ln[2].u_ln/g1284/Y                                  -       A->Y    F     INV_X7P5M_A9TL        3    42    48    1498 
  gen_ln[2].u_ln/g1283/Y                                  -       A->Y    R     INV_X5M_A9TL          2    58    52    1550 
  gen_ln[2].u_ln/g1282/Y                                  -       A->Y    F     INV_X3M_A9TL          3    53    56    1606 
  gen_ln[2].u_ln/g1253__1666/Y                            -       A->Y    R     NAND2_X6M_A9TL        2    85    69    1675 
  gen_ln[2].u_ln/g1239__7098/Y                            -       B->Y    F     NAND2_X8A_A9TL        7    87    88    1763 
  gen_ln[2].u_ln/csa_tree_add_71_55_groupi_g917__4319/Y   -       A->Y    R     NOR2_X2B_A9TL         1    99    90    1852 
  gen_ln[2].u_ln/csa_tree_add_71_55_groupi_g883__1617/Y   -       BN->Y   R     NAND2XB_X6M_A9TL      1    69   123    1975 
  gen_ln[2].u_ln/csa_tree_add_71_55_groupi_g871__5107/Y   -       B0N->Y  F     AO21B_X6M_A9TL        2    75    69    2044 
  gen_ln[2].u_ln/csa_tree_add_71_55_groupi_g859__9315/Y   -       S0->Y   F     MXIT2_X4M_A9TL        2   107   106    2150 
  gen_ln[2].u_ln/csa_tree_add_71_55_groupi_g849__6131/Y   -       A->Y    R     NAND2XB_X6M_A9TL      2    66    71    2221 
  gen_ln[2].u_ln/csa_tree_add_71_55_groupi_g836__6783/Y   -       A->Y    F     NAND2XB_X3M_A9TL      1    67    61    2282 
  gen_ln[2].u_ln/csa_tree_add_71_55_groupi_g835__5526/Y   -       B->Y    R     NAND2_X6M_A9TL        2    72    75    2357 
  gen_ln[2].u_ln/csa_tree_add_71_55_groupi_g831__6260/Y   -       B1->Y   R     AO1B2_X6M_A9TL        1    55   121    2478 
  gen_ln[2].u_ln/csa_tree_add_71_55_groupi_g828__5477/Y   -       B0->Y   F     AOI21_X6M_A9TL        2    63    49    2527 
  gen_ln[2].u_ln/csa_tree_add_71_55_groupi_g823__1666/Y   -       A0->Y   R     OAI2XB1_X4M_A9TL      1    89    78    2606 
  gen_ln[2].u_ln/csa_tree_add_71_55_groupi_g822__2346/SUM -       CI->SUM F     ADDFH_X2M_A9TL        1    86   242    2848 
  gen_ln[2].u_ln/g667__6131/Y                             -       A->Y    F     AND2_X8M_A9TL         1    50   115    2963 
  fopt7993/Y                                              -       A->Y    R     INV_X13M_A9TL         3    41    42    3006 
  g7622/Y                                                 -       A->Y    F     NOR2_X8A_A9TL         2    48    37    3043 
  g7594/Y                                                 -       B0->Y   R     AOI21_X4M_A9TL        1    96    82    3124 
  u_post_ln/g2780/Y                                       -       A->Y    F     INV_X4M_A9TL          2    46    51    3176 
  u_post_ln/g2649/Y                                       -       B->Y    R     NAND2_X6M_A9TL        3    89    77    3252 
  u_post_ln/g2618/Y                                       -       A->Y    F     NAND2_X3M_A9TL        1    48    50    3303 
  u_post_ln/g2608/Y                                       -       AN->Y   F     NOR2B_X4M_A9TL        1    46   110    3413 
  s1_exp_in_reg[2][6]/D                                   -       -       F     SDFFRPQ_X2M_A9TL      1     -     0    3413 
#---------------------------------------------------------------------------------------------------------------------------



Path 30: VIOLATED (-394 ps) Setup Check with Pin s1_exp_in_reg[1][6]/CK->D
          Group: in2reg
     Startpoint: (F) x_in[1][4]
          Clock: (R) clk
       Endpoint: (F) s1_exp_in_reg[1][6]/D
          Clock: (R) clk

                     Capture       Launch     
        Clock Edge:+    3300            0     
        Drv Adjust:+       0           52     
       Src Latency:+       0            0     
       Net Latency:+       0 (I)        0 (I) 
           Arrival:=    3300           52     
                                              
             Setup:-     156                  
       Uncertainty:-     125                  
     Required Time:=    3019                  
      Launch Clock:-      52                  
       Input Delay:-     990                  
         Data Path:-    2370                  
             Slack:=    -394                  

Exceptions/Constraints:
  input_delay             990             dut.sdc_line_15_55_1   

#---------------------------------------------------------------------------------------------------------------------------
#                      Timing Point                       Flags    Arc    Edge       Cell        Fanout Trans Delay Arrival 
#                                                                                                        (ps)  (ps)   (ps)  
#---------------------------------------------------------------------------------------------------------------------------
  x_in[1][4]                                              -       -       F     (arrival)             5   105     0    1042 
  u_pre_ln/g1334/Y                                        -       A->Y    F     AND2_X6M_A9TL         1    44   124    1166 
  u_pre_ln/g1363/Y                                        -       A0->Y   R     AOI21_X8M_A9TL        4   158   120    1286 
  gen_ln[1].u_ln/g1311__5107/Y                            -       A->Y    F     NOR2_X8A_A9TL         3   104    80    1366 
  gen_ln[1].u_ln/g1288__6131/Y                            -       A->Y    R     NAND2_X8M_A9TL        2    80    84    1450 
  gen_ln[1].u_ln/g1284/Y                                  -       A->Y    F     INV_X7P5M_A9TL        3    42    48    1498 
  gen_ln[1].u_ln/g1283/Y                                  -       A->Y    R     INV_X5M_A9TL          2    58    52    1550 
  gen_ln[1].u_ln/g1282/Y                                  -       A->Y    F     INV_X3M_A9TL          3    53    56    1606 
  gen_ln[1].u_ln/g1253__4733/Y                            -       A->Y    R     NAND2_X6M_A9TL        2    85    69    1675 
  gen_ln[1].u_ln/g1239__3680/Y                            -       B->Y    F     NAND2_X8A_A9TL        7    87    88    1763 
  gen_ln[1].u_ln/csa_tree_add_71_55_groupi_g917__7410/Y   -       A->Y    R     NOR2_X2B_A9TL         1    99    90    1852 
  gen_ln[1].u_ln/csa_tree_add_71_55_groupi_g883__6260/Y   -       BN->Y   R     NAND2XB_X6M_A9TL      1    69   123    1975 
  gen_ln[1].u_ln/csa_tree_add_71_55_groupi_g871__2346/Y   -       B0N->Y  F     AO21B_X6M_A9TL        2    75    69    2044 
  gen_ln[1].u_ln/csa_tree_add_71_55_groupi_g859__6131/Y   -       S0->Y   F     MXIT2_X4M_A9TL        2   107   106    2150 
  gen_ln[1].u_ln/csa_tree_add_71_55_groupi_g849__1617/Y   -       A->Y    R     NAND2XB_X6M_A9TL      2    66    71    2221 
  gen_ln[1].u_ln/csa_tree_add_71_55_groupi_g836__2398/Y   -       A->Y    F     NAND2XB_X3M_A9TL      1    67    61    2282 
  gen_ln[1].u_ln/csa_tree_add_71_55_groupi_g835__5477/Y   -       B->Y    R     NAND2_X6M_A9TL        2    72    75    2357 
  gen_ln[1].u_ln/csa_tree_add_71_55_groupi_g831__1666/Y   -       B1->Y   R     AO1B2_X6M_A9TL        1    55   121    2478 
  gen_ln[1].u_ln/csa_tree_add_71_55_groupi_g828__9945/Y   -       B0->Y   F     AOI21_X6M_A9TL        2    63    49    2527 
  gen_ln[1].u_ln/csa_tree_add_71_55_groupi_g823__4733/Y   -       A0->Y   R     OAI2XB1_X4M_A9TL      1    89    78    2606 
  gen_ln[1].u_ln/csa_tree_add_71_55_groupi_g822__7482/SUM -       CI->SUM F     ADDFH_X2M_A9TL        1    86   242    2848 
  gen_ln[1].u_ln/g667__1617/Y                             -       A->Y    F     AND2_X8M_A9TL         1    50   115    2963 
  fopt7989/Y                                              -       A->Y    R     INV_X13M_A9TL         3    41    42    3006 
  g7624/Y                                                 -       A->Y    F     NOR2_X8A_A9TL         2    48    37    3043 
  g7599/Y                                                 -       B0->Y   R     AOI21_X4M_A9TL        1    96    82    3124 
  u_post_ln/g2794/Y                                       -       A->Y    F     INV_X4M_A9TL          2    46    51    3176 
  u_post_ln/g2652/Y                                       -       B->Y    R     NAND2_X6M_A9TL        3    89    77    3252 
  u_post_ln/g2631/Y                                       -       A->Y    F     NAND2_X3M_A9TL        1    48    50    3303 
  u_post_ln/g2611/Y                                       -       AN->Y   F     NOR2B_X4M_A9TL        1    46   110    3413 
  s1_exp_in_reg[1][6]/D                                   -       -       F     SDFFRPQ_X2M_A9TL      1     -     0    3413 
#---------------------------------------------------------------------------------------------------------------------------



Path 31: VIOLATED (-394 ps) Setup Check with Pin s1_exp_in_reg[0][6]/CK->D
          Group: in2reg
     Startpoint: (F) x_in[0][4]
          Clock: (R) clk
       Endpoint: (F) s1_exp_in_reg[0][6]/D
          Clock: (R) clk

                     Capture       Launch     
        Clock Edge:+    3300            0     
        Drv Adjust:+       0           52     
       Src Latency:+       0            0     
       Net Latency:+       0 (I)        0 (I) 
           Arrival:=    3300           52     
                                              
             Setup:-     156                  
       Uncertainty:-     125                  
     Required Time:=    3019                  
      Launch Clock:-      52                  
       Input Delay:-     990                  
         Data Path:-    2370                  
             Slack:=    -394                  

Exceptions/Constraints:
  input_delay             990             dut.sdc_line_15_63_1   

#---------------------------------------------------------------------------------------------------------------------------
#                      Timing Point                       Flags    Arc    Edge       Cell        Fanout Trans Delay Arrival 
#                                                                                                        (ps)  (ps)   (ps)  
#---------------------------------------------------------------------------------------------------------------------------
  x_in[0][4]                                              -       -       F     (arrival)             5   105     0    1042 
  u_pre_ln/g1336/Y                                        -       A->Y    F     AND2_X6M_A9TL         1    44   124    1166 
  u_pre_ln/g1369/Y                                        -       A0->Y   R     AOI21_X8M_A9TL        4   158   120    1286 
  gen_ln[0].u_ln/g1311__2346/Y                            -       A->Y    F     NOR2_X8A_A9TL         3   104    80    1366 
  gen_ln[0].u_ln/g1288__1617/Y                            -       A->Y    R     NAND2_X8M_A9TL        2    80    84    1450 
  gen_ln[0].u_ln/g1284/Y                                  -       A->Y    F     INV_X7P5M_A9TL        3    42    48    1498 
  gen_ln[0].u_ln/g1283/Y                                  -       A->Y    R     INV_X5M_A9TL          2    58    52    1550 
  gen_ln[0].u_ln/g1282/Y                                  -       A->Y    F     INV_X3M_A9TL          3    53    56    1606 
  gen_ln[0].u_ln/g1253__8246/Y                            -       A->Y    R     NAND2_X6M_A9TL        2    85    69    1675 
  gen_ln[0].u_ln/g1239__5107/Y                            -       B->Y    F     NAND2_X8A_A9TL        7    87    88    1763 
  gen_ln[0].u_ln/csa_tree_add_71_55_groupi_g917__6161/Y   -       A->Y    R     NOR2_X2B_A9TL         1    99    90    1852 
  gen_ln[0].u_ln/csa_tree_add_71_55_groupi_g883__1666/Y   -       BN->Y   R     NAND2XB_X6M_A9TL      1    69   123    1975 
  gen_ln[0].u_ln/csa_tree_add_71_55_groupi_g871__7482/Y   -       B0N->Y  F     AO21B_X6M_A9TL        2    75    69    2044 
  gen_ln[0].u_ln/csa_tree_add_71_55_groupi_g859__1617/Y   -       S0->Y   F     MXIT2_X4M_A9TL        2   107   106    2150 
  gen_ln[0].u_ln/csa_tree_add_71_55_groupi_g849__6260/Y   -       A->Y    R     NAND2XB_X6M_A9TL      2    66    71    2221 
  gen_ln[0].u_ln/csa_tree_add_71_55_groupi_g836__2883/Y   -       A->Y    F     NAND2XB_X3M_A9TL      1    67    61    2282 
  gen_ln[0].u_ln/csa_tree_add_71_55_groupi_g835__9945/Y   -       B->Y    R     NAND2_X6M_A9TL        2    72    75    2357 
  gen_ln[0].u_ln/csa_tree_add_71_55_groupi_g831__4733/Y   -       B1->Y   R     AO1B2_X6M_A9TL        1    55   121    2478 
  gen_ln[0].u_ln/csa_tree_add_71_55_groupi_g828__1881/Y   -       B0->Y   F     AOI21_X6M_A9TL        2    63    49    2527 
  gen_ln[0].u_ln/csa_tree_add_71_55_groupi_g823__8246/Y   -       A0->Y   R     OAI2XB1_X4M_A9TL      1    89    78    2606 
  gen_ln[0].u_ln/csa_tree_add_71_55_groupi_g822__5122/SUM -       CI->SUM F     ADDFH_X2M_A9TL        1    86   242    2848 
  gen_ln[0].u_ln/g667__6260/Y                             -       A->Y    F     AND2_X8M_A9TL         1    50   115    2963 
  fopt7987/Y                                              -       A->Y    R     INV_X13M_A9TL         3    41    42    3006 
  g7623/Y                                                 -       A->Y    F     NOR2_X8A_A9TL         2    48    37    3043 
  g7600/Y                                                 -       B0->Y   R     AOI21_X4M_A9TL        1    96    82    3124 
  u_post_ln/g2784/Y                                       -       A->Y    F     INV_X4M_A9TL          2    46    51    3176 
  u_post_ln/g2658/Y                                       -       B->Y    R     NAND2_X6M_A9TL        3    89    77    3252 
  u_post_ln/g2632/Y                                       -       A->Y    F     NAND2_X3M_A9TL        1    48    50    3303 
  u_post_ln/g2612/Y                                       -       AN->Y   F     NOR2B_X4M_A9TL        1    46   110    3413 
  s1_exp_in_reg[0][6]/D                                   -       -       F     SDFFRPQ_X2M_A9TL      1     -     0    3413 
#---------------------------------------------------------------------------------------------------------------------------



Path 32: VIOLATED (-394 ps) Setup Check with Pin s1_exp_in_reg[6][6]/CK->D
          Group: in2reg
     Startpoint: (F) x_in[6][4]
          Clock: (R) clk
       Endpoint: (R) s1_exp_in_reg[6][6]/D
          Clock: (R) clk

                     Capture       Launch     
        Clock Edge:+    3300            0     
        Drv Adjust:+       0           52     
       Src Latency:+       0            0     
       Net Latency:+       0 (I)        0 (I) 
           Arrival:=    3300           52     
                                              
             Setup:-     160                  
       Uncertainty:-     125                  
     Required Time:=    3015                  
      Launch Clock:-      52                  
       Input Delay:-     990                  
         Data Path:-    2366                  
             Slack:=    -394                  

Exceptions/Constraints:
  input_delay             990             dut.sdc_line_15_15_1   

#---------------------------------------------------------------------------------------------------------------------
#                   Timing Point                    Flags    Arc    Edge       Cell        Fanout Trans Delay Arrival 
#                                                                                                  (ps)  (ps)   (ps)  
#---------------------------------------------------------------------------------------------------------------------
  x_in[6][4]                                        -       -       F     (arrival)             5   105     0    1042 
  u_pre_ln/g1335/Y                                  -       A->Y    F     AND2_X6M_A9TL         1    44   124    1166 
  u_pre_ln/g1364/Y                                  -       A0->Y   R     AOI21_X8M_A9TL        4   158   120    1286 
  gen_ln[6].u_ln/g1311/Y                            -       A->Y    F     NOR2_X8A_A9TL         3   104    80    1366 
  gen_ln[6].u_ln/g1288/Y                            -       A->Y    R     NAND2_X8M_A9TL        2    80    84    1450 
  gen_ln[6].u_ln/g1284/Y                            -       A->Y    F     INV_X7P5M_A9TL        3    42    48    1498 
  gen_ln[6].u_ln/g1283/Y                            -       A->Y    R     INV_X5M_A9TL          2    58    52    1550 
  gen_ln[6].u_ln/g1268/Y                            -       A->Y    F     NOR2XB_X8M_A9TL       2    54    47    1597 
  gen_ln[6].u_ln/fopt3/Y                            -       A->Y    R     INV_X4M_A9TL          4    69    65    1661 
  gen_ln[6].u_ln/fopt1341/Y                         -       A->Y    F     INV_X4M_A9TL          2    32    39    1700 
  gen_ln[6].u_ln/csa_tree_add_71_55_groupi_g912/Y   -       S0->Y   R     MXIT2_X0P7M_A9TL      1   365   179    1879 
  gen_ln[6].u_ln/csa_tree_add_71_55_groupi_g943/Y   -       A->Y    R     XOR2_X3M_A9TL         2   171   154    2033 
  gen_ln[6].u_ln/csa_tree_add_71_55_groupi_g846/Y   -       BN->Y   R     NAND2XB_X2M_A9TL      2   111   179    2212 
  gen_ln[6].u_ln/csa_tree_add_71_55_groupi_g840/Y   -       B->Y    R     AND2_X3M_A9TL         2    90   143    2355 
  gen_ln[6].u_ln/csa_tree_add_71_55_groupi_g831/Y   -       B0->Y   R     AO1B2_X6M_A9TL        1    55   124    2479 
  gen_ln[6].u_ln/csa_tree_add_71_55_groupi_g828/Y   -       B0->Y   F     AOI21_X6M_A9TL        2    63    49    2528 
  gen_ln[6].u_ln/csa_tree_add_71_55_groupi_g823/Y   -       A0->Y   R     OAI2XB1_X4M_A9TL      1    89    78    2606 
  gen_ln[6].u_ln/csa_tree_add_71_55_groupi_g822/SUM -       CI->SUM F     ADDFH_X2M_A9TL        1    86   242    2849 
  gen_ln[6].u_ln/g667/Y                             -       A->Y    F     AND2_X8M_A9TL         1    50   115    2964 
  fopt7979/Y                                        -       A->Y    R     INV_X13M_A9TL         3    41    42    3006 
  g7619/Y                                           -       A->Y    F     NOR2_X8A_A9TL         2    48    37    3043 
  g8044/Y                                           -       B->Y    F     OR2_X4M_A9TL          1    48   118    3161 
  g7579/Y                                           -       A->Y    F     AND2_X11M_A9TL        2    38    92    3253 
  u_post_ln/g2630/Y                                 -       B->Y    R     NAND2_X3M_A9TL        1    58    55    3308 
  u_post_ln/g2609/Y                                 -       AN->Y   R     NOR2B_X4M_A9TL        1    59   101    3408 
  s1_exp_in_reg[6][6]/D                             -       -       R     SDFFRPQ_X2M_A9TL      1     -     0    3409 
#---------------------------------------------------------------------------------------------------------------------



Path 33: VIOLATED (-394 ps) Setup Check with Pin s1_exp_in_reg[6][6]/CK->D
          Group: in2reg
     Startpoint: (F) x_in[6][4]
          Clock: (R) clk
       Endpoint: (F) s1_exp_in_reg[6][6]/D
          Clock: (R) clk

                     Capture       Launch     
        Clock Edge:+    3300            0     
        Drv Adjust:+       0           52     
       Src Latency:+       0            0     
       Net Latency:+       0 (I)        0 (I) 
           Arrival:=    3300           52     
                                              
             Setup:-     156                  
       Uncertainty:-     125                  
     Required Time:=    3019                  
      Launch Clock:-      52                  
       Input Delay:-     990                  
         Data Path:-    2370                  
             Slack:=    -394                  

Exceptions/Constraints:
  input_delay             990             dut.sdc_line_15_15_1   

#-----------------------------------------------------------------------------------------------------------------------
#                   Timing Point                    Flags    Arc    Edge        Cell         Fanout Trans Delay Arrival 
#                                                                                                    (ps)  (ps)   (ps)  
#-----------------------------------------------------------------------------------------------------------------------
  x_in[6][4]                                        -       -       F     (arrival)               5   105     0    1042 
  u_pre_ln/g1335/Y                                  -       A->Y    F     AND2_X6M_A9TL           1    44   124    1166 
  u_pre_ln/g1364/Y                                  -       A0->Y   R     AOI21_X8M_A9TL          4   158   120    1286 
  gen_ln[6].u_ln/g1315/Y                            -       A->Y    F     INV_X4M_A9TL            2    71    77    1363 
  gen_ln[6].u_ln/g1314/Y                            -       A->Y    R     INV_X6B_A9TL            2    42    47    1410 
  gen_ln[6].u_ln/g1264/Y                            -       DN->Y   R     NAND4XXXB_X4M_A9TL      1   137   150    1560 
  gen_ln[6].u_ln/g1246/Y                            -       C0->Y   R     OA211_X4M_A9TL          1    65   139    1699 
  gen_ln[6].u_ln/g1240/Y                            -       A->Y    F     NAND2XB_X8M_A9TL        4    74    65    1764 
  gen_ln[6].u_ln/csa_tree_add_71_55_groupi_g907/Y   -       B0->Y   R     OAI21_X8M_A9TL          2   102    75    1840 
  gen_ln[6].u_ln/csa_tree_add_71_55_groupi_g891/Y   -       A0->Y   F     OAI2XB1_X8M_A9TL        2    70    75    1915 
  gen_ln[6].u_ln/csa_tree_add_71_55_groupi_g883/Y   -       A->Y    R     NAND2XB_X6M_A9TL        1    69    62    1976 
  gen_ln[6].u_ln/csa_tree_add_71_55_groupi_g871/Y   -       B0N->Y  F     AO21B_X6M_A9TL          2    75    69    2045 
  gen_ln[6].u_ln/csa_tree_add_71_55_groupi_g859/Y   -       S0->Y   F     MXIT2_X4M_A9TL          2   107   106    2151 
  gen_ln[6].u_ln/csa_tree_add_71_55_groupi_g937/Y   -       A->Y    F     OR2_X4M_A9TL            2    62   142    2293 
  gen_ln[6].u_ln/csa_tree_add_71_55_groupi_g835/Y   -       A->Y    R     NAND2_X6M_A9TL          2    72    64    2357 
  gen_ln[6].u_ln/csa_tree_add_71_55_groupi_g831/Y   -       B1->Y   R     AO1B2_X6M_A9TL          1    55   121    2478 
  gen_ln[6].u_ln/csa_tree_add_71_55_groupi_g828/Y   -       B0->Y   F     AOI21_X6M_A9TL          2    63    49    2527 
  gen_ln[6].u_ln/csa_tree_add_71_55_groupi_g823/Y   -       A0->Y   R     OAI2XB1_X4M_A9TL        1    89    78    2606 
  gen_ln[6].u_ln/csa_tree_add_71_55_groupi_g822/SUM -       CI->SUM F     ADDFH_X2M_A9TL          1    86   242    2848 
  gen_ln[6].u_ln/g667/Y                             -       A->Y    F     AND2_X8M_A9TL           1    50   115    2963 
  fopt7979/Y                                        -       A->Y    R     INV_X13M_A9TL           3    41    42    3005 
  g7619/Y                                           -       A->Y    F     NOR2_X8A_A9TL           2    48    37    3043 
  g7595/Y                                           -       B0->Y   R     AOI21_X4M_A9TL          1    96    82    3124 
  u_post_ln/g2802/Y                                 -       A->Y    F     INV_X4M_A9TL            2    46    51    3176 
  u_post_ln/g2650/Y                                 -       B->Y    R     NAND2_X6M_A9TL          3    89    77    3252 
  u_post_ln/g2630/Y                                 -       A->Y    F     NAND2_X3M_A9TL          1    48    50    3302 
  u_post_ln/g2609/Y                                 -       AN->Y   F     NOR2B_X4M_A9TL          1    46   110    3413 
  s1_exp_in_reg[6][6]/D                             -       -       F     SDFFRPQ_X2M_A9TL        1     -     0    3413 
#-----------------------------------------------------------------------------------------------------------------------



Path 34: VIOLATED (-394 ps) Setup Check with Pin s1_exp_in_reg[5][6]/CK->D
          Group: in2reg
     Startpoint: (F) x_in[5][4]
          Clock: (R) clk
       Endpoint: (R) s1_exp_in_reg[5][6]/D
          Clock: (R) clk

                     Capture       Launch     
        Clock Edge:+    3300            0     
        Drv Adjust:+       0           52     
       Src Latency:+       0            0     
       Net Latency:+       0 (I)        0 (I) 
           Arrival:=    3300           52     
                                              
             Setup:-     160                  
       Uncertainty:-     125                  
     Required Time:=    3015                  
      Launch Clock:-      52                  
       Input Delay:-     990                  
         Data Path:-    2366                  
             Slack:=    -394                  

Exceptions/Constraints:
  input_delay             990             dut.sdc_line_15_23_1   

#---------------------------------------------------------------------------------------------------------------------------
#                      Timing Point                       Flags    Arc    Edge       Cell        Fanout Trans Delay Arrival 
#                                                                                                        (ps)  (ps)   (ps)  
#---------------------------------------------------------------------------------------------------------------------------
  x_in[5][4]                                              -       -       F     (arrival)             5   105     0    1042 
  u_pre_ln/g1333/Y                                        -       A->Y    F     AND2_X6M_A9TL         1    44   124    1166 
  u_pre_ln/g1365/Y                                        -       A0->Y   R     AOI21_X8M_A9TL        4   158   120    1286 
  gen_ln[5].u_ln/g1311__7410/Y                            -       A->Y    F     NOR2_X8A_A9TL         3   104    80    1366 
  gen_ln[5].u_ln/g1288__1705/Y                            -       A->Y    R     NAND2_X8M_A9TL        2    80    84    1450 
  gen_ln[5].u_ln/g1284/Y                                  -       A->Y    F     INV_X7P5M_A9TL        3    42    48    1498 
  gen_ln[5].u_ln/g1283/Y                                  -       A->Y    R     INV_X5M_A9TL          2    58    52    1550 
  gen_ln[5].u_ln/g1268__6417/Y                            -       A->Y    F     NOR2XB_X8M_A9TL       2    54    47    1597 
  gen_ln[5].u_ln/fopt3/Y                                  -       A->Y    R     INV_X4M_A9TL          4    69    65    1661 
  gen_ln[5].u_ln/fopt1341/Y                               -       A->Y    F     INV_X4M_A9TL          2    32    39    1700 
  gen_ln[5].u_ln/csa_tree_add_71_55_groupi_g912/Y         -       S0->Y   R     MXIT2_X0P7M_A9TL      1   365   179    1879 
  gen_ln[5].u_ln/csa_tree_add_71_55_groupi_g943/Y         -       A->Y    R     XOR2_X3M_A9TL         2   171   154    2033 
  gen_ln[5].u_ln/csa_tree_add_71_55_groupi_g846__4319/Y   -       BN->Y   R     NAND2XB_X2M_A9TL      2   111   179    2212 
  gen_ln[5].u_ln/csa_tree_add_71_55_groupi_g840__5477/Y   -       B->Y    R     AND2_X3M_A9TL         2    90   143    2355 
  gen_ln[5].u_ln/csa_tree_add_71_55_groupi_g831__9315/Y   -       B0->Y   R     AO1B2_X6M_A9TL        1    55   124    2479 
  gen_ln[5].u_ln/csa_tree_add_71_55_groupi_g828__7482/Y   -       B0->Y   F     AOI21_X6M_A9TL        2    63    49    2528 
  gen_ln[5].u_ln/csa_tree_add_71_55_groupi_g823__6131/Y   -       A0->Y   R     OAI2XB1_X4M_A9TL      1    89    78    2606 
  gen_ln[5].u_ln/csa_tree_add_71_55_groupi_g822__7098/SUM -       CI->SUM F     ADDFH_X2M_A9TL        1    86   242    2849 
  gen_ln[5].u_ln/g667__8428/Y                             -       A->Y    F     AND2_X8M_A9TL         1    50   115    2964 
  fopt7983/Y                                              -       A->Y    R     INV_X13M_A9TL         3    41    42    3006 
  g7621/Y                                                 -       A->Y    F     NOR2_X8A_A9TL         2    48    37    3043 
  g8046/Y                                                 -       B->Y    F     OR2_X4M_A9TL          1    48   118    3161 
  g7581/Y                                                 -       A->Y    F     AND2_X11M_A9TL        2    38    92    3253 
  u_post_ln/g2620/Y                                       -       B->Y    R     NAND2_X3M_A9TL        1    58    55    3308 
  u_post_ln/g2605/Y                                       -       AN->Y   R     NOR2B_X4M_A9TL        1    59   101    3408 
  s1_exp_in_reg[5][6]/D                                   -       -       R     SDFFRPQ_X2M_A9TL      1     -     0    3409 
#---------------------------------------------------------------------------------------------------------------------------



Path 35: VIOLATED (-394 ps) Setup Check with Pin s1_exp_in_reg[5][6]/CK->D
          Group: in2reg
     Startpoint: (F) x_in[5][4]
          Clock: (R) clk
       Endpoint: (F) s1_exp_in_reg[5][6]/D
          Clock: (R) clk

                     Capture       Launch     
        Clock Edge:+    3300            0     
        Drv Adjust:+       0           52     
       Src Latency:+       0            0     
       Net Latency:+       0 (I)        0 (I) 
           Arrival:=    3300           52     
                                              
             Setup:-     156                  
       Uncertainty:-     125                  
     Required Time:=    3019                  
      Launch Clock:-      52                  
       Input Delay:-     990                  
         Data Path:-    2370                  
             Slack:=    -394                  

Exceptions/Constraints:
  input_delay             990             dut.sdc_line_15_23_1   

#-----------------------------------------------------------------------------------------------------------------------------
#                      Timing Point                       Flags    Arc    Edge        Cell         Fanout Trans Delay Arrival 
#                                                                                                          (ps)  (ps)   (ps)  
#-----------------------------------------------------------------------------------------------------------------------------
  x_in[5][4]                                              -       -       F     (arrival)               5   105     0    1042 
  u_pre_ln/g1333/Y                                        -       A->Y    F     AND2_X6M_A9TL           1    44   124    1166 
  u_pre_ln/g1365/Y                                        -       A0->Y   R     AOI21_X8M_A9TL          4   158   120    1286 
  gen_ln[5].u_ln/g1315/Y                                  -       A->Y    F     INV_X4M_A9TL            2    71    77    1363 
  gen_ln[5].u_ln/g1314/Y                                  -       A->Y    R     INV_X6B_A9TL            2    42    47    1410 
  gen_ln[5].u_ln/g1264__2883/Y                            -       DN->Y   R     NAND4XXXB_X4M_A9TL      1   137   150    1560 
  gen_ln[5].u_ln/g1246__2802/Y                            -       C0->Y   R     OA211_X4M_A9TL          1    65   139    1699 
  gen_ln[5].u_ln/g1240__8428/Y                            -       A->Y    F     NAND2XB_X8M_A9TL        4    74    65    1764 
  gen_ln[5].u_ln/csa_tree_add_71_55_groupi_g907/Y         -       B0->Y   R     OAI21_X8M_A9TL          2   102    75    1840 
  gen_ln[5].u_ln/csa_tree_add_71_55_groupi_g891/Y         -       A0->Y   F     OAI2XB1_X8M_A9TL        2    70    75    1915 
  gen_ln[5].u_ln/csa_tree_add_71_55_groupi_g883/Y         -       A->Y    R     NAND2XB_X6M_A9TL        1    69    62    1976 
  gen_ln[5].u_ln/csa_tree_add_71_55_groupi_g871__6161/Y   -       B0N->Y  F     AO21B_X6M_A9TL          2    75    69    2045 
  gen_ln[5].u_ln/csa_tree_add_71_55_groupi_g859__1705/Y   -       S0->Y   F     MXIT2_X4M_A9TL          2   107   106    2151 
  gen_ln[5].u_ln/csa_tree_add_71_55_groupi_g937/Y         -       A->Y    F     OR2_X4M_A9TL            2    62   142    2293 
  gen_ln[5].u_ln/csa_tree_add_71_55_groupi_g835__2346/Y   -       A->Y    R     NAND2_X6M_A9TL          2    72    64    2357 
  gen_ln[5].u_ln/csa_tree_add_71_55_groupi_g831__9315/Y   -       B1->Y   R     AO1B2_X6M_A9TL          1    55   121    2478 
  gen_ln[5].u_ln/csa_tree_add_71_55_groupi_g828__7482/Y   -       B0->Y   F     AOI21_X6M_A9TL          2    63    49    2527 
  gen_ln[5].u_ln/csa_tree_add_71_55_groupi_g823__6131/Y   -       A0->Y   R     OAI2XB1_X4M_A9TL        1    89    78    2606 
  gen_ln[5].u_ln/csa_tree_add_71_55_groupi_g822__7098/SUM -       CI->SUM F     ADDFH_X2M_A9TL          1    86   242    2848 
  gen_ln[5].u_ln/g667__8428/Y                             -       A->Y    F     AND2_X8M_A9TL           1    50   115    2963 
  fopt7983/Y                                              -       A->Y    R     INV_X13M_A9TL           3    41    42    3005 
  g7621/Y                                                 -       A->Y    F     NOR2_X8A_A9TL           2    48    37    3043 
  g7597/Y                                                 -       B0->Y   R     AOI21_X4M_A9TL          1    96    82    3124 
  u_post_ln/g2776/Y                                       -       A->Y    F     INV_X4M_A9TL            2    46    51    3176 
  u_post_ln/g2651/Y                                       -       B->Y    R     NAND2_X6M_A9TL          3    89    77    3252 
  u_post_ln/g2620/Y                                       -       A->Y    F     NAND2_X3M_A9TL          1    48    50    3302 
  u_post_ln/g2605/Y                                       -       AN->Y   F     NOR2B_X4M_A9TL          1    46   110    3413 
  s1_exp_in_reg[5][6]/D                                   -       -       F     SDFFRPQ_X2M_A9TL        1     -     0    3413 
#-----------------------------------------------------------------------------------------------------------------------------



Path 36: VIOLATED (-394 ps) Setup Check with Pin s1_exp_in_reg[4][6]/CK->D
          Group: in2reg
     Startpoint: (F) x_in[4][4]
          Clock: (R) clk
       Endpoint: (R) s1_exp_in_reg[4][6]/D
          Clock: (R) clk

                     Capture       Launch     
        Clock Edge:+    3300            0     
        Drv Adjust:+       0           52     
       Src Latency:+       0            0     
       Net Latency:+       0 (I)        0 (I) 
           Arrival:=    3300           52     
                                              
             Setup:-     160                  
       Uncertainty:-     125                  
     Required Time:=    3015                  
      Launch Clock:-      52                  
       Input Delay:-     990                  
         Data Path:-    2366                  
             Slack:=    -394                  

Exceptions/Constraints:
  input_delay             990             dut.sdc_line_15_31_1   

#---------------------------------------------------------------------------------------------------------------------------
#                      Timing Point                       Flags    Arc    Edge       Cell        Fanout Trans Delay Arrival 
#                                                                                                        (ps)  (ps)   (ps)  
#---------------------------------------------------------------------------------------------------------------------------
  x_in[4][4]                                              -       -       F     (arrival)             5   105     0    1042 
  u_pre_ln/g1331/Y                                        -       A->Y    F     AND2_X6M_A9TL         1    44   124    1166 
  u_pre_ln/g1366/Y                                        -       A0->Y   R     AOI21_X8M_A9TL        4   158   120    1286 
  gen_ln[4].u_ln/g1311__6161/Y                            -       A->Y    F     NOR2_X8A_A9TL         3   104    80    1366 
  gen_ln[4].u_ln/g1288__8428/Y                            -       A->Y    R     NAND2_X8M_A9TL        2    80    84    1450 
  gen_ln[4].u_ln/g1284/Y                                  -       A->Y    F     INV_X7P5M_A9TL        3    42    48    1498 
  gen_ln[4].u_ln/g1283/Y                                  -       A->Y    R     INV_X5M_A9TL          2    58    52    1550 
  gen_ln[4].u_ln/g1268__9315/Y                            -       A->Y    F     NOR2XB_X8M_A9TL       2    54    47    1597 
  gen_ln[4].u_ln/fopt3/Y                                  -       A->Y    R     INV_X4M_A9TL          4    69    65    1661 
  gen_ln[4].u_ln/fopt1341/Y                               -       A->Y    F     INV_X4M_A9TL          2    32    39    1700 
  gen_ln[4].u_ln/csa_tree_add_71_55_groupi_g912__1705/Y   -       S0->Y   R     MXIT2_X0P7M_A9TL      1   365   179    1879 
  gen_ln[4].u_ln/csa_tree_add_71_55_groupi_g943__5107/Y   -       A->Y    R     XOR2_X3M_A9TL         2   171   154    2033 
  gen_ln[4].u_ln/csa_tree_add_71_55_groupi_g846__7410/Y   -       BN->Y   R     NAND2XB_X2M_A9TL      2   111   179    2212 
  gen_ln[4].u_ln/csa_tree_add_71_55_groupi_g840__9945/Y   -       B->Y    R     AND2_X3M_A9TL         2    90   143    2355 
  gen_ln[4].u_ln/csa_tree_add_71_55_groupi_g831__6131/Y   -       B0->Y   R     AO1B2_X6M_A9TL        1    55   124    2479 
  gen_ln[4].u_ln/csa_tree_add_71_55_groupi_g828__5122/Y   -       B0->Y   F     AOI21_X6M_A9TL        2    63    49    2528 
  gen_ln[4].u_ln/csa_tree_add_71_55_groupi_g823__1617/Y   -       A0->Y   R     OAI2XB1_X4M_A9TL      1    89    78    2606 
  gen_ln[4].u_ln/csa_tree_add_71_55_groupi_g822__3680/SUM -       CI->SUM F     ADDFH_X2M_A9TL        1    86   242    2849 
  gen_ln[4].u_ln/g667__6417/Y                             -       A->Y    F     AND2_X8M_A9TL         1    50   115    2964 
  fopt7981/Y                                              -       A->Y    R     INV_X13M_A9TL         3    41    42    3006 
  g7620/Y                                                 -       A->Y    F     NOR2_X8A_A9TL         2    48    37    3043 
  g8045/Y                                                 -       B->Y    F     OR2_X4M_A9TL          1    48   118    3161 
  g7580/Y                                                 -       A->Y    F     AND2_X11M_A9TL        2    38    92    3253 
  u_post_ln/g2629/Y                                       -       B->Y    R     NAND2_X3M_A9TL        1    58    55    3308 
  u_post_ln/g2610/Y                                       -       AN->Y   R     NOR2B_X4M_A9TL        1    59   101    3408 
  s1_exp_in_reg[4][6]/D                                   -       -       R     SDFFRPQ_X2M_A9TL      1     -     0    3409 
#---------------------------------------------------------------------------------------------------------------------------



Path 37: VIOLATED (-394 ps) Setup Check with Pin s1_exp_in_reg[4][6]/CK->D
          Group: in2reg
     Startpoint: (F) x_in[4][4]
          Clock: (R) clk
       Endpoint: (F) s1_exp_in_reg[4][6]/D
          Clock: (R) clk

                     Capture       Launch     
        Clock Edge:+    3300            0     
        Drv Adjust:+       0           52     
       Src Latency:+       0            0     
       Net Latency:+       0 (I)        0 (I) 
           Arrival:=    3300           52     
                                              
             Setup:-     156                  
       Uncertainty:-     125                  
     Required Time:=    3019                  
      Launch Clock:-      52                  
       Input Delay:-     990                  
         Data Path:-    2370                  
             Slack:=    -394                  

Exceptions/Constraints:
  input_delay             990             dut.sdc_line_15_31_1   

#-----------------------------------------------------------------------------------------------------------------------------
#                      Timing Point                       Flags    Arc    Edge        Cell         Fanout Trans Delay Arrival 
#                                                                                                          (ps)  (ps)   (ps)  
#-----------------------------------------------------------------------------------------------------------------------------
  x_in[4][4]                                              -       -       F     (arrival)               5   105     0    1042 
  u_pre_ln/g1331/Y                                        -       A->Y    F     AND2_X6M_A9TL           1    44   124    1166 
  u_pre_ln/g1366/Y                                        -       A0->Y   R     AOI21_X8M_A9TL          4   158   120    1286 
  gen_ln[4].u_ln/g1315/Y                                  -       A->Y    F     INV_X4M_A9TL            2    71    77    1363 
  gen_ln[4].u_ln/g1314/Y                                  -       A->Y    R     INV_X6B_A9TL            2    42    47    1410 
  gen_ln[4].u_ln/g1264__5115/Y                            -       DN->Y   R     NAND4XXXB_X4M_A9TL      1   137   150    1560 
  gen_ln[4].u_ln/g1246__4319/Y                            -       C0->Y   R     OA211_X4M_A9TL          1    65   139    1699 
  gen_ln[4].u_ln/g1240__6417/Y                            -       A->Y    F     NAND2XB_X8M_A9TL        4    74    65    1764 
  gen_ln[4].u_ln/csa_tree_add_71_55_groupi_g907__6783/Y   -       B0->Y   R     OAI21_X8M_A9TL          2   102    75    1840 
  gen_ln[4].u_ln/csa_tree_add_71_55_groupi_g891__6417/Y   -       A0->Y   F     OAI2XB1_X8M_A9TL        2    70    75    1915 
  gen_ln[4].u_ln/csa_tree_add_71_55_groupi_g883__9315/Y   -       A->Y    R     NAND2XB_X6M_A9TL        1    69    62    1976 
  gen_ln[4].u_ln/csa_tree_add_71_55_groupi_g871__7098/Y   -       B0N->Y  F     AO21B_X6M_A9TL          2    75    69    2045 
  gen_ln[4].u_ln/csa_tree_add_71_55_groupi_g859__8428/Y   -       S0->Y   F     MXIT2_X4M_A9TL          2   107   106    2151 
  gen_ln[4].u_ln/csa_tree_add_71_55_groupi_g937__7410/Y   -       A->Y    F     OR2_X4M_A9TL            2    62   142    2293 
  gen_ln[4].u_ln/csa_tree_add_71_55_groupi_g835__7482/Y   -       A->Y    R     NAND2_X6M_A9TL          2    72    64    2357 
  gen_ln[4].u_ln/csa_tree_add_71_55_groupi_g831__6131/Y   -       B1->Y   R     AO1B2_X6M_A9TL          1    55   121    2478 
  gen_ln[4].u_ln/csa_tree_add_71_55_groupi_g828__5122/Y   -       B0->Y   F     AOI21_X6M_A9TL          2    63    49    2527 
  gen_ln[4].u_ln/csa_tree_add_71_55_groupi_g823__1617/Y   -       A0->Y   R     OAI2XB1_X4M_A9TL        1    89    78    2606 
  gen_ln[4].u_ln/csa_tree_add_71_55_groupi_g822__3680/SUM -       CI->SUM F     ADDFH_X2M_A9TL          1    86   242    2848 
  gen_ln[4].u_ln/g667__6417/Y                             -       A->Y    F     AND2_X8M_A9TL           1    50   115    2963 
  fopt7981/Y                                              -       A->Y    R     INV_X13M_A9TL           3    41    42    3005 
  g7620/Y                                                 -       A->Y    F     NOR2_X8A_A9TL           2    48    37    3043 
  g7596/Y                                                 -       B0->Y   R     AOI21_X4M_A9TL          1    96    82    3124 
  u_post_ln/g2774/Y                                       -       A->Y    F     INV_X4M_A9TL            2    46    51    3176 
  u_post_ln/g2659/Y                                       -       B->Y    R     NAND2_X6M_A9TL          3    89    77    3252 
  u_post_ln/g2629/Y                                       -       A->Y    F     NAND2_X3M_A9TL          1    48    50    3302 
  u_post_ln/g2610/Y                                       -       AN->Y   F     NOR2B_X4M_A9TL          1    46   110    3413 
  s1_exp_in_reg[4][6]/D                                   -       -       F     SDFFRPQ_X2M_A9TL        1     -     0    3413 
#-----------------------------------------------------------------------------------------------------------------------------



Path 38: VIOLATED (-394 ps) Setup Check with Pin s1_exp_in_reg[3][6]/CK->D
          Group: in2reg
     Startpoint: (F) x_in[3][4]
          Clock: (R) clk
       Endpoint: (R) s1_exp_in_reg[3][6]/D
          Clock: (R) clk

                     Capture       Launch     
        Clock Edge:+    3300            0     
        Drv Adjust:+       0           52     
       Src Latency:+       0            0     
       Net Latency:+       0 (I)        0 (I) 
           Arrival:=    3300           52     
                                              
             Setup:-     160                  
       Uncertainty:-     125                  
     Required Time:=    3015                  
      Launch Clock:-      52                  
       Input Delay:-     990                  
         Data Path:-    2366                  
             Slack:=    -394                  

Exceptions/Constraints:
  input_delay             990             dut.sdc_line_15_39_1   

#---------------------------------------------------------------------------------------------------------------------------
#                      Timing Point                       Flags    Arc    Edge       Cell        Fanout Trans Delay Arrival 
#                                                                                                        (ps)  (ps)   (ps)  
#---------------------------------------------------------------------------------------------------------------------------
  x_in[3][4]                                              -       -       F     (arrival)             5   105     0    1042 
  u_pre_ln/g1338/Y                                        -       A->Y    F     AND2_X6M_A9TL         1    44   124    1166 
  u_pre_ln/g2/Y                                           -       A0->Y   R     AOI21_X8M_A9TL        4   158   120    1286 
  gen_ln[3].u_ln/g1311__7098/Y                            -       A->Y    F     NOR2_X8A_A9TL         3   104    80    1366 
  gen_ln[3].u_ln/g1288__6417/Y                            -       A->Y    R     NAND2_X8M_A9TL        2    80    84    1450 
  gen_ln[3].u_ln/g1284/Y                                  -       A->Y    F     INV_X7P5M_A9TL        3    42    48    1498 
  gen_ln[3].u_ln/g1283/Y                                  -       A->Y    R     INV_X5M_A9TL          2    58    52    1550 
  gen_ln[3].u_ln/g1268__6131/Y                            -       A->Y    F     NOR2XB_X8M_A9TL       2    54    47    1597 
  gen_ln[3].u_ln/fopt3/Y                                  -       A->Y    R     INV_X4M_A9TL          4    69    65    1661 
  gen_ln[3].u_ln/fopt1341/Y                               -       A->Y    F     INV_X4M_A9TL          2    32    39    1700 
  gen_ln[3].u_ln/csa_tree_add_71_55_groupi_g912__8428/Y   -       S0->Y   R     MXIT2_X0P7M_A9TL      1   365   179    1879 
  gen_ln[3].u_ln/csa_tree_add_71_55_groupi_g943__2346/Y   -       A->Y    R     XOR2_X3M_A9TL         2   171   154    2033 
  gen_ln[3].u_ln/csa_tree_add_71_55_groupi_g846__6161/Y   -       BN->Y   R     NAND2XB_X2M_A9TL      2   111   179    2212 
  gen_ln[3].u_ln/csa_tree_add_71_55_groupi_g840__1881/Y   -       B->Y    R     AND2_X3M_A9TL         2    90   143    2355 
  gen_ln[3].u_ln/csa_tree_add_71_55_groupi_g831__1617/Y   -       B0->Y   R     AO1B2_X6M_A9TL        1    55   124    2479 
  gen_ln[3].u_ln/csa_tree_add_71_55_groupi_g828__5526/Y   -       B0->Y   F     AOI21_X6M_A9TL        2    63    49    2528 
  gen_ln[3].u_ln/csa_tree_add_71_55_groupi_g823__6260/Y   -       A0->Y   R     OAI2XB1_X4M_A9TL      1    89    78    2606 
  gen_ln[3].u_ln/csa_tree_add_71_55_groupi_g822__5107/SUM -       CI->SUM F     ADDFH_X2M_A9TL        1    86   242    2849 
  gen_ln[3].u_ln/g667__9315/Y                             -       A->Y    F     AND2_X8M_A9TL         1    50   115    2964 
  fopt7991/Y                                              -       A->Y    R     INV_X13M_A9TL         3    41    42    3006 
  g7625/Y                                                 -       A->Y    F     NOR2_X8A_A9TL         2    48    37    3043 
  g8050/Y                                                 -       B->Y    F     OR2_X4M_A9TL          1    48   118    3161 
  g7585/Y                                                 -       A->Y    F     AND2_X11M_A9TL        2    38    92    3253 
  u_post_ln/g2619/Y                                       -       B->Y    R     NAND2_X3M_A9TL        1    58    55    3308 
  u_post_ln/g2607/Y                                       -       AN->Y   R     NOR2B_X4M_A9TL        1    59   101    3408 
  s1_exp_in_reg[3][6]/D                                   -       -       R     SDFFRPQ_X2M_A9TL      1     -     0    3409 
#---------------------------------------------------------------------------------------------------------------------------



Path 39: VIOLATED (-394 ps) Setup Check with Pin s1_exp_in_reg[3][6]/CK->D
          Group: in2reg
     Startpoint: (F) x_in[3][4]
          Clock: (R) clk
       Endpoint: (F) s1_exp_in_reg[3][6]/D
          Clock: (R) clk

                     Capture       Launch     
        Clock Edge:+    3300            0     
        Drv Adjust:+       0           52     
       Src Latency:+       0            0     
       Net Latency:+       0 (I)        0 (I) 
           Arrival:=    3300           52     
                                              
             Setup:-     156                  
       Uncertainty:-     125                  
     Required Time:=    3019                  
      Launch Clock:-      52                  
       Input Delay:-     990                  
         Data Path:-    2370                  
             Slack:=    -394                  

Exceptions/Constraints:
  input_delay             990             dut.sdc_line_15_39_1   

#-----------------------------------------------------------------------------------------------------------------------------
#                      Timing Point                       Flags    Arc    Edge        Cell         Fanout Trans Delay Arrival 
#                                                                                                          (ps)  (ps)   (ps)  
#-----------------------------------------------------------------------------------------------------------------------------
  x_in[3][4]                                              -       -       F     (arrival)               5   105     0    1042 
  u_pre_ln/g1338/Y                                        -       A->Y    F     AND2_X6M_A9TL           1    44   124    1166 
  u_pre_ln/g2/Y                                           -       A0->Y   R     AOI21_X8M_A9TL          4   158   120    1286 
  gen_ln[3].u_ln/g1315/Y                                  -       A->Y    F     INV_X4M_A9TL            2    71    77    1363 
  gen_ln[3].u_ln/g1314/Y                                  -       A->Y    R     INV_X6B_A9TL            2    42    47    1410 
  gen_ln[3].u_ln/g1264__1705/Y                            -       DN->Y   R     NAND4XXXB_X4M_A9TL      1   137   150    1560 
  gen_ln[3].u_ln/g1246__7410/Y                            -       C0->Y   R     OA211_X4M_A9TL          1    65   139    1699 
  gen_ln[3].u_ln/g1240__9315/Y                            -       A->Y    F     NAND2XB_X8M_A9TL        4    74    65    1764 
  gen_ln[3].u_ln/csa_tree_add_71_55_groupi_g907__2398/Y   -       B0->Y   R     OAI21_X8M_A9TL          2   102    75    1840 
  gen_ln[3].u_ln/csa_tree_add_71_55_groupi_g891__9315/Y   -       A0->Y   F     OAI2XB1_X8M_A9TL        2    70    75    1915 
  gen_ln[3].u_ln/csa_tree_add_71_55_groupi_g883__6131/Y   -       A->Y    R     NAND2XB_X6M_A9TL        1    69    62    1976 
  gen_ln[3].u_ln/csa_tree_add_71_55_groupi_g871__3680/Y   -       B0N->Y  F     AO21B_X6M_A9TL          2    75    69    2045 
  gen_ln[3].u_ln/csa_tree_add_71_55_groupi_g859__6417/Y   -       S0->Y   F     MXIT2_X4M_A9TL          2   107   106    2151 
  gen_ln[3].u_ln/csa_tree_add_71_55_groupi_g937__6161/Y   -       A->Y    F     OR2_X4M_A9TL            2    62   142    2293 
  gen_ln[3].u_ln/csa_tree_add_71_55_groupi_g835__5122/Y   -       A->Y    R     NAND2_X6M_A9TL          2    72    64    2357 
  gen_ln[3].u_ln/csa_tree_add_71_55_groupi_g831__1617/Y   -       B1->Y   R     AO1B2_X6M_A9TL          1    55   121    2478 
  gen_ln[3].u_ln/csa_tree_add_71_55_groupi_g828__5526/Y   -       B0->Y   F     AOI21_X6M_A9TL          2    63    49    2527 
  gen_ln[3].u_ln/csa_tree_add_71_55_groupi_g823__6260/Y   -       A0->Y   R     OAI2XB1_X4M_A9TL        1    89    78    2606 
  gen_ln[3].u_ln/csa_tree_add_71_55_groupi_g822__5107/SUM -       CI->SUM F     ADDFH_X2M_A9TL          1    86   242    2848 
  gen_ln[3].u_ln/g667__9315/Y                             -       A->Y    F     AND2_X8M_A9TL           1    50   115    2963 
  fopt7991/Y                                              -       A->Y    R     INV_X13M_A9TL           3    41    42    3005 
  g7625/Y                                                 -       A->Y    F     NOR2_X8A_A9TL           2    48    37    3043 
  g7598/Y                                                 -       B0->Y   R     AOI21_X4M_A9TL          1    96    82    3124 
  u_post_ln/g2777/Y                                       -       A->Y    F     INV_X4M_A9TL            2    46    51    3176 
  u_post_ln/g2660/Y                                       -       B->Y    R     NAND2_X6M_A9TL          3    89    77    3252 
  u_post_ln/g2619/Y                                       -       A->Y    F     NAND2_X3M_A9TL          1    48    50    3302 
  u_post_ln/g2607/Y                                       -       AN->Y   F     NOR2B_X4M_A9TL          1    46   110    3413 
  s1_exp_in_reg[3][6]/D                                   -       -       F     SDFFRPQ_X2M_A9TL        1     -     0    3413 
#-----------------------------------------------------------------------------------------------------------------------------



Path 40: VIOLATED (-394 ps) Setup Check with Pin s1_exp_in_reg[2][6]/CK->D
          Group: in2reg
     Startpoint: (F) x_in[2][4]
          Clock: (R) clk
       Endpoint: (R) s1_exp_in_reg[2][6]/D
          Clock: (R) clk

                     Capture       Launch     
        Clock Edge:+    3300            0     
        Drv Adjust:+       0           52     
       Src Latency:+       0            0     
       Net Latency:+       0 (I)        0 (I) 
           Arrival:=    3300           52     
                                              
             Setup:-     160                  
       Uncertainty:-     125                  
     Required Time:=    3015                  
      Launch Clock:-      52                  
       Input Delay:-     990                  
         Data Path:-    2366                  
             Slack:=    -394                  

Exceptions/Constraints:
  input_delay             990             dut.sdc_line_15_47_1   

#---------------------------------------------------------------------------------------------------------------------------
#                      Timing Point                       Flags    Arc    Edge       Cell        Fanout Trans Delay Arrival 
#                                                                                                        (ps)  (ps)   (ps)  
#---------------------------------------------------------------------------------------------------------------------------
  x_in[2][4]                                              -       -       F     (arrival)             5   105     0    1042 
  u_pre_ln/g1332/Y                                        -       A->Y    F     AND2_X6M_A9TL         1    44   124    1166 
  u_pre_ln/g1368/Y                                        -       A0->Y   R     AOI21_X8M_A9TL        4   158   120    1286 
  gen_ln[2].u_ln/g1311__3680/Y                            -       A->Y    F     NOR2_X8A_A9TL         3   104    80    1366 
  gen_ln[2].u_ln/g1288__9315/Y                            -       A->Y    R     NAND2_X8M_A9TL        2    80    84    1450 
  gen_ln[2].u_ln/g1284/Y                                  -       A->Y    F     INV_X7P5M_A9TL        3    42    48    1498 
  gen_ln[2].u_ln/g1283/Y                                  -       A->Y    R     INV_X5M_A9TL          2    58    52    1550 
  gen_ln[2].u_ln/g1268__1617/Y                            -       A->Y    F     NOR2XB_X8M_A9TL       2    54    47    1597 
  gen_ln[2].u_ln/fopt3/Y                                  -       A->Y    R     INV_X4M_A9TL          4    69    65    1661 
  gen_ln[2].u_ln/fopt1341/Y                               -       A->Y    F     INV_X4M_A9TL          2    32    39    1700 
  gen_ln[2].u_ln/csa_tree_add_71_55_groupi_g912__6417/Y   -       S0->Y   R     MXIT2_X0P7M_A9TL      1   365   179    1879 
  gen_ln[2].u_ln/csa_tree_add_71_55_groupi_g943__7482/Y   -       A->Y    R     XOR2_X3M_A9TL         2   171   154    2033 
  gen_ln[2].u_ln/csa_tree_add_71_55_groupi_g846__7098/Y   -       BN->Y   R     NAND2XB_X2M_A9TL      2   111   179    2212 
  gen_ln[2].u_ln/csa_tree_add_71_55_groupi_g840__2802/Y   -       B->Y    R     AND2_X3M_A9TL         2    90   143    2355 
  gen_ln[2].u_ln/csa_tree_add_71_55_groupi_g831__6260/Y   -       B0->Y   R     AO1B2_X6M_A9TL        1    55   124    2479 
  gen_ln[2].u_ln/csa_tree_add_71_55_groupi_g828__5477/Y   -       B0->Y   F     AOI21_X6M_A9TL        2    63    49    2528 
  gen_ln[2].u_ln/csa_tree_add_71_55_groupi_g823__1666/Y   -       A0->Y   R     OAI2XB1_X4M_A9TL      1    89    78    2606 
  gen_ln[2].u_ln/csa_tree_add_71_55_groupi_g822__2346/SUM -       CI->SUM F     ADDFH_X2M_A9TL        1    86   242    2849 
  gen_ln[2].u_ln/g667__6131/Y                             -       A->Y    F     AND2_X8M_A9TL         1    50   115    2964 
  fopt7993/Y                                              -       A->Y    R     INV_X13M_A9TL         3    41    42    3006 
  g7622/Y                                                 -       A->Y    F     NOR2_X8A_A9TL         2    48    37    3043 
  g8047/Y                                                 -       B->Y    F     OR2_X4M_A9TL          1    48   118    3161 
  g7582/Y                                                 -       A->Y    F     AND2_X11M_A9TL        2    38    92    3253 
  u_post_ln/g2618/Y                                       -       B->Y    R     NAND2_X3M_A9TL        1    58    55    3308 
  u_post_ln/g2608/Y                                       -       AN->Y   R     NOR2B_X4M_A9TL        1    59   101    3408 
  s1_exp_in_reg[2][6]/D                                   -       -       R     SDFFRPQ_X2M_A9TL      1     -     0    3409 
#---------------------------------------------------------------------------------------------------------------------------



Path 41: VIOLATED (-394 ps) Setup Check with Pin s1_exp_in_reg[2][6]/CK->D
          Group: in2reg
     Startpoint: (F) x_in[2][4]
          Clock: (R) clk
       Endpoint: (F) s1_exp_in_reg[2][6]/D
          Clock: (R) clk

                     Capture       Launch     
        Clock Edge:+    3300            0     
        Drv Adjust:+       0           52     
       Src Latency:+       0            0     
       Net Latency:+       0 (I)        0 (I) 
           Arrival:=    3300           52     
                                              
             Setup:-     156                  
       Uncertainty:-     125                  
     Required Time:=    3019                  
      Launch Clock:-      52                  
       Input Delay:-     990                  
         Data Path:-    2370                  
             Slack:=    -394                  

Exceptions/Constraints:
  input_delay             990             dut.sdc_line_15_47_1   

#-----------------------------------------------------------------------------------------------------------------------------
#                      Timing Point                       Flags    Arc    Edge        Cell         Fanout Trans Delay Arrival 
#                                                                                                          (ps)  (ps)   (ps)  
#-----------------------------------------------------------------------------------------------------------------------------
  x_in[2][4]                                              -       -       F     (arrival)               5   105     0    1042 
  u_pre_ln/g1332/Y                                        -       A->Y    F     AND2_X6M_A9TL           1    44   124    1166 
  u_pre_ln/g1368/Y                                        -       A0->Y   R     AOI21_X8M_A9TL          4   158   120    1286 
  gen_ln[2].u_ln/g1315/Y                                  -       A->Y    F     INV_X4M_A9TL            2    71    77    1363 
  gen_ln[2].u_ln/g1314/Y                                  -       A->Y    R     INV_X6B_A9TL            2    42    47    1410 
  gen_ln[2].u_ln/g1264__8428/Y                            -       DN->Y   R     NAND4XXXB_X4M_A9TL      1   137   150    1560 
  gen_ln[2].u_ln/g1246__6161/Y                            -       C0->Y   R     OA211_X4M_A9TL          1    65   139    1699 
  gen_ln[2].u_ln/g1240__6131/Y                            -       A->Y    F     NAND2XB_X8M_A9TL        4    74    65    1764 
  gen_ln[2].u_ln/csa_tree_add_71_55_groupi_g907__2883/Y   -       B0->Y   R     OAI21_X8M_A9TL          2   102    75    1840 
  gen_ln[2].u_ln/csa_tree_add_71_55_groupi_g891__6131/Y   -       A0->Y   F     OAI2XB1_X8M_A9TL        2    70    75    1915 
  gen_ln[2].u_ln/csa_tree_add_71_55_groupi_g883__1617/Y   -       A->Y    R     NAND2XB_X6M_A9TL        1    69    62    1976 
  gen_ln[2].u_ln/csa_tree_add_71_55_groupi_g871__5107/Y   -       B0N->Y  F     AO21B_X6M_A9TL          2    75    69    2045 
  gen_ln[2].u_ln/csa_tree_add_71_55_groupi_g859__9315/Y   -       S0->Y   F     MXIT2_X4M_A9TL          2   107   106    2151 
  gen_ln[2].u_ln/csa_tree_add_71_55_groupi_g937__7098/Y   -       A->Y    F     OR2_X4M_A9TL            2    62   142    2293 
  gen_ln[2].u_ln/csa_tree_add_71_55_groupi_g835__5526/Y   -       A->Y    R     NAND2_X6M_A9TL          2    72    64    2357 
  gen_ln[2].u_ln/csa_tree_add_71_55_groupi_g831__6260/Y   -       B1->Y   R     AO1B2_X6M_A9TL          1    55   121    2478 
  gen_ln[2].u_ln/csa_tree_add_71_55_groupi_g828__5477/Y   -       B0->Y   F     AOI21_X6M_A9TL          2    63    49    2527 
  gen_ln[2].u_ln/csa_tree_add_71_55_groupi_g823__1666/Y   -       A0->Y   R     OAI2XB1_X4M_A9TL        1    89    78    2606 
  gen_ln[2].u_ln/csa_tree_add_71_55_groupi_g822__2346/SUM -       CI->SUM F     ADDFH_X2M_A9TL          1    86   242    2848 
  gen_ln[2].u_ln/g667__6131/Y                             -       A->Y    F     AND2_X8M_A9TL           1    50   115    2963 
  fopt7993/Y                                              -       A->Y    R     INV_X13M_A9TL           3    41    42    3005 
  g7622/Y                                                 -       A->Y    F     NOR2_X8A_A9TL           2    48    37    3043 
  g7594/Y                                                 -       B0->Y   R     AOI21_X4M_A9TL          1    96    82    3124 
  u_post_ln/g2780/Y                                       -       A->Y    F     INV_X4M_A9TL            2    46    51    3176 
  u_post_ln/g2649/Y                                       -       B->Y    R     NAND2_X6M_A9TL          3    89    77    3252 
  u_post_ln/g2618/Y                                       -       A->Y    F     NAND2_X3M_A9TL          1    48    50    3302 
  u_post_ln/g2608/Y                                       -       AN->Y   F     NOR2B_X4M_A9TL          1    46   110    3413 
  s1_exp_in_reg[2][6]/D                                   -       -       F     SDFFRPQ_X2M_A9TL        1     -     0    3413 
#-----------------------------------------------------------------------------------------------------------------------------



Path 42: VIOLATED (-394 ps) Setup Check with Pin s1_exp_in_reg[1][6]/CK->D
          Group: in2reg
     Startpoint: (F) x_in[1][4]
          Clock: (R) clk
       Endpoint: (R) s1_exp_in_reg[1][6]/D
          Clock: (R) clk

                     Capture       Launch     
        Clock Edge:+    3300            0     
        Drv Adjust:+       0           52     
       Src Latency:+       0            0     
       Net Latency:+       0 (I)        0 (I) 
           Arrival:=    3300           52     
                                              
             Setup:-     160                  
       Uncertainty:-     125                  
     Required Time:=    3015                  
      Launch Clock:-      52                  
       Input Delay:-     990                  
         Data Path:-    2366                  
             Slack:=    -394                  

Exceptions/Constraints:
  input_delay             990             dut.sdc_line_15_55_1   

#---------------------------------------------------------------------------------------------------------------------------
#                      Timing Point                       Flags    Arc    Edge       Cell        Fanout Trans Delay Arrival 
#                                                                                                        (ps)  (ps)   (ps)  
#---------------------------------------------------------------------------------------------------------------------------
  x_in[1][4]                                              -       -       F     (arrival)             5   105     0    1042 
  u_pre_ln/g1334/Y                                        -       A->Y    F     AND2_X6M_A9TL         1    44   124    1166 
  u_pre_ln/g1363/Y                                        -       A0->Y   R     AOI21_X8M_A9TL        4   158   120    1286 
  gen_ln[1].u_ln/g1311__5107/Y                            -       A->Y    F     NOR2_X8A_A9TL         3   104    80    1366 
  gen_ln[1].u_ln/g1288__6131/Y                            -       A->Y    R     NAND2_X8M_A9TL        2    80    84    1450 
  gen_ln[1].u_ln/g1284/Y                                  -       A->Y    F     INV_X7P5M_A9TL        3    42    48    1498 
  gen_ln[1].u_ln/g1283/Y                                  -       A->Y    R     INV_X5M_A9TL          2    58    52    1550 
  gen_ln[1].u_ln/g1268__6260/Y                            -       A->Y    F     NOR2XB_X8M_A9TL       2    54    47    1597 
  gen_ln[1].u_ln/fopt3/Y                                  -       A->Y    R     INV_X4M_A9TL          4    69    65    1661 
  gen_ln[1].u_ln/fopt1341/Y                               -       A->Y    F     INV_X4M_A9TL          2    32    39    1700 
  gen_ln[1].u_ln/csa_tree_add_71_55_groupi_g912__9315/Y   -       S0->Y   R     MXIT2_X0P7M_A9TL      1   365   179    1879 
  gen_ln[1].u_ln/csa_tree_add_71_55_groupi_g943__5122/Y   -       A->Y    R     XOR2_X3M_A9TL         2   171   154    2033 
  gen_ln[1].u_ln/csa_tree_add_71_55_groupi_g846__3680/Y   -       BN->Y   R     NAND2XB_X2M_A9TL      2   111   179    2212 
  gen_ln[1].u_ln/csa_tree_add_71_55_groupi_g840__4319/Y   -       B->Y    R     AND2_X3M_A9TL         2    90   143    2355 
  gen_ln[1].u_ln/csa_tree_add_71_55_groupi_g831__1666/Y   -       B0->Y   R     AO1B2_X6M_A9TL        1    55   124    2479 
  gen_ln[1].u_ln/csa_tree_add_71_55_groupi_g828__9945/Y   -       B0->Y   F     AOI21_X6M_A9TL        2    63    49    2528 
  gen_ln[1].u_ln/csa_tree_add_71_55_groupi_g823__4733/Y   -       A0->Y   R     OAI2XB1_X4M_A9TL      1    89    78    2606 
  gen_ln[1].u_ln/csa_tree_add_71_55_groupi_g822__7482/SUM -       CI->SUM F     ADDFH_X2M_A9TL        1    86   242    2849 
  gen_ln[1].u_ln/g667__1617/Y                             -       A->Y    F     AND2_X8M_A9TL         1    50   115    2964 
  fopt7989/Y                                              -       A->Y    R     INV_X13M_A9TL         3    41    42    3006 
  g7624/Y                                                 -       A->Y    F     NOR2_X8A_A9TL         2    48    37    3043 
  g8049/Y                                                 -       B->Y    F     OR2_X4M_A9TL          1    48   118    3161 
  g7584/Y                                                 -       A->Y    F     AND2_X11M_A9TL        2    38    92    3253 
  u_post_ln/g2631/Y                                       -       B->Y    R     NAND2_X3M_A9TL        1    58    55    3308 
  u_post_ln/g2611/Y                                       -       AN->Y   R     NOR2B_X4M_A9TL        1    59   101    3408 
  s1_exp_in_reg[1][6]/D                                   -       -       R     SDFFRPQ_X2M_A9TL      1     -     0    3409 
#---------------------------------------------------------------------------------------------------------------------------



Path 43: VIOLATED (-394 ps) Setup Check with Pin s1_exp_in_reg[1][6]/CK->D
          Group: in2reg
     Startpoint: (F) x_in[1][4]
          Clock: (R) clk
       Endpoint: (F) s1_exp_in_reg[1][6]/D
          Clock: (R) clk

                     Capture       Launch     
        Clock Edge:+    3300            0     
        Drv Adjust:+       0           52     
       Src Latency:+       0            0     
       Net Latency:+       0 (I)        0 (I) 
           Arrival:=    3300           52     
                                              
             Setup:-     156                  
       Uncertainty:-     125                  
     Required Time:=    3019                  
      Launch Clock:-      52                  
       Input Delay:-     990                  
         Data Path:-    2370                  
             Slack:=    -394                  

Exceptions/Constraints:
  input_delay             990             dut.sdc_line_15_55_1   

#-----------------------------------------------------------------------------------------------------------------------------
#                      Timing Point                       Flags    Arc    Edge        Cell         Fanout Trans Delay Arrival 
#                                                                                                          (ps)  (ps)   (ps)  
#-----------------------------------------------------------------------------------------------------------------------------
  x_in[1][4]                                              -       -       F     (arrival)               5   105     0    1042 
  u_pre_ln/g1334/Y                                        -       A->Y    F     AND2_X6M_A9TL           1    44   124    1166 
  u_pre_ln/g1363/Y                                        -       A0->Y   R     AOI21_X8M_A9TL          4   158   120    1286 
  gen_ln[1].u_ln/g1315/Y                                  -       A->Y    F     INV_X4M_A9TL            2    71    77    1363 
  gen_ln[1].u_ln/g1314/Y                                  -       A->Y    R     INV_X6B_A9TL            2    42    47    1410 
  gen_ln[1].u_ln/g1264__6417/Y                            -       DN->Y   R     NAND4XXXB_X4M_A9TL      1   137   150    1560 
  gen_ln[1].u_ln/g1246__7098/Y                            -       C0->Y   R     OA211_X4M_A9TL          1    65   139    1699 
  gen_ln[1].u_ln/g1240__1617/Y                            -       A->Y    F     NAND2XB_X8M_A9TL        4    74    65    1764 
  gen_ln[1].u_ln/csa_tree_add_71_55_groupi_g907__5115/Y   -       B0->Y   R     OAI21_X8M_A9TL          2   102    75    1840 
  gen_ln[1].u_ln/csa_tree_add_71_55_groupi_g891__1617/Y   -       A0->Y   F     OAI2XB1_X8M_A9TL        2    70    75    1915 
  gen_ln[1].u_ln/csa_tree_add_71_55_groupi_g883__6260/Y   -       A->Y    R     NAND2XB_X6M_A9TL        1    69    62    1976 
  gen_ln[1].u_ln/csa_tree_add_71_55_groupi_g871__2346/Y   -       B0N->Y  F     AO21B_X6M_A9TL          2    75    69    2045 
  gen_ln[1].u_ln/csa_tree_add_71_55_groupi_g859__6131/Y   -       S0->Y   F     MXIT2_X4M_A9TL          2   107   106    2151 
  gen_ln[1].u_ln/csa_tree_add_71_55_groupi_g937__3680/Y   -       A->Y    F     OR2_X4M_A9TL            2    62   142    2293 
  gen_ln[1].u_ln/csa_tree_add_71_55_groupi_g835__5477/Y   -       A->Y    R     NAND2_X6M_A9TL          2    72    64    2357 
  gen_ln[1].u_ln/csa_tree_add_71_55_groupi_g831__1666/Y   -       B1->Y   R     AO1B2_X6M_A9TL          1    55   121    2478 
  gen_ln[1].u_ln/csa_tree_add_71_55_groupi_g828__9945/Y   -       B0->Y   F     AOI21_X6M_A9TL          2    63    49    2527 
  gen_ln[1].u_ln/csa_tree_add_71_55_groupi_g823__4733/Y   -       A0->Y   R     OAI2XB1_X4M_A9TL        1    89    78    2606 
  gen_ln[1].u_ln/csa_tree_add_71_55_groupi_g822__7482/SUM -       CI->SUM F     ADDFH_X2M_A9TL          1    86   242    2848 
  gen_ln[1].u_ln/g667__1617/Y                             -       A->Y    F     AND2_X8M_A9TL           1    50   115    2963 
  fopt7989/Y                                              -       A->Y    R     INV_X13M_A9TL           3    41    42    3005 
  g7624/Y                                                 -       A->Y    F     NOR2_X8A_A9TL           2    48    37    3043 
  g7599/Y                                                 -       B0->Y   R     AOI21_X4M_A9TL          1    96    82    3124 
  u_post_ln/g2794/Y                                       -       A->Y    F     INV_X4M_A9TL            2    46    51    3176 
  u_post_ln/g2652/Y                                       -       B->Y    R     NAND2_X6M_A9TL          3    89    77    3252 
  u_post_ln/g2631/Y                                       -       A->Y    F     NAND2_X3M_A9TL          1    48    50    3302 
  u_post_ln/g2611/Y                                       -       AN->Y   F     NOR2B_X4M_A9TL          1    46   110    3413 
  s1_exp_in_reg[1][6]/D                                   -       -       F     SDFFRPQ_X2M_A9TL        1     -     0    3413 
#-----------------------------------------------------------------------------------------------------------------------------



Path 44: VIOLATED (-394 ps) Setup Check with Pin s1_exp_in_reg[0][6]/CK->D
          Group: in2reg
     Startpoint: (F) x_in[0][4]
          Clock: (R) clk
       Endpoint: (R) s1_exp_in_reg[0][6]/D
          Clock: (R) clk

                     Capture       Launch     
        Clock Edge:+    3300            0     
        Drv Adjust:+       0           52     
       Src Latency:+       0            0     
       Net Latency:+       0 (I)        0 (I) 
           Arrival:=    3300           52     
                                              
             Setup:-     160                  
       Uncertainty:-     125                  
     Required Time:=    3015                  
      Launch Clock:-      52                  
       Input Delay:-     990                  
         Data Path:-    2366                  
             Slack:=    -394                  

Exceptions/Constraints:
  input_delay             990             dut.sdc_line_15_63_1   

#---------------------------------------------------------------------------------------------------------------------------
#                      Timing Point                       Flags    Arc    Edge       Cell        Fanout Trans Delay Arrival 
#                                                                                                        (ps)  (ps)   (ps)  
#---------------------------------------------------------------------------------------------------------------------------
  x_in[0][4]                                              -       -       F     (arrival)             5   105     0    1042 
  u_pre_ln/g1336/Y                                        -       A->Y    F     AND2_X6M_A9TL         1    44   124    1166 
  u_pre_ln/g1369/Y                                        -       A0->Y   R     AOI21_X8M_A9TL        4   158   120    1286 
  gen_ln[0].u_ln/g1311__2346/Y                            -       A->Y    F     NOR2_X8A_A9TL         3   104    80    1366 
  gen_ln[0].u_ln/g1288__1617/Y                            -       A->Y    R     NAND2_X8M_A9TL        2    80    84    1450 
  gen_ln[0].u_ln/g1284/Y                                  -       A->Y    F     INV_X7P5M_A9TL        3    42    48    1498 
  gen_ln[0].u_ln/g1283/Y                                  -       A->Y    R     INV_X5M_A9TL          2    58    52    1550 
  gen_ln[0].u_ln/g1268__1666/Y                            -       A->Y    F     NOR2XB_X8M_A9TL       2    54    47    1597 
  gen_ln[0].u_ln/fopt3/Y                                  -       A->Y    R     INV_X4M_A9TL          4    69    65    1661 
  gen_ln[0].u_ln/fopt1341/Y                               -       A->Y    F     INV_X4M_A9TL          2    32    39    1700 
  gen_ln[0].u_ln/csa_tree_add_71_55_groupi_g912__6131/Y   -       S0->Y   R     MXIT2_X0P7M_A9TL      1   365   179    1879 
  gen_ln[0].u_ln/csa_tree_add_71_55_groupi_g943__5526/Y   -       A->Y    R     XOR2_X3M_A9TL         2   171   154    2033 
  gen_ln[0].u_ln/csa_tree_add_71_55_groupi_g846__5107/Y   -       BN->Y   R     NAND2XB_X2M_A9TL      2   111   179    2212 
  gen_ln[0].u_ln/csa_tree_add_71_55_groupi_g840__7410/Y   -       B->Y    R     AND2_X3M_A9TL         2    90   143    2355 
  gen_ln[0].u_ln/csa_tree_add_71_55_groupi_g831__4733/Y   -       B0->Y   R     AO1B2_X6M_A9TL        1    55   124    2479 
  gen_ln[0].u_ln/csa_tree_add_71_55_groupi_g828__1881/Y   -       B0->Y   F     AOI21_X6M_A9TL        2    63    49    2528 
  gen_ln[0].u_ln/csa_tree_add_71_55_groupi_g823__8246/Y   -       A0->Y   R     OAI2XB1_X4M_A9TL      1    89    78    2606 
  gen_ln[0].u_ln/csa_tree_add_71_55_groupi_g822__5122/SUM -       CI->SUM F     ADDFH_X2M_A9TL        1    86   242    2849 
  gen_ln[0].u_ln/g667__6260/Y                             -       A->Y    F     AND2_X8M_A9TL         1    50   115    2964 
  fopt7987/Y                                              -       A->Y    R     INV_X13M_A9TL         3    41    42    3006 
  g7623/Y                                                 -       A->Y    F     NOR2_X8A_A9TL         2    48    37    3043 
  g8048/Y                                                 -       B->Y    F     OR2_X4M_A9TL          1    48   118    3161 
  g7583/Y                                                 -       A->Y    F     AND2_X11M_A9TL        2    38    92    3253 
  u_post_ln/g2632/Y                                       -       B->Y    R     NAND2_X3M_A9TL        1    58    55    3308 
  u_post_ln/g2612/Y                                       -       AN->Y   R     NOR2B_X4M_A9TL        1    59   101    3408 
  s1_exp_in_reg[0][6]/D                                   -       -       R     SDFFRPQ_X2M_A9TL      1     -     0    3409 
#---------------------------------------------------------------------------------------------------------------------------



Path 45: VIOLATED (-394 ps) Setup Check with Pin s1_exp_in_reg[0][6]/CK->D
          Group: in2reg
     Startpoint: (F) x_in[0][4]
          Clock: (R) clk
       Endpoint: (F) s1_exp_in_reg[0][6]/D
          Clock: (R) clk

                     Capture       Launch     
        Clock Edge:+    3300            0     
        Drv Adjust:+       0           52     
       Src Latency:+       0            0     
       Net Latency:+       0 (I)        0 (I) 
           Arrival:=    3300           52     
                                              
             Setup:-     156                  
       Uncertainty:-     125                  
     Required Time:=    3019                  
      Launch Clock:-      52                  
       Input Delay:-     990                  
         Data Path:-    2370                  
             Slack:=    -394                  

Exceptions/Constraints:
  input_delay             990             dut.sdc_line_15_63_1   

#-----------------------------------------------------------------------------------------------------------------------------
#                      Timing Point                       Flags    Arc    Edge        Cell         Fanout Trans Delay Arrival 
#                                                                                                          (ps)  (ps)   (ps)  
#-----------------------------------------------------------------------------------------------------------------------------
  x_in[0][4]                                              -       -       F     (arrival)               5   105     0    1042 
  u_pre_ln/g1336/Y                                        -       A->Y    F     AND2_X6M_A9TL           1    44   124    1166 
  u_pre_ln/g1369/Y                                        -       A0->Y   R     AOI21_X8M_A9TL          4   158   120    1286 
  gen_ln[0].u_ln/g1315/Y                                  -       A->Y    F     INV_X4M_A9TL            2    71    77    1363 
  gen_ln[0].u_ln/g1314/Y                                  -       A->Y    R     INV_X6B_A9TL            2    42    47    1410 
  gen_ln[0].u_ln/g1264__9315/Y                            -       DN->Y   R     NAND4XXXB_X4M_A9TL      1   137   150    1560 
  gen_ln[0].u_ln/g1246__3680/Y                            -       C0->Y   R     OA211_X4M_A9TL          1    65   139    1699 
  gen_ln[0].u_ln/g1240__6260/Y                            -       A->Y    F     NAND2XB_X8M_A9TL        4    74    65    1764 
  gen_ln[0].u_ln/csa_tree_add_71_55_groupi_g907__1705/Y   -       B0->Y   R     OAI21_X8M_A9TL          2   102    75    1840 
  gen_ln[0].u_ln/csa_tree_add_71_55_groupi_g891__6260/Y   -       A0->Y   F     OAI2XB1_X8M_A9TL        2    70    75    1915 
  gen_ln[0].u_ln/csa_tree_add_71_55_groupi_g883__1666/Y   -       A->Y    R     NAND2XB_X6M_A9TL        1    69    62    1976 
  gen_ln[0].u_ln/csa_tree_add_71_55_groupi_g871__7482/Y   -       B0N->Y  F     AO21B_X6M_A9TL          2    75    69    2045 
  gen_ln[0].u_ln/csa_tree_add_71_55_groupi_g859__1617/Y   -       S0->Y   F     MXIT2_X4M_A9TL          2   107   106    2151 
  gen_ln[0].u_ln/csa_tree_add_71_55_groupi_g937__5107/Y   -       A->Y    F     OR2_X4M_A9TL            2    62   142    2293 
  gen_ln[0].u_ln/csa_tree_add_71_55_groupi_g835__9945/Y   -       A->Y    R     NAND2_X6M_A9TL          2    72    64    2357 
  gen_ln[0].u_ln/csa_tree_add_71_55_groupi_g831__4733/Y   -       B1->Y   R     AO1B2_X6M_A9TL          1    55   121    2478 
  gen_ln[0].u_ln/csa_tree_add_71_55_groupi_g828__1881/Y   -       B0->Y   F     AOI21_X6M_A9TL          2    63    49    2527 
  gen_ln[0].u_ln/csa_tree_add_71_55_groupi_g823__8246/Y   -       A0->Y   R     OAI2XB1_X4M_A9TL        1    89    78    2606 
  gen_ln[0].u_ln/csa_tree_add_71_55_groupi_g822__5122/SUM -       CI->SUM F     ADDFH_X2M_A9TL          1    86   242    2848 
  gen_ln[0].u_ln/g667__6260/Y                             -       A->Y    F     AND2_X8M_A9TL           1    50   115    2963 
  fopt7987/Y                                              -       A->Y    R     INV_X13M_A9TL           3    41    42    3005 
  g7623/Y                                                 -       A->Y    F     NOR2_X8A_A9TL           2    48    37    3043 
  g7600/Y                                                 -       B0->Y   R     AOI21_X4M_A9TL          1    96    82    3124 
  u_post_ln/g2784/Y                                       -       A->Y    F     INV_X4M_A9TL            2    46    51    3176 
  u_post_ln/g2658/Y                                       -       B->Y    R     NAND2_X6M_A9TL          3    89    77    3252 
  u_post_ln/g2632/Y                                       -       A->Y    F     NAND2_X3M_A9TL          1    48    50    3302 
  u_post_ln/g2612/Y                                       -       AN->Y   F     NOR2B_X4M_A9TL          1    46   110    3413 
  s1_exp_in_reg[0][6]/D                                   -       -       F     SDFFRPQ_X2M_A9TL        1     -     0    3413 
#-----------------------------------------------------------------------------------------------------------------------------



Path 46: VIOLATED (-393 ps) Setup Check with Pin s1_exp_in_reg[7][7]/CK->D
          Group: in2reg
     Startpoint: (F) x_in[7][4]
          Clock: (R) clk
       Endpoint: (R) s1_exp_in_reg[7][7]/D
          Clock: (R) clk

                     Capture       Launch     
        Clock Edge:+    3300            0     
        Drv Adjust:+       0           46     
       Src Latency:+       0            0     
       Net Latency:+       0 (I)        0 (I) 
           Arrival:=    3300           46     
                                              
             Setup:-     163                  
       Uncertainty:-     125                  
     Required Time:=    3012                  
      Launch Clock:-      46                  
       Input Delay:-     990                  
         Data Path:-    2369                  
             Slack:=    -393                  

Exceptions/Constraints:
  input_delay             990             dut.sdc_line_15_7_1   

#---------------------------------------------------------------------------------------------------------------------
#                   Timing Point                    Flags    Arc    Edge       Cell        Fanout Trans Delay Arrival 
#                                                                                                  (ps)  (ps)   (ps)  
#---------------------------------------------------------------------------------------------------------------------
  x_in[7][4]                                        -       -       F     (arrival)             5    94     0    1036 
  u_pre_ln/fopt1392/Y                               -       A->Y    R     INV_X4M_A9TL          2    66    70    1106 
  u_pre_ln/fopt1391/Y                               -       A->Y    F     INV_X4M_A9TL          1    29    36    1141 
  u_pre_ln/g1330/Y                                  -       A->Y    F     MXT2_X6M_A9TL         5    81   153    1294 
  gen_ln[7].u_ln/g1311/Y                            -       A->Y    R     NOR2_X8M_A9TL         3   103    91    1385 
  gen_ln[7].u_ln/g1288/Y                            -       A->Y    F     NAND2_X8M_A9TL        2    62    62    1447 
  gen_ln[7].u_ln/g1284/Y                            -       A->Y    R     INV_X7P5M_A9TL        3    62    62    1509 
  gen_ln[7].u_ln/g1283/Y                            -       A->Y    F     INV_X5M_A9TL          2    37    43    1552 
  gen_ln[7].u_ln/g1268/Y                            -       A->Y    R     NOR2XB_X6M_A9TL       2    74    60    1612 
  gen_ln[7].u_ln/fopt1348/Y                         -       A->Y    F     INV_X2M_A9TL          4    92    82    1694 
  gen_ln[7].u_ln/fopt1347/Y                         -       A->Y    R     INV_X4M_A9TL          2    55    60    1754 
  gen_ln[7].u_ln/csa_tree_add_71_55_groupi_g912/Y   -       S0->Y   R     MXIT2_X1M_A9TL        1   208   113    1867 
  gen_ln[7].u_ln/csa_tree_add_71_55_groupi_g943/Y   -       B->Y    R     XOR2_X2M_A9TL         2   206   175    2042 
  gen_ln[7].u_ln/csa_tree_add_71_55_groupi_g846/Y   -       BN->Y   R     NAND2XB_X3M_A9TL      2    89   176    2218 
  gen_ln[7].u_ln/csa_tree_add_71_55_groupi_g840/Y   -       B->Y    R     AND2_X3M_A9TL         2    62   118    2336 
  gen_ln[7].u_ln/fopt1363/Y                         -       A->Y    R     BUF_X2P5M_A9TL        1    75   115    2451 
  gen_ln[7].u_ln/csa_tree_add_71_55_groupi_g828/Y   -       A1->Y   F     AOI21_X6M_A9TL        2    62    72    2523 
  gen_ln[7].u_ln/csa_tree_add_71_55_groupi_g823/Y   -       A0->Y   R     OAI2XB1_X4M_A9TL      1    89    78    2601 
  gen_ln[7].u_ln/csa_tree_add_71_55_groupi_g822/SUM -       CI->SUM F     ADDFH_X2M_A9TL        1    86   242    2844 
  gen_ln[7].u_ln/g667/Y                             -       A->Y    F     AND2_X8M_A9TL         1    50   115    2959 
  fopt7985/Y                                        -       A->Y    R     INV_X13M_A9TL         3    41    42    3001 
  g7618/Y                                           -       A->Y    F     NOR2_X8A_A9TL         2    48    37    3038 
  g2/Y                                              -       B->Y    F     OR2_X4M_A9TL          1    44   114    3153 
  g7578/Y                                           -       A->Y    F     AND2_X8M_A9TL         2    45    98    3250 
  u_post_ln/g2623/Y                                 -       B->Y    R     NOR2_X8M_A9TL         2    80    75    3326 
  u_post_ln/g2806/Y                                 -       A->Y    R     XNOR2_X4M_A9TL        1   140    80    3405 
  s1_exp_in_reg[7][7]/D                             -       -       R     SDFFRPQ_X4M_A9TL      1     -     0    3406 
#---------------------------------------------------------------------------------------------------------------------



Path 47: VIOLATED (-393 ps) Setup Check with Pin s1_exp_in_reg[6][6]/CK->D
          Group: in2reg
     Startpoint: (F) x_in[6][4]
          Clock: (R) clk
       Endpoint: (R) s1_exp_in_reg[6][6]/D
          Clock: (R) clk

                     Capture       Launch     
        Clock Edge:+    3300            0     
        Drv Adjust:+       0           52     
       Src Latency:+       0            0     
       Net Latency:+       0 (I)        0 (I) 
           Arrival:=    3300           52     
                                              
             Setup:-     160                  
       Uncertainty:-     125                  
     Required Time:=    3015                  
      Launch Clock:-      52                  
       Input Delay:-     990                  
         Data Path:-    2366                  
             Slack:=    -393                  

Exceptions/Constraints:
  input_delay             990             dut.sdc_line_15_15_1   

#---------------------------------------------------------------------------------------------------------------------
#                   Timing Point                    Flags    Arc    Edge       Cell        Fanout Trans Delay Arrival 
#                                                                                                  (ps)  (ps)   (ps)  
#---------------------------------------------------------------------------------------------------------------------
  x_in[6][4]                                        -       -       F     (arrival)             5   105     0    1042 
  u_pre_ln/g1335/Y                                  -       A->Y    F     AND2_X6M_A9TL         1    44   124    1166 
  u_pre_ln/g1364/Y                                  -       A0->Y   R     AOI21_X8M_A9TL        4   158   120    1286 
  gen_ln[6].u_ln/g1311/Y                            -       A->Y    F     NOR2_X8A_A9TL         3   104    80    1366 
  gen_ln[6].u_ln/g1288/Y                            -       A->Y    R     NAND2_X8M_A9TL        2    80    84    1450 
  gen_ln[6].u_ln/g1284/Y                            -       A->Y    F     INV_X7P5M_A9TL        3    42    48    1498 
  gen_ln[6].u_ln/g1283/Y                            -       A->Y    R     INV_X5M_A9TL          2    58    52    1550 
  gen_ln[6].u_ln/g1282/Y                            -       A->Y    F     INV_X3M_A9TL          3    53    56    1606 
  gen_ln[6].u_ln/g1253/Y                            -       A->Y    R     NAND2_X6M_A9TL        2    85    69    1675 
  gen_ln[6].u_ln/g1239/Y                            -       B->Y    F     NAND2_X8A_A9TL        7    87    88    1763 
  gen_ln[6].u_ln/csa_tree_add_71_55_groupi_g917/Y   -       A->Y    R     NOR2_X2B_A9TL         1    99    90    1852 
  gen_ln[6].u_ln/csa_tree_add_71_55_groupi_g883/Y   -       BN->Y   R     NAND2XB_X6M_A9TL      1    69   123    1975 
  gen_ln[6].u_ln/csa_tree_add_71_55_groupi_g871/Y   -       B0N->Y  F     AO21B_X6M_A9TL        2    75    69    2044 
  gen_ln[6].u_ln/csa_tree_add_71_55_groupi_g859/Y   -       S0->Y   F     MXIT2_X4M_A9TL        2   107   106    2150 
  gen_ln[6].u_ln/csa_tree_add_71_55_groupi_g849/Y   -       A->Y    R     NAND2XB_X6M_A9TL      2    66    71    2221 
  gen_ln[6].u_ln/csa_tree_add_71_55_groupi_g836/Y   -       A->Y    F     NAND2XB_X3M_A9TL      1    67    61    2282 
  gen_ln[6].u_ln/csa_tree_add_71_55_groupi_g835/Y   -       B->Y    R     NAND2_X6M_A9TL        2    72    75    2357 
  gen_ln[6].u_ln/csa_tree_add_71_55_groupi_g831/Y   -       B1->Y   R     AO1B2_X6M_A9TL        1    55   121    2478 
  gen_ln[6].u_ln/csa_tree_add_71_55_groupi_g828/Y   -       B0->Y   F     AOI21_X6M_A9TL        2    63    49    2527 
  gen_ln[6].u_ln/csa_tree_add_71_55_groupi_g823/Y   -       A0->Y   R     OAI2XB1_X4M_A9TL      1    89    78    2606 
  gen_ln[6].u_ln/csa_tree_add_71_55_groupi_g822/SUM -       CI->SUM F     ADDFH_X2M_A9TL        1    86   242    2848 
  gen_ln[6].u_ln/g667/Y                             -       A->Y    F     AND2_X8M_A9TL         1    50   115    2963 
  fopt7979/Y                                        -       A->Y    R     INV_X13M_A9TL         3    41    42    3006 
  g7619/Y                                           -       A->Y    F     NOR2_X8A_A9TL         2    48    37    3043 
  g8044/Y                                           -       B->Y    F     OR2_X4M_A9TL          1    48   118    3161 
  g7579/Y                                           -       A->Y    F     AND2_X11M_A9TL        2    38    92    3253 
  u_post_ln/g2630/Y                                 -       B->Y    R     NAND2_X3M_A9TL        1    58    55    3308 
  u_post_ln/g2609/Y                                 -       AN->Y   R     NOR2B_X4M_A9TL        1    59   101    3408 
  s1_exp_in_reg[6][6]/D                             -       -       R     SDFFRPQ_X2M_A9TL      1     -     0    3408 
#---------------------------------------------------------------------------------------------------------------------



Path 48: VIOLATED (-393 ps) Setup Check with Pin s1_exp_in_reg[5][6]/CK->D
          Group: in2reg
     Startpoint: (F) x_in[5][4]
          Clock: (R) clk
       Endpoint: (R) s1_exp_in_reg[5][6]/D
          Clock: (R) clk

                     Capture       Launch     
        Clock Edge:+    3300            0     
        Drv Adjust:+       0           52     
       Src Latency:+       0            0     
       Net Latency:+       0 (I)        0 (I) 
           Arrival:=    3300           52     
                                              
             Setup:-     160                  
       Uncertainty:-     125                  
     Required Time:=    3015                  
      Launch Clock:-      52                  
       Input Delay:-     990                  
         Data Path:-    2366                  
             Slack:=    -393                  

Exceptions/Constraints:
  input_delay             990             dut.sdc_line_15_23_1   

#---------------------------------------------------------------------------------------------------------------------------
#                      Timing Point                       Flags    Arc    Edge       Cell        Fanout Trans Delay Arrival 
#                                                                                                        (ps)  (ps)   (ps)  
#---------------------------------------------------------------------------------------------------------------------------
  x_in[5][4]                                              -       -       F     (arrival)             5   105     0    1042 
  u_pre_ln/g1333/Y                                        -       A->Y    F     AND2_X6M_A9TL         1    44   124    1166 
  u_pre_ln/g1365/Y                                        -       A0->Y   R     AOI21_X8M_A9TL        4   158   120    1286 
  gen_ln[5].u_ln/g1311__7410/Y                            -       A->Y    F     NOR2_X8A_A9TL         3   104    80    1366 
  gen_ln[5].u_ln/g1288__1705/Y                            -       A->Y    R     NAND2_X8M_A9TL        2    80    84    1450 
  gen_ln[5].u_ln/g1284/Y                                  -       A->Y    F     INV_X7P5M_A9TL        3    42    48    1498 
  gen_ln[5].u_ln/g1283/Y                                  -       A->Y    R     INV_X5M_A9TL          2    58    52    1550 
  gen_ln[5].u_ln/g1282/Y                                  -       A->Y    F     INV_X3M_A9TL          3    53    56    1606 
  gen_ln[5].u_ln/g1253__6131/Y                            -       A->Y    R     NAND2_X6M_A9TL        2    85    69    1675 
  gen_ln[5].u_ln/g1239__4319/Y                            -       B->Y    F     NAND2_X8A_A9TL        7    87    88    1763 
  gen_ln[5].u_ln/csa_tree_add_71_55_groupi_g917/Y         -       A->Y    R     NOR2_X2B_A9TL         1    99    90    1852 
  gen_ln[5].u_ln/csa_tree_add_71_55_groupi_g883/Y         -       BN->Y   R     NAND2XB_X6M_A9TL      1    69   123    1975 
  gen_ln[5].u_ln/csa_tree_add_71_55_groupi_g871__6161/Y   -       B0N->Y  F     AO21B_X6M_A9TL        2    75    69    2044 
  gen_ln[5].u_ln/csa_tree_add_71_55_groupi_g859__1705/Y   -       S0->Y   F     MXIT2_X4M_A9TL        2   107   106    2150 
  gen_ln[5].u_ln/csa_tree_add_71_55_groupi_g849__8428/Y   -       A->Y    R     NAND2XB_X6M_A9TL      2    66    71    2221 
  gen_ln[5].u_ln/csa_tree_add_71_55_groupi_g836__1666/Y   -       A->Y    F     NAND2XB_X3M_A9TL      1    67    61    2282 
  gen_ln[5].u_ln/csa_tree_add_71_55_groupi_g835__2346/Y   -       B->Y    R     NAND2_X6M_A9TL        2    72    75    2357 
  gen_ln[5].u_ln/csa_tree_add_71_55_groupi_g831__9315/Y   -       B1->Y   R     AO1B2_X6M_A9TL        1    55   121    2478 
  gen_ln[5].u_ln/csa_tree_add_71_55_groupi_g828__7482/Y   -       B0->Y   F     AOI21_X6M_A9TL        2    63    49    2527 
  gen_ln[5].u_ln/csa_tree_add_71_55_groupi_g823__6131/Y   -       A0->Y   R     OAI2XB1_X4M_A9TL      1    89    78    2606 
  gen_ln[5].u_ln/csa_tree_add_71_55_groupi_g822__7098/SUM -       CI->SUM F     ADDFH_X2M_A9TL        1    86   242    2848 
  gen_ln[5].u_ln/g667__8428/Y                             -       A->Y    F     AND2_X8M_A9TL         1    50   115    2963 
  fopt7983/Y                                              -       A->Y    R     INV_X13M_A9TL         3    41    42    3006 
  g7621/Y                                                 -       A->Y    F     NOR2_X8A_A9TL         2    48    37    3043 
  g8046/Y                                                 -       B->Y    F     OR2_X4M_A9TL          1    48   118    3161 
  g7581/Y                                                 -       A->Y    F     AND2_X11M_A9TL        2    38    92    3253 
  u_post_ln/g2620/Y                                       -       B->Y    R     NAND2_X3M_A9TL        1    58    55    3308 
  u_post_ln/g2605/Y                                       -       AN->Y   R     NOR2B_X4M_A9TL        1    59   101    3408 
  s1_exp_in_reg[5][6]/D                                   -       -       R     SDFFRPQ_X2M_A9TL      1     -     0    3408 
#---------------------------------------------------------------------------------------------------------------------------



Path 49: VIOLATED (-393 ps) Setup Check with Pin s1_exp_in_reg[4][6]/CK->D
          Group: in2reg
     Startpoint: (F) x_in[4][4]
          Clock: (R) clk
       Endpoint: (R) s1_exp_in_reg[4][6]/D
          Clock: (R) clk

                     Capture       Launch     
        Clock Edge:+    3300            0     
        Drv Adjust:+       0           52     
       Src Latency:+       0            0     
       Net Latency:+       0 (I)        0 (I) 
           Arrival:=    3300           52     
                                              
             Setup:-     160                  
       Uncertainty:-     125                  
     Required Time:=    3015                  
      Launch Clock:-      52                  
       Input Delay:-     990                  
         Data Path:-    2366                  
             Slack:=    -393                  

Exceptions/Constraints:
  input_delay             990             dut.sdc_line_15_31_1   

#---------------------------------------------------------------------------------------------------------------------------
#                      Timing Point                       Flags    Arc    Edge       Cell        Fanout Trans Delay Arrival 
#                                                                                                        (ps)  (ps)   (ps)  
#---------------------------------------------------------------------------------------------------------------------------
  x_in[4][4]                                              -       -       F     (arrival)             5   105     0    1042 
  u_pre_ln/g1331/Y                                        -       A->Y    F     AND2_X6M_A9TL         1    44   124    1166 
  u_pre_ln/g1366/Y                                        -       A0->Y   R     AOI21_X8M_A9TL        4   158   120    1286 
  gen_ln[4].u_ln/g1311__6161/Y                            -       A->Y    F     NOR2_X8A_A9TL         3   104    80    1366 
  gen_ln[4].u_ln/g1288__8428/Y                            -       A->Y    R     NAND2_X8M_A9TL        2    80    84    1450 
  gen_ln[4].u_ln/g1284/Y                                  -       A->Y    F     INV_X7P5M_A9TL        3    42    48    1498 
  gen_ln[4].u_ln/g1283/Y                                  -       A->Y    R     INV_X5M_A9TL          2    58    52    1550 
  gen_ln[4].u_ln/g1282/Y                                  -       A->Y    F     INV_X3M_A9TL          3    53    56    1606 
  gen_ln[4].u_ln/g1253__1617/Y                            -       A->Y    R     NAND2_X6M_A9TL        2    85    69    1675 
  gen_ln[4].u_ln/g1239__7410/Y                            -       B->Y    F     NAND2_X8A_A9TL        7    87    88    1763 
  gen_ln[4].u_ln/csa_tree_add_71_55_groupi_g917__1881/Y   -       A->Y    R     NOR2_X2B_A9TL         1    99    90    1852 
  gen_ln[4].u_ln/csa_tree_add_71_55_groupi_g883__9315/Y   -       BN->Y   R     NAND2XB_X6M_A9TL      1    69   123    1975 
  gen_ln[4].u_ln/csa_tree_add_71_55_groupi_g871__7098/Y   -       B0N->Y  F     AO21B_X6M_A9TL        2    75    69    2044 
  gen_ln[4].u_ln/csa_tree_add_71_55_groupi_g859__8428/Y   -       S0->Y   F     MXIT2_X4M_A9TL        2   107   106    2150 
  gen_ln[4].u_ln/csa_tree_add_71_55_groupi_g849__6417/Y   -       A->Y    R     NAND2XB_X6M_A9TL      2    66    71    2221 
  gen_ln[4].u_ln/csa_tree_add_71_55_groupi_g836__4733/Y   -       A->Y    F     NAND2XB_X3M_A9TL      1    67    61    2282 
  gen_ln[4].u_ln/csa_tree_add_71_55_groupi_g835__7482/Y   -       B->Y    R     NAND2_X6M_A9TL        2    72    75    2357 
  gen_ln[4].u_ln/csa_tree_add_71_55_groupi_g831__6131/Y   -       B1->Y   R     AO1B2_X6M_A9TL        1    55   121    2478 
  gen_ln[4].u_ln/csa_tree_add_71_55_groupi_g828__5122/Y   -       B0->Y   F     AOI21_X6M_A9TL        2    63    49    2527 
  gen_ln[4].u_ln/csa_tree_add_71_55_groupi_g823__1617/Y   -       A0->Y   R     OAI2XB1_X4M_A9TL      1    89    78    2606 
  gen_ln[4].u_ln/csa_tree_add_71_55_groupi_g822__3680/SUM -       CI->SUM F     ADDFH_X2M_A9TL        1    86   242    2848 
  gen_ln[4].u_ln/g667__6417/Y                             -       A->Y    F     AND2_X8M_A9TL         1    50   115    2963 
  fopt7981/Y                                              -       A->Y    R     INV_X13M_A9TL         3    41    42    3006 
  g7620/Y                                                 -       A->Y    F     NOR2_X8A_A9TL         2    48    37    3043 
  g8045/Y                                                 -       B->Y    F     OR2_X4M_A9TL          1    48   118    3161 
  g7580/Y                                                 -       A->Y    F     AND2_X11M_A9TL        2    38    92    3253 
  u_post_ln/g2629/Y                                       -       B->Y    R     NAND2_X3M_A9TL        1    58    55    3308 
  u_post_ln/g2610/Y                                       -       AN->Y   R     NOR2B_X4M_A9TL        1    59   101    3408 
  s1_exp_in_reg[4][6]/D                                   -       -       R     SDFFRPQ_X2M_A9TL      1     -     0    3408 
#---------------------------------------------------------------------------------------------------------------------------



Path 50: VIOLATED (-393 ps) Setup Check with Pin s1_exp_in_reg[3][6]/CK->D
          Group: in2reg
     Startpoint: (F) x_in[3][4]
          Clock: (R) clk
       Endpoint: (R) s1_exp_in_reg[3][6]/D
          Clock: (R) clk

                     Capture       Launch     
        Clock Edge:+    3300            0     
        Drv Adjust:+       0           52     
       Src Latency:+       0            0     
       Net Latency:+       0 (I)        0 (I) 
           Arrival:=    3300           52     
                                              
             Setup:-     160                  
       Uncertainty:-     125                  
     Required Time:=    3015                  
      Launch Clock:-      52                  
       Input Delay:-     990                  
         Data Path:-    2366                  
             Slack:=    -393                  

Exceptions/Constraints:
  input_delay             990             dut.sdc_line_15_39_1   

#---------------------------------------------------------------------------------------------------------------------------
#                      Timing Point                       Flags    Arc    Edge       Cell        Fanout Trans Delay Arrival 
#                                                                                                        (ps)  (ps)   (ps)  
#---------------------------------------------------------------------------------------------------------------------------
  x_in[3][4]                                              -       -       F     (arrival)             5   105     0    1042 
  u_pre_ln/g1338/Y                                        -       A->Y    F     AND2_X6M_A9TL         1    44   124    1166 
  u_pre_ln/g2/Y                                           -       A0->Y   R     AOI21_X8M_A9TL        4   158   120    1286 
  gen_ln[3].u_ln/g1311__7098/Y                            -       A->Y    F     NOR2_X8A_A9TL         3   104    80    1366 
  gen_ln[3].u_ln/g1288__6417/Y                            -       A->Y    R     NAND2_X8M_A9TL        2    80    84    1450 
  gen_ln[3].u_ln/g1284/Y                                  -       A->Y    F     INV_X7P5M_A9TL        3    42    48    1498 
  gen_ln[3].u_ln/g1283/Y                                  -       A->Y    R     INV_X5M_A9TL          2    58    52    1550 
  gen_ln[3].u_ln/g1282/Y                                  -       A->Y    F     INV_X3M_A9TL          3    53    56    1606 
  gen_ln[3].u_ln/g1253__6260/Y                            -       A->Y    R     NAND2_X6M_A9TL        2    85    69    1675 
  gen_ln[3].u_ln/g1239__6161/Y                            -       B->Y    F     NAND2_X8A_A9TL        7    87    88    1763 
  gen_ln[3].u_ln/csa_tree_add_71_55_groupi_g917__2802/Y   -       A->Y    R     NOR2_X2B_A9TL         1    99    90    1852 
  gen_ln[3].u_ln/csa_tree_add_71_55_groupi_g883__6131/Y   -       BN->Y   R     NAND2XB_X6M_A9TL      1    69   123    1975 
  gen_ln[3].u_ln/csa_tree_add_71_55_groupi_g871__3680/Y   -       B0N->Y  F     AO21B_X6M_A9TL        2    75    69    2044 
  gen_ln[3].u_ln/csa_tree_add_71_55_groupi_g859__6417/Y   -       S0->Y   F     MXIT2_X4M_A9TL        2   107   106    2150 
  gen_ln[3].u_ln/csa_tree_add_71_55_groupi_g849__9315/Y   -       A->Y    R     NAND2XB_X6M_A9TL      2    66    71    2221 
  gen_ln[3].u_ln/csa_tree_add_71_55_groupi_g836__8246/Y   -       A->Y    F     NAND2XB_X3M_A9TL      1    67    61    2282 
  gen_ln[3].u_ln/csa_tree_add_71_55_groupi_g835__5122/Y   -       B->Y    R     NAND2_X6M_A9TL        2    72    75    2357 
  gen_ln[3].u_ln/csa_tree_add_71_55_groupi_g831__1617/Y   -       B1->Y   R     AO1B2_X6M_A9TL        1    55   121    2478 
  gen_ln[3].u_ln/csa_tree_add_71_55_groupi_g828__5526/Y   -       B0->Y   F     AOI21_X6M_A9TL        2    63    49    2527 
  gen_ln[3].u_ln/csa_tree_add_71_55_groupi_g823__6260/Y   -       A0->Y   R     OAI2XB1_X4M_A9TL      1    89    78    2606 
  gen_ln[3].u_ln/csa_tree_add_71_55_groupi_g822__5107/SUM -       CI->SUM F     ADDFH_X2M_A9TL        1    86   242    2848 
  gen_ln[3].u_ln/g667__9315/Y                             -       A->Y    F     AND2_X8M_A9TL         1    50   115    2963 
  fopt7991/Y                                              -       A->Y    R     INV_X13M_A9TL         3    41    42    3006 
  g7625/Y                                                 -       A->Y    F     NOR2_X8A_A9TL         2    48    37    3043 
  g8050/Y                                                 -       B->Y    F     OR2_X4M_A9TL          1    48   118    3161 
  g7585/Y                                                 -       A->Y    F     AND2_X11M_A9TL        2    38    92    3253 
  u_post_ln/g2619/Y                                       -       B->Y    R     NAND2_X3M_A9TL        1    58    55    3308 
  u_post_ln/g2607/Y                                       -       AN->Y   R     NOR2B_X4M_A9TL        1    59   101    3408 
  s1_exp_in_reg[3][6]/D                                   -       -       R     SDFFRPQ_X2M_A9TL      1     -     0    3408 
#---------------------------------------------------------------------------------------------------------------------------

