============================================================
  Generated by:           Genus(TM) Synthesis Solution 25.12-s067_1
  Generated on:           Sep 24 2026  03:26:54 pm
  Module:                 tr_soc_top_mx
  Operating conditions:   ss_typical_max_0p90v_125c (balanced_tree)
  Wireload mode:          top
  Area mode:              timing library
============================================================


Path 1: MET (4 ps) Setup Check with Pin u_vpu/u_vecmul/b_reg_reg[3][15]/CK->SI
          Group: in2reg
     Startpoint: (F) ext_sram_b[3][0]
          Clock: (R) clk
       Endpoint: (R) u_vpu/u_vecmul/b_reg_reg[3][15]/SI
          Clock: (R) clk

                     Capture       Launch     
        Clock Edge:+    3300            0     
        Drv Adjust:+       0            6     
       Src Latency:+       0            0     
       Net Latency:+       0 (I)        0 (I) 
           Arrival:=    3300            6     
                                              
             Setup:-     278                  
       Uncertainty:-     125                  
     Required Time:=    2897                  
      Launch Clock:-       6                  
       Input Delay:-     990                  
         Data Path:-    1897                  
             Slack:=       4                  

Exceptions/Constraints:
  input_delay             990             dut.sdc_line_15_547_1   

#----------------------------------------------------------------------------------------------------
#           Timing Point             Flags   Arc   Edge       Cell        Fanout Trans Delay Arrival 
#                                                                                 (ps)  (ps)   (ps)  
#----------------------------------------------------------------------------------------------------
  ext_sram_b[3][0]                   -       -     F     (arrival)             1    43     0     996 
  g6364/Y                            -       B0->Y F     AO22_X1M_A9TL         4   137   189    1185 
  u_vpu/u_sym/g7308/Y                -       A->Y  R     INV_X1M_A9TL          2   136   125    1311 
  u_vpu/u_sym/g7322/Y                -       C->Y  F     NAND3B_X2M_A9TL       2   115   117    1427 
  u_vpu/u_sym/g7224/Y                -       A->Y  R     NOR2_X1P4A_A9TL       2   164   136    1563 
  u_vpu/u_sym/g7194/Y                -       A->Y  R     OR2_X1M_A9TL          4   184   211    1774 
  u_vpu/u_sym/g7164/Y                -       A->Y  R     AND2_X1M_A9TL         2   123   186    1960 
  u_vpu/u_sym/g7139/Y                -       A->Y  F     NAND3_X1A_A9TL        2   204   158    2118 
  u_vpu/u_sym/g7062/Y                -       A->Y  R     NOR2_X2A_A9TL         2   147   143    2261 
  u_vpu/u_sym/g7023/Y                -       A->Y  F     NAND2XB_X1M_A9TL      2   133   118    2378 
  u_vpu/u_sym/g6959/Y                -       A0->Y R     OAI21_X1M_A9TL        1   171   151    2529 
  u_vpu/u_sym/g6939/Y                -       B->Y  R     XNOR2_X0P7M_A9TL      1   246   190    2720 
  u_vpu/g24690/Y                     -       B0->Y R     AO22_X1M_A9TL         1    78   173    2893 
  u_vpu/u_vecmul/b_reg_reg[3][15]/SI -       -     R     SDFFQ_X2M_A9TL        1     -     0    2893 
#----------------------------------------------------------------------------------------------------



Path 2: MET (4 ps) Setup Check with Pin u_vpu/u_vecmul/b_reg_reg[5][15]/CK->SI
          Group: in2reg
     Startpoint: (F) ext_sram_b[5][0]
          Clock: (R) clk
       Endpoint: (F) u_vpu/u_vecmul/b_reg_reg[5][15]/SI
          Clock: (R) clk

                     Capture       Launch     
        Clock Edge:+    3300            0     
        Drv Adjust:+       0            6     
       Src Latency:+       0            0     
       Net Latency:+       0 (I)        0 (I) 
           Arrival:=    3300            6     
                                              
             Setup:-     323                  
       Uncertainty:-     125                  
     Required Time:=    2852                  
      Launch Clock:-       6                  
       Input Delay:-     990                  
         Data Path:-    1851                  
             Slack:=       4                  

Exceptions/Constraints:
  input_delay             990             dut.sdc_line_15_531_1   

#----------------------------------------------------------------------------------------------------
#           Timing Point             Flags   Arc   Edge       Cell        Fanout Trans Delay Arrival 
#                                                                                 (ps)  (ps)   (ps)  
#----------------------------------------------------------------------------------------------------
  ext_sram_b[5][0]                   -       -     F     (arrival)             1    43     0     996 
  g5009/Y                            -       A0->Y F     AO22_X1M_A9TL         4   136   210    1206 
  u_vpu/u_sym/g7292/Y                -       A->Y  F     OR2_X1P4M_A9TL        2    82   172    1378 
  u_vpu/u_sym/g7236/Y                -       A->Y  R     NOR2_X3A_A9TL         2   102    88    1465 
  u_vpu/u_sym/g7225/Y                -       A->Y  F     NAND2XB_X1M_A9TL      2   133   110    1576 
  u_vpu/u_sym/g7195/Y                -       A->Y  R     NAND2_X1P4M_A9TL      4   214   166    1742 
  u_vpu/u_sym/g7168/Y                -       A->Y  F     NAND2_X1P4M_A9TL      4   166   152    1894 
  u_vpu/u_sym/g7124/Y                -       A->Y  F     OR4_X1M_A9TL          2   140   221    2115 
  u_vpu/u_sym/g7081/Y                -       A->Y  F     OR2_X1M_A9TL          3   115   198    2312 
  u_vpu/u_sym/g6997/Y                -       A0->Y R     OAI31_X1M_A9TL        1   248   190    2502 
  u_vpu/u_sym/g6945/Y                -       B->Y  F     XNOR2_X0P7M_A9TL      1   147   174    2676 
  u_vpu/g22871/Y                     -       B0->Y F     AO22_X1M_A9TL         1    63   172    2847 
  u_vpu/u_vecmul/b_reg_reg[5][15]/SI -       -     F     SDFFQ_X2M_A9TL        1     -     0    2847 
#----------------------------------------------------------------------------------------------------



Path 3: MET (6 ps) Setup Check with Pin u_vpu/u_vecmul/b_reg_reg[7][15]/CK->SI
          Group: in2reg
     Startpoint: (F) ext_sram_b[7][1]
          Clock: (R) clk
       Endpoint: (R) u_vpu/u_vecmul/b_reg_reg[7][15]/SI
          Clock: (R) clk

                     Capture       Launch     
        Clock Edge:+    3300            0     
        Drv Adjust:+       0            8     
       Src Latency:+       0            0     
       Net Latency:+       0 (I)        0 (I) 
           Arrival:=    3300            8     
                                              
             Setup:-     278                  
       Uncertainty:-     125                  
     Required Time:=    2897                  
      Launch Clock:-       8                  
       Input Delay:-     990                  
         Data Path:-    1894                  
             Slack:=       6                  

Exceptions/Constraints:
  input_delay             990             dut.sdc_line_15_514_1   

#-----------------------------------------------------------------------------------------------------
#           Timing Point             Flags   Arc   Edge       Cell         Fanout Trans Delay Arrival 
#                                                                                  (ps)  (ps)   (ps)  
#-----------------------------------------------------------------------------------------------------
  ext_sram_b[7][1]                   -       -     F     (arrival)              1    45     0     998 
  g5038/Y                            -       A->Y  F     MXT2_X3M_A9TR          4   102   214    1212 
  u_vpu/u_sym/g7310/Y                -       A->Y  R     INV_X1M_A9TL           2   122   108    1320 
  u_vpu/u_sym/g7321/Y                -       B->Y  F     NAND3B_X1P4M_A9TL      2   150   130    1450 
  u_vpu/u_sym/g7226/Y                -       A->Y  R     NOR2_X1P4A_A9TL        2   174   149    1600 
  u_vpu/u_sym/g7198/Y                -       A->Y  R     OR2_X1P4M_A9TL         4   135   187    1787 
  u_vpu/u_sym/g7169/Y                -       A->Y  F     NAND2_X1P4M_A9TL       4   162   128    1915 
  u_vpu/u_sym/g7143/Y                -       A->Y  F     OR4_X1M_A9TL           2   152   227    2142 
  u_vpu/u_sym/g7073/Y                -       A->Y  R     NOR2_X2B_A9TL          2   135   120    2263 
  u_vpu/u_sym/g7021/Y                -       A->Y  F     NAND2XB_X1M_A9TL       2   130   114    2377 
  u_vpu/u_sym/g6964/Y                -       A0->Y R     OAI21_X1M_A9TL         1   171   150    2527 
  u_vpu/u_sym/g6936/Y                -       B->Y  R     XNOR2_X0P7M_A9TL       1   247   190    2718 
  u_vpu/g22921/Y                     -       B0->Y R     AO22_X1M_A9TL          1    78   174    2892 
  u_vpu/u_vecmul/b_reg_reg[7][15]/SI -       -     R     SDFFQ_X2M_A9TL         1     -     0    2892 
#-----------------------------------------------------------------------------------------------------



Path 4: MET (7 ps) Setup Check with Pin u_vpu/u_vecmul/b_reg_reg[3][15]/CK->SI
          Group: in2reg
     Startpoint: (F) ext_sram_b[3][0]
          Clock: (R) clk
       Endpoint: (F) u_vpu/u_vecmul/b_reg_reg[3][15]/SI
          Clock: (R) clk

                     Capture       Launch     
        Clock Edge:+    3300            0     
        Drv Adjust:+       0            6     
       Src Latency:+       0            0     
       Net Latency:+       0 (I)        0 (I) 
           Arrival:=    3300            6     
                                              
             Setup:-     323                  
       Uncertainty:-     125                  
     Required Time:=    2852                  
      Launch Clock:-       6                  
       Input Delay:-     990                  
         Data Path:-    1849                  
             Slack:=       7                  

Exceptions/Constraints:
  input_delay             990             dut.sdc_line_15_547_1   

#----------------------------------------------------------------------------------------------------
#           Timing Point             Flags   Arc   Edge       Cell        Fanout Trans Delay Arrival 
#                                                                                 (ps)  (ps)   (ps)  
#----------------------------------------------------------------------------------------------------
  ext_sram_b[3][0]                   -       -     F     (arrival)             1    43     0     996 
  g6364/Y                            -       B0->Y F     AO22_X1M_A9TL         4   137   189    1185 
  u_vpu/u_sym/g7308/Y                -       A->Y  R     INV_X1M_A9TL          2   136   125    1311 
  u_vpu/u_sym/g7322/Y                -       C->Y  F     NAND3B_X2M_A9TL       2   115   117    1427 
  u_vpu/u_sym/g7224/Y                -       A->Y  R     NOR2_X1P4A_A9TL       2   164   136    1563 
  u_vpu/u_sym/g7194/Y                -       A->Y  R     OR2_X1M_A9TL          4   184   211    1774 
  u_vpu/u_sym/g7164/Y                -       A->Y  R     AND2_X1M_A9TL         2   123   186    1960 
  u_vpu/u_sym/g7139/Y                -       A->Y  F     NAND3_X1A_A9TL        2   204   158    2118 
  u_vpu/u_sym/g7062/Y                -       A->Y  R     NOR2_X2A_A9TL         2   147   143    2261 
  u_vpu/u_sym/g7023/Y                -       A->Y  F     NAND2XB_X1M_A9TL      2   133   118    2378 
  u_vpu/u_sym/g6959/Y                -       A0->Y R     OAI21_X1M_A9TL        1   171   151    2529 
  u_vpu/u_sym/g6939/Y                -       B->Y  F     XNOR2_X0P7M_A9TL      1   137   148    2677 
  u_vpu/g24690/Y                     -       B0->Y F     AO22_X1M_A9TL         1    63   168    2845 
  u_vpu/u_vecmul/b_reg_reg[3][15]/SI -       -     F     SDFFQ_X2M_A9TL        1     -     0    2845 
#----------------------------------------------------------------------------------------------------



Path 5: MET (7 ps) Setup Check with Pin u_vpu/u_vecmul/b_reg_reg[1][15]/CK->SI
          Group: in2reg
     Startpoint: (F) ext_sram_b[1][0]
          Clock: (R) clk
       Endpoint: (R) u_vpu/u_vecmul/b_reg_reg[1][15]/SI
          Clock: (R) clk

                     Capture       Launch     
        Clock Edge:+    3300            0     
        Drv Adjust:+       0            6     
       Src Latency:+       0            0     
       Net Latency:+       0 (I)        0 (I) 
           Arrival:=    3300            6     
                                              
             Setup:-     278                  
       Uncertainty:-     125                  
     Required Time:=    2897                  
      Launch Clock:-       6                  
       Input Delay:-     990                  
         Data Path:-    1894                  
             Slack:=       7                  

Exceptions/Constraints:
  input_delay             990             dut.sdc_line_15_563_1   

#----------------------------------------------------------------------------------------------------
#           Timing Point             Flags   Arc   Edge       Cell        Fanout Trans Delay Arrival 
#                                                                                 (ps)  (ps)   (ps)  
#----------------------------------------------------------------------------------------------------
  ext_sram_b[1][0]                   -       -     F     (arrival)             1    43     0     996 
  g6367/Y                            -       B0->Y F     AO22_X1M_A9TL         5   166   208    1204 
  u_vpu/u_sym/g7320/Y                -       C->Y  F     OR3_X1M_A9TL          2    96   215    1420 
  u_vpu/u_sym/g7222/Y                -       A->Y  R     NOR2_X2M_A9TL         2   129   109    1528 
  u_vpu/u_sym/g7199/Y                -       A->Y  R     OR2_X1P4M_A9TL        4   135   173    1701 
  u_vpu/u_sym/g7167/Y                -       A->Y  F     NAND2_X1P4M_A9TL      4   162   128    1829 
  u_vpu/u_sym/g7112/Y                -       A->Y  F     OR4_X1M_A9TL          2   143   221    2050 
  u_vpu/u_sym/g7071/Y                -       A->Y  R     NOR2_X1A_A9TL         2   226   181    2231 
  u_vpu/u_sym/g7028/Y                -       A->Y  F     NAND2XB_X1M_A9TL      2   148   140    2372 
  u_vpu/u_sym/g6960/Y                -       A0->Y R     OAI21_X1M_A9TL        1   205   177    2548 
  u_vpu/u_sym/g6938/Y                -       A->Y  R     XNOR2_X0P7M_A9TL      1   257   165    2713 
  u_vpu/g22911/Y                     -       B0->Y R     AO22_X1M_A9TL         1    78   176    2890 
  u_vpu/u_vecmul/b_reg_reg[1][15]/SI -       -     R     SDFFQ_X2M_A9TL        1     -     0    2890 
#----------------------------------------------------------------------------------------------------



Path 6: MET (8 ps) Setup Check with Pin u_vpu/u_vecmul/b_reg_reg[5][15]/CK->SI
          Group: in2reg
     Startpoint: (F) ext_sram_b[5][0]
          Clock: (R) clk
       Endpoint: (R) u_vpu/u_vecmul/b_reg_reg[5][15]/SI
          Clock: (R) clk

                     Capture       Launch     
        Clock Edge:+    3300            0     
        Drv Adjust:+       0            6     
       Src Latency:+       0            0     
       Net Latency:+       0 (I)        0 (I) 
           Arrival:=    3300            6     
                                              
             Setup:-     278                  
       Uncertainty:-     125                  
     Required Time:=    2897                  
      Launch Clock:-       6                  
       Input Delay:-     990                  
         Data Path:-    1892                  
             Slack:=       8                  

Exceptions/Constraints:
  input_delay             990             dut.sdc_line_15_531_1   

#----------------------------------------------------------------------------------------------------
#           Timing Point             Flags   Arc   Edge       Cell        Fanout Trans Delay Arrival 
#                                                                                 (ps)  (ps)   (ps)  
#----------------------------------------------------------------------------------------------------
  ext_sram_b[5][0]                   -       -     F     (arrival)             1    43     0     996 
  g5009/Y                            -       A0->Y F     AO22_X1M_A9TL         4   136   210    1206 
  u_vpu/u_sym/g7292/Y                -       A->Y  F     OR2_X1P4M_A9TL        2    82   172    1378 
  u_vpu/u_sym/g7236/Y                -       A->Y  R     NOR2_X3A_A9TL         2   102    88    1465 
  u_vpu/u_sym/g7225/Y                -       A->Y  F     NAND2XB_X1M_A9TL      2   133   110    1576 
  u_vpu/u_sym/g7195/Y                -       A->Y  R     NAND2_X1P4M_A9TL      4   214   166    1742 
  u_vpu/u_sym/g7168/Y                -       A->Y  F     NAND2_X1P4M_A9TL      4   166   152    1894 
  u_vpu/u_sym/g7124/Y                -       A->Y  F     OR4_X1M_A9TL          2   140   221    2115 
  u_vpu/u_sym/g7081/Y                -       A->Y  F     OR2_X1M_A9TL          3   115   198    2312 
  u_vpu/u_sym/g6997/Y                -       A0->Y R     OAI31_X1M_A9TL        1   248   190    2502 
  u_vpu/u_sym/g6945/Y                -       B->Y  R     XNOR2_X0P7M_A9TL      1   251   212    2714 
  u_vpu/g22871/Y                     -       B0->Y R     AO22_X1M_A9TL         1    78   175    2889 
  u_vpu/u_vecmul/b_reg_reg[5][15]/SI -       -     R     SDFFQ_X2M_A9TL        1     -     0    2889 
#----------------------------------------------------------------------------------------------------



Path 7: MET (9 ps) Setup Check with Pin u_vpu/u_vecmul/b_reg_reg[7][15]/CK->SI
          Group: in2reg
     Startpoint: (F) ext_sram_b[7][1]
          Clock: (R) clk
       Endpoint: (F) u_vpu/u_vecmul/b_reg_reg[7][15]/SI
          Clock: (R) clk

                     Capture       Launch     
        Clock Edge:+    3300            0     
        Drv Adjust:+       0            8     
       Src Latency:+       0            0     
       Net Latency:+       0 (I)        0 (I) 
           Arrival:=    3300            8     
                                              
             Setup:-     323                  
       Uncertainty:-     125                  
     Required Time:=    2852                  
      Launch Clock:-       8                  
       Input Delay:-     990                  
         Data Path:-    1845                  
             Slack:=       9                  

Exceptions/Constraints:
  input_delay             990             dut.sdc_line_15_514_1   

#-----------------------------------------------------------------------------------------------------
#           Timing Point             Flags   Arc   Edge       Cell         Fanout Trans Delay Arrival 
#                                                                                  (ps)  (ps)   (ps)  
#-----------------------------------------------------------------------------------------------------
  ext_sram_b[7][1]                   -       -     F     (arrival)              1    45     0     998 
  g5038/Y                            -       A->Y  F     MXT2_X3M_A9TR          4   102   214    1212 
  u_vpu/u_sym/g7310/Y                -       A->Y  R     INV_X1M_A9TL           2   122   108    1320 
  u_vpu/u_sym/g7321/Y                -       B->Y  F     NAND3B_X1P4M_A9TL      2   150   130    1450 
  u_vpu/u_sym/g7226/Y                -       A->Y  R     NOR2_X1P4A_A9TL        2   174   149    1600 
  u_vpu/u_sym/g7198/Y                -       A->Y  R     OR2_X1P4M_A9TL         4   135   187    1787 
  u_vpu/u_sym/g7169/Y                -       A->Y  F     NAND2_X1P4M_A9TL       4   162   128    1915 
  u_vpu/u_sym/g7143/Y                -       A->Y  F     OR4_X1M_A9TL           2   152   227    2142 
  u_vpu/u_sym/g7073/Y                -       A->Y  R     NOR2_X2B_A9TL          2   135   120    2263 
  u_vpu/u_sym/g7021/Y                -       A->Y  F     NAND2XB_X1M_A9TL       2   130   114    2377 
  u_vpu/u_sym/g6964/Y                -       A0->Y R     OAI21_X1M_A9TL         1   171   150    2527 
  u_vpu/u_sym/g6936/Y                -       B->Y  F     XNOR2_X0P7M_A9TL       1   137   148    2675 
  u_vpu/g22921/Y                     -       B0->Y F     AO22_X1M_A9TL          1    63   168    2843 
  u_vpu/u_vecmul/b_reg_reg[7][15]/SI -       -     F     SDFFQ_X2M_A9TL         1     -     0    2843 
#-----------------------------------------------------------------------------------------------------



Path 8: MET (14 ps) Setup Check with Pin u_vpu/u_vecmul/b_reg_reg[7][15]/CK->SI
          Group: in2reg
     Startpoint: (F) ext_sram_b[7][0]
          Clock: (R) clk
       Endpoint: (R) u_vpu/u_vecmul/b_reg_reg[7][15]/SI
          Clock: (R) clk

                     Capture       Launch     
        Clock Edge:+    3300            0     
        Drv Adjust:+       0            6     
       Src Latency:+       0            0     
       Net Latency:+       0 (I)        0 (I) 
           Arrival:=    3300            6     
                                              
             Setup:-     278                  
       Uncertainty:-     125                  
     Required Time:=    2897                  
      Launch Clock:-       6                  
       Input Delay:-     990                  
         Data Path:-    1887                  
             Slack:=      14                  

Exceptions/Constraints:
  input_delay             990             dut.sdc_line_15_515_1   

#-----------------------------------------------------------------------------------------------------
#           Timing Point             Flags   Arc   Edge       Cell         Fanout Trans Delay Arrival 
#                                                                                  (ps)  (ps)   (ps)  
#-----------------------------------------------------------------------------------------------------
  ext_sram_b[7][0]                   -       -     F     (arrival)              1    43     0     996 
  g6368/Y                            -       B0->Y F     AO22_X1M_A9TL          4   137   189    1185 
  u_vpu/u_sym/g7309/Y                -       A->Y  R     INV_X1M_A9TL           2   129   121    1306 
  u_vpu/u_sym/g7321/Y                -       C->Y  F     NAND3B_X1P4M_A9TL      2   150   136    1442 
  u_vpu/u_sym/g7226/Y                -       A->Y  R     NOR2_X1P4A_A9TL        2   174   149    1592 
  u_vpu/u_sym/g7198/Y                -       A->Y  R     OR2_X1P4M_A9TL         4   135   187    1779 
  u_vpu/u_sym/g7169/Y                -       A->Y  F     NAND2_X1P4M_A9TL       4   162   128    1907 
  u_vpu/u_sym/g7143/Y                -       A->Y  F     OR4_X1M_A9TL           2   152   227    2134 
  u_vpu/u_sym/g7073/Y                -       A->Y  R     NOR2_X2B_A9TL          2   135   120    2255 
  u_vpu/u_sym/g7021/Y                -       A->Y  F     NAND2XB_X1M_A9TL       2   130   114    2369 
  u_vpu/u_sym/g6964/Y                -       A0->Y R     OAI21_X1M_A9TL         1   171   150    2519 
  u_vpu/u_sym/g6936/Y                -       B->Y  R     XNOR2_X0P7M_A9TL       1   247   190    2710 
  u_vpu/g22921/Y                     -       B0->Y R     AO22_X1M_A9TL          1    78   174    2884 
  u_vpu/u_vecmul/b_reg_reg[7][15]/SI -       -     R     SDFFQ_X2M_A9TL         1     -     0    2884 
#-----------------------------------------------------------------------------------------------------



Path 9: MET (14 ps) Setup Check with Pin u_vpu/u_vecmul/b_reg_reg[1][15]/CK->SI
          Group: in2reg
     Startpoint: (F) ext_sram_b[1][0]
          Clock: (R) clk
       Endpoint: (F) u_vpu/u_vecmul/b_reg_reg[1][15]/SI
          Clock: (R) clk

                     Capture       Launch     
        Clock Edge:+    3300            0     
        Drv Adjust:+       0            6     
       Src Latency:+       0            0     
       Net Latency:+       0 (I)        0 (I) 
           Arrival:=    3300            6     
                                              
             Setup:-     323                  
       Uncertainty:-     125                  
     Required Time:=    2852                  
      Launch Clock:-       6                  
       Input Delay:-     990                  
         Data Path:-    1841                  
             Slack:=      14                  

Exceptions/Constraints:
  input_delay             990             dut.sdc_line_15_563_1   

#----------------------------------------------------------------------------------------------------
#           Timing Point             Flags   Arc   Edge       Cell        Fanout Trans Delay Arrival 
#                                                                                 (ps)  (ps)   (ps)  
#----------------------------------------------------------------------------------------------------
  ext_sram_b[1][0]                   -       -     F     (arrival)             1    43     0     996 
  g6367/Y                            -       B0->Y F     AO22_X1M_A9TL         5   166   208    1204 
  u_vpu/u_sym/g7320/Y                -       C->Y  F     OR3_X1M_A9TL          2    96   215    1420 
  u_vpu/u_sym/g7222/Y                -       A->Y  R     NOR2_X2M_A9TL         2   129   109    1528 
  u_vpu/u_sym/g7199/Y                -       A->Y  R     OR2_X1P4M_A9TL        4   135   173    1701 
  u_vpu/u_sym/g7167/Y                -       A->Y  F     NAND2_X1P4M_A9TL      4   162   128    1829 
  u_vpu/u_sym/g7112/Y                -       A->Y  F     OR4_X1M_A9TL          2   143   221    2050 
  u_vpu/u_sym/g7071/Y                -       A->Y  R     NOR2_X1A_A9TL         2   226   181    2231 
  u_vpu/u_sym/g7028/Y                -       A->Y  F     NAND2XB_X1M_A9TL      2   148   140    2372 
  u_vpu/u_sym/g6960/Y                -       A0->Y R     OAI21_X1M_A9TL        1   205   177    2548 
  u_vpu/u_sym/g6938/Y                -       A->Y  F     XNOR2_X0P7M_A9TL      1   139   121    2669 
  u_vpu/g22911/Y                     -       B0->Y F     AO22_X1M_A9TL         1    63   169    2838 
  u_vpu/u_vecmul/b_reg_reg[1][15]/SI -       -     F     SDFFQ_X2M_A9TL        1     -     0    2838 
#----------------------------------------------------------------------------------------------------



Path 10: MET (16 ps) Setup Check with Pin u_vpu/u_vecmul/b_reg_reg[6][15]/CK->SI
          Group: in2reg
     Startpoint: (F) ext_sram_b[6][0]
          Clock: (R) clk
       Endpoint: (R) u_vpu/u_vecmul/b_reg_reg[6][15]/SI
          Clock: (R) clk

                     Capture       Launch     
        Clock Edge:+    3300            0     
        Drv Adjust:+       0            6     
       Src Latency:+       0            0     
       Net Latency:+       0 (I)        0 (I) 
           Arrival:=    3300            6     
                                              
             Setup:-     278                  
       Uncertainty:-     125                  
     Required Time:=    2897                  
      Launch Clock:-       6                  
       Input Delay:-     990                  
         Data Path:-    1884                  
             Slack:=      16                  

Exceptions/Constraints:
  input_delay             990             dut.sdc_line_15_523_1   

#-----------------------------------------------------------------------------------------------------
#           Timing Point             Flags   Arc   Edge       Cell         Fanout Trans Delay Arrival 
#                                                                                  (ps)  (ps)   (ps)  
#-----------------------------------------------------------------------------------------------------
  ext_sram_b[6][0]                   -       -     F     (arrival)              1    43     0     996 
  g6351/Y                            -       B0->Y F     AO22_X1M_A9TL          4   135   188    1184 
  u_vpu/u_sym/g2/Y                   -       B->Y  F     OR2_X1M_A9TL           2   111   206    1390 
  u_vpu/u_sym/g7242/Y                -       A->Y  R     NOR2_X4B_A9TL          2    83    82    1471 
  u_vpu/u_sym/g7323/Y                -       A->Y  F     NAND2XB_X1M_A9TL       2   130   105    1576 
  u_vpu/u_sym/g7197/Y                -       A->Y  R     NAND2_X1P4M_A9TL       4   214   165    1741 
  u_vpu/u_sym/g7189/Y                -       A->Y  F     NAND2_X1P4M_A9TL       4   164   150    1891 
  u_vpu/u_sym/g7144/Y                -       AN->Y F     NAND3B_X1P4M_A9TL      2   165   222    2113 
  u_vpu/u_sym/g7075/Y                -       A->Y  R     NOR2_X1P4A_A9TL        2   174   153    2266 
  u_vpu/u_sym/g7024/Y                -       A->Y  F     NAND2XB_X1M_A9TL       2   138   126    2391 
  u_vpu/u_sym/g6962/Y                -       A0->Y R     OAI21_X1M_A9TL         1   176   156    2547 
  u_vpu/u_sym/g6940/Y                -       B->Y  R     XNOR2_X1M_A9TL         1   209   170    2718 
  u_vpu/g22896/Y                     -       B0->Y R     AO22_X1M_A9TL          1    78   163    2881 
  u_vpu/u_vecmul/b_reg_reg[6][15]/SI -       -     R     SDFFQ_X2M_A9TL         1     -     0    2881 
#-----------------------------------------------------------------------------------------------------



Path 11: MET (17 ps) Setup Check with Pin u_vpu/u_vecmul/b_reg_reg[7][15]/CK->SI
          Group: in2reg
     Startpoint: (F) ext_sram_b[7][0]
          Clock: (R) clk
       Endpoint: (F) u_vpu/u_vecmul/b_reg_reg[7][15]/SI
          Clock: (R) clk

                     Capture       Launch     
        Clock Edge:+    3300            0     
        Drv Adjust:+       0            6     
       Src Latency:+       0            0     
       Net Latency:+       0 (I)        0 (I) 
           Arrival:=    3300            6     
                                              
             Setup:-     323                  
       Uncertainty:-     125                  
     Required Time:=    2852                  
      Launch Clock:-       6                  
       Input Delay:-     990                  
         Data Path:-    1838                  
             Slack:=      17                  

Exceptions/Constraints:
  input_delay             990             dut.sdc_line_15_515_1   

#-----------------------------------------------------------------------------------------------------
#           Timing Point             Flags   Arc   Edge       Cell         Fanout Trans Delay Arrival 
#                                                                                  (ps)  (ps)   (ps)  
#-----------------------------------------------------------------------------------------------------
  ext_sram_b[7][0]                   -       -     F     (arrival)              1    43     0     996 
  g6368/Y                            -       B0->Y F     AO22_X1M_A9TL          4   137   189    1185 
  u_vpu/u_sym/g7309/Y                -       A->Y  R     INV_X1M_A9TL           2   129   121    1306 
  u_vpu/u_sym/g7321/Y                -       C->Y  F     NAND3B_X1P4M_A9TL      2   150   136    1442 
  u_vpu/u_sym/g7226/Y                -       A->Y  R     NOR2_X1P4A_A9TL        2   174   149    1592 
  u_vpu/u_sym/g7198/Y                -       A->Y  R     OR2_X1P4M_A9TL         4   135   187    1779 
  u_vpu/u_sym/g7169/Y                -       A->Y  F     NAND2_X1P4M_A9TL       4   162   128    1907 
  u_vpu/u_sym/g7143/Y                -       A->Y  F     OR4_X1M_A9TL           2   152   227    2134 
  u_vpu/u_sym/g7073/Y                -       A->Y  R     NOR2_X2B_A9TL          2   135   120    2255 
  u_vpu/u_sym/g7021/Y                -       A->Y  F     NAND2XB_X1M_A9TL       2   130   114    2369 
  u_vpu/u_sym/g6964/Y                -       A0->Y R     OAI21_X1M_A9TL         1   171   150    2519 
  u_vpu/u_sym/g6936/Y                -       B->Y  F     XNOR2_X0P7M_A9TL       1   137   148    2667 
  u_vpu/g22921/Y                     -       B0->Y F     AO22_X1M_A9TL          1    63   168    2835 
  u_vpu/u_vecmul/b_reg_reg[7][15]/SI -       -     F     SDFFQ_X2M_A9TL         1     -     0    2835 
#-----------------------------------------------------------------------------------------------------



Path 12: MET (17 ps) Setup Check with Pin u_vpu/u_vecmul/b_reg_reg[6][14]/CK->SI
          Group: in2reg
     Startpoint: (F) ext_sram_b[6][0]
          Clock: (R) clk
       Endpoint: (F) u_vpu/u_vecmul/b_reg_reg[6][14]/SI
          Clock: (R) clk

                     Capture       Launch     
        Clock Edge:+    3300            0     
        Drv Adjust:+       0            6     
       Src Latency:+       0            0     
       Net Latency:+       0 (I)        0 (I) 
           Arrival:=    3300            6     
                                              
             Setup:-     323                  
       Uncertainty:-     125                  
     Required Time:=    2852                  
      Launch Clock:-       6                  
       Input Delay:-     990                  
         Data Path:-    1838                  
             Slack:=      17                  

Exceptions/Constraints:
  input_delay             990             dut.sdc_line_15_523_1   

#-----------------------------------------------------------------------------------------------------
#           Timing Point             Flags   Arc   Edge       Cell         Fanout Trans Delay Arrival 
#                                                                                  (ps)  (ps)   (ps)  
#-----------------------------------------------------------------------------------------------------
  ext_sram_b[6][0]                   -       -     F     (arrival)              1    43     0     996 
  g6351/Y                            -       B0->Y F     AO22_X1M_A9TL          4   135   188    1184 
  u_vpu/u_sym/g2/Y                   -       B->Y  F     OR2_X1M_A9TL           2   111   206    1390 
  u_vpu/u_sym/g7242/Y                -       A->Y  R     NOR2_X4B_A9TL          2    83    82    1471 
  u_vpu/u_sym/g7323/Y                -       A->Y  F     NAND2XB_X1M_A9TL       2   130   105    1576 
  u_vpu/u_sym/g7197/Y                -       A->Y  R     NAND2_X1P4M_A9TL       4   214   165    1741 
  u_vpu/u_sym/g7189/Y                -       A->Y  F     NAND2_X1P4M_A9TL       4   164   150    1891 
  u_vpu/u_sym/g7144/Y                -       AN->Y F     NAND3B_X1P4M_A9TL      2   165   222    2113 
  u_vpu/u_sym/g7075/Y                -       A->Y  R     NOR2_X1P4A_A9TL        2   174   153    2266 
  u_vpu/u_sym/g7024/Y                -       A->Y  F     NAND2XB_X1M_A9TL       2   138   126    2391 
  u_vpu/u_sym/g6991/Y                -       A->Y  F     AND2_X1M_A9TL          1    71   162    2553 
  u_vpu/u_sym/g6949/Y                -       A->Y  F     XOR2_X0P7M_A9TL        1   143   112    2664 
  u_vpu/g22902/Y                     -       B0->Y F     AO22_X1M_A9TL          1    63   170    2834 
  u_vpu/u_vecmul/b_reg_reg[6][14]/SI -       -     F     SDFFQ_X2M_A9TL         1     -     0    2834 
#-----------------------------------------------------------------------------------------------------



Path 13: MET (20 ps) Setup Check with Pin u_vpu/u_vecmul/b_reg_reg[6][15]/CK->SI
          Group: in2reg
     Startpoint: (F) ext_sram_b[6][0]
          Clock: (R) clk
       Endpoint: (F) u_vpu/u_vecmul/b_reg_reg[6][15]/SI
          Clock: (R) clk

                     Capture       Launch     
        Clock Edge:+    3300            0     
        Drv Adjust:+       0            6     
       Src Latency:+       0            0     
       Net Latency:+       0 (I)        0 (I) 
           Arrival:=    3300            6     
                                              
             Setup:-     323                  
       Uncertainty:-     125                  
     Required Time:=    2852                  
      Launch Clock:-       6                  
       Input Delay:-     990                  
         Data Path:-    1835                  
             Slack:=      20                  

Exceptions/Constraints:
  input_delay             990             dut.sdc_line_15_523_1   

#-----------------------------------------------------------------------------------------------------
#           Timing Point             Flags   Arc   Edge       Cell         Fanout Trans Delay Arrival 
#                                                                                  (ps)  (ps)   (ps)  
#-----------------------------------------------------------------------------------------------------
  ext_sram_b[6][0]                   -       -     F     (arrival)              1    43     0     996 
  g6351/Y                            -       B0->Y F     AO22_X1M_A9TL          4   135   188    1184 
  u_vpu/u_sym/g2/Y                   -       B->Y  F     OR2_X1M_A9TL           2   111   206    1390 
  u_vpu/u_sym/g7242/Y                -       A->Y  R     NOR2_X4B_A9TL          2    83    82    1471 
  u_vpu/u_sym/g7323/Y                -       A->Y  F     NAND2XB_X1M_A9TL       2   130   105    1576 
  u_vpu/u_sym/g7197/Y                -       A->Y  R     NAND2_X1P4M_A9TL       4   214   165    1741 
  u_vpu/u_sym/g7189/Y                -       A->Y  F     NAND2_X1P4M_A9TL       4   164   150    1891 
  u_vpu/u_sym/g7144/Y                -       AN->Y F     NAND3B_X1P4M_A9TL      2   165   222    2113 
  u_vpu/u_sym/g7075/Y                -       A->Y  R     NOR2_X1P4A_A9TL        2   174   153    2266 
  u_vpu/u_sym/g7024/Y                -       A->Y  F     NAND2XB_X1M_A9TL       2   138   126    2391 
  u_vpu/u_sym/g6962/Y                -       A0->Y R     OAI21_X1M_A9TL         1   176   156    2547 
  u_vpu/u_sym/g6940/Y                -       B->Y  F     XNOR2_X1M_A9TL         1   110   126    2673 
  u_vpu/g22896/Y                     -       B0->Y F     AO22_X1M_A9TL          1    63   159    2832 
  u_vpu/u_vecmul/b_reg_reg[6][15]/SI -       -     F     SDFFQ_X2M_A9TL         1     -     0    2832 
#-----------------------------------------------------------------------------------------------------



Path 14: MET (23 ps) Setup Check with Pin u_vpu/u_vecmul/b_reg_reg[7][15]/CK->SI
          Group: in2reg
     Startpoint: (R) ext_sram_b[7][0]
          Clock: (R) clk
       Endpoint: (F) u_vpu/u_vecmul/b_reg_reg[7][15]/SI
          Clock: (R) clk

                     Capture       Launch     
        Clock Edge:+    3300            0     
        Drv Adjust:+       0            8     
       Src Latency:+       0            0     
       Net Latency:+       0 (I)        0 (I) 
           Arrival:=    3300            8     
                                              
             Setup:-     323                  
       Uncertainty:-     125                  
     Required Time:=    2852                  
      Launch Clock:-       8                  
       Input Delay:-     990                  
         Data Path:-    1831                  
             Slack:=      23                  

Exceptions/Constraints:
  input_delay             990             dut.sdc_line_15_515_1   

#-----------------------------------------------------------------------------------------------------
#           Timing Point             Flags   Arc   Edge       Cell         Fanout Trans Delay Arrival 
#                                                                                  (ps)  (ps)   (ps)  
#-----------------------------------------------------------------------------------------------------
  ext_sram_b[7][0]                   -       -     R     (arrival)              1    43     0     998 
  g6368/Y                            -       B0->Y R     AO22_X1M_A9TL          4   197   189    1187 
  u_vpu/u_sym/g7309/Y                -       A->Y  F     INV_X1M_A9TL           2   108   115    1302 
  u_vpu/u_sym/g7321/Y                -       C->Y  R     NAND3B_X1P4M_A9TL      2   172   149    1451 
  u_vpu/u_sym/g7226/Y                -       A->Y  F     NOR2_X1P4A_A9TL        2   113   109    1560 
  u_vpu/u_sym/g7198/Y                -       A->Y  F     OR2_X1P4M_A9TL         4   104   178    1738 
  u_vpu/u_sym/g7169/Y                -       A->Y  R     NAND2_X1P4M_A9TL       4   204   151    1890 
  u_vpu/u_sym/g7143/Y                -       A->Y  R     OR4_X1M_A9TL           2   176   219    2108 
  u_vpu/u_sym/g7073/Y                -       A->Y  F     NOR2_X2B_A9TL          2   135   126    2235 
  u_vpu/u_sym/g7021/Y                -       A->Y  R     NAND2XB_X1M_A9TL       2   161   141    2376 
  u_vpu/u_sym/g6964/Y                -       A0->Y F     OAI21_X1M_A9TL         1   131   113    2489 
  u_vpu/u_sym/g6936/Y                -       B->Y  F     XNOR2_X0P7M_A9TL       1   137   172    2661 
  u_vpu/g22921/Y                     -       B0->Y F     AO22_X1M_A9TL          1    63   168    2829 
  u_vpu/u_vecmul/b_reg_reg[7][15]/SI -       -     F     SDFFQ_X2M_A9TL         1     -     0    2829 
#-----------------------------------------------------------------------------------------------------



Path 15: MET (26 ps) Setup Check with Pin u_vpu/u_vecmul/b_reg_reg[6][15]/CK->SI
          Group: in2reg
     Startpoint: (F) ext_sram_b[6][1]
          Clock: (R) clk
       Endpoint: (R) u_vpu/u_vecmul/b_reg_reg[6][15]/SI
          Clock: (R) clk

                     Capture       Launch     
        Clock Edge:+    3300            0     
        Drv Adjust:+       0            6     
       Src Latency:+       0            0     
       Net Latency:+       0 (I)        0 (I) 
           Arrival:=    3300            6     
                                              
             Setup:-     278                  
       Uncertainty:-     125                  
     Required Time:=    2897                  
      Launch Clock:-       6                  
       Input Delay:-     990                  
         Data Path:-    1874                  
             Slack:=      26                  

Exceptions/Constraints:
  input_delay             990             dut.sdc_line_15_522_1   

#-----------------------------------------------------------------------------------------------------
#           Timing Point             Flags   Arc   Edge       Cell         Fanout Trans Delay Arrival 
#                                                                                  (ps)  (ps)   (ps)  
#-----------------------------------------------------------------------------------------------------
  ext_sram_b[6][1]                   -       -     F     (arrival)              1    43     0     996 
  g6350/Y                            -       B0->Y F     AO22_X1M_A9TL          4   137   189    1185 
  u_vpu/u_sym/g2/Y                   -       A->Y  F     OR2_X1M_A9TL           2   111   195    1380 
  u_vpu/u_sym/g7242/Y                -       A->Y  R     NOR2_X4B_A9TL          2    83    82    1461 
  u_vpu/u_sym/g7323/Y                -       A->Y  F     NAND2XB_X1M_A9TL       2   130   105    1566 
  u_vpu/u_sym/g7197/Y                -       A->Y  R     NAND2_X1P4M_A9TL       4   214   165    1731 
  u_vpu/u_sym/g7189/Y                -       A->Y  F     NAND2_X1P4M_A9TL       4   164   150    1881 
  u_vpu/u_sym/g7144/Y                -       AN->Y F     NAND3B_X1P4M_A9TL      2   165   222    2103 
  u_vpu/u_sym/g7075/Y                -       A->Y  R     NOR2_X1P4A_A9TL        2   174   153    2256 
  u_vpu/u_sym/g7024/Y                -       A->Y  F     NAND2XB_X1M_A9TL       2   138   126    2381 
  u_vpu/u_sym/g6962/Y                -       A0->Y R     OAI21_X1M_A9TL         1   176   156    2537 
  u_vpu/u_sym/g6940/Y                -       B->Y  R     XNOR2_X1M_A9TL         1   209   170    2708 
  u_vpu/g22896/Y                     -       B0->Y R     AO22_X1M_A9TL          1    78   163    2871 
  u_vpu/u_vecmul/b_reg_reg[6][15]/SI -       -     R     SDFFQ_X2M_A9TL         1     -     0    2871 
#-----------------------------------------------------------------------------------------------------



Path 16: MET (26 ps) Setup Check with Pin u_vpu/u_vecmul/b_reg_reg[3][11]/CK->SI
          Group: in2reg
     Startpoint: (F) ext_sram_b[3][0]
          Clock: (R) clk
       Endpoint: (R) u_vpu/u_vecmul/b_reg_reg[3][11]/SI
          Clock: (R) clk

                     Capture       Launch     
        Clock Edge:+    3300            0     
        Drv Adjust:+       0            6     
       Src Latency:+       0            0     
       Net Latency:+       0 (I)        0 (I) 
           Arrival:=    3300            6     
                                              
             Setup:-     278                  
       Uncertainty:-     125                  
     Required Time:=    2897                  
      Launch Clock:-       6                  
       Input Delay:-     990                  
         Data Path:-    1874                  
             Slack:=      26                  

Exceptions/Constraints:
  input_delay             990             dut.sdc_line_15_547_1   

#----------------------------------------------------------------------------------------------------
#           Timing Point             Flags   Arc   Edge       Cell        Fanout Trans Delay Arrival 
#                                                                                 (ps)  (ps)   (ps)  
#----------------------------------------------------------------------------------------------------
  ext_sram_b[3][0]                   -       -     F     (arrival)             1    43     0     996 
  g6364/Y                            -       B0->Y F     AO22_X1M_A9TL         4   137   189    1185 
  u_vpu/u_sym/g7308/Y                -       A->Y  R     INV_X1M_A9TL          2   136   125    1311 
  u_vpu/u_sym/g7322/Y                -       C->Y  F     NAND3B_X2M_A9TL       2   115   117    1427 
  u_vpu/u_sym/g7224/Y                -       A->Y  R     NOR2_X1P4A_A9TL       2   164   136    1563 
  u_vpu/u_sym/g7194/Y                -       A->Y  R     OR2_X1M_A9TL          4   184   211    1774 
  u_vpu/u_sym/g7164/Y                -       A->Y  R     AND2_X1M_A9TL         2   123   186    1960 
  u_vpu/u_sym/g7149/Y                -       A->Y  F     INV_X1M_A9TL          2    86    88    2048 
  u_vpu/u_sym/g7142/Y                -       A->Y  R     NOR2_X1A_A9TL         2   226   163    2211 
  u_vpu/u_sym/g7060/Y                -       A->Y  F     NAND2XB_X1M_A9TL      2   148   140    2351 
  u_vpu/u_sym/g6988/Y                -       A0->Y R     OAI21_X1M_A9TL        1   170   156    2507 
  u_vpu/u_sym/g6946/Y                -       B->Y  R     XNOR2_X0P7M_A9TL      1   246   190    2697 
  u_vpu/g22835/Y                     -       B0->Y R     AO22_X1M_A9TL         1    78   173    2871 
  u_vpu/u_vecmul/b_reg_reg[3][11]/SI -       -     R     SDFFQ_X2M_A9TL        1     -     0    2871 
#----------------------------------------------------------------------------------------------------



Path 17: MET (27 ps) Setup Check with Pin u_vpu/u_vecmul/b_reg_reg[6][14]/CK->SI
          Group: in2reg
     Startpoint: (F) ext_sram_b[6][1]
          Clock: (R) clk
       Endpoint: (F) u_vpu/u_vecmul/b_reg_reg[6][14]/SI
          Clock: (R) clk

                     Capture       Launch     
        Clock Edge:+    3300            0     
        Drv Adjust:+       0            6     
       Src Latency:+       0            0     
       Net Latency:+       0 (I)        0 (I) 
           Arrival:=    3300            6     
                                              
             Setup:-     323                  
       Uncertainty:-     125                  
     Required Time:=    2852                  
      Launch Clock:-       6                  
       Input Delay:-     990                  
         Data Path:-    1828                  
             Slack:=      27                  

Exceptions/Constraints:
  input_delay             990             dut.sdc_line_15_522_1   

#-----------------------------------------------------------------------------------------------------
#           Timing Point             Flags   Arc   Edge       Cell         Fanout Trans Delay Arrival 
#                                                                                  (ps)  (ps)   (ps)  
#-----------------------------------------------------------------------------------------------------
  ext_sram_b[6][1]                   -       -     F     (arrival)              1    43     0     996 
  g6350/Y                            -       B0->Y F     AO22_X1M_A9TL          4   137   189    1185 
  u_vpu/u_sym/g2/Y                   -       A->Y  F     OR2_X1M_A9TL           2   111   195    1380 
  u_vpu/u_sym/g7242/Y                -       A->Y  R     NOR2_X4B_A9TL          2    83    82    1461 
  u_vpu/u_sym/g7323/Y                -       A->Y  F     NAND2XB_X1M_A9TL       2   130   105    1566 
  u_vpu/u_sym/g7197/Y                -       A->Y  R     NAND2_X1P4M_A9TL       4   214   165    1731 
  u_vpu/u_sym/g7189/Y                -       A->Y  F     NAND2_X1P4M_A9TL       4   164   150    1881 
  u_vpu/u_sym/g7144/Y                -       AN->Y F     NAND3B_X1P4M_A9TL      2   165   222    2103 
  u_vpu/u_sym/g7075/Y                -       A->Y  R     NOR2_X1P4A_A9TL        2   174   153    2256 
  u_vpu/u_sym/g7024/Y                -       A->Y  F     NAND2XB_X1M_A9TL       2   138   126    2381 
  u_vpu/u_sym/g6991/Y                -       A->Y  F     AND2_X1M_A9TL          1    71   162    2543 
  u_vpu/u_sym/g6949/Y                -       A->Y  F     XOR2_X0P7M_A9TL        1   143   112    2654 
  u_vpu/g22902/Y                     -       B0->Y F     AO22_X1M_A9TL          1    63   170    2824 
  u_vpu/u_vecmul/b_reg_reg[6][14]/SI -       -     F     SDFFQ_X2M_A9TL         1     -     0    2824 
#-----------------------------------------------------------------------------------------------------



Path 18: MET (28 ps) Setup Check with Pin u_vpu/u_vecmul/b_reg_reg[3][11]/CK->SI
          Group: in2reg
     Startpoint: (F) ext_sram_b[3][0]
          Clock: (R) clk
       Endpoint: (F) u_vpu/u_vecmul/b_reg_reg[3][11]/SI
          Clock: (R) clk

                     Capture       Launch     
        Clock Edge:+    3300            0     
        Drv Adjust:+       0            6     
       Src Latency:+       0            0     
       Net Latency:+       0 (I)        0 (I) 
           Arrival:=    3300            6     
                                              
             Setup:-     323                  
       Uncertainty:-     125                  
     Required Time:=    2852                  
      Launch Clock:-       6                  
       Input Delay:-     990                  
         Data Path:-    1828                  
             Slack:=      28                  

Exceptions/Constraints:
  input_delay             990             dut.sdc_line_15_547_1   

#----------------------------------------------------------------------------------------------------
#           Timing Point             Flags   Arc   Edge       Cell        Fanout Trans Delay Arrival 
#                                                                                 (ps)  (ps)   (ps)  
#----------------------------------------------------------------------------------------------------
  ext_sram_b[3][0]                   -       -     F     (arrival)             1    43     0     996 
  g6364/Y                            -       B0->Y F     AO22_X1M_A9TL         4   137   189    1185 
  u_vpu/u_sym/g7308/Y                -       A->Y  R     INV_X1M_A9TL          2   136   125    1311 
  u_vpu/u_sym/g7322/Y                -       C->Y  F     NAND3B_X2M_A9TL       2   115   117    1427 
  u_vpu/u_sym/g7224/Y                -       A->Y  R     NOR2_X1P4A_A9TL       2   164   136    1563 
  u_vpu/u_sym/g7194/Y                -       A->Y  R     OR2_X1M_A9TL          4   184   211    1774 
  u_vpu/u_sym/g7164/Y                -       A->Y  R     AND2_X1M_A9TL         2   123   186    1960 
  u_vpu/u_sym/g7149/Y                -       A->Y  F     INV_X1M_A9TL          2    86    88    2048 
  u_vpu/u_sym/g7142/Y                -       A->Y  R     NOR2_X1A_A9TL         2   226   163    2211 
  u_vpu/u_sym/g7060/Y                -       A->Y  F     NAND2XB_X1M_A9TL      2   148   140    2351 
  u_vpu/u_sym/g6988/Y                -       A0->Y R     OAI21_X1M_A9TL        1   170   156    2507 
  u_vpu/u_sym/g6946/Y                -       B->Y  F     XNOR2_X0P7M_A9TL      1   142   147    2654 
  u_vpu/g22835/Y                     -       B0->Y F     AO22_X1M_A9TL         1    63   170    2824 
  u_vpu/u_vecmul/b_reg_reg[3][11]/SI -       -     F     SDFFQ_X2M_A9TL        1     -     0    2824 
#----------------------------------------------------------------------------------------------------



Path 19: MET (30 ps) Setup Check with Pin u_vpu/u_vecmul/b_reg_reg[6][15]/CK->SI
          Group: in2reg
     Startpoint: (F) ext_sram_b[6][1]
          Clock: (R) clk
       Endpoint: (F) u_vpu/u_vecmul/b_reg_reg[6][15]/SI
          Clock: (R) clk

                     Capture       Launch     
        Clock Edge:+    3300            0     
        Drv Adjust:+       0            6     
       Src Latency:+       0            0     
       Net Latency:+       0 (I)        0 (I) 
           Arrival:=    3300            6     
                                              
             Setup:-     323                  
       Uncertainty:-     125                  
     Required Time:=    2852                  
      Launch Clock:-       6                  
       Input Delay:-     990                  
         Data Path:-    1825                  
             Slack:=      30                  

Exceptions/Constraints:
  input_delay             990             dut.sdc_line_15_522_1   

#-----------------------------------------------------------------------------------------------------
#           Timing Point             Flags   Arc   Edge       Cell         Fanout Trans Delay Arrival 
#                                                                                  (ps)  (ps)   (ps)  
#-----------------------------------------------------------------------------------------------------
  ext_sram_b[6][1]                   -       -     F     (arrival)              1    43     0     996 
  g6350/Y                            -       B0->Y F     AO22_X1M_A9TL          4   137   189    1185 
  u_vpu/u_sym/g2/Y                   -       A->Y  F     OR2_X1M_A9TL           2   111   195    1380 
  u_vpu/u_sym/g7242/Y                -       A->Y  R     NOR2_X4B_A9TL          2    83    82    1461 
  u_vpu/u_sym/g7323/Y                -       A->Y  F     NAND2XB_X1M_A9TL       2   130   105    1566 
  u_vpu/u_sym/g7197/Y                -       A->Y  R     NAND2_X1P4M_A9TL       4   214   165    1731 
  u_vpu/u_sym/g7189/Y                -       A->Y  F     NAND2_X1P4M_A9TL       4   164   150    1881 
  u_vpu/u_sym/g7144/Y                -       AN->Y F     NAND3B_X1P4M_A9TL      2   165   222    2103 
  u_vpu/u_sym/g7075/Y                -       A->Y  R     NOR2_X1P4A_A9TL        2   174   153    2256 
  u_vpu/u_sym/g7024/Y                -       A->Y  F     NAND2XB_X1M_A9TL       2   138   126    2381 
  u_vpu/u_sym/g6962/Y                -       A0->Y R     OAI21_X1M_A9TL         1   176   156    2537 
  u_vpu/u_sym/g6940/Y                -       B->Y  F     XNOR2_X1M_A9TL         1   110   126    2663 
  u_vpu/g22896/Y                     -       B0->Y F     AO22_X1M_A9TL          1    63   159    2822 
  u_vpu/u_vecmul/b_reg_reg[6][15]/SI -       -     F     SDFFQ_X2M_A9TL         1     -     0    2822 
#-----------------------------------------------------------------------------------------------------



Path 20: MET (31 ps) Setup Check with Pin u_vpu/u_vecmul/b_reg_reg[6][15]/CK->SI
          Group: in2reg
     Startpoint: (R) ext_sram_b[6][0]
          Clock: (R) clk
       Endpoint: (F) u_vpu/u_vecmul/b_reg_reg[6][15]/SI
          Clock: (R) clk

                     Capture       Launch     
        Clock Edge:+    3300            0     
        Drv Adjust:+       0            8     
       Src Latency:+       0            0     
       Net Latency:+       0 (I)        0 (I) 
           Arrival:=    3300            8     
                                              
             Setup:-     323                  
       Uncertainty:-     125                  
     Required Time:=    2852                  
      Launch Clock:-       8                  
       Input Delay:-     990                  
         Data Path:-    1822                  
             Slack:=      31                  

Exceptions/Constraints:
  input_delay             990             dut.sdc_line_15_523_1   

#-----------------------------------------------------------------------------------------------------
#           Timing Point             Flags   Arc   Edge       Cell         Fanout Trans Delay Arrival 
#                                                                                  (ps)  (ps)   (ps)  
#-----------------------------------------------------------------------------------------------------
  ext_sram_b[6][0]                   -       -     R     (arrival)              1    43     0     998 
  g6351/Y                            -       B0->Y R     AO22_X1M_A9TL          4   193   187    1185 
  u_vpu/u_sym/g2/Y                   -       B->Y  R     OR2_X1M_A9TL           2   147   206    1391 
  u_vpu/u_sym/g7242/Y                -       A->Y  F     NOR2_X4B_A9TL          2   104    90    1482 
  u_vpu/u_sym/g7323/Y                -       A->Y  R     NAND2XB_X1M_A9TL       2   170   134    1616 
  u_vpu/u_sym/g7197/Y                -       A->Y  F     NAND2_X1P4M_A9TL       4   164   142    1758 
  u_vpu/u_sym/g7189/Y                -       A->Y  R     NAND2_X1P4M_A9TL       4   202   174    1932 
  u_vpu/u_sym/g7144/Y                -       AN->Y R     NAND3B_X1P4M_A9TL      2   180   216    2147 
  u_vpu/u_sym/g7075/Y                -       A->Y  F     NOR2_X1P4A_A9TL        2   114   110    2258 
  u_vpu/u_sym/g7024/Y                -       A->Y  R     NAND2XB_X1M_A9TL       2   161   133    2391 
  u_vpu/u_sym/g6962/Y                -       A0->Y F     OAI21_X1M_A9TL         1   134   116    2506 
  u_vpu/u_sym/g6940/Y                -       B->Y  F     XNOR2_X1M_A9TL         1   110   156    2662 
  u_vpu/g22896/Y                     -       B0->Y F     AO22_X1M_A9TL          1    63   159    2820 
  u_vpu/u_vecmul/b_reg_reg[6][15]/SI -       -     F     SDFFQ_X2M_A9TL         1     -     0    2820 
#-----------------------------------------------------------------------------------------------------



Path 21: MET (32 ps) Setup Check with Pin u_vpu/u_vecmul/b_reg_reg[2][15]/CK->SI
          Group: in2reg
     Startpoint: (F) ext_sram_b[2][0]
          Clock: (R) clk
       Endpoint: (R) u_vpu/u_vecmul/b_reg_reg[2][15]/SI
          Clock: (R) clk

                     Capture       Launch     
        Clock Edge:+    3300            0     
        Drv Adjust:+       0            6     
       Src Latency:+       0            0     
       Net Latency:+       0 (I)        0 (I) 
           Arrival:=    3300            6     
                                              
             Setup:-     278                  
       Uncertainty:-     125                  
     Required Time:=    2897                  
      Launch Clock:-       6                  
       Input Delay:-     990                  
         Data Path:-    1869                  
             Slack:=      32                  

Exceptions/Constraints:
  input_delay             990             dut.sdc_line_15_555_1   

#----------------------------------------------------------------------------------------------------
#           Timing Point             Flags   Arc   Edge       Cell        Fanout Trans Delay Arrival 
#                                                                                 (ps)  (ps)   (ps)  
#----------------------------------------------------------------------------------------------------
  ext_sram_b[2][0]                   -       -     F     (arrival)             1    43     0     996 
  g5042/Y                            -       A->Y  F     MXT2_X0P7M_A9TL       5   216   247    1243 
  u_vpu/u_sym/g7220/Y                -       A->Y  F     OR4_X1M_A9TL          2   145   240    1483 
  u_vpu/u_sym/g7196/Y                -       A->Y  R     NAND2_X1A_A9TL        4   200   165    1649 
  u_vpu/u_sym/g7165/Y                -       A->Y  F     NAND2_X1A_A9TL        3   195   173    1821 
  u_vpu/u_sym/g7140/Y                -       A->Y  F     OR2_X0P7M_A9TL        2   114   212    2033 
  u_vpu/u_sym/g7063/Y                -       A->Y  R     NOR2_X1A_A9TL         2   226   171    2204 
  u_vpu/u_sym/g7025/Y                -       A->Y  F     NAND2XB_X1M_A9TL      2   148   140    2344 
  u_vpu/u_sym/g6961/Y                -       A0->Y R     OAI21_X1M_A9TL        1   171   156    2501 
  u_vpu/u_sym/g6942/Y                -       B->Y  R     XNOR2_X0P7M_A9TL      1   249   190    2691 
  u_vpu/g22952/Y                     -       B0->Y R     AO22_X1M_A9TL         1    78   174    2866 
  u_vpu/u_vecmul/b_reg_reg[2][15]/SI -       -     R     SDFFQ_X2M_A9TL        1     -     0    2866 
#----------------------------------------------------------------------------------------------------



Path 22: MET (32 ps) Setup Check with Pin u_vpu/u_vecmul/b_reg_reg[0][15]/CK->SI
          Group: in2reg
     Startpoint: (F) ext_sram_b[0][0]
          Clock: (R) clk
       Endpoint: (R) u_vpu/u_vecmul/b_reg_reg[0][15]/SI
          Clock: (R) clk

                     Capture       Launch     
        Clock Edge:+    3300            0     
        Drv Adjust:+       0            6     
       Src Latency:+       0            0     
       Net Latency:+       0 (I)        0 (I) 
           Arrival:=    3300            6     
                                              
             Setup:-     278                  
       Uncertainty:-     125                  
     Required Time:=    2897                  
      Launch Clock:-       6                  
       Input Delay:-     990                  
         Data Path:-    1869                  
             Slack:=      32                  

Exceptions/Constraints:
  input_delay             990             dut.sdc_line_15_571_1   

#----------------------------------------------------------------------------------------------------
#           Timing Point             Flags   Arc   Edge       Cell        Fanout Trans Delay Arrival 
#                                                                                 (ps)  (ps)   (ps)  
#----------------------------------------------------------------------------------------------------
  ext_sram_b[0][0]                   -       -     F     (arrival)             1    43     0     996 
  g4979/Y                            -       A->Y  F     MXT2_X0P7M_A9TL       5   216   247    1243 
  u_vpu/u_sym/g7219/Y                -       A->Y  F     OR4_X1M_A9TL          2   145   240    1483 
  u_vpu/u_sym/g7200/Y                -       A->Y  R     NAND2_X1A_A9TL        4   200   165    1649 
  u_vpu/u_sym/g7188/Y                -       A->Y  F     NAND2_X1A_A9TL        3   195   173    1821 
  u_vpu/u_sym/g7138/Y                -       A->Y  F     OR2_X0P7M_A9TL        2   114   212    2033 
  u_vpu/u_sym/g7061/Y                -       A->Y  R     NOR2_X1A_A9TL         2   226   171    2204 
  u_vpu/u_sym/g7022/Y                -       A->Y  F     NAND2XB_X1M_A9TL      2   148   140    2344 
  u_vpu/u_sym/g6965/Y                -       A0->Y R     OAI21_X1M_A9TL        1   171   156    2501 
  u_vpu/u_sym/g6941/Y                -       B->Y  R     XNOR2_X0P7M_A9TL      1   249   190    2691 
  u_vpu/g22932/Y                     -       B0->Y R     AO22_X1M_A9TL         1    78   174    2866 
  u_vpu/u_vecmul/b_reg_reg[0][15]/SI -       -     R     SDFFQ_X2M_A9TL        1     -     0    2866 
#----------------------------------------------------------------------------------------------------



Path 23: MET (32 ps) Setup Check with Pin u_vpu/u_vecmul/b_reg_reg[3][14]/CK->SI
          Group: in2reg
     Startpoint: (F) ext_sram_b[3][0]
          Clock: (R) clk
       Endpoint: (F) u_vpu/u_vecmul/b_reg_reg[3][14]/SI
          Clock: (R) clk

                     Capture       Launch     
        Clock Edge:+    3300            0     
        Drv Adjust:+       0            6     
       Src Latency:+       0            0     
       Net Latency:+       0 (I)        0 (I) 
           Arrival:=    3300            6     
                                              
             Setup:-     323                  
       Uncertainty:-     125                  
     Required Time:=    2852                  
      Launch Clock:-       6                  
       Input Delay:-     990                  
         Data Path:-    1823                  
             Slack:=      32                  

Exceptions/Constraints:
  input_delay             990             dut.sdc_line_15_547_1   

#----------------------------------------------------------------------------------------------------
#           Timing Point             Flags   Arc   Edge       Cell        Fanout Trans Delay Arrival 
#                                                                                 (ps)  (ps)   (ps)  
#----------------------------------------------------------------------------------------------------
  ext_sram_b[3][0]                   -       -     F     (arrival)             1    43     0     996 
  g6364/Y                            -       B0->Y F     AO22_X1M_A9TL         4   137   189    1185 
  u_vpu/u_sym/g7308/Y                -       A->Y  R     INV_X1M_A9TL          2   136   125    1311 
  u_vpu/u_sym/g7322/Y                -       C->Y  F     NAND3B_X2M_A9TL       2   115   117    1427 
  u_vpu/u_sym/g7224/Y                -       A->Y  R     NOR2_X1P4A_A9TL       2   164   136    1563 
  u_vpu/u_sym/g7194/Y                -       A->Y  R     OR2_X1M_A9TL          4   184   211    1774 
  u_vpu/u_sym/g7164/Y                -       A->Y  R     AND2_X1M_A9TL         2   123   186    1960 
  u_vpu/u_sym/g7139/Y                -       A->Y  F     NAND3_X1A_A9TL        2   204   158    2118 
  u_vpu/u_sym/g7062/Y                -       A->Y  R     NOR2_X2A_A9TL         2   147   143    2261 
  u_vpu/u_sym/g7023/Y                -       A->Y  F     NAND2XB_X1M_A9TL      2   133   118    2378 
  u_vpu/u_sym/g6996/Y                -       A->Y  F     AND2_X1M_A9TL         1    70   160    2538 
  u_vpu/u_sym/g6954/Y                -       A->Y  F     XOR2_X0P7M_A9TL       1   143   112    2649 
  u_vpu/g22832/Y                     -       B0->Y F     AO22_X1M_A9TL         1    63   170    2819 
  u_vpu/u_vecmul/b_reg_reg[3][14]/SI -       -     F     SDFFQ_X2M_A9TL        1     -     0    2819 
#----------------------------------------------------------------------------------------------------



Path 24: MET (33 ps) Setup Check with Pin u_vpu/u_vecmul/b_reg_reg[1][14]/CK->SI
          Group: in2reg
     Startpoint: (F) ext_sram_b[1][0]
          Clock: (R) clk
       Endpoint: (F) u_vpu/u_vecmul/b_reg_reg[1][14]/SI
          Clock: (R) clk

                     Capture       Launch     
        Clock Edge:+    3300            0     
        Drv Adjust:+       0            6     
       Src Latency:+       0            0     
       Net Latency:+       0 (I)        0 (I) 
           Arrival:=    3300            6     
                                              
             Setup:-     323                  
       Uncertainty:-     125                  
     Required Time:=    2852                  
      Launch Clock:-       6                  
       Input Delay:-     990                  
         Data Path:-    1822                  
             Slack:=      33                  

Exceptions/Constraints:
  input_delay             990             dut.sdc_line_15_563_1   

#----------------------------------------------------------------------------------------------------
#           Timing Point             Flags   Arc   Edge       Cell        Fanout Trans Delay Arrival 
#                                                                                 (ps)  (ps)   (ps)  
#----------------------------------------------------------------------------------------------------
  ext_sram_b[1][0]                   -       -     F     (arrival)             1    43     0     996 
  g6367/Y                            -       B0->Y F     AO22_X1M_A9TL         5   166   208    1204 
  u_vpu/u_sym/g7320/Y                -       C->Y  F     OR3_X1M_A9TL          2    96   215    1420 
  u_vpu/u_sym/g7222/Y                -       A->Y  R     NOR2_X2M_A9TL         2   129   109    1528 
  u_vpu/u_sym/g7199/Y                -       A->Y  R     OR2_X1P4M_A9TL        4   135   173    1701 
  u_vpu/u_sym/g7167/Y                -       A->Y  F     NAND2_X1P4M_A9TL      4   162   128    1829 
  u_vpu/u_sym/g7112/Y                -       A->Y  F     OR4_X1M_A9TL          2   143   221    2050 
  u_vpu/u_sym/g7071/Y                -       A->Y  R     NOR2_X1A_A9TL         2   226   181    2231 
  u_vpu/u_sym/g7028/Y                -       A->Y  F     NAND2XB_X1M_A9TL      2   148   140    2372 
  u_vpu/u_sym/g6992/Y                -       A->Y  F     AND2_X1M_A9TL         1    71   165    2537 
  u_vpu/u_sym/g6951/Y                -       A->Y  F     XOR2_X0P7M_A9TL       1   143   112    2649 
  u_vpu/g22912/Y                     -       B0->Y F     AO22_X1M_A9TL         1    63   170    2819 
  u_vpu/u_vecmul/b_reg_reg[1][14]/SI -       -     F     SDFFQ_X2M_A9TL        1     -     0    2819 
#----------------------------------------------------------------------------------------------------



Path 25: MET (33 ps) Setup Check with Pin u_vpu/u_vecmul/b_reg_reg[5][15]/CK->SI
          Group: in2reg
     Startpoint: (F) ext_sram_b[5][1]
          Clock: (R) clk
       Endpoint: (F) u_vpu/u_vecmul/b_reg_reg[5][15]/SI
          Clock: (R) clk

                     Capture       Launch     
        Clock Edge:+    3300            0     
        Drv Adjust:+       0            6     
       Src Latency:+       0            0     
       Net Latency:+       0 (I)        0 (I) 
           Arrival:=    3300            6     
                                              
             Setup:-     323                  
       Uncertainty:-     125                  
     Required Time:=    2852                  
      Launch Clock:-       6                  
       Input Delay:-     990                  
         Data Path:-    1822                  
             Slack:=      33                  

Exceptions/Constraints:
  input_delay             990             dut.sdc_line_15_530_1   

#----------------------------------------------------------------------------------------------------
#           Timing Point             Flags   Arc   Edge       Cell        Fanout Trans Delay Arrival 
#                                                                                 (ps)  (ps)   (ps)  
#----------------------------------------------------------------------------------------------------
  ext_sram_b[5][1]                   -       -     F     (arrival)             1    43     0     996 
  g5006/Y                            -       B->Y  F     MXT2_X1P4M_A9TL       4   110   179    1175 
  u_vpu/u_sym/g7292/Y                -       B->Y  F     OR2_X1P4M_A9TL        2    82   173    1349 
  u_vpu/u_sym/g7236/Y                -       A->Y  R     NOR2_X3A_A9TL         2   102    88    1436 
  u_vpu/u_sym/g7225/Y                -       A->Y  F     NAND2XB_X1M_A9TL      2   133   110    1547 
  u_vpu/u_sym/g7195/Y                -       A->Y  R     NAND2_X1P4M_A9TL      4   214   166    1713 
  u_vpu/u_sym/g7168/Y                -       A->Y  F     NAND2_X1P4M_A9TL      4   166   152    1864 
  u_vpu/u_sym/g7124/Y                -       A->Y  F     OR4_X1M_A9TL          2   140   221    2086 
  u_vpu/u_sym/g7081/Y                -       A->Y  F     OR2_X1M_A9TL          3   115   198    2283 
  u_vpu/u_sym/g6997/Y                -       A0->Y R     OAI31_X1M_A9TL        1   248   190    2473 
  u_vpu/u_sym/g6945/Y                -       B->Y  F     XNOR2_X0P7M_A9TL      1   147   174    2647 
  u_vpu/g22871/Y                     -       B0->Y F     AO22_X1M_A9TL         1    63   172    2818 
  u_vpu/u_vecmul/b_reg_reg[5][15]/SI -       -     F     SDFFQ_X2M_A9TL        1     -     0    2818 
#----------------------------------------------------------------------------------------------------



Path 26: MET (34 ps) Setup Check with Pin u_vpu/u_vecmul/b_reg_reg[6][15]/CK->SI
          Group: in2reg
     Startpoint: (R) ext_sram_b[6][1]
          Clock: (R) clk
       Endpoint: (F) u_vpu/u_vecmul/b_reg_reg[6][15]/SI
          Clock: (R) clk

                     Capture       Launch     
        Clock Edge:+    3300            0     
        Drv Adjust:+       0            8     
       Src Latency:+       0            0     
       Net Latency:+       0 (I)        0 (I) 
           Arrival:=    3300            8     
                                              
             Setup:-     323                  
       Uncertainty:-     125                  
     Required Time:=    2852                  
      Launch Clock:-       8                  
       Input Delay:-     990                  
         Data Path:-    1820                  
             Slack:=      34                  

Exceptions/Constraints:
  input_delay             990             dut.sdc_line_15_522_1   

#-----------------------------------------------------------------------------------------------------
#           Timing Point             Flags   Arc   Edge       Cell         Fanout Trans Delay Arrival 
#                                                                                  (ps)  (ps)   (ps)  
#-----------------------------------------------------------------------------------------------------
  ext_sram_b[6][1]                   -       -     R     (arrival)              1    43     0     998 
  g6350/Y                            -       B0->Y R     AO22_X1M_A9TL          4   198   190    1188 
  u_vpu/u_sym/g2/Y                   -       A->Y  R     OR2_X1M_A9TL           2   147   201    1389 
  u_vpu/u_sym/g7242/Y                -       A->Y  F     NOR2_X4B_A9TL          2   104    90    1480 
  u_vpu/u_sym/g7323/Y                -       A->Y  R     NAND2XB_X1M_A9TL       2   170   134    1614 
  u_vpu/u_sym/g7197/Y                -       A->Y  F     NAND2_X1P4M_A9TL       4   164   142    1755 
  u_vpu/u_sym/g7189/Y                -       A->Y  R     NAND2_X1P4M_A9TL       4   202   174    1929 
  u_vpu/u_sym/g7144/Y                -       AN->Y R     NAND3B_X1P4M_A9TL      2   180   216    2145 
  u_vpu/u_sym/g7075/Y                -       A->Y  F     NOR2_X1P4A_A9TL        2   114   110    2256 
  u_vpu/u_sym/g7024/Y                -       A->Y  R     NAND2XB_X1M_A9TL       2   161   133    2388 
  u_vpu/u_sym/g6962/Y                -       A0->Y F     OAI21_X1M_A9TL         1   134   116    2504 
  u_vpu/u_sym/g6940/Y                -       B->Y  F     XNOR2_X1M_A9TL         1   110   156    2659 
  u_vpu/g22896/Y                     -       B0->Y F     AO22_X1M_A9TL          1    63   159    2818 
  u_vpu/u_vecmul/b_reg_reg[6][15]/SI -       -     F     SDFFQ_X2M_A9TL         1     -     0    2818 
#-----------------------------------------------------------------------------------------------------



Path 27: MET (34 ps) Setup Check with Pin u_vpu/u_vecmul/b_reg_reg[6][14]/CK->SI
          Group: in2reg
     Startpoint: (R) ext_sram_b[6][0]
          Clock: (R) clk
       Endpoint: (R) u_vpu/u_vecmul/b_reg_reg[6][14]/SI
          Clock: (R) clk

                     Capture       Launch     
        Clock Edge:+    3300            0     
        Drv Adjust:+       0            8     
       Src Latency:+       0            0     
       Net Latency:+       0 (I)        0 (I) 
           Arrival:=    3300            8     
                                              
             Setup:-     278                  
       Uncertainty:-     125                  
     Required Time:=    2897                  
      Launch Clock:-       8                  
       Input Delay:-     990                  
         Data Path:-    1865                  
             Slack:=      34                  

Exceptions/Constraints:
  input_delay             990             dut.sdc_line_15_523_1   

#-----------------------------------------------------------------------------------------------------
#           Timing Point             Flags   Arc   Edge       Cell         Fanout Trans Delay Arrival 
#                                                                                  (ps)  (ps)   (ps)  
#-----------------------------------------------------------------------------------------------------
  ext_sram_b[6][0]                   -       -     R     (arrival)              1    43     0     998 
  g6351/Y                            -       B0->Y R     AO22_X1M_A9TL          4   193   187    1185 
  u_vpu/u_sym/g2/Y                   -       B->Y  R     OR2_X1M_A9TL           2   147   206    1391 
  u_vpu/u_sym/g7242/Y                -       A->Y  F     NOR2_X4B_A9TL          2   104    90    1482 
  u_vpu/u_sym/g7323/Y                -       A->Y  R     NAND2XB_X1M_A9TL       2   170   134    1616 
  u_vpu/u_sym/g7197/Y                -       A->Y  F     NAND2_X1P4M_A9TL       4   164   142    1758 
  u_vpu/u_sym/g7189/Y                -       A->Y  R     NAND2_X1P4M_A9TL       4   202   174    1932 
  u_vpu/u_sym/g7144/Y                -       AN->Y R     NAND3B_X1P4M_A9TL      2   180   216    2147 
  u_vpu/u_sym/g7075/Y                -       A->Y  F     NOR2_X1P4A_A9TL        2   114   110    2258 
  u_vpu/u_sym/g7024/Y                -       A->Y  R     NAND2XB_X1M_A9TL       2   161   133    2391 
  u_vpu/u_sym/g6991/Y                -       A->Y  R     AND2_X1M_A9TL          1    98   165    2556 
  u_vpu/u_sym/g6949/Y                -       A->Y  R     XOR2_X0P7M_A9TL        1   261   130    2685 
  u_vpu/g22902/Y                     -       B0->Y R     AO22_X1M_A9TL          1    78   178    2863 
  u_vpu/u_vecmul/b_reg_reg[6][14]/SI -       -     R     SDFFQ_X2M_A9TL         1     -     0    2863 
#-----------------------------------------------------------------------------------------------------



Path 28: MET (34 ps) Setup Check with Pin u_vpu/u_vecmul/b_reg_reg[7][14]/CK->SI
          Group: in2reg
     Startpoint: (F) ext_sram_b[7][1]
          Clock: (R) clk
       Endpoint: (F) u_vpu/u_vecmul/b_reg_reg[7][14]/SI
          Clock: (R) clk

                     Capture       Launch     
        Clock Edge:+    3300            0     
        Drv Adjust:+       0            8     
       Src Latency:+       0            0     
       Net Latency:+       0 (I)        0 (I) 
           Arrival:=    3300            8     
                                              
             Setup:-     323                  
       Uncertainty:-     125                  
     Required Time:=    2852                  
      Launch Clock:-       8                  
       Input Delay:-     990                  
         Data Path:-    1819                  
             Slack:=      34                  

Exceptions/Constraints:
  input_delay             990             dut.sdc_line_15_514_1   

#-----------------------------------------------------------------------------------------------------
#           Timing Point             Flags   Arc   Edge       Cell         Fanout Trans Delay Arrival 
#                                                                                  (ps)  (ps)   (ps)  
#-----------------------------------------------------------------------------------------------------
  ext_sram_b[7][1]                   -       -     F     (arrival)              1    45     0     998 
  g5038/Y                            -       A->Y  F     MXT2_X3M_A9TR          4   102   214    1212 
  u_vpu/u_sym/g7310/Y                -       A->Y  R     INV_X1M_A9TL           2   122   108    1320 
  u_vpu/u_sym/g7321/Y                -       B->Y  F     NAND3B_X1P4M_A9TL      2   150   130    1450 
  u_vpu/u_sym/g7226/Y                -       A->Y  R     NOR2_X1P4A_A9TL        2   174   149    1600 
  u_vpu/u_sym/g7198/Y                -       A->Y  R     OR2_X1P4M_A9TL         4   135   187    1787 
  u_vpu/u_sym/g7169/Y                -       A->Y  F     NAND2_X1P4M_A9TL       4   162   128    1915 
  u_vpu/u_sym/g7143/Y                -       A->Y  F     OR4_X1M_A9TL           2   152   227    2142 
  u_vpu/u_sym/g7073/Y                -       A->Y  R     NOR2_X2B_A9TL          2   135   120    2263 
  u_vpu/u_sym/g7021/Y                -       A->Y  F     NAND2XB_X1M_A9TL       2   130   114    2377 
  u_vpu/u_sym/g6994/Y                -       A->Y  F     AND2_X1M_A9TL          1    71   158    2536 
  u_vpu/u_sym/g6950/Y                -       A->Y  F     XOR2_X0P7M_A9TL        1   143   112    2647 
  u_vpu/g22922/Y                     -       B0->Y F     AO22_X1M_A9TL          1    63   170    2817 
  u_vpu/u_vecmul/b_reg_reg[7][14]/SI -       -     F     SDFFQ_X2M_A9TL         1     -     0    2817 
#-----------------------------------------------------------------------------------------------------



Path 29: MET (35 ps) Setup Check with Pin u_vpu/u_vecmul/b_reg_reg[2][15]/CK->SI
          Group: in2reg
     Startpoint: (F) ext_sram_b[2][0]
          Clock: (R) clk
       Endpoint: (F) u_vpu/u_vecmul/b_reg_reg[2][15]/SI
          Clock: (R) clk

                     Capture       Launch     
        Clock Edge:+    3300            0     
        Drv Adjust:+       0            6     
       Src Latency:+       0            0     
       Net Latency:+       0 (I)        0 (I) 
           Arrival:=    3300            6     
                                              
             Setup:-     323                  
       Uncertainty:-     125                  
     Required Time:=    2852                  
      Launch Clock:-       6                  
       Input Delay:-     990                  
         Data Path:-    1820                  
             Slack:=      35                  

Exceptions/Constraints:
  input_delay             990             dut.sdc_line_15_555_1   

#----------------------------------------------------------------------------------------------------
#           Timing Point             Flags   Arc   Edge       Cell        Fanout Trans Delay Arrival 
#                                                                                 (ps)  (ps)   (ps)  
#----------------------------------------------------------------------------------------------------
  ext_sram_b[2][0]                   -       -     F     (arrival)             1    43     0     996 
  g5042/Y                            -       A->Y  F     MXT2_X0P7M_A9TL       5   216   247    1243 
  u_vpu/u_sym/g7220/Y                -       A->Y  F     OR4_X1M_A9TL          2   145   240    1483 
  u_vpu/u_sym/g7196/Y                -       A->Y  R     NAND2_X1A_A9TL        4   200   165    1649 
  u_vpu/u_sym/g7165/Y                -       A->Y  F     NAND2_X1A_A9TL        3   195   173    1821 
  u_vpu/u_sym/g7140/Y                -       A->Y  F     OR2_X0P7M_A9TL        2   114   212    2033 
  u_vpu/u_sym/g7063/Y                -       A->Y  R     NOR2_X1A_A9TL         2   226   171    2204 
  u_vpu/u_sym/g7025/Y                -       A->Y  F     NAND2XB_X1M_A9TL      2   148   140    2344 
  u_vpu/u_sym/g6961/Y                -       A0->Y R     OAI21_X1M_A9TL        1   171   156    2501 
  u_vpu/u_sym/g6942/Y                -       B->Y  F     XNOR2_X0P7M_A9TL      1   137   148    2648 
  u_vpu/g22952/Y                     -       B0->Y F     AO22_X1M_A9TL         1    63   168    2816 
  u_vpu/u_vecmul/b_reg_reg[2][15]/SI -       -     F     SDFFQ_X2M_A9TL        1     -     0    2816 
#----------------------------------------------------------------------------------------------------



Path 30: MET (35 ps) Setup Check with Pin u_vpu/u_vecmul/b_reg_reg[0][15]/CK->SI
          Group: in2reg
     Startpoint: (F) ext_sram_b[0][0]
          Clock: (R) clk
       Endpoint: (F) u_vpu/u_vecmul/b_reg_reg[0][15]/SI
          Clock: (R) clk

                     Capture       Launch     
        Clock Edge:+    3300            0     
        Drv Adjust:+       0            6     
       Src Latency:+       0            0     
       Net Latency:+       0 (I)        0 (I) 
           Arrival:=    3300            6     
                                              
             Setup:-     323                  
       Uncertainty:-     125                  
     Required Time:=    2852                  
      Launch Clock:-       6                  
       Input Delay:-     990                  
         Data Path:-    1820                  
             Slack:=      35                  

Exceptions/Constraints:
  input_delay             990             dut.sdc_line_15_571_1   

#----------------------------------------------------------------------------------------------------
#           Timing Point             Flags   Arc   Edge       Cell        Fanout Trans Delay Arrival 
#                                                                                 (ps)  (ps)   (ps)  
#----------------------------------------------------------------------------------------------------
  ext_sram_b[0][0]                   -       -     F     (arrival)             1    43     0     996 
  g4979/Y                            -       A->Y  F     MXT2_X0P7M_A9TL       5   216   247    1243 
  u_vpu/u_sym/g7219/Y                -       A->Y  F     OR4_X1M_A9TL          2   145   240    1483 
  u_vpu/u_sym/g7200/Y                -       A->Y  R     NAND2_X1A_A9TL        4   200   165    1649 
  u_vpu/u_sym/g7188/Y                -       A->Y  F     NAND2_X1A_A9TL        3   195   173    1821 
  u_vpu/u_sym/g7138/Y                -       A->Y  F     OR2_X0P7M_A9TL        2   114   212    2033 
  u_vpu/u_sym/g7061/Y                -       A->Y  R     NOR2_X1A_A9TL         2   226   171    2204 
  u_vpu/u_sym/g7022/Y                -       A->Y  F     NAND2XB_X1M_A9TL      2   148   140    2344 
  u_vpu/u_sym/g6965/Y                -       A0->Y R     OAI21_X1M_A9TL        1   171   156    2501 
  u_vpu/u_sym/g6941/Y                -       B->Y  F     XNOR2_X0P7M_A9TL      1   137   148    2648 
  u_vpu/g22932/Y                     -       B0->Y F     AO22_X1M_A9TL         1    63   168    2816 
  u_vpu/u_vecmul/b_reg_reg[0][15]/SI -       -     F     SDFFQ_X2M_A9TL        1     -     0    2816 
#----------------------------------------------------------------------------------------------------



Path 31: MET (36 ps) Setup Check with Pin u_vpu/u_vecmul/b_reg_reg[6][14]/CK->SI
          Group: in2reg
     Startpoint: (R) ext_sram_b[6][0]
          Clock: (R) clk
       Endpoint: (F) u_vpu/u_vecmul/b_reg_reg[6][14]/SI
          Clock: (R) clk

                     Capture       Launch     
        Clock Edge:+    3300            0     
        Drv Adjust:+       0            8     
       Src Latency:+       0            0     
       Net Latency:+       0 (I)        0 (I) 
           Arrival:=    3300            8     
                                              
             Setup:-     323                  
       Uncertainty:-     125                  
     Required Time:=    2852                  
      Launch Clock:-       8                  
       Input Delay:-     990                  
         Data Path:-    1818                  
             Slack:=      36                  

Exceptions/Constraints:
  input_delay             990             dut.sdc_line_15_523_1   

#-----------------------------------------------------------------------------------------------------
#           Timing Point             Flags   Arc   Edge       Cell         Fanout Trans Delay Arrival 
#                                                                                  (ps)  (ps)   (ps)  
#-----------------------------------------------------------------------------------------------------
  ext_sram_b[6][0]                   -       -     R     (arrival)              1    43     0     998 
  g6351/Y                            -       B0->Y R     AO22_X1M_A9TL          4   193   187    1185 
  u_vpu/u_sym/g2/Y                   -       B->Y  R     OR2_X1M_A9TL           2   147   206    1391 
  u_vpu/u_sym/g7242/Y                -       A->Y  F     NOR2_X4B_A9TL          2   104    90    1482 
  u_vpu/u_sym/g7323/Y                -       A->Y  R     NAND2XB_X1M_A9TL       2   170   134    1616 
  u_vpu/u_sym/g7197/Y                -       A->Y  F     NAND2_X1P4M_A9TL       4   164   142    1758 
  u_vpu/u_sym/g7189/Y                -       A->Y  R     NAND2_X1P4M_A9TL       4   202   174    1932 
  u_vpu/u_sym/g7144/Y                -       AN->Y R     NAND3B_X1P4M_A9TL      2   180   216    2147 
  u_vpu/u_sym/g7075/Y                -       A->Y  F     NOR2_X1P4A_A9TL        2   114   110    2258 
  u_vpu/u_sym/g7024/Y                -       A->Y  R     NAND2XB_X1M_A9TL       2   161   133    2391 
  u_vpu/u_sym/g6991/Y                -       A->Y  R     AND2_X1M_A9TL          1    98   165    2556 
  u_vpu/u_sym/g6949/Y                -       A->Y  F     XOR2_X0P7M_A9TL        1   143    90    2646 
  u_vpu/g22902/Y                     -       B0->Y F     AO22_X1M_A9TL          1    63   170    2816 
  u_vpu/u_vecmul/b_reg_reg[6][14]/SI -       -     F     SDFFQ_X2M_A9TL         1     -     0    2816 
#-----------------------------------------------------------------------------------------------------



Path 32: MET (36 ps) Setup Check with Pin u_vpu/u_vecmul/b_reg_reg[6][14]/CK->SI
          Group: in2reg
     Startpoint: (R) ext_sram_b[6][1]
          Clock: (R) clk
       Endpoint: (R) u_vpu/u_vecmul/b_reg_reg[6][14]/SI
          Clock: (R) clk

                     Capture       Launch     
        Clock Edge:+    3300            0     
        Drv Adjust:+       0            8     
       Src Latency:+       0            0     
       Net Latency:+       0 (I)        0 (I) 
           Arrival:=    3300            8     
                                              
             Setup:-     278                  
       Uncertainty:-     125                  
     Required Time:=    2897                  
      Launch Clock:-       8                  
       Input Delay:-     990                  
         Data Path:-    1863                  
             Slack:=      36                  

Exceptions/Constraints:
  input_delay             990             dut.sdc_line_15_522_1   

#-----------------------------------------------------------------------------------------------------
#           Timing Point             Flags   Arc   Edge       Cell         Fanout Trans Delay Arrival 
#                                                                                  (ps)  (ps)   (ps)  
#-----------------------------------------------------------------------------------------------------
  ext_sram_b[6][1]                   -       -     R     (arrival)              1    43     0     998 
  g6350/Y                            -       B0->Y R     AO22_X1M_A9TL          4   198   190    1188 
  u_vpu/u_sym/g2/Y                   -       A->Y  R     OR2_X1M_A9TL           2   147   201    1389 
  u_vpu/u_sym/g7242/Y                -       A->Y  F     NOR2_X4B_A9TL          2   104    90    1480 
  u_vpu/u_sym/g7323/Y                -       A->Y  R     NAND2XB_X1M_A9TL       2   170   134    1614 
  u_vpu/u_sym/g7197/Y                -       A->Y  F     NAND2_X1P4M_A9TL       4   164   142    1755 
  u_vpu/u_sym/g7189/Y                -       A->Y  R     NAND2_X1P4M_A9TL       4   202   174    1929 
  u_vpu/u_sym/g7144/Y                -       AN->Y R     NAND3B_X1P4M_A9TL      2   180   216    2145 
  u_vpu/u_sym/g7075/Y                -       A->Y  F     NOR2_X1P4A_A9TL        2   114   110    2256 
  u_vpu/u_sym/g7024/Y                -       A->Y  R     NAND2XB_X1M_A9TL       2   161   133    2388 
  u_vpu/u_sym/g6991/Y                -       A->Y  R     AND2_X1M_A9TL          1    98   165    2554 
  u_vpu/u_sym/g6949/Y                -       A->Y  R     XOR2_X0P7M_A9TL        1   261   130    2683 
  u_vpu/g22902/Y                     -       B0->Y R     AO22_X1M_A9TL          1    78   178    2861 
  u_vpu/u_vecmul/b_reg_reg[6][14]/SI -       -     R     SDFFQ_X2M_A9TL         1     -     0    2861 
#-----------------------------------------------------------------------------------------------------



Path 33: MET (37 ps) Setup Check with Pin u_vpu/u_vecmul/b_reg_reg[5][15]/CK->SI
          Group: in2reg
     Startpoint: (F) ext_sram_b[5][1]
          Clock: (R) clk
       Endpoint: (R) u_vpu/u_vecmul/b_reg_reg[5][15]/SI
          Clock: (R) clk

                     Capture       Launch     
        Clock Edge:+    3300            0     
        Drv Adjust:+       0            6     
       Src Latency:+       0            0     
       Net Latency:+       0 (I)        0 (I) 
           Arrival:=    3300            6     
                                              
             Setup:-     278                  
       Uncertainty:-     125                  
     Required Time:=    2897                  
      Launch Clock:-       6                  
       Input Delay:-     990                  
         Data Path:-    1863                  
             Slack:=      37                  

Exceptions/Constraints:
  input_delay             990             dut.sdc_line_15_530_1   

#----------------------------------------------------------------------------------------------------
#           Timing Point             Flags   Arc   Edge       Cell        Fanout Trans Delay Arrival 
#                                                                                 (ps)  (ps)   (ps)  
#----------------------------------------------------------------------------------------------------
  ext_sram_b[5][1]                   -       -     F     (arrival)             1    43     0     996 
  g5006/Y                            -       B->Y  F     MXT2_X1P4M_A9TL       4   110   179    1175 
  u_vpu/u_sym/g7292/Y                -       B->Y  F     OR2_X1P4M_A9TL        2    82   173    1349 
  u_vpu/u_sym/g7236/Y                -       A->Y  R     NOR2_X3A_A9TL         2   102    88    1436 
  u_vpu/u_sym/g7225/Y                -       A->Y  F     NAND2XB_X1M_A9TL      2   133   110    1547 
  u_vpu/u_sym/g7195/Y                -       A->Y  R     NAND2_X1P4M_A9TL      4   214   166    1713 
  u_vpu/u_sym/g7168/Y                -       A->Y  F     NAND2_X1P4M_A9TL      4   166   152    1864 
  u_vpu/u_sym/g7124/Y                -       A->Y  F     OR4_X1M_A9TL          2   140   221    2086 
  u_vpu/u_sym/g7081/Y                -       A->Y  F     OR2_X1M_A9TL          3   115   198    2283 
  u_vpu/u_sym/g6997/Y                -       A0->Y R     OAI31_X1M_A9TL        1   248   190    2473 
  u_vpu/u_sym/g6945/Y                -       B->Y  R     XNOR2_X0P7M_A9TL      1   251   212    2685 
  u_vpu/g22871/Y                     -       B0->Y R     AO22_X1M_A9TL         1    78   175    2860 
  u_vpu/u_vecmul/b_reg_reg[5][15]/SI -       -     R     SDFFQ_X2M_A9TL        1     -     0    2860 
#----------------------------------------------------------------------------------------------------



Path 34: MET (38 ps) Setup Check with Pin u_vpu/u_vecmul/b_reg_reg[6][14]/CK->SI
          Group: in2reg
     Startpoint: (R) ext_sram_b[6][1]
          Clock: (R) clk
       Endpoint: (F) u_vpu/u_vecmul/b_reg_reg[6][14]/SI
          Clock: (R) clk

                     Capture       Launch     
        Clock Edge:+    3300            0     
        Drv Adjust:+       0            8     
       Src Latency:+       0            0     
       Net Latency:+       0 (I)        0 (I) 
           Arrival:=    3300            8     
                                              
             Setup:-     323                  
       Uncertainty:-     125                  
     Required Time:=    2852                  
      Launch Clock:-       8                  
       Input Delay:-     990                  
         Data Path:-    1816                  
             Slack:=      38                  

Exceptions/Constraints:
  input_delay             990             dut.sdc_line_15_522_1   

#-----------------------------------------------------------------------------------------------------
#           Timing Point             Flags   Arc   Edge       Cell         Fanout Trans Delay Arrival 
#                                                                                  (ps)  (ps)   (ps)  
#-----------------------------------------------------------------------------------------------------
  ext_sram_b[6][1]                   -       -     R     (arrival)              1    43     0     998 
  g6350/Y                            -       B0->Y R     AO22_X1M_A9TL          4   198   190    1188 
  u_vpu/u_sym/g2/Y                   -       A->Y  R     OR2_X1M_A9TL           2   147   201    1389 
  u_vpu/u_sym/g7242/Y                -       A->Y  F     NOR2_X4B_A9TL          2   104    90    1480 
  u_vpu/u_sym/g7323/Y                -       A->Y  R     NAND2XB_X1M_A9TL       2   170   134    1614 
  u_vpu/u_sym/g7197/Y                -       A->Y  F     NAND2_X1P4M_A9TL       4   164   142    1755 
  u_vpu/u_sym/g7189/Y                -       A->Y  R     NAND2_X1P4M_A9TL       4   202   174    1929 
  u_vpu/u_sym/g7144/Y                -       AN->Y R     NAND3B_X1P4M_A9TL      2   180   216    2145 
  u_vpu/u_sym/g7075/Y                -       A->Y  F     NOR2_X1P4A_A9TL        2   114   110    2256 
  u_vpu/u_sym/g7024/Y                -       A->Y  R     NAND2XB_X1M_A9TL       2   161   133    2388 
  u_vpu/u_sym/g6991/Y                -       A->Y  R     AND2_X1M_A9TL          1    98   165    2554 
  u_vpu/u_sym/g6949/Y                -       A->Y  F     XOR2_X0P7M_A9TL        1   143    90    2644 
  u_vpu/g22902/Y                     -       B0->Y F     AO22_X1M_A9TL          1    63   170    2814 
  u_vpu/u_vecmul/b_reg_reg[6][14]/SI -       -     F     SDFFQ_X2M_A9TL         1     -     0    2814 
#-----------------------------------------------------------------------------------------------------



Path 35: MET (38 ps) Setup Check with Pin u_vpu/u_vecmul/b_reg_reg[3][15]/CK->SI
          Group: in2reg
     Startpoint: (F) ext_sram_b[3][1]
          Clock: (R) clk
       Endpoint: (R) u_vpu/u_vecmul/b_reg_reg[3][15]/SI
          Clock: (R) clk

                     Capture       Launch     
        Clock Edge:+    3300            0     
        Drv Adjust:+       0            7     
       Src Latency:+       0            0     
       Net Latency:+       0 (I)        0 (I) 
           Arrival:=    3300            7     
                                              
             Setup:-     278                  
       Uncertainty:-     125                  
     Required Time:=    2897                  
      Launch Clock:-       7                  
       Input Delay:-     990                  
         Data Path:-    1862                  
             Slack:=      38                  

Exceptions/Constraints:
  input_delay             990             dut.sdc_line_15_546_1   

#----------------------------------------------------------------------------------------------------
#           Timing Point             Flags   Arc   Edge       Cell        Fanout Trans Delay Arrival 
#                                                                                 (ps)  (ps)   (ps)  
#----------------------------------------------------------------------------------------------------
  ext_sram_b[3][1]                   -       -     F     (arrival)             1    44     0     997 
  g5024/Y                            -       A->Y  F     MXT2_X1P4M_A9TL       4   110   175    1171 
  u_vpu/u_sym/g7318/Y                -       A->Y  R     INV_X1M_A9TL          2   127   113    1284 
  u_vpu/u_sym/g7322/Y                -       B->Y  F     NAND3B_X2M_A9TL       2   115   108    1393 
  u_vpu/u_sym/g7224/Y                -       A->Y  R     NOR2_X1P4A_A9TL       2   164   136    1528 
  u_vpu/u_sym/g7194/Y                -       A->Y  R     OR2_X1M_A9TL          4   184   211    1740 
  u_vpu/u_sym/g7164/Y                -       A->Y  R     AND2_X1M_A9TL         2   123   186    1926 
  u_vpu/u_sym/g7139/Y                -       A->Y  F     NAND3_X1A_A9TL        2   204   158    2084 
  u_vpu/u_sym/g7062/Y                -       A->Y  R     NOR2_X2A_A9TL         2   147   143    2226 
  u_vpu/u_sym/g7023/Y                -       A->Y  F     NAND2XB_X1M_A9TL      2   133   118    2344 
  u_vpu/u_sym/g6959/Y                -       A0->Y R     OAI21_X1M_A9TL        1   171   151    2495 
  u_vpu/u_sym/g6939/Y                -       B->Y  R     XNOR2_X0P7M_A9TL      1   246   190    2685 
  u_vpu/g24690/Y                     -       B0->Y R     AO22_X1M_A9TL         1    78   173    2859 
  u_vpu/u_vecmul/b_reg_reg[3][15]/SI -       -     R     SDFFQ_X2M_A9TL        1     -     0    2859 
#----------------------------------------------------------------------------------------------------



Path 36: MET (39 ps) Setup Check with Pin u_vpu/u_vecmul/b_reg_reg[6][14]/CK->SI
          Group: in2reg
     Startpoint: (F) ext_sram_b[6][0]
          Clock: (R) clk
       Endpoint: (R) u_vpu/u_vecmul/b_reg_reg[6][14]/SI
          Clock: (R) clk

                     Capture       Launch     
        Clock Edge:+    3300            0     
        Drv Adjust:+       0            6     
       Src Latency:+       0            0     
       Net Latency:+       0 (I)        0 (I) 
           Arrival:=    3300            6     
                                              
             Setup:-     278                  
       Uncertainty:-     125                  
     Required Time:=    2897                  
      Launch Clock:-       6                  
       Input Delay:-     990                  
         Data Path:-    1861                  
             Slack:=      39                  

Exceptions/Constraints:
  input_delay             990             dut.sdc_line_15_523_1   

#-----------------------------------------------------------------------------------------------------
#           Timing Point             Flags   Arc   Edge       Cell         Fanout Trans Delay Arrival 
#                                                                                  (ps)  (ps)   (ps)  
#-----------------------------------------------------------------------------------------------------
  ext_sram_b[6][0]                   -       -     F     (arrival)              1    43     0     996 
  g6351/Y                            -       B0->Y F     AO22_X1M_A9TL          4   135   188    1184 
  u_vpu/u_sym/g2/Y                   -       B->Y  F     OR2_X1M_A9TL           2   111   206    1390 
  u_vpu/u_sym/g7242/Y                -       A->Y  R     NOR2_X4B_A9TL          2    83    82    1471 
  u_vpu/u_sym/g7323/Y                -       A->Y  F     NAND2XB_X1M_A9TL       2   130   105    1576 
  u_vpu/u_sym/g7197/Y                -       A->Y  R     NAND2_X1P4M_A9TL       4   214   165    1741 
  u_vpu/u_sym/g7189/Y                -       A->Y  F     NAND2_X1P4M_A9TL       4   164   150    1891 
  u_vpu/u_sym/g7144/Y                -       AN->Y F     NAND3B_X1P4M_A9TL      2   165   222    2113 
  u_vpu/u_sym/g7075/Y                -       A->Y  R     NOR2_X1P4A_A9TL        2   174   153    2266 
  u_vpu/u_sym/g7024/Y                -       A->Y  F     NAND2XB_X1M_A9TL       2   138   126    2391 
  u_vpu/u_sym/g6991/Y                -       A->Y  F     AND2_X1M_A9TL          1    71   162    2553 
  u_vpu/u_sym/g6949/Y                -       A->Y  R     XOR2_X0P7M_A9TL        1   261   128    2680 
  u_vpu/g22902/Y                     -       B0->Y R     AO22_X1M_A9TL          1    78   178    2858 
  u_vpu/u_vecmul/b_reg_reg[6][14]/SI -       -     R     SDFFQ_X2M_A9TL         1     -     0    2858 
#-----------------------------------------------------------------------------------------------------



Path 37: MET (41 ps) Setup Check with Pin u_vpu/u_vecmul/b_reg_reg[3][15]/CK->SI
          Group: in2reg
     Startpoint: (F) ext_sram_b[3][1]
          Clock: (R) clk
       Endpoint: (F) u_vpu/u_vecmul/b_reg_reg[3][15]/SI
          Clock: (R) clk

                     Capture       Launch     
        Clock Edge:+    3300            0     
        Drv Adjust:+       0            7     
       Src Latency:+       0            0     
       Net Latency:+       0 (I)        0 (I) 
           Arrival:=    3300            7     
                                              
             Setup:-     323                  
       Uncertainty:-     125                  
     Required Time:=    2852                  
      Launch Clock:-       7                  
       Input Delay:-     990                  
         Data Path:-    1814                  
             Slack:=      41                  

Exceptions/Constraints:
  input_delay             990             dut.sdc_line_15_546_1   

#----------------------------------------------------------------------------------------------------
#           Timing Point             Flags   Arc   Edge       Cell        Fanout Trans Delay Arrival 
#                                                                                 (ps)  (ps)   (ps)  
#----------------------------------------------------------------------------------------------------
  ext_sram_b[3][1]                   -       -     F     (arrival)             1    44     0     997 
  g5024/Y                            -       A->Y  F     MXT2_X1P4M_A9TL       4   110   175    1171 
  u_vpu/u_sym/g7318/Y                -       A->Y  R     INV_X1M_A9TL          2   127   113    1284 
  u_vpu/u_sym/g7322/Y                -       B->Y  F     NAND3B_X2M_A9TL       2   115   108    1393 
  u_vpu/u_sym/g7224/Y                -       A->Y  R     NOR2_X1P4A_A9TL       2   164   136    1528 
  u_vpu/u_sym/g7194/Y                -       A->Y  R     OR2_X1M_A9TL          4   184   211    1740 
  u_vpu/u_sym/g7164/Y                -       A->Y  R     AND2_X1M_A9TL         2   123   186    1926 
  u_vpu/u_sym/g7139/Y                -       A->Y  F     NAND3_X1A_A9TL        2   204   158    2084 
  u_vpu/u_sym/g7062/Y                -       A->Y  R     NOR2_X2A_A9TL         2   147   143    2226 
  u_vpu/u_sym/g7023/Y                -       A->Y  F     NAND2XB_X1M_A9TL      2   133   118    2344 
  u_vpu/u_sym/g6959/Y                -       A0->Y R     OAI21_X1M_A9TL        1   171   151    2495 
  u_vpu/u_sym/g6939/Y                -       B->Y  F     XNOR2_X0P7M_A9TL      1   137   148    2642 
  u_vpu/g24690/Y                     -       B0->Y F     AO22_X1M_A9TL         1    63   168    2810 
  u_vpu/u_vecmul/b_reg_reg[3][15]/SI -       -     F     SDFFQ_X2M_A9TL        1     -     0    2810 
#----------------------------------------------------------------------------------------------------



Path 38: MET (42 ps) Setup Check with Pin u_vpu/u_vecmul/b_reg_reg[7][14]/CK->SI
          Group: in2reg
     Startpoint: (F) ext_sram_b[7][0]
          Clock: (R) clk
       Endpoint: (F) u_vpu/u_vecmul/b_reg_reg[7][14]/SI
          Clock: (R) clk

                     Capture       Launch     
        Clock Edge:+    3300            0     
        Drv Adjust:+       0            6     
       Src Latency:+       0            0     
       Net Latency:+       0 (I)        0 (I) 
           Arrival:=    3300            6     
                                              
             Setup:-     323                  
       Uncertainty:-     125                  
     Required Time:=    2852                  
      Launch Clock:-       6                  
       Input Delay:-     990                  
         Data Path:-    1813                  
             Slack:=      42                  

Exceptions/Constraints:
  input_delay             990             dut.sdc_line_15_515_1   

#-----------------------------------------------------------------------------------------------------
#           Timing Point             Flags   Arc   Edge       Cell         Fanout Trans Delay Arrival 
#                                                                                  (ps)  (ps)   (ps)  
#-----------------------------------------------------------------------------------------------------
  ext_sram_b[7][0]                   -       -     F     (arrival)              1    43     0     996 
  g6368/Y                            -       B0->Y F     AO22_X1M_A9TL          4   137   189    1185 
  u_vpu/u_sym/g7309/Y                -       A->Y  R     INV_X1M_A9TL           2   129   121    1306 
  u_vpu/u_sym/g7321/Y                -       C->Y  F     NAND3B_X1P4M_A9TL      2   150   136    1442 
  u_vpu/u_sym/g7226/Y                -       A->Y  R     NOR2_X1P4A_A9TL        2   174   149    1592 
  u_vpu/u_sym/g7198/Y                -       A->Y  R     OR2_X1P4M_A9TL         4   135   187    1779 
  u_vpu/u_sym/g7169/Y                -       A->Y  F     NAND2_X1P4M_A9TL       4   162   128    1907 
  u_vpu/u_sym/g7143/Y                -       A->Y  F     OR4_X1M_A9TL           2   152   227    2134 
  u_vpu/u_sym/g7073/Y                -       A->Y  R     NOR2_X2B_A9TL          2   135   120    2255 
  u_vpu/u_sym/g7021/Y                -       A->Y  F     NAND2XB_X1M_A9TL       2   130   114    2369 
  u_vpu/u_sym/g6994/Y                -       A->Y  F     AND2_X1M_A9TL          1    71   158    2528 
  u_vpu/u_sym/g6950/Y                -       A->Y  F     XOR2_X0P7M_A9TL        1   143   112    2639 
  u_vpu/g22922/Y                     -       B0->Y F     AO22_X1M_A9TL          1    63   170    2809 
  u_vpu/u_vecmul/b_reg_reg[7][14]/SI -       -     F     SDFFQ_X2M_A9TL         1     -     0    2809 
#-----------------------------------------------------------------------------------------------------



Path 39: MET (46 ps) Setup Check with Pin u_vpu/u_vecmul/b_reg_reg[1][15]/CK->SI
          Group: in2reg
     Startpoint: (F) ext_sram_b[1][1]
          Clock: (R) clk
       Endpoint: (R) u_vpu/u_vecmul/b_reg_reg[1][15]/SI
          Clock: (R) clk

                     Capture       Launch     
        Clock Edge:+    3300            0     
        Drv Adjust:+       0            7     
       Src Latency:+       0            0     
       Net Latency:+       0 (I)        0 (I) 
           Arrival:=    3300            7     
                                              
             Setup:-     278                  
       Uncertainty:-     125                  
     Required Time:=    2897                  
      Launch Clock:-       7                  
       Input Delay:-     990                  
         Data Path:-    1855                  
             Slack:=      46                  

Exceptions/Constraints:
  input_delay             990             dut.sdc_line_15_562_1   

#----------------------------------------------------------------------------------------------------
#           Timing Point             Flags   Arc   Edge       Cell        Fanout Trans Delay Arrival 
#                                                                                 (ps)  (ps)   (ps)  
#----------------------------------------------------------------------------------------------------
  ext_sram_b[1][1]                   -       -     F     (arrival)             1    44     0     997 
  g5032/Y                            -       A->Y  F     MXT2_X1P4M_A9TL       5   129   187    1184 
  u_vpu/u_sym/g7320/Y                -       B->Y  F     OR3_X1M_A9TL          2    96   197    1381 
  u_vpu/u_sym/g7222/Y                -       A->Y  R     NOR2_X2M_A9TL         2   129   109    1490 
  u_vpu/u_sym/g7199/Y                -       A->Y  R     OR2_X1P4M_A9TL        4   135   173    1662 
  u_vpu/u_sym/g7167/Y                -       A->Y  F     NAND2_X1P4M_A9TL      4   162   128    1790 
  u_vpu/u_sym/g7112/Y                -       A->Y  F     OR4_X1M_A9TL          2   143   221    2012 
  u_vpu/u_sym/g7071/Y                -       A->Y  R     NOR2_X1A_A9TL         2   226   181    2193 
  u_vpu/u_sym/g7028/Y                -       A->Y  F     NAND2XB_X1M_A9TL      2   148   140    2333 
  u_vpu/u_sym/g6960/Y                -       A0->Y R     OAI21_X1M_A9TL        1   205   177    2510 
  u_vpu/u_sym/g6938/Y                -       A->Y  R     XNOR2_X0P7M_A9TL      1   257   165    2675 
  u_vpu/g22911/Y                     -       B0->Y R     AO22_X1M_A9TL         1    78   176    2852 
  u_vpu/u_vecmul/b_reg_reg[1][15]/SI -       -     R     SDFFQ_X2M_A9TL        1     -     0    2852 
#----------------------------------------------------------------------------------------------------



Path 40: MET (47 ps) Setup Check with Pin u_vpu/u_vecmul/b_reg_reg[4][15]/CK->SI
          Group: in2reg
     Startpoint: (F) ext_sram_b[4][0]
          Clock: (R) clk
       Endpoint: (R) u_vpu/u_vecmul/b_reg_reg[4][15]/SI
          Clock: (R) clk

                     Capture       Launch     
        Clock Edge:+    3300            0     
        Drv Adjust:+       0            6     
       Src Latency:+       0            0     
       Net Latency:+       0 (I)        0 (I) 
           Arrival:=    3300            6     
                                              
             Setup:-     278                  
       Uncertainty:-     125                  
     Required Time:=    2897                  
      Launch Clock:-       6                  
       Input Delay:-     990                  
         Data Path:-    1854                  
             Slack:=      47                  

Exceptions/Constraints:
  input_delay             990             dut.sdc_line_15_539_1   

#----------------------------------------------------------------------------------------------------
#           Timing Point             Flags   Arc   Edge       Cell        Fanout Trans Delay Arrival 
#                                                                                 (ps)  (ps)   (ps)  
#----------------------------------------------------------------------------------------------------
  ext_sram_b[4][0]                   -       -     F     (arrival)             1    43     0     996 
  g5023/Y                            -       A->Y  F     MXT2_X1M_A9TR         5   226   304    1300 
  u_vpu/u_sym/g7221/Y                -       A->Y  F     OR4_X1P4M_A9TL        2   104   208    1508 
  u_vpu/u_sym/g7201/Y                -       A->Y  R     NAND2_X1A_A9TL        4   200   149    1657 
  u_vpu/u_sym/g7166/Y                -       A->Y  F     NAND2_X1A_A9TL        4   236   202    1859 
  u_vpu/u_sym/g7115/Y                -       A->Y  F     OR4_X1P4M_A9TL        2   107   214    2073 
  u_vpu/u_sym/g7072/Y                -       A->Y  R     NOR2_X1P4A_A9TL       2   174   134    2208 
  u_vpu/u_sym/g7020/Y                -       A->Y  F     NAND2XB_X1M_A9TL      2   138   126    2333 
  u_vpu/u_sym/g6963/Y                -       A0->Y R     OAI21_X1M_A9TL        1   171   153    2486 
  u_vpu/u_sym/g6937/Y                -       B->Y  R     XNOR2_X0P7M_A9TL      1   246   190    2676 
  u_vpu/g24691/Y                     -       B0->Y R     AO22_X1M_A9TL         1    78   174    2850 
  u_vpu/u_vecmul/b_reg_reg[4][15]/SI -       -     R     SDFFQ_X2M_A9TL        1     -     0    2850 
#----------------------------------------------------------------------------------------------------



Path 41: MET (49 ps) Setup Check with Pin u_vpu/u_vecmul/b_reg_reg[7][14]/CK->SI
          Group: in2reg
     Startpoint: (R) ext_sram_b[7][0]
          Clock: (R) clk
       Endpoint: (R) u_vpu/u_vecmul/b_reg_reg[7][14]/SI
          Clock: (R) clk

                     Capture       Launch     
        Clock Edge:+    3300            0     
        Drv Adjust:+       0            8     
       Src Latency:+       0            0     
       Net Latency:+       0 (I)        0 (I) 
           Arrival:=    3300            8     
                                              
             Setup:-     278                  
       Uncertainty:-     125                  
     Required Time:=    2897                  
      Launch Clock:-       8                  
       Input Delay:-     990                  
         Data Path:-    1850                  
             Slack:=      49                  

Exceptions/Constraints:
  input_delay             990             dut.sdc_line_15_515_1   

#-----------------------------------------------------------------------------------------------------
#           Timing Point             Flags   Arc   Edge       Cell         Fanout Trans Delay Arrival 
#                                                                                  (ps)  (ps)   (ps)  
#-----------------------------------------------------------------------------------------------------
  ext_sram_b[7][0]                   -       -     R     (arrival)              1    43     0     998 
  g6368/Y                            -       B0->Y R     AO22_X1M_A9TL          4   197   189    1187 
  u_vpu/u_sym/g7309/Y                -       A->Y  F     INV_X1M_A9TL           2   108   115    1302 
  u_vpu/u_sym/g7321/Y                -       C->Y  R     NAND3B_X1P4M_A9TL      2   172   149    1451 
  u_vpu/u_sym/g7226/Y                -       A->Y  F     NOR2_X1P4A_A9TL        2   113   109    1560 
  u_vpu/u_sym/g7198/Y                -       A->Y  F     OR2_X1P4M_A9TL         4   104   178    1738 
  u_vpu/u_sym/g7169/Y                -       A->Y  R     NAND2_X1P4M_A9TL       4   204   151    1890 
  u_vpu/u_sym/g7143/Y                -       A->Y  R     OR4_X1M_A9TL           2   176   219    2108 
  u_vpu/u_sym/g7073/Y                -       A->Y  F     NOR2_X2B_A9TL          2   135   126    2235 
  u_vpu/u_sym/g7021/Y                -       A->Y  R     NAND2XB_X1M_A9TL       2   161   141    2376 
  u_vpu/u_sym/g6994/Y                -       A->Y  R     AND2_X1M_A9TL          1    98   165    2541 
  u_vpu/u_sym/g6950/Y                -       A->Y  R     XOR2_X0P7M_A9TL        1   261   130    2670 
  u_vpu/g22922/Y                     -       B0->Y R     AO22_X1M_A9TL          1    78   178    2848 
  u_vpu/u_vecmul/b_reg_reg[7][14]/SI -       -     R     SDFFQ_X2M_A9TL         1     -     0    2848 
#-----------------------------------------------------------------------------------------------------



Path 42: MET (49 ps) Setup Check with Pin u_vpu/u_vecmul/b_reg_reg[6][14]/CK->SI
          Group: in2reg
     Startpoint: (F) ext_sram_b[6][1]
          Clock: (R) clk
       Endpoint: (R) u_vpu/u_vecmul/b_reg_reg[6][14]/SI
          Clock: (R) clk

                     Capture       Launch     
        Clock Edge:+    3300            0     
        Drv Adjust:+       0            6     
       Src Latency:+       0            0     
       Net Latency:+       0 (I)        0 (I) 
           Arrival:=    3300            6     
                                              
             Setup:-     278                  
       Uncertainty:-     125                  
     Required Time:=    2897                  
      Launch Clock:-       6                  
       Input Delay:-     990                  
         Data Path:-    1851                  
             Slack:=      49                  

Exceptions/Constraints:
  input_delay             990             dut.sdc_line_15_522_1   

#-----------------------------------------------------------------------------------------------------
#           Timing Point             Flags   Arc   Edge       Cell         Fanout Trans Delay Arrival 
#                                                                                  (ps)  (ps)   (ps)  
#-----------------------------------------------------------------------------------------------------
  ext_sram_b[6][1]                   -       -     F     (arrival)              1    43     0     996 
  g6350/Y                            -       B0->Y F     AO22_X1M_A9TL          4   137   189    1185 
  u_vpu/u_sym/g2/Y                   -       A->Y  F     OR2_X1M_A9TL           2   111   195    1380 
  u_vpu/u_sym/g7242/Y                -       A->Y  R     NOR2_X4B_A9TL          2    83    82    1461 
  u_vpu/u_sym/g7323/Y                -       A->Y  F     NAND2XB_X1M_A9TL       2   130   105    1566 
  u_vpu/u_sym/g7197/Y                -       A->Y  R     NAND2_X1P4M_A9TL       4   214   165    1731 
  u_vpu/u_sym/g7189/Y                -       A->Y  F     NAND2_X1P4M_A9TL       4   164   150    1881 
  u_vpu/u_sym/g7144/Y                -       AN->Y F     NAND3B_X1P4M_A9TL      2   165   222    2103 
  u_vpu/u_sym/g7075/Y                -       A->Y  R     NOR2_X1P4A_A9TL        2   174   153    2256 
  u_vpu/u_sym/g7024/Y                -       A->Y  F     NAND2XB_X1M_A9TL       2   138   126    2381 
  u_vpu/u_sym/g6991/Y                -       A->Y  F     AND2_X1M_A9TL          1    71   162    2543 
  u_vpu/u_sym/g6949/Y                -       A->Y  R     XOR2_X0P7M_A9TL        1   261   128    2670 
  u_vpu/g22902/Y                     -       B0->Y R     AO22_X1M_A9TL          1    78   178    2848 
  u_vpu/u_vecmul/b_reg_reg[6][14]/SI -       -     R     SDFFQ_X2M_A9TL         1     -     0    2848 
#-----------------------------------------------------------------------------------------------------



Path 43: MET (50 ps) Setup Check with Pin u_vpu/u_vecmul/b_reg_reg[4][15]/CK->SI
          Group: in2reg
     Startpoint: (F) ext_sram_b[4][0]
          Clock: (R) clk
       Endpoint: (F) u_vpu/u_vecmul/b_reg_reg[4][15]/SI
          Clock: (R) clk

                     Capture       Launch     
        Clock Edge:+    3300            0     
        Drv Adjust:+       0            6     
       Src Latency:+       0            0     
       Net Latency:+       0 (I)        0 (I) 
           Arrival:=    3300            6     
                                              
             Setup:-     323                  
       Uncertainty:-     125                  
     Required Time:=    2852                  
      Launch Clock:-       6                  
       Input Delay:-     990                  
         Data Path:-    1805                  
             Slack:=      50                  

Exceptions/Constraints:
  input_delay             990             dut.sdc_line_15_539_1   

#----------------------------------------------------------------------------------------------------
#           Timing Point             Flags   Arc   Edge       Cell        Fanout Trans Delay Arrival 
#                                                                                 (ps)  (ps)   (ps)  
#----------------------------------------------------------------------------------------------------
  ext_sram_b[4][0]                   -       -     F     (arrival)             1    43     0     996 
  g5023/Y                            -       A->Y  F     MXT2_X1M_A9TR         5   226   304    1300 
  u_vpu/u_sym/g7221/Y                -       A->Y  F     OR4_X1P4M_A9TL        2   104   208    1508 
  u_vpu/u_sym/g7201/Y                -       A->Y  R     NAND2_X1A_A9TL        4   200   149    1657 
  u_vpu/u_sym/g7166/Y                -       A->Y  F     NAND2_X1A_A9TL        4   236   202    1859 
  u_vpu/u_sym/g7115/Y                -       A->Y  F     OR4_X1P4M_A9TL        2   107   214    2073 
  u_vpu/u_sym/g7072/Y                -       A->Y  R     NOR2_X1P4A_A9TL       2   174   134    2208 
  u_vpu/u_sym/g7020/Y                -       A->Y  F     NAND2XB_X1M_A9TL      2   138   126    2333 
  u_vpu/u_sym/g6963/Y                -       A0->Y R     OAI21_X1M_A9TL        1   171   153    2486 
  u_vpu/u_sym/g6937/Y                -       B->Y  F     XNOR2_X0P7M_A9TL      1   137   148    2633 
  u_vpu/g24691/Y                     -       B0->Y F     AO22_X1M_A9TL         1    63   168    2801 
  u_vpu/u_vecmul/b_reg_reg[4][15]/SI -       -     F     SDFFQ_X2M_A9TL        1     -     0    2801 
#----------------------------------------------------------------------------------------------------



Path 44: MET (51 ps) Setup Check with Pin u_vpu/u_vecmul/b_reg_reg[3][10]/CK->SI
          Group: in2reg
     Startpoint: (F) ext_sram_b[3][0]
          Clock: (R) clk
       Endpoint: (F) u_vpu/u_vecmul/b_reg_reg[3][10]/SI
          Clock: (R) clk

                     Capture       Launch     
        Clock Edge:+    3300            0     
        Drv Adjust:+       0            6     
       Src Latency:+       0            0     
       Net Latency:+       0 (I)        0 (I) 
           Arrival:=    3300            6     
                                              
             Setup:-     323                  
       Uncertainty:-     125                  
     Required Time:=    2852                  
      Launch Clock:-       6                  
       Input Delay:-     990                  
         Data Path:-    1805                  
             Slack:=      51                  

Exceptions/Constraints:
  input_delay             990             dut.sdc_line_15_547_1   

#----------------------------------------------------------------------------------------------------
#           Timing Point             Flags   Arc   Edge       Cell        Fanout Trans Delay Arrival 
#                                                                                 (ps)  (ps)   (ps)  
#----------------------------------------------------------------------------------------------------
  ext_sram_b[3][0]                   -       -     F     (arrival)             1    43     0     996 
  g6364/Y                            -       B0->Y F     AO22_X1M_A9TL         4   137   189    1185 
  u_vpu/u_sym/g7308/Y                -       A->Y  R     INV_X1M_A9TL          2   136   125    1311 
  u_vpu/u_sym/g7322/Y                -       C->Y  F     NAND3B_X2M_A9TL       2   115   117    1427 
  u_vpu/u_sym/g7224/Y                -       A->Y  R     NOR2_X1P4A_A9TL       2   164   136    1563 
  u_vpu/u_sym/g7194/Y                -       A->Y  R     OR2_X1M_A9TL          4   184   211    1774 
  u_vpu/u_sym/g7164/Y                -       A->Y  R     AND2_X1M_A9TL         2   123   186    1960 
  u_vpu/u_sym/g7149/Y                -       A->Y  F     INV_X1M_A9TL          2    86    88    2048 
  u_vpu/u_sym/g7142/Y                -       A->Y  R     NOR2_X1A_A9TL         2   226   163    2211 
  u_vpu/u_sym/g7060/Y                -       A->Y  F     NAND2XB_X1M_A9TL      2   148   140    2351 
  u_vpu/u_sym/g7034/Y                -       A->Y  F     AND2_X1M_A9TL         1    70   165    2517 
  u_vpu/u_sym/g6976/Y                -       A->Y  F     XOR2_X0P7M_A9TL       1   151   112    2628 
  u_vpu/g22836/Y                     -       B0->Y F     AO22_X1M_A9TL         1    63   173    2801 
  u_vpu/u_vecmul/b_reg_reg[3][10]/SI -       -     F     SDFFQ_X2M_A9TL        1     -     0    2801 
#----------------------------------------------------------------------------------------------------



Path 45: MET (51 ps) Setup Check with Pin u_vpu/u_vecmul/b_reg_reg[7][14]/CK->SI
          Group: in2reg
     Startpoint: (R) ext_sram_b[7][0]
          Clock: (R) clk
       Endpoint: (F) u_vpu/u_vecmul/b_reg_reg[7][14]/SI
          Clock: (R) clk

                     Capture       Launch     
        Clock Edge:+    3300            0     
        Drv Adjust:+       0            8     
       Src Latency:+       0            0     
       Net Latency:+       0 (I)        0 (I) 
           Arrival:=    3300            8     
                                              
             Setup:-     323                  
       Uncertainty:-     125                  
     Required Time:=    2852                  
      Launch Clock:-       8                  
       Input Delay:-     990                  
         Data Path:-    1803                  
             Slack:=      51                  

Exceptions/Constraints:
  input_delay             990             dut.sdc_line_15_515_1   

#-----------------------------------------------------------------------------------------------------
#           Timing Point             Flags   Arc   Edge       Cell         Fanout Trans Delay Arrival 
#                                                                                  (ps)  (ps)   (ps)  
#-----------------------------------------------------------------------------------------------------
  ext_sram_b[7][0]                   -       -     R     (arrival)              1    43     0     998 
  g6368/Y                            -       B0->Y R     AO22_X1M_A9TL          4   197   189    1187 
  u_vpu/u_sym/g7309/Y                -       A->Y  F     INV_X1M_A9TL           2   108   115    1302 
  u_vpu/u_sym/g7321/Y                -       C->Y  R     NAND3B_X1P4M_A9TL      2   172   149    1451 
  u_vpu/u_sym/g7226/Y                -       A->Y  F     NOR2_X1P4A_A9TL        2   113   109    1560 
  u_vpu/u_sym/g7198/Y                -       A->Y  F     OR2_X1P4M_A9TL         4   104   178    1738 
  u_vpu/u_sym/g7169/Y                -       A->Y  R     NAND2_X1P4M_A9TL       4   204   151    1890 
  u_vpu/u_sym/g7143/Y                -       A->Y  R     OR4_X1M_A9TL           2   176   219    2108 
  u_vpu/u_sym/g7073/Y                -       A->Y  F     NOR2_X2B_A9TL          2   135   126    2235 
  u_vpu/u_sym/g7021/Y                -       A->Y  R     NAND2XB_X1M_A9TL       2   161   141    2376 
  u_vpu/u_sym/g6994/Y                -       A->Y  R     AND2_X1M_A9TL          1    98   165    2541 
  u_vpu/u_sym/g6950/Y                -       A->Y  F     XOR2_X0P7M_A9TL        1   143    90    2631 
  u_vpu/g22922/Y                     -       B0->Y F     AO22_X1M_A9TL          1    63   170    2801 
  u_vpu/u_vecmul/b_reg_reg[7][14]/SI -       -     F     SDFFQ_X2M_A9TL         1     -     0    2801 
#-----------------------------------------------------------------------------------------------------



Path 46: MET (52 ps) Setup Check with Pin u_vpu/u_vecmul/b_reg_reg[1][15]/CK->SI
          Group: in2reg
     Startpoint: (F) ext_sram_b[1][1]
          Clock: (R) clk
       Endpoint: (F) u_vpu/u_vecmul/b_reg_reg[1][15]/SI
          Clock: (R) clk

                     Capture       Launch     
        Clock Edge:+    3300            0     
        Drv Adjust:+       0            7     
       Src Latency:+       0            0     
       Net Latency:+       0 (I)        0 (I) 
           Arrival:=    3300            7     
                                              
             Setup:-     323                  
       Uncertainty:-     125                  
     Required Time:=    2852                  
      Launch Clock:-       7                  
       Input Delay:-     990                  
         Data Path:-    1803                  
             Slack:=      52                  

Exceptions/Constraints:
  input_delay             990             dut.sdc_line_15_562_1   

#----------------------------------------------------------------------------------------------------
#           Timing Point             Flags   Arc   Edge       Cell        Fanout Trans Delay Arrival 
#                                                                                 (ps)  (ps)   (ps)  
#----------------------------------------------------------------------------------------------------
  ext_sram_b[1][1]                   -       -     F     (arrival)             1    44     0     997 
  g5032/Y                            -       A->Y  F     MXT2_X1P4M_A9TL       5   129   187    1184 
  u_vpu/u_sym/g7320/Y                -       B->Y  F     OR3_X1M_A9TL          2    96   197    1381 
  u_vpu/u_sym/g7222/Y                -       A->Y  R     NOR2_X2M_A9TL         2   129   109    1490 
  u_vpu/u_sym/g7199/Y                -       A->Y  R     OR2_X1P4M_A9TL        4   135   173    1662 
  u_vpu/u_sym/g7167/Y                -       A->Y  F     NAND2_X1P4M_A9TL      4   162   128    1790 
  u_vpu/u_sym/g7112/Y                -       A->Y  F     OR4_X1M_A9TL          2   143   221    2012 
  u_vpu/u_sym/g7071/Y                -       A->Y  R     NOR2_X1A_A9TL         2   226   181    2193 
  u_vpu/u_sym/g7028/Y                -       A->Y  F     NAND2XB_X1M_A9TL      2   148   140    2333 
  u_vpu/u_sym/g6960/Y                -       A0->Y R     OAI21_X1M_A9TL        1   205   177    2510 
  u_vpu/u_sym/g6938/Y                -       A->Y  F     XNOR2_X0P7M_A9TL      1   139   121    2631 
  u_vpu/g22911/Y                     -       B0->Y F     AO22_X1M_A9TL         1    63   169    2799 
  u_vpu/u_vecmul/b_reg_reg[1][15]/SI -       -     F     SDFFQ_X2M_A9TL        1     -     0    2799 
#----------------------------------------------------------------------------------------------------



Path 47: MET (54 ps) Setup Check with Pin u_vpu/u_vecmul/b_reg_reg[3][14]/CK->SI
          Group: in2reg
     Startpoint: (F) ext_sram_b[3][0]
          Clock: (R) clk
       Endpoint: (R) u_vpu/u_vecmul/b_reg_reg[3][14]/SI
          Clock: (R) clk

                     Capture       Launch     
        Clock Edge:+    3300            0     
        Drv Adjust:+       0            6     
       Src Latency:+       0            0     
       Net Latency:+       0 (I)        0 (I) 
           Arrival:=    3300            6     
                                              
             Setup:-     278                  
       Uncertainty:-     125                  
     Required Time:=    2897                  
      Launch Clock:-       6                  
       Input Delay:-     990                  
         Data Path:-    1846                  
             Slack:=      54                  

Exceptions/Constraints:
  input_delay             990             dut.sdc_line_15_547_1   

#----------------------------------------------------------------------------------------------------
#           Timing Point             Flags   Arc   Edge       Cell        Fanout Trans Delay Arrival 
#                                                                                 (ps)  (ps)   (ps)  
#----------------------------------------------------------------------------------------------------
  ext_sram_b[3][0]                   -       -     F     (arrival)             1    43     0     996 
  g6364/Y                            -       B0->Y F     AO22_X1M_A9TL         4   137   189    1185 
  u_vpu/u_sym/g7308/Y                -       A->Y  R     INV_X1M_A9TL          2   136   125    1311 
  u_vpu/u_sym/g7322/Y                -       C->Y  F     NAND3B_X2M_A9TL       2   115   117    1427 
  u_vpu/u_sym/g7224/Y                -       A->Y  R     NOR2_X1P4A_A9TL       2   164   136    1563 
  u_vpu/u_sym/g7194/Y                -       A->Y  R     OR2_X1M_A9TL          4   184   211    1774 
  u_vpu/u_sym/g7164/Y                -       A->Y  R     AND2_X1M_A9TL         2   123   186    1960 
  u_vpu/u_sym/g7139/Y                -       A->Y  F     NAND3_X1A_A9TL        2   204   158    2118 
  u_vpu/u_sym/g7062/Y                -       A->Y  R     NOR2_X2A_A9TL         2   147   143    2261 
  u_vpu/u_sym/g7023/Y                -       A->Y  F     NAND2XB_X1M_A9TL      2   133   118    2378 
  u_vpu/u_sym/g6996/Y                -       A->Y  F     AND2_X1M_A9TL         1    70   160    2538 
  u_vpu/u_sym/g6954/Y                -       A->Y  R     XOR2_X0P7M_A9TL       1   261   127    2665 
  u_vpu/g22832/Y                     -       B0->Y R     AO22_X1M_A9TL         1    78   178    2843 
  u_vpu/u_vecmul/b_reg_reg[3][14]/SI -       -     R     SDFFQ_X2M_A9TL        1     -     0    2843 
#----------------------------------------------------------------------------------------------------



Path 48: MET (55 ps) Setup Check with Pin u_vpu/u_vecmul/b_reg_reg[1][15]/CK->SI
          Group: in2reg
     Startpoint: (F) ext_sram_b[1][2]
          Clock: (R) clk
       Endpoint: (R) u_vpu/u_vecmul/b_reg_reg[1][15]/SI
          Clock: (R) clk

                     Capture       Launch     
        Clock Edge:+    3300            0     
        Drv Adjust:+       0            6     
       Src Latency:+       0            0     
       Net Latency:+       0 (I)        0 (I) 
           Arrival:=    3300            6     
                                              
             Setup:-     278                  
       Uncertainty:-     125                  
     Required Time:=    2897                  
      Launch Clock:-       6                  
       Input Delay:-     990                  
         Data Path:-    1846                  
             Slack:=      55                  

Exceptions/Constraints:
  input_delay             990             dut.sdc_line_15_561_1   

#----------------------------------------------------------------------------------------------------
#           Timing Point             Flags   Arc   Edge       Cell        Fanout Trans Delay Arrival 
#                                                                                 (ps)  (ps)   (ps)  
#----------------------------------------------------------------------------------------------------
  ext_sram_b[1][2]                   -       -     F     (arrival)             1    43     0     996 
  g6361/Y                            -       B0->Y F     AO22_X1M_A9TL         4   143   193    1189 
  u_vpu/u_sym/g7320/Y                -       A->Y  F     OR3_X1M_A9TL          2    96   182    1372 
  u_vpu/u_sym/g7222/Y                -       A->Y  R     NOR2_X2M_A9TL         2   129   109    1480 
  u_vpu/u_sym/g7199/Y                -       A->Y  R     OR2_X1P4M_A9TL        4   135   173    1653 
  u_vpu/u_sym/g7167/Y                -       A->Y  F     NAND2_X1P4M_A9TL      4   162   128    1781 
  u_vpu/u_sym/g7112/Y                -       A->Y  F     OR4_X1M_A9TL          2   143   221    2002 
  u_vpu/u_sym/g7071/Y                -       A->Y  R     NOR2_X1A_A9TL         2   226   181    2183 
  u_vpu/u_sym/g7028/Y                -       A->Y  F     NAND2XB_X1M_A9TL      2   148   140    2324 
  u_vpu/u_sym/g6960/Y                -       A0->Y R     OAI21_X1M_A9TL        1   205   177    2501 
  u_vpu/u_sym/g6938/Y                -       A->Y  R     XNOR2_X0P7M_A9TL      1   257   165    2666 
  u_vpu/g22911/Y                     -       B0->Y R     AO22_X1M_A9TL         1    78   176    2842 
  u_vpu/u_vecmul/b_reg_reg[1][15]/SI -       -     R     SDFFQ_X2M_A9TL        1     -     0    2842 
#----------------------------------------------------------------------------------------------------



Path 49: MET (55 ps) Setup Check with Pin u_vpu/u_vecmul/b_reg_reg[1][14]/CK->SI
          Group: in2reg
     Startpoint: (F) ext_sram_b[1][0]
          Clock: (R) clk
       Endpoint: (R) u_vpu/u_vecmul/b_reg_reg[1][14]/SI
          Clock: (R) clk

                     Capture       Launch     
        Clock Edge:+    3300            0     
        Drv Adjust:+       0            6     
       Src Latency:+       0            0     
       Net Latency:+       0 (I)        0 (I) 
           Arrival:=    3300            6     
                                              
             Setup:-     278                  
       Uncertainty:-     125                  
     Required Time:=    2897                  
      Launch Clock:-       6                  
       Input Delay:-     990                  
         Data Path:-    1846                  
             Slack:=      55                  

Exceptions/Constraints:
  input_delay             990             dut.sdc_line_15_563_1   

#----------------------------------------------------------------------------------------------------
#           Timing Point             Flags   Arc   Edge       Cell        Fanout Trans Delay Arrival 
#                                                                                 (ps)  (ps)   (ps)  
#----------------------------------------------------------------------------------------------------
  ext_sram_b[1][0]                   -       -     F     (arrival)             1    43     0     996 
  g6367/Y                            -       B0->Y F     AO22_X1M_A9TL         5   166   208    1204 
  u_vpu/u_sym/g7320/Y                -       C->Y  F     OR3_X1M_A9TL          2    96   215    1420 
  u_vpu/u_sym/g7222/Y                -       A->Y  R     NOR2_X2M_A9TL         2   129   109    1528 
  u_vpu/u_sym/g7199/Y                -       A->Y  R     OR2_X1P4M_A9TL        4   135   173    1701 
  u_vpu/u_sym/g7167/Y                -       A->Y  F     NAND2_X1P4M_A9TL      4   162   128    1829 
  u_vpu/u_sym/g7112/Y                -       A->Y  F     OR4_X1M_A9TL          2   143   221    2050 
  u_vpu/u_sym/g7071/Y                -       A->Y  R     NOR2_X1A_A9TL         2   226   181    2231 
  u_vpu/u_sym/g7028/Y                -       A->Y  F     NAND2XB_X1M_A9TL      2   148   140    2372 
  u_vpu/u_sym/g6992/Y                -       A->Y  F     AND2_X1M_A9TL         1    71   165    2537 
  u_vpu/u_sym/g6951/Y                -       A->Y  R     XOR2_X0P7M_A9TL       1   261   128    2664 
  u_vpu/g22912/Y                     -       B0->Y R     AO22_X1M_A9TL         1    78   178    2842 
  u_vpu/u_vecmul/b_reg_reg[1][14]/SI -       -     R     SDFFQ_X2M_A9TL        1     -     0    2842 
#----------------------------------------------------------------------------------------------------



Path 50: MET (56 ps) Setup Check with Pin u_vpu/u_vecmul/b_reg_reg[7][14]/CK->SI
          Group: in2reg
     Startpoint: (F) ext_sram_b[7][1]
          Clock: (R) clk
       Endpoint: (R) u_vpu/u_vecmul/b_reg_reg[7][14]/SI
          Clock: (R) clk

                     Capture       Launch     
        Clock Edge:+    3300            0     
        Drv Adjust:+       0            8     
       Src Latency:+       0            0     
       Net Latency:+       0 (I)        0 (I) 
           Arrival:=    3300            8     
                                              
             Setup:-     278                  
       Uncertainty:-     125                  
     Required Time:=    2897                  
      Launch Clock:-       8                  
       Input Delay:-     990                  
         Data Path:-    1843                  
             Slack:=      56                  

Exceptions/Constraints:
  input_delay             990             dut.sdc_line_15_514_1   

#-----------------------------------------------------------------------------------------------------
#           Timing Point             Flags   Arc   Edge       Cell         Fanout Trans Delay Arrival 
#                                                                                  (ps)  (ps)   (ps)  
#-----------------------------------------------------------------------------------------------------
  ext_sram_b[7][1]                   -       -     F     (arrival)              1    45     0     998 
  g5038/Y                            -       A->Y  F     MXT2_X3M_A9TR          4   102   214    1212 
  u_vpu/u_sym/g7310/Y                -       A->Y  R     INV_X1M_A9TL           2   122   108    1320 
  u_vpu/u_sym/g7321/Y                -       B->Y  F     NAND3B_X1P4M_A9TL      2   150   130    1450 
  u_vpu/u_sym/g7226/Y                -       A->Y  R     NOR2_X1P4A_A9TL        2   174   149    1600 
  u_vpu/u_sym/g7198/Y                -       A->Y  R     OR2_X1P4M_A9TL         4   135   187    1787 
  u_vpu/u_sym/g7169/Y                -       A->Y  F     NAND2_X1P4M_A9TL       4   162   128    1915 
  u_vpu/u_sym/g7143/Y                -       A->Y  F     OR4_X1M_A9TL           2   152   227    2142 
  u_vpu/u_sym/g7073/Y                -       A->Y  R     NOR2_X2B_A9TL          2   135   120    2263 
  u_vpu/u_sym/g7021/Y                -       A->Y  F     NAND2XB_X1M_A9TL       2   130   114    2377 
  u_vpu/u_sym/g6994/Y                -       A->Y  F     AND2_X1M_A9TL          1    71   158    2536 
  u_vpu/u_sym/g6950/Y                -       A->Y  R     XOR2_X0P7M_A9TL        1   261   128    2663 
  u_vpu/g22922/Y                     -       B0->Y R     AO22_X1M_A9TL          1    78   178    2841 
  u_vpu/u_vecmul/b_reg_reg[7][14]/SI -       -     R     SDFFQ_X2M_A9TL         1     -     0    2841 
#-----------------------------------------------------------------------------------------------------

