============================================================
  Generated by:           Genus(TM) Synthesis Solution 25.12-s067_1
  Generated on:           Sep 23 2026  08:28:33 pm
  Module:                 tr_soc_top_int
  Operating conditions:   ss_typical_max_0p90v_125c (balanced_tree)
  Wireload mode:          top
  Area mode:              timing library
============================================================


Path 1: MET (785 ps) Late External Delay Assertion at pin mmio_rdata[1]
          Group: reg2out
     Startpoint: (R) u_ctrl/state_reg[4]/CK
          Clock: (R) clk
       Endpoint: (R) mmio_rdata[1]
          Clock: (R) clk

                     Capture       Launch     
        Clock Edge:+    3300            0     
       Src Latency:+       0            0     
       Net Latency:+       0 (I)        0 (I) 
           Arrival:=    3300            0     
                                              
      Output Delay:-     990                  
       Uncertainty:-     125                  
     Required Time:=    2185                  
      Launch Clock:-       0                  
         Data Path:-    1400                  
             Slack:=     785                  

Exceptions/Constraints:
  output_delay             990             dut.sdc_line_17_905_1   

#------------------------------------------------------------------------------------------
#     Timing Point       Flags   Arc   Edge        Cell         Fanout Trans Delay Arrival 
#                                                                       (ps)  (ps)   (ps)  
#------------------------------------------------------------------------------------------
  u_ctrl/state_reg[4]/CK -       -     R     (arrival)            3278     0     0       0 
  u_ctrl/state_reg[4]/Q  -       CK->Q F     DFFRPQ_X4M_A9TL         7    97   307     307 
  u_ctrl/g31121/Y        -       A->Y  R     INV_X3M_A9TL            1    64    68     375 
  u_ctrl/g30977__1617/Y  -       A->Y  F     NAND2_X6M_A9TL          2    46    48     424 
  u_ctrl/g30938/Y        -       A->Y  R     INV_X3M_A9TL            2    63    57     481 
  u_ctrl/g30937/Y        -       A->Y  R     BUF_X2M_A9TL            2    91   124     605 
  u_ctrl/g30935/Y        -       A->Y  F     INV_X4M_A9TL            5    56    63     668 
  u_ctrl/g30870__4733/Y  -       A->Y  R     NOR2_X3A_A9TL           2   133    99     766 
  u_ctrl/g30840/Y        -       A->Y  F     INV_X0P8M_A9TL          1    69    77     844 
  u_ctrl/g30692__7482/Y  -       B->Y  R     NOR3_X1M_A9TL           1   216   166    1010 
  u_ctrl/g30637__31129/Y -       B0->Y F     AOI21_X0P7M_A9TR        1   182   174    1184 
  u_ctrl/g30618__1617/Y  -       B0->Y R     OAI2XB1_X0P5M_A9TL      1   339   216    1400 
  mmio_rdata[1]          -       -     R     (port)                  -     -     0    1400 
#------------------------------------------------------------------------------------------



Path 2: MET (790 ps) Late External Delay Assertion at pin mmio_rdata[1]
          Group: reg2out
     Startpoint: (R) u_ctrl/state_reg[5]/CK
          Clock: (R) clk
       Endpoint: (R) mmio_rdata[1]
          Clock: (R) clk

                     Capture       Launch     
        Clock Edge:+    3300            0     
       Src Latency:+       0            0     
       Net Latency:+       0 (I)        0 (I) 
           Arrival:=    3300            0     
                                              
      Output Delay:-     990                  
       Uncertainty:-     125                  
     Required Time:=    2185                  
      Launch Clock:-       0                  
         Data Path:-    1395                  
             Slack:=     790                  

Exceptions/Constraints:
  output_delay             990             dut.sdc_line_17_905_1   

#------------------------------------------------------------------------------------------
#     Timing Point       Flags   Arc   Edge        Cell         Fanout Trans Delay Arrival 
#                                                                       (ps)  (ps)   (ps)  
#------------------------------------------------------------------------------------------
  u_ctrl/state_reg[5]/CK -       -     R     (arrival)            3278     0     0       0 
  u_ctrl/state_reg[5]/Q  -       CK->Q R     DFFRPQ_X4M_A9TL         3    97   309     309 
  u_ctrl/fopt17/Y        -       A->Y  F     INV_X7P5M_A9TL         16    88    83     392 
  u_ctrl/g30953__8246/Y  -       A->Y  R     NOR2_X3A_A9TL           2   140   115     507 
  u_ctrl/g30924/Y        -       A->Y  F     INV_X1M_A9TL            3   132   123     630 
  u_ctrl/g30870__4733/Y  -       B->Y  R     NOR2_X3A_A9TL           2   133   132     762 
  u_ctrl/g30840/Y        -       A->Y  F     INV_X0P8M_A9TL          1    69    77     839 
  u_ctrl/g30692__7482/Y  -       B->Y  R     NOR3_X1M_A9TL           1   216   166    1005 
  u_ctrl/g30637__31129/Y -       B0->Y F     AOI21_X0P7M_A9TR        1   182   174    1179 
  u_ctrl/g30618__1617/Y  -       B0->Y R     OAI2XB1_X0P5M_A9TL      1   339   216    1395 
  mmio_rdata[1]          -       -     R     (port)                  -     -     0    1395 
#------------------------------------------------------------------------------------------



Path 3: MET (790 ps) Late External Delay Assertion at pin mmio_rdata[1]
          Group: reg2out
     Startpoint: (R) u_ctrl/state_reg[2]/CK
          Clock: (R) clk
       Endpoint: (R) mmio_rdata[1]
          Clock: (R) clk

                     Capture       Launch     
        Clock Edge:+    3300            0     
       Src Latency:+       0            0     
       Net Latency:+       0 (I)        0 (I) 
           Arrival:=    3300            0     
                                              
      Output Delay:-     990                  
       Uncertainty:-     125                  
     Required Time:=    2185                  
      Launch Clock:-       0                  
         Data Path:-    1395                  
             Slack:=     790                  

Exceptions/Constraints:
  output_delay             990             dut.sdc_line_17_905_1   

#------------------------------------------------------------------------------------------
#     Timing Point       Flags   Arc   Edge        Cell         Fanout Trans Delay Arrival 
#                                                                       (ps)  (ps)   (ps)  
#------------------------------------------------------------------------------------------
  u_ctrl/state_reg[2]/CK -       -     R     (arrival)            3278     0     0       0 
  u_ctrl/state_reg[2]/Q  -       CK->Q F     DFFRPQ_X4M_A9TL         3    74   292     292 
  u_ctrl/fopt13/Y        -       A->Y  R     INV_X5M_A9TL            4    68    70     362 
  u_ctrl/g30977__1617/Y  -       B->Y  F     NAND2_X6M_A9TL          2    46    56     419 
  u_ctrl/g30938/Y        -       A->Y  R     INV_X3M_A9TL            2    63    57     476 
  u_ctrl/g30937/Y        -       A->Y  R     BUF_X2M_A9TL            2    91   124     600 
  u_ctrl/g30935/Y        -       A->Y  F     INV_X4M_A9TL            5    56    63     662 
  u_ctrl/g30870__4733/Y  -       A->Y  R     NOR2_X3A_A9TL           2   133    99     762 
  u_ctrl/g30840/Y        -       A->Y  F     INV_X0P8M_A9TL          1    69    77     839 
  u_ctrl/g30692__7482/Y  -       B->Y  R     NOR3_X1M_A9TL           1   216   166    1005 
  u_ctrl/g30637__31129/Y -       B0->Y F     AOI21_X0P7M_A9TR        1   182   174    1179 
  u_ctrl/g30618__1617/Y  -       B0->Y R     OAI2XB1_X0P5M_A9TL      1   339   216    1395 
  mmio_rdata[1]          -       -     R     (port)                  -     -     0    1395 
#------------------------------------------------------------------------------------------



Path 4: MET (790 ps) Late External Delay Assertion at pin mmio_rdata[1]
          Group: reg2out
     Startpoint: (R) u_ctrl/state_reg[3]/CK
          Clock: (R) clk
       Endpoint: (R) mmio_rdata[1]
          Clock: (R) clk

                     Capture       Launch     
        Clock Edge:+    3300            0     
       Src Latency:+       0            0     
       Net Latency:+       0 (I)        0 (I) 
           Arrival:=    3300            0     
                                              
      Output Delay:-     990                  
       Uncertainty:-     125                  
     Required Time:=    2185                  
      Launch Clock:-       0                  
         Data Path:-    1395                  
             Slack:=     790                  

Exceptions/Constraints:
  output_delay             990             dut.sdc_line_17_905_1   

#------------------------------------------------------------------------------------------
#     Timing Point       Flags   Arc   Edge        Cell         Fanout Trans Delay Arrival 
#                                                                       (ps)  (ps)   (ps)  
#------------------------------------------------------------------------------------------
  u_ctrl/state_reg[3]/CK -       -     R     (arrival)            3278     0     0       0 
  u_ctrl/state_reg[3]/Q  -       CK->Q F     DFFRPQ_X4M_A9TL         2    50   271     271 
  u_ctrl/g20490/Y        -       A->Y  R     INV_X4M_A9TL            2    76    67     338 
  u_ctrl/g31043/Y        -       A->Y  F     INV_X7P5M_A9TL          8    52    58     396 
  u_ctrl/g30953__8246/Y  -       B->Y  R     NOR2_X3A_A9TL           2   140   110     507 
  u_ctrl/g30924/Y        -       A->Y  F     INV_X1M_A9TL            3   132   123     629 
  u_ctrl/g30870__4733/Y  -       B->Y  R     NOR2_X3A_A9TL           2   133   132     761 
  u_ctrl/g30840/Y        -       A->Y  F     INV_X0P8M_A9TL          1    69    77     838 
  u_ctrl/g30692__7482/Y  -       B->Y  R     NOR3_X1M_A9TL           1   216   166    1005 
  u_ctrl/g30637__31129/Y -       B0->Y F     AOI21_X0P7M_A9TR        1   182   174    1179 
  u_ctrl/g30618__1617/Y  -       B0->Y R     OAI2XB1_X0P5M_A9TL      1   339   216    1395 
  mmio_rdata[1]          -       -     R     (port)                  -     -     0    1395 
#------------------------------------------------------------------------------------------



Path 5: MET (836 ps) Late External Delay Assertion at pin mmio_rdata[1]
          Group: reg2out
     Startpoint: (R) u_ctrl/state_reg[4]/CK
          Clock: (R) clk
       Endpoint: (F) mmio_rdata[1]
          Clock: (R) clk

                     Capture       Launch     
        Clock Edge:+    3300            0     
       Src Latency:+       0            0     
       Net Latency:+       0 (I)        0 (I) 
           Arrival:=    3300            0     
                                              
      Output Delay:-     990                  
       Uncertainty:-     125                  
     Required Time:=    2185                  
      Launch Clock:-       0                  
         Data Path:-    1349                  
             Slack:=     836                  

Exceptions/Constraints:
  output_delay             990             dut.sdc_line_17_905_1   

#------------------------------------------------------------------------------------------
#     Timing Point       Flags   Arc   Edge        Cell         Fanout Trans Delay Arrival 
#                                                                       (ps)  (ps)   (ps)  
#------------------------------------------------------------------------------------------
  u_ctrl/state_reg[4]/CK -       -     R     (arrival)            3278     0     0       0 
  u_ctrl/state_reg[4]/Q  -       CK->Q R     DFFRPQ_X4M_A9TL         7   136   331     331 
  u_ctrl/g31121/Y        -       A->Y  F     INV_X3M_A9TL            1    57    62     393 
  u_ctrl/g30977__1617/Y  -       A->Y  R     NAND2_X6M_A9TL          2    68    60     453 
  u_ctrl/g30938/Y        -       A->Y  F     INV_X3M_A9TL            2    44    51     504 
  u_ctrl/g30937/Y        -       A->Y  F     BUF_X2M_A9TL            2    70   121     625 
  u_ctrl/g30935/Y        -       A->Y  R     INV_X4M_A9TL            5    73    73     698 
  u_ctrl/g30870__4733/Y  -       A->Y  F     NOR2_X3A_A9TL           2    90    67     765 
  u_ctrl/g30840/Y        -       A->Y  R     INV_X0P8M_A9TL          1    78    80     844 
  u_ctrl/g30692__7482/Y  -       B->Y  F     NOR3_X1M_A9TL           1   124    98     943 
  u_ctrl/g30637__31129/Y -       B0->Y R     AOI21_X0P7M_A9TR        1   235   201    1144 
  u_ctrl/g30618__1617/Y  -       B0->Y F     OAI2XB1_X0P5M_A9TL      1   213   205    1349 
  mmio_rdata[1]          -       -     F     (port)                  -     -     0    1349 
#------------------------------------------------------------------------------------------



Path 6: MET (840 ps) Late External Delay Assertion at pin mmio_rdata[0]
          Group: reg2out
     Startpoint: (R) u_ctrl/state_reg[4]/CK
          Clock: (R) clk
       Endpoint: (R) mmio_rdata[0]
          Clock: (R) clk

                     Capture       Launch     
        Clock Edge:+    3300            0     
       Src Latency:+       0            0     
       Net Latency:+       0 (I)        0 (I) 
           Arrival:=    3300            0     
                                              
      Output Delay:-     990                  
       Uncertainty:-     125                  
     Required Time:=    2185                  
      Launch Clock:-       0                  
         Data Path:-    1345                  
             Slack:=     840                  

Exceptions/Constraints:
  output_delay             990             dut.sdc_line_17_906_1   

#---------------------------------------------------------------------------------------
#     Timing Point       Flags   Arc   Edge      Cell        Fanout Trans Delay Arrival 
#                                                                    (ps)  (ps)   (ps)  
#---------------------------------------------------------------------------------------
  u_ctrl/state_reg[4]/CK -       -     R     (arrival)         3278     0     0       0 
  u_ctrl/state_reg[4]/Q  -       CK->Q R     DFFRPQ_X4M_A9TL      7   136   331     331 
  u_ctrl/g31121/Y        -       A->Y  F     INV_X3M_A9TL         1    57    62     393 
  u_ctrl/g30977__1617/Y  -       A->Y  R     NAND2_X6M_A9TL       2    68    60     453 
  u_ctrl/g30791__8428/Y  -       D->Y  F     NAND4_X4A_A9TL       1   108   109     562 
  u_ctrl/g30747__4319/Y  -       B->Y  R     NAND2_X6M_A9TL       2    86    94     656 
  u_ctrl/g30632__6161/Y  -       A->Y  F     NOR2_X8A_A9TL        2    48    54     710 
  u_ctrl/g30616__6783/Y  -       A->Y  R     NAND2_X6M_A9TL       2    72    59     769 
  u_ctrl/g30611/Y        -       A->Y  R     BUF_X5M_A9TL         5    72   112     882 
  u_ctrl/g30601__6417/Y  -       A->Y  R     OR2_X0P5M_A9TL       2   187   178    1060 
  u_ctrl/g30563__6260/Y  -       A->Y  F     NOR2_X1M_A9TL        1   116   111    1171 
  u_ctrl/g30526__1666/Y  -       A1->Y R     OAI21_X1M_A9TL       1   203   174    1345 
  mmio_rdata[0]          -       -     R     (port)               -     -     0    1345 
#---------------------------------------------------------------------------------------



Path 7: MET (842 ps) Late External Delay Assertion at pin mmio_rdata[0]
          Group: reg2out
     Startpoint: (R) u_ctrl/state_reg[2]/CK
          Clock: (R) clk
       Endpoint: (R) mmio_rdata[0]
          Clock: (R) clk

                     Capture       Launch     
        Clock Edge:+    3300            0     
       Src Latency:+       0            0     
       Net Latency:+       0 (I)        0 (I) 
           Arrival:=    3300            0     
                                              
      Output Delay:-     990                  
       Uncertainty:-     125                  
     Required Time:=    2185                  
      Launch Clock:-       0                  
         Data Path:-    1343                  
             Slack:=     842                  

Exceptions/Constraints:
  output_delay             990             dut.sdc_line_17_906_1   

#---------------------------------------------------------------------------------------
#     Timing Point       Flags   Arc   Edge      Cell        Fanout Trans Delay Arrival 
#                                                                    (ps)  (ps)   (ps)  
#---------------------------------------------------------------------------------------
  u_ctrl/state_reg[2]/CK -       -     R     (arrival)         3278     0     0       0 
  u_ctrl/state_reg[2]/Q  -       CK->Q F     DFFRPQ_X4M_A9TL      3    74   292     292 
  u_ctrl/fopt13/Y        -       A->Y  R     INV_X5M_A9TL         4    68    70     362 
  u_ctrl/g30835__1881/Y  -       C->Y  R     AND3_X2M_A9TL        2    85   145     507 
  u_ctrl/g30784__7410/Y  -       A->Y  F     NAND2_X3A_A9TL       1    76    73     580 
  u_ctrl/g30747__4319/Y  -       A->Y  R     NAND2_X6M_A9TL       2    86    73     653 
  u_ctrl/g30632__6161/Y  -       A->Y  F     NOR2_X8A_A9TL        2    48    54     708 
  u_ctrl/g30616__6783/Y  -       A->Y  R     NAND2_X6M_A9TL       2    72    59     767 
  u_ctrl/g30611/Y        -       A->Y  R     BUF_X5M_A9TL         5    72   112     879 
  u_ctrl/g30601__6417/Y  -       A->Y  R     OR2_X0P5M_A9TL       2   187   178    1057 
  u_ctrl/g30563__6260/Y  -       A->Y  F     NOR2_X1M_A9TL        1   116   111    1169 
  u_ctrl/g30526__1666/Y  -       A1->Y R     OAI21_X1M_A9TL       1   203   174    1343 
  mmio_rdata[0]          -       -     R     (port)               -     -     0    1343 
#---------------------------------------------------------------------------------------



Path 8: MET (844 ps) Late External Delay Assertion at pin mmio_rdata[0]
          Group: reg2out
     Startpoint: (R) u_ctrl/state_reg[1]/CK
          Clock: (R) clk
       Endpoint: (R) mmio_rdata[0]
          Clock: (R) clk

                     Capture       Launch     
        Clock Edge:+    3300            0     
       Src Latency:+       0            0     
       Net Latency:+       0 (I)        0 (I) 
           Arrival:=    3300            0     
                                              
      Output Delay:-     990                  
       Uncertainty:-     125                  
     Required Time:=    2185                  
      Launch Clock:-       0                  
         Data Path:-    1341                  
             Slack:=     844                  

Exceptions/Constraints:
  output_delay             990             dut.sdc_line_17_906_1   

#---------------------------------------------------------------------------------------
#     Timing Point       Flags   Arc   Edge      Cell        Fanout Trans Delay Arrival 
#                                                                    (ps)  (ps)   (ps)  
#---------------------------------------------------------------------------------------
  u_ctrl/state_reg[1]/CK -       -     R     (arrival)         3278     0     0       0 
  u_ctrl/state_reg[1]/Q  -       CK->Q F     DFFRPQ_X4M_A9TL      6    77   294     294 
  u_ctrl/g31017/Y        -       A->Y  R     INV_X5M_A9TL         6    79    78     372 
  u_ctrl/g30835__1881/Y  -       A->Y  R     AND3_X2M_A9TL        2    85   134     505 
  u_ctrl/g30784__7410/Y  -       A->Y  F     NAND2_X3A_A9TL       1    76    73     578 
  u_ctrl/g30747__4319/Y  -       A->Y  R     NAND2_X6M_A9TL       2    86    73     651 
  u_ctrl/g30632__6161/Y  -       A->Y  F     NOR2_X8A_A9TL        2    48    54     706 
  u_ctrl/g30616__6783/Y  -       A->Y  R     NAND2_X6M_A9TL       2    72    59     765 
  u_ctrl/g30611/Y        -       A->Y  R     BUF_X5M_A9TL         5    72   112     877 
  u_ctrl/g30601__6417/Y  -       A->Y  R     OR2_X0P5M_A9TL       2   187   178    1055 
  u_ctrl/g30563__6260/Y  -       A->Y  F     NOR2_X1M_A9TL        1   116   111    1167 
  u_ctrl/g30526__1666/Y  -       A1->Y R     OAI21_X1M_A9TL       1   203   174    1341 
  mmio_rdata[0]          -       -     R     (port)               -     -     0    1341 
#---------------------------------------------------------------------------------------



Path 9: MET (845 ps) Late External Delay Assertion at pin mmio_rdata[0]
          Group: reg2out
     Startpoint: (R) u_ctrl/state_reg[5]/CK
          Clock: (R) clk
       Endpoint: (R) mmio_rdata[0]
          Clock: (R) clk

                     Capture       Launch     
        Clock Edge:+    3300            0     
       Src Latency:+       0            0     
       Net Latency:+       0 (I)        0 (I) 
           Arrival:=    3300            0     
                                              
      Output Delay:-     990                  
       Uncertainty:-     125                  
     Required Time:=    2185                  
      Launch Clock:-       0                  
         Data Path:-    1340                  
             Slack:=     845                  

Exceptions/Constraints:
  output_delay             990             dut.sdc_line_17_906_1   

#---------------------------------------------------------------------------------------
#     Timing Point       Flags   Arc   Edge      Cell        Fanout Trans Delay Arrival 
#                                                                    (ps)  (ps)   (ps)  
#---------------------------------------------------------------------------------------
  u_ctrl/state_reg[5]/CK -       -     R     (arrival)         3278     0     0       0 
  u_ctrl/state_reg[5]/Q  -       CK->Q R     DFFRPQ_X4M_A9TL      3    97   309     309 
  u_ctrl/fopt17/Y        -       A->Y  F     INV_X7P5M_A9TL      16    88    83     392 
  u_ctrl/g30953__8246/Y  -       A->Y  R     NOR2_X3A_A9TL        2   140   115     507 
  u_ctrl/g30775__6161/Y  -       B->Y  R     AND3_X6M_A9TL        2    58   133     640 
  u_ctrl/g30724__6131/Y  -       B->Y  F     NOR2_X8M_A9TL        2    56    52     692 
  u_ctrl/g30616__6783/Y  -       B->Y  R     NAND2_X6M_A9TL       2    72    71     764 
  u_ctrl/g30611/Y        -       A->Y  R     BUF_X5M_A9TL         5    72   112     876 
  u_ctrl/g30601__6417/Y  -       A->Y  R     OR2_X0P5M_A9TL       2   187   178    1054 
  u_ctrl/g30563__6260/Y  -       A->Y  F     NOR2_X1M_A9TL        1   116   111    1166 
  u_ctrl/g30526__1666/Y  -       A1->Y R     OAI21_X1M_A9TL       1   203   174    1340 
  mmio_rdata[0]          -       -     R     (port)               -     -     0    1340 
#---------------------------------------------------------------------------------------



Path 10: MET (846 ps) Late External Delay Assertion at pin mmio_rdata[0]
          Group: reg2out
     Startpoint: (R) u_ctrl/state_reg[4]/CK
          Clock: (R) clk
       Endpoint: (R) mmio_rdata[0]
          Clock: (R) clk

                     Capture       Launch     
        Clock Edge:+    3300            0     
       Src Latency:+       0            0     
       Net Latency:+       0 (I)        0 (I) 
           Arrival:=    3300            0     
                                              
      Output Delay:-     990                  
       Uncertainty:-     125                  
     Required Time:=    2185                  
      Launch Clock:-       0                  
         Data Path:-    1339                  
             Slack:=     846                  

Exceptions/Constraints:
  output_delay             990             dut.sdc_line_17_906_1   

#---------------------------------------------------------------------------------------
#     Timing Point       Flags   Arc   Edge      Cell        Fanout Trans Delay Arrival 
#                                                                    (ps)  (ps)   (ps)  
#---------------------------------------------------------------------------------------
  u_ctrl/state_reg[4]/CK -       -     R     (arrival)         3278     0     0       0 
  u_ctrl/state_reg[4]/Q  -       CK->Q R     DFFRPQ_X4M_A9TL      7   136   331     331 
  u_ctrl/g30922__31113/Y -       A->Y  F     NAND2_X4M_A9TL       2    83    80     411 
  u_ctrl/g30883/Y        -       A->Y  R     INV_X5B_A9TL         3    60    64     475 
  u_ctrl/g30810__6161/Y  -       A->Y  F     NAND2_X4M_A9TL       1    53    47     522 
  u_ctrl/g30795__1617/Y  -       B->Y  R     NOR2_X4M_A9TL        2   135   106     628 
  u_ctrl/g30724__6131/Y  -       A->Y  F     NOR2_X8M_A9TL        2    56    64     692 
  u_ctrl/g30616__6783/Y  -       B->Y  R     NAND2_X6M_A9TL       2    72    71     763 
  u_ctrl/g30611/Y        -       A->Y  R     BUF_X5M_A9TL         5    72   112     876 
  u_ctrl/g30601__6417/Y  -       A->Y  R     OR2_X0P5M_A9TL       2   187   178    1054 
  u_ctrl/g30563__6260/Y  -       A->Y  F     NOR2_X1M_A9TL        1   116   111    1165 
  u_ctrl/g30526__1666/Y  -       A1->Y R     OAI21_X1M_A9TL       1   203   174    1339 
  mmio_rdata[0]          -       -     R     (port)               -     -     0    1339 
#---------------------------------------------------------------------------------------



Path 11: MET (846 ps) Late External Delay Assertion at pin mmio_rdata[0]
          Group: reg2out
     Startpoint: (R) u_ctrl/state_reg[3]/CK
          Clock: (R) clk
       Endpoint: (R) mmio_rdata[0]
          Clock: (R) clk

                     Capture       Launch     
        Clock Edge:+    3300            0     
       Src Latency:+       0            0     
       Net Latency:+       0 (I)        0 (I) 
           Arrival:=    3300            0     
                                              
      Output Delay:-     990                  
       Uncertainty:-     125                  
     Required Time:=    2185                  
      Launch Clock:-       0                  
         Data Path:-    1339                  
             Slack:=     846                  

Exceptions/Constraints:
  output_delay             990             dut.sdc_line_17_906_1   

#---------------------------------------------------------------------------------------
#     Timing Point       Flags   Arc   Edge      Cell        Fanout Trans Delay Arrival 
#                                                                    (ps)  (ps)   (ps)  
#---------------------------------------------------------------------------------------
  u_ctrl/state_reg[3]/CK -       -     R     (arrival)         3278     0     0       0 
  u_ctrl/state_reg[3]/Q  -       CK->Q F     DFFRPQ_X4M_A9TL      2    50   271     271 
  u_ctrl/g20490/Y        -       A->Y  R     INV_X4M_A9TL         2    76    67     338 
  u_ctrl/g31043/Y        -       A->Y  F     INV_X7P5M_A9TL       8    52    58     396 
  u_ctrl/g31041/Y        -       A->Y  R     INV_X5M_A9TL         8    87    74     470 
  u_ctrl/g30791__8428/Y  -       A->Y  F     NAND4_X4A_A9TL       1   108    85     556 
  u_ctrl/g30747__4319/Y  -       B->Y  R     NAND2_X6M_A9TL       2    86    94     650 
  u_ctrl/g30632__6161/Y  -       A->Y  F     NOR2_X8A_A9TL        2    48    54     704 
  u_ctrl/g30616__6783/Y  -       A->Y  R     NAND2_X6M_A9TL       2    72    59     763 
  u_ctrl/g30611/Y        -       A->Y  R     BUF_X5M_A9TL         5    72   112     876 
  u_ctrl/g30601__6417/Y  -       A->Y  R     OR2_X0P5M_A9TL       2   187   178    1054 
  u_ctrl/g30563__6260/Y  -       A->Y  F     NOR2_X1M_A9TL        1   116   111    1165 
  u_ctrl/g30526__1666/Y  -       A1->Y R     OAI21_X1M_A9TL       1   203   174    1339 
  mmio_rdata[0]          -       -     R     (port)               -     -     0    1339 
#---------------------------------------------------------------------------------------



Path 12: MET (846 ps) Late External Delay Assertion at pin mmio_rdata[0]
          Group: reg2out
     Startpoint: (R) u_ctrl/state_reg[3]/CK
          Clock: (R) clk
       Endpoint: (R) mmio_rdata[0]
          Clock: (R) clk

                     Capture       Launch     
        Clock Edge:+    3300            0     
       Src Latency:+       0            0     
       Net Latency:+       0 (I)        0 (I) 
           Arrival:=    3300            0     
                                              
      Output Delay:-     990                  
       Uncertainty:-     125                  
     Required Time:=    2185                  
      Launch Clock:-       0                  
         Data Path:-    1339                  
             Slack:=     846                  

Exceptions/Constraints:
  output_delay             990             dut.sdc_line_17_906_1   

#---------------------------------------------------------------------------------------
#     Timing Point       Flags   Arc   Edge      Cell        Fanout Trans Delay Arrival 
#                                                                    (ps)  (ps)   (ps)  
#---------------------------------------------------------------------------------------
  u_ctrl/state_reg[3]/CK -       -     R     (arrival)         3278     0     0       0 
  u_ctrl/state_reg[3]/Q  -       CK->Q F     DFFRPQ_X4M_A9TL      2    50   271     271 
  u_ctrl/g20490/Y        -       A->Y  R     INV_X4M_A9TL         2    76    67     338 
  u_ctrl/g31043/Y        -       A->Y  F     INV_X7P5M_A9TL       8    52    58     396 
  u_ctrl/g30953__8246/Y  -       B->Y  R     NOR2_X3A_A9TL        2   140   110     507 
  u_ctrl/g30775__6161/Y  -       B->Y  R     AND3_X6M_A9TL        2    58   133     640 
  u_ctrl/g30724__6131/Y  -       B->Y  F     NOR2_X8M_A9TL        2    56    52     692 
  u_ctrl/g30616__6783/Y  -       B->Y  R     NAND2_X6M_A9TL       2    72    71     763 
  u_ctrl/g30611/Y        -       A->Y  R     BUF_X5M_A9TL         5    72   112     875 
  u_ctrl/g30601__6417/Y  -       A->Y  R     OR2_X0P5M_A9TL       2   187   178    1054 
  u_ctrl/g30563__6260/Y  -       A->Y  F     NOR2_X1M_A9TL        1   116   111    1165 
  u_ctrl/g30526__1666/Y  -       A1->Y R     OAI21_X1M_A9TL       1   203   174    1339 
  mmio_rdata[0]          -       -     R     (port)               -     -     0    1339 
#---------------------------------------------------------------------------------------



Path 13: MET (850 ps) Late External Delay Assertion at pin mmio_rdata[0]
          Group: reg2out
     Startpoint: (R) u_ctrl/state_reg[0]/CK
          Clock: (R) clk
       Endpoint: (R) mmio_rdata[0]
          Clock: (R) clk

                     Capture       Launch     
        Clock Edge:+    3300            0     
       Src Latency:+       0            0     
       Net Latency:+       0 (I)        0 (I) 
           Arrival:=    3300            0     
                                              
      Output Delay:-     990                  
       Uncertainty:-     125                  
     Required Time:=    2185                  
      Launch Clock:-       0                  
         Data Path:-    1335                  
             Slack:=     850                  

Exceptions/Constraints:
  output_delay             990             dut.sdc_line_17_906_1   

#---------------------------------------------------------------------------------------
#     Timing Point       Flags   Arc   Edge      Cell        Fanout Trans Delay Arrival 
#                                                                    (ps)  (ps)   (ps)  
#---------------------------------------------------------------------------------------
  u_ctrl/state_reg[0]/CK -       -     R     (arrival)         3278     0     0       0 
  u_ctrl/state_reg[0]/Q  -       CK->Q F     DFFRPQ_X4M_A9TL      7    86   300     300 
  u_ctrl/g30985/Y        -       A->Y  R     INV_X3M_A9TL         2    59    63     363 
  u_ctrl/g30835__1881/Y  -       B->Y  R     AND3_X2M_A9TL        2    85   137     500 
  u_ctrl/g30784__7410/Y  -       A->Y  F     NAND2_X3A_A9TL       1    76    73     573 
  u_ctrl/g30747__4319/Y  -       A->Y  R     NAND2_X6M_A9TL       2    86    73     646 
  u_ctrl/g30632__6161/Y  -       A->Y  F     NOR2_X8A_A9TL        2    48    54     700 
  u_ctrl/g30616__6783/Y  -       A->Y  R     NAND2_X6M_A9TL       2    72    59     759 
  u_ctrl/g30611/Y        -       A->Y  R     BUF_X5M_A9TL         5    72   112     872 
  u_ctrl/g30601__6417/Y  -       A->Y  R     OR2_X0P5M_A9TL       2   187   178    1050 
  u_ctrl/g30563__6260/Y  -       A->Y  F     NOR2_X1M_A9TL        1   116   111    1161 
  u_ctrl/g30526__1666/Y  -       A1->Y R     OAI21_X1M_A9TL       1   203   174    1335 
  mmio_rdata[0]          -       -     R     (port)               -     -     0    1335 
#---------------------------------------------------------------------------------------



Path 14: MET (850 ps) Late External Delay Assertion at pin mmio_rdata[0]
          Group: reg2out
     Startpoint: (R) u_ctrl/state_reg[4]/CK
          Clock: (R) clk
       Endpoint: (R) mmio_rdata[0]
          Clock: (R) clk

                     Capture       Launch     
        Clock Edge:+    3300            0     
       Src Latency:+       0            0     
       Net Latency:+       0 (I)        0 (I) 
           Arrival:=    3300            0     
                                              
      Output Delay:-     990                  
       Uncertainty:-     125                  
     Required Time:=    2185                  
      Launch Clock:-       0                  
         Data Path:-    1335                  
             Slack:=     850                  

Exceptions/Constraints:
  output_delay             990             dut.sdc_line_17_906_1   

#---------------------------------------------------------------------------------------
#     Timing Point       Flags   Arc   Edge      Cell        Fanout Trans Delay Arrival 
#                                                                    (ps)  (ps)   (ps)  
#---------------------------------------------------------------------------------------
  u_ctrl/state_reg[4]/CK -       -     R     (arrival)         3278     0     0       0 
  u_ctrl/state_reg[4]/Q  -       CK->Q R     DFFRPQ_X4M_A9TL      7   136   331     331 
  u_ctrl/g31120/Y        -       A->Y  F     INV_X7P5M_A9TL       8    73    78     409 
  u_ctrl/g30964__2346/Y  -       A->Y  R     NOR2_X4M_A9TL        2    94    85     494 
  u_ctrl/g30784__7410/Y  -       B->Y  F     NAND2_X3A_A9TL       1    76    78     572 
  u_ctrl/g30747__4319/Y  -       A->Y  R     NAND2_X6M_A9TL       2    86    73     645 
  u_ctrl/g30632__6161/Y  -       A->Y  F     NOR2_X8A_A9TL        2    48    54     700 
  u_ctrl/g30616__6783/Y  -       A->Y  R     NAND2_X6M_A9TL       2    72    59     759 
  u_ctrl/g30611/Y        -       A->Y  R     BUF_X5M_A9TL         5    72   112     871 
  u_ctrl/g30601__6417/Y  -       A->Y  R     OR2_X0P5M_A9TL       2   187   178    1049 
  u_ctrl/g30563__6260/Y  -       A->Y  F     NOR2_X1M_A9TL        1   116   111    1161 
  u_ctrl/g30526__1666/Y  -       A1->Y R     OAI21_X1M_A9TL       1   203   174    1335 
  mmio_rdata[0]          -       -     R     (port)               -     -     0    1335 
#---------------------------------------------------------------------------------------



Path 15: MET (852 ps) Late External Delay Assertion at pin mmio_rdata[0]
          Group: reg2out
     Startpoint: (R) u_ctrl/state_reg[0]/CK
          Clock: (R) clk
       Endpoint: (R) mmio_rdata[0]
          Clock: (R) clk

                     Capture       Launch     
        Clock Edge:+    3300            0     
       Src Latency:+       0            0     
       Net Latency:+       0 (I)        0 (I) 
           Arrival:=    3300            0     
                                              
      Output Delay:-     990                  
       Uncertainty:-     125                  
     Required Time:=    2185                  
      Launch Clock:-       0                  
         Data Path:-    1333                  
             Slack:=     852                  

Exceptions/Constraints:
  output_delay             990             dut.sdc_line_17_906_1   

#---------------------------------------------------------------------------------------
#     Timing Point       Flags   Arc   Edge      Cell        Fanout Trans Delay Arrival 
#                                                                    (ps)  (ps)   (ps)  
#---------------------------------------------------------------------------------------
  u_ctrl/state_reg[0]/CK -       -     R     (arrival)         3278     0     0       0 
  u_ctrl/state_reg[0]/Q  -       CK->Q R     DFFRPQ_X4M_A9TL      7   118   321     321 
  u_ctrl/g30978__2802/Y  -       A->Y  R     AND2_X3M_A9TL        5   120   157     478 
  u_ctrl/g30837__7482/Y  -       A->Y  F     NAND2_X6M_A9TL       4    84    79     558 
  u_ctrl/g30693__4733/Y  -       A->Y  R     NOR2_X6M_A9TL        1    86    82     640 
  u_ctrl/g30632__6161/Y  -       B->Y  F     NOR2_X8A_A9TL        2    48    59     698 
  u_ctrl/g30616__6783/Y  -       A->Y  R     NAND2_X6M_A9TL       2    72    59     757 
  u_ctrl/g30611/Y        -       A->Y  R     BUF_X5M_A9TL         5    72   112     870 
  u_ctrl/g30601__6417/Y  -       A->Y  R     OR2_X0P5M_A9TL       2   187   178    1048 
  u_ctrl/g30563__6260/Y  -       A->Y  F     NOR2_X1M_A9TL        1   116   111    1159 
  u_ctrl/g30526__1666/Y  -       A1->Y R     OAI21_X1M_A9TL       1   203   174    1333 
  mmio_rdata[0]          -       -     R     (port)               -     -     0    1333 
#---------------------------------------------------------------------------------------



Path 16: MET (853 ps) Late External Delay Assertion at pin mmio_rdata[1]
          Group: reg2out
     Startpoint: (R) u_ctrl/state_reg[2]/CK
          Clock: (R) clk
       Endpoint: (F) mmio_rdata[1]
          Clock: (R) clk

                     Capture       Launch     
        Clock Edge:+    3300            0     
       Src Latency:+       0            0     
       Net Latency:+       0 (I)        0 (I) 
           Arrival:=    3300            0     
                                              
      Output Delay:-     990                  
       Uncertainty:-     125                  
     Required Time:=    2185                  
      Launch Clock:-       0                  
         Data Path:-    1332                  
             Slack:=     853                  

Exceptions/Constraints:
  output_delay             990             dut.sdc_line_17_905_1   

#------------------------------------------------------------------------------------------
#     Timing Point       Flags   Arc   Edge        Cell         Fanout Trans Delay Arrival 
#                                                                       (ps)  (ps)   (ps)  
#------------------------------------------------------------------------------------------
  u_ctrl/state_reg[2]/CK -       -     R     (arrival)            3278     0     0       0 
  u_ctrl/state_reg[2]/Q  -       CK->Q R     DFFRPQ_X4M_A9TL         3    99   310     310 
  u_ctrl/fopt13/Y        -       A->Y  F     INV_X5M_A9TL            4    52    58     369 
  u_ctrl/g30977__1617/Y  -       B->Y  R     NAND2_X6M_A9TL          2    68    68     437 
  u_ctrl/g30938/Y        -       A->Y  F     INV_X3M_A9TL            2    44    51     487 
  u_ctrl/g30937/Y        -       A->Y  F     BUF_X2M_A9TL            2    70   121     608 
  u_ctrl/g30935/Y        -       A->Y  R     INV_X4M_A9TL            5    73    73     682 
  u_ctrl/g30870__4733/Y  -       A->Y  F     NOR2_X3A_A9TL           2    90    67     748 
  u_ctrl/g30840/Y        -       A->Y  R     INV_X0P8M_A9TL          1    78    80     828 
  u_ctrl/g30692__7482/Y  -       B->Y  F     NOR3_X1M_A9TL           1   124    98     926 
  u_ctrl/g30637__31129/Y -       B0->Y R     AOI21_X0P7M_A9TR        1   235   201    1127 
  u_ctrl/g30618__1617/Y  -       B0->Y F     OAI2XB1_X0P5M_A9TL      1   213   205    1332 
  mmio_rdata[1]          -       -     F     (port)                  -     -     0    1332 
#------------------------------------------------------------------------------------------



Path 17: MET (854 ps) Late External Delay Assertion at pin mmio_rdata[0]
          Group: reg2out
     Startpoint: (R) u_ctrl/state_reg[4]/CK
          Clock: (R) clk
       Endpoint: (F) mmio_rdata[0]
          Clock: (R) clk

                     Capture       Launch     
        Clock Edge:+    3300            0     
       Src Latency:+       0            0     
       Net Latency:+       0 (I)        0 (I) 
           Arrival:=    3300            0     
                                              
      Output Delay:-     990                  
       Uncertainty:-     125                  
     Required Time:=    2185                  
      Launch Clock:-       0                  
         Data Path:-    1331                  
             Slack:=     854                  

Exceptions/Constraints:
  output_delay             990             dut.sdc_line_17_906_1   

#---------------------------------------------------------------------------------------
#     Timing Point       Flags   Arc   Edge      Cell        Fanout Trans Delay Arrival 
#                                                                    (ps)  (ps)   (ps)  
#---------------------------------------------------------------------------------------
  u_ctrl/state_reg[4]/CK -       -     R     (arrival)         3278     0     0       0 
  u_ctrl/state_reg[4]/Q  -       CK->Q F     DFFRPQ_X4M_A9TL      7    97   307     307 
  u_ctrl/g31121/Y        -       A->Y  R     INV_X3M_A9TL         1    64    68     375 
  u_ctrl/g30977__1617/Y  -       A->Y  F     NAND2_X6M_A9TL       2    46    48     424 
  u_ctrl/g30938/Y        -       A->Y  R     INV_X3M_A9TL         2    63    57     481 
  u_ctrl/g30937/Y        -       A->Y  R     BUF_X2M_A9TL         2    91   124     605 
  u_ctrl/g30851__2398/Y  -       A->Y  F     NAND2_X1A_A9TL       5   279   197     802 
  u_ctrl/g30601__6417/Y  -       B->Y  F     OR2_X0P5M_A9TL       2   142   260    1061 
  u_ctrl/g30563__6260/Y  -       A->Y  R     NOR2_X1M_A9TL        1   152   135    1196 
  u_ctrl/g30526__1666/Y  -       A1->Y F     OAI21_X1M_A9TL       1   137   135    1331 
  mmio_rdata[0]          -       -     F     (port)               -     -     0    1331 
#---------------------------------------------------------------------------------------



Path 18: MET (856 ps) Late External Delay Assertion at pin mmio_rdata[0]
          Group: reg2out
     Startpoint: (R) u_ctrl/state_reg[2]/CK
          Clock: (R) clk
       Endpoint: (R) mmio_rdata[0]
          Clock: (R) clk

                     Capture       Launch     
        Clock Edge:+    3300            0     
       Src Latency:+       0            0     
       Net Latency:+       0 (I)        0 (I) 
           Arrival:=    3300            0     
                                              
      Output Delay:-     990                  
       Uncertainty:-     125                  
     Required Time:=    2185                  
      Launch Clock:-       0                  
         Data Path:-    1329                  
             Slack:=     856                  

Exceptions/Constraints:
  output_delay             990             dut.sdc_line_17_906_1   

#---------------------------------------------------------------------------------------
#     Timing Point       Flags   Arc   Edge      Cell        Fanout Trans Delay Arrival 
#                                                                    (ps)  (ps)   (ps)  
#---------------------------------------------------------------------------------------
  u_ctrl/state_reg[2]/CK -       -     R     (arrival)         3278     0     0       0 
  u_ctrl/state_reg[2]/Q  -       CK->Q R     DFFRPQ_X4M_A9TL      3    99   310     310 
  u_ctrl/fopt13/Y        -       A->Y  F     INV_X5M_A9TL         4    52    58     369 
  u_ctrl/g30977__1617/Y  -       B->Y  R     NAND2_X6M_A9TL       2    68    68     437 
  u_ctrl/g30791__8428/Y  -       D->Y  F     NAND4_X4A_A9TL       1   108   109     546 
  u_ctrl/g30747__4319/Y  -       B->Y  R     NAND2_X6M_A9TL       2    86    94     640 
  u_ctrl/g30632__6161/Y  -       A->Y  F     NOR2_X8A_A9TL        2    48    54     694 
  u_ctrl/g30616__6783/Y  -       A->Y  R     NAND2_X6M_A9TL       2    72    59     753 
  u_ctrl/g30611/Y        -       A->Y  R     BUF_X5M_A9TL         5    72   112     865 
  u_ctrl/g30601__6417/Y  -       A->Y  R     OR2_X0P5M_A9TL       2   187   178    1044 
  u_ctrl/g30563__6260/Y  -       A->Y  F     NOR2_X1M_A9TL        1   116   111    1155 
  u_ctrl/g30526__1666/Y  -       A1->Y R     OAI21_X1M_A9TL       1   203   174    1329 
  mmio_rdata[0]          -       -     R     (port)               -     -     0    1329 
#---------------------------------------------------------------------------------------



Path 19: MET (859 ps) Late External Delay Assertion at pin mmio_rdata[0]
          Group: reg2out
     Startpoint: (R) u_ctrl/state_reg[2]/CK
          Clock: (R) clk
       Endpoint: (F) mmio_rdata[0]
          Clock: (R) clk

                     Capture       Launch     
        Clock Edge:+    3300            0     
       Src Latency:+       0            0     
       Net Latency:+       0 (I)        0 (I) 
           Arrival:=    3300            0     
                                              
      Output Delay:-     990                  
       Uncertainty:-     125                  
     Required Time:=    2185                  
      Launch Clock:-       0                  
         Data Path:-    1326                  
             Slack:=     859                  

Exceptions/Constraints:
  output_delay             990             dut.sdc_line_17_906_1   

#---------------------------------------------------------------------------------------
#     Timing Point       Flags   Arc   Edge      Cell        Fanout Trans Delay Arrival 
#                                                                    (ps)  (ps)   (ps)  
#---------------------------------------------------------------------------------------
  u_ctrl/state_reg[2]/CK -       -     R     (arrival)         3278     0     0       0 
  u_ctrl/state_reg[2]/Q  -       CK->Q F     DFFRPQ_X4M_A9TL      3    74   292     292 
  u_ctrl/fopt13/Y        -       A->Y  R     INV_X5M_A9TL         4    68    70     362 
  u_ctrl/g30977__1617/Y  -       B->Y  F     NAND2_X6M_A9TL       2    46    56     419 
  u_ctrl/g30938/Y        -       A->Y  R     INV_X3M_A9TL         2    63    57     476 
  u_ctrl/g30937/Y        -       A->Y  R     BUF_X2M_A9TL         2    91   124     600 
  u_ctrl/g30851__2398/Y  -       A->Y  F     NAND2_X1A_A9TL       5   279   197     797 
  u_ctrl/g30601__6417/Y  -       B->Y  F     OR2_X0P5M_A9TL       2   142   260    1056 
  u_ctrl/g30563__6260/Y  -       A->Y  R     NOR2_X1M_A9TL        1   152   135    1191 
  u_ctrl/g30526__1666/Y  -       A1->Y F     OAI21_X1M_A9TL       1   137   135    1326 
  mmio_rdata[0]          -       -     F     (port)               -     -     0    1326 
#---------------------------------------------------------------------------------------



Path 20: MET (860 ps) Late External Delay Assertion at pin mmio_rdata[0]
          Group: reg2out
     Startpoint: (R) u_ctrl/state_reg[1]/CK
          Clock: (R) clk
       Endpoint: (R) mmio_rdata[0]
          Clock: (R) clk

                     Capture       Launch     
        Clock Edge:+    3300            0     
       Src Latency:+       0            0     
       Net Latency:+       0 (I)        0 (I) 
           Arrival:=    3300            0     
                                              
      Output Delay:-     990                  
       Uncertainty:-     125                  
     Required Time:=    2185                  
      Launch Clock:-       0                  
         Data Path:-    1324                  
             Slack:=     860                  

Exceptions/Constraints:
  output_delay             990             dut.sdc_line_17_906_1   

#---------------------------------------------------------------------------------------
#     Timing Point       Flags   Arc   Edge      Cell        Fanout Trans Delay Arrival 
#                                                                    (ps)  (ps)   (ps)  
#---------------------------------------------------------------------------------------
  u_ctrl/state_reg[1]/CK -       -     R     (arrival)         3278     0     0       0 
  u_ctrl/state_reg[1]/Q  -       CK->Q R     DFFRPQ_X4M_A9TL      6   102   312     312 
  u_ctrl/g30978__2802/Y  -       B->Y  R     AND2_X3M_A9TL        5   120   157     470 
  u_ctrl/g30837__7482/Y  -       A->Y  F     NAND2_X6M_A9TL       4    84    79     549 
  u_ctrl/g30693__4733/Y  -       A->Y  R     NOR2_X6M_A9TL        1    86    82     631 
  u_ctrl/g30632__6161/Y  -       B->Y  F     NOR2_X8A_A9TL        2    48    59     690 
  u_ctrl/g30616__6783/Y  -       A->Y  R     NAND2_X6M_A9TL       2    72    59     748 
  u_ctrl/g30611/Y        -       A->Y  R     BUF_X5M_A9TL         5    72   112     861 
  u_ctrl/g30601__6417/Y  -       A->Y  R     OR2_X0P5M_A9TL       2   187   178    1039 
  u_ctrl/g30563__6260/Y  -       A->Y  F     NOR2_X1M_A9TL        1   116   111    1150 
  u_ctrl/g30526__1666/Y  -       A1->Y R     OAI21_X1M_A9TL       1   203   174    1324 
  mmio_rdata[0]          -       -     R     (port)               -     -     0    1324 
#---------------------------------------------------------------------------------------



Path 21: MET (861 ps) Late External Delay Assertion at pin mmio_rdata[0]
          Group: reg2out
     Startpoint: (R) u_ctrl/state_reg[3]/CK
          Clock: (R) clk
       Endpoint: (R) mmio_rdata[0]
          Clock: (R) clk

                     Capture       Launch     
        Clock Edge:+    3300            0     
       Src Latency:+       0            0     
       Net Latency:+       0 (I)        0 (I) 
           Arrival:=    3300            0     
                                              
      Output Delay:-     990                  
       Uncertainty:-     125                  
     Required Time:=    2185                  
      Launch Clock:-       0                  
         Data Path:-    1324                  
             Slack:=     861                  

Exceptions/Constraints:
  output_delay             990             dut.sdc_line_17_906_1   

#---------------------------------------------------------------------------------------
#     Timing Point       Flags   Arc   Edge      Cell        Fanout Trans Delay Arrival 
#                                                                    (ps)  (ps)   (ps)  
#---------------------------------------------------------------------------------------
  u_ctrl/state_reg[3]/CK -       -     R     (arrival)         3278     0     0       0 
  u_ctrl/state_reg[3]/Q  -       CK->Q F     DFFRPQ_X4M_A9TL      2    50   271     271 
  u_ctrl/g20490/Y        -       A->Y  R     INV_X4M_A9TL         2    76    67     338 
  u_ctrl/g2/Y            -       B->Y  R     XOR2_X4M_A9TL        2   179   126     464 
  u_ctrl/g30709__5107/Y  -       A->Y  F     NAND2_X4M_A9TL       1    80    77     541 
  u_ctrl/g30693__4733/Y  -       B->Y  R     NOR2_X6M_A9TL        1    86    90     630 
  u_ctrl/g30632__6161/Y  -       B->Y  F     NOR2_X8A_A9TL        2    48    59     689 
  u_ctrl/g30616__6783/Y  -       A->Y  R     NAND2_X6M_A9TL       2    72    59     748 
  u_ctrl/g30611/Y        -       A->Y  R     BUF_X5M_A9TL         5    72   112     860 
  u_ctrl/g30601__6417/Y  -       A->Y  R     OR2_X0P5M_A9TL       2   187   178    1039 
  u_ctrl/g30563__6260/Y  -       A->Y  F     NOR2_X1M_A9TL        1   116   111    1150 
  u_ctrl/g30526__1666/Y  -       A1->Y R     OAI21_X1M_A9TL       1   203   174    1324 
  mmio_rdata[0]          -       -     R     (port)               -     -     0    1324 
#---------------------------------------------------------------------------------------



Path 22: MET (863 ps) Late External Delay Assertion at pin mmio_rdata[0]
          Group: reg2out
     Startpoint: (R) u_ctrl/state_reg[4]/CK
          Clock: (R) clk
       Endpoint: (F) mmio_rdata[0]
          Clock: (R) clk

                     Capture       Launch     
        Clock Edge:+    3300            0     
       Src Latency:+       0            0     
       Net Latency:+       0 (I)        0 (I) 
           Arrival:=    3300            0     
                                              
      Output Delay:-     990                  
       Uncertainty:-     125                  
     Required Time:=    2185                  
      Launch Clock:-       0                  
         Data Path:-    1322                  
             Slack:=     863                  

Exceptions/Constraints:
  output_delay             990             dut.sdc_line_17_906_1   

#---------------------------------------------------------------------------------------
#     Timing Point       Flags   Arc   Edge      Cell        Fanout Trans Delay Arrival 
#                                                                    (ps)  (ps)   (ps)  
#---------------------------------------------------------------------------------------
  u_ctrl/state_reg[4]/CK -       -     R     (arrival)         3278     0     0       0 
  u_ctrl/state_reg[4]/Q  -       CK->Q R     DFFRPQ_X4M_A9TL      7   136   331     331 
  u_ctrl/g31121/Y        -       A->Y  F     INV_X3M_A9TL         1    57    62     393 
  u_ctrl/g30977__1617/Y  -       A->Y  R     NAND2_X6M_A9TL       2    68    60     453 
  u_ctrl/g30938/Y        -       A->Y  F     INV_X3M_A9TL         2    44    51     504 
  u_ctrl/g30775__6161/Y  -       C->Y  F     AND3_X6M_A9TL        2    48   125     629 
  u_ctrl/g30724__6131/Y  -       B->Y  R     NOR2_X8M_A9TL        2    80    72     701 
  u_ctrl/g30616__6783/Y  -       B->Y  F     NAND2_X6M_A9TL       2    53    61     762 
  u_ctrl/g30611/Y        -       A->Y  F     BUF_X5M_A9TL         5    57   111     874 
  u_ctrl/g30601__6417/Y  -       A->Y  F     OR2_X0P5M_A9TL       2   142   179    1052 
  u_ctrl/g30563__6260/Y  -       A->Y  R     NOR2_X1M_A9TL        1   152   135    1187 
  u_ctrl/g30526__1666/Y  -       A1->Y F     OAI21_X1M_A9TL       1   137   135    1322 
  mmio_rdata[0]          -       -     F     (port)               -     -     0    1322 
#---------------------------------------------------------------------------------------



Path 23: MET (865 ps) Late External Delay Assertion at pin mmio_rdata[0]
          Group: reg2out
     Startpoint: (R) u_ctrl/state_reg[2]/CK
          Clock: (R) clk
       Endpoint: (F) mmio_rdata[0]
          Clock: (R) clk

                     Capture       Launch     
        Clock Edge:+    3300            0     
       Src Latency:+       0            0     
       Net Latency:+       0 (I)        0 (I) 
           Arrival:=    3300            0     
                                              
      Output Delay:-     990                  
       Uncertainty:-     125                  
     Required Time:=    2185                  
      Launch Clock:-       0                  
         Data Path:-    1320                  
             Slack:=     865                  

Exceptions/Constraints:
  output_delay             990             dut.sdc_line_17_906_1   

#---------------------------------------------------------------------------------------
#     Timing Point       Flags   Arc   Edge      Cell        Fanout Trans Delay Arrival 
#                                                                    (ps)  (ps)   (ps)  
#---------------------------------------------------------------------------------------
  u_ctrl/state_reg[2]/CK -       -     R     (arrival)         3278     0     0       0 
  u_ctrl/state_reg[2]/Q  -       CK->Q R     DFFRPQ_X4M_A9TL      3    99   310     310 
  u_ctrl/fopt13/Y        -       A->Y  F     INV_X5M_A9TL         4    52    58     369 
  u_ctrl/g30835__1881/Y  -       C->Y  F     AND3_X2M_A9TL        2    66   148     516 
  u_ctrl/g30784__7410/Y  -       A->Y  R     NAND2_X3A_A9TL       1    64    64     580 
  u_ctrl/g30747__4319/Y  -       A->Y  F     NAND2_X6M_A9TL       2    61    53     633 
  u_ctrl/g30632__6161/Y  -       A->Y  R     NOR2_X8A_A9TL        2    78    73     706 
  u_ctrl/g30616__6783/Y  -       A->Y  F     NAND2_X6M_A9TL       2    53    54     760 
  u_ctrl/g30611/Y        -       A->Y  F     BUF_X5M_A9TL         5    57   111     872 
  u_ctrl/g30601__6417/Y  -       A->Y  F     OR2_X0P5M_A9TL       2   142   179    1050 
  u_ctrl/g30563__6260/Y  -       A->Y  R     NOR2_X1M_A9TL        1   152   135    1185 
  u_ctrl/g30526__1666/Y  -       A1->Y F     OAI21_X1M_A9TL       1   137   135    1320 
  mmio_rdata[0]          -       -     F     (port)               -     -     0    1320 
#---------------------------------------------------------------------------------------



Path 24: MET (866 ps) Late External Delay Assertion at pin mmio_rdata[0]
          Group: reg2out
     Startpoint: (R) u_ctrl/state_reg[3]/CK
          Clock: (R) clk
       Endpoint: (F) mmio_rdata[0]
          Clock: (R) clk

                     Capture       Launch     
        Clock Edge:+    3300            0     
       Src Latency:+       0            0     
       Net Latency:+       0 (I)        0 (I) 
           Arrival:=    3300            0     
                                              
      Output Delay:-     990                  
       Uncertainty:-     125                  
     Required Time:=    2185                  
      Launch Clock:-       0                  
         Data Path:-    1319                  
             Slack:=     866                  

Exceptions/Constraints:
  output_delay             990             dut.sdc_line_17_906_1   

#---------------------------------------------------------------------------------------
#     Timing Point       Flags   Arc   Edge      Cell        Fanout Trans Delay Arrival 
#                                                                    (ps)  (ps)   (ps)  
#---------------------------------------------------------------------------------------
  u_ctrl/state_reg[3]/CK -       -     R     (arrival)         3278     0     0       0 
  u_ctrl/state_reg[3]/Q  -       CK->Q R     DFFRPQ_X4M_A9TL      2    61   283     283 
  u_ctrl/g20490/Y        -       A->Y  F     INV_X4M_A9TL         2    50    55     338 
  u_ctrl/g31043/Y        -       A->Y  R     INV_X7P5M_A9TL       8    73    66     403 
  u_ctrl/g31041/Y        -       A->Y  F     INV_X5M_A9TL         8    60    63     467 
  u_ctrl/g30791__8428/Y  -       A->Y  R     NAND4_X4A_A9TL       1   141    90     557 
  u_ctrl/g30747__4319/Y  -       B->Y  F     NAND2_X6M_A9TL       2    61    76     632 
  u_ctrl/g30632__6161/Y  -       A->Y  R     NOR2_X8A_A9TL        2    78    73     705 
  u_ctrl/g30616__6783/Y  -       A->Y  F     NAND2_X6M_A9TL       2    53    54     759 
  u_ctrl/g30611/Y        -       A->Y  F     BUF_X5M_A9TL         5    57   111     871 
  u_ctrl/g30601__6417/Y  -       A->Y  F     OR2_X0P5M_A9TL       2   142   179    1050 
  u_ctrl/g30563__6260/Y  -       A->Y  R     NOR2_X1M_A9TL        1   152   135    1184 
  u_ctrl/g30526__1666/Y  -       A1->Y F     OAI21_X1M_A9TL       1   137   135    1319 
  mmio_rdata[0]          -       -     F     (port)               -     -     0    1319 
#---------------------------------------------------------------------------------------



Path 25: MET (869 ps) Late External Delay Assertion at pin mmio_rdata[0]
          Group: reg2out
     Startpoint: (R) u_ctrl/state_reg[0]/CK
          Clock: (R) clk
       Endpoint: (F) mmio_rdata[0]
          Clock: (R) clk

                     Capture       Launch     
        Clock Edge:+    3300            0     
       Src Latency:+       0            0     
       Net Latency:+       0 (I)        0 (I) 
           Arrival:=    3300            0     
                                              
      Output Delay:-     990                  
       Uncertainty:-     125                  
     Required Time:=    2185                  
      Launch Clock:-       0                  
         Data Path:-    1316                  
             Slack:=     869                  

Exceptions/Constraints:
  output_delay             990             dut.sdc_line_17_906_1   

#---------------------------------------------------------------------------------------
#     Timing Point       Flags   Arc   Edge      Cell        Fanout Trans Delay Arrival 
#                                                                    (ps)  (ps)   (ps)  
#---------------------------------------------------------------------------------------
  u_ctrl/state_reg[0]/CK -       -     R     (arrival)         3278     0     0       0 
  u_ctrl/state_reg[0]/Q  -       CK->Q R     DFFRPQ_X4M_A9TL      7   118   321     321 
  u_ctrl/g30985/Y        -       A->Y  F     INV_X3M_A9TL         2    51    56     377 
  u_ctrl/g30835__1881/Y  -       B->Y  F     AND3_X2M_A9TL        2    66   136     512 
  u_ctrl/g30784__7410/Y  -       A->Y  R     NAND2_X3A_A9TL       1    64    64     576 
  u_ctrl/g30747__4319/Y  -       A->Y  F     NAND2_X6M_A9TL       2    61    53     629 
  u_ctrl/g30632__6161/Y  -       A->Y  R     NOR2_X8A_A9TL        2    78    73     702 
  u_ctrl/g30616__6783/Y  -       A->Y  F     NAND2_X6M_A9TL       2    53    54     756 
  u_ctrl/g30611/Y        -       A->Y  F     BUF_X5M_A9TL         5    57   111     867 
  u_ctrl/g30601__6417/Y  -       A->Y  F     OR2_X0P5M_A9TL       2   142   179    1046 
  u_ctrl/g30563__6260/Y  -       A->Y  R     NOR2_X1M_A9TL        1   152   135    1181 
  u_ctrl/g30526__1666/Y  -       A1->Y F     OAI21_X1M_A9TL       1   137   135    1316 
  mmio_rdata[0]          -       -     F     (port)               -     -     0    1316 
#---------------------------------------------------------------------------------------



Path 26: MET (871 ps) Late External Delay Assertion at pin mmio_rdata[0]
          Group: reg2out
     Startpoint: (R) u_ctrl/state_reg[3]/CK
          Clock: (R) clk
       Endpoint: (R) mmio_rdata[0]
          Clock: (R) clk

                     Capture       Launch     
        Clock Edge:+    3300            0     
       Src Latency:+       0            0     
       Net Latency:+       0 (I)        0 (I) 
           Arrival:=    3300            0     
                                              
      Output Delay:-     990                  
       Uncertainty:-     125                  
     Required Time:=    2185                  
      Launch Clock:-       0                  
         Data Path:-    1314                  
             Slack:=     871                  

Exceptions/Constraints:
  output_delay             990             dut.sdc_line_17_906_1   

#---------------------------------------------------------------------------------------
#     Timing Point       Flags   Arc   Edge      Cell        Fanout Trans Delay Arrival 
#                                                                    (ps)  (ps)   (ps)  
#---------------------------------------------------------------------------------------
  u_ctrl/state_reg[3]/CK -       -     R     (arrival)         3278     0     0       0 
  u_ctrl/state_reg[3]/Q  -       CK->Q R     DFFRPQ_X4M_A9TL      2    61   283     283 
  u_ctrl/g20490/Y        -       A->Y  F     INV_X4M_A9TL         2    50    55     338 
  u_ctrl/g2/Y            -       B->Y  R     XOR2_X4M_A9TL        2   179   116     454 
  u_ctrl/g30709__5107/Y  -       A->Y  F     NAND2_X4M_A9TL       1    80    77     531 
  u_ctrl/g30693__4733/Y  -       B->Y  R     NOR2_X6M_A9TL        1    86    90     620 
  u_ctrl/g30632__6161/Y  -       B->Y  F     NOR2_X8A_A9TL        2    48    59     679 
  u_ctrl/g30616__6783/Y  -       A->Y  R     NAND2_X6M_A9TL       2    72    59     738 
  u_ctrl/g30611/Y        -       A->Y  R     BUF_X5M_A9TL         5    72   112     850 
  u_ctrl/g30601__6417/Y  -       A->Y  R     OR2_X0P5M_A9TL       2   187   178    1029 
  u_ctrl/g30563__6260/Y  -       A->Y  F     NOR2_X1M_A9TL        1   116   111    1140 
  u_ctrl/g30526__1666/Y  -       A1->Y R     OAI21_X1M_A9TL       1   203   174    1314 
  mmio_rdata[0]          -       -     R     (port)               -     -     0    1314 
#---------------------------------------------------------------------------------------



Path 27: MET (871 ps) Late External Delay Assertion at pin mmio_rdata[0]
          Group: reg2out
     Startpoint: (R) u_ctrl/state_reg[2]/CK
          Clock: (R) clk
       Endpoint: (R) mmio_rdata[0]
          Clock: (R) clk

                     Capture       Launch     
        Clock Edge:+    3300            0     
       Src Latency:+       0            0     
       Net Latency:+       0 (I)        0 (I) 
           Arrival:=    3300            0     
                                              
      Output Delay:-     990                  
       Uncertainty:-     125                  
     Required Time:=    2185                  
      Launch Clock:-       0                  
         Data Path:-    1314                  
             Slack:=     871                  

Exceptions/Constraints:
  output_delay             990             dut.sdc_line_17_906_1   

#---------------------------------------------------------------------------------------
#     Timing Point       Flags   Arc   Edge      Cell        Fanout Trans Delay Arrival 
#                                                                    (ps)  (ps)   (ps)  
#---------------------------------------------------------------------------------------
  u_ctrl/state_reg[2]/CK -       -     R     (arrival)         3278     0     0       0 
  u_ctrl/state_reg[2]/Q  -       CK->Q R     DFFRPQ_X4M_A9TL      3    99   310     310 
  u_ctrl/g30922__31113/Y -       B->Y  F     NAND2_X4M_A9TL       2    83    75     386 
  u_ctrl/g30883/Y        -       A->Y  R     INV_X5B_A9TL         3    60    64     450 
  u_ctrl/g30810__6161/Y  -       A->Y  F     NAND2_X4M_A9TL       1    53    47     496 
  u_ctrl/g30795__1617/Y  -       B->Y  R     NOR2_X4M_A9TL        2   135   106     602 
  u_ctrl/g30724__6131/Y  -       A->Y  F     NOR2_X8M_A9TL        2    56    64     667 
  u_ctrl/g30616__6783/Y  -       B->Y  R     NAND2_X6M_A9TL       2    72    71     738 
  u_ctrl/g30611/Y        -       A->Y  R     BUF_X5M_A9TL         5    72   112     850 
  u_ctrl/g30601__6417/Y  -       A->Y  R     OR2_X0P5M_A9TL       2   187   178    1029 
  u_ctrl/g30563__6260/Y  -       A->Y  F     NOR2_X1M_A9TL        1   116   111    1140 
  u_ctrl/g30526__1666/Y  -       A1->Y R     OAI21_X1M_A9TL       1   203   174    1314 
  mmio_rdata[0]          -       -     R     (port)               -     -     0    1314 
#---------------------------------------------------------------------------------------



Path 28: MET (874 ps) Late External Delay Assertion at pin mmio_rdata[0]
          Group: reg2out
     Startpoint: (R) u_ctrl/state_reg[1]/CK
          Clock: (R) clk
       Endpoint: (F) mmio_rdata[0]
          Clock: (R) clk

                     Capture       Launch     
        Clock Edge:+    3300            0     
       Src Latency:+       0            0     
       Net Latency:+       0 (I)        0 (I) 
           Arrival:=    3300            0     
                                              
      Output Delay:-     990                  
       Uncertainty:-     125                  
     Required Time:=    2185                  
      Launch Clock:-       0                  
         Data Path:-    1311                  
             Slack:=     874                  

Exceptions/Constraints:
  output_delay             990             dut.sdc_line_17_906_1   

#---------------------------------------------------------------------------------------
#     Timing Point       Flags   Arc   Edge      Cell        Fanout Trans Delay Arrival 
#                                                                    (ps)  (ps)   (ps)  
#---------------------------------------------------------------------------------------
  u_ctrl/state_reg[1]/CK -       -     R     (arrival)         3278     0     0       0 
  u_ctrl/state_reg[1]/Q  -       CK->Q R     DFFRPQ_X4M_A9TL      6   102   312     312 
  u_ctrl/g31017/Y        -       A->Y  F     INV_X5M_A9TL         6    60    67     379 
  u_ctrl/g30835__1881/Y  -       A->Y  F     AND3_X2M_A9TL        2    66   129     508 
  u_ctrl/g30784__7410/Y  -       A->Y  R     NAND2_X3A_A9TL       1    64    64     572 
  u_ctrl/g30747__4319/Y  -       A->Y  F     NAND2_X6M_A9TL       2    61    53     624 
  u_ctrl/g30632__6161/Y  -       A->Y  R     NOR2_X8A_A9TL        2    78    73     697 
  u_ctrl/g30616__6783/Y  -       A->Y  F     NAND2_X6M_A9TL       2    53    54     751 
  u_ctrl/g30611/Y        -       A->Y  F     BUF_X5M_A9TL         5    57   111     862 
  u_ctrl/g30601__6417/Y  -       A->Y  F     OR2_X0P5M_A9TL       2   142   179    1041 
  u_ctrl/g30563__6260/Y  -       A->Y  R     NOR2_X1M_A9TL        1   152   135    1176 
  u_ctrl/g30526__1666/Y  -       A1->Y F     OAI21_X1M_A9TL       1   137   135    1311 
  mmio_rdata[0]          -       -     F     (port)               -     -     0    1311 
#---------------------------------------------------------------------------------------



Path 29: MET (874 ps) Late External Delay Assertion at pin mmio_rdata[0]
          Group: reg2out
     Startpoint: (R) u_ctrl/state_reg[1]/CK
          Clock: (R) clk
       Endpoint: (R) mmio_rdata[0]
          Clock: (R) clk

                     Capture       Launch     
        Clock Edge:+    3300            0     
       Src Latency:+       0            0     
       Net Latency:+       0 (I)        0 (I) 
           Arrival:=    3300            0     
                                              
      Output Delay:-     990                  
       Uncertainty:-     125                  
     Required Time:=    2185                  
      Launch Clock:-       0                  
         Data Path:-    1311                  
             Slack:=     874                  

Exceptions/Constraints:
  output_delay             990             dut.sdc_line_17_906_1   

#---------------------------------------------------------------------------------------
#     Timing Point       Flags   Arc   Edge      Cell        Fanout Trans Delay Arrival 
#                                                                    (ps)  (ps)   (ps)  
#---------------------------------------------------------------------------------------
  u_ctrl/state_reg[1]/CK -       -     R     (arrival)         3278     0     0       0 
  u_ctrl/state_reg[1]/Q  -       CK->Q F     DFFRPQ_X4M_A9TL      6    77   294     294 
  u_ctrl/g31017/Y        -       A->Y  R     INV_X5M_A9TL         6    79    78     372 
  u_ctrl/g30976__3680/Y  -       B->Y  R     AND2_X3M_A9TL        2    79   128     500 
  u_ctrl/g30775__6161/Y  -       A->Y  R     AND3_X6M_A9TL        2    58   112     612 
  u_ctrl/g30724__6131/Y  -       B->Y  F     NOR2_X8M_A9TL        2    56    52     664 
  u_ctrl/g30616__6783/Y  -       B->Y  R     NAND2_X6M_A9TL       2    72    71     735 
  u_ctrl/g30611/Y        -       A->Y  R     BUF_X5M_A9TL         5    72   112     847 
  u_ctrl/g30601__6417/Y  -       A->Y  R     OR2_X0P5M_A9TL       2   187   178    1026 
  u_ctrl/g30563__6260/Y  -       A->Y  F     NOR2_X1M_A9TL        1   116   111    1137 
  u_ctrl/g30526__1666/Y  -       A1->Y R     OAI21_X1M_A9TL       1   203   174    1311 
  mmio_rdata[0]          -       -     R     (port)               -     -     0    1311 
#---------------------------------------------------------------------------------------



Path 30: MET (875 ps) Late External Delay Assertion at pin mmio_rdata[0]
          Group: reg2out
     Startpoint: (R) u_ctrl/state_reg[1]/CK
          Clock: (R) clk
       Endpoint: (F) mmio_rdata[0]
          Clock: (R) clk

                     Capture       Launch     
        Clock Edge:+    3300            0     
       Src Latency:+       0            0     
       Net Latency:+       0 (I)        0 (I) 
           Arrival:=    3300            0     
                                              
      Output Delay:-     990                  
       Uncertainty:-     125                  
     Required Time:=    2185                  
      Launch Clock:-       0                  
         Data Path:-    1310                  
             Slack:=     875                  

Exceptions/Constraints:
  output_delay             990             dut.sdc_line_17_906_1   

#---------------------------------------------------------------------------------------
#     Timing Point       Flags   Arc   Edge      Cell        Fanout Trans Delay Arrival 
#                                                                    (ps)  (ps)   (ps)  
#---------------------------------------------------------------------------------------
  u_ctrl/state_reg[1]/CK -       -     R     (arrival)         3278     0     0       0 
  u_ctrl/state_reg[1]/Q  -       CK->Q R     DFFRPQ_X4M_A9TL      6   102   312     312 
  u_ctrl/g31017/Y        -       A->Y  F     INV_X5M_A9TL         6    60    67     379 
  u_ctrl/g30976__3680/Y  -       B->Y  F     AND2_X3M_A9TL        2    60   127     506 
  u_ctrl/g30775__6161/Y  -       A->Y  F     AND3_X6M_A9TL        2    48   111     617 
  u_ctrl/g30724__6131/Y  -       B->Y  R     NOR2_X8M_A9TL        2    80    72     689 
  u_ctrl/g30616__6783/Y  -       B->Y  F     NAND2_X6M_A9TL       2    53    61     750 
  u_ctrl/g30611/Y        -       A->Y  F     BUF_X5M_A9TL         5    57   111     861 
  u_ctrl/g30601__6417/Y  -       A->Y  F     OR2_X0P5M_A9TL       2   142   179    1040 
  u_ctrl/g30563__6260/Y  -       A->Y  R     NOR2_X1M_A9TL        1   152   135    1175 
  u_ctrl/g30526__1666/Y  -       A1->Y F     OAI21_X1M_A9TL       1   137   135    1310 
  mmio_rdata[0]          -       -     F     (port)               -     -     0    1310 
#---------------------------------------------------------------------------------------



Path 31: MET (879 ps) Late External Delay Assertion at pin mmio_rdata[0]
          Group: reg2out
     Startpoint: (R) u_ctrl/state_reg[4]/CK
          Clock: (R) clk
       Endpoint: (R) mmio_rdata[0]
          Clock: (R) clk

                     Capture       Launch     
        Clock Edge:+    3300            0     
       Src Latency:+       0            0     
       Net Latency:+       0 (I)        0 (I) 
           Arrival:=    3300            0     
                                              
      Output Delay:-     990                  
       Uncertainty:-     125                  
     Required Time:=    2185                  
      Launch Clock:-       0                  
         Data Path:-    1306                  
             Slack:=     879                  

Exceptions/Constraints:
  output_delay             990             dut.sdc_line_17_906_1   

#---------------------------------------------------------------------------------------
#     Timing Point       Flags   Arc   Edge      Cell        Fanout Trans Delay Arrival 
#                                                                    (ps)  (ps)   (ps)  
#---------------------------------------------------------------------------------------
  u_ctrl/state_reg[4]/CK -       -     R     (arrival)         3278     0     0       0 
  u_ctrl/state_reg[4]/Q  -       CK->Q R     DFFRPQ_X4M_A9TL      7   136   331     331 
  u_ctrl/g31121/Y        -       A->Y  F     INV_X3M_A9TL         1    57    62     393 
  u_ctrl/g30977__1617/Y  -       A->Y  R     NAND2_X6M_A9TL       2    68    60     453 
  u_ctrl/g30938/Y        -       A->Y  F     INV_X3M_A9TL         2    44    51     504 
  u_ctrl/g30937/Y        -       A->Y  F     BUF_X2M_A9TL         2    70   121     625 
  u_ctrl/g30851__2398/Y  -       A->Y  R     NAND2_X1A_A9TL       5   234   158     783 
  u_ctrl/g30601__6417/Y  -       B->Y  R     OR2_X0P5M_A9TL       2   187   238    1021 
  u_ctrl/g30563__6260/Y  -       A->Y  F     NOR2_X1M_A9TL        1   116   111    1132 
  u_ctrl/g30526__1666/Y  -       A1->Y R     OAI21_X1M_A9TL       1   203   174    1306 
  mmio_rdata[0]          -       -     R     (port)               -     -     0    1306 
#---------------------------------------------------------------------------------------



Path 32: MET (879 ps) Late External Delay Assertion at pin mmio_rdata[0]
          Group: reg2out
     Startpoint: (R) u_ctrl/state_reg[2]/CK
          Clock: (R) clk
       Endpoint: (F) mmio_rdata[0]
          Clock: (R) clk

                     Capture       Launch     
        Clock Edge:+    3300            0     
       Src Latency:+       0            0     
       Net Latency:+       0 (I)        0 (I) 
           Arrival:=    3300            0     
                                              
      Output Delay:-     990                  
       Uncertainty:-     125                  
     Required Time:=    2185                  
      Launch Clock:-       0                  
         Data Path:-    1306                  
             Slack:=     879                  

Exceptions/Constraints:
  output_delay             990             dut.sdc_line_17_906_1   

#---------------------------------------------------------------------------------------
#     Timing Point       Flags   Arc   Edge      Cell        Fanout Trans Delay Arrival 
#                                                                    (ps)  (ps)   (ps)  
#---------------------------------------------------------------------------------------
  u_ctrl/state_reg[2]/CK -       -     R     (arrival)         3278     0     0       0 
  u_ctrl/state_reg[2]/Q  -       CK->Q R     DFFRPQ_X4M_A9TL      3    99   310     310 
  u_ctrl/fopt13/Y        -       A->Y  F     INV_X5M_A9TL         4    52    58     369 
  u_ctrl/g30977__1617/Y  -       B->Y  R     NAND2_X6M_A9TL       2    68    68     437 
  u_ctrl/g30938/Y        -       A->Y  F     INV_X3M_A9TL         2    44    51     487 
  u_ctrl/g30775__6161/Y  -       C->Y  F     AND3_X6M_A9TL        2    48   125     613 
  u_ctrl/g30724__6131/Y  -       B->Y  R     NOR2_X8M_A9TL        2    80    72     685 
  u_ctrl/g30616__6783/Y  -       B->Y  F     NAND2_X6M_A9TL       2    53    61     746 
  u_ctrl/g30611/Y        -       A->Y  F     BUF_X5M_A9TL         5    57   111     857 
  u_ctrl/g30601__6417/Y  -       A->Y  F     OR2_X0P5M_A9TL       2   142   179    1036 
  u_ctrl/g30563__6260/Y  -       A->Y  R     NOR2_X1M_A9TL        1   152   135    1171 
  u_ctrl/g30526__1666/Y  -       A1->Y F     OAI21_X1M_A9TL       1   137   135    1306 
  mmio_rdata[0]          -       -     F     (port)               -     -     0    1306 
#---------------------------------------------------------------------------------------



Path 33: MET (880 ps) Late External Delay Assertion at pin mmio_rdata[0]
          Group: reg2out
     Startpoint: (R) u_ctrl/state_reg[4]/CK
          Clock: (R) clk
       Endpoint: (F) mmio_rdata[0]
          Clock: (R) clk

                     Capture       Launch     
        Clock Edge:+    3300            0     
       Src Latency:+       0            0     
       Net Latency:+       0 (I)        0 (I) 
           Arrival:=    3300            0     
                                              
      Output Delay:-     990                  
       Uncertainty:-     125                  
     Required Time:=    2185                  
      Launch Clock:-       0                  
         Data Path:-    1305                  
             Slack:=     880                  

Exceptions/Constraints:
  output_delay             990             dut.sdc_line_17_906_1   

#---------------------------------------------------------------------------------------
#     Timing Point       Flags   Arc   Edge      Cell        Fanout Trans Delay Arrival 
#                                                                    (ps)  (ps)   (ps)  
#---------------------------------------------------------------------------------------
  u_ctrl/state_reg[4]/CK -       -     R     (arrival)         3278     0     0       0 
  u_ctrl/state_reg[4]/Q  -       CK->Q F     DFFRPQ_X4M_A9TL      7    97   307     307 
  u_ctrl/g30922__31113/Y -       A->Y  R     NAND2_X4M_A9TL       2    95    92     399 
  u_ctrl/g30883/Y        -       A->Y  F     INV_X5B_A9TL         3    68    71     470 
  u_ctrl/g30810__6161/Y  -       A->Y  R     NAND2_X4M_A9TL       1    68    62     532 
  u_ctrl/g30795__1617/Y  -       B->Y  F     NOR2_X4M_A9TL        2    98    73     605 
  u_ctrl/g30724__6131/Y  -       A->Y  R     NOR2_X8M_A9TL        2    80    79     684 
  u_ctrl/g30616__6783/Y  -       B->Y  F     NAND2_X6M_A9TL       2    53    61     745 
  u_ctrl/g30611/Y        -       A->Y  F     BUF_X5M_A9TL         5    57   111     856 
  u_ctrl/g30601__6417/Y  -       A->Y  F     OR2_X0P5M_A9TL       2   142   179    1035 
  u_ctrl/g30563__6260/Y  -       A->Y  R     NOR2_X1M_A9TL        1   152   135    1170 
  u_ctrl/g30526__1666/Y  -       A1->Y F     OAI21_X1M_A9TL       1   137   135    1305 
  mmio_rdata[0]          -       -     F     (port)               -     -     0    1305 
#---------------------------------------------------------------------------------------



Path 34: MET (881 ps) Late External Delay Assertion at pin mmio_rdata[0]
          Group: reg2out
     Startpoint: (R) u_ctrl/state_reg[5]/CK
          Clock: (R) clk
       Endpoint: (F) mmio_rdata[0]
          Clock: (R) clk

                     Capture       Launch     
        Clock Edge:+    3300            0     
       Src Latency:+       0            0     
       Net Latency:+       0 (I)        0 (I) 
           Arrival:=    3300            0     
                                              
      Output Delay:-     990                  
       Uncertainty:-     125                  
     Required Time:=    2185                  
      Launch Clock:-       0                  
         Data Path:-    1304                  
             Slack:=     881                  

Exceptions/Constraints:
  output_delay             990             dut.sdc_line_17_906_1   

#---------------------------------------------------------------------------------------
#     Timing Point       Flags   Arc   Edge      Cell        Fanout Trans Delay Arrival 
#                                                                    (ps)  (ps)   (ps)  
#---------------------------------------------------------------------------------------
  u_ctrl/state_reg[5]/CK -       -     R     (arrival)         3278     0     0       0 
  u_ctrl/state_reg[5]/Q  -       CK->Q F     DFFRPQ_X4M_A9TL      3    74   292     292 
  u_ctrl/fopt17/Y        -       A->Y  R     INV_X7P5M_A9TL      16   130   105     397 
  u_ctrl/g30953__8246/Y  -       A->Y  F     NOR2_X3A_A9TL        2    81    84     482 
  u_ctrl/g30775__6161/Y  -       B->Y  F     AND3_X6M_A9TL        2    48   130     611 
  u_ctrl/g30724__6131/Y  -       B->Y  R     NOR2_X8M_A9TL        2    80    72     683 
  u_ctrl/g30616__6783/Y  -       B->Y  F     NAND2_X6M_A9TL       2    53    61     744 
  u_ctrl/g30611/Y        -       A->Y  F     BUF_X5M_A9TL         5    57   111     856 
  u_ctrl/g30601__6417/Y  -       A->Y  F     OR2_X0P5M_A9TL       2   142   179    1034 
  u_ctrl/g30563__6260/Y  -       A->Y  R     NOR2_X1M_A9TL        1   152   135    1169 
  u_ctrl/g30526__1666/Y  -       A1->Y F     OAI21_X1M_A9TL       1   137   135    1304 
  mmio_rdata[0]          -       -     F     (port)               -     -     0    1304 
#---------------------------------------------------------------------------------------



Path 35: MET (885 ps) Late External Delay Assertion at pin mmio_rdata[0]
          Group: reg2out
     Startpoint: (R) u_ctrl/state_reg[4]/CK
          Clock: (R) clk
       Endpoint: (R) mmio_rdata[0]
          Clock: (R) clk

                     Capture       Launch     
        Clock Edge:+    3300            0     
       Src Latency:+       0            0     
       Net Latency:+       0 (I)        0 (I) 
           Arrival:=    3300            0     
                                              
      Output Delay:-     990                  
       Uncertainty:-     125                  
     Required Time:=    2185                  
      Launch Clock:-       0                  
         Data Path:-    1300                  
             Slack:=     885                  

Exceptions/Constraints:
  output_delay             990             dut.sdc_line_17_906_1   

#---------------------------------------------------------------------------------------
#     Timing Point       Flags   Arc   Edge      Cell        Fanout Trans Delay Arrival 
#                                                                    (ps)  (ps)   (ps)  
#---------------------------------------------------------------------------------------
  u_ctrl/state_reg[4]/CK -       -     R     (arrival)         3278     0     0       0 
  u_ctrl/state_reg[4]/Q  -       CK->Q F     DFFRPQ_X4M_A9TL      7    97   307     307 
  u_ctrl/g31121/Y        -       A->Y  R     INV_X3M_A9TL         1    64    68     375 
  u_ctrl/g30977__1617/Y  -       A->Y  F     NAND2_X6M_A9TL       2    46    48     424 
  u_ctrl/g30938/Y        -       A->Y  R     INV_X3M_A9TL         2    63    57     481 
  u_ctrl/g30775__6161/Y  -       C->Y  R     AND3_X6M_A9TL        2    58   120     601 
  u_ctrl/g30724__6131/Y  -       B->Y  F     NOR2_X8M_A9TL        2    56    52     652 
  u_ctrl/g30616__6783/Y  -       B->Y  R     NAND2_X6M_A9TL       2    72    71     724 
  u_ctrl/g30611/Y        -       A->Y  R     BUF_X5M_A9TL         5    72   112     836 
  u_ctrl/g30601__6417/Y  -       A->Y  R     OR2_X0P5M_A9TL       2   187   178    1014 
  u_ctrl/g30563__6260/Y  -       A->Y  F     NOR2_X1M_A9TL        1   116   111    1126 
  u_ctrl/g30526__1666/Y  -       A1->Y R     OAI21_X1M_A9TL       1   203   174    1300 
  mmio_rdata[0]          -       -     R     (port)               -     -     0    1300 
#---------------------------------------------------------------------------------------



Path 36: MET (886 ps) Late External Delay Assertion at pin mmio_rdata[0]
          Group: reg2out
     Startpoint: (R) u_ctrl/state_reg[0]/CK
          Clock: (R) clk
       Endpoint: (F) mmio_rdata[0]
          Clock: (R) clk

                     Capture       Launch     
        Clock Edge:+    3300            0     
       Src Latency:+       0            0     
       Net Latency:+       0 (I)        0 (I) 
           Arrival:=    3300            0     
                                              
      Output Delay:-     990                  
       Uncertainty:-     125                  
     Required Time:=    2185                  
      Launch Clock:-       0                  
         Data Path:-    1299                  
             Slack:=     886                  

Exceptions/Constraints:
  output_delay             990             dut.sdc_line_17_906_1   

#---------------------------------------------------------------------------------------
#     Timing Point       Flags   Arc   Edge      Cell        Fanout Trans Delay Arrival 
#                                                                    (ps)  (ps)   (ps)  
#---------------------------------------------------------------------------------------
  u_ctrl/state_reg[0]/CK -       -     R     (arrival)         3278     0     0       0 
  u_ctrl/state_reg[0]/Q  -       CK->Q F     DFFRPQ_X4M_A9TL      7    86   300     300 
  u_ctrl/g30978__2802/Y  -       A->Y  F     AND2_X3M_A9TL        5    86   145     445 
  u_ctrl/g30837__7482/Y  -       A->Y  R     NAND2_X6M_A9TL       4   113    94     539 
  u_ctrl/g30693__4733/Y  -       A->Y  F     NOR2_X6M_A9TL        1    58    66     606 
  u_ctrl/g30632__6161/Y  -       B->Y  R     NOR2_X8A_A9TL        2    78    80     685 
  u_ctrl/g30616__6783/Y  -       A->Y  F     NAND2_X6M_A9TL       2    53    54     739 
  u_ctrl/g30611/Y        -       A->Y  F     BUF_X5M_A9TL         5    57   111     851 
  u_ctrl/g30601__6417/Y  -       A->Y  F     OR2_X0P5M_A9TL       2   142   179    1030 
  u_ctrl/g30563__6260/Y  -       A->Y  R     NOR2_X1M_A9TL        1   152   135    1164 
  u_ctrl/g30526__1666/Y  -       A1->Y F     OAI21_X1M_A9TL       1   137   135    1299 
  mmio_rdata[0]          -       -     F     (port)               -     -     0    1299 
#---------------------------------------------------------------------------------------



Path 37: MET (886 ps) Late External Delay Assertion at pin mmio_rdata[0]
          Group: reg2out
     Startpoint: (R) u_ctrl/state_reg[3]/CK
          Clock: (R) clk
       Endpoint: (F) mmio_rdata[0]
          Clock: (R) clk

                     Capture       Launch     
        Clock Edge:+    3300            0     
       Src Latency:+       0            0     
       Net Latency:+       0 (I)        0 (I) 
           Arrival:=    3300            0     
                                              
      Output Delay:-     990                  
       Uncertainty:-     125                  
     Required Time:=    2185                  
      Launch Clock:-       0                  
         Data Path:-    1299                  
             Slack:=     886                  

Exceptions/Constraints:
  output_delay             990             dut.sdc_line_17_906_1   

#---------------------------------------------------------------------------------------
#     Timing Point       Flags   Arc   Edge      Cell        Fanout Trans Delay Arrival 
#                                                                    (ps)  (ps)   (ps)  
#---------------------------------------------------------------------------------------
  u_ctrl/state_reg[3]/CK -       -     R     (arrival)         3278     0     0       0 
  u_ctrl/state_reg[3]/Q  -       CK->Q R     DFFRPQ_X4M_A9TL      2    61   283     283 
  u_ctrl/g20490/Y        -       A->Y  F     INV_X4M_A9TL         2    50    55     338 
  u_ctrl/g31043/Y        -       A->Y  R     INV_X7P5M_A9TL       8    73    66     403 
  u_ctrl/g30953__8246/Y  -       B->Y  F     NOR2_X3A_A9TL        2    81    73     476 
  u_ctrl/g30775__6161/Y  -       B->Y  F     AND3_X6M_A9TL        2    48   130     606 
  u_ctrl/g30724__6131/Y  -       B->Y  R     NOR2_X8M_A9TL        2    80    72     678 
  u_ctrl/g30616__6783/Y  -       B->Y  F     NAND2_X6M_A9TL       2    53    61     739 
  u_ctrl/g30611/Y        -       A->Y  F     BUF_X5M_A9TL         5    57   111     850 
  u_ctrl/g30601__6417/Y  -       A->Y  F     OR2_X0P5M_A9TL       2   142   179    1029 
  u_ctrl/g30563__6260/Y  -       A->Y  R     NOR2_X1M_A9TL        1   152   135    1164 
  u_ctrl/g30526__1666/Y  -       A1->Y F     OAI21_X1M_A9TL       1   137   135    1299 
  mmio_rdata[0]          -       -     F     (port)               -     -     0    1299 
#---------------------------------------------------------------------------------------



Path 38: MET (887 ps) Late External Delay Assertion at pin mmio_rdata[1]
          Group: reg2out
     Startpoint: (R) u_ctrl/state_reg[5]/CK
          Clock: (R) clk
       Endpoint: (F) mmio_rdata[1]
          Clock: (R) clk

                     Capture       Launch     
        Clock Edge:+    3300            0     
       Src Latency:+       0            0     
       Net Latency:+       0 (I)        0 (I) 
           Arrival:=    3300            0     
                                              
      Output Delay:-     990                  
       Uncertainty:-     125                  
     Required Time:=    2185                  
      Launch Clock:-       0                  
         Data Path:-    1298                  
             Slack:=     887                  

Exceptions/Constraints:
  output_delay             990             dut.sdc_line_17_905_1   

#------------------------------------------------------------------------------------------
#     Timing Point       Flags   Arc   Edge        Cell         Fanout Trans Delay Arrival 
#                                                                       (ps)  (ps)   (ps)  
#------------------------------------------------------------------------------------------
  u_ctrl/state_reg[5]/CK -       -     R     (arrival)            3278     0     0       0 
  u_ctrl/state_reg[5]/Q  -       CK->Q F     DFFRPQ_X4M_A9TL         3    74   292     292 
  u_ctrl/fopt17/Y        -       A->Y  R     INV_X7P5M_A9TL         16   130   105     397 
  u_ctrl/g30953__8246/Y  -       A->Y  F     NOR2_X3A_A9TL           2    81    84     482 
  u_ctrl/g30924/Y        -       A->Y  R     INV_X1M_A9TL            3   174   131     612 
  u_ctrl/g30870__4733/Y  -       B->Y  F     NOR2_X3A_A9TL           2    90   102     714 
  u_ctrl/g30840/Y        -       A->Y  R     INV_X0P8M_A9TL          1    78    80     794 
  u_ctrl/g30692__7482/Y  -       B->Y  F     NOR3_X1M_A9TL           1   124    98     892 
  u_ctrl/g30637__31129/Y -       B0->Y R     AOI21_X0P7M_A9TR        1   235   201    1093 
  u_ctrl/g30618__1617/Y  -       B0->Y F     OAI2XB1_X0P5M_A9TL      1   213   205    1298 
  mmio_rdata[1]          -       -     F     (port)                  -     -     0    1298 
#------------------------------------------------------------------------------------------



Path 39: MET (887 ps) Late External Delay Assertion at pin mmio_rdata[0]
          Group: reg2out
     Startpoint: (R) u_ctrl/state_reg[4]/CK
          Clock: (R) clk
       Endpoint: (F) mmio_rdata[0]
          Clock: (R) clk

                     Capture       Launch     
        Clock Edge:+    3300            0     
       Src Latency:+       0            0     
       Net Latency:+       0 (I)        0 (I) 
           Arrival:=    3300            0     
                                              
      Output Delay:-     990                  
       Uncertainty:-     125                  
     Required Time:=    2185                  
      Launch Clock:-       0                  
         Data Path:-    1298                  
             Slack:=     887                  

Exceptions/Constraints:
  output_delay             990             dut.sdc_line_17_906_1   

#---------------------------------------------------------------------------------------
#     Timing Point       Flags   Arc   Edge      Cell        Fanout Trans Delay Arrival 
#                                                                    (ps)  (ps)   (ps)  
#---------------------------------------------------------------------------------------
  u_ctrl/state_reg[4]/CK -       -     R     (arrival)         3278     0     0       0 
  u_ctrl/state_reg[4]/Q  -       CK->Q F     DFFRPQ_X4M_A9TL      7    97   307     307 
  u_ctrl/g31121/Y        -       A->Y  R     INV_X3M_A9TL         1    64    68     375 
  u_ctrl/g30977__1617/Y  -       A->Y  F     NAND2_X6M_A9TL       2    46    48     424 
  u_ctrl/g30791__8428/Y  -       D->Y  R     NAND4_X4A_A9TL       1   141   112     536 
  u_ctrl/g30747__4319/Y  -       B->Y  F     NAND2_X6M_A9TL       2    61    76     611 
  u_ctrl/g30632__6161/Y  -       A->Y  R     NOR2_X8A_A9TL        2    78    73     684 
  u_ctrl/g30616__6783/Y  -       A->Y  F     NAND2_X6M_A9TL       2    53    54     738 
  u_ctrl/g30611/Y        -       A->Y  F     BUF_X5M_A9TL         5    57   111     849 
  u_ctrl/g30601__6417/Y  -       A->Y  F     OR2_X0P5M_A9TL       2   142   179    1028 
  u_ctrl/g30563__6260/Y  -       A->Y  R     NOR2_X1M_A9TL        1   152   135    1163 
  u_ctrl/g30526__1666/Y  -       A1->Y F     OAI21_X1M_A9TL       1   137   135    1298 
  mmio_rdata[0]          -       -     F     (port)               -     -     0    1298 
#---------------------------------------------------------------------------------------



Path 40: MET (887 ps) Late External Delay Assertion at pin mmio_rdata[0]
          Group: reg2out
     Startpoint: (R) u_ctrl/state_reg[1]/CK
          Clock: (R) clk
       Endpoint: (F) mmio_rdata[0]
          Clock: (R) clk

                     Capture       Launch     
        Clock Edge:+    3300            0     
       Src Latency:+       0            0     
       Net Latency:+       0 (I)        0 (I) 
           Arrival:=    3300            0     
                                              
      Output Delay:-     990                  
       Uncertainty:-     125                  
     Required Time:=    2185                  
      Launch Clock:-       0                  
         Data Path:-    1298                  
             Slack:=     887                  

Exceptions/Constraints:
  output_delay             990             dut.sdc_line_17_906_1   

#---------------------------------------------------------------------------------------
#     Timing Point       Flags   Arc   Edge      Cell        Fanout Trans Delay Arrival 
#                                                                    (ps)  (ps)   (ps)  
#---------------------------------------------------------------------------------------
  u_ctrl/state_reg[1]/CK -       -     R     (arrival)         3278     0     0       0 
  u_ctrl/state_reg[1]/Q  -       CK->Q F     DFFRPQ_X4M_A9TL      6    77   294     294 
  u_ctrl/g30978__2802/Y  -       B->Y  F     AND2_X3M_A9TL        5    86   149     443 
  u_ctrl/g30837__7482/Y  -       A->Y  R     NAND2_X6M_A9TL       4   113    94     538 
  u_ctrl/g30693__4733/Y  -       A->Y  F     NOR2_X6M_A9TL        1    58    66     604 
  u_ctrl/g30632__6161/Y  -       B->Y  R     NOR2_X8A_A9TL        2    78    80     684 
  u_ctrl/g30616__6783/Y  -       A->Y  F     NAND2_X6M_A9TL       2    53    54     738 
  u_ctrl/g30611/Y        -       A->Y  F     BUF_X5M_A9TL         5    57   111     849 
  u_ctrl/g30601__6417/Y  -       A->Y  F     OR2_X0P5M_A9TL       2   142   179    1028 
  u_ctrl/g30563__6260/Y  -       A->Y  R     NOR2_X1M_A9TL        1   152   135    1163 
  u_ctrl/g30526__1666/Y  -       A1->Y F     OAI21_X1M_A9TL       1   137   135    1298 
  mmio_rdata[0]          -       -     F     (port)               -     -     0    1298 
#---------------------------------------------------------------------------------------



Path 41: MET (888 ps) Late External Delay Assertion at pin mmio_rdata[0]
          Group: reg2out
     Startpoint: (R) u_ctrl/state_reg[0]/CK
          Clock: (R) clk
       Endpoint: (F) mmio_rdata[0]
          Clock: (R) clk

                     Capture       Launch     
        Clock Edge:+    3300            0     
       Src Latency:+       0            0     
       Net Latency:+       0 (I)        0 (I) 
           Arrival:=    3300            0     
                                              
      Output Delay:-     990                  
       Uncertainty:-     125                  
     Required Time:=    2185                  
      Launch Clock:-       0                  
         Data Path:-    1297                  
             Slack:=     888                  

Exceptions/Constraints:
  output_delay             990             dut.sdc_line_17_906_1   

#---------------------------------------------------------------------------------------
#     Timing Point       Flags   Arc   Edge      Cell        Fanout Trans Delay Arrival 
#                                                                    (ps)  (ps)   (ps)  
#---------------------------------------------------------------------------------------
  u_ctrl/state_reg[0]/CK -       -     R     (arrival)         3278     0     0       0 
  u_ctrl/state_reg[0]/Q  -       CK->Q R     DFFRPQ_X4M_A9TL      7   118   321     321 
  u_ctrl/g30887__2883/Y  -       A->Y  F     NOR2_X3B_A9TL        1    87    90     411 
  u_ctrl/g30791__8428/Y  -       C->Y  R     NAND4_X4A_A9TL       1   141   123     534 
  u_ctrl/g30747__4319/Y  -       B->Y  F     NAND2_X6M_A9TL       2    61    76     610 
  u_ctrl/g30632__6161/Y  -       A->Y  R     NOR2_X8A_A9TL        2    78    73     683 
  u_ctrl/g30616__6783/Y  -       A->Y  F     NAND2_X6M_A9TL       2    53    54     737 
  u_ctrl/g30611/Y        -       A->Y  F     BUF_X5M_A9TL         5    57   111     848 
  u_ctrl/g30601__6417/Y  -       A->Y  F     OR2_X0P5M_A9TL       2   142   179    1027 
  u_ctrl/g30563__6260/Y  -       A->Y  R     NOR2_X1M_A9TL        1   152   135    1162 
  u_ctrl/g30526__1666/Y  -       A1->Y F     OAI21_X1M_A9TL       1   137   135    1297 
  mmio_rdata[0]          -       -     F     (port)               -     -     0    1297 
#---------------------------------------------------------------------------------------



Path 42: MET (889 ps) Late External Delay Assertion at pin mmio_rdata[0]
          Group: reg2out
     Startpoint: (R) u_ctrl/state_reg[0]/CK
          Clock: (R) clk
       Endpoint: (F) mmio_rdata[0]
          Clock: (R) clk

                     Capture       Launch     
        Clock Edge:+    3300            0     
       Src Latency:+       0            0     
       Net Latency:+       0 (I)        0 (I) 
           Arrival:=    3300            0     
                                              
      Output Delay:-     990                  
       Uncertainty:-     125                  
     Required Time:=    2185                  
      Launch Clock:-       0                  
         Data Path:-    1296                  
             Slack:=     889                  

Exceptions/Constraints:
  output_delay             990             dut.sdc_line_17_906_1   

#---------------------------------------------------------------------------------------
#     Timing Point       Flags   Arc   Edge      Cell        Fanout Trans Delay Arrival 
#                                                                    (ps)  (ps)   (ps)  
#---------------------------------------------------------------------------------------
  u_ctrl/state_reg[0]/CK -       -     R     (arrival)         3278     0     0       0 
  u_ctrl/state_reg[0]/Q  -       CK->Q R     DFFRPQ_X4M_A9TL      7   118   321     321 
  u_ctrl/g30985/Y        -       A->Y  F     INV_X3M_A9TL         2    51    56     377 
  u_ctrl/g30976__3680/Y  -       A->Y  F     AND2_X3M_A9TL        2    60   115     492 
  u_ctrl/g30775__6161/Y  -       A->Y  F     AND3_X6M_A9TL        2    48   111     603 
  u_ctrl/g30724__6131/Y  -       B->Y  R     NOR2_X8M_A9TL        2    80    72     675 
  u_ctrl/g30616__6783/Y  -       B->Y  F     NAND2_X6M_A9TL       2    53    61     736 
  u_ctrl/g30611/Y        -       A->Y  F     BUF_X5M_A9TL         5    57   111     848 
  u_ctrl/g30601__6417/Y  -       A->Y  F     OR2_X0P5M_A9TL       2   142   179    1027 
  u_ctrl/g30563__6260/Y  -       A->Y  R     NOR2_X1M_A9TL        1   152   135    1161 
  u_ctrl/g30526__1666/Y  -       A1->Y F     OAI21_X1M_A9TL       1   137   135    1296 
  mmio_rdata[0]          -       -     F     (port)               -     -     0    1296 
#---------------------------------------------------------------------------------------



Path 43: MET (890 ps) Late External Delay Assertion at pin mmio_rdata[0]
          Group: reg2out
     Startpoint: (R) u_ctrl/state_reg[2]/CK
          Clock: (R) clk
       Endpoint: (R) mmio_rdata[0]
          Clock: (R) clk

                     Capture       Launch     
        Clock Edge:+    3300            0     
       Src Latency:+       0            0     
       Net Latency:+       0 (I)        0 (I) 
           Arrival:=    3300            0     
                                              
      Output Delay:-     990                  
       Uncertainty:-     125                  
     Required Time:=    2185                  
      Launch Clock:-       0                  
         Data Path:-    1295                  
             Slack:=     890                  

Exceptions/Constraints:
  output_delay             990             dut.sdc_line_17_906_1   

#---------------------------------------------------------------------------------------
#     Timing Point       Flags   Arc   Edge      Cell        Fanout Trans Delay Arrival 
#                                                                    (ps)  (ps)   (ps)  
#---------------------------------------------------------------------------------------
  u_ctrl/state_reg[2]/CK -       -     R     (arrival)         3278     0     0       0 
  u_ctrl/state_reg[2]/Q  -       CK->Q F     DFFRPQ_X4M_A9TL      3    74   292     292 
  u_ctrl/fopt13/Y        -       A->Y  R     INV_X5M_A9TL         4    68    70     362 
  u_ctrl/g30977__1617/Y  -       B->Y  F     NAND2_X6M_A9TL       2    46    56     419 
  u_ctrl/g30938/Y        -       A->Y  R     INV_X3M_A9TL         2    63    57     476 
  u_ctrl/g30775__6161/Y  -       C->Y  R     AND3_X6M_A9TL        2    58   120     596 
  u_ctrl/g30724__6131/Y  -       B->Y  F     NOR2_X8M_A9TL        2    56    52     648 
  u_ctrl/g30616__6783/Y  -       B->Y  R     NAND2_X6M_A9TL       2    72    71     719 
  u_ctrl/g30611/Y        -       A->Y  R     BUF_X5M_A9TL         5    72   112     831 
  u_ctrl/g30601__6417/Y  -       A->Y  R     OR2_X0P5M_A9TL       2   187   178    1010 
  u_ctrl/g30563__6260/Y  -       A->Y  F     NOR2_X1M_A9TL        1   116   111    1121 
  u_ctrl/g30526__1666/Y  -       A1->Y R     OAI21_X1M_A9TL       1   203   174    1295 
  mmio_rdata[0]          -       -     R     (port)               -     -     0    1295 
#---------------------------------------------------------------------------------------



Path 44: MET (892 ps) Late External Delay Assertion at pin mmio_rdata[0]
          Group: reg2out
     Startpoint: (R) u_ctrl/state_reg[2]/CK
          Clock: (R) clk
       Endpoint: (F) mmio_rdata[0]
          Clock: (R) clk

                     Capture       Launch     
        Clock Edge:+    3300            0     
       Src Latency:+       0            0     
       Net Latency:+       0 (I)        0 (I) 
           Arrival:=    3300            0     
                                              
      Output Delay:-     990                  
       Uncertainty:-     125                  
     Required Time:=    2185                  
      Launch Clock:-       0                  
         Data Path:-    1293                  
             Slack:=     892                  

Exceptions/Constraints:
  output_delay             990             dut.sdc_line_17_906_1   

#---------------------------------------------------------------------------------------
#     Timing Point       Flags   Arc   Edge      Cell        Fanout Trans Delay Arrival 
#                                                                    (ps)  (ps)   (ps)  
#---------------------------------------------------------------------------------------
  u_ctrl/state_reg[2]/CK -       -     R     (arrival)         3278     0     0       0 
  u_ctrl/state_reg[2]/Q  -       CK->Q F     DFFRPQ_X4M_A9TL      3    74   292     292 
  u_ctrl/fopt13/Y        -       A->Y  R     INV_X5M_A9TL         4    68    70     362 
  u_ctrl/g30977__1617/Y  -       B->Y  F     NAND2_X6M_A9TL       2    46    56     419 
  u_ctrl/g30791__8428/Y  -       D->Y  R     NAND4_X4A_A9TL       1   141   112     531 
  u_ctrl/g30747__4319/Y  -       B->Y  F     NAND2_X6M_A9TL       2    61    76     606 
  u_ctrl/g30632__6161/Y  -       A->Y  R     NOR2_X8A_A9TL        2    78    73     679 
  u_ctrl/g30616__6783/Y  -       A->Y  F     NAND2_X6M_A9TL       2    53    54     733 
  u_ctrl/g30611/Y        -       A->Y  F     BUF_X5M_A9TL         5    57   111     844 
  u_ctrl/g30601__6417/Y  -       A->Y  F     OR2_X0P5M_A9TL       2   142   179    1023 
  u_ctrl/g30563__6260/Y  -       A->Y  R     NOR2_X1M_A9TL        1   152   135    1158 
  u_ctrl/g30526__1666/Y  -       A1->Y F     OAI21_X1M_A9TL       1   137   135    1293 
  mmio_rdata[0]          -       -     F     (port)               -     -     0    1293 
#---------------------------------------------------------------------------------------



Path 45: MET (892 ps) Late External Delay Assertion at pin mmio_rdata[1]
          Group: reg2out
     Startpoint: (R) u_ctrl/state_reg[3]/CK
          Clock: (R) clk
       Endpoint: (F) mmio_rdata[1]
          Clock: (R) clk

                     Capture       Launch     
        Clock Edge:+    3300            0     
       Src Latency:+       0            0     
       Net Latency:+       0 (I)        0 (I) 
           Arrival:=    3300            0     
                                              
      Output Delay:-     990                  
       Uncertainty:-     125                  
     Required Time:=    2185                  
      Launch Clock:-       0                  
         Data Path:-    1293                  
             Slack:=     892                  

Exceptions/Constraints:
  output_delay             990             dut.sdc_line_17_905_1   

#------------------------------------------------------------------------------------------
#     Timing Point       Flags   Arc   Edge        Cell         Fanout Trans Delay Arrival 
#                                                                       (ps)  (ps)   (ps)  
#------------------------------------------------------------------------------------------
  u_ctrl/state_reg[3]/CK -       -     R     (arrival)            3278     0     0       0 
  u_ctrl/state_reg[3]/Q  -       CK->Q R     DFFRPQ_X4M_A9TL         2    61   283     283 
  u_ctrl/g20490/Y        -       A->Y  F     INV_X4M_A9TL            2    50    55     338 
  u_ctrl/g31043/Y        -       A->Y  R     INV_X7P5M_A9TL          8    73    66     403 
  u_ctrl/g30953__8246/Y  -       B->Y  F     NOR2_X3A_A9TL           2    81    73     476 
  u_ctrl/g30924/Y        -       A->Y  R     INV_X1M_A9TL            3   174   131     607 
  u_ctrl/g30870__4733/Y  -       B->Y  F     NOR2_X3A_A9TL           2    90   102     709 
  u_ctrl/g30840/Y        -       A->Y  R     INV_X0P8M_A9TL          1    78    80     789 
  u_ctrl/g30692__7482/Y  -       B->Y  F     NOR3_X1M_A9TL           1   124    98     887 
  u_ctrl/g30637__31129/Y -       B0->Y R     AOI21_X0P7M_A9TR        1   235   201    1088 
  u_ctrl/g30618__1617/Y  -       B0->Y F     OAI2XB1_X0P5M_A9TL      1   213   205    1293 
  mmio_rdata[1]          -       -     F     (port)                  -     -     0    1293 
#------------------------------------------------------------------------------------------



Path 46: MET (892 ps) Late External Delay Assertion at pin mmio_rdata[0]
          Group: reg2out
     Startpoint: (R) u_ctrl/state_reg[0]/CK
          Clock: (R) clk
       Endpoint: (R) mmio_rdata[0]
          Clock: (R) clk

                     Capture       Launch     
        Clock Edge:+    3300            0     
       Src Latency:+       0            0     
       Net Latency:+       0 (I)        0 (I) 
           Arrival:=    3300            0     
                                              
      Output Delay:-     990                  
       Uncertainty:-     125                  
     Required Time:=    2185                  
      Launch Clock:-       0                  
         Data Path:-    1293                  
             Slack:=     892                  

Exceptions/Constraints:
  output_delay             990             dut.sdc_line_17_906_1   

#---------------------------------------------------------------------------------------
#     Timing Point       Flags   Arc   Edge      Cell        Fanout Trans Delay Arrival 
#                                                                    (ps)  (ps)   (ps)  
#---------------------------------------------------------------------------------------
  u_ctrl/state_reg[0]/CK -       -     R     (arrival)         3278     0     0       0 
  u_ctrl/state_reg[0]/Q  -       CK->Q F     DFFRPQ_X4M_A9TL      7    86   300     300 
  u_ctrl/g30985/Y        -       A->Y  R     INV_X3M_A9TL         2    59    63     363 
  u_ctrl/g30976__3680/Y  -       A->Y  R     AND2_X3M_A9TL        2    79   119     482 
  u_ctrl/g30775__6161/Y  -       A->Y  R     AND3_X6M_A9TL        2    58   112     594 
  u_ctrl/g30724__6131/Y  -       B->Y  F     NOR2_X8M_A9TL        2    56    52     646 
  u_ctrl/g30616__6783/Y  -       B->Y  R     NAND2_X6M_A9TL       2    72    71     717 
  u_ctrl/g30611/Y        -       A->Y  R     BUF_X5M_A9TL         5    72   112     829 
  u_ctrl/g30601__6417/Y  -       A->Y  R     OR2_X0P5M_A9TL       2   187   178    1008 
  u_ctrl/g30563__6260/Y  -       A->Y  F     NOR2_X1M_A9TL        1   116   111    1119 
  u_ctrl/g30526__1666/Y  -       A1->Y R     OAI21_X1M_A9TL       1   203   174    1293 
  mmio_rdata[0]          -       -     R     (port)               -     -     0    1293 
#---------------------------------------------------------------------------------------



Path 47: MET (892 ps) Late External Delay Assertion at pin mmio_rdata[0]
          Group: reg2out
     Startpoint: (R) u_ctrl/state_reg[1]/CK
          Clock: (R) clk
       Endpoint: (R) mmio_rdata[0]
          Clock: (R) clk

                     Capture       Launch     
        Clock Edge:+    3300            0     
       Src Latency:+       0            0     
       Net Latency:+       0 (I)        0 (I) 
           Arrival:=    3300            0     
                                              
      Output Delay:-     990                  
       Uncertainty:-     125                  
     Required Time:=    2185                  
      Launch Clock:-       0                  
         Data Path:-    1292                  
             Slack:=     892                  

Exceptions/Constraints:
  output_delay             990             dut.sdc_line_17_906_1   

#---------------------------------------------------------------------------------------
#     Timing Point       Flags   Arc   Edge      Cell        Fanout Trans Delay Arrival 
#                                                                    (ps)  (ps)   (ps)  
#---------------------------------------------------------------------------------------
  u_ctrl/state_reg[1]/CK -       -     R     (arrival)         3278     0     0       0 
  u_ctrl/state_reg[1]/Q  -       CK->Q R     DFFRPQ_X4M_A9TL      6   102   312     312 
  u_ctrl/g31017/Y        -       A->Y  F     INV_X5M_A9TL         6    60    67     379 
  u_ctrl/g31076__2346/Y  -       A->Y  F     XOR2_X3M_A9TL        2   101    88     467 
  u_ctrl/g30795__1617/Y  -       A->Y  R     NOR2_X4M_A9TL        2   135   114     581 
  u_ctrl/g30724__6131/Y  -       A->Y  F     NOR2_X8M_A9TL        2    56    64     645 
  u_ctrl/g30616__6783/Y  -       B->Y  R     NAND2_X6M_A9TL       2    72    71     716 
  u_ctrl/g30611/Y        -       A->Y  R     BUF_X5M_A9TL         5    72   112     829 
  u_ctrl/g30601__6417/Y  -       A->Y  R     OR2_X0P5M_A9TL       2   187   178    1007 
  u_ctrl/g30563__6260/Y  -       A->Y  F     NOR2_X1M_A9TL        1   116   111    1118 
  u_ctrl/g30526__1666/Y  -       A1->Y R     OAI21_X1M_A9TL       1   203   174    1292 
  mmio_rdata[0]          -       -     R     (port)               -     -     0    1292 
#---------------------------------------------------------------------------------------



Path 48: MET (895 ps) Late External Delay Assertion at pin mmio_rdata[0]
          Group: reg2out
     Startpoint: (R) u_ctrl/state_reg[2]/CK
          Clock: (R) clk
       Endpoint: (R) mmio_rdata[0]
          Clock: (R) clk

                     Capture       Launch     
        Clock Edge:+    3300            0     
       Src Latency:+       0            0     
       Net Latency:+       0 (I)        0 (I) 
           Arrival:=    3300            0     
                                              
      Output Delay:-     990                  
       Uncertainty:-     125                  
     Required Time:=    2185                  
      Launch Clock:-       0                  
         Data Path:-    1290                  
             Slack:=     895                  

Exceptions/Constraints:
  output_delay             990             dut.sdc_line_17_906_1   

#---------------------------------------------------------------------------------------
#     Timing Point       Flags   Arc   Edge      Cell        Fanout Trans Delay Arrival 
#                                                                    (ps)  (ps)   (ps)  
#---------------------------------------------------------------------------------------
  u_ctrl/state_reg[2]/CK -       -     R     (arrival)         3278     0     0       0 
  u_ctrl/state_reg[2]/Q  -       CK->Q R     DFFRPQ_X4M_A9TL      3    99   310     310 
  u_ctrl/fopt13/Y        -       A->Y  F     INV_X5M_A9TL         4    52    58     369 
  u_ctrl/g30977__1617/Y  -       B->Y  R     NAND2_X6M_A9TL       2    68    68     437 
  u_ctrl/g30938/Y        -       A->Y  F     INV_X3M_A9TL         2    44    51     487 
  u_ctrl/g30937/Y        -       A->Y  F     BUF_X2M_A9TL         2    70   121     608 
  u_ctrl/g30851__2398/Y  -       A->Y  R     NAND2_X1A_A9TL       5   234   158     767 
  u_ctrl/g30601__6417/Y  -       B->Y  R     OR2_X0P5M_A9TL       2   187   238    1004 
  u_ctrl/g30563__6260/Y  -       A->Y  F     NOR2_X1M_A9TL        1   116   111    1116 
  u_ctrl/g30526__1666/Y  -       A1->Y R     OAI21_X1M_A9TL       1   203   174    1290 
  mmio_rdata[0]          -       -     R     (port)               -     -     0    1290 
#---------------------------------------------------------------------------------------



Path 49: MET (896 ps) Late External Delay Assertion at pin mmio_rdata[0]
          Group: reg2out
     Startpoint: (R) u_ctrl/state_reg[2]/CK
          Clock: (R) clk
       Endpoint: (F) mmio_rdata[0]
          Clock: (R) clk

                     Capture       Launch     
        Clock Edge:+    3300            0     
       Src Latency:+       0            0     
       Net Latency:+       0 (I)        0 (I) 
           Arrival:=    3300            0     
                                              
      Output Delay:-     990                  
       Uncertainty:-     125                  
     Required Time:=    2185                  
      Launch Clock:-       0                  
         Data Path:-    1289                  
             Slack:=     896                  

Exceptions/Constraints:
  output_delay             990             dut.sdc_line_17_906_1   

#---------------------------------------------------------------------------------------
#     Timing Point       Flags   Arc   Edge      Cell        Fanout Trans Delay Arrival 
#                                                                    (ps)  (ps)   (ps)  
#---------------------------------------------------------------------------------------
  u_ctrl/state_reg[2]/CK -       -     R     (arrival)         3278     0     0       0 
  u_ctrl/state_reg[2]/Q  -       CK->Q F     DFFRPQ_X4M_A9TL      3    74   292     292 
  u_ctrl/g30922__31113/Y -       B->Y  R     NAND2_X4M_A9TL       2    95    90     382 
  u_ctrl/g30883/Y        -       A->Y  F     INV_X5B_A9TL         3    68    71     453 
  u_ctrl/g30810__6161/Y  -       A->Y  R     NAND2_X4M_A9TL       1    68    62     515 
  u_ctrl/g30795__1617/Y  -       B->Y  F     NOR2_X4M_A9TL        2    98    73     588 
  u_ctrl/g30724__6131/Y  -       A->Y  R     NOR2_X8M_A9TL        2    80    79     668 
  u_ctrl/g30616__6783/Y  -       B->Y  F     NAND2_X6M_A9TL       2    53    61     729 
  u_ctrl/g30611/Y        -       A->Y  F     BUF_X5M_A9TL         5    57   111     840 
  u_ctrl/g30601__6417/Y  -       A->Y  F     OR2_X0P5M_A9TL       2   142   179    1019 
  u_ctrl/g30563__6260/Y  -       A->Y  R     NOR2_X1M_A9TL        1   152   135    1154 
  u_ctrl/g30526__1666/Y  -       A1->Y F     OAI21_X1M_A9TL       1   137   135    1289 
  mmio_rdata[0]          -       -     F     (port)               -     -     0    1289 
#---------------------------------------------------------------------------------------



Path 50: MET (898 ps) Late External Delay Assertion at pin mmio_rdata[0]
          Group: reg2out
     Startpoint: (R) u_ctrl/state_reg[5]/CK
          Clock: (R) clk
       Endpoint: (F) mmio_rdata[0]
          Clock: (R) clk

                     Capture       Launch     
        Clock Edge:+    3300            0     
       Src Latency:+       0            0     
       Net Latency:+       0 (I)        0 (I) 
           Arrival:=    3300            0     
                                              
      Output Delay:-     990                  
       Uncertainty:-     125                  
     Required Time:=    2185                  
      Launch Clock:-       0                  
         Data Path:-    1287                  
             Slack:=     898                  

Exceptions/Constraints:
  output_delay             990             dut.sdc_line_17_906_1   

#---------------------------------------------------------------------------------------
#     Timing Point       Flags   Arc   Edge      Cell        Fanout Trans Delay Arrival 
#                                                                    (ps)  (ps)   (ps)  
#---------------------------------------------------------------------------------------
  u_ctrl/state_reg[5]/CK -       -     R     (arrival)         3278     0     0       0 
  u_ctrl/state_reg[5]/Q  -       CK->Q R     DFFRPQ_X4M_A9TL      3    97   309     309 
  u_ctrl/g30887__2883/Y  -       B->Y  F     NOR2_X3B_A9TL        1    87    92     402 
  u_ctrl/g30791__8428/Y  -       C->Y  R     NAND4_X4A_A9TL       1   141   123     524 
  u_ctrl/g30747__4319/Y  -       B->Y  F     NAND2_X6M_A9TL       2    61    76     600 
  u_ctrl/g30632__6161/Y  -       A->Y  R     NOR2_X8A_A9TL        2    78    73     673 
  u_ctrl/g30616__6783/Y  -       A->Y  F     NAND2_X6M_A9TL       2    53    54     727 
  u_ctrl/g30611/Y        -       A->Y  F     BUF_X5M_A9TL         5    57   111     838 
  u_ctrl/g30601__6417/Y  -       A->Y  F     OR2_X0P5M_A9TL       2   142   179    1017 
  u_ctrl/g30563__6260/Y  -       A->Y  R     NOR2_X1M_A9TL        1   152   135    1152 
  u_ctrl/g30526__1666/Y  -       A1->Y F     OAI21_X1M_A9TL       1   137   135    1287 
  mmio_rdata[0]          -       -     F     (port)               -     -     0    1287 
#---------------------------------------------------------------------------------------

