============================================================
  Generated by:           Genus(TM) Synthesis Solution 25.12-s067_1
  Generated on:           Sep 16 2026  08:10:31 pm
  Module:                 tr_soc_top_int
  Operating conditions:   ss_typical_max_0p90v_125c (balanced_tree)
  Wireload mode:          top
  Area mode:              timing library
============================================================


Path 1: VIOLATED (-104 ps) Setup Check with Pin u_req/prod_reg_reg[3][58]/CK->A
          Group: reg2reg
     Startpoint: (R) u_ctrl/reg_req_mult_reg[3]/CK
          Clock: (R) clk
       Endpoint: (R) u_req/prod_reg_reg[3][58]/A
          Clock: (R) clk

                     Capture       Launch     
        Clock Edge:+    3300            0     
       Src Latency:+       0            0     
       Net Latency:+       0 (I)        0 (I) 
           Arrival:=    3300            0     
                                              
             Setup:-     134                  
       Uncertainty:-     125                  
     Required Time:=    3041                  
      Launch Clock:-       0                  
         Data Path:-    3146                  
             Slack:=    -104                  

#------------------------------------------------------------------------------------------------
#         Timing Point          Flags    Arc   Edge       Cell        Fanout Trans Delay Arrival 
#                                                                             (ps)  (ps)   (ps)  
#------------------------------------------------------------------------------------------------
  u_ctrl/reg_req_mult_reg[3]/CK -       -      R     (arrival)            32     0     0       0 
  u_ctrl/reg_req_mult_reg[3]/Q  -       CK->Q  R     DFFRPQ_X4M_A9TL       2    87   304     304 
  g2454/Y                       -       A->Y   R     BUFH_X16M_A9TL       16   117   124     427 
  u_req/mul_61_51_I4_g57345/Y   -       A->Y   F     INV_X9M_A9TL          2    44    47     474 
  u_req/mul_61_51_I4_g57344/Y   -       A->Y   R     INV_X9M_A9TL          2    42    42     516 
  u_req/mul_61_51_I4_g57343/Y   -       A->Y   F     INV_X7P5M_A9TL        3    47    46     561 
  u_req/mul_61_51_I4_g57333/Y   -       A->Y   R     INV_X13M_A9TL        15   101    79     641 
  u_req/mul_61_51_I4_g56927/Y   -       A->Y   F     NAND2_X1P4M_A9TL      1    92    82     723 
  u_req/mul_61_51_I4_g56356/Y   -       A0N->Y R     AO1B2_X3M_A9TL        2    80    79     802 
  u_req/mul_61_51_I4_g54731/Y   -       A0->Y  R     AO21B_X3M_A9TL        2    83   143     945 
  u_req/mul_61_51_I4_g54270/Y   -       B->Y   R     XOR2_X3M_A9TL         1   191   138    1083 
  u_req/mul_61_51_I4_g54003/Y   -       S0->Y  R     MXIT2_X4M_A9TL        3   190   153    1236 
  u_req/mul_61_51_I4_g53542/Y   -       B->Y   F     NOR2_X4M_A9TL         1    77    93    1328 
  u_req/mul_61_51_I4_g53241/Y   -       A0->Y  R     OAI21_X4M_A9TL        1   102    98    1426 
  u_req/mul_61_51_I4_g52868/S   -       A->S   F     ADDF_X2M_A9TL         2   130   351    1778 
  u_req/mul_61_51_I4_g57994/Y   -       B->Y   F     XNOR2_X4M_A9TL        2   106   142    1920 
  u_req/mul_61_51_I4_g52573/Y   -       B->Y   R     NAND2_X4M_A9TL        3   103   103    2023 
  u_req/mul_61_51_I4_g52503/Y   -       A0->Y  F     AOI21_X2M_A9TL        1    86    86    2109 
  u_req/mul_61_51_I4_g52478/Y   -       B0->Y  F     OA21_X3M_A9TL         2    73   145    2254 
  u_req/mul_61_51_I4_g52355/Y   -       A0->Y  F     OA211_X6M_A9TL        4    68   170    2424 
  u_req/mul_61_51_I4_g52313/Y   -       B->Y   R     NAND2_X8A_A9TL        4    60    66    2490 
  u_req/mul_61_51_I4_g52280/Y   -       A->Y   F     NAND2_X8B_A9TL        3    62    58    2548 
  u_req/mul_61_51_I4_g52187/Y   -       A0->Y  R     OAI21_X6M_A9TL        2    99    91    2639 
  u_req/mul_61_51_I4_g52178/Y   -       A->Y   R     AND2_X8M_A9TL         2    51   107    2745 
  u_req/mul_61_51_I4_g52169/Y   -       A->Y   F     NAND2_X6M_A9TL        3    72    57    2802 
  u_req/mul_61_51_I4_g52168/Y   -       A->Y   R     INV_X2M_A9TL          5   116    97    2899 
  u_req/mul_61_51_I4_g52113/Y   -       A0->Y  R     AO21B_X2M_A9TL        1    86   160    3059 
  u_req/mul_61_51_I4_g52098/Y   -       A->Y   R     XNOR2_X2M_A9TL        1   171    86    3145 
  u_req/prod_reg_reg[3][58]/A   -       -      R     A2DFFQ_X1M_A9TL       1     -     0    3146 
#------------------------------------------------------------------------------------------------



Path 2: VIOLATED (-104 ps) Setup Check with Pin u_req/prod_reg_reg[1][60]/CK->A
          Group: reg2reg
     Startpoint: (R) u_ctrl/reg_req_mult_reg[3]/CK
          Clock: (R) clk
       Endpoint: (F) u_req/prod_reg_reg[1][60]/A
          Clock: (R) clk

                     Capture       Launch     
        Clock Edge:+    3300            0     
       Src Latency:+       0            0     
       Net Latency:+       0 (I)        0 (I) 
           Arrival:=    3300            0     
                                              
             Setup:-     138                  
       Uncertainty:-     125                  
     Required Time:=    3036                  
      Launch Clock:-       0                  
         Data Path:-    3141                  
             Slack:=    -104                  

#-------------------------------------------------------------------------------------------------
#         Timing Point          Flags    Arc   Edge       Cell         Fanout Trans Delay Arrival 
#                                                                              (ps)  (ps)   (ps)  
#-------------------------------------------------------------------------------------------------
  u_ctrl/reg_req_mult_reg[3]/CK -       -      R     (arrival)             32     0     0       0 
  u_ctrl/reg_req_mult_reg[3]/Q  -       CK->Q  R     DFFRPQ_X4M_A9TL        2    87   304     304 
  g2454/Y                       -       A->Y   R     BUFH_X16M_A9TL        16   117   124     427 
  u_req/mul_61_51_I2_g57345/Y   -       A->Y   F     INV_X9M_A9TL           2    44    47     474 
  u_req/mul_61_51_I2_g57344/Y   -       A->Y   R     INV_X9M_A9TL           2    42    42     516 
  u_req/mul_61_51_I2_g56193/Y   -       A->Y   F     MXIT2_X3M_A9TL         1    64    58     574 
  u_req/mul_61_51_I2_g55919/Y   -       BN->Y  F     NAND2XB_X8M_A9TL       2    96   133     707 
  u_req/mul_61_51_I2_g55706/Y   -       A->Y   R     INV_X16M_A9TL         15    80    83     790 
  u_req/mul_61_51_I2_g58239/Y   -       A0->Y  R     AO21_X2M_A9TL          3   162   186     976 
  u_req/mul_61_51_I2_g58187/Y   -       B->Y   F     XOR3_X3M_A9TL          2    96   281    1257 
  u_req/mul_61_51_I2_g58106/Y   -       B->Y   F     XOR3_X4M_A9TL          2    92   258    1515 
  u_req/mul_61_51_I2_g53001/Y   -       B->Y   F     XNOR3_X4M_A9TL         3    94   259    1774 
  u_req/mul_61_51_I2_g52592/Y   -       B->Y   F     XNOR3_X3M_A9TL         2    94   259    2033 
  u_req/mul_61_51_I2_g52375/CO  -       CI->CO F     CGEN_X2M_A9TL          2    86   190    2223 
  u_req/mul_61_51_I2_g52239/Y   -       BN->Y  F     NOR2XB_X4M_A9TL        2    71   148    2371 
  u_req/mul_61_51_I2_g52212/Y   -       B0->Y  R     AOI21_X4M_A9TL         1    97    90    2462 
  u_req/mul_61_51_I2_g52195/Y   -       B0->Y  F     OAI21_X6M_A9TL         2    66    70    2532 
  u_req/mul_61_51_I2_g52184/Y   -       A->Y   R     NAND2_X6M_A9TL         1    58    58    2590 
  u_req/mul_61_51_I2_g52173/Y   -       B->Y   F     NAND3XXB_X6M_A9TL      2    88    78    2668 
  u_req/mul_61_51_I2_g52156/Y   -       A0->Y  R     AOI21_X8M_A9TL         3   128   117    2785 
  u_req/mul_61_51_I2_g52150/Y   -       A->Y   F     INV_X4M_A9TL           5    72    76    2861 
  u_req/mul_61_51_I2_g52137/Y   -       A0->Y  R     AOI21_X2M_A9TL         1   121   106    2968 
  u_req/mul_61_51_I2_g52112/Y   -       B0N->Y F     AO21B_X2M_A9TL         1    89    84    3052 
  u_req/mul_61_51_I2_g52095/Y   -       A->Y   F     XOR2_X2M_A9TL          1   100    89    3140 
  u_req/prod_reg_reg[1][60]/A   -       -      F     A2DFFQ_X1M_A9TL        1     -     0    3141 
#-------------------------------------------------------------------------------------------------



Path 3: VIOLATED (-104 ps) Setup Check with Pin u_req/prod_reg_reg[3][62]/CK->A
          Group: reg2reg
     Startpoint: (R) u_ctrl/reg_req_mult_reg[5]/CK
          Clock: (R) clk
       Endpoint: (F) u_req/prod_reg_reg[3][62]/A
          Clock: (R) clk

                     Capture       Launch     
        Clock Edge:+    3300            0     
       Src Latency:+       0            0     
       Net Latency:+       0 (I)        0 (I) 
           Arrival:=    3300            0     
                                              
             Setup:-     136                  
       Uncertainty:-     125                  
     Required Time:=    3039                  
      Launch Clock:-       0                  
         Data Path:-    3143                  
             Slack:=    -104                  

#--------------------------------------------------------------------------------------------------
#         Timing Point          Flags    Arc    Edge       Cell         Fanout Trans Delay Arrival 
#                                                                               (ps)  (ps)   (ps)  
#--------------------------------------------------------------------------------------------------
  u_ctrl/reg_req_mult_reg[5]/CK -       -       R     (arrival)             32     0     0       0 
  u_ctrl/reg_req_mult_reg[5]/Q  -       CK->Q   F     DFFRPQ_X4M_A9TL        1    62   284     284 
  u_ctrl/fopt18700/Y            -       A->Y    F     BUFH_X16M_A9TL         6    52    94     378 
  u_req/fopt59375/Y             -       A->Y    R     INV_X9M_A9TL           3    71    65     443 
  u_req/fopt59374/Y             -       A->Y    F     INV_X9M_A9TL           4    40    46     489 
  u_req/mul_61_51_I4_g56170/Y   -       A->Y    R     MXIT2_X4M_A9TL         1   137    82     572 
  u_req/mul_61_51_I4_g55921/Y   -       B->Y    F     NAND2_X6A_A9TL         1    90    99     671 
  u_req/mul_61_51_I4_g55731/Y   -       A->Y    R     INV_X16M_A9TL         13    78    81     752 
  u_req/mul_61_51_I4_g55727/Y   -       A->Y    F     INV_X9M_A9TL           3    38    44     795 
  u_req/mul_61_51_I4_g55722/Y   -       A->Y    R     INV_X7P5M_A9TL         6    64    55     850 
  u_req/mul_61_51_I4_g55334/Y   -       A->Y    F     NAND2_X3B_A9TL         1    86    77     927 
  u_req/mul_61_51_I4_g55017/Y   -       B0N->Y  R     AO21B_X6M_A9TL         3    75    68     995 
  u_req/mul_61_51_I4_g54253/Y   -       S0->Y   R     MXIT2_X3M_A9TL         1   144    91    1087 
  u_req/mul_61_51_I4_g53976/Y   -       S0->Y   R     MXIT2_X3M_A9TL         2   156   120    1206 
  u_req/mul_61_51_I4_g53512/CON -       CI->CON F     CGENI_X2M_A9TL         2   127   115    1321 
  u_req/mul_61_51_I4_g53034/S   -       A->S    R     ADDH_X1P4M_A9TL        1   102   244    1565 
  u_req/mul_61_51_I4_g52943/Y   -       S0->Y   R     MXIT2_X3M_A9TL         2   172   112    1677 
  u_req/mul_61_51_I4_g52742/CON -       CI->CON F     CGENI_X2M_A9TL         1   129   117    1794 
  u_req/mul_61_51_I4_g52730/Y   -       A->Y    R     INV_X4M_A9TL           3    85    91    1886 
  u_req/mul_61_51_I4_g52577/Y   -       S0->Y   R     MXIT2_X4M_A9TL         1   122    93    1979 
  u_req/mul_61_51_I4_g52471/Y   -       B->Y    R     XOR2_X4M_A9TL          2   192   142    2121 
  u_req/mul_61_51_I4_g52398/Y   -       A->Y    R     AND2_X8M_A9TL          2    52   127    2248 
  u_req/mul_61_51_I4_g52389/Y   -       A->Y    F     INV_X4M_A9TL           2    38    42    2290 
  u_req/mul_61_51_I4_g52326/Y   -       A0->Y   R     AOI21_X6M_A9TL         1    89    77    2367 
  u_req/mul_61_51_I4_g52264/Y   -       B->Y    F     NAND2_X6M_A9TL         2    44    58    2425 
  u_req/mul_61_51_I4_g52194/Y   -       A0->Y   R     AOI211_X4M_A9TL        1   151   133    2558 
  u_req/mul_61_51_I4_g52187/Y   -       B0->Y   F     OAI21_X6M_A9TL         2    76    80    2638 
  u_req/mul_61_51_I4_g52178/Y   -       A->Y    F     AND2_X8M_A9TL          2    42   108    2746 
  u_req/mul_61_51_I4_g52169/Y   -       A->Y    R     NAND2_X6M_A9TL         3    95    69    2816 
  u_req/mul_61_51_I4_g52142/Y   -       A->Y    F     NAND2_X8M_A9TL         9    91    80    2896 
  u_req/mul_61_51_I4_g52129/Y   -       A->Y    R     NAND2_X2M_A9TL         1   106    87    2983 
  u_req/mul_61_51_I4_g52106/Y   -       A->Y    F     NAND3XXB_X4M_A9TL      1   113    70    3052 
  u_req/mul_61_51_I4_g52091/Y   -       A->Y    F     XOR2_X3M_A9TL          1    95    90    3142 
  u_req/prod_reg_reg[3][62]/A   -       -       F     A2DFFQ_X1M_A9TL        1     -     0    3143 
#--------------------------------------------------------------------------------------------------



Path 4: VIOLATED (-104 ps) Setup Check with Pin u_req/prod_reg_reg[1][62]/CK->A
          Group: reg2reg
     Startpoint: (R) u_ctrl/reg_req_mult_reg[9]/CK
          Clock: (R) clk
       Endpoint: (R) u_req/prod_reg_reg[1][62]/A
          Clock: (R) clk

                     Capture       Launch     
        Clock Edge:+    3300            0     
       Src Latency:+       0            0     
       Net Latency:+       0 (I)        0 (I) 
           Arrival:=    3300            0     
                                              
             Setup:-     133                  
       Uncertainty:-     125                  
     Required Time:=    3042                  
      Launch Clock:-       0                  
         Data Path:-    3146                  
             Slack:=    -104                  

#------------------------------------------------------------------------------------------------
#         Timing Point          Flags   Arc   Edge       Cell         Fanout Trans Delay Arrival 
#                                                                             (ps)  (ps)   (ps)  
#------------------------------------------------------------------------------------------------
  u_ctrl/reg_req_mult_reg[9]/CK -       -     R     (arrival)             32     0     0       0 
  u_ctrl/reg_req_mult_reg[9]/Q  -       CK->Q F     DFFRPQ_X4M_A9TL        2    61   283     283 
  u_req/fopt60040/Y             -       A->Y  R     INV_X9M_A9TL           2    66    66     348 
  u_req/fopt60039/Y             -       A->Y  F     INV_X9M_A9TL           5    50    56     404 
  u_req/fopt60026/Y             -       A->Y  R     INV_X4M_A9TL           3   120    90     495 
  u_req/fopt60025/Y             -       A->Y  F     INV_X4M_A9TL           9    99    94     588 
  u_req/fopt60020/Y             -       A->Y  R     INV_X1M_A9TL           2   116   104     692 
  u_req/mul_61_51_I2_g56389/Y   -       A1->Y R     AO21B_X2M_A9TL         2   107   176     868 
  u_req/mul_61_51_I2_g55161/Y   -       A->Y  F     NAND2_X4B_A9TL         1    78    75     944 
  u_req/mul_61_51_I2_g58267/Y   -       B0->Y R     OAI2XB1_X8M_A9TL       5   144    92    1036 
  u_req/mul_61_51_I2_g54526/Y   -       A->Y  F     INV_X3M_A9TL           2    66    72    1108 
  u_req/mul_61_51_I2_g54168/Y   -       A->Y  R     MXIT2_X3M_A9TL         1   135    93    1201 
  u_req/mul_61_51_I2_g53584/Y   -       B->Y  R     XOR2_X4M_A9TL          3   225   160    1362 
  u_req/mul_61_51_I2_g53046/Y   -       B->Y  F     XNOR3_X4M_A9TL         2    83   283    1645 
  u_req/mul_61_51_I2_g52975/Y   -       A->Y  R     INV_X5B_A9TR           2    61    73    1718 
  u_req/mul_61_51_I2_g58002/Y   -       B->Y  F     XOR3_X2M_A9TL          2   108   285    2003 
  u_req/mul_61_51_I2_g52446/Y   -       C->Y  F     XOR3_X3M_A9TL          2   101   303    2305 
  u_req/mul_61_51_I2_g52300/Y   -       A->Y  R     NAND2_X6A_A9TL         4    75    74    2379 
  u_req/mul_61_51_I2_g52245/Y   -       B->Y  F     NAND2_X6M_A9TL         2    64    67    2446 
  u_req/mul_61_51_I2_g52203/Y   -       A->Y  R     NOR2_X8M_A9TL          2    77    73    2519 
  u_req/mul_61_51_I2_g57926/Y   -       AN->Y R     NOR2B_X6M_A9TL         1    71   116    2635 
  u_req/mul_61_51_I2_g52178/Y   -       B->Y  R     AND2_X8M_A9TL          2    53   105    2740 
  u_req/mul_61_51_I2_g52169/Y   -       A->Y  F     NAND2_X6M_A9TL         3    73    59    2799 
  u_req/mul_61_51_I2_g52142/Y   -       A->Y  R     NAND2_X8M_A9TL         9   117    93    2891 
  u_req/mul_61_51_I2_g52129/Y   -       A->Y  F     NAND2_X2A_A9TL         1    91    82    2973 
  u_req/mul_61_51_I2_g52106/Y   -       A->Y  R     NAND3XXB_X4M_A9TL      1   121    86    3059 
  u_req/mul_61_51_I2_g52091/Y   -       A->Y  R     XOR2_X3M_A9TL          1   167    88    3146 
  u_req/prod_reg_reg[1][62]/A   -       -     R     A2DFFQ_X1M_A9TL        1     -     0    3146 
#------------------------------------------------------------------------------------------------



Path 5: VIOLATED (-104 ps) Setup Check with Pin u_req/prod_reg_reg[1][61]/CK->A
          Group: reg2reg
     Startpoint: (R) u_ctrl/reg_req_mult_reg[19]/CK
          Clock: (R) clk
       Endpoint: (F) u_req/prod_reg_reg[1][61]/A
          Clock: (R) clk

                     Capture       Launch     
        Clock Edge:+    3300            0     
       Src Latency:+       0            0     
       Net Latency:+       0 (I)        0 (I) 
           Arrival:=    3300            0     
                                              
             Setup:-     136                  
       Uncertainty:-     125                  
     Required Time:=    3038                  
      Launch Clock:-       0                  
         Data Path:-    3142                  
             Slack:=    -104                  

#--------------------------------------------------------------------------------------------------
#         Timing Point           Flags    Arc   Edge       Cell         Fanout Trans Delay Arrival 
#                                                                               (ps)  (ps)   (ps)  
#--------------------------------------------------------------------------------------------------
  u_ctrl/reg_req_mult_reg[19]/CK -       -      R     (arrival)             32     0     0       0 
  u_ctrl/reg_req_mult_reg[19]/Q  -       CK->Q  R     DFFRPQ_X4M_A9TL        3    78   298     298 
  u_req/fopt58636/Y              -       A->Y   F     INV_X4M_A9TL           2    98    86     383 
  u_req/fopt58635/Y              -       A->Y   R     INV_X16M_A9TL         13    98    94     477 
  u_req/fopt58633/Y              -       A->Y   F     INV_X13M_A9TL          3    38    42     519 
  u_req/mul_61_51_I2_g56451/Y    -       B->Y   F     MXT2_X6M_A9TL          9   123   185     704 
  u_req/fopt60049/Y              -       A->Y   R     INV_X9M_A9TL           8    79    84     788 
  u_req/mul_61_51_I2_g55783/Y    -       A->Y   F     NAND2_X3M_A9TL         1    81    51     839 
  u_req/mul_61_51_I2_g54923/Y    -       B0N->Y F     AOI21B_X6M_A9TL        2    76   132     972 
  u_req/mul_61_51_I2_g53891/CO   -       A->CO  F     CGEN_X2M_A9TL          2   104   220    1192 
  u_req/mul_61_51_I2_g58061/Y    -       B->Y   F     XOR3_X3M_A9TL          2    92   262    1454 
  u_req/mul_61_51_I2_g53008/Y    -       C->Y   F     XOR3_X4M_A9TL          2    91   284    1738 
  u_req/mul_61_51_I2_g57971/Y    -       B->Y   F     XOR3_X4M_A9TL          2    90   254    1991 
  u_req/mul_61_51_I2_g57956/Y    -       B->Y   R     XNOR3_X4M_A9TL         2    84   228    2220 
  u_req/mul_61_51_I2_g52312/Y    -       A->Y   F     NAND2_X6A_A9TL         2    63    60    2280 
  u_req/mul_61_51_I2_g52275/Y    -       B->Y   R     NAND2_X6M_A9TL         2    91    85    2365 
  u_req/mul_61_51_I2_g52240/Y    -       A->Y   F     NOR2_X6A_A9TL          2    53    57    2422 
  u_req/mul_61_51_I2_g52194/Y    -       A1->Y  R     AOI211_X4M_A9TL        1   150   146    2567 
  u_req/mul_61_51_I2_g52187/Y    -       B0->Y  F     OAI21_X6M_A9TL         2    76    80    2648 
  u_req/mul_61_51_I2_g52178/Y    -       A->Y   F     AND2_X8M_A9TL          2    43   109    2757 
  u_req/mul_61_51_I2_g52169/Y    -       A->Y   R     NAND2_X6M_A9TL         3    98    71    2828 
  u_req/mul_61_51_I2_g52142/Y    -       A->Y   F     NAND2_X8M_A9TL         9    88    79    2908 
  u_req/mul_61_51_I2_g52130/Y    -       A->Y   R     NAND2_X2M_A9TL         1   106    86    2994 
  u_req/mul_61_51_I2_g52105/Y    -       A->Y   F     NAND3XXB_X4M_A9TL      1    77    70    3063 
  u_req/mul_61_51_I2_g52092/Y    -       A->Y   F     XOR2_X3M_A9TL          1    95    79    3142 
  u_req/prod_reg_reg[1][61]/A    -       -      F     A2DFFQ_X1M_A9TL        1     -     0    3142 
#--------------------------------------------------------------------------------------------------



Path 6: VIOLATED (-104 ps) Setup Check with Pin u_req/prod_reg_reg[1][61]/CK->A
          Group: reg2reg
     Startpoint: (R) u_ctrl/reg_req_mult_reg[7]/CK
          Clock: (R) clk
       Endpoint: (F) u_req/prod_reg_reg[1][61]/A
          Clock: (R) clk

                     Capture       Launch     
        Clock Edge:+    3300            0     
       Src Latency:+       0            0     
       Net Latency:+       0 (I)        0 (I) 
           Arrival:=    3300            0     
                                              
             Setup:-     136                  
       Uncertainty:-     125                  
     Required Time:=    3038                  
      Launch Clock:-       0                  
         Data Path:-    3142                  
             Slack:=    -104                  

#--------------------------------------------------------------------------------------------------
#         Timing Point          Flags    Arc    Edge       Cell         Fanout Trans Delay Arrival 
#                                                                               (ps)  (ps)   (ps)  
#--------------------------------------------------------------------------------------------------
  u_ctrl/reg_req_mult_reg[7]/CK -       -       R     (arrival)             32     0     0       0 
  u_ctrl/reg_req_mult_reg[7]/Q  -       CK->Q   R     DFFRPQ_X4M_A9TL        4   140   333     333 
  u_req/fopt91/Y                -       A->Y    F     INV_X13M_A9TL         13    80    82     416 
  u_req/fopt90/Y                -       A->Y    R     INV_X4M_A9TL           4    95    87     503 
  u_req/fopt89/Y                -       A->Y    F     INV_X4M_A9TL           7    76    76     578 
  u_req/mul_61_51_I2_g56325/Y   -       A1->Y   F     AO21B_X2M_A9TL         2   128   174     752 
  u_req/mul_61_51_I2_g58276/Y   -       AN->Y   F     NOR2B_X2M_A9TL         1    66   156     908 
  u_req/mul_61_51_I2_g54977/Y   -       BN->Y   F     NAND2XB_X4M_A9TL       2    82   138    1047 
  u_req/mul_61_51_I2_g54056/Y   -       A1->Y   R     AOI21_X6M_A9TL         3   118   124    1170 
  u_req/mul_61_51_I2_g53678/Y   -       A->Y    F     NAND2XB_X3M_A9TL       1    66    65    1235 
  u_req/mul_61_51_I2_g53546/Y   -       B->Y    R     NAND2_X4M_A9TL         1    81    77    1312 
  u_req/mul_61_51_I2_g53513/Y   -       B->Y    F     NAND2_X6M_A9TL         4    63    71    1383 
  u_req/mul_61_51_I2_g53286/Y   -       A->Y    R     NOR2XB_X4M_A9TL        1    97    82    1465 
  u_req/mul_61_51_I2_g53106/Y   -       A0->Y   R     OA21_X6M_A9TL          3    66   124    1589 
  u_req/mul_61_51_I2_g52873/Y   -       A->Y    F     NOR2_X3B_A9TL          1    79    69    1658 
  u_req/mul_61_51_I2_g52707/Y   -       B0->Y   R     AOI21_X3M_A9TL         2   162   127    1785 
  u_req/mul_61_51_I2_g52543/CON -       CI->CON F     CGENI_X2M_A9TL         1   126   115    1899 
  u_req/fopt60425/Y             -       A->Y    R     INV_X4M_A9TL           2    75    81    1980 
  u_req/mul_61_51_I2_g52378/Y   -       B->Y    R     XOR3_X4M_A9TL          2    78   230    2210 
  u_req/mul_61_51_I2_g52311/Y   -       A->Y    F     NAND2_X6B_A9TL         3    77    74    2283 
  u_req/mul_61_51_I2_g52275/Y   -       A->Y    R     NAND2_X6M_A9TL         2    91    82    2365 
  u_req/mul_61_51_I2_g52240/Y   -       A->Y    F     NOR2_X6A_A9TL          2    53    57    2422 
  u_req/mul_61_51_I2_g52194/Y   -       A1->Y   R     AOI211_X4M_A9TL        1   150   146    2567 
  u_req/mul_61_51_I2_g52187/Y   -       B0->Y   F     OAI21_X6M_A9TL         2    76    80    2648 
  u_req/mul_61_51_I2_g52178/Y   -       A->Y    F     AND2_X8M_A9TL          2    43   109    2757 
  u_req/mul_61_51_I2_g52169/Y   -       A->Y    R     NAND2_X6M_A9TL         3    98    71    2828 
  u_req/mul_61_51_I2_g52142/Y   -       A->Y    F     NAND2_X8M_A9TL         9    88    79    2908 
  u_req/mul_61_51_I2_g52130/Y   -       A->Y    R     NAND2_X2M_A9TL         1   106    86    2994 
  u_req/mul_61_51_I2_g52105/Y   -       A->Y    F     NAND3XXB_X4M_A9TL      1    77    70    3063 
  u_req/mul_61_51_I2_g52092/Y   -       A->Y    F     XOR2_X3M_A9TL          1    95    79    3142 
  u_req/prod_reg_reg[1][61]/A   -       -       F     A2DFFQ_X1M_A9TL        1     -     0    3142 
#--------------------------------------------------------------------------------------------------



Path 7: VIOLATED (-104 ps) Setup Check with Pin u_req/prod_reg_reg[2][60]/CK->A
          Group: reg2reg
     Startpoint: (R) u_ctrl/reg_req_mult_reg[25]/CK
          Clock: (R) clk
       Endpoint: (F) u_req/prod_reg_reg[2][60]/A
          Clock: (R) clk

                     Capture       Launch     
        Clock Edge:+    3300            0     
       Src Latency:+       0            0     
       Net Latency:+       0 (I)        0 (I) 
           Arrival:=    3300            0     
                                              
             Setup:-     136                  
       Uncertainty:-     125                  
     Required Time:=    3038                  
      Launch Clock:-       0                  
         Data Path:-    3142                  
             Slack:=    -104                  

#-------------------------------------------------------------------------------------------------
#         Timing Point           Flags    Arc   Edge       Cell        Fanout Trans Delay Arrival 
#                                                                              (ps)  (ps)   (ps)  
#-------------------------------------------------------------------------------------------------
  u_ctrl/reg_req_mult_reg[25]/CK -       -      R     (arrival)            32     0     0       0 
  u_ctrl/reg_req_mult_reg[25]/Q  -       CK->Q  R     DFFRPQ_X4M_A9TL       1    66   287     287 
  u_ctrl/fopt18707/Y             -       A->Y   F     INV_X7P5M_A9TL        2    40    47     334 
  u_ctrl/fopt18706/Y             -       A->Y   R     INV_X16M_A9TL         5    80    66     400 
  u_req/fopt59700/Y              -       A->Y   F     INV_X16M_A9TL        23    81    76     476 
  u_req/mul_61_51_I3_g58358/Y    -       B->Y   R     MXIT2_X3M_A9TL        1   149   107     583 
  u_req/mul_61_51_I3_g55914/Y    -       A->Y   R     AND2_X11M_A9TL       18   112   158     741 
  u_req/fopt58495/Y              -       A->Y   F     INV_X4M_A9TL          4    75    77     818 
  u_req/fopt58494/Y              -       A->Y   R     INV_X4M_A9TL          2    50    55     873 
  u_req/mul_61_51_I3_g55154/Y    -       B->Y   F     NAND2_X2A_A9TL        1   104    72     945 
  u_req/mul_61_51_I3_g54639/Y    -       B->Y   R     NAND2_X4M_A9TL        2    94    97    1042 
  u_req/mul_61_51_I3_g54248/Y    -       B->Y   R     XOR2_X2M_A9TL         1   200   145    1188 
  u_req/mul_61_51_I3_g53978/Y    -       A->Y   R     XOR2_X2M_A9TL         2   226   152    1339 
  u_req/mul_61_51_I3_g53347/Y    -       A->Y   F     XNOR3_X1M_A9TL        1   114   217    1557 
  u_req/mul_61_51_I3_g52800/CO   -       B->CO  F     ADDFH_X2M_A9TL        1    83   292    1849 
  u_req/mul_61_51_I3_g52602/S    -       A->S   R     ADDF_X1P4M_A9TL       2   131   362    2212 
  u_req/mul_61_51_I3_g57961/Y    -       A->Y   R     OR2_X3M_A9TL          3    94   147    2359 
  u_req/mul_61_51_I3_g57965/Y    -       A0->Y  F     OAI2XB1_X6M_A9TL      3   106    78    2437 
  u_req/mul_61_51_I3_g52420/Y    -       A0->Y  R     AOI21_X4M_A9TL        2   130   123    2560 
  u_req/mul_61_51_I3_g52324/Y    -       A0->Y  R     OA211_X4M_A9TL        7   112   178    2738 
  u_req/mul_61_51_I3_g52253/Y    -       A0->Y  F     OAI21_X1M_A9TL        1   137   109    2848 
  u_req/mul_61_51_I3_g52137/Y    -       B0->Y  R     AOI21_X2M_A9TL        1   121   118    2965 
  u_req/mul_61_51_I3_g52112/Y    -       B0N->Y F     AO21B_X2M_A9TL        1    98    91    3057 
  u_req/mul_61_51_I3_g52095/Y    -       A->Y   F     XOR2_X3M_A9TL         1    95    86    3142 
  u_req/prod_reg_reg[2][60]/A    -       -      F     A2DFFQ_X1M_A9TL       1     -     0    3142 
#-------------------------------------------------------------------------------------------------



Path 8: VIOLATED (-104 ps) Setup Check with Pin u_req/prod_reg_reg[2][54]/CK->A
          Group: reg2reg
     Startpoint: (R) u_ctrl/reg_req_mult_reg[19]/CK
          Clock: (R) clk
       Endpoint: (F) u_req/prod_reg_reg[2][54]/A
          Clock: (R) clk

                     Capture       Launch     
        Clock Edge:+    3300            0     
       Src Latency:+       0            0     
       Net Latency:+       0 (I)        0 (I) 
           Arrival:=    3300            0     
                                              
             Setup:-     137                  
       Uncertainty:-     125                  
     Required Time:=    3038                  
      Launch Clock:-       0                  
         Data Path:-    3142                  
             Slack:=    -104                  

#------------------------------------------------------------------------------------------------
#         Timing Point           Flags    Arc   Edge      Cell        Fanout Trans Delay Arrival 
#                                                                             (ps)  (ps)   (ps)  
#------------------------------------------------------------------------------------------------
  u_ctrl/reg_req_mult_reg[19]/CK -       -      R     (arrival)           32     0     0       0 
  u_ctrl/reg_req_mult_reg[19]/Q  -       CK->Q  R     DFFRPQ_X4M_A9TL      3    78   298     298 
  u_req/fopt106/Y                -       A->Y   F     INV_X4M_A9TL         2    74    72     370 
  u_req/fopt58660/Y              -       A->Y   R     INV_X9M_A9TL         5    84    80     450 
  u_req/fopt58645/Y              -       A->Y   F     INV_X7P5M_A9TL       4    44    50     500 
  u_req/fopt58644/Y              -       A->Y   R     INV_X4M_A9TL         4    95    75     574 
  u_req/mul_61_51_I3_g56317/Y    -       S0->Y  R     MXIT2_X2M_A9TL       2   172   107     681 
  u_req/mul_61_51_I3_g55521/Y    -       A->Y   F     NOR2_X1A_A9TL        1    90    98     780 
  u_req/mul_61_51_I3_g58255/Y    -       B0->Y  R     AOI21_X1M_A9TL       2   246   181     961 
  u_req/mul_61_51_I3_g53865/CO   -       CI->CO R     CGEN_X2M_A9TL        2   103   222    1182 
  u_req/mul_61_51_I3_g53602/Y    -       A->Y   F     INV_X1P7M_A9TR       1    62    76    1258 
  u_req/mul_61_51_I3_g53431/CO   -       A->CO  F     CGEN_X2M_A9TL        2   109   219    1477 
  u_req/mul_61_51_I3_g53111/Y    -       A->Y   F     XOR2_X4M_A9TL        2    92   101    1578 
  u_req/mul_61_51_I3_g52896/CO   -       CI->CO F     CGEN_X2M_A9TL        2   105   205    1783 
  u_req/mul_61_51_I3_g52665/CON  -       A->CON R     CGENI_X2M_A9TL       1   125   125    1908 
  u_req/mul_61_51_I3_g52393/SUM  -       A->SUM R     ADDFH_X2M_A9TL       2   105   351    2259 
  u_req/mul_61_51_I3_g57938/Y    -       A->Y   R     OR2_X2M_A9TL         2   110   146    2406 
  u_req/mul_61_51_I3_g52234/Y    -       A0N->Y F     AO1B2_X6M_A9TL       2    74    78    2483 
  u_req/mul_61_51_I3_g52198/Y    -       A1->Y  R     AOI21_X8M_A9TL       2    81   100    2584 
  u_req/mul_61_51_I3_g52174/Y    -       A0->Y  F     OAI211_X4M_A9TL      1   103    98    2682 
  u_req/mul_61_51_I3_g52156/Y    -       B0->Y  R     AOI21_X8M_A9TL       2   130   117    2798 
  u_req/fopt60714/Y              -       A->Y   F     INV_X7P5M_A9TL       6    59    64    2862 
  u_req/mul_61_51_I3_g52139/Y    -       A0->Y  R     AOI21_X2M_A9TL       1   124   101    2964 
  u_req/mul_61_51_I3_g52111/Y    -       B0N->Y F     AO21B_X2M_A9TL       1    99    92    3056 
  u_req/mul_61_51_I3_g52099/Y    -       A->Y   F     XOR2_X3M_A9TL        1    96    86    3142 
  u_req/prod_reg_reg[2][54]/A    -       -      F     A2DFFQ_X1M_A9TL      1     -     0    3142 
#------------------------------------------------------------------------------------------------



Path 9: VIOLATED (-104 ps) Setup Check with Pin u_req/prod_reg_reg[1][62]/CK->A
          Group: reg2reg
     Startpoint: (R) u_ctrl/reg_req_mult_reg[3]/CK
          Clock: (R) clk
       Endpoint: (R) u_req/prod_reg_reg[1][62]/A
          Clock: (R) clk

                     Capture       Launch     
        Clock Edge:+    3300            0     
       Src Latency:+       0            0     
       Net Latency:+       0 (I)        0 (I) 
           Arrival:=    3300            0     
                                              
             Setup:-     133                  
       Uncertainty:-     125                  
     Required Time:=    3042                  
      Launch Clock:-       0                  
         Data Path:-    3146                  
             Slack:=    -104                  

#------------------------------------------------------------------------------------------------
#         Timing Point          Flags   Arc   Edge       Cell         Fanout Trans Delay Arrival 
#                                                                             (ps)  (ps)   (ps)  
#------------------------------------------------------------------------------------------------
  u_ctrl/reg_req_mult_reg[3]/CK -       -     R     (arrival)             32     0     0       0 
  u_ctrl/reg_req_mult_reg[3]/Q  -       CK->Q R     DFFRPQ_X4M_A9TL        2    87   304     304 
  g2454/Y                       -       A->Y  R     BUFH_X16M_A9TL        16   117   124     427 
  u_req/mul_61_51_I2_g57345/Y   -       A->Y  F     INV_X9M_A9TL           2    44    47     474 
  u_req/mul_61_51_I2_g56448/Y   -       A->Y  R     MXIT2_X3M_A9TL         1   153    92     566 
  u_req/mul_61_51_I2_g56131/Y   -       A->Y  F     INV_X6M_A9TL           2    57    60     626 
  u_req/mul_61_51_I2_g55921/Y   -       A->Y  R     NAND2_X6A_A9TL         1    78    66     691 
  u_req/mul_61_51_I2_g55731/Y   -       A->Y  F     INV_X16M_A9TL         13    50    57     748 
  u_req/mul_61_51_I2_g55727/Y   -       A->Y  R     INV_X9M_A9TL           3    54    52     801 
  u_req/mul_61_51_I2_g55722/Y   -       A->Y  F     INV_X13B_A9TL          6    49    50     851 
  u_req/mul_61_51_I2_g55037/Y   -       B0->Y F     AO1B2_X6M_A9TL         2    64   109     960 
  u_req/mul_61_51_I2_g54840/Y   -       A->Y  R     INV_X4B_A9TL           2    55    58    1018 
  u_req/mul_61_51_I2_g54332/Y   -       A->Y  F     NAND2_X4M_A9TL         1    68    52    1070 
  u_req/mul_61_51_I2_g54023/Y   -       A0->Y R     AOI21_X6M_A9TL         2   105    99    1169 
  u_req/mul_61_51_I2_g53427/CO  -       A->CO R     CGEN_X2M_A9TL          2   115   197    1366 
  u_req/mul_61_51_I2_g53027/Y   -       B->Y  F     XOR3_X4M_A9TL          3    97   270    1636 
  u_req/mul_61_51_I2_g52831/Y   -       S0->Y R     MXIT2_X3M_A9TL         1   142    95    1731 
  u_req/mul_61_51_I2_g52703/Y   -       S0->Y R     MXIT2_X3M_A9TL         2   172   121    1852 
  u_req/mul_61_51_I2_g52589/Y   -       B->Y  R     XOR2_X4M_A9TL          2   214   163    2014 
  u_req/mul_61_51_I2_g57947/Y   -       B->Y  F     XOR3_X4M_A9TL          2    95   298    2312 
  u_req/mul_61_51_I2_g52247/Y   -       A->Y  R     NOR2XB_X6M_A9TL        2    92    86    2398 
  u_req/mul_61_51_I2_g52218/Y   -       A0->Y F     AOI21_X6M_A9TL         2    75    71    2469 
  u_req/mul_61_51_I2_g52188/Y   -       B1->Y F     OA22_X4M_A9TL          1    55   138    2608 
  u_req/mul_61_51_I2_g52173/Y   -       A->Y  R     NAND3XXB_X6M_A9TL      2   126    84    2691 
  u_req/mul_61_51_I2_g52156/Y   -       A0->Y F     AOI21_X8M_A9TL         3    96    92    2784 
  u_req/mul_61_51_I2_g52142/Y   -       B->Y  R     NAND2_X8M_A9TL         9   117   108    2891 
  u_req/mul_61_51_I2_g52129/Y   -       A->Y  F     NAND2_X2A_A9TL         1    91    82    2973 
  u_req/mul_61_51_I2_g52106/Y   -       A->Y  R     NAND3XXB_X4M_A9TL      1   121    86    3058 
  u_req/mul_61_51_I2_g52091/Y   -       A->Y  R     XOR2_X3M_A9TL          1   167    88    3146 
  u_req/prod_reg_reg[1][62]/A   -       -     R     A2DFFQ_X1M_A9TL        1     -     0    3146 
#------------------------------------------------------------------------------------------------



Path 10: VIOLATED (-104 ps) Setup Check with Pin u_req/prod_reg_reg[1][62]/CK->A
          Group: reg2reg
     Startpoint: (R) u_ctrl/reg_req_mult_reg[3]/CK
          Clock: (R) clk
       Endpoint: (R) u_req/prod_reg_reg[1][62]/A
          Clock: (R) clk

                     Capture       Launch     
        Clock Edge:+    3300            0     
       Src Latency:+       0            0     
       Net Latency:+       0 (I)        0 (I) 
           Arrival:=    3300            0     
                                              
             Setup:-     133                  
       Uncertainty:-     125                  
     Required Time:=    3042                  
      Launch Clock:-       0                  
         Data Path:-    3146                  
             Slack:=    -104                  

#------------------------------------------------------------------------------------------------
#         Timing Point          Flags   Arc   Edge       Cell         Fanout Trans Delay Arrival 
#                                                                             (ps)  (ps)   (ps)  
#------------------------------------------------------------------------------------------------
  u_ctrl/reg_req_mult_reg[3]/CK -       -     R     (arrival)             32     0     0       0 
  u_ctrl/reg_req_mult_reg[3]/Q  -       CK->Q F     DFFRPQ_X4M_A9TL        2    67   288     288 
  g2454/Y                       -       A->Y  F     BUFH_X16M_A9TL        16    76   110     398 
  u_req/mul_61_51_I2_g57345/Y   -       A->Y  R     INV_X9M_A9TL           2    49    54     452 
  u_req/mul_61_51_I2_g57344/Y   -       A->Y  F     INV_X9M_A9TL           2    29    33     485 
  u_req/mul_61_51_I2_g57343/Y   -       A->Y  R     INV_X7P5M_A9TL         3    72    56     541 
  u_req/mul_61_51_I2_g57340/Y   -       A->Y  F     INV_X7P5M_A9TL         3    45    52     593 
  u_req/mul_61_51_I2_g57339/Y   -       A->Y  R     INV_X9M_A9TL           8    74    64     657 
  u_req/mul_61_51_I2_g56665/Y   -       A1->Y R     AO21B_X3M_A9TL         2    79   143     800 
  u_req/mul_61_51_I2_g55051/Y   -       A0->Y R     AO21B_X6M_A9TL         4    88   147     947 
  u_req/mul_61_51_I2_g54848/Y   -       A->Y  F     INV_X4M_A9TL           1    33    38     986 
  u_req/mul_61_51_I2_g54261/Y   -       A->Y  R     MXIT2_X3M_A9TL         1   137    80    1066 
  u_req/mul_61_51_I2_g58184/Y   -       A->Y  R     XNOR2_X3M_A9TL         3   242   136    1202 
  u_req/mul_61_51_I2_g53691/Y   -       B->Y  F     NOR2_X3A_A9TL          1    92   110    1311 
  u_req/mul_61_51_I2_g53493/Y   -       B0->Y R     AOI21_X4M_A9TL         1    98    95    1406 
  u_req/mul_61_51_I2_g52926/CO  -       A->CO R     ADDF_X2M_A9TL          3   148   234    1640 
  u_req/mul_61_51_I2_g52683/Y   -       B->Y  F     XOR3_X3M_A9TL          2    94   274    1914 
  u_req/mul_61_51_I2_g52614/Y   -       B->Y  R     NAND2_X4M_A9TL         3   113   105    2020 
  u_req/mul_61_51_I2_g52522/Y   -       A0->Y F     AOI21_X6M_A9TL         2    64    73    2092 
  u_req/mul_61_51_I2_g52478/Y   -       A0->Y F     OA21_X4M_A9TL          3    72   155    2247 
  u_req/mul_61_51_I2_g52355/Y   -       A1->Y F     OA211_X6M_A9TL         4    67   177    2424 
  u_req/mul_61_51_I2_g52313/Y   -       A->Y  R     NAND2_X8B_A9TL         4    57    59    2484 
  u_req/mul_61_51_I2_g52280/Y   -       A->Y  F     NAND2_X8B_A9TL         3    62    57    2540 
  u_req/mul_61_51_I2_g52187/Y   -       A0->Y R     OAI21_X6M_A9TL         2    98    91    2632 
  u_req/mul_61_51_I2_g52178/Y   -       A->Y  R     AND2_X8M_A9TL          2    53   108    2740 
  u_req/mul_61_51_I2_g52169/Y   -       A->Y  F     NAND2_X6M_A9TL         3    73    59    2798 
  u_req/mul_61_51_I2_g52142/Y   -       A->Y  R     NAND2_X8M_A9TL         9   117    93    2891 
  u_req/mul_61_51_I2_g52129/Y   -       A->Y  F     NAND2_X2A_A9TL         1    91    82    2973 
  u_req/mul_61_51_I2_g52106/Y   -       A->Y  R     NAND3XXB_X4M_A9TL      1   121    86    3058 
  u_req/mul_61_51_I2_g52091/Y   -       A->Y  R     XOR2_X3M_A9TL          1   167    88    3146 
  u_req/prod_reg_reg[1][62]/A   -       -     R     A2DFFQ_X1M_A9TL        1     -     0    3146 
#------------------------------------------------------------------------------------------------



Path 11: VIOLATED (-104 ps) Setup Check with Pin u_req/prod_reg_reg[1][60]/CK->A
          Group: reg2reg
     Startpoint: (R) u_ctrl/reg_req_mult_reg[25]/CK
          Clock: (R) clk
       Endpoint: (F) u_req/prod_reg_reg[1][60]/A
          Clock: (R) clk

                     Capture       Launch     
        Clock Edge:+    3300            0     
       Src Latency:+       0            0     
       Net Latency:+       0 (I)        0 (I) 
           Arrival:=    3300            0     
                                              
             Setup:-     138                  
       Uncertainty:-     125                  
     Required Time:=    3036                  
      Launch Clock:-       0                  
         Data Path:-    3140                  
             Slack:=    -104                  

#--------------------------------------------------------------------------------------------------
#         Timing Point           Flags    Arc   Edge       Cell         Fanout Trans Delay Arrival 
#                                                                               (ps)  (ps)   (ps)  
#--------------------------------------------------------------------------------------------------
  u_ctrl/reg_req_mult_reg[25]/CK -       -      R     (arrival)             32     0     0       0 
  u_ctrl/reg_req_mult_reg[25]/Q  -       CK->Q  R     DFFRPQ_X4M_A9TL        1    66   287     287 
  u_ctrl/fopt18707/Y             -       A->Y   F     INV_X7P5M_A9TL         2    40    47     334 
  u_ctrl/fopt18706/Y             -       A->Y   R     INV_X16M_A9TL          5    80    66     400 
  u_req/fopt59700/Y              -       A->Y   F     INV_X16M_A9TL         23    81    76     476 
  u_req/fopt59699/Y              -       A->Y   R     INV_X3M_A9TL           2    75    76     552 
  u_req/mul_61_51_I2_g56355/Y    -       S0->Y  R     MXIT2_X1P4M_A9TL       2   196   116     668 
  u_req/mul_61_51_I2_g58286/Y    -       AN->Y  R     NAND2B_X2M_A9TR        1   123   232     900 
  u_req/mul_61_51_I2_g55075/Y    -       A0N->Y F     AO1B2_X3M_A9TL         2    90    91     991 
  u_req/mul_61_51_I2_g53898/CO   -       B->CO  F     CGEN_X2M_A9TL          3   137   247    1238 
  u_req/mul_61_51_I2_g53469/Y    -       A0->Y  R     OAI2XB1_X6M_A9TL       1    95   104    1343 
  u_req/mul_61_51_I2_g53421/Y    -       B0N->Y F     AO21B_X4M_A9TL         2    76    72    1415 
  u_req/mul_61_51_I2_g53205/Y    -       A->Y   R     INV_X3M_A9TL           2    76    76    1491 
  u_req/mul_61_51_I2_g53088/Y    -       B->Y   F     MXIT2_X3M_A9TL         1    81    77    1567 
  u_req/mul_61_51_I2_g53000/Y    -       S0->Y  F     MXIT2_X4M_A9TL         3   109   113    1680 
  u_req/mul_61_51_I2_g52828/Y    -       A0->Y  R     OAI2XB1_X4M_A9TL       1   100   103    1783 
  u_req/mul_61_51_I2_g52781/Y    -       B->Y   F     NAND2_X3A_A9TL         2    83    85    1868 
  u_req/mul_61_51_I2_g52636/Y    -       A->Y   R     INV_X2M_A9TL           1    84    82    1950 
  u_req/mul_61_51_I2_g52587/Y    -       A0->Y  F     OAI21_X6M_A9TL         2    74    74    2024 
  u_req/mul_61_51_I2_g52318/CO   -       A->CO  F     CGEN_X2M_A9TL          2    90   210    2233 
  u_req/mul_61_51_I2_g52265/Y    -       A->Y   R     INV_X2M_A9TL           1    87    85    2318 
  u_req/mul_61_51_I2_g52248/Y    -       B->Y   F     NAND2_X6A_A9TL         3    68    73    2391 
  u_req/mul_61_51_I2_g52225/Y    -       A->Y   R     NAND2_X6M_A9TL         3    94    74    2465 
  u_req/mul_61_51_I2_g52203/Y    -       B->Y   F     NOR2_X8M_A9TL          2    52    63    2528 
  u_req/mul_61_51_I2_g52184/Y    -       B->Y   R     NAND2_X6M_A9TL         1    58    61    2589 
  u_req/mul_61_51_I2_g52173/Y    -       B->Y   F     NAND3XXB_X6M_A9TL      2    88    78    2667 
  u_req/mul_61_51_I2_g52156/Y    -       A0->Y  R     AOI21_X8M_A9TL         3   128   117    2785 
  u_req/mul_61_51_I2_g52150/Y    -       A->Y   F     INV_X4M_A9TL           5    72    76    2861 
  u_req/mul_61_51_I2_g52137/Y    -       A0->Y  R     AOI21_X2M_A9TL         1   121   106    2967 
  u_req/mul_61_51_I2_g52112/Y    -       B0N->Y F     AO21B_X2M_A9TL         1    89    84    3052 
  u_req/mul_61_51_I2_g52095/Y    -       A->Y   F     XOR2_X2M_A9TL          1   100    89    3140 
  u_req/prod_reg_reg[1][60]/A    -       -      F     A2DFFQ_X1M_A9TL        1     -     0    3140 
#--------------------------------------------------------------------------------------------------



Path 12: VIOLATED (-104 ps) Setup Check with Pin u_req/prod_reg_reg[3][58]/CK->A
          Group: reg2reg
     Startpoint: (R) u_ctrl/reg_req_mult_reg[13]/CK
          Clock: (R) clk
       Endpoint: (R) u_req/prod_reg_reg[3][58]/A
          Clock: (R) clk

                     Capture       Launch     
        Clock Edge:+    3300            0     
       Src Latency:+       0            0     
       Net Latency:+       0 (I)        0 (I) 
           Arrival:=    3300            0     
                                              
             Setup:-     134                  
       Uncertainty:-     125                  
     Required Time:=    3041                  
      Launch Clock:-       0                  
         Data Path:-    3145                  
             Slack:=    -104                  

#------------------------------------------------------------------------------------------------
#         Timing Point           Flags   Arc   Edge       Cell        Fanout Trans Delay Arrival 
#                                                                             (ps)  (ps)   (ps)  
#------------------------------------------------------------------------------------------------
  u_ctrl/reg_req_mult_reg[13]/CK -       -     R     (arrival)            32     0     0       0 
  u_ctrl/reg_req_mult_reg[13]/Q  -       CK->Q R     DFFRPQ_X4M_A9TL       2   107   315     315 
  u_req/fopt112/Y                -       A->Y  F     INV_X16M_A9TL        17    76    76     391 
  u_req/fopt58781/Y              -       A->Y  R     INV_X5M_A9TL          7   153   118     509 
  u_req/fopt58775/Y              -       A->Y  R     BUF_X11B_A9TL         7    71   147     656 
  u_req/mul_61_51_I4_g56235/Y    -       S0->Y R     MXIT2_X2M_A9TL        2   173   100     756 
  u_req/mul_61_51_I4_g55133/Y    -       BN->Y R     NAND2XB_X2M_A9TL      1    89   167     923 
  u_req/mul_61_51_I4_g55043/Y    -       B->Y  R     AND2_X4M_A9TL         3    79   131    1054 
  u_req/mul_61_51_I4_g53574/Y    -       C->Y  F     XNOR3_X4M_A9TL        2    81   261    1314 
  u_req/mul_61_51_I4_g53241/Y    -       A1->Y R     OAI21_X4M_A9TL        1   102   112    1426 
  u_req/mul_61_51_I4_g52868/S    -       A->S  F     ADDF_X2M_A9TL         2   130   351    1777 
  u_req/mul_61_51_I4_g57994/Y    -       B->Y  F     XNOR2_X4M_A9TL        2   106   142    1919 
  u_req/mul_61_51_I4_g52573/Y    -       B->Y  R     NAND2_X4M_A9TL        3   103   103    2022 
  u_req/mul_61_51_I4_g52503/Y    -       A0->Y F     AOI21_X2M_A9TL        1    86    86    2109 
  u_req/mul_61_51_I4_g52478/Y    -       B0->Y F     OA21_X3M_A9TL         2    73   145    2254 
  u_req/mul_61_51_I4_g52355/Y    -       A0->Y F     OA211_X6M_A9TL        4    68   170    2424 
  u_req/mul_61_51_I4_g52313/Y    -       B->Y  R     NAND2_X8A_A9TL        4    60    66    2490 
  u_req/mul_61_51_I4_g52280/Y    -       A->Y  F     NAND2_X8B_A9TL        3    62    58    2547 
  u_req/mul_61_51_I4_g52187/Y    -       A0->Y R     OAI21_X6M_A9TL        2    99    91    2638 
  u_req/mul_61_51_I4_g52178/Y    -       A->Y  R     AND2_X8M_A9TL         2    51   107    2745 
  u_req/mul_61_51_I4_g52169/Y    -       A->Y  F     NAND2_X6M_A9TL        3    72    57    2802 
  u_req/mul_61_51_I4_g52168/Y    -       A->Y  R     INV_X2M_A9TL          5   116    97    2899 
  u_req/mul_61_51_I4_g52113/Y    -       A0->Y R     AO21B_X2M_A9TL        1    86   160    3059 
  u_req/mul_61_51_I4_g52098/Y    -       A->Y  R     XNOR2_X2M_A9TL        1   171    86    3145 
  u_req/prod_reg_reg[3][58]/A    -       -     R     A2DFFQ_X1M_A9TL       1     -     0    3145 
#------------------------------------------------------------------------------------------------



Path 13: VIOLATED (-104 ps) Setup Check with Pin u_req/prod_reg_reg[2][54]/CK->A
          Group: reg2reg
     Startpoint: (R) u_ctrl/reg_req_mult_reg[21]/CK
          Clock: (R) clk
       Endpoint: (F) u_req/prod_reg_reg[2][54]/A
          Clock: (R) clk

                     Capture       Launch     
        Clock Edge:+    3300            0     
       Src Latency:+       0            0     
       Net Latency:+       0 (I)        0 (I) 
           Arrival:=    3300            0     
                                              
             Setup:-     137                  
       Uncertainty:-     125                  
     Required Time:=    3038                  
      Launch Clock:-       0                  
         Data Path:-    3142                  
             Slack:=    -104                  

#-------------------------------------------------------------------------------------------------
#         Timing Point           Flags    Arc   Edge       Cell        Fanout Trans Delay Arrival 
#                                                                              (ps)  (ps)   (ps)  
#-------------------------------------------------------------------------------------------------
  u_ctrl/reg_req_mult_reg[21]/CK -       -      R     (arrival)            32     0     0       0 
  u_ctrl/reg_req_mult_reg[21]/Q  -       CK->Q  R     DFFRPQ_X4M_A9TL       2    78   298     298 
  u_req/fopt59607/Y              -       A->Y   F     INV_X9M_A9TL          2    49    56     354 
  u_req/fopt59590/Y              -       A->Y   R     INV_X16M_A9TL        13   118    90     443 
  u_req/fopt59547/Y              -       A->Y   F     INV_X11M_A9TL        12    67    72     515 
  u_req/fopt59546/Y              -       A->Y   R     INV_X4M_A9TL          4   116    95     610 
  u_req/fopt59543/Y              -       A->Y   F     INV_X6M_A9TL          4    46    50     660 
  u_req/mul_61_51_I3_g56902/Y    -       B->Y   R     NAND2_X1A_A9TL        1    76    66     727 
  u_req/mul_61_51_I3_g56204/Y    -       B0N->Y F     AO21B_X1M_A9TL        2   140   111     837 
  u_req/mul_61_51_I3_g55822/Y    -       A->Y   R     NAND2_X1A_A9TL        1   102   105     943 
  u_req/mul_61_51_I3_g55027/Y    -       A->Y   R     AND2_X3M_A9TL         2    70   123    1066 
  u_req/mul_61_51_I3_g54837/Y    -       A->Y   F     INV_X1M_A9TL          1    57    62    1128 
  u_req/mul_61_51_I3_g54197/CO   -       B->CO  F     CGEN_X1M_A9TL         3   161   231    1359 
  u_req/mul_61_51_I3_g53692/Y    -       B->Y   F     OR2_X2M_A9TR          1    97   227    1586 
  u_req/mul_61_51_I3_g58047/Y    -       A0->Y  R     AOI2XB1_X6M_A9TL      3   107   108    1693 
  u_req/mul_61_51_I3_g52839/Y    -       C->Y   F     XNOR3_X3M_A9TL        2    92   284    1977 
  u_req/mul_61_51_I3_g57972/Y    -       B->Y   F     XOR3_X3M_A9TL         2    88   251    2228 
  u_req/mul_61_51_I3_g57944/Y    -       A->Y   F     OR2_X4M_A9TL          4    62   135    2363 
  u_req/mul_61_51_I3_g52383/Y    -       A->Y   R     NAND2_X4M_A9TL        3    94    74    2438 
  u_req/mul_61_51_I3_g57937/Y    -       BN->Y  R     NAND2XB_X6M_A9TL      2    94   137    2574 
  u_req/mul_61_51_I3_g52174/Y    -       A1->Y  F     OAI211_X4M_A9TL       1   103   107    2681 
  u_req/mul_61_51_I3_g52156/Y    -       B0->Y  R     AOI21_X8M_A9TL        2   130   117    2798 
  u_req/fopt60714/Y              -       A->Y   F     INV_X7P5M_A9TL        6    59    64    2862 
  u_req/mul_61_51_I3_g52139/Y    -       A0->Y  R     AOI21_X2M_A9TL        1   124   101    2964 
  u_req/mul_61_51_I3_g52111/Y    -       B0N->Y F     AO21B_X2M_A9TL        1    99    92    3056 
  u_req/mul_61_51_I3_g52099/Y    -       A->Y   F     XOR2_X3M_A9TL         1    96    86    3142 
  u_req/prod_reg_reg[2][54]/A    -       -      F     A2DFFQ_X1M_A9TL       1     -     0    3142 
#-------------------------------------------------------------------------------------------------



Path 14: VIOLATED (-104 ps) Setup Check with Pin u_req/prod_reg_reg[1][62]/CK->A
          Group: reg2reg
     Startpoint: (R) u_ctrl/reg_req_mult_reg[9]/CK
          Clock: (R) clk
       Endpoint: (R) u_req/prod_reg_reg[1][62]/A
          Clock: (R) clk

                     Capture       Launch     
        Clock Edge:+    3300            0     
       Src Latency:+       0            0     
       Net Latency:+       0 (I)        0 (I) 
           Arrival:=    3300            0     
                                              
             Setup:-     133                  
       Uncertainty:-     125                  
     Required Time:=    3042                  
      Launch Clock:-       0                  
         Data Path:-    3146                  
             Slack:=    -104                  

#-------------------------------------------------------------------------------------------------
#         Timing Point          Flags    Arc   Edge       Cell         Fanout Trans Delay Arrival 
#                                                                              (ps)  (ps)   (ps)  
#-------------------------------------------------------------------------------------------------
  u_ctrl/reg_req_mult_reg[9]/CK -       -      R     (arrival)             32     0     0       0 
  u_ctrl/reg_req_mult_reg[9]/Q  -       CK->Q  R     DFFRPQ_X4M_A9TL        2    78   297     297 
  u_req/fopt60040/Y             -       A->Y   F     INV_X9M_A9TL           2    47    54     352 
  u_req/fopt59967/Y             -       A->Y   R     INV_X16M_A9TL          8    73    65     416 
  u_req/fopt59938/Y             -       A->Y   F     INV_X4M_A9TL           1    32    38     454 
  u_req/mul_61_51_I2_g56890/Y   -       A->Y   R     NAND2_X4M_A9TL         2    99    70     523 
  u_req/mul_61_51_I2_g56799/Y   -       A->Y   F     INV_X4M_A9TL           2    44    49     572 
  u_req/mul_61_51_I2_g56798/Y   -       A->Y   R     INV_X2M_A9TL           1    70    61     633 
  u_req/mul_61_51_I2_g55370/Y   -       B->Y   F     NAND3_X6M_A9TL         2    99    86     720 
  u_req/mul_61_51_I2_g55264/Y   -       A->Y   R     INV_X5M_A9TL           9   150   123     842 
  u_req/mul_61_51_I2_g54551/Y   -       A->Y   F     NAND2XB_X1M_A9TL       1   133   119     961 
  u_req/mul_61_51_I2_g54384/Y   -       B0N->Y R     AO21B_X3M_A9TL         2    85    92    1054 
  u_req/mul_61_51_I2_g54111/Y   -       B0->Y  F     OAI21_X3M_A9TL         1    68    71    1125 
  u_req/mul_61_51_I2_g54062/Y   -       B->Y   R     NAND2_X3A_A9TL         3    86    81    1206 
  u_req/mul_61_51_I2_g53714/Y   -       A->Y   F     INV_X2M_A9TL           1    45    51    1257 
  u_req/mul_61_51_I2_g53558/Y   -       A->Y   R     MXIT2_X3M_A9TL         1   148    88    1345 
  u_req/mul_61_51_I2_g58084/Y   -       A->Y   R     XNOR2_X4M_A9TL         2   209   124    1469 
  u_req/mul_61_51_I2_g58024/Y   -       B->Y   F     XNOR3_X3M_A9TL         2    94   289    1758 
  u_req/mul_61_51_I2_g57993/Y   -       B->Y   R     XOR2_X4M_A9TL          1   168   126    1884 
  u_req/mul_61_51_I2_g52590/Y   -       S0->Y  R     MXIT2_X3M_A9TL         2   156   126    2010 
  u_req/fopt59285/Y             -       A->Y   F     INV_X3M_A9TL           1    62    66    2076 
  u_req/mul_61_51_I2_g52353/Y   -       B->Y   F     XNOR3_X4M_A9TL         2    79   226    2302 
  u_req/mul_61_51_I2_g52297/Y   -       A->Y   R     NAND2_X3A_A9TL         2    89    80    2382 
  u_req/mul_61_51_I2_g52245/Y   -       A->Y   F     NAND2_X6M_A9TL         2    64    64    2446 
  u_req/mul_61_51_I2_g52203/Y   -       A->Y   R     NOR2_X8M_A9TL          2    77    73    2519 
  u_req/mul_61_51_I2_g57926/Y   -       AN->Y  R     NOR2B_X6M_A9TL         1    71   116    2634 
  u_req/mul_61_51_I2_g52178/Y   -       B->Y   R     AND2_X8M_A9TL          2    53   105    2739 
  u_req/mul_61_51_I2_g52169/Y   -       A->Y   F     NAND2_X6M_A9TL         3    73    59    2798 
  u_req/mul_61_51_I2_g52142/Y   -       A->Y   R     NAND2_X8M_A9TL         9   117    93    2891 
  u_req/mul_61_51_I2_g52129/Y   -       A->Y   F     NAND2_X2A_A9TL         1    91    82    2973 
  u_req/mul_61_51_I2_g52106/Y   -       A->Y   R     NAND3XXB_X4M_A9TL      1   121    86    3058 
  u_req/mul_61_51_I2_g52091/Y   -       A->Y   R     XOR2_X3M_A9TL          1   167    88    3146 
  u_req/prod_reg_reg[1][62]/A   -       -      R     A2DFFQ_X1M_A9TL        1     -     0    3146 
#-------------------------------------------------------------------------------------------------



Path 15: VIOLATED (-104 ps) Setup Check with Pin u_req/prod_reg_reg[1][61]/CK->A
          Group: reg2reg
     Startpoint: (R) u_ctrl/reg_req_mult_reg[3]/CK
          Clock: (R) clk
       Endpoint: (F) u_req/prod_reg_reg[1][61]/A
          Clock: (R) clk

                     Capture       Launch     
        Clock Edge:+    3300            0     
       Src Latency:+       0            0     
       Net Latency:+       0 (I)        0 (I) 
           Arrival:=    3300            0     
                                              
             Setup:-     136                  
       Uncertainty:-     125                  
     Required Time:=    3038                  
      Launch Clock:-       0                  
         Data Path:-    3142                  
             Slack:=    -104                  

#--------------------------------------------------------------------------------------------------
#         Timing Point          Flags    Arc    Edge       Cell         Fanout Trans Delay Arrival 
#                                                                               (ps)  (ps)   (ps)  
#--------------------------------------------------------------------------------------------------
  u_ctrl/reg_req_mult_reg[3]/CK -       -       R     (arrival)             32     0     0       0 
  u_ctrl/reg_req_mult_reg[3]/Q  -       CK->Q   R     DFFRPQ_X4M_A9TL        2    87   304     304 
  g2454/Y                       -       A->Y    R     BUFH_X16M_A9TL        16   117   124     427 
  u_req/mul_61_51_I2_g57346/Y   -       A->Y    F     INV_X3M_A9TL           1    45    50     477 
  u_req/mul_61_51_I2_g56193/Y   -       B->Y    R     MXIT2_X3M_A9TL         1   113    80     556 
  u_req/mul_61_51_I2_g55919/Y   -       BN->Y   R     NAND2XB_X8M_A9TL       2   114   154     710 
  u_req/mul_61_51_I2_g55706/Y   -       A->Y    F     INV_X16M_A9TL         15    61    67     777 
  u_req/mul_61_51_I2_g55204/Y   -       A->Y    R     NAND2XB_X2M_A9TL       1    96    75     853 
  u_req/mul_61_51_I2_g54650/Y   -       B0N->Y  F     AO21B_X3M_A9TL         2    77    73     926 
  u_req/mul_61_51_I2_g58156/Y   -       A->Y    F     OR2_X2M_A9TL           1    70   136    1062 
  u_req/mul_61_51_I2_g54056/Y   -       A0->Y   R     AOI21_X6M_A9TL         3   118   108    1170 
  u_req/mul_61_51_I2_g53678/Y   -       A->Y    F     NAND2XB_X3M_A9TL       1    66    65    1235 
  u_req/mul_61_51_I2_g53546/Y   -       B->Y    R     NAND2_X4M_A9TL         1    81    77    1312 
  u_req/mul_61_51_I2_g53513/Y   -       B->Y    F     NAND2_X6M_A9TL         4    63    71    1382 
  u_req/mul_61_51_I2_g53286/Y   -       A->Y    R     NOR2XB_X4M_A9TL        1    97    82    1464 
  u_req/mul_61_51_I2_g53106/Y   -       A0->Y   R     OA21_X6M_A9TL          3    66   124    1589 
  u_req/mul_61_51_I2_g52873/Y   -       A->Y    F     NOR2_X3B_A9TL          1    79    69    1658 
  u_req/mul_61_51_I2_g52707/Y   -       B0->Y   R     AOI21_X3M_A9TL         2   162   127    1784 
  u_req/mul_61_51_I2_g52543/CON -       CI->CON F     CGENI_X2M_A9TL         1   126   115    1899 
  u_req/fopt60425/Y             -       A->Y    R     INV_X4M_A9TL           2    75    81    1980 
  u_req/mul_61_51_I2_g52378/Y   -       B->Y    R     XOR3_X4M_A9TL          2    78   230    2209 
  u_req/mul_61_51_I2_g52311/Y   -       A->Y    F     NAND2_X6B_A9TL         3    77    74    2283 
  u_req/mul_61_51_I2_g52275/Y   -       A->Y    R     NAND2_X6M_A9TL         2    91    82    2365 
  u_req/mul_61_51_I2_g52240/Y   -       A->Y    F     NOR2_X6A_A9TL          2    53    57    2422 
  u_req/mul_61_51_I2_g52194/Y   -       A1->Y   R     AOI211_X4M_A9TL        1   150   146    2567 
  u_req/mul_61_51_I2_g52187/Y   -       B0->Y   F     OAI21_X6M_A9TL         2    76    80    2647 
  u_req/mul_61_51_I2_g52178/Y   -       A->Y    F     AND2_X8M_A9TL          2    43   109    2757 
  u_req/mul_61_51_I2_g52169/Y   -       A->Y    R     NAND2_X6M_A9TL         3    98    71    2828 
  u_req/mul_61_51_I2_g52142/Y   -       A->Y    F     NAND2_X8M_A9TL         9    88    79    2907 
  u_req/mul_61_51_I2_g52130/Y   -       A->Y    R     NAND2_X2M_A9TL         1   106    86    2993 
  u_req/mul_61_51_I2_g52105/Y   -       A->Y    F     NAND3XXB_X4M_A9TL      1    77    70    3063 
  u_req/mul_61_51_I2_g52092/Y   -       A->Y    F     XOR2_X3M_A9TL          1    95    79    3142 
  u_req/prod_reg_reg[1][61]/A   -       -       F     A2DFFQ_X1M_A9TL        1     -     0    3142 
#--------------------------------------------------------------------------------------------------



Path 16: VIOLATED (-104 ps) Setup Check with Pin u_req/prod_reg_reg[1][62]/CK->A
          Group: reg2reg
     Startpoint: (R) u_ctrl/reg_req_mult_reg[10]/CK
          Clock: (R) clk
       Endpoint: (R) u_req/prod_reg_reg[1][62]/A
          Clock: (R) clk

                     Capture       Launch     
        Clock Edge:+    3300            0     
       Src Latency:+       0            0     
       Net Latency:+       0 (I)        0 (I) 
           Arrival:=    3300            0     
                                              
             Setup:-     133                  
       Uncertainty:-     125                  
     Required Time:=    3042                  
      Launch Clock:-       0                  
         Data Path:-    3146                  
             Slack:=    -104                  

#-------------------------------------------------------------------------------------------------
#         Timing Point           Flags   Arc   Edge       Cell         Fanout Trans Delay Arrival 
#                                                                              (ps)  (ps)   (ps)  
#-------------------------------------------------------------------------------------------------
  u_ctrl/reg_req_mult_reg[10]/CK -       -     R     (arrival)             32     0     0       0 
  u_ctrl/reg_req_mult_reg[10]/Q  -       CK->Q R     DFFRPQ_X4M_A9TL        2    66   287     287 
  g2448/Y                        -       A->Y  R     BUF_X16M_A9TL          8    84   118     405 
  u_req/mul_61_51_I2_g56993/Y    -       A->Y  F     INV_X7P5M_A9TL         4    45    51     456 
  u_req/mul_61_51_I2_g56990/Y    -       A->Y  R     INV_X4M_A9TL           3    62    56     511 
  u_req/mul_61_51_I2_g56816/Y    -       A->Y  F     NAND2_X2A_A9TL         1    82    74     585 
  u_req/mul_61_51_I2_g55435/Y    -       A0->Y R     AOI21_X4M_A9TL         1   104   105     690 
  u_req/mul_61_51_I2_g55369/Y    -       A->Y  F     NAND2XB_X6M_A9TL       2    66    65     755 
  u_req/mul_61_51_I2_g55254/Y    -       A->Y  R     INV_X9B_A9TL           9    85    78     833 
  u_req/mul_61_51_I2_g54543/Y    -       A->Y  F     NAND2XB_X3M_A9TL       1    71    68     901 
  u_req/mul_61_51_I2_g58303/Y    -       B0->Y R     OAI2XB1_X8M_A9TL       3   119    78     979 
  u_req/mul_61_51_I2_g53819/Y    -       B->Y  F     XNOR3_X3M_A9TL         2    98   270    1249 
  u_req/mul_61_51_I2_g53627/Y    -       A->Y  R     INV_X3M_A9TL           1    57    62    1312 
  u_req/mul_61_51_I2_g53493/Y    -       A0->Y F     AOI21_X4M_A9TL         1    65    63    1375 
  u_req/mul_61_51_I2_g52926/S    -       A->S  R     ADDF_X2M_A9TL          2   117   372    1747 
  u_req/mul_61_51_I2_g52734/Y    -       A->Y  F     XOR3_X3M_A9TL          2    99   189    1936 
  u_req/mul_61_51_I2_g52656/Y    -       A->Y  R     NOR2_X8B_A9TL          3    86    83    2019 
  u_req/mul_61_51_I2_g52522/Y    -       A1->Y F     AOI21_X6M_A9TL         2    64    73    2092 
  u_req/mul_61_51_I2_g52478/Y    -       A0->Y F     OA21_X4M_A9TL          3    72   155    2247 
  u_req/mul_61_51_I2_g52355/Y    -       A1->Y F     OA211_X6M_A9TL         4    67   177    2424 
  u_req/mul_61_51_I2_g52313/Y    -       A->Y  R     NAND2_X8B_A9TL         4    57    59    2484 
  u_req/mul_61_51_I2_g52280/Y    -       A->Y  F     NAND2_X8B_A9TL         3    62    57    2540 
  u_req/mul_61_51_I2_g52187/Y    -       A0->Y R     OAI21_X6M_A9TL         2    98    91    2632 
  u_req/mul_61_51_I2_g52178/Y    -       A->Y  R     AND2_X8M_A9TL          2    53   108    2739 
  u_req/mul_61_51_I2_g52169/Y    -       A->Y  F     NAND2_X6M_A9TL         3    73    59    2798 
  u_req/mul_61_51_I2_g52142/Y    -       A->Y  R     NAND2_X8M_A9TL         9   117    93    2891 
  u_req/mul_61_51_I2_g52129/Y    -       A->Y  F     NAND2_X2A_A9TL         1    91    82    2973 
  u_req/mul_61_51_I2_g52106/Y    -       A->Y  R     NAND3XXB_X4M_A9TL      1   121    86    3058 
  u_req/mul_61_51_I2_g52091/Y    -       A->Y  R     XOR2_X3M_A9TL          1   167    88    3146 
  u_req/prod_reg_reg[1][62]/A    -       -     R     A2DFFQ_X1M_A9TL        1     -     0    3146 
#-------------------------------------------------------------------------------------------------



Path 17: VIOLATED (-104 ps) Setup Check with Pin u_req/prod_reg_reg[1][62]/CK->A
          Group: reg2reg
     Startpoint: (R) u_ctrl/reg_req_mult_reg[19]/CK
          Clock: (R) clk
       Endpoint: (R) u_req/prod_reg_reg[1][62]/A
          Clock: (R) clk

                     Capture       Launch     
        Clock Edge:+    3300            0     
       Src Latency:+       0            0     
       Net Latency:+       0 (I)        0 (I) 
           Arrival:=    3300            0     
                                              
             Setup:-     133                  
       Uncertainty:-     125                  
     Required Time:=    3042                  
      Launch Clock:-       0                  
         Data Path:-    3146                  
             Slack:=    -104                  

#--------------------------------------------------------------------------------------------------
#         Timing Point           Flags    Arc   Edge       Cell         Fanout Trans Delay Arrival 
#                                                                               (ps)  (ps)   (ps)  
#--------------------------------------------------------------------------------------------------
  u_ctrl/reg_req_mult_reg[19]/CK -       -      R     (arrival)             32     0     0       0 
  u_ctrl/reg_req_mult_reg[19]/Q  -       CK->Q  F     DFFRPQ_X4M_A9TL        3    62   283     283 
  u_req/fopt58636/Y              -       A->Y   R     INV_X4M_A9TL           2   150   111     394 
  u_req/fopt58635/Y              -       A->Y   F     INV_X16M_A9TL         13    80    83     478 
  u_req/fopt58633/Y              -       A->Y   R     INV_X13M_A9TL          3    47    53     530 
  u_req/mul_61_51_I2_g56451/Y    -       B->Y   R     MXT2_X6M_A9TL          9   160   177     707 
  u_req/fopt60049/Y              -       A->Y   F     INV_X9M_A9TL           8    67    71     778 
  u_req/mul_61_51_I2_g55527/Y    -       B->Y   R     NAND2_X1P4M_A9TL       1    87    83     861 
  u_req/mul_61_51_I2_g54579/Y    -       BN->Y  R     NOR2XB_X4M_A9TL        2   138   171    1032 
  u_req/mul_61_51_I2_g54236/Y    -       B->Y   R     XOR2_X4M_A9TL          1   165   131    1163 
  u_req/mul_61_51_I2_g54126/Y    -       A->Y   R     XOR2_X3M_A9TL          1   168   115    1278 
  u_req/mul_61_51_I2_g53215/S    -       A->S   F     ADDF_X2M_A9TL          3   124   366    1644 
  u_req/mul_61_51_I2_g52928/Y    -       A->Y   R     NAND2_X2A_A9TL         1    69    76    1720 
  u_req/mul_61_51_I2_g52827/Y    -       A->Y   F     NAND2_X2A_A9TL         1   103    76    1795 
  u_req/mul_61_51_I2_g52786/Y    -       B0N->Y R     AO21B_X4M_A9TL         3    89    84    1879 
  u_req/mul_61_51_I2_g52642/Y    -       A->Y   F     INV_X4M_A9TL           1    34    39    1918 
  u_req/mul_61_51_I2_g52590/Y    -       B->Y   R     MXIT2_X3M_A9TL         2   156    92    2010 
  u_req/fopt59285/Y              -       A->Y   F     INV_X3M_A9TL           1    62    66    2076 
  u_req/mul_61_51_I2_g52353/Y    -       B->Y   F     XNOR3_X4M_A9TL         2    79   226    2302 
  u_req/mul_61_51_I2_g52297/Y    -       A->Y   R     NAND2_X3A_A9TL         2    89    80    2382 
  u_req/mul_61_51_I2_g52245/Y    -       A->Y   F     NAND2_X6M_A9TL         2    64    64    2446 
  u_req/mul_61_51_I2_g52203/Y    -       A->Y   R     NOR2_X8M_A9TL          2    77    73    2519 
  u_req/mul_61_51_I2_g57926/Y    -       AN->Y  R     NOR2B_X6M_A9TL         1    71   116    2634 
  u_req/mul_61_51_I2_g52178/Y    -       B->Y   R     AND2_X8M_A9TL          2    53   105    2739 
  u_req/mul_61_51_I2_g52169/Y    -       A->Y   F     NAND2_X6M_A9TL         3    73    59    2798 
  u_req/mul_61_51_I2_g52142/Y    -       A->Y   R     NAND2_X8M_A9TL         9   117    93    2891 
  u_req/mul_61_51_I2_g52129/Y    -       A->Y   F     NAND2_X2A_A9TL         1    91    82    2973 
  u_req/mul_61_51_I2_g52106/Y    -       A->Y   R     NAND3XXB_X4M_A9TL      1   121    86    3058 
  u_req/mul_61_51_I2_g52091/Y    -       A->Y   R     XOR2_X3M_A9TL          1   167    88    3146 
  u_req/prod_reg_reg[1][62]/A    -       -      R     A2DFFQ_X1M_A9TL        1     -     0    3146 
#--------------------------------------------------------------------------------------------------



Path 18: VIOLATED (-104 ps) Setup Check with Pin u_req/prod_reg_reg[1][62]/CK->A
          Group: reg2reg
     Startpoint: (R) u_ctrl/reg_req_mult_reg[19]/CK
          Clock: (R) clk
       Endpoint: (R) u_req/prod_reg_reg[1][62]/A
          Clock: (R) clk

                     Capture       Launch     
        Clock Edge:+    3300            0     
       Src Latency:+       0            0     
       Net Latency:+       0 (I)        0 (I) 
           Arrival:=    3300            0     
                                              
             Setup:-     133                  
       Uncertainty:-     125                  
     Required Time:=    3042                  
      Launch Clock:-       0                  
         Data Path:-    3146                  
             Slack:=    -104                  

#-------------------------------------------------------------------------------------------------
#         Timing Point           Flags   Arc   Edge       Cell         Fanout Trans Delay Arrival 
#                                                                              (ps)  (ps)   (ps)  
#-------------------------------------------------------------------------------------------------
  u_ctrl/reg_req_mult_reg[19]/CK -       -     R     (arrival)             32     0     0       0 
  u_ctrl/reg_req_mult_reg[19]/Q  -       CK->Q F     DFFRPQ_X4M_A9TL        3    62   283     283 
  u_req/fopt58636/Y              -       A->Y  R     INV_X4M_A9TL           2   150   111     394 
  u_req/fopt58635/Y              -       A->Y  F     INV_X16M_A9TL         13    80    83     478 
  u_req/fopt58633/Y              -       A->Y  R     INV_X13M_A9TL          3    47    53     530 
  u_req/mul_61_51_I2_g56451/Y    -       B->Y  R     MXT2_X6M_A9TL          9   160   177     707 
  u_req/fopt60049/Y              -       A->Y  F     INV_X9M_A9TL           8    67    71     778 
  u_req/mul_61_51_I2_g55527/Y    -       B->Y  R     NAND2_X1P4M_A9TL       1    87    83     861 
  u_req/mul_61_51_I2_g54579/Y    -       BN->Y R     NOR2XB_X4M_A9TL        2   138   171    1032 
  u_req/mul_61_51_I2_g54236/Y    -       B->Y  R     XOR2_X4M_A9TL          1   165   131    1163 
  u_req/mul_61_51_I2_g54126/Y    -       A->Y  R     XOR2_X3M_A9TL          1   168   115    1278 
  u_req/mul_61_51_I2_g53215/S    -       A->S  F     ADDF_X2M_A9TL          3   124   366    1644 
  u_req/mul_61_51_I2_g53173/Y    -       A->Y  R     INV_X2B_A9TR           1    72    90    1734 
  u_req/mul_61_51_I2_g52786/Y    -       A0->Y R     AO21B_X4M_A9TL         3    89   145    1879 
  u_req/mul_61_51_I2_g52642/Y    -       A->Y  F     INV_X4M_A9TL           1    34    39    1918 
  u_req/mul_61_51_I2_g52590/Y    -       B->Y  R     MXIT2_X3M_A9TL         2   156    92    2010 
  u_req/fopt59285/Y              -       A->Y  F     INV_X3M_A9TL           1    62    66    2076 
  u_req/mul_61_51_I2_g52353/Y    -       B->Y  F     XNOR3_X4M_A9TL         2    79   226    2302 
  u_req/mul_61_51_I2_g52297/Y    -       A->Y  R     NAND2_X3A_A9TL         2    89    80    2382 
  u_req/mul_61_51_I2_g52245/Y    -       A->Y  F     NAND2_X6M_A9TL         2    64    64    2446 
  u_req/mul_61_51_I2_g52203/Y    -       A->Y  R     NOR2_X8M_A9TL          2    77    73    2519 
  u_req/mul_61_51_I2_g57926/Y    -       AN->Y R     NOR2B_X6M_A9TL         1    71   116    2634 
  u_req/mul_61_51_I2_g52178/Y    -       B->Y  R     AND2_X8M_A9TL          2    53   105    2739 
  u_req/mul_61_51_I2_g52169/Y    -       A->Y  F     NAND2_X6M_A9TL         3    73    59    2798 
  u_req/mul_61_51_I2_g52142/Y    -       A->Y  R     NAND2_X8M_A9TL         9   117    93    2891 
  u_req/mul_61_51_I2_g52129/Y    -       A->Y  F     NAND2_X2A_A9TL         1    91    82    2973 
  u_req/mul_61_51_I2_g52106/Y    -       A->Y  R     NAND3XXB_X4M_A9TL      1   121    86    3058 
  u_req/mul_61_51_I2_g52091/Y    -       A->Y  R     XOR2_X3M_A9TL          1   167    88    3146 
  u_req/prod_reg_reg[1][62]/A    -       -     R     A2DFFQ_X1M_A9TL        1     -     0    3146 
#-------------------------------------------------------------------------------------------------



Path 19: VIOLATED (-104 ps) Setup Check with Pin u_req/prod_reg_reg[1][60]/CK->A
          Group: reg2reg
     Startpoint: (R) u_ctrl/reg_req_mult_reg[10]/CK
          Clock: (R) clk
       Endpoint: (F) u_req/prod_reg_reg[1][60]/A
          Clock: (R) clk

                     Capture       Launch     
        Clock Edge:+    3300            0     
       Src Latency:+       0            0     
       Net Latency:+       0 (I)        0 (I) 
           Arrival:=    3300            0     
                                              
             Setup:-     138                  
       Uncertainty:-     125                  
     Required Time:=    3036                  
      Launch Clock:-       0                  
         Data Path:-    3140                  
             Slack:=    -104                  

#--------------------------------------------------------------------------------------------------
#         Timing Point           Flags    Arc   Edge       Cell         Fanout Trans Delay Arrival 
#                                                                               (ps)  (ps)   (ps)  
#--------------------------------------------------------------------------------------------------
  u_ctrl/reg_req_mult_reg[10]/CK -       -      R     (arrival)             32     0     0       0 
  u_ctrl/reg_req_mult_reg[10]/Q  -       CK->Q  F     DFFRPQ_X4M_A9TL        2    53   275     275 
  g2448/Y                        -       A->Y   F     BUF_X16M_A9TL          8    64   118     393 
  u_req/mul_61_51_I2_g56993/Y    -       A->Y   R     INV_X7P5M_A9TL         4    59    60     454 
  u_req/mul_61_51_I2_g56894/Y    -       A->Y   F     NAND2_X4M_A9TL         2    65    61     515 
  u_req/mul_61_51_I2_g56802/Y    -       A->Y   R     INV_X3M_A9TL           2    62    64     578 
  u_req/mul_61_51_I2_g56801/Y    -       A->Y   F     INV_X3M_A9TL           1    38    44     622 
  u_req/mul_61_51_I2_g55370/Y    -       A->Y   R     NAND3_X6M_A9TL         2   128    80     703 
  u_req/mul_61_51_I2_g55257/Y    -       A->Y   F     INV_X7P5B_A9TL        10   139   123     826 
  u_req/mul_61_51_I2_g54391/Y    -       A0->Y  R     AOI2XB1_X3M_A9TL       1   114   129     955 
  u_req/mul_61_51_I2_g53667/S    -       B->S   F     ADDF_X2M_A9TL          2   124   341    1296 
  u_req/mul_61_51_I2_g58067/Y    -       B->Y   F     XOR3_X3M_A9TL          2   102   280    1575 
  u_req/mul_61_51_I2_g58014/Y    -       B->Y   F     XOR3_X3M_A9TL          2    93   262    1838 
  u_req/mul_61_51_I2_g52512/Y    -       C->Y   R     XOR3_X4M_A9TL          2    80   263    2101 
  u_req/mul_61_51_I2_g57948/Y    -       A1N->Y R     AOI2XB1_X8M_A9TL       2   103   155    2256 
  u_req/mul_61_51_I2_g52279/Y    -       B->Y   F     NAND2_X4A_A9TL         3    94    93    2349 
  u_req/mul_61_51_I2_g52233/Y    -       A0->Y  R     AOI21_X6M_A9TL         2   103   108    2456 
  u_req/mul_61_51_I2_g52195/Y    -       A0->Y  F     OAI21_X6M_A9TL         2    66    75    2532 
  u_req/mul_61_51_I2_g52184/Y    -       A->Y   R     NAND2_X6M_A9TL         1    58    58    2589 
  u_req/mul_61_51_I2_g52173/Y    -       B->Y   F     NAND3XXB_X6M_A9TL      2    88    78    2667 
  u_req/mul_61_51_I2_g52156/Y    -       A0->Y  R     AOI21_X8M_A9TL         3   128   117    2784 
  u_req/mul_61_51_I2_g52150/Y    -       A->Y   F     INV_X4M_A9TL           5    72    76    2861 
  u_req/mul_61_51_I2_g52137/Y    -       A0->Y  R     AOI21_X2M_A9TL         1   121   106    2967 
  u_req/mul_61_51_I2_g52112/Y    -       B0N->Y F     AO21B_X2M_A9TL         1    89    84    3051 
  u_req/mul_61_51_I2_g52095/Y    -       A->Y   F     XOR2_X2M_A9TL          1   100    89    3140 
  u_req/prod_reg_reg[1][60]/A    -       -      F     A2DFFQ_X1M_A9TL        1     -     0    3140 
#--------------------------------------------------------------------------------------------------



Path 20: VIOLATED (-104 ps) Setup Check with Pin u_req/prod_reg_reg[0][61]/CK->A
          Group: reg2reg
     Startpoint: (R) u_ctrl/reg_req_mult_reg[1]/CK
          Clock: (R) clk
       Endpoint: (F) u_req/prod_reg_reg[0][61]/A
          Clock: (R) clk

                     Capture       Launch     
        Clock Edge:+    3300            0     
       Src Latency:+       0            0     
       Net Latency:+       0 (I)        0 (I) 
           Arrival:=    3300            0     
                                              
             Setup:-     138                  
       Uncertainty:-     125                  
     Required Time:=    3037                  
      Launch Clock:-       0                  
         Data Path:-    3140                  
             Slack:=    -104                  

#--------------------------------------------------------------------------------------------------
#         Timing Point          Flags    Arc   Edge        Cell         Fanout Trans Delay Arrival 
#                                                                               (ps)  (ps)   (ps)  
#--------------------------------------------------------------------------------------------------
  u_ctrl/reg_req_mult_reg[1]/CK -       -      R     (arrival)              32     0     0       0 
  u_ctrl/reg_req_mult_reg[1]/Q  -       CK->Q  R     DFFRPQ_X4M_A9TL         2    78   298     298 
  u_req/fopt58921/Y             -       A->Y   F     INV_X9M_A9TL            4    47    54     351 
  u_req/fopt58847/Y             -       A->Y   R     INV_X5M_A9TL            6   156   109     460 
  u_req/fopt58819/Y             -       A->Y   F     INV_X4M_A9TL            7   104   103     563 
  u_req/fopt58817/Y             -       A->Y   R     INV_X3M_A9TL            5   114   104     667 
  u_req/mul_61_51_I1_g56747/Y   -       B0->Y  R     AO1B2_X3M_A9TL          2    69   140     807 
  u_req/mul_61_51_I1_g54658/Y   -       A1N->Y R     OAI2XB1_X1P4M_A9TL      1   171   196    1004 
  u_req/mul_61_51_I1_g53809/S   -       CI->S  F     ADDF_X1P4M_A9TL         2   130   344    1348 
  u_req/mul_61_51_I1_g53572/Y   -       A0->Y  R     AOI2XB1_X2M_A9TL        2   152   150    1498 
  u_req/mul_61_51_I1_g53151/Y   -       A->Y   R     AND2_X3M_A9TL           3    88   148    1645 
  u_req/mul_61_51_I1_g53035/Y   -       A1->Y  F     OAI21_X2M_A9TL          1    79    89    1735 
  u_req/mul_61_51_I1_g52978/Y   -       B0->Y  R     AOI2XB1_X3M_A9TL        1   115   102    1836 
  u_req/mul_61_51_I1_g52940/Y   -       B0N->Y F     AO21B_X4M_A9TL          2    79    75    1911 
  u_req/mul_61_51_I1_g52880/Y   -       B->Y   R     NAND2_X4M_A9TL          2    78    81    1992 
  u_req/mul_61_51_I1_g52816/Y   -       A->Y   F     NOR2XB_X4M_A9TL         2    74    64    2056 
  u_req/mul_61_51_I1_g52729/Y   -       A->Y   R     NAND2XB_X4M_A9TL        2    93    79    2135 
  u_req/mul_61_51_I1_g52465/Y   -       A1->Y  R     OA211_X4M_A9TL          2    66   150    2285 
  u_req/mul_61_51_I1_g52437/Y   -       A->Y   F     NOR2XB_X6M_A9TL         3    63    56    2341 
  u_req/mul_61_51_I1_g57945/Y   -       A->Y   R     NAND2XB_X4M_A9TL        2   100    79    2420 
  u_req/mul_61_51_I1_g52313/Y   -       B->Y   F     NAND2_X6B_A9TL          4    85    89    2509 
  u_req/mul_61_51_I1_g52280/Y   -       A->Y   R     NAND2_X6A_A9TL          3    62    67    2576 
  u_req/mul_61_51_I1_g52187/Y   -       A0->Y  F     OAI21_X6M_A9TL          2    72    61    2637 
  u_req/mul_61_51_I1_g52178/Y   -       A->Y   F     AND2_X6M_A9TL           2    48   115    2752 
  u_req/mul_61_51_I1_g52169/Y   -       A->Y   R     NAND2_X6M_A9TL          3    97    73    2825 
  u_req/mul_61_51_I1_g52142/Y   -       A->Y   F     NAND2_X8M_A9TL          9    90    80    2905 
  u_req/mul_61_51_I1_g52130/Y   -       A->Y   R     NAND2_X2M_A9TL          1   106    87    2992 
  u_req/mul_61_51_I1_g52105/Y   -       A->Y   F     NAND3XXB_X4M_A9TL       1    72    65    3057 
  u_req/mul_61_51_I1_g52092/Y   -       A->Y   F     XOR2_X2M_A9TL           1   100    83    3140 
  u_req/prod_reg_reg[0][61]/A   -       -      F     A2DFFQ_X1M_A9TL         1     -     0    3140 
#--------------------------------------------------------------------------------------------------



Path 21: VIOLATED (-104 ps) Setup Check with Pin u_req/prod_reg_reg[3][55]/CK->A
          Group: reg2reg
     Startpoint: (R) u_ctrl/reg_req_mult_reg[3]/CK
          Clock: (R) clk
       Endpoint: (R) u_req/prod_reg_reg[3][55]/A
          Clock: (R) clk

                     Capture       Launch     
        Clock Edge:+    3300            0     
       Src Latency:+       0            0     
       Net Latency:+       0 (I)        0 (I) 
           Arrival:=    3300            0     
                                              
             Setup:-     126                  
       Uncertainty:-     125                  
     Required Time:=    3049                  
      Launch Clock:-       0                  
         Data Path:-    3152                  
             Slack:=    -104                  

#-------------------------------------------------------------------------------------------------
#         Timing Point          Flags    Arc   Edge       Cell         Fanout Trans Delay Arrival 
#                                                                              (ps)  (ps)   (ps)  
#-------------------------------------------------------------------------------------------------
  u_ctrl/reg_req_mult_reg[3]/CK -       -      R     (arrival)             32     0     0       0 
  u_ctrl/reg_req_mult_reg[3]/Q  -       CK->Q  R     DFFRPQ_X4M_A9TL        2    87   304     304 
  g2454/Y                       -       A->Y   R     BUFH_X16M_A9TL        16   117   124     427 
  u_req/mul_61_51_I4_g57345/Y   -       A->Y   F     INV_X9M_A9TL           2    44    47     474 
  u_req/mul_61_51_I4_g57344/Y   -       A->Y   R     INV_X9M_A9TL           2    42    42     516 
  u_req/mul_61_51_I4_g57343/Y   -       A->Y   F     INV_X7P5M_A9TL         3    47    46     561 
  u_req/mul_61_51_I4_g57333/Y   -       A->Y   R     INV_X13M_A9TL         15   101    79     641 
  u_req/mul_61_51_I4_g56927/Y   -       A->Y   F     NAND2_X1P4M_A9TL       1    92    82     723 
  u_req/mul_61_51_I4_g56356/Y   -       A0N->Y R     AO1B2_X3M_A9TL         2    80    79     802 
  u_req/mul_61_51_I4_g54731/Y   -       A0->Y  R     AO21B_X3M_A9TL         2    83   143     945 
  u_req/mul_61_51_I4_g54270/Y   -       B->Y   R     XOR2_X3M_A9TL          1   191   138    1083 
  u_req/mul_61_51_I4_g54003/Y   -       S0->Y  R     MXIT2_X4M_A9TL         3   190   153    1236 
  u_req/mul_61_51_I4_g53542/Y   -       B->Y   F     NOR2_X4M_A9TL          1    77    93    1328 
  u_req/mul_61_51_I4_g53241/Y   -       A0->Y  R     OAI21_X4M_A9TL         1   102    98    1426 
  u_req/mul_61_51_I4_g52868/S   -       A->S   F     ADDF_X2M_A9TL          2   130   351    1778 
  u_req/mul_61_51_I4_g57994/Y   -       B->Y   F     XNOR2_X4M_A9TL         2   106   142    1920 
  u_req/mul_61_51_I4_g52573/Y   -       B->Y   R     NAND2_X4M_A9TL         3   103   103    2023 
  u_req/mul_61_51_I4_g52503/Y   -       A0->Y  F     AOI21_X2M_A9TL         1    86    86    2109 
  u_req/mul_61_51_I4_g52478/Y   -       B0->Y  F     OA21_X3M_A9TL          2    73   145    2254 
  u_req/mul_61_51_I4_g52355/Y   -       A0->Y  F     OA211_X6M_A9TL         4    68   170    2424 
  u_req/mul_61_51_I4_g52313/Y   -       B->Y   R     NAND2_X8A_A9TL         4    60    66    2490 
  u_req/mul_61_51_I4_g52280/Y   -       A->Y   F     NAND2_X8B_A9TL         3    62    58    2548 
  u_req/mul_61_51_I4_g52187/Y   -       A0->Y  R     OAI21_X6M_A9TL         2    99    91    2639 
  u_req/mul_61_51_I4_g52178/Y   -       A->Y   R     AND2_X8M_A9TL          2    51   107    2745 
  u_req/mul_61_51_I4_g52169/Y   -       A->Y   F     NAND2_X6M_A9TL         3    72    57    2802 
  u_req/mul_61_51_I4_g52142/Y   -       A->Y   R     NAND2_X8M_A9TL         9   120    94    2896 
  u_req/mul_61_51_I4_g52132/Y   -       A->Y   F     NAND2_X3M_A9TR         1    83    89    2985 
  u_req/mul_61_51_I4_g52109/Y   -       A->Y   R     NAND3XXB_X4M_A9TL      1   110    82    3068 
  u_req/mul_61_51_I4_g52094/Y   -       A->Y   R     XOR2_X3M_A9TL          1   137    84    3152 
  u_req/prod_reg_reg[3][55]/A   -       -      R     A2DFFQ_X1M_A9TL        1     -     0    3152 
#-------------------------------------------------------------------------------------------------



Path 22: VIOLATED (-103 ps) Setup Check with Pin u_req/prod_reg_reg[3][62]/CK->A
          Group: reg2reg
     Startpoint: (R) u_ctrl/reg_req_mult_reg[3]/CK
          Clock: (R) clk
       Endpoint: (F) u_req/prod_reg_reg[3][62]/A
          Clock: (R) clk

                     Capture       Launch     
        Clock Edge:+    3300            0     
       Src Latency:+       0            0     
       Net Latency:+       0 (I)        0 (I) 
           Arrival:=    3300            0     
                                              
             Setup:-     136                  
       Uncertainty:-     125                  
     Required Time:=    3039                  
      Launch Clock:-       0                  
         Data Path:-    3142                  
             Slack:=    -103                  

#-------------------------------------------------------------------------------------------------
#         Timing Point          Flags    Arc   Edge       Cell         Fanout Trans Delay Arrival 
#                                                                              (ps)  (ps)   (ps)  
#-------------------------------------------------------------------------------------------------
  u_ctrl/reg_req_mult_reg[3]/CK -       -      R     (arrival)             32     0     0       0 
  u_ctrl/reg_req_mult_reg[3]/Q  -       CK->Q  R     DFFRPQ_X4M_A9TL        2    87   304     304 
  g2454/Y                       -       A->Y   R     BUFH_X16M_A9TL        16   117   124     427 
  u_req/mul_61_51_I4_g57346/Y   -       A->Y   F     INV_X3M_A9TL           1    45    50     477 
  u_req/mul_61_51_I4_g56193/Y   -       B->Y   R     MXIT2_X3M_A9TL         1   113    80     556 
  u_req/mul_61_51_I4_g55919/Y   -       BN->Y  R     NAND2XB_X8M_A9TL       2   119   156     713 
  u_req/mul_61_51_I4_g55702/Y   -       A->Y   F     INV_X7P5M_A9TL        12    76    78     791 
  u_req/mul_61_51_I4_g55316/Y   -       B->Y   R     NAND2_X1P4M_A9TL       1   119   103     894 
  u_req/mul_61_51_I4_g54887/Y   -       B0N->Y F     AO21B_X3M_A9TL         2   117   104     998 
  u_req/mul_61_51_I4_g54350/Y   -       A->Y   R     NAND2XB_X4M_A9TL       2    84    87    1085 
  u_req/mul_61_51_I4_g54146/Y   -       A->Y   F     INV_X3M_A9TL           2    50    57    1142 
  u_req/mul_61_51_I4_g58063/Y   -       C->Y   F     XOR3_X4M_A9TL          2    85   258    1400 
  u_req/mul_61_51_I4_g52953/CON -       B->CON R     CGENI_X2M_A9TL         2   252   194    1594 
  u_req/mul_61_51_I4_g52853/Y   -       A->Y   F     INV_X4M_A9TL           2    85    86    1680 
  u_req/mul_61_51_I4_g52852/Y   -       A->Y   R     INV_X4M_A9TL           1    44    50    1730 
  u_req/mul_61_51_I4_g52689/Y   -       A->Y   F     MXIT2_X3M_A9TL         2   100    72    1802 
  u_req/mul_61_51_I4_g52588/Y   -       A->Y   R     XNOR3_X3M_A9TL         2    91   173    1975 
  u_req/mul_61_51_I4_g52442/CO  -       A->CO  R     CGEN_X2M_A9TL          2   133   204    2179 
  u_req/mul_61_51_I4_g52309/Y   -       B->Y   F     NOR2_X4B_A9TL          2    91   103    2282 
  u_req/mul_61_51_I4_g52270/Y   -       A->Y   R     NAND2_X2M_A9TL         1    73    77    2359 
  u_req/mul_61_51_I4_g52231/Y   -       B0->Y  F     OAI21_X2M_A9TL         1    81    78    2436 
  u_req/mul_61_51_I4_g52194/Y   -       C0->Y  R     AOI211_X4M_A9TL        1   151   121    2557 
  u_req/mul_61_51_I4_g52187/Y   -       B0->Y  F     OAI21_X6M_A9TL         2    76    80    2637 
  u_req/mul_61_51_I4_g52178/Y   -       A->Y   F     AND2_X8M_A9TL          2    42   108    2746 
  u_req/mul_61_51_I4_g52169/Y   -       A->Y   R     NAND2_X6M_A9TL         3    95    69    2815 
  u_req/mul_61_51_I4_g52142/Y   -       A->Y   F     NAND2_X8M_A9TL         9    91    80    2895 
  u_req/mul_61_51_I4_g52129/Y   -       A->Y   R     NAND2_X2M_A9TL         1   106    87    2982 
  u_req/mul_61_51_I4_g52106/Y   -       A->Y   F     NAND3XXB_X4M_A9TL      1   113    70    3052 
  u_req/mul_61_51_I4_g52091/Y   -       A->Y   F     XOR2_X3M_A9TL          1    95    90    3142 
  u_req/prod_reg_reg[3][62]/A   -       -      F     A2DFFQ_X1M_A9TL        1     -     0    3142 
#-------------------------------------------------------------------------------------------------



Path 23: VIOLATED (-103 ps) Setup Check with Pin u_req/prod_reg_reg[3][58]/CK->A
          Group: reg2reg
     Startpoint: (R) u_ctrl/reg_req_mult_reg[19]/CK
          Clock: (R) clk
       Endpoint: (R) u_req/prod_reg_reg[3][58]/A
          Clock: (R) clk

                     Capture       Launch     
        Clock Edge:+    3300            0     
       Src Latency:+       0            0     
       Net Latency:+       0 (I)        0 (I) 
           Arrival:=    3300            0     
                                              
             Setup:-     134                  
       Uncertainty:-     125                  
     Required Time:=    3041                  
      Launch Clock:-       0                  
         Data Path:-    3145                  
             Slack:=    -103                  

#-------------------------------------------------------------------------------------------------
#         Timing Point           Flags    Arc   Edge       Cell        Fanout Trans Delay Arrival 
#                                                                              (ps)  (ps)   (ps)  
#-------------------------------------------------------------------------------------------------
  u_ctrl/reg_req_mult_reg[19]/CK -       -      R     (arrival)            32     0     0       0 
  u_ctrl/reg_req_mult_reg[19]/Q  -       CK->Q  R     DFFRPQ_X4M_A9TL       3    78   298     298 
  u_req/fopt58636/Y              -       A->Y   F     INV_X4M_A9TL          2    98    86     383 
  u_req/fopt58617/Y              -       A->Y   R     INV_X13M_A9TL        15   124   108     491 
  u_req/mul_61_51_I4_g56806/Y    -       A->Y   F     NAND2_X3M_A9TL        1    70    69     560 
  u_req/mul_61_51_I4_g55432/Y    -       A1->Y  R     AOI21_X4M_A9TL        1    97   109     670 
  u_req/mul_61_51_I4_g55367/Y    -       B->Y   R     AND2_X8M_A9TL         6    82   133     803 
  u_req/mul_61_51_I4_g54532/Y    -       B->Y   F     NAND2_X2A_A9TL        1    77    79     882 
  u_req/mul_61_51_I4_g54399/Y    -       B0N->Y R     AO21B_X3M_A9TL        3    97    80     962 
  u_req/mul_61_51_I4_g58130/Y    -       A1N->Y R     AOI2XB1_X3M_A9TL      1   130   187    1149 
  u_req/mul_61_51_I4_g53877/Y    -       A->Y   F     NOR2XB_X6M_A9TL       2    61    69    1218 
  u_req/mul_61_51_I4_g53654/Y    -       A->Y   R     INV_X1M_A9TL          1    69    66    1285 
  u_req/mul_61_51_I4_g53239/CO   -       CI->CO R     CGEN_X2M_A9TL         2   121   176    1461 
  u_req/mul_61_51_I4_g53130/Y    -       A->Y   F     INV_X2M_A9TL          1    58    65    1526 
  u_req/mul_61_51_I4_g53014/CON  -       A->CON R     CGENI_X2M_A9TL        2   225   168    1694 
  u_req/mul_61_51_I4_g58396/SUM  -       B->SUM R     ADDFH_X2M_A9TL        2   106   327    2021 
  u_req/mul_61_51_I4_g52446/Y    -       C->Y   F     XOR3_X3M_A9TL         2    95   288    2309 
  u_req/mul_61_51_I4_g52300/Y    -       A->Y   R     NAND2_X4A_A9TL        2    73    73    2382 
  u_req/mul_61_51_I4_g52245/Y    -       A->Y   F     NAND2_X6M_A9TL        2    62    63    2444 
  u_req/mul_61_51_I4_g52203/Y    -       B->Y   R     NOR2_X8A_A9TL         2    78    81    2526 
  u_req/mul_61_51_I4_g57926/Y    -       AN->Y  R     NOR2B_X6M_A9TL        1    71   116    2641 
  u_req/mul_61_51_I4_g52178/Y    -       B->Y   R     AND2_X8M_A9TL         2    51   103    2745 
  u_req/mul_61_51_I4_g52169/Y    -       A->Y   F     NAND2_X6M_A9TL        3    72    57    2802 
  u_req/mul_61_51_I4_g52168/Y    -       A->Y   R     INV_X2M_A9TL          5   116    97    2898 
  u_req/mul_61_51_I4_g52113/Y    -       A0->Y  R     AO21B_X2M_A9TL        1    86   160    3059 
  u_req/mul_61_51_I4_g52098/Y    -       A->Y   R     XNOR2_X2M_A9TL        1   171    86    3145 
  u_req/prod_reg_reg[3][58]/A    -       -      R     A2DFFQ_X1M_A9TL       1     -     0    3145 
#-------------------------------------------------------------------------------------------------



Path 24: VIOLATED (-103 ps) Setup Check with Pin u_req/prod_reg_reg[1][62]/CK->A
          Group: reg2reg
     Startpoint: (R) u_ctrl/reg_req_mult_reg[1]/CK
          Clock: (R) clk
       Endpoint: (R) u_req/prod_reg_reg[1][62]/A
          Clock: (R) clk

                     Capture       Launch     
        Clock Edge:+    3300            0     
       Src Latency:+       0            0     
       Net Latency:+       0 (I)        0 (I) 
           Arrival:=    3300            0     
                                              
             Setup:-     133                  
       Uncertainty:-     125                  
     Required Time:=    3042                  
      Launch Clock:-       0                  
         Data Path:-    3146                  
             Slack:=    -103                  

#-------------------------------------------------------------------------------------------------
#         Timing Point          Flags    Arc   Edge       Cell         Fanout Trans Delay Arrival 
#                                                                              (ps)  (ps)   (ps)  
#-------------------------------------------------------------------------------------------------
  u_ctrl/reg_req_mult_reg[1]/CK -       -      R     (arrival)             32     0     0       0 
  u_ctrl/reg_req_mult_reg[1]/Q  -       CK->Q  R     DFFRPQ_X4M_A9TL        2    78   298     298 
  u_req/fopt58921/Y             -       A->Y   F     INV_X9M_A9TL           4    47    54     351 
  u_req/fopt58847/Y             -       A->Y   R     INV_X5M_A9TL           6   156   109     460 
  u_req/fopt58829/Y             -       A->Y   F     INV_X7P5M_A9TL        10    94    95     555 
  u_req/fopt58822/Y             -       A->Y   R     INV_X7P5M_A9TL         4    71    74     629 
  u_req/mul_61_51_I2_g56601/Y   -       S0->Y  R     MXIT2_X3M_A9TL         2   132    84     713 
  u_req/mul_61_51_I2_g58319/Y   -       AN->Y  R     NAND2B_X2M_A9TL        1   102   157     870 
  u_req/mul_61_51_I2_g54711/Y   -       B0N->Y F     AO21B_X4M_A9TL         2    85    80     949 
  u_req/mul_61_51_I2_g58147/Y   -       B->Y   F     XOR3_X2M_A9TL          2   128   309    1259 
  u_req/mul_61_51_I2_g53444/CON -       A->CON R     CGENI_X2M_A9TL         1   173   160    1419 
  u_req/mul_61_51_I2_g52868/S   -       B->S   F     ADDF_X2M_A9TL          2   130   364    1783 
  u_req/mul_61_51_I2_g57994/Y   -       B->Y   F     XNOR2_X4M_A9TL         2   108   143    1926 
  u_req/mul_61_51_I2_g52561/Y   -       B->Y   R     NOR2_X3M_A9TL          2   112   113    2039 
  u_req/mul_61_51_I2_g52503/Y   -       B0->Y  F     AOI21_X3M_A9TL         1    71    71    2109 
  u_req/mul_61_51_I2_g52478/Y   -       B0->Y  F     OA21_X4M_A9TL          3    72   138    2247 
  u_req/mul_61_51_I2_g52355/Y   -       A1->Y  F     OA211_X6M_A9TL         4    67   177    2424 
  u_req/mul_61_51_I2_g52313/Y   -       A->Y   R     NAND2_X8B_A9TL         4    57    59    2483 
  u_req/mul_61_51_I2_g52280/Y   -       A->Y   F     NAND2_X8B_A9TL         3    62    57    2540 
  u_req/mul_61_51_I2_g52187/Y   -       A0->Y  R     OAI21_X6M_A9TL         2    98    91    2631 
  u_req/mul_61_51_I2_g52178/Y   -       A->Y   R     AND2_X8M_A9TL          2    53   108    2739 
  u_req/mul_61_51_I2_g52169/Y   -       A->Y   F     NAND2_X6M_A9TL         3    73    59    2798 
  u_req/mul_61_51_I2_g52142/Y   -       A->Y   R     NAND2_X8M_A9TL         9   117    93    2891 
  u_req/mul_61_51_I2_g52129/Y   -       A->Y   F     NAND2_X2A_A9TL         1    91    82    2973 
  u_req/mul_61_51_I2_g52106/Y   -       A->Y   R     NAND3XXB_X4M_A9TL      1   121    86    3058 
  u_req/mul_61_51_I2_g52091/Y   -       A->Y   R     XOR2_X3M_A9TL          1   167    88    3146 
  u_req/prod_reg_reg[1][62]/A   -       -      R     A2DFFQ_X1M_A9TL        1     -     0    3146 
#-------------------------------------------------------------------------------------------------



Path 25: VIOLATED (-103 ps) Setup Check with Pin u_req/prod_reg_reg[3][62]/CK->A
          Group: reg2reg
     Startpoint: (R) u_ctrl/reg_req_mult_reg[3]/CK
          Clock: (R) clk
       Endpoint: (F) u_req/prod_reg_reg[3][62]/A
          Clock: (R) clk

                     Capture       Launch     
        Clock Edge:+    3300            0     
       Src Latency:+       0            0     
       Net Latency:+       0 (I)        0 (I) 
           Arrival:=    3300            0     
                                              
             Setup:-     136                  
       Uncertainty:-     125                  
     Required Time:=    3039                  
      Launch Clock:-       0                  
         Data Path:-    3142                  
             Slack:=    -103                  

#--------------------------------------------------------------------------------------------------
#         Timing Point          Flags    Arc    Edge       Cell         Fanout Trans Delay Arrival 
#                                                                               (ps)  (ps)   (ps)  
#--------------------------------------------------------------------------------------------------
  u_ctrl/reg_req_mult_reg[3]/CK -       -       R     (arrival)             32     0     0       0 
  u_ctrl/reg_req_mult_reg[3]/Q  -       CK->Q   R     DFFRPQ_X4M_A9TL        2    87   304     304 
  g2454/Y                       -       A->Y    R     BUFH_X16M_A9TL        16   117   124     427 
  u_req/mul_61_51_I4_g57360/Y   -       A->Y    R     BUF_X9M_A9TL           3    76   128     555 
  u_req/mul_61_51_I4_g57354/Y   -       A->Y    F     INV_X16M_A9TL         10    45    52     607 
  u_req/mul_61_51_I4_g57353/Y   -       A->Y    R     INV_X4M_A9TL           2    65    58     665 
  u_req/mul_61_51_I4_g56581/Y   -       S0->Y   R     MXIT2_X3M_A9TL         2   130    85     750 
  u_req/mul_61_51_I4_g55292/Y   -       BN->Y   R     NAND2XB_X2M_A9TL       1   120   171     920 
  u_req/mul_61_51_I4_g55094/Y   -       A->Y    F     NAND2XB_X6M_A9TL       3    74    72     993 
  u_req/mul_61_51_I4_g53986/Y   -       B->Y    F     XNOR3_X3M_A9TL         2    94   251    1244 
  u_req/mul_61_51_I4_g53732/Y   -       A->Y    R     INV_X2M_A9TL           1    56    60    1304 
  u_req/mul_61_51_I4_g53494/CON -       CI->CON F     CGENI_X2M_A9TL         1   113    84    1388 
  u_req/mul_61_51_I4_g53198/Y   -       A->Y    R     INV_X4M_A9TL           2    67    73    1461 
  u_req/mul_61_51_I4_g53008/Y   -       B->Y    F     XOR3_X4M_A9TL          2    91   248    1709 
  u_req/mul_61_51_I4_g57971/Y   -       B->Y    F     XOR3_X4M_A9TL          2    83   243    1952 
  u_req/mul_61_51_I4_g57956/Y   -       B->Y    R     XNOR3_X3M_A9TL         2   101   246    2198 
  u_req/mul_61_51_I4_g52312/Y   -       A->Y    F     NAND2_X6B_A9TL         4    86    82    2280 
  u_req/mul_61_51_I4_g52275/Y   -       A->Y    R     NAND2_X6M_A9TL         2    67    69    2349 
  u_req/mul_61_51_I4_g52240/Y   -       A->Y    F     NOR2_X4A_A9TL          2    62    59    2408 
  u_req/mul_61_51_I4_g52194/Y   -       A1->Y   R     AOI211_X4M_A9TL        1   151   149    2557 
  u_req/mul_61_51_I4_g52187/Y   -       B0->Y   F     OAI21_X6M_A9TL         2    76    80    2637 
  u_req/mul_61_51_I4_g52178/Y   -       A->Y    F     AND2_X8M_A9TL          2    42   108    2746 
  u_req/mul_61_51_I4_g52169/Y   -       A->Y    R     NAND2_X6M_A9TL         3    95    69    2815 
  u_req/mul_61_51_I4_g52142/Y   -       A->Y    F     NAND2_X8M_A9TL         9    91    80    2895 
  u_req/mul_61_51_I4_g52129/Y   -       A->Y    R     NAND2_X2M_A9TL         1   106    87    2982 
  u_req/mul_61_51_I4_g52106/Y   -       A->Y    F     NAND3XXB_X4M_A9TL      1   113    70    3051 
  u_req/mul_61_51_I4_g52091/Y   -       A->Y    F     XOR2_X3M_A9TL          1    95    90    3142 
  u_req/prod_reg_reg[3][62]/A   -       -       F     A2DFFQ_X1M_A9TL        1     -     0    3142 
#--------------------------------------------------------------------------------------------------



Path 26: VIOLATED (-103 ps) Setup Check with Pin u_req/prod_reg_reg[1][62]/CK->A
          Group: reg2reg
     Startpoint: (R) u_ctrl/reg_req_mult_reg[10]/CK
          Clock: (R) clk
       Endpoint: (R) u_req/prod_reg_reg[1][62]/A
          Clock: (R) clk

                     Capture       Launch     
        Clock Edge:+    3300            0     
       Src Latency:+       0            0     
       Net Latency:+       0 (I)        0 (I) 
           Arrival:=    3300            0     
                                              
             Setup:-     133                  
       Uncertainty:-     125                  
     Required Time:=    3042                  
      Launch Clock:-       0                  
         Data Path:-    3146                  
             Slack:=    -103                  

#---------------------------------------------------------------------------------------------------
#         Timing Point           Flags    Arc    Edge       Cell         Fanout Trans Delay Arrival 
#                                                                                (ps)  (ps)   (ps)  
#---------------------------------------------------------------------------------------------------
  u_ctrl/reg_req_mult_reg[10]/CK -       -       R     (arrival)             32     0     0       0 
  u_ctrl/reg_req_mult_reg[10]/Q  -       CK->Q   F     DFFRPQ_X4M_A9TL        2    53   275     275 
  g2448/Y                        -       A->Y    F     BUF_X16M_A9TL          8    64   118     393 
  u_req/mul_61_51_I2_g56993/Y    -       A->Y    R     INV_X7P5M_A9TL         4    59    60     454 
  u_req/mul_61_51_I2_g56894/Y    -       A->Y    F     NAND2_X4M_A9TL         2    65    61     515 
  u_req/mul_61_51_I2_g56802/Y    -       A->Y    R     INV_X3M_A9TL           2    62    64     578 
  u_req/mul_61_51_I2_g56801/Y    -       A->Y    F     INV_X3M_A9TL           1    38    44     622 
  u_req/mul_61_51_I2_g55370/Y    -       A->Y    R     NAND3_X6M_A9TL         2   128    80     703 
  u_req/mul_61_51_I2_g55257/Y    -       A->Y    F     INV_X7P5B_A9TL        10   139   123     826 
  u_req/mul_61_51_I2_g54391/Y    -       A0->Y   R     AOI2XB1_X3M_A9TL       1   114   129     955 
  u_req/mul_61_51_I2_g53667/CO   -       B->CO   R     ADDF_X2M_A9TL          3   177   251    1205 
  u_req/mul_61_51_I2_g58099/Y    -       B->Y    F     XOR3_X3M_A9TL          2    95   283    1488 
  u_req/mul_61_51_I2_g53122/Y    -       A->Y    R     INV_X2P5M_A9TL         2    83    84    1573 
  u_req/mul_61_51_I2_g53012/CON  -       CI->CON F     CGENI_X2M_A9TL         1    79    75    1648 
  u_req/mul_61_51_I2_g52646/SUM  -       A->SUM  F     ADDFH_X2M_A9TL         2   104   359    2007 
  u_req/mul_61_51_I2_g57949/Y    -       C->Y    F     XNOR3_X4M_A9TL         2    87   282    2290 
  u_req/mul_61_51_I2_g52299/Y    -       B->Y    R     NOR2_X4A_A9TL          2   112   104    2394 
  u_req/mul_61_51_I2_g52212/Y    -       A1->Y   F     AOI21_X4M_A9TL         1    69    86    2479 
  u_req/mul_61_51_I2_g52195/Y    -       B0->Y   R     OAI21_X6M_A9TL         2   103    73    2552 
  u_req/mul_61_51_I2_g52184/Y    -       A->Y    F     NAND2_X6M_A9TL         1    49    49    2602 
  u_req/mul_61_51_I2_g52173/Y    -       B->Y    R     NAND3XXB_X6M_A9TL      2   126    89    2691 
  u_req/mul_61_51_I2_g52156/Y    -       A0->Y   F     AOI21_X8M_A9TL         3    96    92    2783 
  u_req/mul_61_51_I2_g52142/Y    -       B->Y    R     NAND2_X8M_A9TL         9   117   108    2891 
  u_req/mul_61_51_I2_g52129/Y    -       A->Y    F     NAND2_X2A_A9TL         1    91    82    2972 
  u_req/mul_61_51_I2_g52106/Y    -       A->Y    R     NAND3XXB_X4M_A9TL      1   121    86    3058 
  u_req/mul_61_51_I2_g52091/Y    -       A->Y    R     XOR2_X3M_A9TL          1   167    88    3146 
  u_req/prod_reg_reg[1][62]/A    -       -       R     A2DFFQ_X1M_A9TL        1     -     0    3146 
#---------------------------------------------------------------------------------------------------



Path 27: VIOLATED (-103 ps) Setup Check with Pin u_req/prod_reg_reg[1][62]/CK->A
          Group: reg2reg
     Startpoint: (R) u_ctrl/reg_req_mult_reg[13]/CK
          Clock: (R) clk
       Endpoint: (R) u_req/prod_reg_reg[1][62]/A
          Clock: (R) clk

                     Capture       Launch     
        Clock Edge:+    3300            0     
       Src Latency:+       0            0     
       Net Latency:+       0 (I)        0 (I) 
           Arrival:=    3300            0     
                                              
             Setup:-     133                  
       Uncertainty:-     125                  
     Required Time:=    3042                  
      Launch Clock:-       0                  
         Data Path:-    3146                  
             Slack:=    -103                  

#---------------------------------------------------------------------------------------------------
#         Timing Point           Flags    Arc    Edge       Cell         Fanout Trans Delay Arrival 
#                                                                                (ps)  (ps)   (ps)  
#---------------------------------------------------------------------------------------------------
  u_ctrl/reg_req_mult_reg[13]/CK -       -       R     (arrival)             32     0     0       0 
  u_ctrl/reg_req_mult_reg[13]/Q  -       CK->Q   R     DFFRPQ_X4M_A9TL        2   107   315     315 
  u_req/fopt112/Y                -       A->Y    F     INV_X16M_A9TL         17    76    76     391 
  u_req/fopt58740/Y              -       A->Y    R     INV_X4M_A9TL           3    99    88     479 
  u_req/fopt58731/Y              -       A->Y    F     INV_X4M_A9TL          10   102    92     571 
  u_req/fopt58730/Y              -       A->Y    R     INV_X4M_A9TL           1    53    59     630 
  u_req/mul_61_51_I2_g56366/Y    -       S0->Y   R     MXIT2_X3M_A9TL         2   144    86     716 
  u_req/mul_61_51_I2_g55589/Y    -       A->Y    F     NOR2_X1P4A_A9TL        1    73    82     798 
  u_req/mul_61_51_I2_g54613/Y    -       BN->Y   F     NAND2XB_X3M_A9TL       2    80   148     946 
  u_req/mul_61_51_I2_g53866/CON  -       CI->CON R     CGENI_X2M_A9TL         2   213   154    1100 
  u_req/mul_61_51_I2_g53234/Y    -       C->Y    F     XOR3_X3M_A9TL          3   105   321    1421 
  u_req/mul_61_51_I2_g52892/Y    -       C->Y    F     XNOR3_X4M_A9TL         2    81   274    1695 
  u_req/mul_61_51_I2_g52738/Y    -       B->Y    R     XOR2_X4M_A9TL          2   195   135    1830 
  u_req/mul_61_51_I2_g52673/Y    -       A->Y    F     INV_X4M_A9TL           2    69    71    1900 
  u_req/mul_61_51_I2_g52576/Y    -       B->Y    R     MXIT2_X3M_A9TL         2   178   114    2014 
  u_req/mul_61_51_I2_g57955/Y    -       A->Y    F     NAND2_X1A_A9TL         2   240   199    2213 
  u_req/mul_61_51_I2_g52355/Y    -       B0->Y   F     OA211_X6M_A9TL         4    67   211    2424 
  u_req/mul_61_51_I2_g52313/Y    -       A->Y    R     NAND2_X8B_A9TL         4    57    59    2483 
  u_req/mul_61_51_I2_g52280/Y    -       A->Y    F     NAND2_X8B_A9TL         3    62    57    2540 
  u_req/mul_61_51_I2_g52187/Y    -       A0->Y   R     OAI21_X6M_A9TL         2    98    91    2631 
  u_req/mul_61_51_I2_g52178/Y    -       A->Y    R     AND2_X8M_A9TL          2    53   108    2739 
  u_req/mul_61_51_I2_g52169/Y    -       A->Y    F     NAND2_X6M_A9TL         3    73    59    2798 
  u_req/mul_61_51_I2_g52142/Y    -       A->Y    R     NAND2_X8M_A9TL         9   117    93    2891 
  u_req/mul_61_51_I2_g52129/Y    -       A->Y    F     NAND2_X2A_A9TL         1    91    82    2972 
  u_req/mul_61_51_I2_g52106/Y    -       A->Y    R     NAND3XXB_X4M_A9TL      1   121    86    3058 
  u_req/mul_61_51_I2_g52091/Y    -       A->Y    R     XOR2_X3M_A9TL          1   167    88    3146 
  u_req/prod_reg_reg[1][62]/A    -       -       R     A2DFFQ_X1M_A9TL        1     -     0    3146 
#---------------------------------------------------------------------------------------------------



Path 28: VIOLATED (-103 ps) Setup Check with Pin u_req/prod_reg_reg[1][62]/CK->A
          Group: reg2reg
     Startpoint: (R) u_ctrl/reg_req_mult_reg[3]/CK
          Clock: (R) clk
       Endpoint: (R) u_req/prod_reg_reg[1][62]/A
          Clock: (R) clk

                     Capture       Launch     
        Clock Edge:+    3300            0     
       Src Latency:+       0            0     
       Net Latency:+       0 (I)        0 (I) 
           Arrival:=    3300            0     
                                              
             Setup:-     133                  
       Uncertainty:-     125                  
     Required Time:=    3042                  
      Launch Clock:-       0                  
         Data Path:-    3146                  
             Slack:=    -103                  

#-------------------------------------------------------------------------------------------------
#         Timing Point          Flags    Arc   Edge       Cell         Fanout Trans Delay Arrival 
#                                                                              (ps)  (ps)   (ps)  
#-------------------------------------------------------------------------------------------------
  u_ctrl/reg_req_mult_reg[3]/CK -       -      R     (arrival)             32     0     0       0 
  u_ctrl/reg_req_mult_reg[3]/Q  -       CK->Q  F     DFFRPQ_X4M_A9TL        2    67   288     288 
  g2454/Y                       -       A->Y   F     BUFH_X16M_A9TL        16    76   110     398 
  u_req/mul_61_51_I2_g57345/Y   -       A->Y   R     INV_X9M_A9TL           2    49    54     452 
  u_req/mul_61_51_I2_g56448/Y   -       A->Y   F     MXIT2_X3M_A9TL         1    84    71     523 
  u_req/mul_61_51_I2_g56131/Y   -       A->Y   R     INV_X6M_A9TL           2    57    61     584 
  u_req/mul_61_51_I2_g56130/Y   -       A->Y   F     INV_X5B_A9TL           2    60    59     643 
  u_req/mul_61_51_I2_g56129/Y   -       A->Y   R     INV_X7P5M_A9TL         4    82    74     718 
  u_req/mul_61_51_I2_g56120/Y   -       A->Y   F     INV_X13M_A9TL         15    56    61     779 
  u_req/mul_61_51_I2_g55912/Y   -       B->Y   R     NAND2_X3M_A9TL         2   125    96     875 
  u_req/mul_61_51_I2_g55624/Y   -       A->Y   F     INV_X2M_A9TL           1    52    57     932 
  u_req/mul_61_51_I2_g54716/Y   -       A->Y   R     NOR2_X3M_A9TL          2   120    93    1025 
  u_req/mul_61_51_I2_g58169/Y   -       B->Y   R     XOR2_X3M_A9TL          1   180   143    1168 
  u_req/mul_61_51_I2_g53996/Y   -       S0->Y  R     MXIT2_X3M_A9TL         2   154   126    1295 
  u_req/mul_61_51_I2_g53443/CO  -       CI->CO R     CGEN_X2M_A9TL          3   121   202    1497 
  u_req/mul_61_51_I2_g53023/Y   -       C->Y   F     XNOR3_X3M_A9TL         2    94   290    1787 
  u_req/mul_61_51_I2_g52772/Y   -       S0->Y  R     MXIT2_X3M_A9TL         1   143    96    1883 
  u_req/mul_61_51_I2_g52589/Y   -       A->Y   R     XOR2_X4M_A9TL          2   214   131    2014 
  u_req/mul_61_51_I2_g57947/Y   -       B->Y   F     XOR3_X4M_A9TL          2    95   298    2312 
  u_req/mul_61_51_I2_g52247/Y   -       A->Y   R     NOR2XB_X6M_A9TL        2    92    86    2398 
  u_req/mul_61_51_I2_g52218/Y   -       A0->Y  F     AOI21_X6M_A9TL         2    75    71    2469 
  u_req/mul_61_51_I2_g52188/Y   -       B1->Y  F     OA22_X4M_A9TL          1    55   138    2607 
  u_req/mul_61_51_I2_g52173/Y   -       A->Y   R     NAND3XXB_X6M_A9TL      2   126    84    2691 
  u_req/mul_61_51_I2_g52156/Y   -       A0->Y  F     AOI21_X8M_A9TL         3    96    92    2783 
  u_req/mul_61_51_I2_g52142/Y   -       B->Y   R     NAND2_X8M_A9TL         9   117   108    2891 
  u_req/mul_61_51_I2_g52129/Y   -       A->Y   F     NAND2_X2A_A9TL         1    91    82    2972 
  u_req/mul_61_51_I2_g52106/Y   -       A->Y   R     NAND3XXB_X4M_A9TL      1   121    86    3058 
  u_req/mul_61_51_I2_g52091/Y   -       A->Y   R     XOR2_X3M_A9TL          1   167    88    3146 
  u_req/prod_reg_reg[1][62]/A   -       -      R     A2DFFQ_X1M_A9TL        1     -     0    3146 
#-------------------------------------------------------------------------------------------------



Path 29: VIOLATED (-103 ps) Setup Check with Pin u_req/prod_reg_reg[1][60]/CK->A
          Group: reg2reg
     Startpoint: (R) u_ctrl/reg_req_mult_reg[19]/CK
          Clock: (R) clk
       Endpoint: (F) u_req/prod_reg_reg[1][60]/A
          Clock: (R) clk

                     Capture       Launch     
        Clock Edge:+    3300            0     
       Src Latency:+       0            0     
       Net Latency:+       0 (I)        0 (I) 
           Arrival:=    3300            0     
                                              
             Setup:-     138                  
       Uncertainty:-     125                  
     Required Time:=    3036                  
      Launch Clock:-       0                  
         Data Path:-    3140                  
             Slack:=    -103                  

#--------------------------------------------------------------------------------------------------
#         Timing Point           Flags    Arc   Edge       Cell         Fanout Trans Delay Arrival 
#                                                                               (ps)  (ps)   (ps)  
#--------------------------------------------------------------------------------------------------
  u_ctrl/reg_req_mult_reg[19]/CK -       -      R     (arrival)             32     0     0       0 
  u_ctrl/reg_req_mult_reg[19]/Q  -       CK->Q  R     DFFRPQ_X4M_A9TL        3    78   298     298 
  u_req/fopt58636/Y              -       A->Y   F     INV_X4M_A9TL           2    98    86     383 
  u_req/fopt58635/Y              -       A->Y   R     INV_X16M_A9TL         13    98    94     477 
  u_req/fopt58633/Y              -       A->Y   F     INV_X13M_A9TL          3    38    42     519 
  u_req/mul_61_51_I2_g56451/Y    -       B->Y   F     MXT2_X6M_A9TL          9   123   185     704 
  u_req/fopt60049/Y              -       A->Y   R     INV_X9M_A9TL           8    79    84     788 
  u_req/mul_61_51_I2_g55783/Y    -       A->Y   F     NAND2_X3M_A9TL         1    81    51     839 
  u_req/mul_61_51_I2_g54923/Y    -       B0N->Y F     AOI21B_X6M_A9TL        2    76   132     972 
  u_req/mul_61_51_I2_g53891/CO   -       A->CO  F     CGEN_X2M_A9TL          2   104   220    1192 
  u_req/mul_61_51_I2_g53419/CO   -       A->CO  F     CGEN_X2M_A9TL          2   101   228    1420 
  u_req/mul_61_51_I2_g53108/Y    -       A0->Y  F     OA21_X4M_A9TL          3    67   162    1583 
  u_req/mul_61_51_I2_g52984/Y    -       A->Y   R     NAND2_X2M_A9TL         1   104    83    1666 
  u_req/mul_61_51_I2_g52902/Y    -       A0->Y  F     AOI21_X4M_A9TL         3   101    97    1762 
  u_req/mul_61_51_I2_g52509/Y    -       C->Y   F     XNOR3_X4M_A9TL         2    87   281    2043 
  u_req/mul_61_51_I2_g52351/Y    -       B->Y   R     XNOR3_X4M_A9TL         2    78   223    2266 
  u_req/mul_61_51_I2_g52279/Y    -       A->Y   F     NAND2_X4A_A9TL         3    94    82    2348 
  u_req/mul_61_51_I2_g52233/Y    -       A0->Y  R     AOI21_X6M_A9TL         2   103   108    2456 
  u_req/mul_61_51_I2_g52195/Y    -       A0->Y  F     OAI21_X6M_A9TL         2    66    75    2531 
  u_req/mul_61_51_I2_g52184/Y    -       A->Y   R     NAND2_X6M_A9TL         1    58    58    2589 
  u_req/mul_61_51_I2_g52173/Y    -       B->Y   F     NAND3XXB_X6M_A9TL      2    88    78    2667 
  u_req/mul_61_51_I2_g52156/Y    -       A0->Y  R     AOI21_X8M_A9TL         3   128   117    2784 
  u_req/mul_61_51_I2_g52150/Y    -       A->Y   F     INV_X4M_A9TL           5    72    76    2861 
  u_req/mul_61_51_I2_g52137/Y    -       A0->Y  R     AOI21_X2M_A9TL         1   121   106    2967 
  u_req/mul_61_51_I2_g52112/Y    -       B0N->Y F     AO21B_X2M_A9TL         1    89    84    3051 
  u_req/mul_61_51_I2_g52095/Y    -       A->Y   F     XOR2_X2M_A9TL          1   100    89    3140 
  u_req/prod_reg_reg[1][60]/A    -       -      F     A2DFFQ_X1M_A9TL        1     -     0    3140 
#--------------------------------------------------------------------------------------------------



Path 30: VIOLATED (-103 ps) Setup Check with Pin u_req/prod_reg_reg[3][58]/CK->A
          Group: reg2reg
     Startpoint: (R) u_ctrl/reg_req_mult_reg[3]/CK
          Clock: (R) clk
       Endpoint: (R) u_req/prod_reg_reg[3][58]/A
          Clock: (R) clk

                     Capture       Launch     
        Clock Edge:+    3300            0     
       Src Latency:+       0            0     
       Net Latency:+       0 (I)        0 (I) 
           Arrival:=    3300            0     
                                              
             Setup:-     134                  
       Uncertainty:-     125                  
     Required Time:=    3041                  
      Launch Clock:-       0                  
         Data Path:-    3145                  
             Slack:=    -103                  

#-------------------------------------------------------------------------------------------------
#         Timing Point          Flags    Arc    Edge       Cell        Fanout Trans Delay Arrival 
#                                                                              (ps)  (ps)   (ps)  
#-------------------------------------------------------------------------------------------------
  u_ctrl/reg_req_mult_reg[3]/CK -       -       R     (arrival)            32     0     0       0 
  u_ctrl/reg_req_mult_reg[3]/Q  -       CK->Q   R     DFFRPQ_X4M_A9TL       2    87   304     304 
  g2454/Y                       -       A->Y    R     BUFH_X16M_A9TL       16   117   124     427 
  u_req/mul_61_51_I4_g57345/Y   -       A->Y    F     INV_X9M_A9TL          2    44    47     474 
  u_req/mul_61_51_I4_g57344/Y   -       A->Y    R     INV_X9M_A9TL          2    42    42     516 
  u_req/mul_61_51_I4_g56193/Y   -       A->Y    F     MXIT2_X3M_A9TL        1    64    58     574 
  u_req/mul_61_51_I4_g55919/Y   -       BN->Y   F     NAND2XB_X8M_A9TL      2   100   136     710 
  u_req/mul_61_51_I4_g55706/Y   -       A->Y    R     INV_X16M_A9TL        15    82    84     794 
  u_req/mul_61_51_I4_g55705/Y   -       A->Y    F     INV_X6M_A9TL          2    42    48     842 
  u_req/mul_61_51_I4_g55704/Y   -       A->Y    R     INV_X5M_A9TL          4    60    53     896 
  u_req/mul_61_51_I4_g55347/Y   -       B->Y    F     NAND2_X3A_A9TL        1    86    77     973 
  u_req/mul_61_51_I4_g55046/Y   -       A->Y    R     NAND2XB_X8M_A9TL      3    85    77    1050 
  u_req/mul_61_51_I4_g53920/Y   -       A1->Y   F     OAI21_X6M_A9TL        1    63    72    1122 
  u_req/mul_61_51_I4_g53864/Y   -       B->Y    R     NAND2_X6M_A9TL        2    78    78    1199 
  u_req/mul_61_51_I4_g53473/Y   -       B->Y    F     NAND2_X4B_A9TL        1    74    74    1273 
  u_req/mul_61_51_I4_g53430/Y   -       B0N->Y  R     AO21B_X6M_A9TL        2    65    58    1331 
  u_req/mul_61_51_I4_g52996/Y   -       C->Y    F     XNOR3_X4M_A9TL        2    83   261    1592 
  u_req/mul_61_51_I4_g52836/Y   -       B->Y    R     XNOR2_X4M_A9TL        2   217   143    1735 
  u_req/mul_61_51_I4_g52622/Y   -       B->Y    F     XNOR3_X4M_A9TL        2    84   282    2016 
  u_req/mul_61_51_I4_g52464/CON -       CI->CON R     CGENI_X2M_A9TL        2   215   156    2172 
  u_req/mul_61_51_I4_g52412/Y   -       B1->Y   F     AOI22_X4M_A9TL        1   104   107    2279 
  u_req/mul_61_51_I4_g52355/Y   -       C0->Y   F     OA211_X6M_A9TL        4    68   144    2423 
  u_req/mul_61_51_I4_g52313/Y   -       B->Y    R     NAND2_X8A_A9TL        4    60    66    2489 
  u_req/mul_61_51_I4_g52280/Y   -       A->Y    F     NAND2_X8B_A9TL        3    62    58    2547 
  u_req/mul_61_51_I4_g52187/Y   -       A0->Y   R     OAI21_X6M_A9TL        2    99    91    2638 
  u_req/mul_61_51_I4_g52178/Y   -       A->Y    R     AND2_X8M_A9TL         2    51   107    2744 
  u_req/mul_61_51_I4_g52169/Y   -       A->Y    F     NAND2_X6M_A9TL        3    72    57    2802 
  u_req/mul_61_51_I4_g52168/Y   -       A->Y    R     INV_X2M_A9TL          5   116    97    2898 
  u_req/mul_61_51_I4_g52113/Y   -       A0->Y   R     AO21B_X2M_A9TL        1    86   160    3058 
  u_req/mul_61_51_I4_g52098/Y   -       A->Y    R     XNOR2_X2M_A9TL        1   171    86    3144 
  u_req/prod_reg_reg[3][58]/A   -       -       R     A2DFFQ_X1M_A9TL       1     -     0    3145 
#-------------------------------------------------------------------------------------------------



Path 31: VIOLATED (-103 ps) Setup Check with Pin u_req/prod_reg_reg[1][62]/CK->A
          Group: reg2reg
     Startpoint: (R) u_ctrl/reg_req_mult_reg[19]/CK
          Clock: (R) clk
       Endpoint: (R) u_req/prod_reg_reg[1][62]/A
          Clock: (R) clk

                     Capture       Launch     
        Clock Edge:+    3300            0     
       Src Latency:+       0            0     
       Net Latency:+       0 (I)        0 (I) 
           Arrival:=    3300            0     
                                              
             Setup:-     133                  
       Uncertainty:-     125                  
     Required Time:=    3042                  
      Launch Clock:-       0                  
         Data Path:-    3146                  
             Slack:=    -103                  

#--------------------------------------------------------------------------------------------------
#         Timing Point           Flags    Arc   Edge       Cell         Fanout Trans Delay Arrival 
#                                                                               (ps)  (ps)   (ps)  
#--------------------------------------------------------------------------------------------------
  u_ctrl/reg_req_mult_reg[19]/CK -       -      R     (arrival)             32     0     0       0 
  u_ctrl/reg_req_mult_reg[19]/Q  -       CK->Q  F     DFFRPQ_X4M_A9TL        3    62   283     283 
  u_req/fopt58636/Y              -       A->Y   R     INV_X4M_A9TL           2   150   111     394 
  u_req/fopt58635/Y              -       A->Y   F     INV_X16M_A9TL         13    80    83     478 
  u_req/fopt58633/Y              -       A->Y   R     INV_X13M_A9TL          3    47    53     530 
  u_req/mul_61_51_I2_g56451/Y    -       B->Y   R     MXT2_X6M_A9TL          9   160   177     707 
  u_req/fopt60051/Y              -       A->Y   F     INV_X2M_A9TL           2    65    71     778 
  u_req/mul_61_51_I2_g55742/Y    -       A->Y   R     NAND2_X1A_A9TL         1   106    82     860 
  u_req/mul_61_51_I2_g54938/Y    -       A0N->Y F     AO1B2_X2M_A9TL         1    77    81     941 
  u_req/mul_61_51_I2_g53665/S    -       CI->S  R     ADDF_X2M_A9TL          3   163   383    1323 
  u_req/mul_61_51_I2_g53228/Y    -       C->Y   F     XNOR3_X4M_A9TL         2    93   298    1622 
  u_req/mul_61_51_I2_g52954/Y    -       A0->Y  R     AOI21_X6M_A9TL         2    89   100    1721 
  u_req/mul_61_51_I2_g52670/CO   -       A->CO  R     CGEN_X2M_A9TL          2   123   198    1919 
  u_req/mul_61_51_I2_g52440/Y    -       B->Y   F     XOR3_X4M_A9TL          2    84   253    2172 
  u_req/mul_61_51_I2_g52367/Y    -       A->Y   R     NAND2_X4M_A9TL         3   133   105    2276 
  u_req/mul_61_51_I2_g52339/Y    -       A->Y   F     NAND2_X6M_A9TL         4    84    80    2357 
  u_req/mul_61_51_I2_g52240/Y    -       B->Y   R     NOR2_X6A_A9TL          2    83    91    2448 
  u_req/mul_61_51_I2_g52194/Y    -       A1->Y  F     AOI211_X4M_A9TL        1   105   100    2548 
  u_req/mul_61_51_I2_g52187/Y    -       B0->Y  R     OAI21_X6M_A9TL         2    98    83    2631 
  u_req/mul_61_51_I2_g52178/Y    -       A->Y   R     AND2_X8M_A9TL          2    53   108    2739 
  u_req/mul_61_51_I2_g52169/Y    -       A->Y   F     NAND2_X6M_A9TL         3    73    59    2798 
  u_req/mul_61_51_I2_g52142/Y    -       A->Y   R     NAND2_X8M_A9TL         9   117    93    2890 
  u_req/mul_61_51_I2_g52129/Y    -       A->Y   F     NAND2_X2A_A9TL         1    91    82    2972 
  u_req/mul_61_51_I2_g52106/Y    -       A->Y   R     NAND3XXB_X4M_A9TL      1   121    86    3058 
  u_req/mul_61_51_I2_g52091/Y    -       A->Y   R     XOR2_X3M_A9TL          1   167    88    3145 
  u_req/prod_reg_reg[1][62]/A    -       -      R     A2DFFQ_X1M_A9TL        1     -     0    3146 
#--------------------------------------------------------------------------------------------------



Path 32: VIOLATED (-103 ps) Setup Check with Pin u_req/prod_reg_reg[1][62]/CK->A
          Group: reg2reg
     Startpoint: (R) u_ctrl/reg_req_mult_reg[19]/CK
          Clock: (R) clk
       Endpoint: (R) u_req/prod_reg_reg[1][62]/A
          Clock: (R) clk

                     Capture       Launch     
        Clock Edge:+    3300            0     
       Src Latency:+       0            0     
       Net Latency:+       0 (I)        0 (I) 
           Arrival:=    3300            0     
                                              
             Setup:-     133                  
       Uncertainty:-     125                  
     Required Time:=    3042                  
      Launch Clock:-       0                  
         Data Path:-    3146                  
             Slack:=    -103                  

#-------------------------------------------------------------------------------------------------
#         Timing Point           Flags   Arc   Edge       Cell         Fanout Trans Delay Arrival 
#                                                                              (ps)  (ps)   (ps)  
#-------------------------------------------------------------------------------------------------
  u_ctrl/reg_req_mult_reg[19]/CK -       -     R     (arrival)             32     0     0       0 
  u_ctrl/reg_req_mult_reg[19]/Q  -       CK->Q F     DFFRPQ_X4M_A9TL        3    62   283     283 
  u_req/fopt58636/Y              -       A->Y  R     INV_X4M_A9TL           2   150   111     394 
  u_req/fopt58617/Y              -       A->Y  F     INV_X13M_A9TL         15    94    94     488 
  u_req/mul_61_51_I2_g56450/Y    -       B->Y  R     MXIT2_X4M_A9TL         1   137   106     594 
  u_req/mul_61_51_I2_g55916/Y    -       A->Y  R     AND2_X11M_A9TL        13   101   148     742 
  u_req/mul_61_51_I2_g55665/Y    -       A->Y  F     INV_X5M_A9TL           3    50    55     798 
  u_req/mul_61_51_I2_g54617/Y    -       A0->Y R     OAI22_X3M_A9TL         2   223   153     951 
  u_req/mul_61_51_I2_g58166/Y    -       C->Y  F     XOR3_X4M_A9TL          3    92   310    1262 
  u_req/mul_61_51_I2_g53488/Y    -       S0->Y R     MXIT2_X4M_A9TL         1   136    94    1356 
  u_req/mul_61_51_I2_g53232/Y    -       S0->Y R     MXIT2_X4M_A9TL         2   164   125    1481 
  u_req/mul_61_51_I2_g53112/Y    -       A->Y  F     INV_X3M_A9TL           2    64    68    1549 
  u_req/mul_61_51_I2_g53071/Y    -       B->Y  R     NAND2_X1P4M_A9TL       1   106    92    1642 
  u_req/mul_61_51_I2_g2/Y        -       B0->Y R     OA21_X3M_A9TL          3    96   150    1791 
  u_req/mul_61_51_I2_g52699/Y    -       S0->Y R     MXIT2_X3M_A9TL         1   140    98    1889 
  u_req/mul_61_51_I2_g52576/Y    -       S0->Y R     MXIT2_X3M_A9TL         2   178   126    2014 
  u_req/mul_61_51_I2_g57955/Y    -       A->Y  F     NAND2_X1A_A9TL         2   240   199    2213 
  u_req/mul_61_51_I2_g52355/Y    -       B0->Y F     OA211_X6M_A9TL         4    67   211    2424 
  u_req/mul_61_51_I2_g52313/Y    -       A->Y  R     NAND2_X8B_A9TL         4    57    59    2483 
  u_req/mul_61_51_I2_g52280/Y    -       A->Y  F     NAND2_X8B_A9TL         3    62    57    2540 
  u_req/mul_61_51_I2_g52187/Y    -       A0->Y R     OAI21_X6M_A9TL         2    98    91    2631 
  u_req/mul_61_51_I2_g52178/Y    -       A->Y  R     AND2_X8M_A9TL          2    53   108    2739 
  u_req/mul_61_51_I2_g52169/Y    -       A->Y  F     NAND2_X6M_A9TL         3    73    59    2798 
  u_req/mul_61_51_I2_g52142/Y    -       A->Y  R     NAND2_X8M_A9TL         9   117    93    2890 
  u_req/mul_61_51_I2_g52129/Y    -       A->Y  F     NAND2_X2A_A9TL         1    91    82    2972 
  u_req/mul_61_51_I2_g52106/Y    -       A->Y  R     NAND3XXB_X4M_A9TL      1   121    86    3058 
  u_req/mul_61_51_I2_g52091/Y    -       A->Y  R     XOR2_X3M_A9TL          1   167    88    3145 
  u_req/prod_reg_reg[1][62]/A    -       -     R     A2DFFQ_X1M_A9TL        1     -     0    3146 
#-------------------------------------------------------------------------------------------------



Path 33: VIOLATED (-103 ps) Setup Check with Pin u_req/prod_reg_reg[1][62]/CK->A
          Group: reg2reg
     Startpoint: (R) u_ctrl/reg_req_mult_reg[10]/CK
          Clock: (R) clk
       Endpoint: (R) u_req/prod_reg_reg[1][62]/A
          Clock: (R) clk

                     Capture       Launch     
        Clock Edge:+    3300            0     
       Src Latency:+       0            0     
       Net Latency:+       0 (I)        0 (I) 
           Arrival:=    3300            0     
                                              
             Setup:-     133                  
       Uncertainty:-     125                  
     Required Time:=    3042                  
      Launch Clock:-       0                  
         Data Path:-    3146                  
             Slack:=    -103                  

#--------------------------------------------------------------------------------------------------
#         Timing Point           Flags    Arc   Edge       Cell         Fanout Trans Delay Arrival 
#                                                                               (ps)  (ps)   (ps)  
#--------------------------------------------------------------------------------------------------
  u_ctrl/reg_req_mult_reg[10]/CK -       -      R     (arrival)             32     0     0       0 
  u_ctrl/reg_req_mult_reg[10]/Q  -       CK->Q  F     DFFRPQ_X4M_A9TL        2    53   275     275 
  g2448/Y                        -       A->Y   F     BUF_X16M_A9TL          8    64   118     393 
  u_req/mul_61_51_I2_g56993/Y    -       A->Y   R     INV_X7P5M_A9TL         4    59    60     454 
  u_req/mul_61_51_I2_g56894/Y    -       A->Y   F     NAND2_X4M_A9TL         2    65    61     515 
  u_req/mul_61_51_I2_g56802/Y    -       A->Y   R     INV_X3M_A9TL           2    62    64     578 
  u_req/mul_61_51_I2_g56801/Y    -       A->Y   F     INV_X3M_A9TL           1    38    44     622 
  u_req/mul_61_51_I2_g55370/Y    -       A->Y   R     NAND3_X6M_A9TL         2   128    80     703 
  u_req/mul_61_51_I2_g55264/Y    -       A->Y   F     INV_X5M_A9TL           9   109   102     805 
  u_req/mul_61_51_I2_g54551/Y    -       A->Y   R     NAND2XB_X1M_A9TL       1   158   129     934 
  u_req/mul_61_51_I2_g54384/Y    -       B0N->Y F     AO21B_X3M_A9TL         2   102    99    1032 
  u_req/mul_61_51_I2_g54111/Y    -       B0->Y  R     OAI21_X3M_A9TL         1   114    89    1122 
  u_req/mul_61_51_I2_g54062/Y    -       B->Y   F     NAND2_X3A_A9TL         3   101    98    1220 
  u_req/mul_61_51_I2_g53714/Y    -       A->Y   R     INV_X2M_A9TL           1    66    70    1290 
  u_req/mul_61_51_I2_g53558/Y    -       A->Y   F     MXIT2_X3M_A9TL         1    87    75    1365 
  u_req/mul_61_51_I2_g58084/Y    -       A->Y   R     XNOR2_X4M_A9TL         2   209   103    1468 
  u_req/mul_61_51_I2_g58024/Y    -       B->Y   F     XNOR3_X3M_A9TL         2    94   289    1758 
  u_req/mul_61_51_I2_g57993/Y    -       B->Y   R     XOR2_X4M_A9TL          1   168   126    1883 
  u_req/mul_61_51_I2_g52590/Y    -       S0->Y  R     MXIT2_X3M_A9TL         2   156   126    2009 
  u_req/fopt59285/Y              -       A->Y   F     INV_X3M_A9TL           1    62    66    2076 
  u_req/mul_61_51_I2_g52353/Y    -       B->Y   F     XNOR3_X4M_A9TL         2    79   226    2302 
  u_req/mul_61_51_I2_g52297/Y    -       A->Y   R     NAND2_X3A_A9TL         2    89    80    2381 
  u_req/mul_61_51_I2_g52245/Y    -       A->Y   F     NAND2_X6M_A9TL         2    64    64    2446 
  u_req/mul_61_51_I2_g52203/Y    -       A->Y   R     NOR2_X8M_A9TL          2    77    73    2518 
  u_req/mul_61_51_I2_g57926/Y    -       AN->Y  R     NOR2B_X6M_A9TL         1    71   116    2634 
  u_req/mul_61_51_I2_g52178/Y    -       B->Y   R     AND2_X8M_A9TL          2    53   105    2739 
  u_req/mul_61_51_I2_g52169/Y    -       A->Y   F     NAND2_X6M_A9TL         3    73    59    2798 
  u_req/mul_61_51_I2_g52142/Y    -       A->Y   R     NAND2_X8M_A9TL         9   117    93    2890 
  u_req/mul_61_51_I2_g52129/Y    -       A->Y   F     NAND2_X2A_A9TL         1    91    82    2972 
  u_req/mul_61_51_I2_g52106/Y    -       A->Y   R     NAND3XXB_X4M_A9TL      1   121    86    3058 
  u_req/mul_61_51_I2_g52091/Y    -       A->Y   R     XOR2_X3M_A9TL          1   167    88    3145 
  u_req/prod_reg_reg[1][62]/A    -       -      R     A2DFFQ_X1M_A9TL        1     -     0    3146 
#--------------------------------------------------------------------------------------------------



Path 34: VIOLATED (-103 ps) Setup Check with Pin u_req/prod_reg_reg[1][61]/CK->A
          Group: reg2reg
     Startpoint: (R) u_ctrl/reg_req_mult_reg[3]/CK
          Clock: (R) clk
       Endpoint: (F) u_req/prod_reg_reg[1][61]/A
          Clock: (R) clk

                     Capture       Launch     
        Clock Edge:+    3300            0     
       Src Latency:+       0            0     
       Net Latency:+       0 (I)        0 (I) 
           Arrival:=    3300            0     
                                              
             Setup:-     136                  
       Uncertainty:-     125                  
     Required Time:=    3038                  
      Launch Clock:-       0                  
         Data Path:-    3142                  
             Slack:=    -103                  

#--------------------------------------------------------------------------------------------------
#         Timing Point          Flags    Arc    Edge       Cell         Fanout Trans Delay Arrival 
#                                                                               (ps)  (ps)   (ps)  
#--------------------------------------------------------------------------------------------------
  u_ctrl/reg_req_mult_reg[3]/CK -       -       R     (arrival)             32     0     0       0 
  u_ctrl/reg_req_mult_reg[3]/Q  -       CK->Q   R     DFFRPQ_X4M_A9TL        2    87   304     304 
  g2454/Y                       -       A->Y    R     BUFH_X16M_A9TL        16   117   124     427 
  u_req/mul_61_51_I2_g57345/Y   -       A->Y    F     INV_X9M_A9TL           2    44    47     474 
  u_req/mul_61_51_I2_g57344/Y   -       A->Y    R     INV_X9M_A9TL           2    42    42     516 
  u_req/mul_61_51_I2_g57343/Y   -       A->Y    F     INV_X7P5M_A9TL         3    47    46     561 
  u_req/mul_61_51_I2_g57340/Y   -       A->Y    R     INV_X7P5M_A9TL         3    64    58     619 
  u_req/mul_61_51_I2_g56231/Y   -       S0->Y   R     MXIT2_X3M_A9TL         2   115    81     700 
  u_req/mul_61_51_I2_g55204/Y   -       BN->Y   R     NAND2XB_X2M_A9TL       1    96   152     852 
  u_req/mul_61_51_I2_g54650/Y   -       B0N->Y  F     AO21B_X3M_A9TL         2    77    73     926 
  u_req/mul_61_51_I2_g58156/Y   -       A->Y    F     OR2_X2M_A9TL           1    70   136    1062 
  u_req/mul_61_51_I2_g54056/Y   -       A0->Y   R     AOI21_X6M_A9TL         3   118   108    1170 
  u_req/mul_61_51_I2_g53678/Y   -       A->Y    F     NAND2XB_X3M_A9TL       1    66    65    1234 
  u_req/mul_61_51_I2_g53546/Y   -       B->Y    R     NAND2_X4M_A9TL         1    81    77    1311 
  u_req/mul_61_51_I2_g53513/Y   -       B->Y    F     NAND2_X6M_A9TL         4    63    71    1382 
  u_req/mul_61_51_I2_g53286/Y   -       A->Y    R     NOR2XB_X4M_A9TL        1    97    82    1464 
  u_req/mul_61_51_I2_g53106/Y   -       A0->Y   R     OA21_X6M_A9TL          3    66   124    1588 
  u_req/mul_61_51_I2_g52873/Y   -       A->Y    F     NOR2_X3B_A9TL          1    79    69    1657 
  u_req/mul_61_51_I2_g52707/Y   -       B0->Y   R     AOI21_X3M_A9TL         2   162   127    1784 
  u_req/mul_61_51_I2_g52543/CON -       CI->CON F     CGENI_X2M_A9TL         1   126   115    1898 
  u_req/fopt60425/Y             -       A->Y    R     INV_X4M_A9TL           2    75    81    1979 
  u_req/mul_61_51_I2_g52378/Y   -       B->Y    R     XOR3_X4M_A9TL          2    78   230    2209 
  u_req/mul_61_51_I2_g52311/Y   -       A->Y    F     NAND2_X6B_A9TL         3    77    74    2283 
  u_req/mul_61_51_I2_g52275/Y   -       A->Y    R     NAND2_X6M_A9TL         2    91    82    2364 
  u_req/mul_61_51_I2_g52240/Y   -       A->Y    F     NOR2_X6A_A9TL          2    53    57    2421 
  u_req/mul_61_51_I2_g52194/Y   -       A1->Y   R     AOI211_X4M_A9TL        1   150   146    2567 
  u_req/mul_61_51_I2_g52187/Y   -       B0->Y   F     OAI21_X6M_A9TL         2    76    80    2647 
  u_req/mul_61_51_I2_g52178/Y   -       A->Y    F     AND2_X8M_A9TL          2    43   109    2756 
  u_req/mul_61_51_I2_g52169/Y   -       A->Y    R     NAND2_X6M_A9TL         3    98    71    2828 
  u_req/mul_61_51_I2_g52142/Y   -       A->Y    F     NAND2_X8M_A9TL         9    88    79    2907 
  u_req/mul_61_51_I2_g52130/Y   -       A->Y    R     NAND2_X2M_A9TL         1   106    86    2993 
  u_req/mul_61_51_I2_g52105/Y   -       A->Y    F     NAND3XXB_X4M_A9TL      1    77    70    3062 
  u_req/mul_61_51_I2_g52092/Y   -       A->Y    F     XOR2_X3M_A9TL          1    95    79    3142 
  u_req/prod_reg_reg[1][61]/A   -       -       F     A2DFFQ_X1M_A9TL        1     -     0    3142 
#--------------------------------------------------------------------------------------------------



Path 35: VIOLATED (-103 ps) Setup Check with Pin u_req/prod_reg_reg[3][60]/CK->A
          Group: reg2reg
     Startpoint: (R) u_ctrl/reg_req_mult_reg[12]/CK
          Clock: (R) clk
       Endpoint: (F) u_req/prod_reg_reg[3][60]/A
          Clock: (R) clk

                     Capture       Launch     
        Clock Edge:+    3300            0     
       Src Latency:+       0            0     
       Net Latency:+       0 (I)        0 (I) 
           Arrival:=    3300            0     
                                              
             Setup:-     136                  
       Uncertainty:-     125                  
     Required Time:=    3038                  
      Launch Clock:-       0                  
         Data Path:-    3142                  
             Slack:=    -103                  

#-------------------------------------------------------------------------------------------------
#         Timing Point           Flags    Arc   Edge       Cell        Fanout Trans Delay Arrival 
#                                                                              (ps)  (ps)   (ps)  
#-------------------------------------------------------------------------------------------------
  u_ctrl/reg_req_mult_reg[12]/CK -       -      R     (arrival)            32     0     0       0 
  u_ctrl/reg_req_mult_reg[12]/Q  -       CK->Q  R     DFFRPQ_X4M_A9TL       2    87   304     304 
  g2428/Y                        -       A->Y   R     BUFH_X16M_A9TL       20   105   117     420 
  u_req/mul_61_51_I4_g58364/Y    -       B->Y   R     XNOR2_X4M_A9TL        1   150   122     543 
  u_req/mul_61_51_I4_g55915/Y    -       BN->Y  R     NAND2XB_X8M_A9TL      4    94   154     697 
  u_req/mul_61_51_I4_g55655/Y    -       A->Y   F     INV_X4M_A9TL          4    63    67     764 
  u_req/mul_61_51_I4_g55652/Y    -       A->Y   R     INV_X5M_A9TL          3    68    68     832 
  u_req/mul_61_51_I4_g55649/Y    -       A->Y   F     INV_X9B_A9TL         11    86    79     911 
  u_req/mul_61_51_I4_g54633/Y    -       B0->Y  F     AO1B2_X2M_A9TL        1    92   144    1056 
  u_req/mul_61_51_I4_g53800/S    -       A->S   R     ADDF_X1P4M_A9TL       2   130   365    1420 
  u_req/mul_61_51_I4_g53326/Y    -       B->Y   R     XNOR2_X3M_A9TL        1   181   145    1565 
  u_req/mul_61_51_I4_g52925/CO   -       A->CO  R     ADDF_X2M_A9TL         2   124   246    1812 
  u_req/mul_61_51_I4_g52839/Y    -       A->Y   F     XNOR3_X3M_A9TL        2    92   170    1982 
  u_req/mul_61_51_I4_g57972/Y    -       B->Y   F     XOR3_X3M_A9TL         2    88   251    2233 
  u_req/mul_61_51_I4_g57944/Y    -       A->Y   F     OR2_X4M_A9TL          4    67   140    2373 
  u_req/mul_61_51_I4_g52383/Y    -       A->Y   R     NAND2_X6M_A9TL        4    83    71    2444 
  u_req/mul_61_51_I4_g57937/Y    -       BN->Y  R     NAND2XB_X6M_A9TL      2    90   131    2574 
  u_req/mul_61_51_I4_g52174/Y    -       A1->Y  F     OAI211_X4M_A9TL       1   103   106    2680 
  u_req/mul_61_51_I4_g52156/Y    -       B0->Y  R     AOI21_X8M_A9TL        2   130   117    2797 
  u_req/fopt58461/Y              -       A->Y   F     INV_X7P5M_A9TL        6    60    66    2863 
  u_req/mul_61_51_I4_g52137/Y    -       A0->Y  R     AOI21_X2M_A9TL        1   119   102    2965 
  u_req/mul_61_51_I4_g52112/Y    -       B0N->Y F     AO21B_X2M_A9TL        1    98    91    3056 
  u_req/mul_61_51_I4_g52095/Y    -       A->Y   F     XOR2_X3M_A9TL         1    95    86    3142 
  u_req/prod_reg_reg[3][60]/A    -       -      F     A2DFFQ_X1M_A9TL       1     -     0    3142 
#-------------------------------------------------------------------------------------------------



Path 36: VIOLATED (-103 ps) Setup Check with Pin u_req/prod_reg_reg[3][58]/CK->A
          Group: reg2reg
     Startpoint: (R) u_ctrl/reg_req_mult_reg[0]/CK
          Clock: (R) clk
       Endpoint: (R) u_req/prod_reg_reg[3][58]/A
          Clock: (R) clk

                     Capture       Launch     
        Clock Edge:+    3300            0     
       Src Latency:+       0            0     
       Net Latency:+       0 (I)        0 (I) 
           Arrival:=    3300            0     
                                              
             Setup:-     134                  
       Uncertainty:-     125                  
     Required Time:=    3041                  
      Launch Clock:-       0                  
         Data Path:-    3144                  
             Slack:=    -103                  

#------------------------------------------------------------------------------------------------
#         Timing Point          Flags    Arc   Edge       Cell        Fanout Trans Delay Arrival 
#                                                                             (ps)  (ps)   (ps)  
#------------------------------------------------------------------------------------------------
  u_ctrl/reg_req_mult_reg[0]/CK -       -      R     (arrival)            32     0     0       0 
  u_ctrl/reg_req_mult_reg[0]/Q  -       CK->Q  R     DFFRPQ_X3M_A9TL       2    80   302     302 
  g2426/Y                       -       A->Y   R     BUF_X13M_A9TL         5    70   112     414 
  u_req/mul_61_51_I4_g57249/Y   -       A->Y   F     INV_X6M_A9TL          9    82    75     489 
  u_req/mul_61_51_I4_g57246/Y   -       A->Y   R     INV_X11M_A9TL        13    74    76     565 
  u_req/mul_61_51_I4_g55617/Y   -       BN->Y  R     NAND2XB_X6M_A9TL      2   121   145     710 
  u_req/mul_61_51_I4_g55396/Y   -       A->Y   F     INV_X13M_A9TL         9    54    59     769 
  u_req/mul_61_51_I4_g58319/Y   -       B->Y   R     NAND2B_X2M_A9TL       1    90    78     847 
  u_req/mul_61_51_I4_g54711/Y   -       B0N->Y F     AO21B_X3M_A9TL        2   102    90     937 
  u_req/mul_61_51_I4_g58147/Y   -       B->Y   F     XOR3_X2M_A9TL         2   128   315    1252 
  u_req/mul_61_51_I4_g53444/CON -       A->CON R     CGENI_X2M_A9TL        1   173   160    1413 
  u_req/mul_61_51_I4_g52868/S   -       B->S   F     ADDF_X2M_A9TL         2   130   364    1776 
  u_req/mul_61_51_I4_g57994/Y   -       B->Y   F     XNOR2_X4M_A9TL        2   106   142    1919 
  u_req/mul_61_51_I4_g52573/Y   -       B->Y   R     NAND2_X4M_A9TL        3   103   103    2022 
  u_req/mul_61_51_I4_g52503/Y   -       A0->Y  F     AOI21_X2M_A9TL        1    86    86    2108 
  u_req/mul_61_51_I4_g52478/Y   -       B0->Y  F     OA21_X3M_A9TL         2    73   145    2253 
  u_req/mul_61_51_I4_g52355/Y   -       A0->Y  F     OA211_X6M_A9TL        4    68   170    2423 
  u_req/mul_61_51_I4_g52313/Y   -       B->Y   R     NAND2_X8A_A9TL        4    60    66    2489 
  u_req/mul_61_51_I4_g52280/Y   -       A->Y   F     NAND2_X8B_A9TL        3    62    58    2546 
  u_req/mul_61_51_I4_g52187/Y   -       A0->Y  R     OAI21_X6M_A9TL        2    99    91    2638 
  u_req/mul_61_51_I4_g52178/Y   -       A->Y   R     AND2_X8M_A9TL         2    51   107    2744 
  u_req/mul_61_51_I4_g52169/Y   -       A->Y   F     NAND2_X6M_A9TL        3    72    57    2802 
  u_req/mul_61_51_I4_g52168/Y   -       A->Y   R     INV_X2M_A9TL          5   116    97    2898 
  u_req/mul_61_51_I4_g52113/Y   -       A0->Y  R     AO21B_X2M_A9TL        1    86   160    3058 
  u_req/mul_61_51_I4_g52098/Y   -       A->Y   R     XNOR2_X2M_A9TL        1   171    86    3144 
  u_req/prod_reg_reg[3][58]/A   -       -      R     A2DFFQ_X1M_A9TL       1     -     0    3144 
#------------------------------------------------------------------------------------------------



Path 37: VIOLATED (-103 ps) Setup Check with Pin u_req/prod_reg_reg[3][55]/CK->A
          Group: reg2reg
     Startpoint: (R) u_ctrl/reg_req_mult_reg[13]/CK
          Clock: (R) clk
       Endpoint: (R) u_req/prod_reg_reg[3][55]/A
          Clock: (R) clk

                     Capture       Launch     
        Clock Edge:+    3300            0     
       Src Latency:+       0            0     
       Net Latency:+       0 (I)        0 (I) 
           Arrival:=    3300            0     
                                              
             Setup:-     126                  
       Uncertainty:-     125                  
     Required Time:=    3049                  
      Launch Clock:-       0                  
         Data Path:-    3152                  
             Slack:=    -103                  

#-------------------------------------------------------------------------------------------------
#         Timing Point           Flags   Arc   Edge       Cell         Fanout Trans Delay Arrival 
#                                                                              (ps)  (ps)   (ps)  
#-------------------------------------------------------------------------------------------------
  u_ctrl/reg_req_mult_reg[13]/CK -       -     R     (arrival)             32     0     0       0 
  u_ctrl/reg_req_mult_reg[13]/Q  -       CK->Q R     DFFRPQ_X4M_A9TL        2   107   315     315 
  u_req/fopt112/Y                -       A->Y  F     INV_X16M_A9TL         17    76    76     391 
  u_req/fopt58781/Y              -       A->Y  R     INV_X5M_A9TL           7   153   118     509 
  u_req/fopt58775/Y              -       A->Y  R     BUF_X11B_A9TL          7    71   147     656 
  u_req/mul_61_51_I4_g56235/Y    -       S0->Y R     MXIT2_X2M_A9TL         2   173   100     756 
  u_req/mul_61_51_I4_g55133/Y    -       BN->Y R     NAND2XB_X2M_A9TL       1    89   167     923 
  u_req/mul_61_51_I4_g55043/Y    -       B->Y  R     AND2_X4M_A9TL          3    79   131    1054 
  u_req/mul_61_51_I4_g53574/Y    -       C->Y  F     XNOR3_X4M_A9TL         2    81   261    1314 
  u_req/mul_61_51_I4_g53241/Y    -       A1->Y R     OAI21_X4M_A9TL         1   102   112    1426 
  u_req/mul_61_51_I4_g52868/S    -       A->S  F     ADDF_X2M_A9TL          2   130   351    1777 
  u_req/mul_61_51_I4_g57994/Y    -       B->Y  F     XNOR2_X4M_A9TL         2   106   142    1919 
  u_req/mul_61_51_I4_g52573/Y    -       B->Y  R     NAND2_X4M_A9TL         3   103   103    2022 
  u_req/mul_61_51_I4_g52503/Y    -       A0->Y F     AOI21_X2M_A9TL         1    86    86    2109 
  u_req/mul_61_51_I4_g52478/Y    -       B0->Y F     OA21_X3M_A9TL          2    73   145    2254 
  u_req/mul_61_51_I4_g52355/Y    -       A0->Y F     OA211_X6M_A9TL         4    68   170    2424 
  u_req/mul_61_51_I4_g52313/Y    -       B->Y  R     NAND2_X8A_A9TL         4    60    66    2490 
  u_req/mul_61_51_I4_g52280/Y    -       A->Y  F     NAND2_X8B_A9TL         3    62    58    2547 
  u_req/mul_61_51_I4_g52187/Y    -       A0->Y R     OAI21_X6M_A9TL         2    99    91    2638 
  u_req/mul_61_51_I4_g52178/Y    -       A->Y  R     AND2_X8M_A9TL          2    51   107    2745 
  u_req/mul_61_51_I4_g52169/Y    -       A->Y  F     NAND2_X6M_A9TL         3    72    57    2802 
  u_req/mul_61_51_I4_g52142/Y    -       A->Y  R     NAND2_X8M_A9TL         9   120    94    2896 
  u_req/mul_61_51_I4_g52132/Y    -       A->Y  F     NAND2_X3M_A9TR         1    83    89    2985 
  u_req/mul_61_51_I4_g52109/Y    -       A->Y  R     NAND3XXB_X4M_A9TL      1   110    82    3068 
  u_req/mul_61_51_I4_g52094/Y    -       A->Y  R     XOR2_X3M_A9TL          1   137    84    3152 
  u_req/prod_reg_reg[3][55]/A    -       -     R     A2DFFQ_X1M_A9TL        1     -     0    3152 
#-------------------------------------------------------------------------------------------------



Path 38: VIOLATED (-103 ps) Setup Check with Pin u_req/prod_reg_reg[1][62]/CK->A
          Group: reg2reg
     Startpoint: (R) u_ctrl/reg_req_mult_reg[25]/CK
          Clock: (R) clk
       Endpoint: (R) u_req/prod_reg_reg[1][62]/A
          Clock: (R) clk

                     Capture       Launch     
        Clock Edge:+    3300            0     
       Src Latency:+       0            0     
       Net Latency:+       0 (I)        0 (I) 
           Arrival:=    3300            0     
                                              
             Setup:-     133                  
       Uncertainty:-     125                  
     Required Time:=    3042                  
      Launch Clock:-       0                  
         Data Path:-    3145                  
             Slack:=    -103                  

#-------------------------------------------------------------------------------------------------
#         Timing Point           Flags   Arc   Edge       Cell         Fanout Trans Delay Arrival 
#                                                                              (ps)  (ps)   (ps)  
#-------------------------------------------------------------------------------------------------
  u_ctrl/reg_req_mult_reg[25]/CK -       -     R     (arrival)             32     0     0       0 
  u_ctrl/reg_req_mult_reg[25]/Q  -       CK->Q R     DFFRPQ_X4M_A9TL        1    66   287     287 
  u_ctrl/fopt18707/Y             -       A->Y  F     INV_X7P5M_A9TL         2    40    47     334 
  u_ctrl/fopt18706/Y             -       A->Y  R     INV_X16M_A9TL          5    80    66     400 
  u_req/fopt59700/Y              -       A->Y  F     INV_X16M_A9TL         23    81    76     476 
  u_req/mul_61_51_I2_g56192/Y    -       B->Y  R     MXIT2_X3M_A9TL         1   149   107     583 
  u_req/mul_61_51_I2_g55619/Y    -       A->Y  R     AND2_X11M_A9TL         9    79   138     721 
  u_req/fopt58479/Y              -       A->Y  F     INV_X9M_A9TL           7    54    60     781 
  u_req/fopt58472/Y              -       A->Y  R     INV_X6M_A9TL           5    57    55     836 
  u_req/mul_61_51_I2_g54995/Y    -       B1->Y R     AO1B2_X3M_A9TL         3   107   155     991 
  u_req/mul_61_51_I2_g53967/Y    -       C->Y  F     XNOR3_X3M_A9TL         2   100   294    1285 
  u_req/mul_61_51_I2_g53403/Y    -       C->Y  F     XNOR3_X4M_A9TL         3    92   289    1574 
  u_req/mul_61_51_I2_g53070/Y    -       A0->Y R     OAI2XB1_X4M_A9TL       1   104   102    1676 
  u_req/mul_61_51_I2_g53054/Y    -       B->Y  F     NAND2_X4M_A9TL         2    66    70    1746 
  u_req/mul_61_51_I2_g52591/Y    -       C->Y  F     XNOR3_X3M_A9TL         2    97   281    2027 
  u_req/mul_61_51_I2_g52352/Y    -       B->Y  F     XNOR3_X4M_A9TL         2    84   247    2274 
  u_req/mul_61_51_I2_g52282/Y    -       B->Y  R     NAND2_X4A_A9TL         3   101    92    2366 
  u_req/mul_61_51_I2_g52225/Y    -       B->Y  F     NAND2_X6M_A9TL         3    61    72    2438 
  u_req/mul_61_51_I2_g52203/Y    -       B->Y  R     NOR2_X8M_A9TL          2    77    80    2518 
  u_req/mul_61_51_I2_g57926/Y    -       AN->Y R     NOR2B_X6M_A9TL         1    71   116    2634 
  u_req/mul_61_51_I2_g52178/Y    -       B->Y  R     AND2_X8M_A9TL          2    53   105    2739 
  u_req/mul_61_51_I2_g52169/Y    -       A->Y  F     NAND2_X6M_A9TL         3    73    59    2798 
  u_req/mul_61_51_I2_g52142/Y    -       A->Y  R     NAND2_X8M_A9TL         9   117    93    2890 
  u_req/mul_61_51_I2_g52129/Y    -       A->Y  F     NAND2_X2A_A9TL         1    91    82    2972 
  u_req/mul_61_51_I2_g52106/Y    -       A->Y  R     NAND3XXB_X4M_A9TL      1   121    86    3058 
  u_req/mul_61_51_I2_g52091/Y    -       A->Y  R     XOR2_X3M_A9TL          1   167    88    3145 
  u_req/prod_reg_reg[1][62]/A    -       -     R     A2DFFQ_X1M_A9TL        1     -     0    3145 
#-------------------------------------------------------------------------------------------------



Path 39: VIOLATED (-103 ps) Setup Check with Pin u_req/prod_reg_reg[1][62]/CK->A
          Group: reg2reg
     Startpoint: (R) u_ctrl/reg_req_mult_reg[9]/CK
          Clock: (R) clk
       Endpoint: (R) u_req/prod_reg_reg[1][62]/A
          Clock: (R) clk

                     Capture       Launch     
        Clock Edge:+    3300            0     
       Src Latency:+       0            0     
       Net Latency:+       0 (I)        0 (I) 
           Arrival:=    3300            0     
                                              
             Setup:-     133                  
       Uncertainty:-     125                  
     Required Time:=    3042                  
      Launch Clock:-       0                  
         Data Path:-    3145                  
             Slack:=    -103                  

#--------------------------------------------------------------------------------------------------
#         Timing Point          Flags    Arc    Edge       Cell         Fanout Trans Delay Arrival 
#                                                                               (ps)  (ps)   (ps)  
#--------------------------------------------------------------------------------------------------
  u_ctrl/reg_req_mult_reg[9]/CK -       -       R     (arrival)             32     0     0       0 
  u_ctrl/reg_req_mult_reg[9]/Q  -       CK->Q   R     DFFRPQ_X4M_A9TL        2    78   297     297 
  u_req/fopt60040/Y             -       A->Y    F     INV_X9M_A9TL           2    47    54     352 
  u_req/fopt59967/Y             -       A->Y    R     INV_X16M_A9TL          8    73    65     416 
  u_req/fopt59938/Y             -       A->Y    F     INV_X4M_A9TL           1    32    38     454 
  u_req/mul_61_51_I2_g56890/Y   -       A->Y    R     NAND2_X4M_A9TL         2    99    70     523 
  u_req/mul_61_51_I2_g56431/Y   -       B->Y    R     AND2_X8M_A9TL         11   123   156     680 
  u_req/mul_61_51_I2_g56003/Y   -       A->Y    F     INV_X7P5M_A9TL         2    44    47     727 
  u_req/mul_61_51_I2_g56001/Y   -       A->Y    R     INV_X7P5M_A9TL         8    82    68     795 
  u_req/mul_61_51_I2_g55792/Y   -       A->Y    F     NOR2_X4M_A9TL          1    86    66     860 
  u_req/mul_61_51_I2_g54418/Y   -       B0->Y   R     AOI2XB1_X8M_A9TL       3   119   106     966 
  u_req/mul_61_51_I2_g53852/Y   -       B->Y    F     XNOR3_X4M_A9TL         2    84   253    1220 
  u_req/mul_61_51_I2_g53607/Y   -       A->Y    R     INV_X2M_A9TL           1    54    58    1278 
  u_req/mul_61_51_I2_g53254/CON -       CI->CON F     CGENI_X2M_A9TL         1   112    84    1361 
  u_req/mul_61_51_I2_g52924/S   -       B->S    R     ADDF_X1P4M_A9TL        2   140   374    1735 
  u_req/mul_61_51_I2_g52669/Y   -       A->Y    F     XNOR3_X4M_A9TL         2    83   154    1889 
  u_req/mul_61_51_I2_g52514/CON -       CI->CON R     CGENI_X2M_A9TL         1   154   121    2010 
  u_req/mul_61_51_I2_g52449/Y   -       A->Y    F     INV_X3M_A9TL           3    86    90    2100 
  u_req/mul_61_51_I2_g52432/Y   -       A->Y    R     NOR2XB_X3M_A9TL        1    96    89    2189 
  u_req/mul_61_51_I2_g52376/Y   -       B0->Y   F     AOI21_X4M_A9TL         2   111    78    2267 
  u_req/mul_61_51_I2_g52294/Y   -       B->Y    R     NOR2_X3A_A9TL          2   139   130    2397 
  u_req/mul_61_51_I2_g52218/Y   -       B0->Y   F     AOI21_X6M_A9TL         2    75    72    2469 
  u_req/mul_61_51_I2_g52188/Y   -       B1->Y   F     OA22_X4M_A9TL          1    55   138    2607 
  u_req/mul_61_51_I2_g52173/Y   -       A->Y    R     NAND3XXB_X6M_A9TL      2   126    84    2691 
  u_req/mul_61_51_I2_g52156/Y   -       A0->Y   F     AOI21_X8M_A9TL         3    96    92    2783 
  u_req/mul_61_51_I2_g52142/Y   -       B->Y    R     NAND2_X8M_A9TL         9   117   108    2890 
  u_req/mul_61_51_I2_g52129/Y   -       A->Y    F     NAND2_X2A_A9TL         1    91    82    2972 
  u_req/mul_61_51_I2_g52106/Y   -       A->Y    R     NAND3XXB_X4M_A9TL      1   121    86    3058 
  u_req/mul_61_51_I2_g52091/Y   -       A->Y    R     XOR2_X3M_A9TL          1   167    88    3145 
  u_req/prod_reg_reg[1][62]/A   -       -       R     A2DFFQ_X1M_A9TL        1     -     0    3145 
#--------------------------------------------------------------------------------------------------



Path 40: VIOLATED (-103 ps) Setup Check with Pin u_req/prod_reg_reg[1][62]/CK->A
          Group: reg2reg
     Startpoint: (R) u_ctrl/reg_req_mult_reg[13]/CK
          Clock: (R) clk
       Endpoint: (R) u_req/prod_reg_reg[1][62]/A
          Clock: (R) clk

                     Capture       Launch     
        Clock Edge:+    3300            0     
       Src Latency:+       0            0     
       Net Latency:+       0 (I)        0 (I) 
           Arrival:=    3300            0     
                                              
             Setup:-     133                  
       Uncertainty:-     125                  
     Required Time:=    3042                  
      Launch Clock:-       0                  
         Data Path:-    3145                  
             Slack:=    -103                  

#---------------------------------------------------------------------------------------------------
#         Timing Point           Flags    Arc    Edge       Cell         Fanout Trans Delay Arrival 
#                                                                                (ps)  (ps)   (ps)  
#---------------------------------------------------------------------------------------------------
  u_ctrl/reg_req_mult_reg[13]/CK -       -       R     (arrival)             32     0     0       0 
  u_ctrl/reg_req_mult_reg[13]/Q  -       CK->Q   R     DFFRPQ_X4M_A9TL        2   107   315     315 
  u_req/fopt112/Y                -       A->Y    F     INV_X16M_A9TL         17    76    76     391 
  u_req/fopt58740/Y              -       A->Y    R     INV_X4M_A9TL           3    99    88     479 
  u_req/fopt58731/Y              -       A->Y    F     INV_X4M_A9TL          10   102    92     571 
  u_req/fopt58730/Y              -       A->Y    R     INV_X4M_A9TL           1    53    59     630 
  u_req/mul_61_51_I2_g56366/Y    -       S0->Y   R     MXIT2_X3M_A9TL         2   144    86     716 
  u_req/mul_61_51_I2_g55589/Y    -       A->Y    F     NOR2_X1P4A_A9TL        1    73    82     798 
  u_req/mul_61_51_I2_g54613/Y    -       BN->Y   F     NAND2XB_X3M_A9TL       2    80   148     946 
  u_req/mul_61_51_I2_g53866/CON  -       CI->CON R     CGENI_X2M_A9TL         2   213   154    1100 
  u_req/mul_61_51_I2_g53234/Y    -       C->Y    F     XOR3_X3M_A9TL          3   105   321    1421 
  u_req/mul_61_51_I2_g52892/Y    -       C->Y    F     XNOR3_X4M_A9TL         2    81   274    1695 
  u_req/mul_61_51_I2_g52738/Y    -       B->Y    R     XOR2_X4M_A9TL          2   195   135    1830 
  u_req/mul_61_51_I2_g52673/Y    -       A->Y    F     INV_X4M_A9TL           2    69    71    1900 
  u_req/mul_61_51_I2_g52576/Y    -       B->Y    R     MXIT2_X3M_A9TL         2   178   114    2014 
  u_req/mul_61_51_I2_g52494/Y    -       A->Y    F     NOR2_X6A_A9TL          2    90    81    2095 
  u_req/mul_61_51_I2_g52481/Y    -       A->Y    R     INV_X2M_A9TL           2    88    86    2181 
  u_req/mul_61_51_I2_g52412/Y    -       A1->Y   F     AOI22_X4M_A9TL         1   122    92    2273 
  u_req/mul_61_51_I2_g52355/Y    -       C0->Y   F     OA211_X6M_A9TL         4    67   151    2424 
  u_req/mul_61_51_I2_g52313/Y    -       A->Y    R     NAND2_X8B_A9TL         4    57    59    2483 
  u_req/mul_61_51_I2_g52280/Y    -       A->Y    F     NAND2_X8B_A9TL         3    62    57    2540 
  u_req/mul_61_51_I2_g52187/Y    -       A0->Y   R     OAI21_X6M_A9TL         2    98    91    2631 
  u_req/mul_61_51_I2_g52178/Y    -       A->Y    R     AND2_X8M_A9TL          2    53   108    2739 
  u_req/mul_61_51_I2_g52169/Y    -       A->Y    F     NAND2_X6M_A9TL         3    73    59    2798 
  u_req/mul_61_51_I2_g52142/Y    -       A->Y    R     NAND2_X8M_A9TL         9   117    93    2890 
  u_req/mul_61_51_I2_g52129/Y    -       A->Y    F     NAND2_X2A_A9TL         1    91    82    2972 
  u_req/mul_61_51_I2_g52106/Y    -       A->Y    R     NAND3XXB_X4M_A9TL      1   121    86    3058 
  u_req/mul_61_51_I2_g52091/Y    -       A->Y    R     XOR2_X3M_A9TL          1   167    88    3145 
  u_req/prod_reg_reg[1][62]/A    -       -       R     A2DFFQ_X1M_A9TL        1     -     0    3145 
#---------------------------------------------------------------------------------------------------



Path 41: VIOLATED (-103 ps) Setup Check with Pin u_req/prod_reg_reg[1][62]/CK->A
          Group: reg2reg
     Startpoint: (R) u_ctrl/reg_req_mult_reg[12]/CK
          Clock: (R) clk
       Endpoint: (R) u_req/prod_reg_reg[1][62]/A
          Clock: (R) clk

                     Capture       Launch     
        Clock Edge:+    3300            0     
       Src Latency:+       0            0     
       Net Latency:+       0 (I)        0 (I) 
           Arrival:=    3300            0     
                                              
             Setup:-     133                  
       Uncertainty:-     125                  
     Required Time:=    3042                  
      Launch Clock:-       0                  
         Data Path:-    3145                  
             Slack:=    -103                  

#---------------------------------------------------------------------------------------------------
#         Timing Point           Flags    Arc    Edge       Cell         Fanout Trans Delay Arrival 
#                                                                                (ps)  (ps)   (ps)  
#---------------------------------------------------------------------------------------------------
  u_ctrl/reg_req_mult_reg[12]/CK -       -       R     (arrival)             32     0     0       0 
  u_ctrl/reg_req_mult_reg[12]/Q  -       CK->Q   R     DFFRPQ_X4M_A9TL        2    87   304     304 
  g2428/Y                        -       A->Y    R     BUFH_X16M_A9TL        20   105   117     420 
  u_req/mul_61_51_I2_g56987/Y    -       A->Y    F     INV_X3M_A9TL           1    42    46     467 
  u_req/mul_61_51_I2_g56807/Y    -       A->Y    R     NAND2_X3M_A9TL         1    91    70     537 
  u_req/mul_61_51_I2_g56447/Y    -       A->Y    R     AND2_X11M_A9TL         5    68   116     653 
  u_req/mul_61_51_I2_g55915/Y    -       A->Y    F     NAND2XB_X8M_A9TL       4    64    60     713 
  u_req/mul_61_51_I2_g55648/Y    -       A->Y    R     INV_X4M_A9TL           6   121    97     810 
  u_req/mul_61_51_I2_g55189/Y    -       B->Y    F     NAND2_X2A_A9TL         1    78    86     896 
  u_req/mul_61_51_I2_g54613/Y    -       A->Y    R     NAND2XB_X3M_A9TL       2   112    91     988 
  u_req/mul_61_51_I2_g53866/CON  -       CI->CON F     CGENI_X2M_A9TL         2   139   116    1104 
  u_req/mul_61_51_I2_g53234/Y    -       C->Y    F     XOR3_X3M_A9TL          3   105   317    1421 
  u_req/mul_61_51_I2_g52892/Y    -       C->Y    F     XNOR3_X4M_A9TL         2    81   274    1695 
  u_req/mul_61_51_I2_g52738/Y    -       B->Y    R     XOR2_X4M_A9TL          2   195   135    1829 
  u_req/mul_61_51_I2_g52673/Y    -       A->Y    F     INV_X4M_A9TL           2    69    71    1900 
  u_req/mul_61_51_I2_g52576/Y    -       B->Y    R     MXIT2_X3M_A9TL         2   178   114    2014 
  u_req/mul_61_51_I2_g57955/Y    -       A->Y    F     NAND2_X1A_A9TL         2   240   199    2213 
  u_req/mul_61_51_I2_g52355/Y    -       B0->Y   F     OA211_X6M_A9TL         4    67   211    2424 
  u_req/mul_61_51_I2_g52313/Y    -       A->Y    R     NAND2_X8B_A9TL         4    57    59    2483 
  u_req/mul_61_51_I2_g52280/Y    -       A->Y    F     NAND2_X8B_A9TL         3    62    57    2540 
  u_req/mul_61_51_I2_g52187/Y    -       A0->Y   R     OAI21_X6M_A9TL         2    98    91    2631 
  u_req/mul_61_51_I2_g52178/Y    -       A->Y    R     AND2_X8M_A9TL          2    53   108    2739 
  u_req/mul_61_51_I2_g52169/Y    -       A->Y    F     NAND2_X6M_A9TL         3    73    59    2798 
  u_req/mul_61_51_I2_g52142/Y    -       A->Y    R     NAND2_X8M_A9TL         9   117    93    2890 
  u_req/mul_61_51_I2_g52129/Y    -       A->Y    F     NAND2_X2A_A9TL         1    91    82    2972 
  u_req/mul_61_51_I2_g52106/Y    -       A->Y    R     NAND3XXB_X4M_A9TL      1   121    86    3058 
  u_req/mul_61_51_I2_g52091/Y    -       A->Y    R     XOR2_X3M_A9TL          1   167    88    3145 
  u_req/prod_reg_reg[1][62]/A    -       -       R     A2DFFQ_X1M_A9TL        1     -     0    3145 
#---------------------------------------------------------------------------------------------------



Path 42: VIOLATED (-103 ps) Setup Check with Pin u_req/prod_reg_reg[1][61]/CK->A
          Group: reg2reg
     Startpoint: (R) u_dot/GEN_MAC_LANES[1].u_mac_lane/out_dot_reg[0]/CK
          Clock: (R) clk
       Endpoint: (F) u_req/prod_reg_reg[1][61]/A
          Clock: (R) clk

                     Capture       Launch     
        Clock Edge:+    3300            0     
       Src Latency:+       0            0     
       Net Latency:+       0 (I)        0 (I) 
           Arrival:=    3300            0     
                                              
             Setup:-     136                  
       Uncertainty:-     125                  
     Required Time:=    3038                  
      Launch Clock:-       0                  
         Data Path:-    3142                  
             Slack:=    -103                  

#-----------------------------------------------------------------------------------------------------------------------
#                    Timing Point                     Flags    Arc   Edge       Cell         Fanout Trans Delay Arrival 
#                                                                                                    (ps)  (ps)   (ps)  
#-----------------------------------------------------------------------------------------------------------------------
  u_dot/GEN_MAC_LANES[1].u_mac_lane/out_dot_reg[0]/CK -       -      R     (arrival)           3279     0     0       0 
  u_dot/GEN_MAC_LANES[1].u_mac_lane/out_dot_reg[0]/Q  -       CK->Q  R     A2DFFQ_X3M_A9TL        3   129   292     292 
  u_req/mul_61_51_I2_g57897/Y                         -       A->Y   F     INV_X11M_A9TL         12    79    81     373 
  u_req/mul_61_51_I2_g57874/Y                         -       A->Y   R     INV_X3P5M_A9TR        11   240   175     548 
  u_req/mul_61_51_I2_g57894/Y                         -       A->Y   F     INV_X4M_A9TL           7   102   108     656 
  u_req/mul_61_51_I2_g56984/Y                         -       B->Y   R     NAND2_X1A_A9TL         1    99    96     752 
  u_req/mul_61_51_I2_g56529/Y                         -       B0N->Y F     AO21B_X2M_A9TL         1   110    96     848 
  u_req/mul_61_51_I2_g54587/Y                         -       A1->Y  R     AOI21B_X6M_A9TL        2   122   137     985 
  u_req/mul_61_51_I2_g53939/Y                         -       C->Y   F     XNOR3_X4M_A9TL         2    85   277    1262 
  u_req/mul_61_51_I2_g53388/Y                         -       B->Y   F     XNOR3_X4M_A9TL         2    82   239    1501 
  u_req/mul_61_51_I2_g58044/Y                         -       AN->Y  F     NAND2B_X4M_A9TL        1    57   120    1621 
  u_req/mul_61_51_I2_g52891/Y                         -       B0N->Y R     AO21B_X4M_A9TL         2    76    59    1680 
  u_req/mul_61_51_I2_g52792/Y                         -       A->Y   F     INV_X3M_A9TL           1    50    57    1737 
  u_req/mul_61_51_I2_g52666/Y                         -       A1->Y  R     OAI21_X8M_A9TL         2    93    94    1831 
  u_req/mul_61_51_I2_g52539/Y                         -       S0->Y  R     MXIT2_X4M_A9TL         2   162   110    1941 
  u_req/fopt59276/Y                                   -       A->Y   F     INV_X4M_A9TL           1    48    48    1989 
  u_req/mul_61_51_I2_g52475/Y                         -       A->Y   R     MXIT2_X3M_A9TL         2   169   100    2088 
  u_req/mul_61_51_I2_g52370/Y                         -       A->Y   F     NAND2_X4A_A9TL         3    99    96    2185 
  u_req/mul_61_51_I2_g52321/Y                         -       B0->Y  F     AO1B2_X4M_A9TL         2    71   133    2318 
  u_req/mul_61_51_I2_g52269/Y                         -       B->Y   R     NAND2_X3A_A9TL         1    65    69    2387 
  u_req/mul_61_51_I2_g52264/Y                         -       A->Y   F     NAND2_X6M_A9TL         2    44    47    2434 
  u_req/mul_61_51_I2_g52194/Y                         -       A0->Y  R     AOI211_X4M_A9TL        1   150   133    2566 
  u_req/mul_61_51_I2_g52187/Y                         -       B0->Y  F     OAI21_X6M_A9TL         2    76    80    2647 
  u_req/mul_61_51_I2_g52178/Y                         -       A->Y   F     AND2_X8M_A9TL          2    43   109    2756 
  u_req/mul_61_51_I2_g52169/Y                         -       A->Y   R     NAND2_X6M_A9TL         3    98    71    2828 
  u_req/mul_61_51_I2_g52142/Y                         -       A->Y   F     NAND2_X8M_A9TL         9    88    79    2907 
  u_req/mul_61_51_I2_g52130/Y                         -       A->Y   R     NAND2_X2M_A9TL         1   106    86    2993 
  u_req/mul_61_51_I2_g52105/Y                         -       A->Y   F     NAND3XXB_X4M_A9TL      1    77    70    3062 
  u_req/mul_61_51_I2_g52092/Y                         -       A->Y   F     XOR2_X3M_A9TL          1    95    79    3142 
  u_req/prod_reg_reg[1][61]/A                         -       -      F     A2DFFQ_X1M_A9TL        1     -     0    3142 
#-----------------------------------------------------------------------------------------------------------------------



Path 43: VIOLATED (-103 ps) Setup Check with Pin u_req/prod_reg_reg[1][62]/CK->A
          Group: reg2reg
     Startpoint: (R) u_ctrl/reg_req_mult_reg[19]/CK
          Clock: (R) clk
       Endpoint: (R) u_req/prod_reg_reg[1][62]/A
          Clock: (R) clk

                     Capture       Launch     
        Clock Edge:+    3300            0     
       Src Latency:+       0            0     
       Net Latency:+       0 (I)        0 (I) 
           Arrival:=    3300            0     
                                              
             Setup:-     133                  
       Uncertainty:-     125                  
     Required Time:=    3042                  
      Launch Clock:-       0                  
         Data Path:-    3145                  
             Slack:=    -103                  

#-------------------------------------------------------------------------------------------------
#         Timing Point           Flags   Arc   Edge       Cell         Fanout Trans Delay Arrival 
#                                                                              (ps)  (ps)   (ps)  
#-------------------------------------------------------------------------------------------------
  u_ctrl/reg_req_mult_reg[19]/CK -       -     R     (arrival)             32     0     0       0 
  u_ctrl/reg_req_mult_reg[19]/Q  -       CK->Q F     DFFRPQ_X4M_A9TL        3    62   283     283 
  u_req/fopt58636/Y              -       A->Y  R     INV_X4M_A9TL           2   150   111     394 
  u_req/fopt58617/Y              -       A->Y  F     INV_X13M_A9TL         15    94    94     488 
  u_req/mul_61_51_I2_g56450/Y    -       B->Y  R     MXIT2_X4M_A9TL         1   137   106     594 
  u_req/mul_61_51_I2_g55916/Y    -       A->Y  R     AND2_X11M_A9TL        13   101   148     742 
  u_req/mul_61_51_I2_g55665/Y    -       A->Y  F     INV_X5M_A9TL           3    50    55     798 
  u_req/mul_61_51_I2_g54617/Y    -       A0->Y R     OAI22_X3M_A9TL         2   223   153     951 
  u_req/mul_61_51_I2_g58166/Y    -       C->Y  F     XOR3_X4M_A9TL          3    92   310    1262 
  u_req/mul_61_51_I2_g53488/Y    -       S0->Y R     MXIT2_X4M_A9TL         1   136    94    1356 
  u_req/mul_61_51_I2_g53232/Y    -       S0->Y R     MXIT2_X4M_A9TL         2   164   125    1481 
  u_req/mul_61_51_I2_g53112/Y    -       A->Y  F     INV_X3M_A9TL           2    64    68    1549 
  u_req/mul_61_51_I2_g53071/Y    -       B->Y  R     NAND2_X1P4M_A9TL       1   106    92    1642 
  u_req/mul_61_51_I2_g2/Y        -       B0->Y R     OA21_X3M_A9TL          3    96   150    1791 
  u_req/mul_61_51_I2_g52699/Y    -       S0->Y R     MXIT2_X3M_A9TL         1   140    98    1889 
  u_req/mul_61_51_I2_g52576/Y    -       S0->Y R     MXIT2_X3M_A9TL         2   178   126    2014 
  u_req/mul_61_51_I2_g52494/Y    -       A->Y  F     NOR2_X6A_A9TL          2    90    81    2095 
  u_req/mul_61_51_I2_g52481/Y    -       A->Y  R     INV_X2M_A9TL           2    88    86    2180 
  u_req/mul_61_51_I2_g52412/Y    -       A1->Y F     AOI22_X4M_A9TL         1   122    92    2273 
  u_req/mul_61_51_I2_g52355/Y    -       C0->Y F     OA211_X6M_A9TL         4    67   151    2424 
  u_req/mul_61_51_I2_g52313/Y    -       A->Y  R     NAND2_X8B_A9TL         4    57    59    2483 
  u_req/mul_61_51_I2_g52280/Y    -       A->Y  F     NAND2_X8B_A9TL         3    62    57    2540 
  u_req/mul_61_51_I2_g52187/Y    -       A0->Y R     OAI21_X6M_A9TL         2    98    91    2631 
  u_req/mul_61_51_I2_g52178/Y    -       A->Y  R     AND2_X8M_A9TL          2    53   108    2739 
  u_req/mul_61_51_I2_g52169/Y    -       A->Y  F     NAND2_X6M_A9TL         3    73    59    2798 
  u_req/mul_61_51_I2_g52142/Y    -       A->Y  R     NAND2_X8M_A9TL         9   117    93    2890 
  u_req/mul_61_51_I2_g52129/Y    -       A->Y  F     NAND2_X2A_A9TL         1    91    82    2972 
  u_req/mul_61_51_I2_g52106/Y    -       A->Y  R     NAND3XXB_X4M_A9TL      1   121    86    3058 
  u_req/mul_61_51_I2_g52091/Y    -       A->Y  R     XOR2_X3M_A9TL          1   167    88    3145 
  u_req/prod_reg_reg[1][62]/A    -       -     R     A2DFFQ_X1M_A9TL        1     -     0    3145 
#-------------------------------------------------------------------------------------------------



Path 44: VIOLATED (-103 ps) Setup Check with Pin u_req/prod_reg_reg[3][62]/CK->A
          Group: reg2reg
     Startpoint: (R) u_ctrl/reg_req_mult_reg[3]/CK
          Clock: (R) clk
       Endpoint: (F) u_req/prod_reg_reg[3][62]/A
          Clock: (R) clk

                     Capture       Launch     
        Clock Edge:+    3300            0     
       Src Latency:+       0            0     
       Net Latency:+       0 (I)        0 (I) 
           Arrival:=    3300            0     
                                              
             Setup:-     136                  
       Uncertainty:-     125                  
     Required Time:=    3039                  
      Launch Clock:-       0                  
         Data Path:-    3142                  
             Slack:=    -103                  

#--------------------------------------------------------------------------------------------------
#         Timing Point          Flags    Arc    Edge       Cell         Fanout Trans Delay Arrival 
#                                                                               (ps)  (ps)   (ps)  
#--------------------------------------------------------------------------------------------------
  u_ctrl/reg_req_mult_reg[3]/CK -       -       R     (arrival)             32     0     0       0 
  u_ctrl/reg_req_mult_reg[3]/Q  -       CK->Q   R     DFFRPQ_X4M_A9TL        2    87   304     304 
  g2454/Y                       -       A->Y    R     BUFH_X16M_A9TL        16   117   124     427 
  u_req/mul_61_51_I4_g57360/Y   -       A->Y    R     BUF_X9M_A9TL           3    76   128     555 
  u_req/mul_61_51_I4_g57354/Y   -       A->Y    F     INV_X16M_A9TL         10    45    52     607 
  u_req/mul_61_51_I4_g57353/Y   -       A->Y    R     INV_X4M_A9TL           2    65    58     665 
  u_req/mul_61_51_I4_g56581/Y   -       S0->Y   R     MXIT2_X3M_A9TL         2   130    85     750 
  u_req/mul_61_51_I4_g55292/Y   -       BN->Y   R     NAND2XB_X2M_A9TL       1   120   171     920 
  u_req/mul_61_51_I4_g55094/Y   -       A->Y    F     NAND2XB_X6M_A9TL       3    74    72     993 
  u_req/mul_61_51_I4_g53986/Y   -       B->Y    F     XNOR3_X3M_A9TL         2    94   251    1244 
  u_req/mul_61_51_I4_g53732/Y   -       A->Y    R     INV_X2M_A9TL           1    56    60    1304 
  u_req/mul_61_51_I4_g53494/CON -       CI->CON F     CGENI_X2M_A9TL         1   113    84    1388 
  u_req/mul_61_51_I4_g53198/Y   -       A->Y    R     INV_X4M_A9TL           2    67    73    1461 
  u_req/mul_61_51_I4_g53008/Y   -       B->Y    F     XOR3_X4M_A9TL          2    91   248    1709 
  u_req/mul_61_51_I4_g57971/Y   -       B->Y    F     XOR3_X4M_A9TL          2    83   243    1952 
  u_req/mul_61_51_I4_g57956/Y   -       B->Y    R     XNOR3_X3M_A9TL         2   101   246    2198 
  u_req/mul_61_51_I4_g52309/Y   -       A->Y    F     NOR2_X4B_A9TL          2    91    83    2282 
  u_req/mul_61_51_I4_g52270/Y   -       A->Y    R     NAND2_X2M_A9TL         1    73    77    2358 
  u_req/mul_61_51_I4_g52231/Y   -       B0->Y   F     OAI21_X2M_A9TL         1    81    78    2436 
  u_req/mul_61_51_I4_g52194/Y   -       C0->Y   R     AOI211_X4M_A9TL        1   151   121    2556 
  u_req/mul_61_51_I4_g52187/Y   -       B0->Y   F     OAI21_X6M_A9TL         2    76    80    2637 
  u_req/mul_61_51_I4_g52178/Y   -       A->Y    F     AND2_X8M_A9TL          2    42   108    2745 
  u_req/mul_61_51_I4_g52169/Y   -       A->Y    R     NAND2_X6M_A9TL         3    95    69    2814 
  u_req/mul_61_51_I4_g52142/Y   -       A->Y    F     NAND2_X8M_A9TL         9    91    80    2895 
  u_req/mul_61_51_I4_g52129/Y   -       A->Y    R     NAND2_X2M_A9TL         1   106    87    2982 
  u_req/mul_61_51_I4_g52106/Y   -       A->Y    F     NAND3XXB_X4M_A9TL      1   113    70    3051 
  u_req/mul_61_51_I4_g52091/Y   -       A->Y    F     XOR2_X3M_A9TL          1    95    90    3141 
  u_req/prod_reg_reg[3][62]/A   -       -       F     A2DFFQ_X1M_A9TL        1     -     0    3142 
#--------------------------------------------------------------------------------------------------



Path 45: VIOLATED (-103 ps) Setup Check with Pin u_req/prod_reg_reg[1][62]/CK->A
          Group: reg2reg
     Startpoint: (R) u_ctrl/reg_req_mult_reg[12]/CK
          Clock: (R) clk
       Endpoint: (R) u_req/prod_reg_reg[1][62]/A
          Clock: (R) clk

                     Capture       Launch     
        Clock Edge:+    3300            0     
       Src Latency:+       0            0     
       Net Latency:+       0 (I)        0 (I) 
           Arrival:=    3300            0     
                                              
             Setup:-     133                  
       Uncertainty:-     125                  
     Required Time:=    3042                  
      Launch Clock:-       0                  
         Data Path:-    3145                  
             Slack:=    -103                  

#---------------------------------------------------------------------------------------------------
#         Timing Point           Flags    Arc    Edge       Cell         Fanout Trans Delay Arrival 
#                                                                                (ps)  (ps)   (ps)  
#---------------------------------------------------------------------------------------------------
  u_ctrl/reg_req_mult_reg[12]/CK -       -       R     (arrival)             32     0     0       0 
  u_ctrl/reg_req_mult_reg[12]/Q  -       CK->Q   R     DFFRPQ_X4M_A9TL        2    87   304     304 
  g2428/Y                        -       A->Y    R     BUFH_X16M_A9TL        20   105   117     420 
  u_req/mul_61_51_I2_g56987/Y    -       A->Y    F     INV_X3M_A9TL           1    42    46     467 
  u_req/mul_61_51_I2_g56807/Y    -       A->Y    R     NAND2_X3M_A9TL         1    91    70     537 
  u_req/mul_61_51_I2_g56447/Y    -       A->Y    R     AND2_X11M_A9TL         5    68   116     653 
  u_req/mul_61_51_I2_g55915/Y    -       A->Y    F     NAND2XB_X8M_A9TL       4    64    60     713 
  u_req/mul_61_51_I2_g55648/Y    -       A->Y    R     INV_X4M_A9TL           6   121    97     810 
  u_req/mul_61_51_I2_g55189/Y    -       B->Y    F     NAND2_X2A_A9TL         1    78    86     896 
  u_req/mul_61_51_I2_g54613/Y    -       A->Y    R     NAND2XB_X3M_A9TL       2   112    91     988 
  u_req/mul_61_51_I2_g53866/CON  -       CI->CON F     CGENI_X2M_A9TL         2   139   116    1104 
  u_req/mul_61_51_I2_g53234/Y    -       C->Y    F     XOR3_X3M_A9TL          3   105   317    1421 
  u_req/mul_61_51_I2_g52892/Y    -       C->Y    F     XNOR3_X4M_A9TL         2    81   274    1695 
  u_req/mul_61_51_I2_g52738/Y    -       B->Y    R     XOR2_X4M_A9TL          2   195   135    1829 
  u_req/mul_61_51_I2_g52673/Y    -       A->Y    F     INV_X4M_A9TL           2    69    71    1900 
  u_req/mul_61_51_I2_g52576/Y    -       B->Y    R     MXIT2_X3M_A9TL         2   178   114    2014 
  u_req/mul_61_51_I2_g52494/Y    -       A->Y    F     NOR2_X6A_A9TL          2    90    81    2095 
  u_req/mul_61_51_I2_g52481/Y    -       A->Y    R     INV_X2M_A9TL           2    88    86    2180 
  u_req/mul_61_51_I2_g52412/Y    -       A1->Y   F     AOI22_X4M_A9TL         1   122    92    2273 
  u_req/mul_61_51_I2_g52355/Y    -       C0->Y   F     OA211_X6M_A9TL         4    67   151    2424 
  u_req/mul_61_51_I2_g52313/Y    -       A->Y    R     NAND2_X8B_A9TL         4    57    59    2483 
  u_req/mul_61_51_I2_g52280/Y    -       A->Y    F     NAND2_X8B_A9TL         3    62    57    2540 
  u_req/mul_61_51_I2_g52187/Y    -       A0->Y   R     OAI21_X6M_A9TL         2    98    91    2631 
  u_req/mul_61_51_I2_g52178/Y    -       A->Y    R     AND2_X8M_A9TL          2    53   108    2739 
  u_req/mul_61_51_I2_g52169/Y    -       A->Y    F     NAND2_X6M_A9TL         3    73    59    2798 
  u_req/mul_61_51_I2_g52142/Y    -       A->Y    R     NAND2_X8M_A9TL         9   117    93    2890 
  u_req/mul_61_51_I2_g52129/Y    -       A->Y    F     NAND2_X2A_A9TL         1    91    82    2972 
  u_req/mul_61_51_I2_g52106/Y    -       A->Y    R     NAND3XXB_X4M_A9TL      1   121    86    3058 
  u_req/mul_61_51_I2_g52091/Y    -       A->Y    R     XOR2_X3M_A9TL          1   167    88    3145 
  u_req/prod_reg_reg[1][62]/A    -       -       R     A2DFFQ_X1M_A9TL        1     -     0    3145 
#---------------------------------------------------------------------------------------------------



Path 46: VIOLATED (-103 ps) Setup Check with Pin u_req/prod_reg_reg[3][58]/CK->A
          Group: reg2reg
     Startpoint: (R) u_ctrl/reg_req_mult_reg[3]/CK
          Clock: (R) clk
       Endpoint: (R) u_req/prod_reg_reg[3][58]/A
          Clock: (R) clk

                     Capture       Launch     
        Clock Edge:+    3300            0     
       Src Latency:+       0            0     
       Net Latency:+       0 (I)        0 (I) 
           Arrival:=    3300            0     
                                              
             Setup:-     134                  
       Uncertainty:-     125                  
     Required Time:=    3041                  
      Launch Clock:-       0                  
         Data Path:-    3144                  
             Slack:=    -103                  

#------------------------------------------------------------------------------------------------
#         Timing Point          Flags    Arc   Edge       Cell        Fanout Trans Delay Arrival 
#                                                                             (ps)  (ps)   (ps)  
#------------------------------------------------------------------------------------------------
  u_ctrl/reg_req_mult_reg[3]/CK -       -      R     (arrival)            32     0     0       0 
  u_ctrl/reg_req_mult_reg[3]/Q  -       CK->Q  R     DFFRPQ_X4M_A9TL       2    87   304     304 
  g2454/Y                       -       A->Y   R     BUFH_X16M_A9TL       16   117   124     427 
  u_req/mul_61_51_I4_g57345/Y   -       A->Y   F     INV_X9M_A9TL          2    44    47     474 
  u_req/mul_61_51_I4_g57344/Y   -       A->Y   R     INV_X9M_A9TL          2    42    42     516 
  u_req/mul_61_51_I4_g57343/Y   -       A->Y   F     INV_X7P5M_A9TL        3    47    46     561 
  u_req/mul_61_51_I4_g57340/Y   -       A->Y   R     INV_X7P5M_A9TL        3    72    64     625 
  u_req/mul_61_51_I4_g56540/Y   -       S0->Y  R     MXIT2_X3M_A9TL        2   129    86     710 
  u_req/mul_61_51_I4_g55142/Y   -       BN->Y  R     NAND2XB_X2M_A9TL      1    96   157     868 
  u_req/mul_61_51_I4_g54731/Y   -       B0N->Y F     AO21B_X3M_A9TL        2    85    80     948 
  u_req/mul_61_51_I4_g54270/Y   -       B->Y   R     XOR2_X3M_A9TL         1   191   134    1082 
  u_req/mul_61_51_I4_g54003/Y   -       S0->Y  R     MXIT2_X4M_A9TL        3   190   153    1235 
  u_req/mul_61_51_I4_g53542/Y   -       B->Y   F     NOR2_X4M_A9TL         1    77    93    1327 
  u_req/mul_61_51_I4_g53241/Y   -       A0->Y  R     OAI21_X4M_A9TL        1   102    98    1425 
  u_req/mul_61_51_I4_g52868/S   -       A->S   F     ADDF_X2M_A9TL         2   130   351    1776 
  u_req/mul_61_51_I4_g57994/Y   -       B->Y   F     XNOR2_X4M_A9TL        2   106   142    1918 
  u_req/mul_61_51_I4_g52573/Y   -       B->Y   R     NAND2_X4M_A9TL        3   103   103    2021 
  u_req/mul_61_51_I4_g52503/Y   -       A0->Y  F     AOI21_X2M_A9TL        1    86    86    2108 
  u_req/mul_61_51_I4_g52478/Y   -       B0->Y  F     OA21_X3M_A9TL         2    73   145    2253 
  u_req/mul_61_51_I4_g52355/Y   -       A0->Y  F     OA211_X6M_A9TL        4    68   170    2423 
  u_req/mul_61_51_I4_g52313/Y   -       B->Y   R     NAND2_X8A_A9TL        4    60    66    2489 
  u_req/mul_61_51_I4_g52280/Y   -       A->Y   F     NAND2_X8B_A9TL        3    62    58    2546 
  u_req/mul_61_51_I4_g52187/Y   -       A0->Y  R     OAI21_X6M_A9TL        2    99    91    2637 
  u_req/mul_61_51_I4_g52178/Y   -       A->Y   R     AND2_X8M_A9TL         2    51   107    2744 
  u_req/mul_61_51_I4_g52169/Y   -       A->Y   F     NAND2_X6M_A9TL        3    72    57    2801 
  u_req/mul_61_51_I4_g52168/Y   -       A->Y   R     INV_X2M_A9TL          5   116    97    2898 
  u_req/mul_61_51_I4_g52113/Y   -       A0->Y  R     AO21B_X2M_A9TL        1    86   160    3058 
  u_req/mul_61_51_I4_g52098/Y   -       A->Y   R     XNOR2_X2M_A9TL        1   171    86    3144 
  u_req/prod_reg_reg[3][58]/A   -       -      R     A2DFFQ_X1M_A9TL       1     -     0    3144 
#------------------------------------------------------------------------------------------------



Path 47: VIOLATED (-103 ps) Setup Check with Pin u_req/prod_reg_reg[3][55]/CK->A
          Group: reg2reg
     Startpoint: (R) u_ctrl/reg_req_mult_reg[19]/CK
          Clock: (R) clk
       Endpoint: (R) u_req/prod_reg_reg[3][55]/A
          Clock: (R) clk

                     Capture       Launch     
        Clock Edge:+    3300            0     
       Src Latency:+       0            0     
       Net Latency:+       0 (I)        0 (I) 
           Arrival:=    3300            0     
                                              
             Setup:-     126                  
       Uncertainty:-     125                  
     Required Time:=    3049                  
      Launch Clock:-       0                  
         Data Path:-    3152                  
             Slack:=    -103                  

#--------------------------------------------------------------------------------------------------
#         Timing Point           Flags    Arc   Edge       Cell         Fanout Trans Delay Arrival 
#                                                                               (ps)  (ps)   (ps)  
#--------------------------------------------------------------------------------------------------
  u_ctrl/reg_req_mult_reg[19]/CK -       -      R     (arrival)             32     0     0       0 
  u_ctrl/reg_req_mult_reg[19]/Q  -       CK->Q  R     DFFRPQ_X4M_A9TL        3    78   298     298 
  u_req/fopt58636/Y              -       A->Y   F     INV_X4M_A9TL           2    98    86     383 
  u_req/fopt58617/Y              -       A->Y   R     INV_X13M_A9TL         15   124   108     491 
  u_req/mul_61_51_I4_g56806/Y    -       A->Y   F     NAND2_X3M_A9TL         1    70    69     560 
  u_req/mul_61_51_I4_g55432/Y    -       A1->Y  R     AOI21_X4M_A9TL         1    97   109     670 
  u_req/mul_61_51_I4_g55367/Y    -       B->Y   R     AND2_X8M_A9TL          6    82   133     803 
  u_req/mul_61_51_I4_g54532/Y    -       B->Y   F     NAND2_X2A_A9TL         1    77    79     882 
  u_req/mul_61_51_I4_g54399/Y    -       B0N->Y R     AO21B_X3M_A9TL         3    97    80     962 
  u_req/mul_61_51_I4_g58130/Y    -       A1N->Y R     AOI2XB1_X3M_A9TL       1   130   187    1149 
  u_req/mul_61_51_I4_g53877/Y    -       A->Y   F     NOR2XB_X6M_A9TL        2    61    69    1218 
  u_req/mul_61_51_I4_g53654/Y    -       A->Y   R     INV_X1M_A9TL           1    69    66    1285 
  u_req/mul_61_51_I4_g53239/CO   -       CI->CO R     CGEN_X2M_A9TL          2   121   176    1461 
  u_req/mul_61_51_I4_g53130/Y    -       A->Y   F     INV_X2M_A9TL           1    58    65    1526 
  u_req/mul_61_51_I4_g53014/CON  -       A->CON R     CGENI_X2M_A9TL         2   225   168    1694 
  u_req/mul_61_51_I4_g58396/SUM  -       B->SUM R     ADDFH_X2M_A9TL         2   106   327    2021 
  u_req/mul_61_51_I4_g52446/Y    -       C->Y   F     XOR3_X3M_A9TL          2    95   288    2309 
  u_req/mul_61_51_I4_g52300/Y    -       A->Y   R     NAND2_X4A_A9TL         2    73    73    2382 
  u_req/mul_61_51_I4_g52245/Y    -       A->Y   F     NAND2_X6M_A9TL         2    62    63    2444 
  u_req/mul_61_51_I4_g52203/Y    -       B->Y   R     NOR2_X8A_A9TL          2    78    81    2526 
  u_req/mul_61_51_I4_g57926/Y    -       AN->Y  R     NOR2B_X6M_A9TL         1    71   116    2641 
  u_req/mul_61_51_I4_g52178/Y    -       B->Y   R     AND2_X8M_A9TL          2    51   103    2745 
  u_req/mul_61_51_I4_g52169/Y    -       A->Y   F     NAND2_X6M_A9TL         3    72    57    2802 
  u_req/mul_61_51_I4_g52142/Y    -       A->Y   R     NAND2_X8M_A9TL         9   120    94    2896 
  u_req/mul_61_51_I4_g52132/Y    -       A->Y   F     NAND2_X3M_A9TR         1    83    89    2985 
  u_req/mul_61_51_I4_g52109/Y    -       A->Y   R     NAND3XXB_X4M_A9TL      1   110    82    3067 
  u_req/mul_61_51_I4_g52094/Y    -       A->Y   R     XOR2_X3M_A9TL          1   137    84    3152 
  u_req/prod_reg_reg[3][55]/A    -       -      R     A2DFFQ_X1M_A9TL        1     -     0    3152 
#--------------------------------------------------------------------------------------------------



Path 48: VIOLATED (-103 ps) Setup Check with Pin u_req/prod_reg_reg[1][62]/CK->A
          Group: reg2reg
     Startpoint: (R) u_ctrl/reg_req_mult_reg[3]/CK
          Clock: (R) clk
       Endpoint: (R) u_req/prod_reg_reg[1][62]/A
          Clock: (R) clk

                     Capture       Launch     
        Clock Edge:+    3300            0     
       Src Latency:+       0            0     
       Net Latency:+       0 (I)        0 (I) 
           Arrival:=    3300            0     
                                              
             Setup:-     133                  
       Uncertainty:-     125                  
     Required Time:=    3042                  
      Launch Clock:-       0                  
         Data Path:-    3145                  
             Slack:=    -103                  

#-------------------------------------------------------------------------------------------------
#         Timing Point          Flags    Arc   Edge       Cell         Fanout Trans Delay Arrival 
#                                                                              (ps)  (ps)   (ps)  
#-------------------------------------------------------------------------------------------------
  u_ctrl/reg_req_mult_reg[3]/CK -       -      R     (arrival)             32     0     0       0 
  u_ctrl/reg_req_mult_reg[3]/Q  -       CK->Q  R     DFFRPQ_X4M_A9TL        2    87   304     304 
  g2454/Y                       -       A->Y   R     BUFH_X16M_A9TL        16   117   124     427 
  u_req/mul_61_51_I2_g57345/Y   -       A->Y   F     INV_X9M_A9TL           2    44    47     474 
  u_req/mul_61_51_I2_g56448/Y   -       A->Y   R     MXIT2_X3M_A9TL         1   153    92     566 
  u_req/mul_61_51_I2_g56131/Y   -       A->Y   F     INV_X6M_A9TL           2    57    60     626 
  u_req/mul_61_51_I2_g55921/Y   -       A->Y   R     NAND2_X6A_A9TL         1    78    66     691 
  u_req/mul_61_51_I2_g55731/Y   -       A->Y   F     INV_X16M_A9TL         13    50    57     748 
  u_req/mul_61_51_I2_g55727/Y   -       A->Y   R     INV_X9M_A9TL           3    54    52     801 
  u_req/mul_61_51_I2_g55722/Y   -       A->Y   F     INV_X13B_A9TL          6    49    50     851 
  u_req/mul_61_51_I2_g55037/Y   -       B0->Y  F     AO1B2_X6M_A9TL         2    64   109     960 
  u_req/mul_61_51_I2_g54840/Y   -       A->Y   R     INV_X4B_A9TL           2    55    58    1018 
  u_req/mul_61_51_I2_g54332/Y   -       A->Y   F     NAND2_X4M_A9TL         1    68    52    1070 
  u_req/mul_61_51_I2_g54023/Y   -       A0->Y  R     AOI21_X6M_A9TL         2   105    99    1169 
  u_req/mul_61_51_I2_g53427/CO  -       A->CO  R     CGEN_X2M_A9TL          2   115   197    1366 
  u_req/mul_61_51_I2_g53027/Y   -       B->Y   F     XOR3_X4M_A9TL          3    97   270    1636 
  u_req/mul_61_51_I2_g52831/Y   -       S0->Y  R     MXIT2_X3M_A9TL         1   142    95    1731 
  u_req/mul_61_51_I2_g52703/Y   -       S0->Y  R     MXIT2_X3M_A9TL         2   172   121    1852 
  u_req/mul_61_51_I2_g52542/CO  -       CI->CO R     CGEN_X2M_A9TL          2   112   203    2055 
  u_req/mul_61_51_I2_g52480/Y   -       A->Y   F     INV_X2M_A9TL           1    42    46    2101 
  u_req/mul_61_51_I2_g52350/CO  -       CI->CO F     CGEN_X2M_A9TL          2   112   192    2294 
  u_req/mul_61_51_I2_g52300/Y   -       B->Y   R     NAND2_X6A_A9TL         4    75    84    2378 
  u_req/mul_61_51_I2_g52245/Y   -       B->Y   F     NAND2_X6M_A9TL         2    64    67    2445 
  u_req/mul_61_51_I2_g52203/Y   -       A->Y   R     NOR2_X8M_A9TL          2    77    73    2518 
  u_req/mul_61_51_I2_g57926/Y   -       AN->Y  R     NOR2B_X6M_A9TL         1    71   116    2634 
  u_req/mul_61_51_I2_g52178/Y   -       B->Y   R     AND2_X8M_A9TL          2    53   105    2738 
  u_req/mul_61_51_I2_g52169/Y   -       A->Y   F     NAND2_X6M_A9TL         3    73    59    2797 
  u_req/mul_61_51_I2_g52142/Y   -       A->Y   R     NAND2_X8M_A9TL         9   117    93    2890 
  u_req/mul_61_51_I2_g52129/Y   -       A->Y   F     NAND2_X2A_A9TL         1    91    82    2972 
  u_req/mul_61_51_I2_g52106/Y   -       A->Y   R     NAND3XXB_X4M_A9TL      1   121    86    3058 
  u_req/mul_61_51_I2_g52091/Y   -       A->Y   R     XOR2_X3M_A9TL          1   167    88    3145 
  u_req/prod_reg_reg[1][62]/A   -       -      R     A2DFFQ_X1M_A9TL        1     -     0    3145 
#-------------------------------------------------------------------------------------------------



Path 49: VIOLATED (-103 ps) Setup Check with Pin u_req/prod_reg_reg[1][62]/CK->A
          Group: reg2reg
     Startpoint: (R) u_ctrl/reg_req_mult_reg[8]/CK
          Clock: (R) clk
       Endpoint: (R) u_req/prod_reg_reg[1][62]/A
          Clock: (R) clk

                     Capture       Launch     
        Clock Edge:+    3300            0     
       Src Latency:+       0            0     
       Net Latency:+       0 (I)        0 (I) 
           Arrival:=    3300            0     
                                              
             Setup:-     133                  
       Uncertainty:-     125                  
     Required Time:=    3042                  
      Launch Clock:-       0                  
         Data Path:-    3145                  
             Slack:=    -103                  

#-------------------------------------------------------------------------------------------------
#         Timing Point          Flags    Arc   Edge       Cell         Fanout Trans Delay Arrival 
#                                                                              (ps)  (ps)   (ps)  
#-------------------------------------------------------------------------------------------------
  u_ctrl/reg_req_mult_reg[8]/CK -       -      R     (arrival)             32     0     0       0 
  u_ctrl/reg_req_mult_reg[8]/Q  -       CK->Q  R     DFFRPQ_X4M_A9TL        2    66   287     287 
  g2451/Y                       -       A->Y   R     BUF_X16M_A9TL         16    95   124     411 
  u_req/mul_61_51_I2_g57416/Y   -       A->Y   F     INV_X6M_A9TL           3    42    46     457 
  u_req/mul_61_51_I2_g56815/Y   -       B->Y   R     NAND2_X4M_A9TL         1    65    60     517 
  u_req/mul_61_51_I2_g56435/Y   -       B0N->Y F     AO21B_X4M_A9TL         1    72    66     583 
  u_req/fopt60466/Y             -       A->Y   R     INV_X7P5M_A9TL         2    59    62     645 
  u_req/fopt60465/Y             -       A->Y   F     INV_X9M_A9TL           8    49    54     699 
  u_req/fopt60460/Y             -       A->Y   R     INV_X4M_A9TL           2    57    54     753 
  u_req/fopt60459/Y             -       A->Y   F     INV_X4M_A9TL           2    34    38     791 
  u_req/mul_61_51_I2_g58335/Y   -       B->Y   R     NAND2B_X3M_A9TL        1    75    61     852 
  u_req/mul_61_51_I2_g54992/Y   -       A0N->Y F     AO1B2_X3M_A9TL         1    70    69     921 
  u_req/mul_61_51_I2_g53665/S   -       A->S   R     ADDF_X2M_A9TL          3   163   402    1323 
  u_req/mul_61_51_I2_g53228/Y   -       C->Y   F     XNOR3_X4M_A9TL         2    93   298    1621 
  u_req/mul_61_51_I2_g52954/Y   -       A0->Y  R     AOI21_X6M_A9TL         2    89   100    1721 
  u_req/mul_61_51_I2_g52670/CO  -       A->CO  R     CGEN_X2M_A9TL          2   123   198    1918 
  u_req/mul_61_51_I2_g52440/Y   -       B->Y   F     XOR3_X4M_A9TL          2    84   253    2171 
  u_req/mul_61_51_I2_g52367/Y   -       A->Y   R     NAND2_X4M_A9TL         3   133   105    2276 
  u_req/mul_61_51_I2_g52339/Y   -       A->Y   F     NAND2_X6M_A9TL         4    84    80    2356 
  u_req/mul_61_51_I2_g52240/Y   -       B->Y   R     NOR2_X6A_A9TL          2    83    91    2447 
  u_req/mul_61_51_I2_g52194/Y   -       A1->Y  F     AOI211_X4M_A9TL        1   105   100    2547 
  u_req/mul_61_51_I2_g52187/Y   -       B0->Y  R     OAI21_X6M_A9TL         2    98    83    2631 
  u_req/mul_61_51_I2_g52178/Y   -       A->Y   R     AND2_X8M_A9TL          2    53   108    2738 
  u_req/mul_61_51_I2_g52169/Y   -       A->Y   F     NAND2_X6M_A9TL         3    73    59    2797 
  u_req/mul_61_51_I2_g52142/Y   -       A->Y   R     NAND2_X8M_A9TL         9   117    93    2890 
  u_req/mul_61_51_I2_g52129/Y   -       A->Y   F     NAND2_X2A_A9TL         1    91    82    2972 
  u_req/mul_61_51_I2_g52106/Y   -       A->Y   R     NAND3XXB_X4M_A9TL      1   121    86    3058 
  u_req/mul_61_51_I2_g52091/Y   -       A->Y   R     XOR2_X3M_A9TL          1   167    88    3145 
  u_req/prod_reg_reg[1][62]/A   -       -      R     A2DFFQ_X1M_A9TL        1     -     0    3145 
#-------------------------------------------------------------------------------------------------



Path 50: VIOLATED (-103 ps) Setup Check with Pin u_req/prod_reg_reg[0][60]/CK->A
          Group: reg2reg
     Startpoint: (R) u_ctrl/reg_req_mult_reg[25]/CK
          Clock: (R) clk
       Endpoint: (R) u_req/prod_reg_reg[0][60]/A
          Clock: (R) clk

                     Capture       Launch     
        Clock Edge:+    3300            0     
       Src Latency:+       0            0     
       Net Latency:+       0 (I)        0 (I) 
           Arrival:=    3300            0     
                                              
             Setup:-     135                  
       Uncertainty:-     125                  
     Required Time:=    3040                  
      Launch Clock:-       0                  
         Data Path:-    3143                  
             Slack:=    -103                  

#-------------------------------------------------------------------------------------------------
#         Timing Point           Flags    Arc   Edge       Cell        Fanout Trans Delay Arrival 
#                                                                              (ps)  (ps)   (ps)  
#-------------------------------------------------------------------------------------------------
  u_ctrl/reg_req_mult_reg[25]/CK -       -      R     (arrival)            32     0     0       0 
  u_ctrl/reg_req_mult_reg[25]/Q  -       CK->Q  F     DFFRPQ_X4M_A9TL       1    53   274     274 
  u_ctrl/fopt18707/Y             -       A->Y   R     INV_X7P5M_A9TL        2    59    57     331 
  u_ctrl/fopt18706/Y             -       A->Y   F     INV_X16M_A9TL         5    52    55     386 
  u_req/fopt59731/Y              -       A->Y   R     INV_X13M_A9TL         7    75    68     454 
  u_req/fopt59730/Y              -       A->Y   F     INV_X9M_A9TL          4    39    45     499 
  u_req/fopt59728/Y              -       A->Y   R     INV_X4M_A9TL          6    80    65     564 
  u_req/fopt59726/Y              -       A->Y   R     BUF_X3M_A9TL          3    86   127     691 
  u_req/fopt59724/Y              -       A->Y   F     INV_X4M_A9TL          2    37    43     734 
  u_req/mul_61_51_I1_g56612/Y    -       S0->Y  R     MX2_X1P4M_A9TL        2   142   202     936 
  u_req/mul_61_51_I1_g55778/Y    -       A->Y   F     NAND2_X1B_A9TL        1   121   112    1048 
  u_req/mul_61_51_I1_g54674/Y    -       A0N->Y R     AO1B2_X1P4M_A9TL      2   105   102    1150 
  u_req/mul_61_51_I1_g54065/CO   -       CI->CO R     CGEN_X2M_A9TL         3   117   184    1334 
  u_req/mul_61_51_I1_g58177/Y    -       A1N->Y R     OAI2XB1_X3M_A9TL      2   162   207    1541 
  u_req/mul_61_51_I1_g53189/Y    -       A->Y   F     INV_X1M_A9TL          1    85    93    1634 
  u_req/mul_61_51_I1_g53095/CO   -       A->CO  F     CGEN_X1M_A9TL         2   116   211    1845 
  u_req/mul_61_51_I1_g52776/CO   -       A->CO  F     CGEN_X2M_A9TL         2    90   225    2070 
  u_req/mul_61_51_I1_g57979/Y    -       A->Y   F     OR2_X1P4M_A9TL        3   100   168    2239 
  u_req/mul_61_51_I1_g52624/Y    -       A1->Y  R     OAI21_X3M_A9TR        2   159   167    2406 
  u_req/mul_61_51_I1_g52536/Y    -       A0->Y  F     AOI22_X2M_A9TL        1   136   119    2525 
  u_req/mul_61_51_I1_g52324/Y    -       B0->Y  F     OA211_X3M_A9TL        7   105   197    2722 
  u_req/mul_61_51_I1_g52253/Y    -       A0->Y  R     OAI21_X1M_A9TL        1   191   157    2879 
  u_req/mul_61_51_I1_g52137/Y    -       B0->Y  F     AOI21_X2M_A9TL        1   100   100    2979 
  u_req/mul_61_51_I1_g52112/Y    -       B0N->Y R     AO21B_X2M_A9TL        1    85    77    3056 
  u_req/mul_61_51_I1_g52095/Y    -       A->Y   R     XOR2_X2M_A9TL         1   179    87    3142 
  u_req/prod_reg_reg[0][60]/A    -       -      R     A2DFFQ_X1M_A9TL       1     -     0    3143 
#-------------------------------------------------------------------------------------------------

