============================================================
  Generated by:           Genus(TM) Synthesis Solution 25.12-s067_1
  Generated on:           Sep 27 2026  11:53:45 pm
  Module:                 ibert_softmax
  Operating conditions:   ss_typical_max_0p90v_125c (balanced_tree)
  Wireload mode:          top
  Area mode:              timing library
============================================================


Path 1: MET (0 ps) Setup Check with Pin delta_reg_reg[4][3]/CK->D
          Group: reg2reg
     Startpoint: (R) max_x_reg[0]/CK
          Clock: (R) clk
       Endpoint: (R) delta_reg_reg[4][3]/D
          Clock: (R) clk

                     Capture       Launch     
        Clock Edge:+    3300            0     
       Src Latency:+       0            0     
       Net Latency:+       0 (I)        0 (I) 
           Arrival:=    3300            0     
                                              
             Setup:-      80                  
       Uncertainty:-     125                  
     Required Time:=    3095                  
      Launch Clock:-       0                  
         Data Path:-    3095                  
             Slack:=       0                  

#----------------------------------------------------------------------------------------
#     Timing Point      Flags    Arc   Edge       Cell        Fanout Trans Delay Arrival 
#                                                                     (ps)  (ps)   (ps)  
#----------------------------------------------------------------------------------------
  max_x_reg[0]/CK       -       -      R     (arrival)             8     0     0       0 
  max_x_reg[0]/Q        -       CK->Q  R     SDFFRPQ_X4M_A9TL      7   159   326     326 
  g3216524/Y            -       A->Y   F     INV_X7P5M_A9TL        6    69    74     400 
  g3216463/Y            -       A->Y   R     NOR2_X6B_A9TL         2    80    71     470 
  g3216356/Y            -       B0N->Y F     AO21B_X4M_A9TL        1    72    68     539 
  g3216336/Y            -       A->Y   R     NAND2_X8M_A9TL        2    82    71     610 
  g3216180/Y            -       A0->Y  F     AOI21_X8M_A9TL        2   113    72     682 
  g3215895/Y            -       A0->Y  R     OAI21_X6M_A9TL        2   126   112     794 
  g3215854/Y            -       A->Y   F     INV_X3M_A9TL          1    50    54     848 
  g3215853/Y            -       A->Y   R     INV_X4M_A9TL          2    62    57     906 
  g3215613/Y            -       A->Y   F     NAND3_X6A_A9TL        2    74    59     965 
  g3217366/Y            -       A->Y   R     NAND2XB_X6M_A9TL      3    94    78    1044 
  g3215470/Y            -       A->Y   F     NAND2_X4M_A9TL        7   108    91    1134 
  g3215391/Y            -       A->Y   R     NOR2_X2A_A9TL         1   104    90    1224 
  g3215348/Y            -       B->Y   F     NAND2_X1A_A9TL        1    98    96    1320 
  g3215304/Y            -       B0->Y  R     OAI21_X1P4M_A9TL      1   140    94    1414 
  g3215217/Y            -       A->Y   F     NAND2_X1P4M_A9TL      3   130   113    1527 
  g3214854/Y            -       A1->Y  F     AO21B_X1M_A9TL        1    89   172    1699 
  g3214824/Y            -       A->Y   R     NOR2_X1M_A9TL         1   178   138    1837 
  g3214588__7098/Y      -       A0->Y  F     OAI22_X2M_A9TL        1   123   129    1967 
  g3214479__5526/Y      -       C->Y   F     OR4_X6M_A9TL          5    69   158    2124 
  g3214432__7410/Y      -       B0->Y  F     OA21_X1M_A9TL         2    99   156    2280 
  g3214370__1705/Y      -       B0->Y  R     AOI21_X2M_A9TL        1   159   132    2412 
  g3214220__2802/Y      -       A->Y   R     XNOR2_X3M_A9TL        2   167   109    2521 
  g3214144__2398/Y      -       B0->Y  F     OAI21_X1M_A9TL        1   116   116    2637 
  g3214099__6417/Y      -       B0->Y  R     AOI32_X1M_A9TL        1   242   182    2820 
  g3214027__5107/Y      -       A->Y   F     XNOR3_X1P4M_A9TL      2   110   215    3035 
  g3214011/Y            -       A->Y   R     INV_X2M_A9TL          1    54    60    3095 
  delta_reg_reg[4][3]/D -       -      R     DFFRPQ_X4M_A9TL       1     -     0    3095 
#----------------------------------------------------------------------------------------



Path 2: MET (0 ps) Setup Check with Pin delta_reg_reg[0][3]/CK->D
          Group: reg2reg
     Startpoint: (R) max_x_reg[6]/CK
          Clock: (R) clk
       Endpoint: (R) delta_reg_reg[0][3]/D
          Clock: (R) clk

                     Capture       Launch     
        Clock Edge:+    3300            0     
       Src Latency:+       0            0     
       Net Latency:+       0 (I)        0 (I) 
           Arrival:=    3300            0     
                                              
             Setup:-      83                  
       Uncertainty:-     125                  
     Required Time:=    3092                  
      Launch Clock:-       0                  
         Data Path:-    3092                  
             Slack:=       0                  

#---------------------------------------------------------------------------------------
#     Timing Point      Flags   Arc   Edge       Cell        Fanout Trans Delay Arrival 
#                                                                    (ps)  (ps)   (ps)  
#---------------------------------------------------------------------------------------
  max_x_reg[6]/CK       -       -     R     (arrival)             8     0     0       0 
  max_x_reg[6]/Q        -       CK->Q R     DFFRPQ_X4M_A9TL      12   182   357     357 
  g3216815/Y            -       A->Y  F     INV_X7P5M_A9TL       11    86    90     447 
  g3216783/Y            -       A->Y  F     AND2_X3M_A9TL         3    64   132     579 
  g3216769/Y            -       A->Y  R     INV_X1M_A9TL          1    85    78     656 
  g3216673/Y            -       A1->Y F     AOI21_X2M_A9TL        2   116    95     752 
  g3216615/Y            -       A->Y  R     NOR2_X2A_A9TL         2   142   116     867 
  g3216585/Y            -       A->Y  F     INV_X1M_A9TL          3   121   115     982 
  g3217350/Y            -       B->Y  F     OR2_X2M_A9TL          5   131   198    1180 
  g3215838/Y            -       B->Y  R     NOR2_X4M_A9TL         3   119   121    1301 
  g3215717/Y            -       A->Y  F     NAND2_X3A_A9TL        2    84    81    1382 
  g3215629/Y            -       A->Y  R     NAND2_X3A_A9TL        2    70    64    1447 
  g3215499/Y            -       B0->Y F     OAI22_X1P4M_A9TL      1   127    97    1544 
  g3215336/Y            -       B->Y  R     NOR2_X3A_A9TL         2   102   110    1654 
  g3215302/Y            -       A->Y  R     AND3_X1M_A9TL         1    81   141    1795 
  g3215233/Y            -       B->Y  F     NOR2_X1M_A9TL         1   120   104    1899 
  g3214886/Y            -       A->Y  F     OR6_X3M_A9TL          7   134   195    2094 
  g3214850/Y            -       A->Y  R     INV_X1M_A9TL          3   162   140    2234 
  g3214841/Y            -       B0->Y F     AOI21_X1P4M_A9TL      3   163   133    2367 
  g3214721__7482/Y      -       A->Y  F     AND2_X1M_A9TL         1    61   163    2530 
  g3214526__3680/Y      -       C0->Y R     AOI211_X1M_A9TL       1   272   186    2716 
  g3214428__9945/Y      -       A->Y  F     XOR3_X0P7M_A9TL       2   165   304    3020 
  g3214411/Y            -       A->Y  R     INV_X2M_A9TL          1    66    73    3092 
  delta_reg_reg[0][3]/D -       -     R     DFFRPQ_X4M_A9TL       1     -     0    3092 
#---------------------------------------------------------------------------------------



Path 3: MET (0 ps) Setup Check with Pin sum_reg_reg[11]/CK->D
          Group: reg2reg
     Startpoint: (R) delta_reg_reg[4][0]/CK
          Clock: (R) clk
       Endpoint: (R) sum_reg_reg[11]/D
          Clock: (R) clk

                     Capture       Launch     
        Clock Edge:+    3300            0     
       Src Latency:+       0            0     
       Net Latency:+       0 (I)        0 (I) 
           Arrival:=    3300            0     
                                              
             Setup:-     121                  
       Uncertainty:-     125                  
     Required Time:=    3054                  
      Launch Clock:-       0                  
         Data Path:-    3054                  
             Slack:=       0                  

#-----------------------------------------------------------------------------------------------------------------
#                 Timing Point                  Flags    Arc    Edge       Cell        Fanout Trans Delay Arrival 
#                                                                                              (ps)  (ps)   (ps)  
#-----------------------------------------------------------------------------------------------------------------
  delta_reg_reg[4][0]/CK                        -       -       R     (arrival)            80     0     0       0 
  delta_reg_reg[4][0]/Q                         -       CK->Q   R     DFFRPQ_X4M_A9TL       5   108   315     315 
  g3214005__7098/Y                              -       A->Y    R     AND3_X3M_A9TL         4    99   151     466 
  g3217495/Y                                    -       B0->Y   F     AOI21_X2M_A9TL        2   100    86     553 
  g3213967/Y                                    -       A->Y    R     INV_X2M_A9TL          2    69    73     626 
  g3213906__4319/Y                              -       A->Y    F     NAND2_X1P4M_A9TL      1    72    61     687 
  g3217279/Y                                    -       A0->Y   R     AOI2XB1_X1M_A9TL      2   278   203     890 
  g3213700__8428/Y                              -       A->Y    F     NAND2_X1M_A9TL        1   127   127    1017 
  g3213675__1705/Y                              -       A0->Y   R     AOI32_X1M_A9TL        1   225   193    1210 
  g3213634__5107/Y                              -       B0->Y   F     OAI21_X2M_A9TL        2   124   128    1338 
  csa_tree_ADD_TC_OP_6_groupi_g2644/CO          -       B->CO   F     ADDH_X1M_A9TL         1    60   147    1485 
  csa_tree_ADD_TC_OP_6_groupi_cdnfadd_002_2/CO  -       A->CO   F     ADDFH_X1M_A9TL        1    76   320    1804 
  csa_tree_ADD_TC_OP_6_groupi_cdnfadd_003_4/SUM -       CI->SUM R     ADDFH_X1M_A9TL        1    86   228    2032 
  csa_tree_ADD_TC_OP_6_groupi_cdnfadd_003_5/SUM -       CI->SUM F     ADDFH_X2M_A9TL        3   118   268    2300 
  csa_tree_ADD_TC_OP_6_groupi_g2593/Y           -       A0->Y   R     OAI21_X4M_A9TL        1   106   109    2409 
  csa_tree_ADD_TC_OP_6_groupi_g2591/Y           -       A->Y    F     NAND2_X4M_A9TL        2    57    57    2466 
  csa_tree_ADD_TC_OP_6_groupi_g2583/Y           -       BN->Y   F     NOR2XB_X6M_A9TL       2    60   120    2586 
  csa_tree_ADD_TC_OP_6_groupi_g2651/Y           -       A->Y    R     NAND2XB_X4M_A9TL      2    98    77    2662 
  csa_tree_ADD_TC_OP_6_groupi_g2578/Y           -       A->Y    F     NAND2_X4M_A9TL        3    69    68    2731 
  csa_tree_ADD_TC_OP_6_groupi_g2574/Y           -       B1->Y   F     AO1B2_X4M_A9TL        2    89   136    2866 
  csa_tree_ADD_TC_OP_6_groupi_g2569/Y           -       A0->Y   R     AOI21_X6M_A9TL        2   106   102    2969 
  csa_tree_ADD_TC_OP_6_groupi_g2566/Y           -       A->Y    R     XOR2_X3M_A9TL         1   152    85    3054 
  sum_reg_reg[11]/D                             -       -       R     DFFRPQN_X1M_A9TL      1     -     0    3054 
#-----------------------------------------------------------------------------------------------------------------



Path 4: MET (0 ps) Setup Check with Pin max_x_reg[0]/CK->SE
          Group: reg2reg
     Startpoint: (R) x_reg_reg[4][2]/CK
          Clock: (R) clk
       Endpoint: (R) max_x_reg[0]/SE
          Clock: (R) clk

                     Capture       Launch     
        Clock Edge:+    3300            0     
       Src Latency:+       0            0     
       Net Latency:+       0 (I)        0 (I) 
           Arrival:=    3300            0     
                                              
             Setup:-     317                  
       Uncertainty:-     125                  
     Required Time:=    2858                  
      Launch Clock:-       0                  
         Data Path:-    2858                  
             Slack:=       0                  

#--------------------------------------------------------------------------------------
#   Timing Point     Flags    Arc   Edge       Cell         Fanout Trans Delay Arrival 
#                                                                   (ps)  (ps)   (ps)  
#--------------------------------------------------------------------------------------
  x_reg_reg[4][2]/CK -       -      R     (arrival)             64     0     0       0 
  x_reg_reg[4][2]/Q  -       CK->Q  R     DFFRPQ_X4M_A9TL        4    88   304     304 
  g3217118/Y         -       A->Y   F     INV_X4M_A9TL           3    44    50     354 
  g3217055/Y         -       A0->Y  R     AOI22_X1M_A9TL         1   210   159     513 
  g3217008/Y         -       C->Y   F     NAND3_X2M_A9TL         1   100   116     629 
  g3216961/Y         -       B1->Y  F     AO1B2_X3M_A9TL         1    81   147     776 
  g3216943/Y         -       A->Y   R     NAND2_X6M_A9TL         4   130    85     861 
  g3216940/Y         -       A->Y   F     INV_X6M_A9TL           6    68    74     935 
  g3216932/Y         -       S0->Y  R     MXIT2_X2M_A9TL         2   165    98    1032 
  g3216925/Y         -       A->Y   F     INV_X1M_A9TL           2    93    99    1132 
  g3216899/Y         -       A1N->Y F     OAI2XB1_X2M_A9TL       2   109   175    1307 
  g3216895/Y         -       A->Y   R     INV_X1M_A9TL           1    77    80    1387 
  g3216889/Y         -       B0->Y  F     OAI31_X1P4M_A9TL       1   130   110    1497 
  g3216860/Y         -       B->Y   R     NOR2_X1P4A_A9TL        2   193   164    1661 
  g3216854/Y         -       B->Y   F     NOR2B_X2M_A9TL         3   131   137    1798 
  g3216846/Y         -       A->Y   F     AND2_X1M_A9TL          1    62   152    1950 
  g3216831/Y         -       A0->Y  R     OAI21_X1M_A9TL         2   249   177    2126 
  g3216829/Y         -       A->Y   F     INV_X1M_A9TL           2   120   132    2258 
  g3217459/Y         -       C->Y   F     OR3_X0P5M_A9TL         1   113   233    2491 
  g3216816/Y         -       A->Y   R     NAND2_X2B_A9TR         4   155   134    2625 
  g3216731/Y         -       A1->Y  F     OAI21B_X1P4M_A9TL      2   127   139    2765 
  g3216715/Y         -       A->Y   R     INV_X1M_A9TL           1    89    94    2858 
  max_x_reg[0]/SE    -       -      R     SDFFRPQ_X4M_A9TL       1     -     0    2858 
#--------------------------------------------------------------------------------------



Path 5: MET (0 ps) Setup Check with Pin delta_reg_reg[7][3]/CK->D
          Group: reg2reg
     Startpoint: (R) max_x_reg[2]/CK
          Clock: (R) clk
       Endpoint: (F) delta_reg_reg[7][3]/D
          Clock: (R) clk

                     Capture       Launch     
        Clock Edge:+    3300            0     
       Src Latency:+       0            0     
       Net Latency:+       0 (I)        0 (I) 
           Arrival:=    3300            0     
                                              
             Setup:-      92                  
       Uncertainty:-     125                  
     Required Time:=    3083                  
      Launch Clock:-       0                  
         Data Path:-    3082                  
             Slack:=       0                  

#----------------------------------------------------------------------------------------
#     Timing Point      Flags    Arc   Edge       Cell        Fanout Trans Delay Arrival 
#                                                                     (ps)  (ps)   (ps)  
#----------------------------------------------------------------------------------------
  max_x_reg[2]/CK       -       -      R     (arrival)             8     0     0       0 
  max_x_reg[2]/Q        -       CK->Q  F     DFFRPQ_X4M_A9TL       4    74   292     292 
  g3216607/Y            -       A->Y   R     INV_X9M_A9TL         15   113    96     388 
  g3216602/Y            -       A->Y   F     INV_X3M_A9TL          3    64    71     459 
  g3216551/Y            -       A->Y   R     NAND2_X3A_A9TL        4    99    84     543 
  g3216447/Y            -       B->Y   F     NAND2_X2A_A9TL        1    90    83     626 
  g3216374/Y            -       A0->Y  R     AOI21_X3M_A9TL        1   141   127     753 
  g3217539/Y            -       B0N->Y F     AO21B_X6M_A9TL        3    86    82     835 
  g3217479/Y            -       AN->Y  F     NAND2B_X6M_A9TL       3    76   133     968 
  g3216051/Y            -       B0->Y  F     AO1B2_X4M_A9TL        1    71   118    1086 
  g3216000/Y            -       A->Y   F     AND2_X8M_A9TL         7    61   121    1207 
  g3215970/Y            -       A->Y   R     INV_X9M_A9TL         14    91    80    1287 
  g3215836/Y            -       A->Y   F     NOR2_X4M_A9TL         3    67    69    1356 
  g3215617/Y            -       AN->Y  F     NAND2B_X3M_A9TL       2    62   126    1482 
  g3217341/Y            -       A1N->Y F     OAI2XB1_X1M_A9TL      2   154   194    1676 
  g3215358/Y            -       B0->Y  R     OAI31_X1P4M_A9TL      1   228   151    1827 
  g3215180/Y            -       D->Y   R     AND4_X0P7M_A9TL       2   152   239    2066 
  g3215086/Y            -       A->Y   R     AND3_X1M_A9TL         3   173   210    2276 
  g3215046/Y            -       A->Y   F     INV_X2M_A9TL          5   106   108    2383 
  g3214915/Y            -       A0->Y  R     AOI21_X1M_A9TL        1   167   141    2524 
  g3214569__8428/Y      -       C->Y   F     XNOR3_X0P7M_A9TL      1   125   383    2907 
  g3214527__1617/Y      -       B0->Y  R     OAI21_X2M_A9TL        2   175   119    3026 
  g3214509/Y            -       A->Y   F     INV_X2M_A9TL          1    55    56    3082 
  delta_reg_reg[7][3]/D -       -      F     DFFRPQ_X4M_A9TL       1     -     0    3082 
#----------------------------------------------------------------------------------------



Path 6: MET (0 ps) Setup Check with Pin delta_reg_reg[4][3]/CK->D
          Group: reg2reg
     Startpoint: (R) x_reg_reg[4][3]/CK
          Clock: (R) clk
       Endpoint: (R) delta_reg_reg[4][3]/D
          Clock: (R) clk

                     Capture       Launch     
        Clock Edge:+    3300            0     
       Src Latency:+       0            0     
       Net Latency:+       0 (I)        0 (I) 
           Arrival:=    3300            0     
                                              
             Setup:-      80                  
       Uncertainty:-     125                  
     Required Time:=    3095                  
      Launch Clock:-       0                  
         Data Path:-    3095                  
             Slack:=       0                  

#----------------------------------------------------------------------------------------
#     Timing Point      Flags    Arc   Edge       Cell        Fanout Trans Delay Arrival 
#                                                                     (ps)  (ps)   (ps)  
#----------------------------------------------------------------------------------------
  x_reg_reg[4][3]/CK    -       -      R     (arrival)            64     0     0       0 
  x_reg_reg[4][3]/Q     -       CK->Q  F     DFFRPQ_X4M_A9TL       3    56   277     277 
  g3217096/Y            -       A->Y   R     INV_X2M_A9TL          3    77    70     347 
  g3216573/Y            -       B->Y   F     NAND2_X1A_A9TL        2   226   163     510 
  g3216497/Y            -       A->Y   R     NAND2_X2A_A9TL        3   165   168     678 
  g3215895/Y            -       A1->Y  F     OAI21_X6M_A9TL        2    88    98     776 
  g3215719/Y            -       A->Y   R     NAND2_X4M_A9TL        1    93    75     851 
  g3215611/Y            -       A->Y   F     NAND2_X6M_A9TL        2    77    58     910 
  g3215531/Y            -       A->Y   R     NOR2_X3A_A9TL         1    97    83     992 
  g3215473/Y            -       AN->Y  R     NAND2B_X8M_A9TL       8   136   156    1149 
  g3215371/Y            -       A->Y   F     INV_X9M_A9TL          9    63    68    1217 
  g3215340/Y            -       A->Y   R     NAND2_X2A_A9TL        4   134   100    1316 
  g3215275/Y            -       A->Y   F     NAND2_X2A_A9TL        3   124   110    1426 
  g3217321/Y            -       B->Y   R     NAND2B_X2M_A9TL       1    93    99    1526 
  g3217577/Y            -       A0N->Y F     AO1B2_X2M_A9TL        2   103    96    1621 
  g3217511/Y            -       A->Y   R     NAND3_X4A_A9TL        2   119    92    1714 
  g3217505/Y            -       A->Y   F     NAND4_X2A_A9TL        1   107    88    1801 
  g3214565__2398/Y      -       B->Y   F     AND3_X1M_A9TL         1    88   176    1977 
  g3214479__5526/Y      -       B->Y   F     OR4_X6M_A9TL          5    69   147    2124 
  g3214432__7410/Y      -       B0->Y  F     OA21_X1M_A9TL         2    99   156    2280 
  g3214370__1705/Y      -       B0->Y  R     AOI21_X2M_A9TL        1   159   132    2412 
  g3214220__2802/Y      -       A->Y   R     XNOR2_X3M_A9TL        2   167   109    2521 
  g3214144__2398/Y      -       B0->Y  F     OAI21_X1M_A9TL        1   116   116    2637 
  g3214099__6417/Y      -       B0->Y  R     AOI32_X1M_A9TL        1   242   182    2820 
  g3214027__5107/Y      -       A->Y   F     XNOR3_X1P4M_A9TL      2   110   215    3035 
  g3214011/Y            -       A->Y   R     INV_X2M_A9TL          1    54    60    3095 
  delta_reg_reg[4][3]/D -       -      R     DFFRPQ_X4M_A9TL       1     -     0    3095 
#----------------------------------------------------------------------------------------



Path 7: MET (0 ps) Setup Check with Pin max_x_reg[0]/CK->SE
          Group: reg2reg
     Startpoint: (R) x_reg_reg[7][0]/CK
          Clock: (R) clk
       Endpoint: (R) max_x_reg[0]/SE
          Clock: (R) clk

                     Capture       Launch     
        Clock Edge:+    3300            0     
       Src Latency:+       0            0     
       Net Latency:+       0 (I)        0 (I) 
           Arrival:=    3300            0     
                                              
             Setup:-     317                  
       Uncertainty:-     125                  
     Required Time:=    2858                  
      Launch Clock:-       0                  
         Data Path:-    2858                  
             Slack:=       0                  

#--------------------------------------------------------------------------------------
#   Timing Point     Flags    Arc   Edge       Cell         Fanout Trans Delay Arrival 
#                                                                   (ps)  (ps)   (ps)  
#--------------------------------------------------------------------------------------
  x_reg_reg[7][0]/CK -       -      R     (arrival)             64     0     0       0 
  x_reg_reg[7][0]/QN -       CK->QN F     DFFRPQN_X2M_A9TL       2   131   291     291 
  g3217212/Y         -       A->Y   R     INV_X4M_A9TL           4    89    95     386 
  g3217023/CON       -       A->CON F     CGENI_X2M_A9TL         1   108    98     483 
  g3216988/Y         -       A0->Y  R     OAI21_X3M_A9TL         1   110   110     593 
  g3216960/Y         -       B->Y   F     NAND3XXB_X3M_A9TL      1   134   107     701 
  g3216948/Y         -       B->Y   R     NAND2_X8M_A9TL         8   132   127     828 
  g3216935/Y         -       S0->Y  R     MXIT2_X3M_A9TL         4   179   123     951 
  g3216891/Y         -       B0->Y  R     AO1B2_X1M_A9TL         1   122   187    1138 
  g3216884/Y         -       B->Y   F     NAND2_X1P4M_A9TL       2   123   112    1250 
  g3216880/Y         -       B->Y   R     NAND2_X2A_A9TL         5   144   129    1380 
  g3216870/Y         -       A->Y   F     NAND2_X1M_A9TL         2   139   122    1502 
  g3216860/Y         -       A->Y   R     NOR2_X1P4A_A9TL        2   193   160    1661 
  g3216854/Y         -       B->Y   F     NOR2B_X2M_A9TL         3   131   137    1798 
  g3216846/Y         -       A->Y   F     AND2_X1M_A9TL          1    62   152    1950 
  g3216831/Y         -       A0->Y  R     OAI21_X1M_A9TL         2   249   177    2126 
  g3216829/Y         -       A->Y   F     INV_X1M_A9TL           2   120   132    2258 
  g3217459/Y         -       C->Y   F     OR3_X0P5M_A9TL         1   113   233    2491 
  g3216816/Y         -       A->Y   R     NAND2_X2B_A9TR         4   155   134    2625 
  g3216731/Y         -       A1->Y  F     OAI21B_X1P4M_A9TL      2   127   139    2764 
  g3216715/Y         -       A->Y   R     INV_X1M_A9TL           1    89    94    2858 
  max_x_reg[0]/SE    -       -      R     SDFFRPQ_X4M_A9TL       1     -     0    2858 
#--------------------------------------------------------------------------------------



Path 8: MET (0 ps) Setup Check with Pin sum_reg_reg[12]/CK->D
          Group: reg2reg
     Startpoint: (R) delta_reg_reg[7][0]/CK
          Clock: (R) clk
       Endpoint: (R) sum_reg_reg[12]/D
          Clock: (R) clk

                     Capture       Launch     
        Clock Edge:+    3300            0     
       Src Latency:+       0            0     
       Net Latency:+       0 (I)        0 (I) 
           Arrival:=    3300            0     
                                              
             Setup:-     104                  
       Uncertainty:-     125                  
     Required Time:=    3070                  
      Launch Clock:-       0                  
         Data Path:-    3070                  
             Slack:=       0                  

#------------------------------------------------------------------------------------------------------------------
#                 Timing Point                  Flags    Arc    Edge       Cell         Fanout Trans Delay Arrival 
#                                                                                               (ps)  (ps)   (ps)  
#------------------------------------------------------------------------------------------------------------------
  delta_reg_reg[7][0]/CK                        -       -       R     (arrival)             80     0     0       0 
  delta_reg_reg[7][0]/Q                         -       CK->Q   F     DFFRPQ_X4M_A9TL        9    98   307     307 
  g3214704/Y                                    -       A->Y    R     INV_X3M_A9TL           6   123   107     414 
  g3217502/Y                                    -       CN->Y   R     NAND3XXB_X4M_A9TL      3   136   173     588 
  g3214292/Y                                    -       A->Y    F     INV_X2M_A9TL           2    59    65     653 
  g3214146__6260/Y                              -       A->Y    R     NAND3_X1A_A9TL         1   176   112     764 
  g3214107__6783/Y                              -       C0->Y   R     OA211_X0P7M_A9TL       3   207   252    1016 
  g3214021__2346/Y                              -       A0->Y   R     OA22_X1M_A9TL          1    85   192    1208 
  g3213770__5526/Y                              -       C0->Y   F     OAI221_X1P4M_A9TL      2   196   142    1349 
  csa_tree_ADD_TC_OP_6_groupi_cdnfadd_002_0/CO  -       CI->CO  F     ADDF_X1M_A9TL          1   113   263    1612 
  csa_tree_ADD_TC_OP_6_groupi_cdnfadd_003_3/CO  -       B->CO   F     ADDF_X1M_A9TL          1    88   233    1845 
  csa_tree_ADD_TC_OP_6_groupi_cdnfadd_004_4/SUM -       CI->SUM R     ADDFH_X1M_A9TL         1   106   246    2091 
  csa_tree_ADD_TC_OP_6_groupi_cdnfadd_004_5/SUM -       B->SUM  R     ADDFH_X2M_A9TL         2   102   286    2377 
  csa_tree_ADD_TC_OP_6_groupi_g2629/Y           -       A->Y    F     NAND2_X2A_A9TL         3   113    99    2476 
  csa_tree_ADD_TC_OP_6_groupi_g2587/Y           -       A1->Y   F     OA21_X2M_A9TL          2    84   190    2665 
  csa_tree_ADD_TC_OP_6_groupi_g2578/Y           -       B->Y    R     NAND2_X4M_A9TL         3    91    90    2755 
  csa_tree_ADD_TC_OP_6_groupi_g2574/Y           -       B1->Y   R     AO1B2_X4M_A9TL         2    77   143    2899 
  csa_tree_ADD_TC_OP_6_groupi_g2569/Y           -       A0->Y   F     AOI21_X6M_A9TL         2    92    69    2968 
  csa_tree_ADD_TC_OP_6_groupi_g2565/Y           -       A0->Y   R     OAI21_X2M_A9TL         1   112   102    3070 
  sum_reg_reg[12]/D                             -       -       R     DFFRPQ_X1M_A9TL        1     -     0    3070 
#------------------------------------------------------------------------------------------------------------------



Path 9: MET (0 ps) Setup Check with Pin sum_reg_reg[11]/CK->D
          Group: reg2reg
     Startpoint: (R) delta_reg_reg[0][3]/CK
          Clock: (R) clk
       Endpoint: (R) sum_reg_reg[11]/D
          Clock: (R) clk

                     Capture       Launch     
        Clock Edge:+    3300            0     
       Src Latency:+       0            0     
       Net Latency:+       0 (I)        0 (I) 
           Arrival:=    3300            0     
                                              
             Setup:-     121                  
       Uncertainty:-     125                  
     Required Time:=    3054                  
      Launch Clock:-       0                  
         Data Path:-    3054                  
             Slack:=       0                  

#-----------------------------------------------------------------------------------------------------------------
#                 Timing Point                  Flags    Arc    Edge       Cell        Fanout Trans Delay Arrival 
#                                                                                              (ps)  (ps)   (ps)  
#-----------------------------------------------------------------------------------------------------------------
  delta_reg_reg[0][3]/CK                        -       -       R     (arrival)            80     0     0       0 
  delta_reg_reg[0][3]/Q                         -       CK->Q   R     DFFRPQ_X4M_A9TL       4    93   307     307 
  g3214331/Y                                    -       A->Y    F     INV_X5M_A9TL          3    47    53     360 
  g3214279__1617/Y                              -       A->Y    R     NAND2_X4A_A9TL        4   100    75     435 
  g3217296/Y                                    -       A1N->Y  R     AOI2XB1_X4M_A9TL      2   113   170     605 
  g3214120__6131/Y                              -       A->Y    F     NAND2_X3A_A9TL        4   114   102     707 
  g3214109/Y                                    -       A->Y    R     INV_X3M_A9TL          2    69    74     781 
  g3214079__5122/Y                              -       A->Y    F     NOR2_X2A_A9TL         2    98    69     850 
  g3217470/Y                                    -       A->Y    R     MXIT2_X1M_A9TL        1   204   138     988 
  g3213889__2883/Y                              -       B->Y    F     NAND2_X2M_A9TL        3   120   128    1116 
  g3213806__1705/Y                              -       A->Y    R     MXIT2_X3M_A9TL        2   142   113    1229 
  g3213728__2398/Y                              -       A0->Y   F     OAI22_X1P4M_A9TL      2   182   158    1386 
  csa_tree_ADD_TC_OP_6_groupi_cdnfadd_005_1/CO  -       B->CO   F     ADDF_X1M_A9TL         1   102   268    1654 
  csa_tree_ADD_TC_OP_6_groupi_cdnfadd_006_3/CO  -       CI->CO  F     ADDF_X1M_A9TL         1   101   221    1876 
  csa_tree_ADD_TC_OP_6_groupi_cdnfadd_007_4/S   -       CI->S   R     ADDF_X1M_A9TL         1    96   317    2192 
  csa_tree_ADD_TC_OP_6_groupi_cdnfadd_007_5/SUM -       CI->SUM F     ADDFH_X2M_A9TL        2   108   264    2456 
  csa_tree_ADD_TC_OP_6_groupi_g2616/Y           -       A->Y    R     NOR2_X6A_A9TL         2    89    87    2543 
  csa_tree_ADD_TC_OP_6_groupi_g2608/Y           -       A->Y    F     INV_X2M_A9TL          2    62    66    2610 
  csa_tree_ADD_TC_OP_6_groupi_g2598/Y           -       A->Y    R     NAND2_X4A_A9TL        3    84    72    2682 
  g3217481/Y                                    -       A->Y    F     NOR2XB_X3M_A9TL       1    59    58    2739 
  csa_tree_ADD_TC_OP_6_groupi_g2574/Y           -       B0->Y   F     AO1B2_X4M_A9TL        2    89   127    2866 
  csa_tree_ADD_TC_OP_6_groupi_g2569/Y           -       A0->Y   R     AOI21_X6M_A9TL        2   106   102    2968 
  csa_tree_ADD_TC_OP_6_groupi_g2566/Y           -       A->Y    R     XOR2_X3M_A9TL         1   152    85    3053 
  sum_reg_reg[11]/D                             -       -       R     DFFRPQN_X1M_A9TL      1     -     0    3054 
#-----------------------------------------------------------------------------------------------------------------



Path 10: MET (0 ps) Setup Check with Pin sum_reg_reg[11]/CK->D
          Group: reg2reg
     Startpoint: (R) delta_reg_reg[4][0]/CK
          Clock: (R) clk
       Endpoint: (R) sum_reg_reg[11]/D
          Clock: (R) clk

                     Capture       Launch     
        Clock Edge:+    3300            0     
       Src Latency:+       0            0     
       Net Latency:+       0 (I)        0 (I) 
           Arrival:=    3300            0     
                                              
             Setup:-     121                  
       Uncertainty:-     125                  
     Required Time:=    3054                  
      Launch Clock:-       0                  
         Data Path:-    3054                  
             Slack:=       0                  

#-----------------------------------------------------------------------------------------------------------------
#                 Timing Point                  Flags    Arc    Edge       Cell        Fanout Trans Delay Arrival 
#                                                                                              (ps)  (ps)   (ps)  
#-----------------------------------------------------------------------------------------------------------------
  delta_reg_reg[4][0]/CK                        -       -       R     (arrival)            80     0     0       0 
  delta_reg_reg[4][0]/Q                         -       CK->Q   R     DFFRPQ_X4M_A9TL       5   108   315     315 
  g3214005__7098/Y                              -       A->Y    R     AND3_X3M_A9TL         4    99   151     466 
  g3217495/Y                                    -       B0->Y   F     AOI21_X2M_A9TL        2   100    86     553 
  g3213967/Y                                    -       A->Y    R     INV_X2M_A9TL          2    69    73     626 
  g3213907__8428/Y                              -       A->Y    F     NOR2_X1A_A9TL         1    81    68     695 
  g3217279/Y                                    -       B0->Y   R     AOI2XB1_X1M_A9TL      2   278   195     889 
  g3213700__8428/Y                              -       A->Y    F     NAND2_X1M_A9TL        1   127   127    1017 
  g3213675__1705/Y                              -       A0->Y   R     AOI32_X1M_A9TL        1   225   193    1209 
  g3213634__5107/Y                              -       B0->Y   F     OAI21_X2M_A9TL        2   124   128    1337 
  csa_tree_ADD_TC_OP_6_groupi_g2644/CO          -       B->CO   F     ADDH_X1M_A9TL         1    60   147    1484 
  csa_tree_ADD_TC_OP_6_groupi_cdnfadd_002_2/CO  -       A->CO   F     ADDFH_X1M_A9TL        1    76   320    1804 
  csa_tree_ADD_TC_OP_6_groupi_cdnfadd_003_4/SUM -       CI->SUM R     ADDFH_X1M_A9TL        1    86   228    2032 
  csa_tree_ADD_TC_OP_6_groupi_cdnfadd_003_5/SUM -       CI->SUM F     ADDFH_X2M_A9TL        3   118   268    2299 
  csa_tree_ADD_TC_OP_6_groupi_g2593/Y           -       A0->Y   R     OAI21_X4M_A9TL        1   106   109    2409 
  csa_tree_ADD_TC_OP_6_groupi_g2591/Y           -       A->Y    F     NAND2_X4M_A9TL        2    57    57    2466 
  csa_tree_ADD_TC_OP_6_groupi_g2583/Y           -       BN->Y   F     NOR2XB_X6M_A9TL       2    60   120    2586 
  csa_tree_ADD_TC_OP_6_groupi_g2651/Y           -       A->Y    R     NAND2XB_X4M_A9TL      2    98    77    2662 
  csa_tree_ADD_TC_OP_6_groupi_g2578/Y           -       A->Y    F     NAND2_X4M_A9TL        3    69    68    2730 
  csa_tree_ADD_TC_OP_6_groupi_g2574/Y           -       B1->Y   F     AO1B2_X4M_A9TL        2    89   136    2866 
  csa_tree_ADD_TC_OP_6_groupi_g2569/Y           -       A0->Y   R     AOI21_X6M_A9TL        2   106   102    2968 
  csa_tree_ADD_TC_OP_6_groupi_g2566/Y           -       A->Y    R     XOR2_X3M_A9TL         1   152    85    3053 
  sum_reg_reg[11]/D                             -       -       R     DFFRPQN_X1M_A9TL      1     -     0    3054 
#-----------------------------------------------------------------------------------------------------------------



Path 11: MET (0 ps) Setup Check with Pin delta_reg_reg[1][2]/CK->SI
          Group: reg2reg
     Startpoint: (R) x_reg_reg[1][1]/CK
          Clock: (R) clk
       Endpoint: (F) delta_reg_reg[1][2]/SI
          Clock: (R) clk

                     Capture       Launch     
        Clock Edge:+    3300            0     
       Src Latency:+       0            0     
       Net Latency:+       0 (I)        0 (I) 
           Arrival:=    3300            0     
                                              
             Setup:-     415                  
       Uncertainty:-     125                  
     Required Time:=    2760                  
      Launch Clock:-       0                  
         Data Path:-    2760                  
             Slack:=       0                  

#------------------------------------------------------------------------------------------
#     Timing Point       Flags    Arc    Edge       Cell        Fanout Trans Delay Arrival 
#                                                                       (ps)  (ps)   (ps)  
#------------------------------------------------------------------------------------------
  x_reg_reg[1][1]/CK     -       -       R     (arrival)            64     0     0       0 
  x_reg_reg[1][1]/Q      -       CK->Q   R     DFFRPQ_X3M_A9TL       2    77   300     300 
  g3217121/Y             -       A->Y    F     INV_X3M_A9TL          4    73    72     372 
  g3216451/Y             -       B->Y    R     NOR2_X3A_A9TL         1   110   104     475 
  g3216333/Y             -       B0->Y   F     AOI21_X6M_A9TL        2    73    63     539 
  g3216272/Y             -       A0->Y   R     OAI21_X4M_A9TL        2   113   103     642 
  g3216066/CON           -       CI->CON F     CGENI_X2M_A9TL        2   138   115     757 
  g3215673/CON           -       CI->CON R     CGENI_X2M_A9TL        2   196   157     914 
  g3215402/Y             -       A->Y    R     AND2_X4M_A9TL         3    80   153    1068 
  g3217375/Y             -       A->Y    F     NOR2XB_X3M_A9TL       2    87    74    1142 
  g3217521/Y             -       A0->Y   F     AO21B_X4M_A9TL        5   165   168    1310 
  g3215102/Y             -       A->Y    R     INV_X5M_A9TL          5    96   106    1416 
  g3214880/Y             -       B->Y    F     NAND2_X4M_A9TL        4    86    78    1494 
  g3214799/Y             -       A->Y    R     NOR2_X2A_A9TL         2   134   109    1602 
  g3214770/Y             -       A->Y    F     INV_X1M_A9TL          2   108   105    1707 
  g3214714__1705/Y       -       A->Y    R     NAND3_X2A_A9TL        1   128    96    1804 
  g3214689__8428/Y       -       A->Y    F     NAND2_X1B_A9TL        2   145   125    1929 
  g3214600__1666/Y       -       A->Y    R     NAND2_X1M_A9TL        1   128   116    2045 
  g3214572__3680/Y       -       B0->Y   F     AOI21_X1M_A9TL        1   114    93    2138 
  g3214511__9315/Y       -       B0N->Y  R     AO21B_X1M_A9TL        1   101    94    2232 
  g3214475__5107/Y       -       B0->Y   R     OA21_X2M_A9TL         3   102   149    2382 
  g3214377__7482/Y       -       A0->Y   F     AOI21_X3M_A9TL        5   137   110    2492 
  g3214172__2883/Y       -       B0->Y   R     OAI211_X1M_A9TL       1   222   152    2644 
  g3214080__8246/Y       -       B0->Y   F     OAI21_X2M_A9TL        2   111   116    2760 
  delta_reg_reg[1][2]/SI -       -       F     SDFFRPQ_X4M_A9TL      2     -     0    2760 
#------------------------------------------------------------------------------------------



Path 12: MET (0 ps) Setup Check with Pin delta_reg_reg[0][3]/CK->D
          Group: reg2reg
     Startpoint: (R) max_x_reg[0]/CK
          Clock: (R) clk
       Endpoint: (R) delta_reg_reg[0][3]/D
          Clock: (R) clk

                     Capture       Launch     
        Clock Edge:+    3300            0     
       Src Latency:+       0            0     
       Net Latency:+       0 (I)        0 (I) 
           Arrival:=    3300            0     
                                              
             Setup:-      83                  
       Uncertainty:-     125                  
     Required Time:=    3092                  
      Launch Clock:-       0                  
         Data Path:-    3092                  
             Slack:=       0                  

#---------------------------------------------------------------------------------------
#     Timing Point      Flags   Arc   Edge       Cell        Fanout Trans Delay Arrival 
#                                                                    (ps)  (ps)   (ps)  
#---------------------------------------------------------------------------------------
  max_x_reg[0]/CK       -       -     R     (arrival)             8     0     0       0 
  max_x_reg[0]/Q        -       CK->Q R     SDFFRPQ_X4M_A9TL      7   159   326     326 
  g3216468/Y            -       A->Y  R     AND2_X4M_A9TL         3    78   143     469 
  g3216337/Y            -       A0->Y F     AOI21_X6M_A9TL        2    72    74     542 
  g3216297/Y            -       A->Y  R     NAND2_X4M_A9TL        1    93    72     614 
  g3216271/Y            -       A->Y  F     NAND2_X6A_A9TL        3    87    76     691 
  g3216206/Y            -       A->Y  R     NAND2_X6A_A9TL        2    74    65     755 
  g3216182/Y            -       A->Y  F     NAND2_X8A_A9TL        3    67    63     818 
  g3216161/Y            -       A->Y  R     INV_X3M_A9TL          2    71    71     889 
  g3216088/Y            -       A->Y  F     NAND2_X4M_A9TL        2    72    62     951 
  g3216039/Y            -       A->Y  F     AND2_X8M_A9TL        10    65   126    1077 
  g3215948/Y            -       A->Y  R     NAND2_X1P4M_A9TL      3   202   134    1211 
  g3217532/Y            -       A0->Y R     AO21B_X1M_A9TL        2   148   223    1433 
  g3215431/Y            -       A1->Y F     OAI21_X2M_A9TL        2   114   123    1556 
  g3215336/Y            -       A->Y  R     NOR2_X3A_A9TL         2   102    97    1654 
  g3215302/Y            -       A->Y  R     AND3_X1M_A9TL         1    81   141    1795 
  g3215233/Y            -       B->Y  F     NOR2_X1M_A9TL         1   120   104    1898 
  g3214886/Y            -       A->Y  F     OR6_X3M_A9TL          7   134   195    2093 
  g3214850/Y            -       A->Y  R     INV_X1M_A9TL          3   162   140    2233 
  g3214841/Y            -       B0->Y F     AOI21_X1P4M_A9TL      3   163   133    2366 
  g3214721__7482/Y      -       A->Y  F     AND2_X1M_A9TL         1    61   163    2530 
  g3214526__3680/Y      -       C0->Y R     AOI211_X1M_A9TL       1   272   186    2716 
  g3214428__9945/Y      -       A->Y  F     XOR3_X0P7M_A9TL       2   165   304    3019 
  g3214411/Y            -       A->Y  R     INV_X2M_A9TL          1    66    73    3092 
  delta_reg_reg[0][3]/D -       -     R     DFFRPQ_X4M_A9TL       1     -     0    3092 
#---------------------------------------------------------------------------------------



Path 13: MET (0 ps) Setup Check with Pin max_x_reg[2]/CK->D
          Group: reg2reg
     Startpoint: (R) x_reg_reg[6][6]/CK
          Clock: (R) clk
       Endpoint: (R) max_x_reg[2]/D
          Clock: (R) clk

                     Capture       Launch     
        Clock Edge:+    3300            0     
       Src Latency:+       0            0     
       Net Latency:+       0 (I)        0 (I) 
           Arrival:=    3300            0     
                                              
             Setup:-     104                  
       Uncertainty:-     125                  
     Required Time:=    3071                  
      Launch Clock:-       0                  
         Data Path:-    3071                  
             Slack:=       0                  

#-------------------------------------------------------------------------------------
#   Timing Point     Flags    Arc   Edge       Cell        Fanout Trans Delay Arrival 
#                                                                  (ps)  (ps)   (ps)  
#-------------------------------------------------------------------------------------
  x_reg_reg[6][6]/CK -       -      R     (arrival)            64     0     0       0 
  x_reg_reg[6][6]/Q  -       CK->Q  R     DFFRPQ_X4M_A9TL       2    70   291     291 
  g3217197/Y         -       A->Y   F     INV_X6M_A9TL          5    39    45     336 
  g3217077/Y         -       A->Y   R     NOR2_X1A_A9TL         1   170   119     455 
  g3217026/Y         -       B->Y   F     NOR2_X2A_A9TL         2   113   119     574 
  g3216985/Y         -       A0->Y  R     AOI21_X3M_A9TL        1   157   143     717 
  g3216948/Y         -       A->Y   F     NAND2_X8M_A9TL        8   104    96     813 
  g3216935/Y         -       S0->Y  F     MXIT2_X3M_A9TL        4   101   110     923 
  g3216891/Y         -       B0->Y  F     AO1B2_X1M_A9TL        1   115   159    1082 
  g3216884/Y         -       B->Y   R     NAND2_X1P4M_A9TL      2   172   145    1227 
  g3216879/Y         -       A0N->Y F     AO1B2_X2M_A9TL        4   138   132    1359 
  g3216866/Y         -       A0->Y  R     OAI21_X1M_A9TL        3   321   245    1604 
  g3216854/Y         -       AN->Y  R     NOR2B_X2M_A9TL        3   208   266    1870 
  g3216846/Y         -       A->Y   R     AND2_X1M_A9TL         1    84   170    2040 
  g3216831/Y         -       A0->Y  F     OAI21_X1M_A9TL        2   172   125    2165 
  g3216829/Y         -       A->Y   R     INV_X1M_A9TL          2   135   134    2298 
  g3217459/Y         -       C->Y   R     OR3_X0P5M_A9TL        1   146   206    2504 
  g3216816/Y         -       A->Y   F     NAND2_X2B_A9TR        4   212   181    2685 
  g3216755/Y         -       AN->Y  F     NOR2B_X1M_A9TL        2   144   228    2913 
  g3216669/Y         -       A0->Y  R     OAI21_X1M_A9TL        1   174   158    3071 
  max_x_reg[2]/D     -       -      R     DFFRPQ_X4M_A9TL       1     -     0    3071 
#-------------------------------------------------------------------------------------



Path 14: MET (0 ps) Setup Check with Pin delta_reg_reg[4][1]/CK->SE
          Group: reg2reg
     Startpoint: (R) max_x_reg[0]/CK
          Clock: (R) clk
       Endpoint: (R) delta_reg_reg[4][1]/SE
          Clock: (R) clk

                     Capture       Launch     
        Clock Edge:+    3300            0     
       Src Latency:+       0            0     
       Net Latency:+       0 (I)        0 (I) 
           Arrival:=    3300            0     
                                              
             Setup:-     356                  
       Uncertainty:-     125                  
     Required Time:=    2819                  
      Launch Clock:-       0                  
         Data Path:-    2818                  
             Slack:=       0                  

#-----------------------------------------------------------------------------------------
#     Timing Point       Flags    Arc   Edge       Cell        Fanout Trans Delay Arrival 
#                                                                      (ps)  (ps)   (ps)  
#-----------------------------------------------------------------------------------------
  max_x_reg[0]/CK        -       -      R     (arrival)             8     0     0       0 
  max_x_reg[0]/Q         -       CK->Q  R     SDFFRPQ_X4M_A9TL      7   159   326     326 
  g3216524/Y             -       A->Y   F     INV_X7P5M_A9TL        6    69    74     400 
  g3216463/Y             -       A->Y   R     NOR2_X6B_A9TL         2    80    71     470 
  g3216356/Y             -       B0N->Y F     AO21B_X4M_A9TL        1    72    68     539 
  g3216336/Y             -       A->Y   R     NAND2_X8M_A9TL        2    82    71     610 
  g3216180/Y             -       A0->Y  F     AOI21_X8M_A9TL        2   113    72     682 
  g3215895/Y             -       A0->Y  R     OAI21_X6M_A9TL        2   126   112     794 
  g3215854/Y             -       A->Y   F     INV_X3M_A9TL          1    50    54     848 
  g3215853/Y             -       A->Y   R     INV_X4M_A9TL          2    62    57     906 
  g3215613/Y             -       A->Y   F     NAND3_X6A_A9TL        2    74    59     965 
  g3217366/Y             -       A->Y   R     NAND2XB_X6M_A9TL      3    94    78    1044 
  g3215458/Y             -       A->Y   F     NAND2_X3A_A9TL        2   102    74    1118 
  g3215376/Y             -       A->Y   R     NAND2XB_X3M_A9TL      1   110    98    1216 
  g3215344/Y             -       A->Y   F     NAND2_X8M_A9TL        4    72    67    1284 
  g3215320/Y             -       A->Y   R     INV_X5M_A9TL          6    86    80    1364 
  g3215279/Y             -       A->Y   F     NAND2_X3A_A9TL        2    80    73    1437 
  g3215188/Y             -       A->Y   R     MXIT2_X3M_A9TL        3   166   109    1545 
  g3215167/Y             -       A->Y   F     INV_X2M_A9TL          5   110   110    1655 
  g3214896/Y             -       A0->Y  R     OAI22_X2M_A9TL        1   155   134    1789 
  g3214754/Y             -       A0->Y  F     AOI22_X2M_A9TL        1   122   118    1907 
  g3214548__4733/Y       -       A0->Y  R     OAI21_X3M_A9TL        2   123   122    2029 
  g3214532/Y             -       A->Y   F     INV_X1M_A9TL          2    89    90    2119 
  g3214530__5122/Y       -       A->Y   R     NAND3_X1M_A9TL        3   296   195    2314 
  g3214510/Y             -       A->Y   F     INV_X1M_A9TL          4   164   180    2494 
  g3214454__6131/Y       -       A->Y   R     NAND2_X1M_A9TL        2   205   172    2666 
  g3217299/Y             -       A->Y   R     XNOR2_X1M_A9TL        1   208   152    2818 
  delta_reg_reg[4][1]/SE -       -      R     SDFFRPQ_X4M_A9TL      1     -     0    2818 
#-----------------------------------------------------------------------------------------



Path 15: MET (0 ps) Setup Check with Pin sum_reg_reg[11]/CK->D
          Group: reg2reg
     Startpoint: (R) delta_reg_reg[1][2]/CK
          Clock: (R) clk
       Endpoint: (R) sum_reg_reg[11]/D
          Clock: (R) clk

                     Capture       Launch     
        Clock Edge:+    3300            0     
       Src Latency:+       0            0     
       Net Latency:+       0 (I)        0 (I) 
           Arrival:=    3300            0     
                                              
             Setup:-     121                  
       Uncertainty:-     125                  
     Required Time:=    3054                  
      Launch Clock:-       0                  
         Data Path:-    3053                  
             Slack:=       0                  

#-----------------------------------------------------------------------------------------------------------------
#                 Timing Point                  Flags    Arc    Edge       Cell        Fanout Trans Delay Arrival 
#                                                                                              (ps)  (ps)   (ps)  
#-----------------------------------------------------------------------------------------------------------------
  delta_reg_reg[1][2]/CK                        -       -       R     (arrival)            80     0     0       0 
  delta_reg_reg[1][2]/Q                         -       CK->Q   F     SDFFRPQ_X4M_A9TL      3    54   280     280 
  g3213950/Y                                    -       A->Y    R     INV_X4M_A9TL          6   118    92     372 
  g3213913__1705/Y                              -       B->Y    F     NAND2_X3A_A9TL        2    99    95     467 
  g3213871__3680/Y                              -       B0->Y   R     AOI21_X4M_A9TL        4   188   150     617 
  g3213824__2883/Y                              -       A->Y    F     NAND2_X3A_A9TL        2    98    96     713 
  g3213746__7098/Y                              -       B0->Y   R     OAI21_X2M_A9TL        1   118    87     800 
  g3213734__6783/Y                              -       B0->Y   F     AOI21_X2M_A9TL        1   105    85     885 
  g3213708__5122/Y                              -       A->Y    R     NAND2_X3A_A9TL        2    78    81     966 
  g3213704/Y                                    -       A->Y    F     INV_X2M_A9TL          1    34    40    1006 
  g3213668__4319/Y                              -       B->Y    F     MX2_X1P4M_A9TL        2   108   150    1156 
  g3213642__1617/Y                              -       A->Y    R     NOR2_X2M_A9TL         2   176   136    1292 
  csa_tree_ADD_TC_OP_6_groupi_cdnfadd_006_0/S   -       B->S    F     ADDF_X1M_A9TL         1   118   338    1630 
  csa_tree_ADD_TC_OP_6_groupi_cdnfadd_006_3/CO  -       A->CO   F     ADDF_X1M_A9TL         1   101   246    1875 
  csa_tree_ADD_TC_OP_6_groupi_cdnfadd_007_4/S   -       CI->S   R     ADDF_X1M_A9TL         1    96   317    2192 
  csa_tree_ADD_TC_OP_6_groupi_cdnfadd_007_5/SUM -       CI->SUM F     ADDFH_X2M_A9TL        2   108   264    2456 
  csa_tree_ADD_TC_OP_6_groupi_g2616/Y           -       A->Y    R     NOR2_X6A_A9TL         2    89    87    2543 
  csa_tree_ADD_TC_OP_6_groupi_g2608/Y           -       A->Y    F     INV_X2M_A9TL          2    62    66    2610 
  csa_tree_ADD_TC_OP_6_groupi_g2598/Y           -       A->Y    R     NAND2_X4A_A9TL        3    84    72    2681 
  g3217481/Y                                    -       A->Y    F     NOR2XB_X3M_A9TL       1    59    58    2739 
  csa_tree_ADD_TC_OP_6_groupi_g2574/Y           -       B0->Y   F     AO1B2_X4M_A9TL        2    89   127    2866 
  csa_tree_ADD_TC_OP_6_groupi_g2569/Y           -       A0->Y   R     AOI21_X6M_A9TL        2   106   102    2968 
  csa_tree_ADD_TC_OP_6_groupi_g2566/Y           -       A->Y    R     XOR2_X3M_A9TL         1   152    85    3053 
  sum_reg_reg[11]/D                             -       -       R     DFFRPQN_X1M_A9TL      1     -     0    3053 
#-----------------------------------------------------------------------------------------------------------------



Path 16: MET (0 ps) Setup Check with Pin delta_reg_reg[4][3]/CK->D
          Group: reg2reg
     Startpoint: (R) max_x_reg[0]/CK
          Clock: (R) clk
       Endpoint: (R) delta_reg_reg[4][3]/D
          Clock: (R) clk

                     Capture       Launch     
        Clock Edge:+    3300            0     
       Src Latency:+       0            0     
       Net Latency:+       0 (I)        0 (I) 
           Arrival:=    3300            0     
                                              
             Setup:-      80                  
       Uncertainty:-     125                  
     Required Time:=    3095                  
      Launch Clock:-       0                  
         Data Path:-    3094                  
             Slack:=       0                  

#----------------------------------------------------------------------------------------
#     Timing Point      Flags    Arc   Edge       Cell        Fanout Trans Delay Arrival 
#                                                                     (ps)  (ps)   (ps)  
#----------------------------------------------------------------------------------------
  max_x_reg[0]/CK       -       -      R     (arrival)             8     0     0       0 
  max_x_reg[0]/Q        -       CK->Q  R     SDFFRPQ_X4M_A9TL      7   159   326     326 
  g3216524/Y            -       A->Y   F     INV_X7P5M_A9TL        6    69    74     400 
  g3216463/Y            -       A->Y   R     NOR2_X6B_A9TL         2    80    71     470 
  g3216356/Y            -       B0N->Y F     AO21B_X4M_A9TL        1    72    68     539 
  g3216336/Y            -       A->Y   R     NAND2_X8M_A9TL        2    82    71     610 
  g3216180/Y            -       A0->Y  F     AOI21_X8M_A9TL        2   113    72     682 
  g3215895/Y            -       A0->Y  R     OAI21_X6M_A9TL        2   126   112     794 
  g3215854/Y            -       A->Y   F     INV_X3M_A9TL          1    50    54     848 
  g3215853/Y            -       A->Y   R     INV_X4M_A9TL          2    62    57     906 
  g3215613/Y            -       A->Y   F     NAND3_X6A_A9TL        2    74    59     965 
  g3217366/Y            -       A->Y   R     NAND2XB_X6M_A9TL      3    94    78    1044 
  g3215458/Y            -       A->Y   F     NAND2_X3A_A9TL        2   102    74    1118 
  g3215376/Y            -       A->Y   R     NAND2XB_X3M_A9TL      1   110    98    1216 
  g3215344/Y            -       A->Y   F     NAND2_X8M_A9TL        4    72    67    1284 
  g3215320/Y            -       A->Y   R     INV_X5M_A9TL          6    86    80    1364 
  g3215082/Y            -       A->Y   F     NAND2_X4M_A9TL        4    90    68    1432 
  g3214949/Y            -       A->Y   R     NOR2_X1A_A9TL         1   174   136    1568 
  g3214835/Y            -       B->Y   F     NOR2_X2A_A9TL         2    86    98    1666 
  g3217312/Y            -       A->Y   F     AND2_X1M_A9TL         1    65   136    1802 
  g3214587__8246/Y      -       A->Y   R     MXIT2_X1M_A9TL        1   257   144    1946 
  g3214479__5526/Y      -       D->Y   R     OR4_X6M_A9TL          5    93   198    2144 
  g3214404__6783/Y      -       A->Y   F     NAND2_X2A_A9TL        3   104    92    2235 
  g3214371__5122/Y      -       B0->Y  F     OA21_X1M_A9TL         1    91   164    2399 
  g3214220__2802/Y      -       B->Y   R     XNOR2_X3M_A9TL        2   167   121    2521 
  g3214144__2398/Y      -       B0->Y  F     OAI21_X1M_A9TL        1   116   116    2637 
  g3214099__6417/Y      -       B0->Y  R     AOI32_X1M_A9TL        1   242   182    2819 
  g3214027__5107/Y      -       A->Y   F     XNOR3_X1P4M_A9TL      2   110   215    3035 
  g3214011/Y            -       A->Y   R     INV_X2M_A9TL          1    54    60    3094 
  delta_reg_reg[4][3]/D -       -      R     DFFRPQ_X4M_A9TL       1     -     0    3094 
#----------------------------------------------------------------------------------------



Path 17: MET (1 ps) Setup Check with Pin delta_reg_reg[2][2]/CK->SI
          Group: reg2reg
     Startpoint: (R) max_x_reg[5]/CK
          Clock: (R) clk
       Endpoint: (F) delta_reg_reg[2][2]/SI
          Clock: (R) clk

                     Capture       Launch     
        Clock Edge:+    3300            0     
       Src Latency:+       0            0     
       Net Latency:+       0 (I)        0 (I) 
           Arrival:=    3300            0     
                                              
             Setup:-     402                  
       Uncertainty:-     125                  
     Required Time:=    2773                  
      Launch Clock:-       0                  
         Data Path:-    2772                  
             Slack:=       1                  

#------------------------------------------------------------------------------------------
#     Timing Point       Flags    Arc   Edge       Cell         Fanout Trans Delay Arrival 
#                                                                       (ps)  (ps)   (ps)  
#------------------------------------------------------------------------------------------
  max_x_reg[5]/CK        -       -      R     (arrival)              8     0     0       0 
  max_x_reg[5]/Q         -       CK->Q  R     SDFFRPQ_X4M_A9TL       4    90   287     287 
  g3216801/Y             -       A->Y   F     INV_X6M_A9TL          10    74    74     361 
  g3216800/Y             -       A->Y   R     INV_X6M_A9TL           7    76    76     437 
  g3216786/Y             -       A->Y   F     NAND2_X1A_A9TL         2   166   126     562 
  g3216697/Y             -       A->Y   R     NAND2_X2A_A9TL         2   107   111     673 
  g3216656/Y             -       A->Y   F     NAND2_X2A_A9TL         2    92    87     760 
  g3216641/Y             -       A->Y   R     NAND2XB_X2M_A9TL       2   106    92     852 
  g3216576/Y             -       A->Y   F     NOR2_X1P4A_A9TL        2   104    88     940 
  g3216385/Y             -       B0->Y  F     OA21_X1M_A9TL          2    90   163    1104 
  g3215943/Y             -       B->Y   F     OR2_X0P5M_A9TL         2   142   201    1305 
  g3215694/Y             -       B->Y   R     NOR2_X1A_A9TL          1   182   164    1469 
  g3217343/Y             -       B->Y   F     NAND2B_X2M_A9TL        2    94   104    1573 
  g3215541/Y             -       A->Y   R     NAND2_X2A_A9TL         2   102    75    1649 
  g3215415/Y             -       A0->Y  F     AOI22_X1M_A9TL         1   152   113    1761 
  g3215176/Y             -       B0->Y  R     OAI222_X1P4M_A9TL      1   265   193    1954 
  g3215135/Y             -       B->Y   R     OR4_X2M_A9TL           5   194   249    2203 
  g3215101/Y             -       A->Y   F     INV_X1M_A9TL           3   125   128    2332 
  g3214967/Y             -       B->Y   R     NAND2_X1M_A9TL         2   161   142    2473 
  g3217316/Y             -       B0N->Y R     AOI21B_X1P4M_A9TL      2   191   218    2692 
  g3214844/Y             -       A->Y   F     INV_X1M_A9TL           1    74    81    2772 
  delta_reg_reg[2][2]/SI -       -      F     SDFFRPQ_X4M_A9TL       1     -     0    2772 
#------------------------------------------------------------------------------------------



Path 18: MET (1 ps) Setup Check with Pin delta_reg_reg[0][3]/CK->D
          Group: reg2reg
     Startpoint: (R) max_x_reg[0]/CK
          Clock: (R) clk
       Endpoint: (R) delta_reg_reg[0][3]/D
          Clock: (R) clk

                     Capture       Launch     
        Clock Edge:+    3300            0     
       Src Latency:+       0            0     
       Net Latency:+       0 (I)        0 (I) 
           Arrival:=    3300            0     
                                              
             Setup:-      83                  
       Uncertainty:-     125                  
     Required Time:=    3092                  
      Launch Clock:-       0                  
         Data Path:-    3092                  
             Slack:=       1                  

#---------------------------------------------------------------------------------------
#     Timing Point      Flags   Arc   Edge       Cell        Fanout Trans Delay Arrival 
#                                                                    (ps)  (ps)   (ps)  
#---------------------------------------------------------------------------------------
  max_x_reg[0]/CK       -       -     R     (arrival)             8     0     0       0 
  max_x_reg[0]/Q        -       CK->Q R     SDFFRPQ_X4M_A9TL      7   159   326     326 
  g3216468/Y            -       A->Y  R     AND2_X4M_A9TL         3    78   143     469 
  g3216337/Y            -       A0->Y F     AOI21_X6M_A9TL        2    72    74     542 
  g3216297/Y            -       A->Y  R     NAND2_X4M_A9TL        1    93    72     614 
  g3216271/Y            -       A->Y  F     NAND2_X6A_A9TL        3    87    76     691 
  g3216206/Y            -       A->Y  R     NAND2_X6A_A9TL        2    74    65     755 
  g3216182/Y            -       A->Y  F     NAND2_X8A_A9TL        3    67    63     818 
  g3216161/Y            -       A->Y  R     INV_X3M_A9TL          2    71    71     889 
  g3216088/Y            -       A->Y  F     NAND2_X4M_A9TL        2    72    62     951 
  g3215995/Y            -       A->Y  R     MXIT2_X2M_A9TL        2   189   117    1068 
  g3215840/Y            -       A->Y  F     NAND2_X2A_A9TL        3   136   126    1194 
  g3215723/Y            -       A->Y  R     NOR2XB_X2M_A9TL       2   151   130    1324 
  g3215618/Y            -       A->Y  F     NOR2_X2A_A9TL         2    78    84    1408 
  g3215530/Y            -       A->Y  R     NOR3_X1A_A9TL         1   232   166    1574 
  g3215491/Y            -       B0->Y F     AOI31_X1M_A9TL        1   140   126    1701 
  g3215178/Y            -       A->Y  R     NAND4_X1M_A9TL        1   196   153    1854 
  g3215107/Y            -       A->Y  F     NOR2_X1B_A9TL         1   160   149    2003 
  g3215036/Y            -       C0->Y F     OA211_X2M_A9TR        5   140   252    2255 
  g3214822/Y            -       A->Y  R     XNOR3_X0P5M_A9TL      1   137   246    2501 
  g3214727/Y            -       B->Y  F     NOR2_X1B_A9TL         1   155   139    2640 
  g3214428__9945/Y      -       B->Y  F     XOR3_X0P7M_A9TL       2   165   379    3019 
  g3214411/Y            -       A->Y  R     INV_X2M_A9TL          1    66    73    3092 
  delta_reg_reg[0][3]/D -       -     R     DFFRPQ_X4M_A9TL       1     -     0    3092 
#---------------------------------------------------------------------------------------



Path 19: MET (1 ps) Setup Check with Pin delta_reg_reg[7][3]/CK->D
          Group: reg2reg
     Startpoint: (R) max_x_reg[6]/CK
          Clock: (R) clk
       Endpoint: (F) delta_reg_reg[7][3]/D
          Clock: (R) clk

                     Capture       Launch     
        Clock Edge:+    3300            0     
       Src Latency:+       0            0     
       Net Latency:+       0 (I)        0 (I) 
           Arrival:=    3300            0     
                                              
             Setup:-      92                  
       Uncertainty:-     125                  
     Required Time:=    3083                  
      Launch Clock:-       0                  
         Data Path:-    3082                  
             Slack:=       1                  

#---------------------------------------------------------------------------------------
#     Timing Point      Flags   Arc   Edge       Cell        Fanout Trans Delay Arrival 
#                                                                    (ps)  (ps)   (ps)  
#---------------------------------------------------------------------------------------
  max_x_reg[6]/CK       -       -     R     (arrival)             8     0     0       0 
  max_x_reg[6]/Q        -       CK->Q R     DFFRPQ_X4M_A9TL      12   182   357     357 
  g3216815/Y            -       A->Y  F     INV_X7P5M_A9TL       11    86    90     447 
  g3216741/Y            -       A->Y  F     MXT2_X0P7M_A9TL       3   151   220     667 
  g3217376/Y            -       B0->Y F     AO21_X1M_A9TL         1    68   179     846 
  g3216390/Y            -       A->Y  F     AND2_X2M_A9TL         3    82   142     988 
  g3216070/Y            -       B->Y  F     MXT2_X4M_A9TL        10   113   191    1179 
  g3216043/Y            -       A->Y  R     INV_X3M_A9TL          9   154   129    1308 
  g3215996/Y            -       A->Y  F     NOR2_X2A_A9TL         5   129   124    1432 
  g3215573/Y            -       B0->Y R     AOI22_X1M_A9TL        1   169   144    1576 
  g3215364/Y            -       B0->Y F     OAI211_X1M_A9TL       1   134   136    1712 
  g3215270/Y            -       A->Y  R     NOR2XB_X1M_A9TL       1   169   144    1856 
  g3215180/Y            -       B->Y  R     AND4_X0P7M_A9TL       2   152   210    2065 
  g3215086/Y            -       A->Y  R     AND3_X1M_A9TL         3   173   210    2275 
  g3215046/Y            -       A->Y  F     INV_X2M_A9TL          5   106   108    2383 
  g3214915/Y            -       A0->Y R     AOI21_X1M_A9TL        1   167   141    2524 
  g3214569__8428/Y      -       C->Y  F     XNOR3_X0P7M_A9TL      1   125   383    2907 
  g3214527__1617/Y      -       B0->Y R     OAI21_X2M_A9TL        2   175   119    3026 
  g3214509/Y            -       A->Y  F     INV_X2M_A9TL          1    55    56    3082 
  delta_reg_reg[7][3]/D -       -     F     DFFRPQ_X4M_A9TL       1     -     0    3082 
#---------------------------------------------------------------------------------------



Path 20: MET (1 ps) Setup Check with Pin delta_reg_reg[3][4]/CK->D
          Group: reg2reg
     Startpoint: (R) max_x_reg[1]/CK
          Clock: (R) clk
       Endpoint: (F) delta_reg_reg[3][4]/D
          Clock: (R) clk

                     Capture       Launch     
        Clock Edge:+    3300            0     
       Src Latency:+       0            0     
       Net Latency:+       0 (I)        0 (I) 
           Arrival:=    3300            0     
                                              
             Setup:-     100                  
       Uncertainty:-     125                  
     Required Time:=    3075                  
      Launch Clock:-       0                  
         Data Path:-    3074                  
             Slack:=       1                  

#---------------------------------------------------------------------------------------
#     Timing Point      Flags   Arc   Edge       Cell        Fanout Trans Delay Arrival 
#                                                                    (ps)  (ps)   (ps)  
#---------------------------------------------------------------------------------------
  max_x_reg[1]/CK       -       -     R     (arrival)             8     0     0       0 
  max_x_reg[1]/Q        -       CK->Q R     DFFRPQ_X4M_A9TL       2    78   298     298 
  g3216528/Y            -       A->Y  F     INV_X4M_A9TL          4    60    64     362 
  g3216527/Y            -       A->Y  R     INV_X4M_A9TL          4    64    64     425 
  g3217542/Y            -       A0->Y R     AO21B_X2M_A9TL        1    88   147     572 
  g3216388/Y            -       A->Y  F     NAND2_X4B_A9TL        4   130   104     676 
  g3216348/Y            -       A->Y  R     NAND2_X3A_A9TL        2    80    87     764 
  g3217540/Y            -       A->Y  F     NAND3_X2A_A9TL        1   125    96     860 
  g3216281/Y            -       S0->Y R     MXT2_X6M_A9TL        15   141   212    1072 
  g3216268/Y            -       A->Y  F     INV_X5M_A9TL         10    83    86    1158 
  g3216239/Y            -       B->Y  R     NOR2_X1P4A_A9TL       3   217   165    1323 
  g3216128/Y            -       B->Y  F     NAND4_X1P4A_A9TL      3   242   207    1530 
  g3215977/Y            -       A0->Y R     AOI22_X1M_A9TL        1   170   211    1740 
  g3215866/Y            -       B0->Y F     AOI31_X1M_A9TL        1   146   108    1849 
  g3215548/Y            -       A0->Y R     OAI211_X1M_A9TL       1   244   208    2056 
  g3215314/Y            -       A->Y  R     OR6_X2M_A9TL          5   185   222    2279 
  g3215291/Y            -       A->Y  F     INV_X1M_A9TL          4   139   138    2417 
  g3215118/Y            -       B->Y  R     NOR2_X1A_A9TL         1   171   149    2566 
  g3214898/Y            -       A->Y  F     XNOR3_X0P5M_A9TL      1   135   220    2786 
  g3214836/Y            -       B0->Y R     AOI21_X1M_A9TL        2   280   216    3001 
  g3214811/Y            -       A->Y  F     INV_X2M_A9TL          1    77    73    3074 
  delta_reg_reg[3][4]/D -       -     F     DFFRPQ_X4M_A9TL       1     -     0    3074 
#---------------------------------------------------------------------------------------



Path 21: MET (1 ps) Setup Check with Pin delta_reg_reg[3][4]/CK->D
          Group: reg2reg
     Startpoint: (R) max_x_reg[5]/CK
          Clock: (R) clk
       Endpoint: (F) delta_reg_reg[3][4]/D
          Clock: (R) clk

                     Capture       Launch     
        Clock Edge:+    3300            0     
       Src Latency:+       0            0     
       Net Latency:+       0 (I)        0 (I) 
           Arrival:=    3300            0     
                                              
             Setup:-     100                  
       Uncertainty:-     125                  
     Required Time:=    3075                  
      Launch Clock:-       0                  
         Data Path:-    3074                  
             Slack:=       1                  

#---------------------------------------------------------------------------------------
#     Timing Point      Flags   Arc   Edge       Cell        Fanout Trans Delay Arrival 
#                                                                    (ps)  (ps)   (ps)  
#---------------------------------------------------------------------------------------
  max_x_reg[5]/CK       -       -     R     (arrival)             8     0     0       0 
  max_x_reg[5]/Q        -       CK->Q F     SDFFRPQ_X4M_A9TL      4    67   291     291 
  g3216801/Y            -       A->Y  R     INV_X6M_A9TL         10   104    89     380 
  g3216800/Y            -       A->Y  F     INV_X6M_A9TL          7    61    67     447 
  g3216787/Y            -       A->Y  R     NAND2_X2A_A9TL        2    79    70     517 
  g3216770/Y            -       A->Y  F     INV_X2M_A9TL          2    56    62     578 
  g3216638/Y            -       B0->Y R     AOI21_X4M_A9TL        3   127   102     681 
  g3216555/Y            -       A->Y  F     NAND2_X2A_A9TL        4   166   135     816 
  g3216469/Y            -       A->Y  F     AND2_X2M_A9TL         5    91   186    1002 
  g3216251/Y            -       B->Y  R     NOR2_X1P4B_A9TL       1   164   133    1135 
  g3216183/Y            -       A->Y  F     MXIT2_X3M_A9TL        4   115   112    1246 
  g3216083/Y            -       A->Y  R     NOR2_X2B_A9TL         2   129   112    1359 
  g3216062/Y            -       A->Y  F     NAND2_X1P4M_A9TL      2   103    94    1452 
  g3215868/Y            -       A0->Y R     AOI32_X1M_A9TL        1   203   172    1624 
  g3215851/Y            -       A->Y  F     INV_X1M_A9TL          1    82    91    1715 
  g3215650/Y            -       B0->Y R     AOI22_X1M_A9TL        1   246   165    1880 
  g3215510/Y            -       A->Y  R     OR4_X4M_A9TL          8   153   208    2088 
  g3215406/Y            -       A->Y  F     NAND4_X1M_A9TL        1   167   134    2223 
  g3215306/Y            -       B0->Y R     AOI22_X1M_A9TL        1   167   156    2379 
  g3214898/Y            -       C->Y  F     XNOR3_X0P5M_A9TL      1   135   407    2785 
  g3214836/Y            -       B0->Y R     AOI21_X1M_A9TL        2   280   216    3001 
  g3214811/Y            -       A->Y  F     INV_X2M_A9TL          1    77    73    3074 
  delta_reg_reg[3][4]/D -       -     F     DFFRPQ_X4M_A9TL       1     -     0    3074 
#---------------------------------------------------------------------------------------



Path 22: MET (1 ps) Setup Check with Pin u_div/r_reg_reg[23]/CK->D
          Group: reg2reg
     Startpoint: (R) u_div/a_reg_reg[23]/CK
          Clock: (R) clk
       Endpoint: (R) u_div/r_reg_reg[23]/D
          Clock: (R) clk

                     Capture       Launch     
        Clock Edge:+    3300            0     
       Src Latency:+       0            0     
       Net Latency:+       0 (I)        0 (I) 
           Arrival:=    3300            0     
                                              
             Setup:-     122                  
       Uncertainty:-     125                  
     Required Time:=    3053                  
      Launch Clock:-       0                  
         Data Path:-    3052                  
             Slack:=       1                  

#------------------------------------------------------------------------------------------------
#         Timing Point          Flags   Arc   Edge       Cell         Fanout Trans Delay Arrival 
#                                                                             (ps)  (ps)   (ps)  
#------------------------------------------------------------------------------------------------
  u_div/a_reg_reg[23]/CK        -       -     R     (arrival)             77     0     0       0 
  u_div/a_reg_reg[23]/Q         -       CK->Q F     DFFRPQ_X1M_A9TL        3   106   328     328 
  u_div/g2315/Y                 -       AN->Y F     NAND2B_X1M_A9TL        3   169   205     533 
  u_div/sub_48_31_g1394__7098/Y -       B0->Y F     AO1B2_X2M_A9TL         2   107   178     711 
  u_div/sub_48_31_g1391__1705/Y -       B0->Y F     AO1B2_X2M_A9TL         2   114   160     871 
  u_div/sub_48_31_g1389__1617/Y -       B0->Y F     AO1B2_X4M_A9TL         3    98   143    1014 
  u_div/sub_48_31_g1386__5526/Y -       A->Y  R     NAND3_X3M_A9TL         1   113    84    1098 
  u_div/sub_48_31_g1385__8428/Y -       A->Y  F     NAND2_X2A_A9TL         2   110    93    1190 
  u_div/sub_48_31_g1382__5107/Y -       B0->Y F     AO1B2_X3M_A9TL         2    94   145    1335 
  u_div/sub_48_31_g1380__5477/Y -       B0->Y F     AO1B2_X4M_A9TL         3    99   137    1472 
  u_div/sub_48_31_g1379__6417/Y -       A->Y  R     NAND3_X3M_A9TL         2   145   106    1579 
  u_div/sub_48_31_g1375__2883/Y -       A0->Y F     OAI21_X3M_A9TL         3   115   113    1692 
  u_div/sub_48_31_g1369__5115/Y -       A0->Y R     AOI21_X3M_A9TL         5   196   165    1856 
  u_div/sub_48_31_g1364__8246/Y -       A->Y  F     NAND4_X1P4A_A9TL       2   221   177    2034 
  u_div/sub_48_31_g1351__2398/Y -       A->Y  R     XNOR2_X1M_A9TL         2   276   197    2231 
  u_div/g2190__2883/Y           -       A->Y  R     AND2_X2M_A9TL         13   282   300    2531 
  u_div/drc_bufs2212/Y          -       A->Y  F     INV_X0P8M_A9TL         1   118   131    2662 
  u_div/drc_bufs2211/Y          -       A->Y  R     INV_X2B_A9TL          12   253   190    2852 
  u_div/g2176__2802/Y           -       A0->Y R     AO22_X1M_A9TL          1    80   200    3052 
  u_div/r_reg_reg[23]/D         -       -     R     DFFRPQ_X0P5M_A9TL      1     -     0    3052 
#------------------------------------------------------------------------------------------------



Path 23: MET (1 ps) Setup Check with Pin sum_reg_reg[12]/CK->D
          Group: reg2reg
     Startpoint: (R) delta_reg_reg[6][2]/CK
          Clock: (R) clk
       Endpoint: (R) sum_reg_reg[12]/D
          Clock: (R) clk

                     Capture       Launch     
        Clock Edge:+    3300            0     
       Src Latency:+       0            0     
       Net Latency:+       0 (I)        0 (I) 
           Arrival:=    3300            0     
                                              
             Setup:-     104                  
       Uncertainty:-     125                  
     Required Time:=    3070                  
      Launch Clock:-       0                  
         Data Path:-    3070                  
             Slack:=       1                  

#-----------------------------------------------------------------------------------------------------------------
#                 Timing Point                  Flags    Arc    Edge       Cell        Fanout Trans Delay Arrival 
#                                                                                              (ps)  (ps)   (ps)  
#-----------------------------------------------------------------------------------------------------------------
  delta_reg_reg[6][2]/CK                        -       -       R     (arrival)            80     0     0       0 
  delta_reg_reg[6][2]/Q                         -       CK->Q   F     SDFFRPQ_X4M_A9TL     12   123   324     324 
  g3214486/Y                                    -       A->Y    R     INV_X2M_A9TL          2   107   104     428 
  g3214448__2802/Y                              -       A->Y    F     NAND2_X3A_A9TL        2    83    80     508 
  g3214403__5526/Y                              -       B->Y    R     NAND2_X3A_A9TL        3    72    76     584 
  g3217472/Y                                    -       A1N->Y  R     OAI2XB1_X1M_A9TL      1   178   194     778 
  g3214219__1617/Y                              -       B0->Y   F     OAI21_X1P4M_A9TL      2   132   130     908 
  g3214203/Y                                    -       A->Y    R     INV_X0P8M_A9TL        1   101   104    1011 
  g3213931__6417/Y                              -       A0->Y   F     AOI22_X1P4M_A9TL      1   149   113    1125 
  g3213747__6131/Y                              -       C->Y    R     NAND3_X3M_A9TL        2   125   136    1261 
  csa_tree_ADD_TC_OP_6_groupi_g2645/CO          -       A->CO   R     ADDH_X1M_A9TL         1   122   178    1439 
  csa_tree_ADD_TC_OP_6_groupi_cdnfadd_003_2/S   -       B->S    F     ADDF_X1M_A9TL         1   109   316    1755 
  csa_tree_ADD_TC_OP_6_groupi_cdnfadd_003_4/SUM -       B->SUM  F     ADDFH_X1M_A9TL        1    75   280    2035 
  csa_tree_ADD_TC_OP_6_groupi_cdnfadd_003_5/SUM -       CI->SUM R     ADDFH_X2M_A9TL        3   143   281    2316 
  csa_tree_ADD_TC_OP_6_groupi_g2628/Y           -       A->Y    F     NAND2_X3A_A9TL        2    93    91    2406 
  csa_tree_ADD_TC_OP_6_groupi_g2591/Y           -       B->Y    R     NAND2_X4M_A9TL        2    73    80    2487 
  csa_tree_ADD_TC_OP_6_groupi_g2583/Y           -       BN->Y   R     NOR2XB_X6M_A9TL       2    77   127    2614 
  csa_tree_ADD_TC_OP_6_groupi_g2651/Y           -       A->Y    F     NAND2XB_X4M_A9TL      2    67    64    2678 
  csa_tree_ADD_TC_OP_6_groupi_g2578/Y           -       A->Y    R     NAND2_X4M_A9TL        3    91    77    2755 
  csa_tree_ADD_TC_OP_6_groupi_g2574/Y           -       B1->Y   R     AO1B2_X4M_A9TL        2    77   143    2898 
  csa_tree_ADD_TC_OP_6_groupi_g2569/Y           -       A0->Y   F     AOI21_X6M_A9TL        2    92    69    2967 
  csa_tree_ADD_TC_OP_6_groupi_g2565/Y           -       A0->Y   R     OAI21_X2M_A9TL        1   112   102    3070 
  sum_reg_reg[12]/D                             -       -       R     DFFRPQ_X1M_A9TL       1     -     0    3070 
#-----------------------------------------------------------------------------------------------------------------



Path 24: MET (1 ps) Setup Check with Pin max_x_reg[2]/CK->D
          Group: reg2reg
     Startpoint: (R) x_reg_reg[6][6]/CK
          Clock: (R) clk
       Endpoint: (R) max_x_reg[2]/D
          Clock: (R) clk

                     Capture       Launch     
        Clock Edge:+    3300            0     
       Src Latency:+       0            0     
       Net Latency:+       0 (I)        0 (I) 
           Arrival:=    3300            0     
                                              
             Setup:-     104                  
       Uncertainty:-     125                  
     Required Time:=    3071                  
      Launch Clock:-       0                  
         Data Path:-    3070                  
             Slack:=       1                  

#---------------------------------------------------------------------------------------
#   Timing Point     Flags    Arc   Edge        Cell         Fanout Trans Delay Arrival 
#                                                                    (ps)  (ps)   (ps)  
#---------------------------------------------------------------------------------------
  x_reg_reg[6][6]/CK -       -      R     (arrival)              64     0     0       0 
  x_reg_reg[6][6]/Q  -       CK->Q  R     DFFRPQ_X4M_A9TL         2    70   291     291 
  g3217197/Y         -       A->Y   F     INV_X6M_A9TL            5    39    45     336 
  g3217077/Y         -       A->Y   R     NOR2_X1A_A9TL           1   170   119     455 
  g3217026/Y         -       B->Y   F     NOR2_X2A_A9TL           2   113   119     574 
  g3216985/Y         -       A0->Y  R     AOI21_X3M_A9TL          1   157   143     717 
  g3216948/Y         -       A->Y   F     NAND2_X8M_A9TL          8   104    96     813 
  g3216935/Y         -       S0->Y  F     MXIT2_X3M_A9TL          4   101   110     923 
  g3216891/Y         -       B0->Y  F     AO1B2_X1M_A9TL          1   115   159    1082 
  g3216884/Y         -       B->Y   R     NAND2_X1P4M_A9TL        2   172   145    1227 
  g3216879/Y         -       A0N->Y F     AO1B2_X2M_A9TL          4   138   132    1359 
  g3216877/Y         -       A->Y   R     INV_X1M_A9TL            2   122   117    1476 
  g3216865/Y         -       B0->Y  F     AOI22_X1M_A9TL          3   226   160    1636 
  g3216852/Y         -       A0->Y  F     AO22_X1M_A9TL           2    91   247    1883 
  g3216837/Y         -       B0->Y  R     AOI21_X1M_A9TL          3   298   211    2094 
  g3216827/Y         -       B0->Y  F     OAI2XB1_X0P5M_A9TL      1   187   192    2287 
  g3216823/Y         -       B0->Y  R     AOI2XB1_X1M_A9TL        1   205   183    2469 
  g3216816/Y         -       B->Y   F     NAND2_X2B_A9TR          4   212   215    2684 
  g3216755/Y         -       AN->Y  F     NOR2B_X1M_A9TL          2   144   228    2912 
  g3216669/Y         -       A0->Y  R     OAI21_X1M_A9TL          1   174   158    3070 
  max_x_reg[2]/D     -       -      R     DFFRPQ_X4M_A9TL         1     -     0    3070 
#---------------------------------------------------------------------------------------



Path 25: MET (1 ps) Setup Check with Pin delta_reg_reg[6][4]/CK->D
          Group: reg2reg
     Startpoint: (R) max_x_reg[1]/CK
          Clock: (R) clk
       Endpoint: (F) delta_reg_reg[6][4]/D
          Clock: (R) clk

                     Capture       Launch     
        Clock Edge:+    3300            0     
       Src Latency:+       0            0     
       Net Latency:+       0 (I)        0 (I) 
           Arrival:=    3300            0     
                                              
             Setup:-      97                  
       Uncertainty:-     125                  
     Required Time:=    3078                  
      Launch Clock:-       0                  
         Data Path:-    3077                  
             Slack:=       1                  

#-----------------------------------------------------------------------------------------
#     Timing Point      Flags   Arc   Edge        Cell         Fanout Trans Delay Arrival 
#                                                                      (ps)  (ps)   (ps)  
#-----------------------------------------------------------------------------------------
  max_x_reg[1]/CK       -       -     R     (arrival)               8     0     0       0 
  max_x_reg[1]/Q        -       CK->Q R     DFFRPQ_X4M_A9TL         2    78   298     298 
  g3216540/Y            -       A->Y  F     INV_X6M_A9TL            2    38    44     342 
  g3216539/Y            -       A->Y  R     INV_X7P5M_A9TL          5    67    57     399 
  g3216538/Y            -       A->Y  F     INV_X6M_A9TL            4    43    50     449 
  g3216534/Y            -       A->Y  R     INV_X4M_A9TL            2    66    58     507 
  g3216443/Y            -       A->Y  F     NAND2_X2A_A9TL          1    89    76     583 
  g3216335/Y            -       B0->Y R     OAI21_X6M_A9TL          2   109    82     665 
  g3216273/Y            -       B0->Y R     AO1B2_X4M_A9TL          4   138   171     836 
  g3216154/Y            -       A->Y  F     NAND3_X6A_A9TL          5   108    91     927 
  g3216135/Y            -       A->Y  R     INV_X4M_A9TL            2    61    66     993 
  g3216086/Y            -       A->Y  F     NAND2_X3A_A9TL          2   103    71    1064 
  g3217362/Y            -       A->Y  R     NAND2XB_X2M_A9TL        1    76    77    1140 
  g3215979/Y            -       A->Y  F     NAND2_X1P4M_A9TL        1    88    71    1211 
  g3215844/Y            -       B0->Y R     OAI21_X3M_A9TL          3   177   111    1323 
  g3215795/Y            -       A->Y  F     INV_X1M_A9TL            2    98   104    1427 
  g3215722/Y            -       A->Y  F     OR2_X1M_A9TL            3   118   186    1612 
  g3215623/Y            -       A->Y  R     NOR2_X1B_A9TL           2   220   170    1782 
  g3215494/Y            -       B0->Y F     AOI32_X1M_A9TL          1   160   126    1908 
  g3215301/Y            -       C0->Y R     OAI221_X1M_A9TL         1   260   155    2063 
  g3215191/Y            -       A->Y  R     OR4_X2M_A9TL            5   200   246    2309 
  g3214762/Y            -       B0->Y F     OAI21_X1P4M_A9TL        2   142   141    2450 
  g3214614__6260/Y      -       A0->Y R     AOI2XB1_X1P4M_A9TL      1   155   152    2602 
  g3214492__8246/Y      -       A0->Y F     OAI22_X2M_A9TL          1   103   108    2710 
  g3214426__6161/Y      -       A->Y  R     XNOR3_X0P5M_A9TL        2   242   299    3010 
  g3214410/Y            -       A->Y  F     INV_X2M_A9TL            1    69    67    3077 
  delta_reg_reg[6][4]/D -       -     F     DFFRPQ_X4M_A9TL         1     -     0    3077 
#-----------------------------------------------------------------------------------------



Path 26: MET (1 ps) Setup Check with Pin sum_reg_reg[11]/CK->D
          Group: reg2reg
     Startpoint: (R) z_reg_reg[7][4]/CK
          Clock: (R) clk
       Endpoint: (R) sum_reg_reg[11]/D
          Clock: (R) clk

                     Capture       Launch     
        Clock Edge:+    3300            0     
       Src Latency:+       0            0     
       Net Latency:+       0 (I)        0 (I) 
           Arrival:=    3300            0     
                                              
             Setup:-     121                  
       Uncertainty:-     125                  
     Required Time:=    3054                  
      Launch Clock:-       0                  
         Data Path:-    3053                  
             Slack:=       1                  

#-----------------------------------------------------------------------------------------------------------------
#                 Timing Point                  Flags    Arc    Edge       Cell        Fanout Trans Delay Arrival 
#                                                                                              (ps)  (ps)   (ps)  
#-----------------------------------------------------------------------------------------------------------------
  z_reg_reg[7][4]/CK                            -       -       R     (arrival)            80     0     0       0 
  z_reg_reg[7][4]/QN                            -       CK->QN  R     DFFRPQN_X1M_A9TL      3   182   314     314 
  g3215124/Y                                    -       C->Y    F     NAND3_X2M_A9TL        3   162   149     463 
  g3214884/Y                                    -       A->Y    R     NOR2_X1P4A_A9TL       4   285   226     688 
  g3214848/Y                                    -       A->Y    F     INV_X1M_A9TL          4   172   189     877 
  g3214091__6161/Y                              -       A1->Y   F     OA22_X1M_A9TL         1    78   222    1099 
  g3214018__9315/Y                              -       B0->Y   F     OA21_X1M_A9TL         1    75   144    1243 
  g3213794__6417/Y                              -       C0->Y   R     OAI221_X2M_A9TL       2   243   112    1355 
  csa_tree_ADD_TC_OP_6_groupi_cdnfadd_000_1/CO  -       CI->CO  R     ADDF_X1M_A9TL         1    93   223    1579 
  csa_tree_ADD_TC_OP_6_groupi_cdnfadd_001_3/CO  -       A->CO   R     ADDFH_X2M_A9TL        1    63   306    1885 
  csa_tree_ADD_TC_OP_6_groupi_cdnfadd_002_4/SUM -       CI->SUM F     ADDFH_X2M_A9TL        3   102   249    2134 
  csa_tree_ADD_TC_OP_6_groupi_g2635/Y           -       A0->Y   R     OAI21_X2M_A9TL        1   151   133    2267 
  csa_tree_ADD_TC_OP_6_groupi_g2634/Y           -       A->Y    F     NAND2_X4M_A9TL        2    72    70    2337 
  csa_tree_ADD_TC_OP_6_groupi_g2593/Y           -       B0->Y   R     OAI21_X4M_A9TL        1   106    71    2408 
  csa_tree_ADD_TC_OP_6_groupi_g2591/Y           -       A->Y    F     NAND2_X4M_A9TL        2    57    57    2465 
  csa_tree_ADD_TC_OP_6_groupi_g2583/Y           -       BN->Y   F     NOR2XB_X6M_A9TL       2    60   120    2585 
  csa_tree_ADD_TC_OP_6_groupi_g2651/Y           -       A->Y    R     NAND2XB_X4M_A9TL      2    98    77    2662 
  csa_tree_ADD_TC_OP_6_groupi_g2578/Y           -       A->Y    F     NAND2_X4M_A9TL        3    69    68    2730 
  csa_tree_ADD_TC_OP_6_groupi_g2574/Y           -       B1->Y   F     AO1B2_X4M_A9TL        2    89   136    2866 
  csa_tree_ADD_TC_OP_6_groupi_g2569/Y           -       A0->Y   R     AOI21_X6M_A9TL        2   106   102    2968 
  csa_tree_ADD_TC_OP_6_groupi_g2566/Y           -       A->Y    R     XOR2_X3M_A9TL         1   152    85    3053 
  sum_reg_reg[11]/D                             -       -       R     DFFRPQN_X1M_A9TL      1     -     0    3053 
#-----------------------------------------------------------------------------------------------------------------



Path 27: MET (1 ps) Setup Check with Pin delta_reg_reg[6][4]/CK->D
          Group: reg2reg
     Startpoint: (R) max_x_reg[1]/CK
          Clock: (R) clk
       Endpoint: (F) delta_reg_reg[6][4]/D
          Clock: (R) clk

                     Capture       Launch     
        Clock Edge:+    3300            0     
       Src Latency:+       0            0     
       Net Latency:+       0 (I)        0 (I) 
           Arrival:=    3300            0     
                                              
             Setup:-      97                  
       Uncertainty:-     125                  
     Required Time:=    3078                  
      Launch Clock:-       0                  
         Data Path:-    3077                  
             Slack:=       1                  

#------------------------------------------------------------------------------------------
#     Timing Point      Flags    Arc   Edge        Cell         Fanout Trans Delay Arrival 
#                                                                       (ps)  (ps)   (ps)  
#------------------------------------------------------------------------------------------
  max_x_reg[1]/CK       -       -      R     (arrival)               8     0     0       0 
  max_x_reg[1]/Q        -       CK->Q  F     DFFRPQ_X4M_A9TL         2    62   283     283 
  g3216540/Y            -       A->Y   R     INV_X6M_A9TL            2    50    53     336 
  g3216539/Y            -       A->Y   F     INV_X7P5M_A9TL          5    45    47     383 
  g3216538/Y            -       A->Y   R     INV_X6M_A9TL            4    62    56     439 
  g3216534/Y            -       A->Y   F     INV_X4M_A9TL            2    45    51     489 
  g3216536/Y            -       A->Y   R     INV_X7P5M_A9TL          8   103    79     569 
  g3216420/Y            -       S0->Y  R     MXIT2_X2M_A9TL          2   234   139     708 
  g3216347/Y            -       A->Y   F     NOR2_X2A_A9TL           3   118   127     835 
  g3216314/Y            -       A->Y   R     NAND2XB_X1M_A9TL        2   205   160     994 
  g3216101/Y            -       B->Y   F     NAND2_X1A_A9TL          4   253   219    1213 
  g3215972/Y            -       B->Y   R     NOR3_X2M_A9TR           1   216   249    1463 
  g3215507/Y            -       A1->Y  F     AOI21_X2M_A9TL          2   111   131    1594 
  g3215399/Y            -       A->Y   R     NOR2_X2M_A9TL           2   137   118    1712 
  g3215334/Y            -       A->Y   F     NOR2_X2B_A9TL           1   102    90    1802 
  g3215296/Y            -       C0->Y  R     OAI221_X1M_A9TL         1   266   136    1938 
  g3215249/Y            -       B0->Y  F     AOI21_X2M_A9TL          2   131   132    2070 
  g3215228/Y            -       A->Y   R     INV_X1M_A9TL            2   123   116    2185 
  g3215152/Y            -       A->Y   F     NAND2_X1P4M_A9TL        2   118    94    2279 
  g3215083/Y            -       A->Y   R     NAND2_X1P4B_A9TL        3   128   110    2390 
  g3214614__6260/Y      -       A1N->Y R     AOI2XB1_X1P4M_A9TL      1   155   213    2602 
  g3214492__8246/Y      -       A0->Y  F     OAI22_X2M_A9TL          1   103   108    2710 
  g3214426__6161/Y      -       A->Y   R     XNOR3_X0P5M_A9TL        2   242   299    3010 
  g3214410/Y            -       A->Y   F     INV_X2M_A9TL            1    69    67    3077 
  delta_reg_reg[6][4]/D -       -      F     DFFRPQ_X4M_A9TL         1     -     0    3077 
#------------------------------------------------------------------------------------------



Path 28: MET (1 ps) Setup Check with Pin sum_reg_reg[11]/CK->D
          Group: reg2reg
     Startpoint: (R) delta_reg_reg[4][0]/CK
          Clock: (R) clk
       Endpoint: (R) sum_reg_reg[11]/D
          Clock: (R) clk

                     Capture       Launch     
        Clock Edge:+    3300            0     
       Src Latency:+       0            0     
       Net Latency:+       0 (I)        0 (I) 
           Arrival:=    3300            0     
                                              
             Setup:-     121                  
       Uncertainty:-     125                  
     Required Time:=    3054                  
      Launch Clock:-       0                  
         Data Path:-    3053                  
             Slack:=       1                  

#---------------------------------------------------------------------------------------------------------------
#                Timing Point                  Flags    Arc   Edge       Cell        Fanout Trans Delay Arrival 
#                                                                                            (ps)  (ps)   (ps)  
#---------------------------------------------------------------------------------------------------------------
  delta_reg_reg[4][0]/CK                       -       -      R     (arrival)            80     0     0       0 
  delta_reg_reg[4][0]/Q                        -       CK->Q  F     DFFRPQ_X4M_A9TL       5    80   296     296 
  g3214233/Y                                   -       A->Y   R     INV_X7P5M_A9TL        6    60    63     359 
  g3214046__5115/Y                             -       A->Y   F     NAND2_X1A_A9TL        2   152   114     473 
  g3213836__5526/Y                             -       A1->Y  R     OAI22_X1P4M_A9TL      1   204   186     659 
  g3213798__6260/Y                             -       B0->Y  F     AOI21_X3M_A9TL        2   117   112     771 
  g3213722__2346/Y                             -       B->Y   R     NAND3_X3M_A9TL        1   113   108     879 
  g3213694__6417/Y                             -       A->Y   F     MXIT2_X3M_A9TL        2    82    84     962 
  g3213689/Y                                   -       A->Y   R     INV_X1M_A9TL          1    92    86    1048 
  g3213660__2346/Y                             -       B->Y   F     MXIT2_X2M_A9TL        2   143    97    1145 
  g3213637__4319/Y                             -       A0->Y  R     OAI22_X2M_A9TL        2   228   184    1330 
  csa_tree_ADD_TC_OP_6_groupi_cdnfadd_005_0/S  -       B->S   F     ADDF_X1M_A9TL         1   109   346    1676 
  csa_tree_ADD_TC_OP_6_groupi_cdnfadd_005_3/CO -       B->CO  F     ADDFH_X1M_A9TL        1    76   274    1950 
  csa_tree_ADD_TC_OP_6_groupi_cdnfadd_006_4/CO -       CI->CO F     ADDFH_X2M_A9TL        1    75   190    2141 
  csa_tree_ADD_TC_OP_6_groupi_cdnfadd_007_5/CO -       B->CO  F     ADDFH_X2M_A9TL        2    93   288    2429 
  csa_tree_ADD_TC_OP_6_groupi_g2631/Y          -       A->Y   R     NOR2_X4A_A9TL         3   126   108    2537 
  csa_tree_ADD_TC_OP_6_groupi_g2597/Y          -       A->Y   F     NOR2_X4A_A9TL         2    67    71    2608 
  g3217481/Y                                   -       BN->Y  F     NOR2XB_X3M_A9TL       1    59   131    2738 
  csa_tree_ADD_TC_OP_6_groupi_g2574/Y          -       B0->Y  F     AO1B2_X4M_A9TL        2    89   127    2866 
  csa_tree_ADD_TC_OP_6_groupi_g2569/Y          -       A0->Y  R     AOI21_X6M_A9TL        2   106   102    2968 
  csa_tree_ADD_TC_OP_6_groupi_g2566/Y          -       A->Y   R     XOR2_X3M_A9TL         1   152    85    3053 
  sum_reg_reg[11]/D                            -       -      R     DFFRPQN_X1M_A9TL      1     -     0    3053 
#---------------------------------------------------------------------------------------------------------------



Path 29: MET (1 ps) Setup Check with Pin sum_reg_reg[11]/CK->D
          Group: reg2reg
     Startpoint: (R) delta_reg_reg[3][0]/CK
          Clock: (R) clk
       Endpoint: (R) sum_reg_reg[11]/D
          Clock: (R) clk

                     Capture       Launch     
        Clock Edge:+    3300            0     
       Src Latency:+       0            0     
       Net Latency:+       0 (I)        0 (I) 
           Arrival:=    3300            0     
                                              
             Setup:-     121                  
       Uncertainty:-     125                  
     Required Time:=    3054                  
      Launch Clock:-       0                  
         Data Path:-    3053                  
             Slack:=       1                  

#----------------------------------------------------------------------------------------------------------------
#                 Timing Point                  Flags    Arc   Edge       Cell        Fanout Trans Delay Arrival 
#                                                                                             (ps)  (ps)   (ps)  
#----------------------------------------------------------------------------------------------------------------
  delta_reg_reg[3][0]/CK                        -       -      R     (arrival)            80     0     0       0 
  delta_reg_reg[3][0]/Q                         -       CK->Q  R     SDFFRPQ_X4M_A9TL      8   158   325     325 
  g3215048/Y                                    -       A->Y   F     INV_X4M_A9TL          4    62    66     390 
  g3214631__5115/Y                              -       A->Y   F     AND3_X2M_A9TL         2    64   127     518 
  g3214545__1881/Y                              -       B->Y   R     NOR2_X3A_A9TL         2   106    98     616 
  g3214463__7482/Y                              -       B0->Y  F     OAI22_X2M_A9TL        1   134   111     727 
  g3214372__8246/Y                              -       A0->Y  R     AOI21_X6M_A9TL        3   100   120     847 
  g3214355/Y                                    -       A->Y   F     INV_X2M_A9TL          1    39    44     891 
  g3214215__8428/Y                              -       A0->Y  R     AOI22_X1M_A9TL        1   180   136    1027 
  g3214127__5115/Y                              -       A0->Y  F     AOI22_X1M_A9TL        1   163   141    1168 
  g3214093__9945/Y                              -       B0->Y  R     OAI21_X2M_A9TL        2   178   136    1304 
  csa_tree_ADD_TC_OP_6_groupi_cdnfadd_003_1/SUM -       B->SUM R     ADDFH_X1M_A9TL        1   120   306    1610 
  csa_tree_ADD_TC_OP_6_groupi_cdnfadd_003_3/S   -       A->S   F     ADDF_X1M_A9TL         1    95   312    1922 
  csa_tree_ADD_TC_OP_6_groupi_cdnfadd_003_5/SUM -       A->SUM F     ADDFH_X2M_A9TL        3   118   376    2299 
  csa_tree_ADD_TC_OP_6_groupi_g2593/Y           -       A0->Y  R     OAI21_X4M_A9TL        1   106   109    2408 
  csa_tree_ADD_TC_OP_6_groupi_g2591/Y           -       A->Y   F     NAND2_X4M_A9TL        2    57    57    2465 
  csa_tree_ADD_TC_OP_6_groupi_g2583/Y           -       BN->Y  F     NOR2XB_X6M_A9TL       2    60   120    2585 
  csa_tree_ADD_TC_OP_6_groupi_g2651/Y           -       A->Y   R     NAND2XB_X4M_A9TL      2    98    77    2661 
  csa_tree_ADD_TC_OP_6_groupi_g2578/Y           -       A->Y   F     NAND2_X4M_A9TL        3    69    68    2730 
  csa_tree_ADD_TC_OP_6_groupi_g2574/Y           -       B1->Y  F     AO1B2_X4M_A9TL        2    89   136    2866 
  csa_tree_ADD_TC_OP_6_groupi_g2569/Y           -       A0->Y  R     AOI21_X6M_A9TL        2   106   102    2968 
  csa_tree_ADD_TC_OP_6_groupi_g2566/Y           -       A->Y   R     XOR2_X3M_A9TL         1   152    85    3053 
  sum_reg_reg[11]/D                             -       -      R     DFFRPQN_X1M_A9TL      1     -     0    3053 
#----------------------------------------------------------------------------------------------------------------



Path 30: MET (1 ps) Setup Check with Pin delta_reg_reg[0][3]/CK->D
          Group: reg2reg
     Startpoint: (R) x_reg_reg[0][0]/CK
          Clock: (R) clk
       Endpoint: (R) delta_reg_reg[0][3]/D
          Clock: (R) clk

                     Capture       Launch     
        Clock Edge:+    3300            0     
       Src Latency:+       0            0     
       Net Latency:+       0 (I)        0 (I) 
           Arrival:=    3300            0     
                                              
             Setup:-      83                  
       Uncertainty:-     125                  
     Required Time:=    3092                  
      Launch Clock:-       0                  
         Data Path:-    3091                  
             Slack:=       1                  

#----------------------------------------------------------------------------------------
#     Timing Point      Flags    Arc   Edge       Cell        Fanout Trans Delay Arrival 
#                                                                     (ps)  (ps)   (ps)  
#----------------------------------------------------------------------------------------
  x_reg_reg[0][0]/CK    -       -      R     (arrival)            64     0     0       0 
  x_reg_reg[0][0]/QN    -       CK->QN F     DFFRPQN_X2M_A9TL      3   138   298     298 
  g3216468/Y            -       B->Y   F     AND2_X4M_A9TL         3    61   158     456 
  g3216337/Y            -       A0->Y  R     AOI21_X6M_A9TL        2   106    98     554 
  g3216297/Y            -       A->Y   F     NAND2_X4M_A9TL        1    64    63     617 
  g3216271/Y            -       A->Y   R     NAND2_X6A_A9TL        3    97    64     681 
  g3216206/Y            -       A->Y   F     NAND2_X6A_A9TL        2    70    69     750 
  g3217536/Y            -       A0->Y  F     AO21B_X2M_A9TL        2   142   164     914 
  g3216039/Y            -       B->Y   F     AND2_X8M_A9TL        10    65   163    1076 
  g3215948/Y            -       A->Y   R     NAND2_X1P4M_A9TL      3   202   134    1210 
  g3217532/Y            -       A0->Y  R     AO21B_X1M_A9TL        2   148   223    1433 
  g3215431/Y            -       A1->Y  F     OAI21_X2M_A9TL        2   114   123    1555 
  g3215336/Y            -       A->Y   R     NOR2_X3A_A9TL         2   102    97    1653 
  g3215302/Y            -       A->Y   R     AND3_X1M_A9TL         1    81   141    1794 
  g3215233/Y            -       B->Y   F     NOR2_X1M_A9TL         1   120   104    1898 
  g3214886/Y            -       A->Y   F     OR6_X3M_A9TL          7   134   195    2092 
  g3214850/Y            -       A->Y   R     INV_X1M_A9TL          3   162   140    2232 
  g3214841/Y            -       B0->Y  F     AOI21_X1P4M_A9TL      3   163   133    2366 
  g3214721__7482/Y      -       A->Y   F     AND2_X1M_A9TL         1    61   163    2529 
  g3214526__3680/Y      -       C0->Y  R     AOI211_X1M_A9TL       1   272   186    2715 
  g3214428__9945/Y      -       A->Y   F     XOR3_X0P7M_A9TL       2   165   304    3019 
  g3214411/Y            -       A->Y   R     INV_X2M_A9TL          1    66    73    3091 
  delta_reg_reg[0][3]/D -       -      R     DFFRPQ_X4M_A9TL       1     -     0    3091 
#----------------------------------------------------------------------------------------



Path 31: MET (1 ps) Setup Check with Pin delta_reg_reg[4][3]/CK->D
          Group: reg2reg
     Startpoint: (R) x_reg_reg[4][1]/CK
          Clock: (R) clk
       Endpoint: (R) delta_reg_reg[4][3]/D
          Clock: (R) clk

                     Capture       Launch     
        Clock Edge:+    3300            0     
       Src Latency:+       0            0     
       Net Latency:+       0 (I)        0 (I) 
           Arrival:=    3300            0     
                                              
             Setup:-      80                  
       Uncertainty:-     125                  
     Required Time:=    3095                  
      Launch Clock:-       0                  
         Data Path:-    3094                  
             Slack:=       1                  

#----------------------------------------------------------------------------------------
#     Timing Point      Flags    Arc   Edge       Cell        Fanout Trans Delay Arrival 
#                                                                     (ps)  (ps)   (ps)  
#----------------------------------------------------------------------------------------
  x_reg_reg[4][1]/CK    -       -      R     (arrival)            64     0     0       0 
  x_reg_reg[4][1]/Q     -       CK->Q  R     DFFRPQ_X3M_A9TL       5   114   324     324 
  g3217136/Y            -       A->Y   F     INV_X2M_A9TL          4    80    82     406 
  g3216483/Y            -       B->Y   R     NAND2_X2M_A9TL        1   146   120     526 
  g3216336/Y            -       B->Y   F     NAND2_X8M_A9TL        2    65    75     601 
  g3216180/Y            -       A0->Y  R     AOI21_X8M_A9TL        2   110    97     698 
  g3215895/Y            -       A0->Y  F     OAI21_X6M_A9TL        2    88    77     775 
  g3215719/Y            -       A->Y   R     NAND2_X4M_A9TL        1    93    75     850 
  g3215611/Y            -       A->Y   F     NAND2_X6M_A9TL        2    77    58     908 
  g3215531/Y            -       A->Y   R     NOR2_X3A_A9TL         1    97    83     991 
  g3215473/Y            -       AN->Y  R     NAND2B_X8M_A9TL       8   136   156    1148 
  g3215371/Y            -       A->Y   F     INV_X9M_A9TL          9    63    68    1216 
  g3215340/Y            -       A->Y   R     NAND2_X2A_A9TL        4   134   100    1315 
  g3215275/Y            -       A->Y   F     NAND2_X2A_A9TL        3   124   110    1425 
  g3217321/Y            -       B->Y   R     NAND2B_X2M_A9TL       1    93    99    1524 
  g3217577/Y            -       A0N->Y F     AO1B2_X2M_A9TL        2   103    96    1620 
  g3217511/Y            -       A->Y   R     NAND3_X4A_A9TL        2   119    92    1712 
  g3217505/Y            -       A->Y   F     NAND4_X2A_A9TL        1   107    88    1800 
  g3214565__2398/Y      -       B->Y   F     AND3_X1M_A9TL         1    88   176    1976 
  g3214479__5526/Y      -       B->Y   F     OR4_X6M_A9TL          5    69   147    2123 
  g3214432__7410/Y      -       B0->Y  F     OA21_X1M_A9TL         2    99   156    2279 
  g3214370__1705/Y      -       B0->Y  R     AOI21_X2M_A9TL        1   159   132    2411 
  g3214220__2802/Y      -       A->Y   R     XNOR2_X3M_A9TL        2   167   109    2520 
  g3214144__2398/Y      -       B0->Y  F     OAI21_X1M_A9TL        1   116   116    2636 
  g3214099__6417/Y      -       B0->Y  R     AOI32_X1M_A9TL        1   242   182    2819 
  g3214027__5107/Y      -       A->Y   F     XNOR3_X1P4M_A9TL      2   110   215    3034 
  g3214011/Y            -       A->Y   R     INV_X2M_A9TL          1    54    60    3094 
  delta_reg_reg[4][3]/D -       -      R     DFFRPQ_X4M_A9TL       1     -     0    3094 
#----------------------------------------------------------------------------------------



Path 32: MET (1 ps) Setup Check with Pin sum_reg_reg[12]/CK->D
          Group: reg2reg
     Startpoint: (R) delta_reg_reg[7][2]/CK
          Clock: (R) clk
       Endpoint: (R) sum_reg_reg[12]/D
          Clock: (R) clk

                     Capture       Launch     
        Clock Edge:+    3300            0     
       Src Latency:+       0            0     
       Net Latency:+       0 (I)        0 (I) 
           Arrival:=    3300            0     
                                              
             Setup:-     104                  
       Uncertainty:-     125                  
     Required Time:=    3070                  
      Launch Clock:-       0                  
         Data Path:-    3069                  
             Slack:=       1                  

#-----------------------------------------------------------------------------------------------------------------
#                 Timing Point                  Flags    Arc    Edge       Cell        Fanout Trans Delay Arrival 
#                                                                                              (ps)  (ps)   (ps)  
#-----------------------------------------------------------------------------------------------------------------
  delta_reg_reg[7][2]/CK                        -       -       R     (arrival)            80     0     0       0 
  delta_reg_reg[7][2]/Q                         -       CK->Q   F     SDFFRPQ_X4M_A9TL      4    69   292     292 
  g3214484/Y                                    -       A->Y    R     INV_X6M_A9TL          5    66    68     360 
  g3214433__6417/Y                              -       B1->Y   R     AO1B2_X3M_A9TL        2    77   138     498 
  g3214413/Y                                    -       A->Y    F     INV_X2M_A9TL          2    50    57     555 
  g3214343__2346/Y                              -       A->Y    R     NAND2_X2A_A9TL        2    94    70     625 
  g3214324__6131/Y                              -       A->Y    F     NAND2_X3A_A9TL        4   117    90     716 
  g3214192__7098/Y                              -       A->Y    R     NOR2_X1P4M_A9TL       1   145   122     838 
  g3214063__6260/Y                              -       B->Y    F     NAND2_X2A_A9TL        5   156   140     978 
  g3213971__9315/Y                              -       B0->Y   R     OAI22_X1M_A9TL        1   193   145    1124 
  g3213930__7410/Y                              -       B0->Y   F     AOI21_X1M_A9TL        1   138   121    1244 
  g3217315/Y                                    -       B0->Y   R     OAI2XB1_X2M_A9TL      2   165   115    1360 
  csa_tree_ADD_TC_OP_6_groupi_cdnfadd_003_1/SUM -       CI->SUM F     ADDFH_X1M_A9TL        1    97   258    1618 
  csa_tree_ADD_TC_OP_6_groupi_cdnfadd_003_3/CO  -       A->CO   F     ADDF_X1M_A9TL         1    88   227    1844 
  csa_tree_ADD_TC_OP_6_groupi_cdnfadd_004_4/SUM -       CI->SUM R     ADDFH_X1M_A9TL        1   106   246    2090 
  csa_tree_ADD_TC_OP_6_groupi_cdnfadd_004_5/SUM -       B->SUM  R     ADDFH_X2M_A9TL        2   102   286    2376 
  csa_tree_ADD_TC_OP_6_groupi_g2629/Y           -       A->Y    F     NAND2_X2A_A9TL        3   113    99    2474 
  csa_tree_ADD_TC_OP_6_groupi_g2587/Y           -       A1->Y   F     OA21_X2M_A9TL         2    84   190    2664 
  csa_tree_ADD_TC_OP_6_groupi_g2578/Y           -       B->Y    R     NAND2_X4M_A9TL        3    91    90    2754 
  csa_tree_ADD_TC_OP_6_groupi_g2574/Y           -       B1->Y   R     AO1B2_X4M_A9TL        2    77   143    2898 
  csa_tree_ADD_TC_OP_6_groupi_g2569/Y           -       A0->Y   F     AOI21_X6M_A9TL        2    92    69    2967 
  csa_tree_ADD_TC_OP_6_groupi_g2565/Y           -       A0->Y   R     OAI21_X2M_A9TL        1   112   102    3069 
  sum_reg_reg[12]/D                             -       -       R     DFFRPQ_X1M_A9TL       1     -     0    3069 
#-----------------------------------------------------------------------------------------------------------------



Path 33: MET (1 ps) Setup Check with Pin sum_reg_reg[11]/CK->D
          Group: reg2reg
     Startpoint: (R) delta_reg_reg[1][1]/CK
          Clock: (R) clk
       Endpoint: (R) sum_reg_reg[11]/D
          Clock: (R) clk

                     Capture       Launch     
        Clock Edge:+    3300            0     
       Src Latency:+       0            0     
       Net Latency:+       0 (I)        0 (I) 
           Arrival:=    3300            0     
                                              
             Setup:-     121                  
       Uncertainty:-     125                  
     Required Time:=    3054                  
      Launch Clock:-       0                  
         Data Path:-    3052                  
             Slack:=       1                  

#-----------------------------------------------------------------------------------------------------------------
#                 Timing Point                  Flags    Arc    Edge       Cell        Fanout Trans Delay Arrival 
#                                                                                              (ps)  (ps)   (ps)  
#-----------------------------------------------------------------------------------------------------------------
  delta_reg_reg[1][1]/CK                        -       -       R     (arrival)            80     0     0       0 
  delta_reg_reg[1][1]/Q                         -       CK->Q   F     SDFFRPQ_X4M_A9TL      5    88   303     303 
  g3214003__5122/Y                              -       B->Y    R     NAND2_X4M_A9TL        3   108   101     404 
  g3213891__1666/Y                              -       A->Y    F     MXIT2_X4M_A9TL        4    97    95     499 
  g3213829__5477/Y                              -       A->Y    R     NOR2XB_X3M_A9TL       4   164   131     630 
  g3213772__3680/Y                              -       A->Y    F     NAND2_X1A_A9TL        1   107   106     736 
  g3213727__5477/Y                              -       C0->Y   R     OAI211_X1M_A9TL       1   222   132     868 
  g3213687__9945/Y                              -       B0->Y   F     OAI21_X2M_A9TL        2   132   134    1002 
  g3213652__7482/Y                              -       B0->Y   R     AOI22_X2M_A9TL        2   198   155    1157 
  g3213620__1881/Y                              -       A0->Y   F     OAI21_X2M_A9TL        2   109   117    1274 
  csa_tree_ADD_TC_OP_6_groupi_cdnfadd_001_0/CO  -       A->CO   F     ADDFH_X1M_A9TL        1    76   340    1614 
  csa_tree_ADD_TC_OP_6_groupi_cdnfadd_002_2/CO  -       CI->CO  F     ADDFH_X1M_A9TL        1    76   190    1803 
  csa_tree_ADD_TC_OP_6_groupi_cdnfadd_003_4/SUM -       CI->SUM R     ADDFH_X1M_A9TL        1    86   228    2031 
  csa_tree_ADD_TC_OP_6_groupi_cdnfadd_003_5/SUM -       CI->SUM F     ADDFH_X2M_A9TL        3   118   268    2298 
  csa_tree_ADD_TC_OP_6_groupi_g2593/Y           -       A0->Y   R     OAI21_X4M_A9TL        1   106   109    2408 
  csa_tree_ADD_TC_OP_6_groupi_g2591/Y           -       A->Y    F     NAND2_X4M_A9TL        2    57    57    2465 
  csa_tree_ADD_TC_OP_6_groupi_g2583/Y           -       BN->Y   F     NOR2XB_X6M_A9TL       2    60   120    2585 
  csa_tree_ADD_TC_OP_6_groupi_g2651/Y           -       A->Y    R     NAND2XB_X4M_A9TL      2    98    77    2661 
  csa_tree_ADD_TC_OP_6_groupi_g2578/Y           -       A->Y    F     NAND2_X4M_A9TL        3    69    68    2729 
  csa_tree_ADD_TC_OP_6_groupi_g2574/Y           -       B1->Y   F     AO1B2_X4M_A9TL        2    89   136    2865 
  csa_tree_ADD_TC_OP_6_groupi_g2569/Y           -       A0->Y   R     AOI21_X6M_A9TL        2   106   102    2967 
  csa_tree_ADD_TC_OP_6_groupi_g2566/Y           -       A->Y    R     XOR2_X3M_A9TL         1   152    85    3052 
  sum_reg_reg[11]/D                             -       -       R     DFFRPQN_X1M_A9TL      1     -     0    3052 
#-----------------------------------------------------------------------------------------------------------------



Path 34: MET (1 ps) Setup Check with Pin sum_reg_reg[11]/CK->D
          Group: reg2reg
     Startpoint: (R) delta_reg_reg[4][1]/CK
          Clock: (R) clk
       Endpoint: (R) sum_reg_reg[11]/D
          Clock: (R) clk

                     Capture       Launch     
        Clock Edge:+    3300            0     
       Src Latency:+       0            0     
       Net Latency:+       0 (I)        0 (I) 
           Arrival:=    3300            0     
                                              
             Setup:-     121                  
       Uncertainty:-     125                  
     Required Time:=    3054                  
      Launch Clock:-       0                  
         Data Path:-    3052                  
             Slack:=       1                  

#-----------------------------------------------------------------------------------------------------------------
#                 Timing Point                  Flags    Arc    Edge       Cell        Fanout Trans Delay Arrival 
#                                                                                              (ps)  (ps)   (ps)  
#-----------------------------------------------------------------------------------------------------------------
  delta_reg_reg[4][1]/CK                        -       -       R     (arrival)            80     0     0       0 
  delta_reg_reg[4][1]/Q                         -       CK->Q   F     SDFFRPQ_X4M_A9TL      4    61   287     287 
  g3214068/Y                                    -       A->Y    R     INV_X4M_A9TL          4    70    68     355 
  g3214047__7482/Y                              -       B->Y    F     NAND2_X4M_A9TL        4    70    71     426 
  g3214033/Y                                    -       A->Y    R     INV_X1B_A9TL          1    78    75     501 
  g3213803__3680/Y                              -       A0->Y   R     AO21B_X3M_A9TL        2    65   130     630 
  g3217279/Y                                    -       A1N->Y  R     AOI2XB1_X1M_A9TL      2   278   258     888 
  g3213700__8428/Y                              -       A->Y    F     NAND2_X1M_A9TL        1   127   127    1016 
  g3213675__1705/Y                              -       A0->Y   R     AOI32_X1M_A9TL        1   225   193    1208 
  g3213634__5107/Y                              -       B0->Y   F     OAI21_X2M_A9TL        2   124   128    1336 
  csa_tree_ADD_TC_OP_6_groupi_g2644/CO          -       B->CO   F     ADDH_X1M_A9TL         1    60   147    1484 
  csa_tree_ADD_TC_OP_6_groupi_cdnfadd_002_2/CO  -       A->CO   F     ADDFH_X1M_A9TL        1    76   320    1803 
  csa_tree_ADD_TC_OP_6_groupi_cdnfadd_003_4/SUM -       CI->SUM R     ADDFH_X1M_A9TL        1    86   228    2031 
  csa_tree_ADD_TC_OP_6_groupi_cdnfadd_003_5/SUM -       CI->SUM F     ADDFH_X2M_A9TL        3   118   268    2298 
  csa_tree_ADD_TC_OP_6_groupi_g2593/Y           -       A0->Y   R     OAI21_X4M_A9TL        1   106   109    2408 
  csa_tree_ADD_TC_OP_6_groupi_g2591/Y           -       A->Y    F     NAND2_X4M_A9TL        2    57    57    2465 
  csa_tree_ADD_TC_OP_6_groupi_g2583/Y           -       BN->Y   F     NOR2XB_X6M_A9TL       2    60   120    2585 
  csa_tree_ADD_TC_OP_6_groupi_g2651/Y           -       A->Y    R     NAND2XB_X4M_A9TL      2    98    77    2661 
  csa_tree_ADD_TC_OP_6_groupi_g2578/Y           -       A->Y    F     NAND2_X4M_A9TL        3    69    68    2729 
  csa_tree_ADD_TC_OP_6_groupi_g2574/Y           -       B1->Y   F     AO1B2_X4M_A9TL        2    89   136    2865 
  csa_tree_ADD_TC_OP_6_groupi_g2569/Y           -       A0->Y   R     AOI21_X6M_A9TL        2   106   102    2967 
  csa_tree_ADD_TC_OP_6_groupi_g2566/Y           -       A->Y    R     XOR2_X3M_A9TL         1   152    85    3052 
  sum_reg_reg[11]/D                             -       -       R     DFFRPQN_X1M_A9TL      1     -     0    3052 
#-----------------------------------------------------------------------------------------------------------------



Path 35: MET (1 ps) Setup Check with Pin delta_reg_reg[7][3]/CK->D
          Group: reg2reg
     Startpoint: (R) max_x_reg[1]/CK
          Clock: (R) clk
       Endpoint: (F) delta_reg_reg[7][3]/D
          Clock: (R) clk

                     Capture       Launch     
        Clock Edge:+    3300            0     
       Src Latency:+       0            0     
       Net Latency:+       0 (I)        0 (I) 
           Arrival:=    3300            0     
                                              
             Setup:-      92                  
       Uncertainty:-     125                  
     Required Time:=    3083                  
      Launch Clock:-       0                  
         Data Path:-    3081                  
             Slack:=       1                  

#----------------------------------------------------------------------------------------
#     Timing Point      Flags    Arc   Edge       Cell        Fanout Trans Delay Arrival 
#                                                                     (ps)  (ps)   (ps)  
#----------------------------------------------------------------------------------------
  max_x_reg[1]/CK       -       -      R     (arrival)             8     0     0       0 
  max_x_reg[1]/Q        -       CK->Q  R     DFFRPQ_X4M_A9TL       2    78   298     298 
  g3216540/Y            -       A->Y   F     INV_X6M_A9TL          2    38    44     342 
  g3216539/Y            -       A->Y   R     INV_X7P5M_A9TL        5    67    57     399 
  g3216538/Y            -       A->Y   F     INV_X6M_A9TL          4    43    50     449 
  g3216446/Y            -       A->Y   R     NOR2_X4M_A9TL         1    77    64     513 
  g3216334/Y            -       B0->Y  F     AOI21_X4M_A9TL        2    77    66     579 
  g3216289/Y            -       A->Y   R     NOR2_X4A_A9TL         2   111    94     673 
  g3217539/Y            -       A0->Y  R     AO21B_X6M_A9TL        3    73   146     819 
  g3217479/Y            -       AN->Y  R     NAND2B_X6M_A9TL       3   109   125     943 
  g3216051/Y            -       B0->Y  R     AO1B2_X4M_A9TL        1    79   131    1075 
  g3216000/Y            -       A->Y   R     AND2_X8M_A9TL         7    79   120    1195 
  g3215970/Y            -       A->Y   F     INV_X9M_A9TL         14    64    66    1261 
  g3215836/Y            -       A->Y   R     NOR2_X4M_A9TL         3   104    87    1348 
  g3215617/Y            -       AN->Y  R     NAND2B_X3M_A9TL       2    82   132    1480 
  g3217341/Y            -       A1N->Y R     OAI2XB1_X1M_A9TL      2   251   238    1718 
  g3215358/Y            -       B0->Y  F     OAI31_X1P4M_A9TL      1   157   172    1890 
  g3215180/Y            -       D->Y   F     AND4_X0P7M_A9TL       2   108   234    2124 
  g3215086/Y            -       A->Y   F     AND3_X1M_A9TL         3   118   185    2308 
  g3215046/Y            -       A->Y   R     INV_X2M_A9TL          5   132   118    2426 
  g3214915/Y            -       A0->Y  F     AOI21_X1M_A9TL        1   130   109    2535 
  g3214569__8428/Y      -       C->Y   F     XNOR3_X0P7M_A9TL      1   125   371    2906 
  g3214527__1617/Y      -       B0->Y  R     OAI21_X2M_A9TL        2   175   119    3025 
  g3214509/Y            -       A->Y   F     INV_X2M_A9TL          1    55    56    3081 
  delta_reg_reg[7][3]/D -       -      F     DFFRPQ_X4M_A9TL       1     -     0    3081 
#----------------------------------------------------------------------------------------



Path 36: MET (1 ps) Setup Check with Pin delta_reg_reg[5][4]/CK->D
          Group: reg2reg
     Startpoint: (R) max_x_reg[1]/CK
          Clock: (R) clk
       Endpoint: (R) delta_reg_reg[5][4]/D
          Clock: (R) clk

                     Capture       Launch     
        Clock Edge:+    3300            0     
       Src Latency:+       0            0     
       Net Latency:+       0 (I)        0 (I) 
           Arrival:=    3300            0     
                                              
             Setup:-      80                  
       Uncertainty:-     125                  
     Required Time:=    3095                  
      Launch Clock:-       0                  
         Data Path:-    3093                  
             Slack:=       1                  

#----------------------------------------------------------------------------------------
#     Timing Point      Flags    Arc   Edge       Cell        Fanout Trans Delay Arrival 
#                                                                     (ps)  (ps)   (ps)  
#----------------------------------------------------------------------------------------
  max_x_reg[1]/CK       -       -      R     (arrival)             8     0     0       0 
  max_x_reg[1]/Q        -       CK->Q  F     DFFRPQ_X4M_A9TL       2    62   283     283 
  g3216540/Y            -       A->Y   R     INV_X6M_A9TL          2    50    53     336 
  g3216539/Y            -       A->Y   F     INV_X7P5M_A9TL        5    45    47     383 
  g3216484/Y            -       B->Y   R     NOR2_X4B_A9TL         1    85    77     460 
  g3216332/Y            -       B0->Y  F     AOI21_X6M_A9TL        3    71    62     522 
  g3216298/Y            -       A->Y   R     NAND2_X4M_A9TL        1    68    61     583 
  g3216270/Y            -       B0N->Y F     AO21B_X3M_A9TL        2    92    80     663 
  g3217369/Y            -       A0->Y  R     OAI2XB1_X6M_A9TL      2   125   108     771 
  g3215993/Y            -       A0->Y  F     OAI21_X6M_A9TL        2    86    79     850 
  g3215682/Y            -       B0->Y  R     AOI22_X4M_A9TL        2   148   111     961 
  g3215441/Y            -       A->Y   F     NAND2_X4M_A9TL        1    81    72    1033 
  g3215309/Y            -       A->Y   R     NAND2_X6A_A9TL        2    82    59    1092 
  g3215287/Y            -       A->Y   F     INV_X4B_A9TL          2    75    76    1168 
  g3215222/Y            -       A->Y   R     NOR2_X6B_A9TL         3   108    82    1250 
  g3215198/Y            -       A->Y   F     INV_X2B_A9TR          2   118   115    1364 
  g3215160/Y            -       A->Y   R     NOR2_X3A_A9TL         4   165   136    1501 
  g3215120/Y            -       A->Y   F     NAND2_X1B_A9TL        2   156   140    1640 
  g3215092/Y            -       A->Y   R     INV_X1M_A9TL          1    89    97    1738 
  g3214911/Y            -       B0->Y  F     AOI21_X1M_A9TL        2   155   103    1840 
  g3214813/Y            -       A->Y   R     NOR3_X1A_A9TL         1   275   215    2055 
  g3214618__5526/Y      -       A0->Y  F     AOI221_X2M_A9TL       1   161   177    2233 
  g3214576__5122/Y      -       A->Y   R     NAND2_X2A_A9TR        3   171   166    2399 
  g3214477__4319/Y      -       A->Y   R     XOR2_X3M_A9TL         3   204   124    2523 
  g3214380/Y            -       A->Y   F     INV_X1M_A9TL          2   107   115    2638 
  g3214102__5107/Y      -       A1->Y  R     AOI22_X1M_A9TL        1   209   190    2827 
  g3214026__2398/Y      -       A->Y   F     XNOR3_X1P4M_A9TL      2   110   206    3034 
  g3214010/Y            -       A->Y   R     INV_X2M_A9TL          1    54    60    3093 
  delta_reg_reg[5][4]/D -       -      R     DFFRPQ_X4M_A9TL       1     -     0    3093 
#----------------------------------------------------------------------------------------



Path 37: MET (2 ps) Setup Check with Pin sum_reg_reg[12]/CK->D
          Group: reg2reg
     Startpoint: (R) delta_reg_reg[4][3]/CK
          Clock: (R) clk
       Endpoint: (R) sum_reg_reg[12]/D
          Clock: (R) clk

                     Capture       Launch     
        Clock Edge:+    3300            0     
       Src Latency:+       0            0     
       Net Latency:+       0 (I)        0 (I) 
           Arrival:=    3300            0     
                                              
             Setup:-     104                  
       Uncertainty:-     125                  
     Required Time:=    3070                  
      Launch Clock:-       0                  
         Data Path:-    3069                  
             Slack:=       2                  

#-----------------------------------------------------------------------------------------------------------------
#                 Timing Point                  Flags    Arc    Edge       Cell        Fanout Trans Delay Arrival 
#                                                                                              (ps)  (ps)   (ps)  
#-----------------------------------------------------------------------------------------------------------------
  delta_reg_reg[4][3]/CK                        -       -       R     (arrival)            80     0     0       0 
  delta_reg_reg[4][3]/Q                         -       CK->Q   R     DFFRPQ_X4M_A9TL       3    75   295     295 
  g3213947/Y                                    -       A->Y    F     INV_X4M_A9TL          4    54    60     355 
  g3213855__6161/Y                              -       A1->Y   F     OA21_X1M_A9TL         1    80   172     527 
  g3213822__9315/Y                              -       B->Y    R     NAND2_X2A_A9TL        2    78    79     606 
  g3213808/Y                                    -       A->Y    F     INV_X2M_A9TL          2    54    61     667 
  g3213754__9315/Y                              -       A->Y    R     NAND3_X3M_A9TL        4   181   115     782 
  g3213680__1881/Y                              -       BN->Y   R     NOR2XB_X6M_A9TL       4   115   173     954 
  g3213650__1881/Y                              -       A->Y    F     MXIT2_X2M_A9TL        2   135   102    1056 
  g3213621__5115/Y                              -       A0->Y   R     OAI21_X1P4M_A9TL      2   212   179    1235 
  csa_tree_ADD_TC_OP_6_groupi_g2645/CO          -       B->CO   R     ADDH_X1M_A9TL         1   122   203    1438 
  csa_tree_ADD_TC_OP_6_groupi_cdnfadd_003_2/S   -       B->S    F     ADDF_X1M_A9TL         1   109   316    1754 
  csa_tree_ADD_TC_OP_6_groupi_cdnfadd_003_4/SUM -       B->SUM  F     ADDFH_X1M_A9TL        1    75   280    2034 
  csa_tree_ADD_TC_OP_6_groupi_cdnfadd_003_5/SUM -       CI->SUM R     ADDFH_X2M_A9TL        3   143   281    2315 
  csa_tree_ADD_TC_OP_6_groupi_g2628/Y           -       A->Y    F     NAND2_X3A_A9TL        2    93    91    2406 
  csa_tree_ADD_TC_OP_6_groupi_g2591/Y           -       B->Y    R     NAND2_X4M_A9TL        2    73    80    2486 
  csa_tree_ADD_TC_OP_6_groupi_g2583/Y           -       BN->Y   R     NOR2XB_X6M_A9TL       2    77   127    2613 
  csa_tree_ADD_TC_OP_6_groupi_g2651/Y           -       A->Y    F     NAND2XB_X4M_A9TL      2    67    64    2677 
  csa_tree_ADD_TC_OP_6_groupi_g2578/Y           -       A->Y    R     NAND2_X4M_A9TL        3    91    77    2754 
  csa_tree_ADD_TC_OP_6_groupi_g2574/Y           -       B1->Y   R     AO1B2_X4M_A9TL        2    77   143    2897 
  csa_tree_ADD_TC_OP_6_groupi_g2569/Y           -       A0->Y   F     AOI21_X6M_A9TL        2    92    69    2967 
  csa_tree_ADD_TC_OP_6_groupi_g2565/Y           -       A0->Y   R     OAI21_X2M_A9TL        1   112   102    3069 
  sum_reg_reg[12]/D                             -       -       R     DFFRPQ_X1M_A9TL       1     -     0    3069 
#-----------------------------------------------------------------------------------------------------------------



Path 38: MET (2 ps) Setup Check with Pin sum_reg_reg[11]/CK->D
          Group: reg2reg
     Startpoint: (R) z_reg_reg[7][2]/CK
          Clock: (R) clk
       Endpoint: (R) sum_reg_reg[11]/D
          Clock: (R) clk

                     Capture       Launch     
        Clock Edge:+    3300            0     
       Src Latency:+       0            0     
       Net Latency:+       0 (I)        0 (I) 
           Arrival:=    3300            0     
                                              
             Setup:-     121                  
       Uncertainty:-     125                  
     Required Time:=    3054                  
      Launch Clock:-       0                  
         Data Path:-    3052                  
             Slack:=       2                  

#-----------------------------------------------------------------------------------------------------------------
#                 Timing Point                  Flags    Arc    Edge       Cell        Fanout Trans Delay Arrival 
#                                                                                              (ps)  (ps)   (ps)  
#-----------------------------------------------------------------------------------------------------------------
  z_reg_reg[7][2]/CK                            -       -       R     (arrival)            80     0     0       0 
  z_reg_reg[7][2]/QN                            -       CK->QN  R     DFFRPQN_X1M_A9TL      3   175   310     310 
  g3215126/Y                                    -       AN->Y   R     NAND3B_X1M_A9TL       3   302   270     580 
  g3214877/Y                                    -       A->Y    R     OR2_X0P5M_A9TL        3   332   326     906 
  g3213971__9315/Y                              -       B1->Y   F     OAI22_X1M_A9TL        1   151   169    1075 
  g3213930__7410/Y                              -       B0->Y   R     AOI21_X1M_A9TL        1   184   162    1237 
  g3217315/Y                                    -       B0->Y   F     OAI2XB1_X2M_A9TL      2   109   110    1347 
  csa_tree_ADD_TC_OP_6_groupi_cdnfadd_003_1/SUM -       CI->SUM R     ADDFH_X1M_A9TL        1   120   262    1610 
  csa_tree_ADD_TC_OP_6_groupi_cdnfadd_003_3/S   -       A->S    F     ADDF_X1M_A9TL         1    95   312    1922 
  csa_tree_ADD_TC_OP_6_groupi_cdnfadd_003_5/SUM -       A->SUM  F     ADDFH_X2M_A9TL        3   118   376    2298 
  csa_tree_ADD_TC_OP_6_groupi_g2593/Y           -       A0->Y   R     OAI21_X4M_A9TL        1   106   109    2407 
  csa_tree_ADD_TC_OP_6_groupi_g2591/Y           -       A->Y    F     NAND2_X4M_A9TL        2    57    57    2464 
  csa_tree_ADD_TC_OP_6_groupi_g2583/Y           -       BN->Y   F     NOR2XB_X6M_A9TL       2    60   120    2584 
  csa_tree_ADD_TC_OP_6_groupi_g2651/Y           -       A->Y    R     NAND2XB_X4M_A9TL      2    98    77    2661 
  csa_tree_ADD_TC_OP_6_groupi_g2578/Y           -       A->Y    F     NAND2_X4M_A9TL        3    69    68    2729 
  csa_tree_ADD_TC_OP_6_groupi_g2574/Y           -       B1->Y   F     AO1B2_X4M_A9TL        2    89   136    2865 
  csa_tree_ADD_TC_OP_6_groupi_g2569/Y           -       A0->Y   R     AOI21_X6M_A9TL        2   106   102    2967 
  csa_tree_ADD_TC_OP_6_groupi_g2566/Y           -       A->Y    R     XOR2_X3M_A9TL         1   152    85    3052 
  sum_reg_reg[11]/D                             -       -       R     DFFRPQN_X1M_A9TL      1     -     0    3052 
#-----------------------------------------------------------------------------------------------------------------



Path 39: MET (2 ps) Setup Check with Pin sum_reg_reg[11]/CK->D
          Group: reg2reg
     Startpoint: (R) delta_reg_reg[4][0]/CK
          Clock: (R) clk
       Endpoint: (R) sum_reg_reg[11]/D
          Clock: (R) clk

                     Capture       Launch     
        Clock Edge:+    3300            0     
       Src Latency:+       0            0     
       Net Latency:+       0 (I)        0 (I) 
           Arrival:=    3300            0     
                                              
             Setup:-     121                  
       Uncertainty:-     125                  
     Required Time:=    3054                  
      Launch Clock:-       0                  
         Data Path:-    3052                  
             Slack:=       2                  

#---------------------------------------------------------------------------------------------------------------
#                Timing Point                  Flags    Arc   Edge       Cell        Fanout Trans Delay Arrival 
#                                                                                            (ps)  (ps)   (ps)  
#---------------------------------------------------------------------------------------------------------------
  delta_reg_reg[4][0]/CK                       -       -      R     (arrival)            80     0     0       0 
  delta_reg_reg[4][0]/Q                        -       CK->Q  R     DFFRPQ_X4M_A9TL       5   108   315     315 
  g3214233/Y                                   -       A->Y   F     INV_X7P5M_A9TL        6    49    54     369 
  g3214047__7482/Y                             -       A->Y   R     NAND2_X4M_A9TL        4    99    76     445 
  g3217494/Y                                   -       A0->Y  R     AO21B_X3M_A9TL        3    91   153     598 
  g3213793__7410/Y                             -       B->Y   F     NAND4_X2A_A9TL        2   196   152     751 
  g3213722__2346/Y                             -       A->Y   R     NAND3_X3M_A9TL        1   113   128     878 
  g3213694__6417/Y                             -       A->Y   F     MXIT2_X3M_A9TL        2    82    84     962 
  g3213689/Y                                   -       A->Y   R     INV_X1M_A9TL          1    92    86    1048 
  g3213660__2346/Y                             -       B->Y   F     MXIT2_X2M_A9TL        2   143    97    1145 
  g3213637__4319/Y                             -       A0->Y  R     OAI22_X2M_A9TL        2   228   184    1329 
  csa_tree_ADD_TC_OP_6_groupi_cdnfadd_005_0/S  -       B->S   F     ADDF_X1M_A9TL         1   109   346    1676 
  csa_tree_ADD_TC_OP_6_groupi_cdnfadd_005_3/CO -       B->CO  F     ADDFH_X1M_A9TL        1    76   274    1950 
  csa_tree_ADD_TC_OP_6_groupi_cdnfadd_006_4/CO -       CI->CO F     ADDFH_X2M_A9TL        1    75   190    2140 
  csa_tree_ADD_TC_OP_6_groupi_cdnfadd_007_5/CO -       B->CO  F     ADDFH_X2M_A9TL        2    93   288    2429 
  csa_tree_ADD_TC_OP_6_groupi_g2631/Y          -       A->Y   R     NOR2_X4A_A9TL         3   126   108    2536 
  csa_tree_ADD_TC_OP_6_groupi_g2597/Y          -       A->Y   F     NOR2_X4A_A9TL         2    67    71    2607 
  g3217481/Y                                   -       BN->Y  F     NOR2XB_X3M_A9TL       1    59   131    2738 
  csa_tree_ADD_TC_OP_6_groupi_g2574/Y          -       B0->Y  F     AO1B2_X4M_A9TL        2    89   127    2865 
  csa_tree_ADD_TC_OP_6_groupi_g2569/Y          -       A0->Y  R     AOI21_X6M_A9TL        2   106   102    2967 
  csa_tree_ADD_TC_OP_6_groupi_g2566/Y          -       A->Y   R     XOR2_X3M_A9TL         1   152    85    3052 
  sum_reg_reg[11]/D                            -       -      R     DFFRPQN_X1M_A9TL      1     -     0    3052 
#---------------------------------------------------------------------------------------------------------------



Path 40: MET (2 ps) Setup Check with Pin max_x_reg[0]/CK->SE
          Group: reg2reg
     Startpoint: (R) x_reg_reg[1][5]/CK
          Clock: (R) clk
       Endpoint: (R) max_x_reg[0]/SE
          Clock: (R) clk

                     Capture       Launch     
        Clock Edge:+    3300            0     
       Src Latency:+       0            0     
       Net Latency:+       0 (I)        0 (I) 
           Arrival:=    3300            0     
                                              
             Setup:-     317                  
       Uncertainty:-     125                  
     Required Time:=    2858                  
      Launch Clock:-       0                  
         Data Path:-    2857                  
             Slack:=       2                  

#--------------------------------------------------------------------------------------
#   Timing Point     Flags   Arc   Edge        Cell         Fanout Trans Delay Arrival 
#                                                                   (ps)  (ps)   (ps)  
#--------------------------------------------------------------------------------------
  x_reg_reg[1][5]/CK -       -     R     (arrival)              64     0     0       0 
  x_reg_reg[1][5]/Q  -       CK->Q R     DFFRPQ_X4M_A9TL         5    81   300     300 
  g3217196/Y         -       A->Y  F     INV_X2M_A9TL            3    68    69     369 
  g3217548/Y         -       A0->Y F     AO22_X3M_A9TL           3    80   182     551 
  g3217027/Y         -       A->Y  R     NOR2_X3A_A9TL           2   116    97     648 
  g3216958/Y         -       A->Y  F     NAND3_X3M_A9TL          1   110    94     743 
  g3216947/Y         -       B->Y  R     NAND2_X6A_A9TL          5    91    95     838 
  g3216938/Y         -       A->Y  F     NAND2_X1P4M_A9TL        1    86    76     914 
  g3216910/Y         -       C0->Y R     OAI211_X3M_A9TL         2   178   106    1020 
  g3216893/Y         -       A->Y  F     NAND2_X4M_A9TL          2    77    73    1093 
  g3216883/Y         -       A->Y  R     NAND2_X2A_A9TL          2    89    70    1163 
  g3216876/Y         -       A->Y  F     NAND2_X1A_A9TL          2   144   114    1277 
  g3216871/Y         -       A->Y  R     NAND2_X1M_A9TL          2   164   148    1424 
  g3217390/Y         -       AN->Y R     NAND2B_X2M_A9TL         3   133   182    1606 
  g3216858/Y         -       A->Y  F     INV_X1M_A9TL            3   112   108    1714 
  g3216839/Y         -       A1->Y R     OAI22_X1M_A9TL          2   282   215    1928 
  g3216835/Y         -       A->Y  F     INV_X1M_A9TL            3   140   155    2083 
  g3216827/Y         -       A0->Y R     OAI2XB1_X0P5M_A9TL      1   273   221    2304 
  g3216823/Y         -       B0->Y F     AOI2XB1_X1M_A9TL        1   174   153    2457 
  g3216816/Y         -       B->Y  R     NAND2_X2B_A9TR          4   155   167    2624 
  g3216731/Y         -       A1->Y F     OAI21B_X1P4M_A9TL       2   127   139    2763 
  g3216715/Y         -       A->Y  R     INV_X1M_A9TL            1    89    94    2857 
  max_x_reg[0]/SE    -       -     R     SDFFRPQ_X4M_A9TL        1     -     0    2857 
#--------------------------------------------------------------------------------------



Path 41: MET (2 ps) Setup Check with Pin delta_reg_reg[6][4]/CK->D
          Group: reg2reg
     Startpoint: (R) max_x_reg[1]/CK
          Clock: (R) clk
       Endpoint: (F) delta_reg_reg[6][4]/D
          Clock: (R) clk

                     Capture       Launch     
        Clock Edge:+    3300            0     
       Src Latency:+       0            0     
       Net Latency:+       0 (I)        0 (I) 
           Arrival:=    3300            0     
                                              
             Setup:-      97                  
       Uncertainty:-     125                  
     Required Time:=    3078                  
      Launch Clock:-       0                  
         Data Path:-    3076                  
             Slack:=       2                  

#-----------------------------------------------------------------------------------------
#     Timing Point      Flags   Arc   Edge        Cell         Fanout Trans Delay Arrival 
#                                                                      (ps)  (ps)   (ps)  
#-----------------------------------------------------------------------------------------
  max_x_reg[1]/CK       -       -     R     (arrival)               8     0     0       0 
  max_x_reg[1]/Q        -       CK->Q R     DFFRPQ_X4M_A9TL         2    78   298     298 
  g3216540/Y            -       A->Y  F     INV_X6M_A9TL            2    38    44     342 
  g3216539/Y            -       A->Y  R     INV_X7P5M_A9TL          5    67    57     399 
  g3216538/Y            -       A->Y  F     INV_X6M_A9TL            4    43    50     449 
  g3216534/Y            -       A->Y  R     INV_X4M_A9TL            2    66    58     507 
  g3216443/Y            -       A->Y  F     NAND2_X2A_A9TL          1    89    76     583 
  g3216335/Y            -       B0->Y R     OAI21_X6M_A9TL          2   109    82     665 
  g3216273/Y            -       B0->Y R     AO1B2_X4M_A9TL          4   138   171     836 
  g3216154/Y            -       A->Y  F     NAND3_X6A_A9TL          5   108    91     927 
  g3216135/Y            -       A->Y  R     INV_X4M_A9TL            2    61    66     993 
  g3216086/Y            -       A->Y  F     NAND2_X3A_A9TL          2   103    71    1064 
  g3217362/Y            -       A->Y  R     NAND2XB_X2M_A9TL        1    76    77    1140 
  g3215979/Y            -       A->Y  F     NAND2_X1P4M_A9TL        1    88    71    1211 
  g3215844/Y            -       B0->Y R     OAI21_X3M_A9TL          3   177   111    1323 
  g3215795/Y            -       A->Y  F     INV_X1M_A9TL            2    98   104    1427 
  g3215722/Y            -       A->Y  F     OR2_X1M_A9TL            3   118   186    1612 
  g3215614/Y            -       A->Y  R     NAND2_X1A_A9TL          2   122   112    1724 
  g3215421/Y            -       A0->Y F     OAI211_X1M_A9TL         1   150   124    1849 
  g3215301/Y            -       A0->Y R     OAI221_X1M_A9TL         1   260   214    2063 
  g3215191/Y            -       A->Y  R     OR4_X2M_A9TL            5   200   246    2308 
  g3214762/Y            -       B0->Y F     OAI21_X1P4M_A9TL        2   142   141    2450 
  g3214614__6260/Y      -       A0->Y R     AOI2XB1_X1P4M_A9TL      1   155   152    2602 
  g3214492__8246/Y      -       A0->Y F     OAI22_X2M_A9TL          1   103   108    2710 
  g3214426__6161/Y      -       A->Y  R     XNOR3_X0P5M_A9TL        2   242   299    3009 
  g3214410/Y            -       A->Y  F     INV_X2M_A9TL            1    69    67    3076 
  delta_reg_reg[6][4]/D -       -     F     DFFRPQ_X4M_A9TL         1     -     0    3076 
#-----------------------------------------------------------------------------------------



Path 42: MET (2 ps) Setup Check with Pin delta_reg_reg[2][2]/CK->SI
          Group: reg2reg
     Startpoint: (R) max_x_reg[5]/CK
          Clock: (R) clk
       Endpoint: (F) delta_reg_reg[2][2]/SI
          Clock: (R) clk

                     Capture       Launch     
        Clock Edge:+    3300            0     
       Src Latency:+       0            0     
       Net Latency:+       0 (I)        0 (I) 
           Arrival:=    3300            0     
                                              
             Setup:-     402                  
       Uncertainty:-     125                  
     Required Time:=    2773                  
      Launch Clock:-       0                  
         Data Path:-    2772                  
             Slack:=       2                  

#------------------------------------------------------------------------------------------
#     Timing Point       Flags    Arc   Edge       Cell         Fanout Trans Delay Arrival 
#                                                                       (ps)  (ps)   (ps)  
#------------------------------------------------------------------------------------------
  max_x_reg[5]/CK        -       -      R     (arrival)              8     0     0       0 
  max_x_reg[5]/Q         -       CK->Q  R     SDFFRPQ_X4M_A9TL       4    90   287     287 
  g3216801/Y             -       A->Y   F     INV_X6M_A9TL          10    74    74     361 
  g3216800/Y             -       A->Y   R     INV_X6M_A9TL           7    76    76     437 
  g3216786/Y             -       A->Y   F     NAND2_X1A_A9TL         2   166   126     562 
  g3216697/Y             -       A->Y   R     NAND2_X2A_A9TL         2   107   111     673 
  g3216656/Y             -       A->Y   F     NAND2_X2A_A9TL         2    92    87     760 
  g3216647/Y             -       A->Y   R     INV_X1M_A9TL           1    82    83     843 
  g3216583/Y             -       A0->Y  R     OA21_X1P4M_A9TL        5   171   192    1035 
  g3216562/Y             -       A->Y   F     INV_X1M_A9TL           3   130   128    1163 
  g3215847/Y             -       B->Y   R     NAND2_X2A_A9TL         4   148   134    1296 
  g3215727/Y             -       B->Y   F     NAND2_X2A_A9TL         3   120   118    1414 
  g3217343/Y             -       AN->Y  F     NAND2B_X2M_A9TL        2    94   158    1572 
  g3215541/Y             -       A->Y   R     NAND2_X2A_A9TL         2   102    75    1648 
  g3215415/Y             -       A0->Y  F     AOI22_X1M_A9TL         1   152   113    1760 
  g3215176/Y             -       B0->Y  R     OAI222_X1P4M_A9TL      1   265   193    1954 
  g3215135/Y             -       B->Y   R     OR4_X2M_A9TL           5   194   249    2202 
  g3215101/Y             -       A->Y   F     INV_X1M_A9TL           3   125   128    2331 
  g3214967/Y             -       B->Y   R     NAND2_X1M_A9TL         2   161   142    2472 
  g3217316/Y             -       B0N->Y R     AOI21B_X1P4M_A9TL      2   191   218    2691 
  g3214844/Y             -       A->Y   F     INV_X1M_A9TL           1    74    81    2772 
  delta_reg_reg[2][2]/SI -       -      F     SDFFRPQ_X4M_A9TL       1     -     0    2772 
#------------------------------------------------------------------------------------------



Path 43: MET (2 ps) Setup Check with Pin delta_reg_reg[1][2]/CK->SI
          Group: reg2reg
     Startpoint: (R) max_x_reg[1]/CK
          Clock: (R) clk
       Endpoint: (F) delta_reg_reg[1][2]/SI
          Clock: (R) clk

                     Capture       Launch     
        Clock Edge:+    3300            0     
       Src Latency:+       0            0     
       Net Latency:+       0 (I)        0 (I) 
           Arrival:=    3300            0     
                                              
             Setup:-     415                  
       Uncertainty:-     125                  
     Required Time:=    2760                  
      Launch Clock:-       0                  
         Data Path:-    2759                  
             Slack:=       2                  

#------------------------------------------------------------------------------------------
#     Timing Point       Flags    Arc    Edge       Cell        Fanout Trans Delay Arrival 
#                                                                       (ps)  (ps)   (ps)  
#------------------------------------------------------------------------------------------
  max_x_reg[1]/CK        -       -       R     (arrival)             8     0     0       0 
  max_x_reg[1]/Q         -       CK->Q   R     DFFRPQ_X4M_A9TL       2    78   298     298 
  g3216540/Y             -       A->Y    F     INV_X6M_A9TL          2    38    44     342 
  g3217373/Y             -       AN->Y   F     NAND2B_X4M_A9TL       1    66   109     451 
  g3216333/Y             -       A1->Y   R     AOI21_X6M_A9TL        2    89   103     554 
  g3216272/Y             -       A0->Y   F     OAI21_X4M_A9TL        2    77    76     629 
  g3216066/CON           -       CI->CON R     CGENI_X2M_A9TL        2   210   151     780 
  g3215673/CON           -       CI->CON F     CGENI_X2M_A9TL        2   148   134     914 
  g3215402/Y             -       A->Y    F     AND2_X4M_A9TL         3    60   152    1066 
  g3217330/Y             -       AN->Y   F     NAND2B_X8M_A9TL       5    86   122    1188 
  g3215161/Y             -       A->Y    F     AND2_X4M_A9TL         4    56   125    1313 
  g3215029/Y             -       A->Y    R     NOR2_X3A_A9TL         2   128    98    1411 
  g3214880/Y             -       A->Y    F     NAND2_X4M_A9TL        4    86    81    1492 
  g3214799/Y             -       A->Y    R     NOR2_X2A_A9TL         2   134   109    1601 
  g3214770/Y             -       A->Y    F     INV_X1M_A9TL          2   108   105    1706 
  g3214714__1705/Y       -       A->Y    R     NAND3_X2A_A9TL        1   128    96    1803 
  g3214689__8428/Y       -       A->Y    F     NAND2_X1B_A9TL        2   145   125    1928 
  g3214600__1666/Y       -       A->Y    R     NAND2_X1M_A9TL        1   128   116    2044 
  g3214572__3680/Y       -       B0->Y   F     AOI21_X1M_A9TL        1   114    93    2137 
  g3214511__9315/Y       -       B0N->Y  R     AO21B_X1M_A9TL        1   101    94    2231 
  g3214475__5107/Y       -       B0->Y   R     OA21_X2M_A9TL         3   102   149    2380 
  g3214377__7482/Y       -       A0->Y   F     AOI21_X3M_A9TL        5   137   110    2490 
  g3214172__2883/Y       -       B0->Y   R     OAI211_X1M_A9TL       1   222   152    2642 
  g3214080__8246/Y       -       B0->Y   F     OAI21_X2M_A9TL        2   111   116    2759 
  delta_reg_reg[1][2]/SI -       -       F     SDFFRPQ_X4M_A9TL      2     -     0    2759 
#------------------------------------------------------------------------------------------



Path 44: MET (2 ps) Setup Check with Pin sum_reg_reg[11]/CK->D
          Group: reg2reg
     Startpoint: (R) delta_reg_reg[3][0]/CK
          Clock: (R) clk
       Endpoint: (R) sum_reg_reg[11]/D
          Clock: (R) clk

                     Capture       Launch     
        Clock Edge:+    3300            0     
       Src Latency:+       0            0     
       Net Latency:+       0 (I)        0 (I) 
           Arrival:=    3300            0     
                                              
             Setup:-     121                  
       Uncertainty:-     125                  
     Required Time:=    3054                  
      Launch Clock:-       0                  
         Data Path:-    3052                  
             Slack:=       2                  

#-----------------------------------------------------------------------------------------------------------------
#                 Timing Point                  Flags    Arc    Edge       Cell        Fanout Trans Delay Arrival 
#                                                                                              (ps)  (ps)   (ps)  
#-----------------------------------------------------------------------------------------------------------------
  delta_reg_reg[3][0]/CK                        -       -       R     (arrival)            80     0     0       0 
  delta_reg_reg[3][0]/Q                         -       CK->Q   R     SDFFRPQ_X4M_A9TL      8   158   325     325 
  g3214805/Y                                    -       B->Y    F     NAND2_X4M_A9TL        3    80    88     413 
  g3214693__1617/Y                              -       A->Y    R     MXIT2_X3M_A9TL        2   148   103     516 
  g3214670/Y                                    -       A->Y    F     INV_X2M_A9TL          4    89    92     607 
  g3214564__5477/Y                              -       A->Y    R     NAND2_X2A_A9TL        2    76    74     681 
  g3217301/Y                                    -       A1->Y   R     AO21B_X1M_A9TL        1   107   166     846 
  g3214200__9945/Y                              -       A->Y    F     MXIT2_X2M_A9TL        2   141   107     953 
  g3214180/Y                                    -       A->Y    R     INV_X3M_A9TL          2    78    84    1038 
  g3214134__2346/Y                              -       B->Y    F     MXIT2_X3M_A9TL        2   100    72    1110 
  g3214074__6783/Y                              -       A->Y    R     NOR2_X1P4A_A9TL       2   224   167    1276 
  csa_tree_ADD_TC_OP_6_groupi_cdnfadd_006_1/S   -       B->S    F     ADDF_X1M_A9TL         1   118   352    1628 
  csa_tree_ADD_TC_OP_6_groupi_cdnfadd_006_3/CO  -       B->CO   F     ADDF_X1M_A9TL         1   101   246    1874 
  csa_tree_ADD_TC_OP_6_groupi_cdnfadd_007_4/S   -       CI->S   R     ADDF_X1M_A9TL         1    96   317    2191 
  csa_tree_ADD_TC_OP_6_groupi_cdnfadd_007_5/SUM -       CI->SUM F     ADDFH_X2M_A9TL        2   108   264    2455 
  csa_tree_ADD_TC_OP_6_groupi_g2616/Y           -       A->Y    R     NOR2_X6A_A9TL         2    89    87    2542 
  csa_tree_ADD_TC_OP_6_groupi_g2608/Y           -       A->Y    F     INV_X2M_A9TL          2    62    66    2608 
  csa_tree_ADD_TC_OP_6_groupi_g2598/Y           -       A->Y    R     NAND2_X4A_A9TL        3    84    72    2680 
  g3217481/Y                                    -       A->Y    F     NOR2XB_X3M_A9TL       1    59    58    2738 
  csa_tree_ADD_TC_OP_6_groupi_g2574/Y           -       B0->Y   F     AO1B2_X4M_A9TL        2    89   127    2865 
  csa_tree_ADD_TC_OP_6_groupi_g2569/Y           -       A0->Y   R     AOI21_X6M_A9TL        2   106   102    2967 
  csa_tree_ADD_TC_OP_6_groupi_g2566/Y           -       A->Y    R     XOR2_X3M_A9TL         1   152    85    3052 
  sum_reg_reg[11]/D                             -       -       R     DFFRPQN_X1M_A9TL      1     -     0    3052 
#-----------------------------------------------------------------------------------------------------------------



Path 45: MET (2 ps) Setup Check with Pin max_x_reg[0]/CK->SE
          Group: reg2reg
     Startpoint: (R) x_reg_reg[4][2]/CK
          Clock: (R) clk
       Endpoint: (R) max_x_reg[0]/SE
          Clock: (R) clk

                     Capture       Launch     
        Clock Edge:+    3300            0     
       Src Latency:+       0            0     
       Net Latency:+       0 (I)        0 (I) 
           Arrival:=    3300            0     
                                              
             Setup:-     317                  
       Uncertainty:-     125                  
     Required Time:=    2858                  
      Launch Clock:-       0                  
         Data Path:-    2857                  
             Slack:=       2                  

#-------------------------------------------------------------------------------------
#   Timing Point     Flags   Arc   Edge       Cell         Fanout Trans Delay Arrival 
#                                                                  (ps)  (ps)   (ps)  
#-------------------------------------------------------------------------------------
  x_reg_reg[4][2]/CK -       -     R     (arrival)             64     0     0       0 
  x_reg_reg[4][2]/Q  -       CK->Q R     DFFRPQ_X4M_A9TL        4    88   304     304 
  g3217118/Y         -       A->Y  F     INV_X4M_A9TL           3    44    50     354 
  g3217055/Y         -       A0->Y R     AOI22_X1M_A9TL         1   210   159     513 
  g3217008/Y         -       C->Y  F     NAND3_X2M_A9TL         1   100   116     629 
  g3216961/Y         -       B1->Y F     AO1B2_X3M_A9TL         1    81   147     776 
  g3216943/Y         -       A->Y  R     NAND2_X6M_A9TL         4   130    85     861 
  g3216940/Y         -       A->Y  F     INV_X6M_A9TL           6    68    74     935 
  g3216933/Y         -       S0->Y F     MXIT2_X2M_A9TL         3   128   106    1041 
  g3216909/Y         -       B->Y  R     NAND2B_X1M_A9TL        2   184   155    1196 
  g3216899/Y         -       B0->Y F     OAI2XB1_X2M_A9TL       2   109   110    1306 
  g3216895/Y         -       A->Y  R     INV_X1M_A9TL           1    77    80    1386 
  g3216889/Y         -       B0->Y F     OAI31_X1P4M_A9TL       1   130   110    1496 
  g3216860/Y         -       B->Y  R     NOR2_X1P4A_A9TL        2   193   164    1660 
  g3216854/Y         -       B->Y  F     NOR2B_X2M_A9TL         3   131   137    1796 
  g3216846/Y         -       A->Y  F     AND2_X1M_A9TL          1    62   152    1948 
  g3216831/Y         -       A0->Y R     OAI21_X1M_A9TL         2   249   177    2125 
  g3216829/Y         -       A->Y  F     INV_X1M_A9TL           2   120   132    2257 
  g3217459/Y         -       C->Y  F     OR3_X0P5M_A9TL         1   113   233    2489 
  g3216816/Y         -       A->Y  R     NAND2_X2B_A9TR         4   155   134    2624 
  g3216731/Y         -       A1->Y F     OAI21B_X1P4M_A9TL      2   127   139    2763 
  g3216715/Y         -       A->Y  R     INV_X1M_A9TL           1    89    94    2857 
  max_x_reg[0]/SE    -       -     R     SDFFRPQ_X4M_A9TL       1     -     0    2857 
#-------------------------------------------------------------------------------------



Path 46: MET (2 ps) Setup Check with Pin delta_reg_reg[0][3]/CK->D
          Group: reg2reg
     Startpoint: (R) max_x_reg[1]/CK
          Clock: (R) clk
       Endpoint: (R) delta_reg_reg[0][3]/D
          Clock: (R) clk

                     Capture       Launch     
        Clock Edge:+    3300            0     
       Src Latency:+       0            0     
       Net Latency:+       0 (I)        0 (I) 
           Arrival:=    3300            0     
                                              
             Setup:-      83                  
       Uncertainty:-     125                  
     Required Time:=    3092                  
      Launch Clock:-       0                  
         Data Path:-    3091                  
             Slack:=       2                  

#---------------------------------------------------------------------------------------
#     Timing Point      Flags   Arc   Edge       Cell        Fanout Trans Delay Arrival 
#                                                                    (ps)  (ps)   (ps)  
#---------------------------------------------------------------------------------------
  max_x_reg[1]/CK       -       -     R     (arrival)             8     0     0       0 
  max_x_reg[1]/Q        -       CK->Q F     DFFRPQ_X4M_A9TL       2    62   283     283 
  g3216528/Y            -       A->Y  R     INV_X4M_A9TL          4    86    77     360 
  g3216488/Y            -       A->Y  F     NAND2_X3A_A9TL        1    80    76     437 
  g3216337/Y            -       A1->Y R     AOI21_X6M_A9TL        2   106   116     553 
  g3216297/Y            -       A->Y  F     NAND2_X4M_A9TL        1    64    63     617 
  g3216271/Y            -       A->Y  R     NAND2_X6A_A9TL        3    97    64     681 
  g3216206/Y            -       A->Y  F     NAND2_X6A_A9TL        2    70    69     750 
  g3217536/Y            -       A0->Y F     AO21B_X2M_A9TL        2   142   164     913 
  g3216039/Y            -       B->Y  F     AND2_X8M_A9TL        10    65   163    1076 
  g3215948/Y            -       A->Y  R     NAND2_X1P4M_A9TL      3   202   134    1210 
  g3217532/Y            -       A0->Y R     AO21B_X1M_A9TL        2   148   223    1432 
  g3215431/Y            -       A1->Y F     OAI21_X2M_A9TL        2   114   123    1555 
  g3215336/Y            -       A->Y  R     NOR2_X3A_A9TL         2   102    97    1652 
  g3215302/Y            -       A->Y  R     AND3_X1M_A9TL         1    81   141    1793 
  g3215233/Y            -       B->Y  F     NOR2_X1M_A9TL         1   120   104    1897 
  g3214886/Y            -       A->Y  F     OR6_X3M_A9TL          7   134   195    2092 
  g3214850/Y            -       A->Y  R     INV_X1M_A9TL          3   162   140    2232 
  g3214841/Y            -       B0->Y F     AOI21_X1P4M_A9TL      3   163   133    2365 
  g3214721__7482/Y      -       A->Y  F     AND2_X1M_A9TL         1    61   163    2528 
  g3214526__3680/Y      -       C0->Y R     AOI211_X1M_A9TL       1   272   186    2714 
  g3214428__9945/Y      -       A->Y  F     XOR3_X0P7M_A9TL       2   165   304    3018 
  g3214411/Y            -       A->Y  R     INV_X2M_A9TL          1    66    73    3091 
  delta_reg_reg[0][3]/D -       -     R     DFFRPQ_X4M_A9TL       1     -     0    3091 
#---------------------------------------------------------------------------------------



Path 47: MET (2 ps) Setup Check with Pin sum_reg_reg[11]/CK->D
          Group: reg2reg
     Startpoint: (R) delta_reg_reg[1][0]/CK
          Clock: (R) clk
       Endpoint: (R) sum_reg_reg[11]/D
          Clock: (R) clk

                     Capture       Launch     
        Clock Edge:+    3300            0     
       Src Latency:+       0            0     
       Net Latency:+       0 (I)        0 (I) 
           Arrival:=    3300            0     
                                              
             Setup:-     121                  
       Uncertainty:-     125                  
     Required Time:=    3054                  
      Launch Clock:-       0                  
         Data Path:-    3052                  
             Slack:=       2                  

#-----------------------------------------------------------------------------------------------------------------
#                 Timing Point                  Flags    Arc    Edge       Cell        Fanout Trans Delay Arrival 
#                                                                                              (ps)  (ps)   (ps)  
#-----------------------------------------------------------------------------------------------------------------
  delta_reg_reg[1][0]/CK                        -       -       R     (arrival)            80     0     0       0 
  delta_reg_reg[1][0]/Q                         -       CK->Q   R     DFFRPQ_X4M_A9TL       6   125   325     325 
  g3214110/Y                                    -       A->Y    F     INV_X3M_A9TL          3    67    74     398 
  g3214004__8246/Y                              -       A->Y    R     NAND2_X4M_A9TL        4   102    83     481 
  g3213927__2883/Y                              -       A->Y    F     NOR2_X2A_A9TL         1    74    72     552 
  g3213825__2346/Y                              -       B->Y    R     MXIT2_X3M_A9TL        2   136    99     651 
  g3213809/Y                                    -       A->Y    F     INV_X1M_A9TL          1    73    81     732 
  g3213718__6161/Y                              -       B->Y    R     NOR3_X2M_A9TL         1   176   147     879 
  g3213678__7098/Y                              -       B0->Y   F     AOI31_X3M_A9TL        2   142    96     975 
  g3213652__7482/Y                              -       A0->Y   R     AOI22_X2M_A9TL        2   198   182    1157 
  g3213620__1881/Y                              -       A0->Y   F     OAI21_X2M_A9TL        2   109   117    1274 
  csa_tree_ADD_TC_OP_6_groupi_cdnfadd_001_0/CO  -       A->CO   F     ADDFH_X1M_A9TL        1    76   340    1613 
  csa_tree_ADD_TC_OP_6_groupi_cdnfadd_002_2/CO  -       CI->CO  F     ADDFH_X1M_A9TL        1    76   190    1803 
  csa_tree_ADD_TC_OP_6_groupi_cdnfadd_003_4/SUM -       CI->SUM R     ADDFH_X1M_A9TL        1    86   228    2030 
  csa_tree_ADD_TC_OP_6_groupi_cdnfadd_003_5/SUM -       CI->SUM F     ADDFH_X2M_A9TL        3   118   268    2298 
  csa_tree_ADD_TC_OP_6_groupi_g2593/Y           -       A0->Y   R     OAI21_X4M_A9TL        1   106   109    2407 
  csa_tree_ADD_TC_OP_6_groupi_g2591/Y           -       A->Y    F     NAND2_X4M_A9TL        2    57    57    2464 
  csa_tree_ADD_TC_OP_6_groupi_g2583/Y           -       BN->Y   F     NOR2XB_X6M_A9TL       2    60   120    2584 
  csa_tree_ADD_TC_OP_6_groupi_g2651/Y           -       A->Y    R     NAND2XB_X4M_A9TL      2    98    77    2661 
  csa_tree_ADD_TC_OP_6_groupi_g2578/Y           -       A->Y    F     NAND2_X4M_A9TL        3    69    68    2729 
  csa_tree_ADD_TC_OP_6_groupi_g2574/Y           -       B1->Y   F     AO1B2_X4M_A9TL        2    89   136    2865 
  csa_tree_ADD_TC_OP_6_groupi_g2569/Y           -       A0->Y   R     AOI21_X6M_A9TL        2   106   102    2967 
  csa_tree_ADD_TC_OP_6_groupi_g2566/Y           -       A->Y    R     XOR2_X3M_A9TL         1   152    85    3052 
  sum_reg_reg[11]/D                             -       -       R     DFFRPQN_X1M_A9TL      1     -     0    3052 
#-----------------------------------------------------------------------------------------------------------------



Path 48: MET (2 ps) Setup Check with Pin max_x_reg[0]/CK->SE
          Group: reg2reg
     Startpoint: (R) x_reg_reg[7][0]/CK
          Clock: (R) clk
       Endpoint: (R) max_x_reg[0]/SE
          Clock: (R) clk

                     Capture       Launch     
        Clock Edge:+    3300            0     
       Src Latency:+       0            0     
       Net Latency:+       0 (I)        0 (I) 
           Arrival:=    3300            0     
                                              
             Setup:-     317                  
       Uncertainty:-     125                  
     Required Time:=    2858                  
      Launch Clock:-       0                  
         Data Path:-    2857                  
             Slack:=       2                  

#---------------------------------------------------------------------------------------
#   Timing Point     Flags    Arc   Edge        Cell         Fanout Trans Delay Arrival 
#                                                                    (ps)  (ps)   (ps)  
#---------------------------------------------------------------------------------------
  x_reg_reg[7][0]/CK -       -      R     (arrival)              64     0     0       0 
  x_reg_reg[7][0]/QN -       CK->QN F     DFFRPQN_X2M_A9TL        2   131   291     291 
  g3217212/Y         -       A->Y   R     INV_X4M_A9TL            4    89    95     386 
  g3217023/CON       -       A->CON F     CGENI_X2M_A9TL          1   108    98     483 
  g3216988/Y         -       A0->Y  R     OAI21_X3M_A9TL          1   110   110     593 
  g3216960/Y         -       B->Y   F     NAND3XXB_X3M_A9TL       1   134   107     701 
  g3216948/Y         -       B->Y   R     NAND2_X8M_A9TL          8   132   127     828 
  g3216944/Y         -       A->Y   F     INV_X3M_A9TL            2    49    53     881 
  g3216929/Y         -       A0->Y  F     AO22_X1M_A9TL           3   112   197    1078 
  g3216903/Y         -       B->Y   R     NOR2_X1M_A9TL           1   153   135    1212 
  g3216879/Y         -       B0->Y  R     AO1B2_X2M_A9TL          4   120   191    1403 
  g3216877/Y         -       A->Y   F     INV_X1M_A9TL            2    85    87    1490 
  g3216865/Y         -       B0->Y  R     AOI22_X1M_A9TL          3   342   227    1718 
  g3216852/Y         -       A0->Y  R     AO22_X1M_A9TL           2   122   247    1964 
  g3216837/Y         -       B0->Y  F     AOI21_X1M_A9TL          3   222   138    2102 
  g3216827/Y         -       B0->Y  R     OAI2XB1_X0P5M_A9TL      1   273   202    2304 
  g3216823/Y         -       B0->Y  F     AOI2XB1_X1M_A9TL        1   174   153    2457 
  g3216816/Y         -       B->Y   R     NAND2_X2B_A9TR          4   155   167    2624 
  g3216731/Y         -       A1->Y  F     OAI21B_X1P4M_A9TL       2   127   139    2763 
  g3216715/Y         -       A->Y   R     INV_X1M_A9TL            1    89    94    2856 
  max_x_reg[0]/SE    -       -      R     SDFFRPQ_X4M_A9TL        1     -     0    2857 
#---------------------------------------------------------------------------------------



Path 49: MET (2 ps) Setup Check with Pin delta_reg_reg[7][3]/CK->D
          Group: reg2reg
     Startpoint: (R) max_x_reg[1]/CK
          Clock: (R) clk
       Endpoint: (F) delta_reg_reg[7][3]/D
          Clock: (R) clk

                     Capture       Launch     
        Clock Edge:+    3300            0     
       Src Latency:+       0            0     
       Net Latency:+       0 (I)        0 (I) 
           Arrival:=    3300            0     
                                              
             Setup:-      92                  
       Uncertainty:-     125                  
     Required Time:=    3083                  
      Launch Clock:-       0                  
         Data Path:-    3081                  
             Slack:=       2                  

#----------------------------------------------------------------------------------------
#     Timing Point      Flags    Arc   Edge       Cell        Fanout Trans Delay Arrival 
#                                                                     (ps)  (ps)   (ps)  
#----------------------------------------------------------------------------------------
  max_x_reg[1]/CK       -       -      R     (arrival)             8     0     0       0 
  max_x_reg[1]/Q        -       CK->Q  R     DFFRPQ_X4M_A9TL       2    78   298     298 
  g3216540/Y            -       A->Y   F     INV_X6M_A9TL          2    38    44     342 
  g3216539/Y            -       A->Y   R     INV_X7P5M_A9TL        5    67    57     399 
  g3216538/Y            -       A->Y   F     INV_X6M_A9TL          4    43    50     449 
  g3216452/Y            -       A->Y   R     NAND2_X3A_A9TL        1    66    51     500 
  g3216334/Y            -       A1->Y  F     AOI21_X4M_A9TL        2    77    79     579 
  g3216289/Y            -       A->Y   R     NOR2_X4A_A9TL         2   111    94     673 
  g3217539/Y            -       A0->Y  R     AO21B_X6M_A9TL        3    73   146     818 
  g3217479/Y            -       AN->Y  R     NAND2B_X6M_A9TL       3   109   125     943 
  g3216051/Y            -       B0->Y  R     AO1B2_X4M_A9TL        1    79   131    1074 
  g3216000/Y            -       A->Y   R     AND2_X8M_A9TL         7    79   120    1195 
  g3215970/Y            -       A->Y   F     INV_X9M_A9TL         14    64    66    1260 
  g3215836/Y            -       A->Y   R     NOR2_X4M_A9TL         3   104    87    1348 
  g3215617/Y            -       AN->Y  R     NAND2B_X3M_A9TL       2    82   132    1480 
  g3217341/Y            -       A1N->Y R     OAI2XB1_X1M_A9TL      2   251   238    1718 
  g3215358/Y            -       B0->Y  F     OAI31_X1P4M_A9TL      1   157   172    1890 
  g3215180/Y            -       D->Y   F     AND4_X0P7M_A9TL       2   108   234    2123 
  g3215086/Y            -       A->Y   F     AND3_X1M_A9TL         3   118   185    2308 
  g3215046/Y            -       A->Y   R     INV_X2M_A9TL          5   132   118    2426 
  g3214915/Y            -       A0->Y  F     AOI21_X1M_A9TL        1   130   109    2534 
  g3214569__8428/Y      -       C->Y   F     XNOR3_X0P7M_A9TL      1   125   371    2906 
  g3214527__1617/Y      -       B0->Y  R     OAI21_X2M_A9TL        2   175   119    3024 
  g3214509/Y            -       A->Y   F     INV_X2M_A9TL          1    55    56    3081 
  delta_reg_reg[7][3]/D -       -      F     DFFRPQ_X4M_A9TL       1     -     0    3081 
#----------------------------------------------------------------------------------------



Path 50: MET (2 ps) Setup Check with Pin delta_reg_reg[0][3]/CK->D
          Group: reg2reg
     Startpoint: (R) max_x_reg[0]/CK
          Clock: (R) clk
       Endpoint: (R) delta_reg_reg[0][3]/D
          Clock: (R) clk

                     Capture       Launch     
        Clock Edge:+    3300            0     
       Src Latency:+       0            0     
       Net Latency:+       0 (I)        0 (I) 
           Arrival:=    3300            0     
                                              
             Setup:-      83                  
       Uncertainty:-     125                  
     Required Time:=    3092                  
      Launch Clock:-       0                  
         Data Path:-    3091                  
             Slack:=       2                  

#---------------------------------------------------------------------------------------
#     Timing Point      Flags   Arc   Edge       Cell        Fanout Trans Delay Arrival 
#                                                                    (ps)  (ps)   (ps)  
#---------------------------------------------------------------------------------------
  max_x_reg[0]/CK       -       -     R     (arrival)             8     0     0       0 
  max_x_reg[0]/Q        -       CK->Q R     SDFFRPQ_X4M_A9TL      7   159   326     326 
  g3216468/Y            -       A->Y  R     AND2_X4M_A9TL         3    78   143     469 
  g3216371/Y            -       A->Y  R     BUFH_X0P7M_A9TL       2   198   175     644 
  g3216370/Y            -       A->Y  F     INV_X2M_A9TL          1    66    68     712 
  g3216323/Y            -       A->Y  F     MXT2_X3M_A9TL         8   118   191     903 
  g3216295/Y            -       A->Y  R     NAND2_X4B_A9TL        5    95    89     992 
  g3216208/Y            -       A->Y  F     NAND2_X1P4M_A9TL      3   125   102    1094 
  g3215815/Y            -       B->Y  R     NOR2_X1P4M_A9TL       1   108   114    1208 
  g3215746/Y            -       C0->Y F     AOI211_X1M_A9TL       1   159   105    1314 
  g3215522/Y            -       B0->Y R     AOI32_X1M_A9TL        1   191   172    1486 
  g3215456/Y            -       A->Y  R     AND2_X1M_A9TL         1    80   162    1648 
  g3215178/Y            -       C->Y  F     NAND4_X1M_A9TL        1   168   133    1782 
  g3215107/Y            -       A->Y  R     NOR2_X1B_A9TL         1   178   156    1938 
  g3215036/Y            -       C0->Y R     OA211_X2M_A9TR        5   180   272    2210 
  g3214841/Y            -       A0->Y F     AOI21_X1P4M_A9TL      3   163   154    2365 
  g3214721__7482/Y      -       A->Y  F     AND2_X1M_A9TL         1    61   163    2528 
  g3214526__3680/Y      -       C0->Y R     AOI211_X1M_A9TL       1   272   186    2714 
  g3214428__9945/Y      -       A->Y  F     XOR3_X0P7M_A9TL       2   165   304    3018 
  g3214411/Y            -       A->Y  R     INV_X2M_A9TL          1    66    73    3091 
  delta_reg_reg[0][3]/D -       -     R     DFFRPQ_X4M_A9TL       1     -     0    3091 
#---------------------------------------------------------------------------------------

