============================================================
  Generated by:           Genus(TM) Synthesis Solution 25.12-s067_1
  Generated on:           Sep 24 2026  06:28:59 pm
  Module:                 tr_rmsnorm
  Operating conditions:   ss_typical_max_0p90v_125c (balanced_tree)
  Wireload mode:          top
  Area mode:              timing library
============================================================


Path 1: MET (0 ps) Setup Check with Pin u_vec_mul/prod_reg_reg[1][16]/CK->A
          Group: reg2reg
     Startpoint: (R) u_vec_mul/a_reg_reg[1][0]/CK
          Clock: (R) clk
       Endpoint: (R) u_vec_mul/prod_reg_reg[1][16]/A
          Clock: (R) clk

                     Capture       Launch     
        Clock Edge:+    3300            0     
       Src Latency:+       0            0     
       Net Latency:+       0 (I)        0 (I) 
           Arrival:=    3300            0     
                                              
             Setup:-     175                  
       Uncertainty:-     125                  
     Required Time:=    3000                  
      Launch Clock:-       0                  
         Data Path:-    3000                  
             Slack:=       0                  

#------------------------------------------------------------------------------------------------------------------------------------
#                         Timing Point                           Flags    Arc    Edge        Cell         Fanout Trans Delay Arrival 
#                                                                                                                 (ps)  (ps)   (ps)  
#------------------------------------------------------------------------------------------------------------------------------------
  u_vec_mul/a_reg_reg[1][0]/CK                                   -       -       R     (arrival)             403     0     0       0 
  u_vec_mul/a_reg_reg[1][0]/Q                                    -       CK->Q   R     DFFQ_X2M_A9TL           9   204   327     327 
  u_vec_mul/MULT_TC_OP26_Y_MULT_UNS_OP25_g1019__8428/Y           -       A->Y    F     NAND2_X1A_A9TL          2   170   156     483 
  u_vec_mul/MULT_TC_OP26_Y_MULT_UNS_OP25_g941__5122/Y            -       B->Y    R     NOR2_X1P4A_A9TL         2   206   182     665 
  u_vec_mul/MULT_TC_OP26_Y_MULT_UNS_OP25_g929__5477/Y            -       B0->Y   F     AOI21_X1M_A9TL          1   163   148     814 
  u_vec_mul/MULT_TC_OP26_Y_MULT_UNS_OP25_cdnfadd_005_1__3680/S   -       B->S    F     ADDF_X1M_A9TL           1    95   303    1116 
  u_vec_mul/MULT_TC_OP26_Y_MULT_UNS_OP25_cdnfadd_005_2__1617/SUM -       CI->SUM R     ADDFH_X1M_A9TL          2   124   259    1375 
  u_vec_mul/MULT_TC_OP26_Y_MULT_UNS_OP25_g916__6131/Y            -       A->Y    F     NAND2_X1A_A9TL          2   158   132    1507 
  u_vec_mul/MULT_TC_OP26_Y_MULT_UNS_OP25_g913__5122/Y            -       B0->Y   R     OAI21_X2M_A9TL          1   157   124    1632 
  u_vec_mul/g4351/CO                                             -       ICI->CO R     CMPR42_X2M_A9TL         2    94   232    1864 
  u_vec_mul/g4306/Y                                              -       A0->Y   R     AO21B_X2M_A9TL          2   107   168    2032 
  u_vec_mul/MULT_TC_OP26_Y_MULT_UNS_OP25_g880__5115/Y            -       A->Y    F     NAND2_X3A_A9TL          2    82    78    2109 
  u_vec_mul/MULT_TC_OP26_Y_MULT_UNS_OP25_g871__3680/Y            -       A0->Y   R     OAI21_X3M_A9TL          2   142   120    2229 
  u_vec_mul/MULT_TC_OP26_Y_MULT_UNS_OP25_g868__8428/Y            -       B0->Y   R     AO1B2_X4M_A9TL          2    88   144    2373 
  u_vec_mul/MULT_TC_OP26_Y_MULT_UNS_OP25_g866__6260/Y            -       B0->Y   R     AO1B2_X4M_A9TL          2    88   128    2501 
  u_vec_mul/MULT_TC_OP26_Y_MULT_UNS_OP25_g864__2398/Y            -       B0->Y   R     AO1B2_X4M_A9TL          2    82   128    2630 
  u_vec_mul/MULT_TC_OP26_Y_MULT_UNS_OP25_g862__6417/Y            -       B0->Y   R     AO1B2_X4M_A9TL          2    65   124    2753 
  u_vec_mul/g2/Y                                                 -       A0->Y   R     AO21B_X2M_A9TL          1    89   145    2898 
  u_vec_mul/MULT_TC_OP26_Y_MULT_UNS_OP25_g858__2883/Y            -       A->Y    R     XNOR2_X2M_A9TL          2   208   102    3000 
  u_vec_mul/prod_reg_reg[1][16]/A                                -       -       R     A2DFFQN_X0P5M_A9TL      2     -     0    3000 
#------------------------------------------------------------------------------------------------------------------------------------



Path 2: MET (0 ps) Setup Check with Pin u_vec_mul/prod_reg_reg[2][16]/CK->A
          Group: reg2reg
     Startpoint: (R) u_vec_mul/a_reg_reg[2][0]/CK
          Clock: (R) clk
       Endpoint: (R) u_vec_mul/prod_reg_reg[2][16]/A
          Clock: (R) clk

                     Capture       Launch     
        Clock Edge:+    3300            0     
       Src Latency:+       0            0     
       Net Latency:+       0 (I)        0 (I) 
           Arrival:=    3300            0     
                                              
             Setup:-     175                  
       Uncertainty:-     125                  
     Required Time:=    3000                  
      Launch Clock:-       0                  
         Data Path:-    3000                  
             Slack:=       0                  

#------------------------------------------------------------------------------------------------------------------------------------
#                         Timing Point                           Flags    Arc    Edge        Cell         Fanout Trans Delay Arrival 
#                                                                                                                 (ps)  (ps)   (ps)  
#------------------------------------------------------------------------------------------------------------------------------------
  u_vec_mul/a_reg_reg[2][0]/CK                                   -       -       R     (arrival)             403     0     0       0 
  u_vec_mul/a_reg_reg[2][0]/Q                                    -       CK->Q   R     DFFQ_X2M_A9TL           9   204   327     327 
  u_vec_mul/MULT_TC_OP28_Y_MULT_UNS_OP27_g1019__8246/Y           -       A->Y    F     NAND2_X1A_A9TL          2   170   156     483 
  u_vec_mul/MULT_TC_OP28_Y_MULT_UNS_OP27_g941__6161/Y            -       B->Y    R     NOR2_X1P4A_A9TL         2   206   182     665 
  u_vec_mul/MULT_TC_OP28_Y_MULT_UNS_OP27_g929__3680/Y            -       B0->Y   F     AOI21_X1M_A9TL          1   163   148     814 
  u_vec_mul/MULT_TC_OP28_Y_MULT_UNS_OP27_cdnfadd_005_1__1881/S   -       B->S    F     ADDF_X1M_A9TL           1    95   303    1116 
  u_vec_mul/MULT_TC_OP28_Y_MULT_UNS_OP27_cdnfadd_005_2__5115/SUM -       CI->SUM R     ADDFH_X1M_A9TL          2   124   259    1375 
  u_vec_mul/MULT_TC_OP28_Y_MULT_UNS_OP27_g916__2883/Y            -       A->Y    F     NAND2_X1A_A9TL          2   158   132    1507 
  u_vec_mul/MULT_TC_OP28_Y_MULT_UNS_OP27_g913__6161/Y            -       B0->Y   R     OAI21_X2M_A9TL          1   157   124    1632 
  u_vec_mul/g4352/CO                                             -       ICI->CO R     CMPR42_X2M_A9TL         2    94   232    1864 
  u_vec_mul/g4311/Y                                              -       A0->Y   R     AO21B_X2M_A9TL          2   107   168    2032 
  u_vec_mul/MULT_TC_OP28_Y_MULT_UNS_OP27_g880__1666/Y            -       A->Y    F     NAND2_X3A_A9TL          2    82    78    2109 
  u_vec_mul/MULT_TC_OP28_Y_MULT_UNS_OP27_g871__1881/Y            -       A0->Y   R     OAI21_X3M_A9TL          2   142   120    2229 
  u_vec_mul/MULT_TC_OP28_Y_MULT_UNS_OP27_g868__8246/Y            -       B0->Y   R     AO1B2_X4M_A9TL          2    88   144    2373 
  u_vec_mul/MULT_TC_OP28_Y_MULT_UNS_OP27_g866__1705/Y            -       B0->Y   R     AO1B2_X4M_A9TL          2    88   128    2501 
  u_vec_mul/MULT_TC_OP28_Y_MULT_UNS_OP27_g864__1617/Y            -       B0->Y   R     AO1B2_X4M_A9TL          2    82   128    2630 
  u_vec_mul/MULT_TC_OP28_Y_MULT_UNS_OP27_g862__6783/Y            -       B0->Y   R     AO1B2_X4M_A9TL          2    65   124    2753 
  u_vec_mul/g4310/Y                                              -       A0->Y   R     AO21B_X2M_A9TL          1    89   145    2898 
  u_vec_mul/MULT_TC_OP28_Y_MULT_UNS_OP27_g858__6260/Y            -       A->Y    R     XNOR2_X2M_A9TL          2   208   102    3000 
  u_vec_mul/prod_reg_reg[2][16]/A                                -       -       R     A2DFFQN_X0P5M_A9TL      2     -     0    3000 
#------------------------------------------------------------------------------------------------------------------------------------



Path 3: MET (0 ps) Setup Check with Pin u_vec_mul/prod_reg_reg[3][16]/CK->A
          Group: reg2reg
     Startpoint: (R) u_vec_mul/a_reg_reg[3][0]/CK
          Clock: (R) clk
       Endpoint: (R) u_vec_mul/prod_reg_reg[3][16]/A
          Clock: (R) clk

                     Capture       Launch     
        Clock Edge:+    3300            0     
       Src Latency:+       0            0     
       Net Latency:+       0 (I)        0 (I) 
           Arrival:=    3300            0     
                                              
             Setup:-     175                  
       Uncertainty:-     125                  
     Required Time:=    3000                  
      Launch Clock:-       0                  
         Data Path:-    3000                  
             Slack:=       0                  

#------------------------------------------------------------------------------------------------------------------------------------
#                         Timing Point                           Flags    Arc    Edge        Cell         Fanout Trans Delay Arrival 
#                                                                                                                 (ps)  (ps)   (ps)  
#------------------------------------------------------------------------------------------------------------------------------------
  u_vec_mul/a_reg_reg[3][0]/CK                                   -       -       R     (arrival)             403     0     0       0 
  u_vec_mul/a_reg_reg[3][0]/Q                                    -       CK->Q   R     DFFQ_X2M_A9TL           9   204   327     327 
  u_vec_mul/MULT_TC_OP30_Y_MULT_UNS_OP29_g1019__9315/Y           -       A->Y    F     NAND2_X1A_A9TL          2   170   156     483 
  u_vec_mul/MULT_TC_OP30_Y_MULT_UNS_OP29_g941__5477/Y            -       B->Y    R     NOR2_X1P4A_A9TL         2   206   182     665 
  u_vec_mul/MULT_TC_OP30_Y_MULT_UNS_OP29_g929__1881/Y            -       B0->Y   F     AOI21_X1M_A9TL          1   163   148     814 
  u_vec_mul/MULT_TC_OP30_Y_MULT_UNS_OP29_cdnfadd_005_1__2346/S   -       B->S    F     ADDF_X1M_A9TL           1    95   303    1116 
  u_vec_mul/MULT_TC_OP30_Y_MULT_UNS_OP29_cdnfadd_005_2__1666/SUM -       CI->SUM R     ADDFH_X1M_A9TL          2   124   259    1375 
  u_vec_mul/MULT_TC_OP30_Y_MULT_UNS_OP29_g916__6260/Y            -       A->Y    F     NAND2_X1A_A9TL          2   158   132    1507 
  u_vec_mul/MULT_TC_OP30_Y_MULT_UNS_OP29_g913__5477/Y            -       B0->Y   R     OAI21_X2M_A9TL          1   157   124    1632 
  u_vec_mul/g4353/CO                                             -       ICI->CO R     CMPR42_X2M_A9TL         2    94   232    1864 
  u_vec_mul/g4316/Y                                              -       A0->Y   R     AO21B_X2M_A9TL          2   107   168    2032 
  u_vec_mul/MULT_TC_OP30_Y_MULT_UNS_OP29_g880__8428/Y            -       A->Y    F     NAND2_X3A_A9TL          2    82    78    2109 
  u_vec_mul/MULT_TC_OP30_Y_MULT_UNS_OP29_g871__2346/Y            -       A0->Y   R     OAI21_X3M_A9TL          2   142   120    2229 
  u_vec_mul/MULT_TC_OP30_Y_MULT_UNS_OP29_g868__9315/Y            -       B0->Y   R     AO1B2_X4M_A9TL          2    88   144    2373 
  u_vec_mul/MULT_TC_OP30_Y_MULT_UNS_OP29_g866__4733/Y            -       B0->Y   R     AO1B2_X4M_A9TL          2    88   128    2501 
  u_vec_mul/MULT_TC_OP30_Y_MULT_UNS_OP29_g864__5115/Y            -       B0->Y   R     AO1B2_X4M_A9TL          2    82   128    2630 
  u_vec_mul/MULT_TC_OP30_Y_MULT_UNS_OP29_g862__6131/Y            -       B0->Y   R     AO1B2_X4M_A9TL          2    65   124    2753 
  u_vec_mul/g4315/Y                                              -       A0->Y   R     AO21B_X2M_A9TL          1    89   145    2898 
  u_vec_mul/MULT_TC_OP30_Y_MULT_UNS_OP29_g858__1705/Y            -       A->Y    R     XNOR2_X2M_A9TL          2   208   102    3000 
  u_vec_mul/prod_reg_reg[3][16]/A                                -       -       R     A2DFFQN_X0P5M_A9TL      2     -     0    3000 
#------------------------------------------------------------------------------------------------------------------------------------



Path 4: MET (0 ps) Setup Check with Pin u_vec_mul/prod_reg_reg[5][16]/CK->A
          Group: reg2reg
     Startpoint: (R) u_vec_mul/a_reg_reg[5][0]/CK
          Clock: (R) clk
       Endpoint: (R) u_vec_mul/prod_reg_reg[5][16]/A
          Clock: (R) clk

                     Capture       Launch     
        Clock Edge:+    3300            0     
       Src Latency:+       0            0     
       Net Latency:+       0 (I)        0 (I) 
           Arrival:=    3300            0     
                                              
             Setup:-     175                  
       Uncertainty:-     125                  
     Required Time:=    3000                  
      Launch Clock:-       0                  
         Data Path:-    3000                  
             Slack:=       0                  

#------------------------------------------------------------------------------------------------------------------------------
#                      Timing Point                        Flags    Arc    Edge        Cell         Fanout Trans Delay Arrival 
#                                                                                                           (ps)  (ps)   (ps)  
#------------------------------------------------------------------------------------------------------------------------------
  u_vec_mul/a_reg_reg[5][0]/CK                             -       -       R     (arrival)             403     0     0       0 
  u_vec_mul/a_reg_reg[5][0]/Q                              -       CK->Q   R     DFFQ_X2M_A9TL           9   204   327     327 
  u_vec_mul/MULT_TC_OP34_Y_MULT_UNS_OP33_g1019/Y           -       A->Y    F     NAND2_X1A_A9TL          2   170   156     483 
  u_vec_mul/MULT_TC_OP34_Y_MULT_UNS_OP33_g941/Y            -       B->Y    R     NOR2_X1P4A_A9TL         2   206   182     665 
  u_vec_mul/MULT_TC_OP34_Y_MULT_UNS_OP33_g929/Y            -       B0->Y   F     AOI21_X1M_A9TL          1   163   148     814 
  u_vec_mul/MULT_TC_OP34_Y_MULT_UNS_OP33_cdnfadd_005_1/S   -       B->S    F     ADDF_X1M_A9TL           1    95   303    1116 
  u_vec_mul/MULT_TC_OP34_Y_MULT_UNS_OP33_cdnfadd_005_2/SUM -       CI->SUM R     ADDFH_X1M_A9TL          2   124   259    1375 
  u_vec_mul/MULT_TC_OP34_Y_MULT_UNS_OP33_g916/Y            -       A->Y    F     NAND2_X1A_A9TL          2   158   132    1507 
  u_vec_mul/MULT_TC_OP34_Y_MULT_UNS_OP33_g913/Y            -       B0->Y   R     OAI21_X2M_A9TL          1   157   124    1632 
  u_vec_mul/g4355/CO                                       -       ICI->CO R     CMPR42_X2M_A9TL         2    94   232    1864 
  u_vec_mul/g4326/Y                                        -       A0->Y   R     AO21B_X2M_A9TL          2   107   168    2032 
  u_vec_mul/MULT_TC_OP34_Y_MULT_UNS_OP33_g880/Y            -       A->Y    F     NAND2_X3A_A9TL          2    82    78    2109 
  u_vec_mul/MULT_TC_OP34_Y_MULT_UNS_OP33_g871/Y            -       A0->Y   R     OAI21_X3M_A9TL          2   142   120    2229 
  u_vec_mul/MULT_TC_OP34_Y_MULT_UNS_OP33_g868/Y            -       B0->Y   R     AO1B2_X4M_A9TL          2    88   144    2373 
  u_vec_mul/MULT_TC_OP34_Y_MULT_UNS_OP33_g866/Y            -       B0->Y   R     AO1B2_X4M_A9TL          2    88   128    2501 
  u_vec_mul/MULT_TC_OP34_Y_MULT_UNS_OP33_g864/Y            -       B0->Y   R     AO1B2_X4M_A9TL          2    82   128    2630 
  u_vec_mul/MULT_TC_OP34_Y_MULT_UNS_OP33_g862/Y            -       B0->Y   R     AO1B2_X4M_A9TL          2    65   124    2753 
  u_vec_mul/g4325/Y                                        -       A0->Y   R     AO21B_X2M_A9TL          1    89   145    2898 
  u_vec_mul/MULT_TC_OP34_Y_MULT_UNS_OP33_g858/Y            -       A->Y    R     XNOR2_X2M_A9TL          2   208   102    3000 
  u_vec_mul/prod_reg_reg[5][16]/A                          -       -       R     A2DFFQN_X0P5M_A9TL      2     -     0    3000 
#------------------------------------------------------------------------------------------------------------------------------



Path 5: MET (0 ps) Setup Check with Pin u_vec_mul/prod_reg_reg[4][16]/CK->A
          Group: reg2reg
     Startpoint: (R) u_vec_mul/a_reg_reg[4][0]/CK
          Clock: (R) clk
       Endpoint: (R) u_vec_mul/prod_reg_reg[4][16]/A
          Clock: (R) clk

                     Capture       Launch     
        Clock Edge:+    3300            0     
       Src Latency:+       0            0     
       Net Latency:+       0 (I)        0 (I) 
           Arrival:=    3300            0     
                                              
             Setup:-     175                  
       Uncertainty:-     125                  
     Required Time:=    3000                  
      Launch Clock:-       0                  
         Data Path:-    3000                  
             Slack:=       0                  

#------------------------------------------------------------------------------------------------------------------------------------
#                         Timing Point                           Flags    Arc    Edge        Cell         Fanout Trans Delay Arrival 
#                                                                                                                 (ps)  (ps)   (ps)  
#------------------------------------------------------------------------------------------------------------------------------------
  u_vec_mul/a_reg_reg[4][0]/CK                                   -       -       R     (arrival)             403     0     0       0 
  u_vec_mul/a_reg_reg[4][0]/Q                                    -       CK->Q   R     DFFQ_X2M_A9TL           9   204   327     327 
  u_vec_mul/MULT_TC_OP32_Y_MULT_UNS_OP31_g1019/Y                 -       A->Y    F     NAND2_X1A_A9TL          2   170   156     483 
  u_vec_mul/MULT_TC_OP32_Y_MULT_UNS_OP31_g941__3680/Y            -       B->Y    R     NOR2_X1P4A_A9TL         2   206   182     665 
  u_vec_mul/MULT_TC_OP32_Y_MULT_UNS_OP31_g929__2346/Y            -       B0->Y   F     AOI21_X1M_A9TL          1   163   148     814 
  u_vec_mul/MULT_TC_OP32_Y_MULT_UNS_OP31_cdnfadd_005_1__4319/S   -       B->S    F     ADDF_X1M_A9TL           1    95   303    1116 
  u_vec_mul/MULT_TC_OP32_Y_MULT_UNS_OP31_cdnfadd_005_2__8428/SUM -       CI->SUM R     ADDFH_X1M_A9TL          2   124   259    1375 
  u_vec_mul/MULT_TC_OP32_Y_MULT_UNS_OP31_g916__1705/Y            -       A->Y    F     NAND2_X1A_A9TL          2   158   132    1507 
  u_vec_mul/MULT_TC_OP32_Y_MULT_UNS_OP31_g913__3680/Y            -       B0->Y   R     OAI21_X2M_A9TL          1   157   124    1632 
  u_vec_mul/g4354/CO                                             -       ICI->CO R     CMPR42_X2M_A9TL         2    94   232    1864 
  u_vec_mul/g4321/Y                                              -       A0->Y   R     AO21B_X2M_A9TL          2   107   168    2032 
  u_vec_mul/MULT_TC_OP32_Y_MULT_UNS_OP31_g880__8246/Y            -       A->Y    F     NAND2_X3A_A9TL          2    82    78    2109 
  u_vec_mul/MULT_TC_OP32_Y_MULT_UNS_OP31_g871__4319/Y            -       A0->Y   R     OAI21_X3M_A9TL          2   142   120    2229 
  u_vec_mul/MULT_TC_OP32_Y_MULT_UNS_OP31_g868__2398/Y            -       B0->Y   R     AO1B2_X4M_A9TL          2    88   144    2373 
  u_vec_mul/MULT_TC_OP32_Y_MULT_UNS_OP31_g866__6417/Y            -       B0->Y   R     AO1B2_X4M_A9TL          2    88   128    2501 
  u_vec_mul/MULT_TC_OP32_Y_MULT_UNS_OP31_g864__1666/Y            -       B0->Y   R     AO1B2_X4M_A9TL          2    82   128    2630 
  u_vec_mul/MULT_TC_OP32_Y_MULT_UNS_OP31_g862__2883/Y            -       B0->Y   R     AO1B2_X4M_A9TL          2    65   124    2753 
  u_vec_mul/g4320/Y                                              -       A0->Y   R     AO21B_X2M_A9TL          1    89   145    2898 
  u_vec_mul/MULT_TC_OP32_Y_MULT_UNS_OP31_g858__4733/Y            -       A->Y    R     XNOR2_X2M_A9TL          2   208   102    3000 
  u_vec_mul/prod_reg_reg[4][16]/A                                -       -       R     A2DFFQN_X0P5M_A9TL      2     -     0    3000 
#------------------------------------------------------------------------------------------------------------------------------------



Path 6: MET (0 ps) Setup Check with Pin u_vec_mul/prod_reg_reg[6][16]/CK->A
          Group: reg2reg
     Startpoint: (R) u_vec_mul/a_reg_reg[6][0]/CK
          Clock: (R) clk
       Endpoint: (R) u_vec_mul/prod_reg_reg[6][16]/A
          Clock: (R) clk

                     Capture       Launch     
        Clock Edge:+    3300            0     
       Src Latency:+       0            0     
       Net Latency:+       0 (I)        0 (I) 
           Arrival:=    3300            0     
                                              
             Setup:-     175                  
       Uncertainty:-     125                  
     Required Time:=    3000                  
      Launch Clock:-       0                  
         Data Path:-    3000                  
             Slack:=       0                  

#------------------------------------------------------------------------------------------------------------------------------
#                      Timing Point                        Flags    Arc    Edge        Cell         Fanout Trans Delay Arrival 
#                                                                                                           (ps)  (ps)   (ps)  
#------------------------------------------------------------------------------------------------------------------------------
  u_vec_mul/a_reg_reg[6][0]/CK                             -       -       R     (arrival)             403     0     0       0 
  u_vec_mul/a_reg_reg[6][0]/Q                              -       CK->Q   R     DFFQ_X2M_A9TL           9   204   327     327 
  u_vec_mul/MULT_TC_OP36_Y_MULT_UNS_OP35_g1019/Y           -       A->Y    F     NAND2_X1A_A9TL          2   170   156     483 
  u_vec_mul/MULT_TC_OP36_Y_MULT_UNS_OP35_g941/Y            -       B->Y    R     NOR2_X1P4A_A9TL         2   206   182     665 
  u_vec_mul/MULT_TC_OP36_Y_MULT_UNS_OP35_g929/Y            -       B0->Y   F     AOI21_X1M_A9TL          1   163   148     814 
  u_vec_mul/MULT_TC_OP36_Y_MULT_UNS_OP35_cdnfadd_005_1/S   -       B->S    F     ADDF_X1M_A9TL           1    95   303    1116 
  u_vec_mul/MULT_TC_OP36_Y_MULT_UNS_OP35_cdnfadd_005_2/SUM -       CI->SUM R     ADDFH_X1M_A9TL          2   124   259    1375 
  u_vec_mul/MULT_TC_OP36_Y_MULT_UNS_OP35_g916/Y            -       A->Y    F     NAND2_X1A_A9TL          2   158   132    1507 
  u_vec_mul/MULT_TC_OP36_Y_MULT_UNS_OP35_g913/Y            -       B0->Y   R     OAI21_X2M_A9TL          1   157   124    1632 
  u_vec_mul/g4356/CO                                       -       ICI->CO R     CMPR42_X2M_A9TL         2    94   232    1864 
  u_vec_mul/g4331/Y                                        -       A0->Y   R     AO21B_X2M_A9TL          2   107   168    2032 
  u_vec_mul/MULT_TC_OP36_Y_MULT_UNS_OP35_g880/Y            -       A->Y    F     NAND2_X3A_A9TL          2    82    78    2109 
  u_vec_mul/MULT_TC_OP36_Y_MULT_UNS_OP35_g871/Y            -       A0->Y   R     OAI21_X3M_A9TL          2   142   120    2229 
  u_vec_mul/MULT_TC_OP36_Y_MULT_UNS_OP35_g868/Y            -       B0->Y   R     AO1B2_X4M_A9TL          2    88   144    2373 
  u_vec_mul/MULT_TC_OP36_Y_MULT_UNS_OP35_g866/Y            -       B0->Y   R     AO1B2_X4M_A9TL          2    88   128    2501 
  u_vec_mul/MULT_TC_OP36_Y_MULT_UNS_OP35_g864/Y            -       B0->Y   R     AO1B2_X4M_A9TL          2    82   128    2630 
  u_vec_mul/MULT_TC_OP36_Y_MULT_UNS_OP35_g862/Y            -       B0->Y   R     AO1B2_X4M_A9TL          2    65   124    2753 
  u_vec_mul/g4330/Y                                        -       A0->Y   R     AO21B_X2M_A9TL          1    89   145    2898 
  u_vec_mul/MULT_TC_OP36_Y_MULT_UNS_OP35_g858/Y            -       A->Y    R     XNOR2_X2M_A9TL          2   208   102    3000 
  u_vec_mul/prod_reg_reg[6][16]/A                          -       -       R     A2DFFQN_X0P5M_A9TL      2     -     0    3000 
#------------------------------------------------------------------------------------------------------------------------------



Path 7: MET (0 ps) Setup Check with Pin u_vec_mul/prod_reg_reg[7][16]/CK->A
          Group: reg2reg
     Startpoint: (R) u_vec_mul/a_reg_reg[7][0]/CK
          Clock: (R) clk
       Endpoint: (R) u_vec_mul/prod_reg_reg[7][16]/A
          Clock: (R) clk

                     Capture       Launch     
        Clock Edge:+    3300            0     
       Src Latency:+       0            0     
       Net Latency:+       0 (I)        0 (I) 
           Arrival:=    3300            0     
                                              
             Setup:-     175                  
       Uncertainty:-     125                  
     Required Time:=    3000                  
      Launch Clock:-       0                  
         Data Path:-    3000                  
             Slack:=       0                  

#------------------------------------------------------------------------------------------------------------------------------
#                      Timing Point                        Flags    Arc    Edge        Cell         Fanout Trans Delay Arrival 
#                                                                                                           (ps)  (ps)   (ps)  
#------------------------------------------------------------------------------------------------------------------------------
  u_vec_mul/a_reg_reg[7][0]/CK                             -       -       R     (arrival)             403     0     0       0 
  u_vec_mul/a_reg_reg[7][0]/Q                              -       CK->Q   R     DFFQ_X2M_A9TL           9   204   327     327 
  u_vec_mul/MULT_UNS_OP37_Y_MULT_TC_OP38_g1019/Y           -       A->Y    F     NAND2_X1A_A9TL          2   170   156     483 
  u_vec_mul/MULT_UNS_OP37_Y_MULT_TC_OP38_g941/Y            -       B->Y    R     NOR2_X1P4A_A9TL         2   206   182     665 
  u_vec_mul/MULT_UNS_OP37_Y_MULT_TC_OP38_g929/Y            -       B0->Y   F     AOI21_X1M_A9TL          1   163   148     814 
  u_vec_mul/MULT_UNS_OP37_Y_MULT_TC_OP38_cdnfadd_005_1/S   -       B->S    F     ADDF_X1M_A9TL           1    95   303    1116 
  u_vec_mul/MULT_UNS_OP37_Y_MULT_TC_OP38_cdnfadd_005_2/SUM -       CI->SUM R     ADDFH_X1M_A9TL          2   124   259    1375 
  u_vec_mul/MULT_UNS_OP37_Y_MULT_TC_OP38_g916/Y            -       A->Y    F     NAND2_X1A_A9TL          2   158   132    1507 
  u_vec_mul/MULT_UNS_OP37_Y_MULT_TC_OP38_g913/Y            -       B0->Y   R     OAI21_X2M_A9TL          1   157   124    1632 
  u_vec_mul/g4358/CO                                       -       ICI->CO R     CMPR42_X2M_A9TL         2    94   232    1864 
  u_vec_mul/g4341/Y                                        -       A0->Y   R     AO21B_X2M_A9TL          2   107   168    2032 
  u_vec_mul/MULT_UNS_OP37_Y_MULT_TC_OP38_g880/Y            -       A->Y    F     NAND2_X3A_A9TL          2    82    78    2109 
  u_vec_mul/MULT_UNS_OP37_Y_MULT_TC_OP38_g871/Y            -       A0->Y   R     OAI21_X3M_A9TL          2   142   120    2229 
  u_vec_mul/MULT_UNS_OP37_Y_MULT_TC_OP38_g868/Y            -       B0->Y   R     AO1B2_X4M_A9TL          2    88   144    2373 
  u_vec_mul/MULT_UNS_OP37_Y_MULT_TC_OP38_g866/Y            -       B0->Y   R     AO1B2_X4M_A9TL          2    88   128    2501 
  u_vec_mul/MULT_UNS_OP37_Y_MULT_TC_OP38_g864/Y            -       B0->Y   R     AO1B2_X4M_A9TL          2    82   128    2630 
  u_vec_mul/MULT_UNS_OP37_Y_MULT_TC_OP38_g862/Y            -       B0->Y   R     AO1B2_X4M_A9TL          2    65   124    2753 
  u_vec_mul/g4340/Y                                        -       A0->Y   R     AO21B_X2M_A9TL          1    89   145    2898 
  u_vec_mul/MULT_UNS_OP37_Y_MULT_TC_OP38_g858/Y            -       A->Y    R     XNOR2_X2M_A9TL          2   208   102    3000 
  u_vec_mul/prod_reg_reg[7][16]/A                          -       -       R     A2DFFQN_X0P5M_A9TL      2     -     0    3000 
#------------------------------------------------------------------------------------------------------------------------------



Path 8: MET (1 ps) Setup Check with Pin u_vec_mul/prod_reg_reg[0][16]/CK->A
          Group: reg2reg
     Startpoint: (R) u_vec_mul/a_reg_reg[0][0]/CK
          Clock: (R) clk
       Endpoint: (R) u_vec_mul/prod_reg_reg[0][16]/A
          Clock: (R) clk

                     Capture       Launch     
        Clock Edge:+    3300            0     
       Src Latency:+       0            0     
       Net Latency:+       0 (I)        0 (I) 
           Arrival:=    3300            0     
                                              
             Setup:-     165                  
       Uncertainty:-     125                  
     Required Time:=    3010                  
      Launch Clock:-       0                  
         Data Path:-    3009                  
             Slack:=       1                  

#-------------------------------------------------------------------------------------------------------------------------
#                    Timing Point                      Flags    Arc    Edge       Cell         Fanout Trans Delay Arrival 
#                                                                                                      (ps)  (ps)   (ps)  
#-------------------------------------------------------------------------------------------------------------------------
  u_vec_mul/a_reg_reg[0][0]/CK                         -       -       R     (arrival)            403     0     0       0 
  u_vec_mul/a_reg_reg[0][0]/Q                          -       CK->Q   R     DFFQ_X2M_A9TL          9   204   327     327 
  u_vec_mul/MULT_TC_OP_Y_MULT_UNS_OP_g1019/Y           -       A->Y    F     NAND2_X1A_A9TL         2   170   156     483 
  u_vec_mul/MULT_TC_OP_Y_MULT_UNS_OP_g941/Y            -       B->Y    R     NOR2_X1P4A_A9TL        2   206   182     665 
  u_vec_mul/MULT_TC_OP_Y_MULT_UNS_OP_g929/Y            -       B0->Y   F     AOI21_X1M_A9TL         1   163   148     814 
  u_vec_mul/MULT_TC_OP_Y_MULT_UNS_OP_cdnfadd_005_1/S   -       B->S    F     ADDF_X1M_A9TL          1    95   303    1116 
  u_vec_mul/MULT_TC_OP_Y_MULT_UNS_OP_cdnfadd_005_2/SUM -       CI->SUM R     ADDFH_X1M_A9TL         2   128   261    1377 
  u_vec_mul/MULT_TC_OP_Y_MULT_UNS_OP_g917/Y            -       A->Y    F     NOR2_X1P4A_A9TL        2   102    96    1473 
  u_vec_mul/MULT_TC_OP_Y_MULT_UNS_OP_g913/Y            -       A0->Y   R     OAI21_X1P4M_A9TL       1   196   158    1632 
  u_vec_mul/g4357/CO                                   -       ICI->CO R     CMPR42_X2M_A9TL        2    94   246    1877 
  u_vec_mul/g4336/Y                                    -       A0->Y   R     AO21B_X2M_A9TL         2   112   168    2045 
  u_vec_mul/MULT_TC_OP_Y_MULT_UNS_OP_g880/Y            -       A->Y    F     NAND2_X3A_A9TL         2    82    79    2124 
  u_vec_mul/MULT_TC_OP_Y_MULT_UNS_OP_g871/Y            -       A0->Y   R     OAI21_X3M_A9TL         2   140   120    2244 
  u_vec_mul/MULT_TC_OP_Y_MULT_UNS_OP_g868/Y            -       B0->Y   R     AO1B2_X4M_A9TL         2    72   143    2387 
  u_vec_mul/MULT_TC_OP_Y_MULT_UNS_OP_g866/Y            -       B0->Y   R     AO1B2_X4M_A9TL         2    88   124    2511 
  u_vec_mul/MULT_TC_OP_Y_MULT_UNS_OP_g864/Y            -       B0->Y   R     AO1B2_X4M_A9TL         2    82   128    2639 
  u_vec_mul/MULT_TC_OP_Y_MULT_UNS_OP_g862/Y            -       B0->Y   R     AO1B2_X4M_A9TL         2    65   124    2762 
  u_vec_mul/g4335/Y                                    -       A0->Y   R     AO21B_X2M_A9TL         1    89   145    2907 
  u_vec_mul/MULT_TC_OP_Y_MULT_UNS_OP_g858/Y            -       A->Y    R     XNOR2_X2M_A9TL         2   208   102    3009 
  u_vec_mul/prod_reg_reg[0][16]/A                      -       -       R     A2DFFQ_X0P5M_A9TL      2     -     0    3009 
#-------------------------------------------------------------------------------------------------------------------------



Path 9: MET (2 ps) Setup Check with Pin u_vec_mul/prod_reg_reg[0][16]/CK->A
          Group: reg2reg
     Startpoint: (R) u_vec_mul/mode1_op_reg[1]/CK
          Clock: (R) clk
       Endpoint: (R) u_vec_mul/prod_reg_reg[0][16]/A
          Clock: (R) clk

                     Capture       Launch     
        Clock Edge:+    3300            0     
       Src Latency:+       0            0     
       Net Latency:+       0 (I)        0 (I) 
           Arrival:=    3300            0     
                                              
             Setup:-     165                  
       Uncertainty:-     125                  
     Required Time:=    3010                  
      Launch Clock:-       0                  
         Data Path:-    3009                  
             Slack:=       2                  

#-----------------------------------------------------------------------------------------------------------------------
#                    Timing Point                     Flags    Arc   Edge       Cell         Fanout Trans Delay Arrival 
#                                                                                                    (ps)  (ps)   (ps)  
#-----------------------------------------------------------------------------------------------------------------------
  u_vec_mul/mode1_op_reg[1]/CK                        -       -      R     (arrival)            315     0     0       0 
  u_vec_mul/mode1_op_reg[1]/Q                         -       CK->Q  R     A2DFFQ_X1M_A9TL        2   170   324     324 
  u_vec_mul/g3630/Y                                   -       A->Y   F     INV_X5B_A9TL          16   169   153     477 
  u_vec_mul/MULT_TC_OP_Y_MULT_UNS_OP_g989/Y           -       A->Y   F     AND2_X2M_A9TL          7   115   202     679 
  u_vec_mul/MULT_TC_OP_Y_MULT_UNS_OP_g951/Y           -       A->Y   R     NAND2_X1A_A9TL         1   115   102     780 
  u_vec_mul/MULT_TC_OP_Y_MULT_UNS_OP_cdnfadd_008_1/S  -       CI->S  F     ADDF_X1M_A9TL          1   108   314    1094 
  u_vec_mul/MULT_TC_OP_Y_MULT_UNS_OP_cdnfadd_008_3/CO -       CI->CO F     ADDF_X1M_A9TL          1   101   223    1317 
  u_vec_mul/MULT_TC_OP_Y_MULT_UNS_OP_cdnfadd_009_5/S  -       CI->S  R     ADDF_X1M_A9TL          1   118   330    1648 
  u_vec_mul/MULT_TC_OP_Y_MULT_UNS_OP_cdnfadd_009_6/S  -       CI->S  F     ADDF_X1P4M_A9TL        3   125   324    1972 
  u_vec_mul/MULT_TC_OP_Y_MULT_UNS_OP_g891/Y           -       A->Y   R     NOR2_X1P4A_A9TL        2   219   172    2144 
  u_vec_mul/MULT_TC_OP_Y_MULT_UNS_OP_g871/Y           -       A1->Y  F     OAI21_X3M_A9TL         2    98   129    2272 
  u_vec_mul/MULT_TC_OP_Y_MULT_UNS_OP_g868/Y           -       B0->Y  F     AO1B2_X4M_A9TL         2    78   129    2402 
  u_vec_mul/MULT_TC_OP_Y_MULT_UNS_OP_g866/Y           -       B0->Y  F     AO1B2_X4M_A9TL         2    77   122    2524 
  u_vec_mul/MULT_TC_OP_Y_MULT_UNS_OP_g864/Y           -       B0->Y  F     AO1B2_X4M_A9TL         2    86   121    2645 
  u_vec_mul/MULT_TC_OP_Y_MULT_UNS_OP_g862/Y           -       B0->Y  F     AO1B2_X4M_A9TL         2    71   121    2766 
  u_vec_mul/g4335/Y                                   -       A0->Y  F     AO21B_X2M_A9TL         1    95   139    2906 
  u_vec_mul/MULT_TC_OP_Y_MULT_UNS_OP_g858/Y           -       A->Y   R     XNOR2_X2M_A9TL         2   208   103    3009 
  u_vec_mul/prod_reg_reg[0][16]/A                     -       -      R     A2DFFQ_X0P5M_A9TL      2     -     0    3009 
#-----------------------------------------------------------------------------------------------------------------------



Path 10: MET (2 ps) Setup Check with Pin u_vec_mul/prod_reg_reg[1][16]/CK->A
          Group: reg2reg
     Startpoint: (R) u_vec_mul/b_reg_reg[1][5]/CK
          Clock: (R) clk
       Endpoint: (R) u_vec_mul/prod_reg_reg[1][16]/A
          Clock: (R) clk

                     Capture       Launch     
        Clock Edge:+    3300            0     
       Src Latency:+       0            0     
       Net Latency:+       0 (I)        0 (I) 
           Arrival:=    3300            0     
                                              
             Setup:-     175                  
       Uncertainty:-     125                  
     Required Time:=    3000                  
      Launch Clock:-       0                  
         Data Path:-    2998                  
             Slack:=       2                  

#------------------------------------------------------------------------------------------------------------------------------------
#                         Timing Point                           Flags    Arc    Edge        Cell         Fanout Trans Delay Arrival 
#                                                                                                                 (ps)  (ps)   (ps)  
#------------------------------------------------------------------------------------------------------------------------------------
  u_vec_mul/b_reg_reg[1][5]/CK                                   -       -       R     (arrival)             403     0     0       0 
  u_vec_mul/b_reg_reg[1][5]/Q                                    -       CK->Q   R     DFFQ_X2M_A9TL           9   200   324     324 
  u_vec_mul/MULT_TC_OP26_Y_MULT_UNS_OP25_g1019__8428/Y           -       B->Y    F     NAND2_X1A_A9TL          2   170   156     480 
  u_vec_mul/MULT_TC_OP26_Y_MULT_UNS_OP25_g941__5122/Y            -       B->Y    R     NOR2_X1P4A_A9TL         2   206   182     663 
  u_vec_mul/MULT_TC_OP26_Y_MULT_UNS_OP25_g929__5477/Y            -       B0->Y   F     AOI21_X1M_A9TL          1   163   148     811 
  u_vec_mul/MULT_TC_OP26_Y_MULT_UNS_OP25_cdnfadd_005_1__3680/S   -       B->S    F     ADDF_X1M_A9TL           1    95   303    1114 
  u_vec_mul/MULT_TC_OP26_Y_MULT_UNS_OP25_cdnfadd_005_2__1617/SUM -       CI->SUM R     ADDFH_X1M_A9TL          2   124   259    1372 
  u_vec_mul/MULT_TC_OP26_Y_MULT_UNS_OP25_g916__6131/Y            -       A->Y    F     NAND2_X1A_A9TL          2   158   132    1505 
  u_vec_mul/MULT_TC_OP26_Y_MULT_UNS_OP25_g913__5122/Y            -       B0->Y   R     OAI21_X2M_A9TL          1   157   124    1629 
  u_vec_mul/g4351/CO                                             -       ICI->CO R     CMPR42_X2M_A9TL         2    94   232    1862 
  u_vec_mul/g4306/Y                                              -       A0->Y   R     AO21B_X2M_A9TL          2   107   168    2029 
  u_vec_mul/MULT_TC_OP26_Y_MULT_UNS_OP25_g880__5115/Y            -       A->Y    F     NAND2_X3A_A9TL          2    82    78    2107 
  u_vec_mul/MULT_TC_OP26_Y_MULT_UNS_OP25_g871__3680/Y            -       A0->Y   R     OAI21_X3M_A9TL          2   142   120    2227 
  u_vec_mul/MULT_TC_OP26_Y_MULT_UNS_OP25_g868__8428/Y            -       B0->Y   R     AO1B2_X4M_A9TL          2    88   144    2371 
  u_vec_mul/MULT_TC_OP26_Y_MULT_UNS_OP25_g866__6260/Y            -       B0->Y   R     AO1B2_X4M_A9TL          2    88   128    2499 
  u_vec_mul/MULT_TC_OP26_Y_MULT_UNS_OP25_g864__2398/Y            -       B0->Y   R     AO1B2_X4M_A9TL          2    82   128    2627 
  u_vec_mul/MULT_TC_OP26_Y_MULT_UNS_OP25_g862__6417/Y            -       B0->Y   R     AO1B2_X4M_A9TL          2    65   124    2751 
  u_vec_mul/g2/Y                                                 -       A0->Y   R     AO21B_X2M_A9TL          1    89   145    2895 
  u_vec_mul/MULT_TC_OP26_Y_MULT_UNS_OP25_g858__2883/Y            -       A->Y    R     XNOR2_X2M_A9TL          2   208   102    2998 
  u_vec_mul/prod_reg_reg[1][16]/A                                -       -       R     A2DFFQN_X0P5M_A9TL      2     -     0    2998 
#------------------------------------------------------------------------------------------------------------------------------------



Path 11: MET (2 ps) Setup Check with Pin u_vec_mul/prod_reg_reg[2][16]/CK->A
          Group: reg2reg
     Startpoint: (R) u_vec_mul/b_reg_reg[2][5]/CK
          Clock: (R) clk
       Endpoint: (R) u_vec_mul/prod_reg_reg[2][16]/A
          Clock: (R) clk

                     Capture       Launch     
        Clock Edge:+    3300            0     
       Src Latency:+       0            0     
       Net Latency:+       0 (I)        0 (I) 
           Arrival:=    3300            0     
                                              
             Setup:-     175                  
       Uncertainty:-     125                  
     Required Time:=    3000                  
      Launch Clock:-       0                  
         Data Path:-    2998                  
             Slack:=       2                  

#------------------------------------------------------------------------------------------------------------------------------------
#                         Timing Point                           Flags    Arc    Edge        Cell         Fanout Trans Delay Arrival 
#                                                                                                                 (ps)  (ps)   (ps)  
#------------------------------------------------------------------------------------------------------------------------------------
  u_vec_mul/b_reg_reg[2][5]/CK                                   -       -       R     (arrival)             403     0     0       0 
  u_vec_mul/b_reg_reg[2][5]/Q                                    -       CK->Q   R     DFFQ_X2M_A9TL           9   200   324     324 
  u_vec_mul/MULT_TC_OP28_Y_MULT_UNS_OP27_g1019__8246/Y           -       B->Y    F     NAND2_X1A_A9TL          2   170   156     480 
  u_vec_mul/MULT_TC_OP28_Y_MULT_UNS_OP27_g941__6161/Y            -       B->Y    R     NOR2_X1P4A_A9TL         2   206   182     663 
  u_vec_mul/MULT_TC_OP28_Y_MULT_UNS_OP27_g929__3680/Y            -       B0->Y   F     AOI21_X1M_A9TL          1   163   148     811 
  u_vec_mul/MULT_TC_OP28_Y_MULT_UNS_OP27_cdnfadd_005_1__1881/S   -       B->S    F     ADDF_X1M_A9TL           1    95   303    1114 
  u_vec_mul/MULT_TC_OP28_Y_MULT_UNS_OP27_cdnfadd_005_2__5115/SUM -       CI->SUM R     ADDFH_X1M_A9TL          2   124   259    1372 
  u_vec_mul/MULT_TC_OP28_Y_MULT_UNS_OP27_g916__2883/Y            -       A->Y    F     NAND2_X1A_A9TL          2   158   132    1505 
  u_vec_mul/MULT_TC_OP28_Y_MULT_UNS_OP27_g913__6161/Y            -       B0->Y   R     OAI21_X2M_A9TL          1   157   124    1629 
  u_vec_mul/g4352/CO                                             -       ICI->CO R     CMPR42_X2M_A9TL         2    94   232    1862 
  u_vec_mul/g4311/Y                                              -       A0->Y   R     AO21B_X2M_A9TL          2   107   168    2029 
  u_vec_mul/MULT_TC_OP28_Y_MULT_UNS_OP27_g880__1666/Y            -       A->Y    F     NAND2_X3A_A9TL          2    82    78    2107 
  u_vec_mul/MULT_TC_OP28_Y_MULT_UNS_OP27_g871__1881/Y            -       A0->Y   R     OAI21_X3M_A9TL          2   142   120    2227 
  u_vec_mul/MULT_TC_OP28_Y_MULT_UNS_OP27_g868__8246/Y            -       B0->Y   R     AO1B2_X4M_A9TL          2    88   144    2371 
  u_vec_mul/MULT_TC_OP28_Y_MULT_UNS_OP27_g866__1705/Y            -       B0->Y   R     AO1B2_X4M_A9TL          2    88   128    2499 
  u_vec_mul/MULT_TC_OP28_Y_MULT_UNS_OP27_g864__1617/Y            -       B0->Y   R     AO1B2_X4M_A9TL          2    82   128    2627 
  u_vec_mul/MULT_TC_OP28_Y_MULT_UNS_OP27_g862__6783/Y            -       B0->Y   R     AO1B2_X4M_A9TL          2    65   124    2751 
  u_vec_mul/g4310/Y                                              -       A0->Y   R     AO21B_X2M_A9TL          1    89   145    2895 
  u_vec_mul/MULT_TC_OP28_Y_MULT_UNS_OP27_g858__6260/Y            -       A->Y    R     XNOR2_X2M_A9TL          2   208   102    2998 
  u_vec_mul/prod_reg_reg[2][16]/A                                -       -       R     A2DFFQN_X0P5M_A9TL      2     -     0    2998 
#------------------------------------------------------------------------------------------------------------------------------------



Path 12: MET (2 ps) Setup Check with Pin u_vec_mul/prod_reg_reg[3][16]/CK->A
          Group: reg2reg
     Startpoint: (R) u_vec_mul/b_reg_reg[3][5]/CK
          Clock: (R) clk
       Endpoint: (R) u_vec_mul/prod_reg_reg[3][16]/A
          Clock: (R) clk

                     Capture       Launch     
        Clock Edge:+    3300            0     
       Src Latency:+       0            0     
       Net Latency:+       0 (I)        0 (I) 
           Arrival:=    3300            0     
                                              
             Setup:-     175                  
       Uncertainty:-     125                  
     Required Time:=    3000                  
      Launch Clock:-       0                  
         Data Path:-    2998                  
             Slack:=       2                  

#------------------------------------------------------------------------------------------------------------------------------------
#                         Timing Point                           Flags    Arc    Edge        Cell         Fanout Trans Delay Arrival 
#                                                                                                                 (ps)  (ps)   (ps)  
#------------------------------------------------------------------------------------------------------------------------------------
  u_vec_mul/b_reg_reg[3][5]/CK                                   -       -       R     (arrival)             403     0     0       0 
  u_vec_mul/b_reg_reg[3][5]/Q                                    -       CK->Q   R     DFFQ_X2M_A9TL           9   200   324     324 
  u_vec_mul/MULT_TC_OP30_Y_MULT_UNS_OP29_g1019__9315/Y           -       B->Y    F     NAND2_X1A_A9TL          2   170   156     480 
  u_vec_mul/MULT_TC_OP30_Y_MULT_UNS_OP29_g941__5477/Y            -       B->Y    R     NOR2_X1P4A_A9TL         2   206   182     663 
  u_vec_mul/MULT_TC_OP30_Y_MULT_UNS_OP29_g929__1881/Y            -       B0->Y   F     AOI21_X1M_A9TL          1   163   148     811 
  u_vec_mul/MULT_TC_OP30_Y_MULT_UNS_OP29_cdnfadd_005_1__2346/S   -       B->S    F     ADDF_X1M_A9TL           1    95   303    1114 
  u_vec_mul/MULT_TC_OP30_Y_MULT_UNS_OP29_cdnfadd_005_2__1666/SUM -       CI->SUM R     ADDFH_X1M_A9TL          2   124   259    1372 
  u_vec_mul/MULT_TC_OP30_Y_MULT_UNS_OP29_g916__6260/Y            -       A->Y    F     NAND2_X1A_A9TL          2   158   132    1505 
  u_vec_mul/MULT_TC_OP30_Y_MULT_UNS_OP29_g913__5477/Y            -       B0->Y   R     OAI21_X2M_A9TL          1   157   124    1629 
  u_vec_mul/g4353/CO                                             -       ICI->CO R     CMPR42_X2M_A9TL         2    94   232    1862 
  u_vec_mul/g4316/Y                                              -       A0->Y   R     AO21B_X2M_A9TL          2   107   168    2029 
  u_vec_mul/MULT_TC_OP30_Y_MULT_UNS_OP29_g880__8428/Y            -       A->Y    F     NAND2_X3A_A9TL          2    82    78    2107 
  u_vec_mul/MULT_TC_OP30_Y_MULT_UNS_OP29_g871__2346/Y            -       A0->Y   R     OAI21_X3M_A9TL          2   142   120    2227 
  u_vec_mul/MULT_TC_OP30_Y_MULT_UNS_OP29_g868__9315/Y            -       B0->Y   R     AO1B2_X4M_A9TL          2    88   144    2371 
  u_vec_mul/MULT_TC_OP30_Y_MULT_UNS_OP29_g866__4733/Y            -       B0->Y   R     AO1B2_X4M_A9TL          2    88   128    2499 
  u_vec_mul/MULT_TC_OP30_Y_MULT_UNS_OP29_g864__5115/Y            -       B0->Y   R     AO1B2_X4M_A9TL          2    82   128    2627 
  u_vec_mul/MULT_TC_OP30_Y_MULT_UNS_OP29_g862__6131/Y            -       B0->Y   R     AO1B2_X4M_A9TL          2    65   124    2751 
  u_vec_mul/g4315/Y                                              -       A0->Y   R     AO21B_X2M_A9TL          1    89   145    2895 
  u_vec_mul/MULT_TC_OP30_Y_MULT_UNS_OP29_g858__1705/Y            -       A->Y    R     XNOR2_X2M_A9TL          2   208   102    2998 
  u_vec_mul/prod_reg_reg[3][16]/A                                -       -       R     A2DFFQN_X0P5M_A9TL      2     -     0    2998 
#------------------------------------------------------------------------------------------------------------------------------------



Path 13: MET (2 ps) Setup Check with Pin u_vec_mul/prod_reg_reg[5][16]/CK->A
          Group: reg2reg
     Startpoint: (R) u_vec_mul/b_reg_reg[5][5]/CK
          Clock: (R) clk
       Endpoint: (R) u_vec_mul/prod_reg_reg[5][16]/A
          Clock: (R) clk

                     Capture       Launch     
        Clock Edge:+    3300            0     
       Src Latency:+       0            0     
       Net Latency:+       0 (I)        0 (I) 
           Arrival:=    3300            0     
                                              
             Setup:-     175                  
       Uncertainty:-     125                  
     Required Time:=    3000                  
      Launch Clock:-       0                  
         Data Path:-    2998                  
             Slack:=       2                  

#------------------------------------------------------------------------------------------------------------------------------
#                      Timing Point                        Flags    Arc    Edge        Cell         Fanout Trans Delay Arrival 
#                                                                                                           (ps)  (ps)   (ps)  
#------------------------------------------------------------------------------------------------------------------------------
  u_vec_mul/b_reg_reg[5][5]/CK                             -       -       R     (arrival)             403     0     0       0 
  u_vec_mul/b_reg_reg[5][5]/Q                              -       CK->Q   R     DFFQ_X2M_A9TL           9   200   324     324 
  u_vec_mul/MULT_TC_OP34_Y_MULT_UNS_OP33_g1019/Y           -       B->Y    F     NAND2_X1A_A9TL          2   170   156     480 
  u_vec_mul/MULT_TC_OP34_Y_MULT_UNS_OP33_g941/Y            -       B->Y    R     NOR2_X1P4A_A9TL         2   206   182     663 
  u_vec_mul/MULT_TC_OP34_Y_MULT_UNS_OP33_g929/Y            -       B0->Y   F     AOI21_X1M_A9TL          1   163   148     811 
  u_vec_mul/MULT_TC_OP34_Y_MULT_UNS_OP33_cdnfadd_005_1/S   -       B->S    F     ADDF_X1M_A9TL           1    95   303    1114 
  u_vec_mul/MULT_TC_OP34_Y_MULT_UNS_OP33_cdnfadd_005_2/SUM -       CI->SUM R     ADDFH_X1M_A9TL          2   124   259    1372 
  u_vec_mul/MULT_TC_OP34_Y_MULT_UNS_OP33_g916/Y            -       A->Y    F     NAND2_X1A_A9TL          2   158   132    1505 
  u_vec_mul/MULT_TC_OP34_Y_MULT_UNS_OP33_g913/Y            -       B0->Y   R     OAI21_X2M_A9TL          1   157   124    1629 
  u_vec_mul/g4355/CO                                       -       ICI->CO R     CMPR42_X2M_A9TL         2    94   232    1862 
  u_vec_mul/g4326/Y                                        -       A0->Y   R     AO21B_X2M_A9TL          2   107   168    2029 
  u_vec_mul/MULT_TC_OP34_Y_MULT_UNS_OP33_g880/Y            -       A->Y    F     NAND2_X3A_A9TL          2    82    78    2107 
  u_vec_mul/MULT_TC_OP34_Y_MULT_UNS_OP33_g871/Y            -       A0->Y   R     OAI21_X3M_A9TL          2   142   120    2227 
  u_vec_mul/MULT_TC_OP34_Y_MULT_UNS_OP33_g868/Y            -       B0->Y   R     AO1B2_X4M_A9TL          2    88   144    2371 
  u_vec_mul/MULT_TC_OP34_Y_MULT_UNS_OP33_g866/Y            -       B0->Y   R     AO1B2_X4M_A9TL          2    88   128    2499 
  u_vec_mul/MULT_TC_OP34_Y_MULT_UNS_OP33_g864/Y            -       B0->Y   R     AO1B2_X4M_A9TL          2    82   128    2627 
  u_vec_mul/MULT_TC_OP34_Y_MULT_UNS_OP33_g862/Y            -       B0->Y   R     AO1B2_X4M_A9TL          2    65   124    2751 
  u_vec_mul/g4325/Y                                        -       A0->Y   R     AO21B_X2M_A9TL          1    89   145    2895 
  u_vec_mul/MULT_TC_OP34_Y_MULT_UNS_OP33_g858/Y            -       A->Y    R     XNOR2_X2M_A9TL          2   208   102    2998 
  u_vec_mul/prod_reg_reg[5][16]/A                          -       -       R     A2DFFQN_X0P5M_A9TL      2     -     0    2998 
#------------------------------------------------------------------------------------------------------------------------------



Path 14: MET (2 ps) Setup Check with Pin u_vec_mul/prod_reg_reg[4][16]/CK->A
          Group: reg2reg
     Startpoint: (R) u_vec_mul/b_reg_reg[4][5]/CK
          Clock: (R) clk
       Endpoint: (R) u_vec_mul/prod_reg_reg[4][16]/A
          Clock: (R) clk

                     Capture       Launch     
        Clock Edge:+    3300            0     
       Src Latency:+       0            0     
       Net Latency:+       0 (I)        0 (I) 
           Arrival:=    3300            0     
                                              
             Setup:-     175                  
       Uncertainty:-     125                  
     Required Time:=    3000                  
      Launch Clock:-       0                  
         Data Path:-    2998                  
             Slack:=       2                  

#------------------------------------------------------------------------------------------------------------------------------------
#                         Timing Point                           Flags    Arc    Edge        Cell         Fanout Trans Delay Arrival 
#                                                                                                                 (ps)  (ps)   (ps)  
#------------------------------------------------------------------------------------------------------------------------------------
  u_vec_mul/b_reg_reg[4][5]/CK                                   -       -       R     (arrival)             403     0     0       0 
  u_vec_mul/b_reg_reg[4][5]/Q                                    -       CK->Q   R     DFFQ_X2M_A9TL           9   200   324     324 
  u_vec_mul/MULT_TC_OP32_Y_MULT_UNS_OP31_g1019/Y                 -       B->Y    F     NAND2_X1A_A9TL          2   170   156     480 
  u_vec_mul/MULT_TC_OP32_Y_MULT_UNS_OP31_g941__3680/Y            -       B->Y    R     NOR2_X1P4A_A9TL         2   206   182     663 
  u_vec_mul/MULT_TC_OP32_Y_MULT_UNS_OP31_g929__2346/Y            -       B0->Y   F     AOI21_X1M_A9TL          1   163   148     811 
  u_vec_mul/MULT_TC_OP32_Y_MULT_UNS_OP31_cdnfadd_005_1__4319/S   -       B->S    F     ADDF_X1M_A9TL           1    95   303    1114 
  u_vec_mul/MULT_TC_OP32_Y_MULT_UNS_OP31_cdnfadd_005_2__8428/SUM -       CI->SUM R     ADDFH_X1M_A9TL          2   124   259    1372 
  u_vec_mul/MULT_TC_OP32_Y_MULT_UNS_OP31_g916__1705/Y            -       A->Y    F     NAND2_X1A_A9TL          2   158   132    1505 
  u_vec_mul/MULT_TC_OP32_Y_MULT_UNS_OP31_g913__3680/Y            -       B0->Y   R     OAI21_X2M_A9TL          1   157   124    1629 
  u_vec_mul/g4354/CO                                             -       ICI->CO R     CMPR42_X2M_A9TL         2    94   232    1862 
  u_vec_mul/g4321/Y                                              -       A0->Y   R     AO21B_X2M_A9TL          2   107   168    2029 
  u_vec_mul/MULT_TC_OP32_Y_MULT_UNS_OP31_g880__8246/Y            -       A->Y    F     NAND2_X3A_A9TL          2    82    78    2107 
  u_vec_mul/MULT_TC_OP32_Y_MULT_UNS_OP31_g871__4319/Y            -       A0->Y   R     OAI21_X3M_A9TL          2   142   120    2227 
  u_vec_mul/MULT_TC_OP32_Y_MULT_UNS_OP31_g868__2398/Y            -       B0->Y   R     AO1B2_X4M_A9TL          2    88   144    2371 
  u_vec_mul/MULT_TC_OP32_Y_MULT_UNS_OP31_g866__6417/Y            -       B0->Y   R     AO1B2_X4M_A9TL          2    88   128    2499 
  u_vec_mul/MULT_TC_OP32_Y_MULT_UNS_OP31_g864__1666/Y            -       B0->Y   R     AO1B2_X4M_A9TL          2    82   128    2627 
  u_vec_mul/MULT_TC_OP32_Y_MULT_UNS_OP31_g862__2883/Y            -       B0->Y   R     AO1B2_X4M_A9TL          2    65   124    2751 
  u_vec_mul/g4320/Y                                              -       A0->Y   R     AO21B_X2M_A9TL          1    89   145    2895 
  u_vec_mul/MULT_TC_OP32_Y_MULT_UNS_OP31_g858__4733/Y            -       A->Y    R     XNOR2_X2M_A9TL          2   208   102    2998 
  u_vec_mul/prod_reg_reg[4][16]/A                                -       -       R     A2DFFQN_X0P5M_A9TL      2     -     0    2998 
#------------------------------------------------------------------------------------------------------------------------------------



Path 15: MET (2 ps) Setup Check with Pin u_vec_mul/prod_reg_reg[6][16]/CK->A
          Group: reg2reg
     Startpoint: (R) u_vec_mul/b_reg_reg[6][5]/CK
          Clock: (R) clk
       Endpoint: (R) u_vec_mul/prod_reg_reg[6][16]/A
          Clock: (R) clk

                     Capture       Launch     
        Clock Edge:+    3300            0     
       Src Latency:+       0            0     
       Net Latency:+       0 (I)        0 (I) 
           Arrival:=    3300            0     
                                              
             Setup:-     175                  
       Uncertainty:-     125                  
     Required Time:=    3000                  
      Launch Clock:-       0                  
         Data Path:-    2998                  
             Slack:=       2                  

#------------------------------------------------------------------------------------------------------------------------------
#                      Timing Point                        Flags    Arc    Edge        Cell         Fanout Trans Delay Arrival 
#                                                                                                           (ps)  (ps)   (ps)  
#------------------------------------------------------------------------------------------------------------------------------
  u_vec_mul/b_reg_reg[6][5]/CK                             -       -       R     (arrival)             403     0     0       0 
  u_vec_mul/b_reg_reg[6][5]/Q                              -       CK->Q   R     DFFQ_X2M_A9TL           9   200   324     324 
  u_vec_mul/MULT_TC_OP36_Y_MULT_UNS_OP35_g1019/Y           -       B->Y    F     NAND2_X1A_A9TL          2   170   156     480 
  u_vec_mul/MULT_TC_OP36_Y_MULT_UNS_OP35_g941/Y            -       B->Y    R     NOR2_X1P4A_A9TL         2   206   182     663 
  u_vec_mul/MULT_TC_OP36_Y_MULT_UNS_OP35_g929/Y            -       B0->Y   F     AOI21_X1M_A9TL          1   163   148     811 
  u_vec_mul/MULT_TC_OP36_Y_MULT_UNS_OP35_cdnfadd_005_1/S   -       B->S    F     ADDF_X1M_A9TL           1    95   303    1114 
  u_vec_mul/MULT_TC_OP36_Y_MULT_UNS_OP35_cdnfadd_005_2/SUM -       CI->SUM R     ADDFH_X1M_A9TL          2   124   259    1372 
  u_vec_mul/MULT_TC_OP36_Y_MULT_UNS_OP35_g916/Y            -       A->Y    F     NAND2_X1A_A9TL          2   158   132    1505 
  u_vec_mul/MULT_TC_OP36_Y_MULT_UNS_OP35_g913/Y            -       B0->Y   R     OAI21_X2M_A9TL          1   157   124    1629 
  u_vec_mul/g4356/CO                                       -       ICI->CO R     CMPR42_X2M_A9TL         2    94   232    1862 
  u_vec_mul/g4331/Y                                        -       A0->Y   R     AO21B_X2M_A9TL          2   107   168    2029 
  u_vec_mul/MULT_TC_OP36_Y_MULT_UNS_OP35_g880/Y            -       A->Y    F     NAND2_X3A_A9TL          2    82    78    2107 
  u_vec_mul/MULT_TC_OP36_Y_MULT_UNS_OP35_g871/Y            -       A0->Y   R     OAI21_X3M_A9TL          2   142   120    2227 
  u_vec_mul/MULT_TC_OP36_Y_MULT_UNS_OP35_g868/Y            -       B0->Y   R     AO1B2_X4M_A9TL          2    88   144    2371 
  u_vec_mul/MULT_TC_OP36_Y_MULT_UNS_OP35_g866/Y            -       B0->Y   R     AO1B2_X4M_A9TL          2    88   128    2499 
  u_vec_mul/MULT_TC_OP36_Y_MULT_UNS_OP35_g864/Y            -       B0->Y   R     AO1B2_X4M_A9TL          2    82   128    2627 
  u_vec_mul/MULT_TC_OP36_Y_MULT_UNS_OP35_g862/Y            -       B0->Y   R     AO1B2_X4M_A9TL          2    65   124    2751 
  u_vec_mul/g4330/Y                                        -       A0->Y   R     AO21B_X2M_A9TL          1    89   145    2895 
  u_vec_mul/MULT_TC_OP36_Y_MULT_UNS_OP35_g858/Y            -       A->Y    R     XNOR2_X2M_A9TL          2   208   102    2998 
  u_vec_mul/prod_reg_reg[6][16]/A                          -       -       R     A2DFFQN_X0P5M_A9TL      2     -     0    2998 
#------------------------------------------------------------------------------------------------------------------------------



Path 16: MET (2 ps) Setup Check with Pin u_vec_mul/prod_reg_reg[7][16]/CK->A
          Group: reg2reg
     Startpoint: (R) u_vec_mul/b_reg_reg[7][5]/CK
          Clock: (R) clk
       Endpoint: (R) u_vec_mul/prod_reg_reg[7][16]/A
          Clock: (R) clk

                     Capture       Launch     
        Clock Edge:+    3300            0     
       Src Latency:+       0            0     
       Net Latency:+       0 (I)        0 (I) 
           Arrival:=    3300            0     
                                              
             Setup:-     175                  
       Uncertainty:-     125                  
     Required Time:=    3000                  
      Launch Clock:-       0                  
         Data Path:-    2998                  
             Slack:=       2                  

#------------------------------------------------------------------------------------------------------------------------------
#                      Timing Point                        Flags    Arc    Edge        Cell         Fanout Trans Delay Arrival 
#                                                                                                           (ps)  (ps)   (ps)  
#------------------------------------------------------------------------------------------------------------------------------
  u_vec_mul/b_reg_reg[7][5]/CK                             -       -       R     (arrival)             403     0     0       0 
  u_vec_mul/b_reg_reg[7][5]/Q                              -       CK->Q   R     DFFQ_X2M_A9TL           9   200   324     324 
  u_vec_mul/MULT_UNS_OP37_Y_MULT_TC_OP38_g1019/Y           -       B->Y    F     NAND2_X1A_A9TL          2   170   156     480 
  u_vec_mul/MULT_UNS_OP37_Y_MULT_TC_OP38_g941/Y            -       B->Y    R     NOR2_X1P4A_A9TL         2   206   182     663 
  u_vec_mul/MULT_UNS_OP37_Y_MULT_TC_OP38_g929/Y            -       B0->Y   F     AOI21_X1M_A9TL          1   163   148     811 
  u_vec_mul/MULT_UNS_OP37_Y_MULT_TC_OP38_cdnfadd_005_1/S   -       B->S    F     ADDF_X1M_A9TL           1    95   303    1114 
  u_vec_mul/MULT_UNS_OP37_Y_MULT_TC_OP38_cdnfadd_005_2/SUM -       CI->SUM R     ADDFH_X1M_A9TL          2   124   259    1372 
  u_vec_mul/MULT_UNS_OP37_Y_MULT_TC_OP38_g916/Y            -       A->Y    F     NAND2_X1A_A9TL          2   158   132    1505 
  u_vec_mul/MULT_UNS_OP37_Y_MULT_TC_OP38_g913/Y            -       B0->Y   R     OAI21_X2M_A9TL          1   157   124    1629 
  u_vec_mul/g4358/CO                                       -       ICI->CO R     CMPR42_X2M_A9TL         2    94   232    1862 
  u_vec_mul/g4341/Y                                        -       A0->Y   R     AO21B_X2M_A9TL          2   107   168    2029 
  u_vec_mul/MULT_UNS_OP37_Y_MULT_TC_OP38_g880/Y            -       A->Y    F     NAND2_X3A_A9TL          2    82    78    2107 
  u_vec_mul/MULT_UNS_OP37_Y_MULT_TC_OP38_g871/Y            -       A0->Y   R     OAI21_X3M_A9TL          2   142   120    2227 
  u_vec_mul/MULT_UNS_OP37_Y_MULT_TC_OP38_g868/Y            -       B0->Y   R     AO1B2_X4M_A9TL          2    88   144    2371 
  u_vec_mul/MULT_UNS_OP37_Y_MULT_TC_OP38_g866/Y            -       B0->Y   R     AO1B2_X4M_A9TL          2    88   128    2499 
  u_vec_mul/MULT_UNS_OP37_Y_MULT_TC_OP38_g864/Y            -       B0->Y   R     AO1B2_X4M_A9TL          2    82   128    2627 
  u_vec_mul/MULT_UNS_OP37_Y_MULT_TC_OP38_g862/Y            -       B0->Y   R     AO1B2_X4M_A9TL          2    65   124    2751 
  u_vec_mul/g4340/Y                                        -       A0->Y   R     AO21B_X2M_A9TL          1    89   145    2895 
  u_vec_mul/MULT_UNS_OP37_Y_MULT_TC_OP38_g858/Y            -       A->Y    R     XNOR2_X2M_A9TL          2   208   102    2998 
  u_vec_mul/prod_reg_reg[7][16]/A                          -       -       R     A2DFFQN_X0P5M_A9TL      2     -     0    2998 
#------------------------------------------------------------------------------------------------------------------------------



Path 17: MET (3 ps) Setup Check with Pin u_vec_mul/prod_reg_reg[0][16]/CK->A
          Group: reg2reg
     Startpoint: (R) u_vec_mul/mode1_op_reg[1]/CK
          Clock: (R) clk
       Endpoint: (F) u_vec_mul/prod_reg_reg[0][16]/A
          Clock: (R) clk

                     Capture       Launch     
        Clock Edge:+    3300            0     
       Src Latency:+       0            0     
       Net Latency:+       0 (I)        0 (I) 
           Arrival:=    3300            0     
                                              
             Setup:-     167                  
       Uncertainty:-     125                  
     Required Time:=    3008                  
      Launch Clock:-       0                  
         Data Path:-    3005                  
             Slack:=       3                  

#-----------------------------------------------------------------------------------------------------------------------
#                    Timing Point                     Flags    Arc   Edge       Cell         Fanout Trans Delay Arrival 
#                                                                                                    (ps)  (ps)   (ps)  
#-----------------------------------------------------------------------------------------------------------------------
  u_vec_mul/mode1_op_reg[1]/CK                        -       -      R     (arrival)            315     0     0       0 
  u_vec_mul/mode1_op_reg[1]/Q                         -       CK->Q  R     A2DFFQ_X1M_A9TL        2   170   324     324 
  u_vec_mul/g3630/Y                                   -       A->Y   F     INV_X5B_A9TL          16   169   153     477 
  u_vec_mul/MULT_TC_OP_Y_MULT_UNS_OP_g989/Y           -       A->Y   F     AND2_X2M_A9TL          7   115   202     679 
  u_vec_mul/MULT_TC_OP_Y_MULT_UNS_OP_g951/Y           -       A->Y   R     NAND2_X1A_A9TL         1   115   102     780 
  u_vec_mul/MULT_TC_OP_Y_MULT_UNS_OP_cdnfadd_008_1/S  -       CI->S  F     ADDF_X1M_A9TL          1   108   314    1094 
  u_vec_mul/MULT_TC_OP_Y_MULT_UNS_OP_cdnfadd_008_3/CO -       CI->CO F     ADDF_X1M_A9TL          1   101   223    1317 
  u_vec_mul/MULT_TC_OP_Y_MULT_UNS_OP_cdnfadd_009_5/S  -       CI->S  R     ADDF_X1M_A9TL          1   118   330    1648 
  u_vec_mul/MULT_TC_OP_Y_MULT_UNS_OP_cdnfadd_009_6/S  -       CI->S  F     ADDF_X1P4M_A9TL        3   125   324    1972 
  u_vec_mul/MULT_TC_OP_Y_MULT_UNS_OP_g891/Y           -       A->Y   R     NOR2_X1P4A_A9TL        2   219   172    2144 
  u_vec_mul/MULT_TC_OP_Y_MULT_UNS_OP_g871/Y           -       A1->Y  F     OAI21_X3M_A9TL         2    98   129    2272 
  u_vec_mul/MULT_TC_OP_Y_MULT_UNS_OP_g868/Y           -       B0->Y  F     AO1B2_X4M_A9TL         2    78   129    2402 
  u_vec_mul/MULT_TC_OP_Y_MULT_UNS_OP_g866/Y           -       B0->Y  F     AO1B2_X4M_A9TL         2    77   122    2524 
  u_vec_mul/MULT_TC_OP_Y_MULT_UNS_OP_g864/Y           -       B0->Y  F     AO1B2_X4M_A9TL         2    86   121    2645 
  u_vec_mul/MULT_TC_OP_Y_MULT_UNS_OP_g862/Y           -       B0->Y  F     AO1B2_X4M_A9TL         2    71   121    2766 
  u_vec_mul/g4335/Y                                   -       A0->Y  F     AO21B_X2M_A9TL         1    95   139    2906 
  u_vec_mul/MULT_TC_OP_Y_MULT_UNS_OP_g858/Y           -       A->Y   F     XNOR2_X2M_A9TL         2   134    99    3005 
  u_vec_mul/prod_reg_reg[0][16]/A                     -       -      F     A2DFFQ_X0P5M_A9TL      2     -     0    3005 
#-----------------------------------------------------------------------------------------------------------------------



Path 18: MET (3 ps) Setup Check with Pin u_vec_mul/prod_reg_reg[0][16]/CK->A
          Group: reg2reg
     Startpoint: (R) u_vec_mul/mode1_op_reg[1]/CK
          Clock: (R) clk
       Endpoint: (R) u_vec_mul/prod_reg_reg[0][16]/A
          Clock: (R) clk

                     Capture       Launch     
        Clock Edge:+    3300            0     
       Src Latency:+       0            0     
       Net Latency:+       0 (I)        0 (I) 
           Arrival:=    3300            0     
                                              
             Setup:-     165                  
       Uncertainty:-     125                  
     Required Time:=    3010                  
      Launch Clock:-       0                  
         Data Path:-    3007                  
             Slack:=       3                  

#-----------------------------------------------------------------------------------------------------------------------
#                    Timing Point                     Flags    Arc   Edge       Cell         Fanout Trans Delay Arrival 
#                                                                                                    (ps)  (ps)   (ps)  
#-----------------------------------------------------------------------------------------------------------------------
  u_vec_mul/mode1_op_reg[1]/CK                        -       -      R     (arrival)            315     0     0       0 
  u_vec_mul/mode1_op_reg[1]/Q                         -       CK->Q  R     A2DFFQ_X1M_A9TL        2   170   324     324 
  u_vec_mul/g3630/Y                                   -       A->Y   F     INV_X5B_A9TL          16   169   153     477 
  u_vec_mul/MULT_TC_OP_Y_MULT_UNS_OP_g988/Y           -       A->Y   F     AND2_X1M_A9TL          7   211   259     736 
  u_vec_mul/MULT_TC_OP_Y_MULT_UNS_OP_g946/Y           -       A->Y   R     NAND2_X1M_A9TL         1   156   160     896 
  u_vec_mul/MULT_TC_OP_Y_MULT_UNS_OP_cdnfadd_009_2/S  -       CI->S  F     ADDF_X1M_A9TL          1   108   326    1222 
  u_vec_mul/MULT_TC_OP_Y_MULT_UNS_OP_cdnfadd_009_4/CO -       CI->CO F     ADDF_X1M_A9TL          1   101   223    1446 
  u_vec_mul/MULT_TC_OP_Y_MULT_UNS_OP_cdnfadd_010_4/S  -       CI->S  R     ADDF_X1M_A9TL          1   118   330    1776 
  u_vec_mul/MULT_TC_OP_Y_MULT_UNS_OP_cdnfadd_010_5/S  -       CI->S  F     ADDF_X1P4M_A9TL        2   102   308    2084 
  u_vec_mul/MULT_TC_OP_Y_MULT_UNS_OP_g2/Y             -       A->Y   F     OR2_X1M_A9TL           2   106   179    2263 
  u_vec_mul/MULT_TC_OP_Y_MULT_UNS_OP_g868/Y           -       B1->Y  F     AO1B2_X4M_A9TL         2    78   137    2400 
  u_vec_mul/MULT_TC_OP_Y_MULT_UNS_OP_g866/Y           -       B0->Y  F     AO1B2_X4M_A9TL         2    77   122    2522 
  u_vec_mul/MULT_TC_OP_Y_MULT_UNS_OP_g864/Y           -       B0->Y  F     AO1B2_X4M_A9TL         2    86   121    2644 
  u_vec_mul/MULT_TC_OP_Y_MULT_UNS_OP_g862/Y           -       B0->Y  F     AO1B2_X4M_A9TL         2    71   121    2765 
  u_vec_mul/g4335/Y                                   -       A0->Y  F     AO21B_X2M_A9TL         1    95   139    2904 
  u_vec_mul/MULT_TC_OP_Y_MULT_UNS_OP_g858/Y           -       A->Y   R     XNOR2_X2M_A9TL         2   208   103    3007 
  u_vec_mul/prod_reg_reg[0][16]/A                     -       -      R     A2DFFQ_X0P5M_A9TL      2     -     0    3007 
#-----------------------------------------------------------------------------------------------------------------------



Path 19: MET (3 ps) Setup Check with Pin u_vec_mul/prod_reg_reg[1][16]/CK->A
          Group: reg2reg
     Startpoint: (R) u_vec_mul/mode1_op_reg[1]/CK
          Clock: (R) clk
       Endpoint: (R) u_vec_mul/prod_reg_reg[1][16]/A
          Clock: (R) clk

                     Capture       Launch     
        Clock Edge:+    3300            0     
       Src Latency:+       0            0     
       Net Latency:+       0 (I)        0 (I) 
           Arrival:=    3300            0     
                                              
             Setup:-     175                  
       Uncertainty:-     125                  
     Required Time:=    3000                  
      Launch Clock:-       0                  
         Data Path:-    2997                  
             Slack:=       3                  

#---------------------------------------------------------------------------------------------------------------------------------
#                         Timing Point                          Flags   Arc   Edge        Cell         Fanout Trans Delay Arrival 
#                                                                                                              (ps)  (ps)   (ps)  
#---------------------------------------------------------------------------------------------------------------------------------
  u_vec_mul/mode1_op_reg[1]/CK                                  -       -     R     (arrival)             315     0     0       0 
  u_vec_mul/mode1_op_reg[1]/Q                                   -       CK->Q R     A2DFFQ_X1M_A9TL         2   170   324     324 
  u_vec_mul/g3630/Y                                             -       A->Y  F     INV_X5B_A9TL           16   169   153     477 
  u_vec_mul/MULT_TC_OP26_Y_MULT_UNS_OP25_g988__5107/Y           -       A->Y  F     AND2_X1M_A9TL           7   211   259     736 
  u_vec_mul/MULT_TC_OP26_Y_MULT_UNS_OP25_g937__3680/Y           -       A->Y  R     NAND2_X1M_A9TL          1   156   160     896 
  u_vec_mul/MULT_TC_OP26_Y_MULT_UNS_OP25_cdnfadd_010_1__4319/S  -       CI->S F     ADDF_X1M_A9TL           1   118   334    1230 
  u_vec_mul/MULT_TC_OP26_Y_MULT_UNS_OP25_cdnfadd_010_3__5526/CO -       A->CO F     ADDF_X1M_A9TL           1   101   246    1475 
  u_vec_mul/MULT_TC_OP26_Y_MULT_UNS_OP25_cdnfadd_011_3__5122/S  -       CI->S F     ADDF_X1M_A9TL           1   118   282    1757 
  u_vec_mul/MULT_TC_OP26_Y_MULT_UNS_OP25_cdnfadd_011_4__8246/S  -       B->S  R     ADDF_X1M_A9TL           2   126   357    2113 
  u_vec_mul/MULT_TC_OP26_Y_MULT_UNS_OP25_g1023__2802/Y          -       A->Y  R     OR2_X0P5M_A9TL          2   223   216    2329 
  u_vec_mul/MULT_TC_OP26_Y_MULT_UNS_OP25_g866__6260/Y           -       B1->Y R     AO1B2_X4M_A9TL          2    88   169    2498 
  u_vec_mul/MULT_TC_OP26_Y_MULT_UNS_OP25_g864__2398/Y           -       B0->Y R     AO1B2_X4M_A9TL          2    82   128    2626 
  u_vec_mul/MULT_TC_OP26_Y_MULT_UNS_OP25_g862__6417/Y           -       B0->Y R     AO1B2_X4M_A9TL          2    65   124    2750 
  u_vec_mul/g2/Y                                                -       A0->Y R     AO21B_X2M_A9TL          1    89   145    2894 
  u_vec_mul/MULT_TC_OP26_Y_MULT_UNS_OP25_g858__2883/Y           -       A->Y  R     XNOR2_X2M_A9TL          2   208   102    2997 
  u_vec_mul/prod_reg_reg[1][16]/A                               -       -     R     A2DFFQN_X0P5M_A9TL      2     -     0    2997 
#---------------------------------------------------------------------------------------------------------------------------------



Path 20: MET (3 ps) Setup Check with Pin u_vec_mul/prod_reg_reg[2][16]/CK->A
          Group: reg2reg
     Startpoint: (R) u_vec_mul/mode1_op_reg[1]/CK
          Clock: (R) clk
       Endpoint: (R) u_vec_mul/prod_reg_reg[2][16]/A
          Clock: (R) clk

                     Capture       Launch     
        Clock Edge:+    3300            0     
       Src Latency:+       0            0     
       Net Latency:+       0 (I)        0 (I) 
           Arrival:=    3300            0     
                                              
             Setup:-     175                  
       Uncertainty:-     125                  
     Required Time:=    3000                  
      Launch Clock:-       0                  
         Data Path:-    2997                  
             Slack:=       3                  

#---------------------------------------------------------------------------------------------------------------------------------
#                         Timing Point                          Flags   Arc   Edge        Cell         Fanout Trans Delay Arrival 
#                                                                                                              (ps)  (ps)   (ps)  
#---------------------------------------------------------------------------------------------------------------------------------
  u_vec_mul/mode1_op_reg[1]/CK                                  -       -     R     (arrival)             315     0     0       0 
  u_vec_mul/mode1_op_reg[1]/Q                                   -       CK->Q R     A2DFFQ_X1M_A9TL         2   170   324     324 
  u_vec_mul/g3630/Y                                             -       A->Y  F     INV_X5B_A9TL           16   169   153     477 
  u_vec_mul/MULT_TC_OP28_Y_MULT_UNS_OP27_g988__2802/Y           -       A->Y  F     AND2_X1M_A9TL           7   211   259     736 
  u_vec_mul/MULT_TC_OP28_Y_MULT_UNS_OP27_g937__1881/Y           -       A->Y  R     NAND2_X1M_A9TL          1   156   160     896 
  u_vec_mul/MULT_TC_OP28_Y_MULT_UNS_OP27_cdnfadd_010_1__5122/S  -       CI->S F     ADDF_X1M_A9TL           1   118   334    1230 
  u_vec_mul/MULT_TC_OP28_Y_MULT_UNS_OP27_cdnfadd_010_3__7098/CO -       A->CO F     ADDF_X1M_A9TL           1   101   246    1475 
  u_vec_mul/MULT_TC_OP28_Y_MULT_UNS_OP27_cdnfadd_011_3__6161/S  -       CI->S F     ADDF_X1M_A9TL           1   118   282    1757 
  u_vec_mul/MULT_TC_OP28_Y_MULT_UNS_OP27_cdnfadd_011_4__9315/S  -       B->S  R     ADDF_X1M_A9TL           2   126   357    2113 
  u_vec_mul/MULT_TC_OP28_Y_MULT_UNS_OP27_g1023__7482/Y          -       A->Y  R     OR2_X0P5M_A9TL          2   223   216    2329 
  u_vec_mul/MULT_TC_OP28_Y_MULT_UNS_OP27_g866__1705/Y           -       B1->Y R     AO1B2_X4M_A9TL          2    88   169    2498 
  u_vec_mul/MULT_TC_OP28_Y_MULT_UNS_OP27_g864__1617/Y           -       B0->Y R     AO1B2_X4M_A9TL          2    82   128    2626 
  u_vec_mul/MULT_TC_OP28_Y_MULT_UNS_OP27_g862__6783/Y           -       B0->Y R     AO1B2_X4M_A9TL          2    65   124    2750 
  u_vec_mul/g4310/Y                                             -       A0->Y R     AO21B_X2M_A9TL          1    89   145    2894 
  u_vec_mul/MULT_TC_OP28_Y_MULT_UNS_OP27_g858__6260/Y           -       A->Y  R     XNOR2_X2M_A9TL          2   208   102    2997 
  u_vec_mul/prod_reg_reg[2][16]/A                               -       -     R     A2DFFQN_X0P5M_A9TL      2     -     0    2997 
#---------------------------------------------------------------------------------------------------------------------------------



Path 21: MET (3 ps) Setup Check with Pin u_vec_mul/prod_reg_reg[3][16]/CK->A
          Group: reg2reg
     Startpoint: (R) u_vec_mul/mode1_op_reg[1]/CK
          Clock: (R) clk
       Endpoint: (R) u_vec_mul/prod_reg_reg[3][16]/A
          Clock: (R) clk

                     Capture       Launch     
        Clock Edge:+    3300            0     
       Src Latency:+       0            0     
       Net Latency:+       0 (I)        0 (I) 
           Arrival:=    3300            0     
                                              
             Setup:-     175                  
       Uncertainty:-     125                  
     Required Time:=    3000                  
      Launch Clock:-       0                  
         Data Path:-    2997                  
             Slack:=       3                  

#---------------------------------------------------------------------------------------------------------------------------------
#                         Timing Point                          Flags   Arc   Edge        Cell         Fanout Trans Delay Arrival 
#                                                                                                              (ps)  (ps)   (ps)  
#---------------------------------------------------------------------------------------------------------------------------------
  u_vec_mul/mode1_op_reg[1]/CK                                  -       -     R     (arrival)             315     0     0       0 
  u_vec_mul/mode1_op_reg[1]/Q                                   -       CK->Q R     A2DFFQ_X1M_A9TL         2   170   324     324 
  u_vec_mul/g3630/Y                                             -       A->Y  F     INV_X5B_A9TL           16   169   153     477 
  u_vec_mul/MULT_TC_OP30_Y_MULT_UNS_OP29_g988__7482/Y           -       A->Y  F     AND2_X1M_A9TL           7   211   259     736 
  u_vec_mul/MULT_TC_OP30_Y_MULT_UNS_OP29_g937__2346/Y           -       A->Y  R     NAND2_X1M_A9TL          1   156   160     896 
  u_vec_mul/MULT_TC_OP30_Y_MULT_UNS_OP29_cdnfadd_010_1__6161/S  -       CI->S F     ADDF_X1M_A9TL           1   118   334    1230 
  u_vec_mul/MULT_TC_OP30_Y_MULT_UNS_OP29_cdnfadd_010_3__9945/CO -       A->CO F     ADDF_X1M_A9TL           1   101   246    1475 
  u_vec_mul/MULT_TC_OP30_Y_MULT_UNS_OP29_cdnfadd_011_3__5477/S  -       CI->S F     ADDF_X1M_A9TL           1   118   282    1757 
  u_vec_mul/MULT_TC_OP30_Y_MULT_UNS_OP29_cdnfadd_011_4__2398/S  -       B->S  R     ADDF_X1M_A9TL           2   126   357    2113 
  u_vec_mul/MULT_TC_OP30_Y_MULT_UNS_OP29_g1023__7410/Y          -       A->Y  R     OR2_X0P5M_A9TL          2   223   216    2329 
  u_vec_mul/MULT_TC_OP30_Y_MULT_UNS_OP29_g866__4733/Y           -       B1->Y R     AO1B2_X4M_A9TL          2    88   169    2498 
  u_vec_mul/MULT_TC_OP30_Y_MULT_UNS_OP29_g864__5115/Y           -       B0->Y R     AO1B2_X4M_A9TL          2    82   128    2626 
  u_vec_mul/MULT_TC_OP30_Y_MULT_UNS_OP29_g862__6131/Y           -       B0->Y R     AO1B2_X4M_A9TL          2    65   124    2750 
  u_vec_mul/g4315/Y                                             -       A0->Y R     AO21B_X2M_A9TL          1    89   145    2894 
  u_vec_mul/MULT_TC_OP30_Y_MULT_UNS_OP29_g858__1705/Y           -       A->Y  R     XNOR2_X2M_A9TL          2   208   102    2997 
  u_vec_mul/prod_reg_reg[3][16]/A                               -       -     R     A2DFFQN_X0P5M_A9TL      2     -     0    2997 
#---------------------------------------------------------------------------------------------------------------------------------



Path 22: MET (3 ps) Setup Check with Pin u_vec_mul/prod_reg_reg[5][16]/CK->A
          Group: reg2reg
     Startpoint: (R) u_vec_mul/mode1_op_reg[1]/CK
          Clock: (R) clk
       Endpoint: (R) u_vec_mul/prod_reg_reg[5][16]/A
          Clock: (R) clk

                     Capture       Launch     
        Clock Edge:+    3300            0     
       Src Latency:+       0            0     
       Net Latency:+       0 (I)        0 (I) 
           Arrival:=    3300            0     
                                              
             Setup:-     175                  
       Uncertainty:-     125                  
     Required Time:=    3000                  
      Launch Clock:-       0                  
         Data Path:-    2997                  
             Slack:=       3                  

#---------------------------------------------------------------------------------------------------------------------------
#                      Timing Point                       Flags   Arc   Edge        Cell         Fanout Trans Delay Arrival 
#                                                                                                        (ps)  (ps)   (ps)  
#---------------------------------------------------------------------------------------------------------------------------
  u_vec_mul/mode1_op_reg[1]/CK                            -       -     R     (arrival)             315     0     0       0 
  u_vec_mul/mode1_op_reg[1]/Q                             -       CK->Q R     A2DFFQ_X1M_A9TL         2   170   324     324 
  u_vec_mul/g3630/Y                                       -       A->Y  F     INV_X5B_A9TL           16   169   153     477 
  u_vec_mul/MULT_TC_OP34_Y_MULT_UNS_OP33_g988/Y           -       A->Y  F     AND2_X1M_A9TL           7   211   259     736 
  u_vec_mul/MULT_TC_OP34_Y_MULT_UNS_OP33_g937/Y           -       A->Y  R     NAND2_X1M_A9TL          1   156   160     896 
  u_vec_mul/MULT_TC_OP34_Y_MULT_UNS_OP33_cdnfadd_010_1/S  -       CI->S F     ADDF_X1M_A9TL           1   118   334    1230 
  u_vec_mul/MULT_TC_OP34_Y_MULT_UNS_OP33_cdnfadd_010_3/CO -       A->CO F     ADDF_X1M_A9TL           1   101   246    1475 
  u_vec_mul/MULT_TC_OP34_Y_MULT_UNS_OP33_cdnfadd_011_3/S  -       CI->S F     ADDF_X1M_A9TL           1   118   282    1757 
  u_vec_mul/MULT_TC_OP34_Y_MULT_UNS_OP33_cdnfadd_011_4/S  -       B->S  R     ADDF_X1M_A9TL           2   126   357    2113 
  u_vec_mul/MULT_TC_OP34_Y_MULT_UNS_OP33_g1023/Y          -       A->Y  R     OR2_X0P5M_A9TL          2   223   216    2329 
  u_vec_mul/MULT_TC_OP34_Y_MULT_UNS_OP33_g866/Y           -       B1->Y R     AO1B2_X4M_A9TL          2    88   169    2498 
  u_vec_mul/MULT_TC_OP34_Y_MULT_UNS_OP33_g864/Y           -       B0->Y R     AO1B2_X4M_A9TL          2    82   128    2626 
  u_vec_mul/MULT_TC_OP34_Y_MULT_UNS_OP33_g862/Y           -       B0->Y R     AO1B2_X4M_A9TL          2    65   124    2750 
  u_vec_mul/g4325/Y                                       -       A0->Y R     AO21B_X2M_A9TL          1    89   145    2894 
  u_vec_mul/MULT_TC_OP34_Y_MULT_UNS_OP33_g858/Y           -       A->Y  R     XNOR2_X2M_A9TL          2   208   102    2997 
  u_vec_mul/prod_reg_reg[5][16]/A                         -       -     R     A2DFFQN_X0P5M_A9TL      2     -     0    2997 
#---------------------------------------------------------------------------------------------------------------------------



Path 23: MET (3 ps) Setup Check with Pin u_vec_mul/prod_reg_reg[4][16]/CK->A
          Group: reg2reg
     Startpoint: (R) u_vec_mul/mode1_op_reg[1]/CK
          Clock: (R) clk
       Endpoint: (R) u_vec_mul/prod_reg_reg[4][16]/A
          Clock: (R) clk

                     Capture       Launch     
        Clock Edge:+    3300            0     
       Src Latency:+       0            0     
       Net Latency:+       0 (I)        0 (I) 
           Arrival:=    3300            0     
                                              
             Setup:-     175                  
       Uncertainty:-     125                  
     Required Time:=    3000                  
      Launch Clock:-       0                  
         Data Path:-    2997                  
             Slack:=       3                  

#---------------------------------------------------------------------------------------------------------------------------------
#                         Timing Point                          Flags   Arc   Edge        Cell         Fanout Trans Delay Arrival 
#                                                                                                              (ps)  (ps)   (ps)  
#---------------------------------------------------------------------------------------------------------------------------------
  u_vec_mul/mode1_op_reg[1]/CK                                  -       -     R     (arrival)             315     0     0       0 
  u_vec_mul/mode1_op_reg[1]/Q                                   -       CK->Q R     A2DFFQ_X1M_A9TL         2   170   324     324 
  u_vec_mul/g3630/Y                                             -       A->Y  F     INV_X5B_A9TL           16   169   153     477 
  u_vec_mul/MULT_TC_OP32_Y_MULT_UNS_OP31_g988/Y                 -       A->Y  F     AND2_X1M_A9TL           7   211   259     736 
  u_vec_mul/MULT_TC_OP32_Y_MULT_UNS_OP31_g937__4319/Y           -       A->Y  R     NAND2_X1M_A9TL          1   156   160     896 
  u_vec_mul/MULT_TC_OP32_Y_MULT_UNS_OP31_cdnfadd_010_1__5477/S  -       CI->S F     ADDF_X1M_A9TL           1   118   334    1230 
  u_vec_mul/MULT_TC_OP32_Y_MULT_UNS_OP31_cdnfadd_010_3__5107/CO -       A->CO F     ADDF_X1M_A9TL           1   101   246    1475 
  u_vec_mul/MULT_TC_OP32_Y_MULT_UNS_OP31_cdnfadd_011_3__3680/S  -       CI->S F     ADDF_X1M_A9TL           1   118   282    1757 
  u_vec_mul/MULT_TC_OP32_Y_MULT_UNS_OP31_cdnfadd_011_4__1617/S  -       B->S  R     ADDF_X1M_A9TL           2   126   357    2113 
  u_vec_mul/MULT_TC_OP32_Y_MULT_UNS_OP31_g1023/Y                -       A->Y  R     OR2_X0P5M_A9TL          2   223   216    2329 
  u_vec_mul/MULT_TC_OP32_Y_MULT_UNS_OP31_g866__6417/Y           -       B1->Y R     AO1B2_X4M_A9TL          2    88   169    2498 
  u_vec_mul/MULT_TC_OP32_Y_MULT_UNS_OP31_g864__1666/Y           -       B0->Y R     AO1B2_X4M_A9TL          2    82   128    2626 
  u_vec_mul/MULT_TC_OP32_Y_MULT_UNS_OP31_g862__2883/Y           -       B0->Y R     AO1B2_X4M_A9TL          2    65   124    2750 
  u_vec_mul/g4320/Y                                             -       A0->Y R     AO21B_X2M_A9TL          1    89   145    2894 
  u_vec_mul/MULT_TC_OP32_Y_MULT_UNS_OP31_g858__4733/Y           -       A->Y  R     XNOR2_X2M_A9TL          2   208   102    2997 
  u_vec_mul/prod_reg_reg[4][16]/A                               -       -     R     A2DFFQN_X0P5M_A9TL      2     -     0    2997 
#---------------------------------------------------------------------------------------------------------------------------------



Path 24: MET (3 ps) Setup Check with Pin u_vec_mul/prod_reg_reg[6][16]/CK->A
          Group: reg2reg
     Startpoint: (R) u_vec_mul/mode1_op_reg[1]/CK
          Clock: (R) clk
       Endpoint: (R) u_vec_mul/prod_reg_reg[6][16]/A
          Clock: (R) clk

                     Capture       Launch     
        Clock Edge:+    3300            0     
       Src Latency:+       0            0     
       Net Latency:+       0 (I)        0 (I) 
           Arrival:=    3300            0     
                                              
             Setup:-     175                  
       Uncertainty:-     125                  
     Required Time:=    3000                  
      Launch Clock:-       0                  
         Data Path:-    2997                  
             Slack:=       3                  

#---------------------------------------------------------------------------------------------------------------------------
#                      Timing Point                       Flags   Arc   Edge        Cell         Fanout Trans Delay Arrival 
#                                                                                                        (ps)  (ps)   (ps)  
#---------------------------------------------------------------------------------------------------------------------------
  u_vec_mul/mode1_op_reg[1]/CK                            -       -     R     (arrival)             315     0     0       0 
  u_vec_mul/mode1_op_reg[1]/Q                             -       CK->Q R     A2DFFQ_X1M_A9TL         2   170   324     324 
  u_vec_mul/g3630/Y                                       -       A->Y  F     INV_X5B_A9TL           16   169   153     477 
  u_vec_mul/MULT_TC_OP36_Y_MULT_UNS_OP35_g988/Y           -       A->Y  F     AND2_X1M_A9TL           7   211   259     736 
  u_vec_mul/MULT_TC_OP36_Y_MULT_UNS_OP35_g937/Y           -       A->Y  R     NAND2_X1M_A9TL          1   156   160     896 
  u_vec_mul/MULT_TC_OP36_Y_MULT_UNS_OP35_cdnfadd_010_1/S  -       CI->S F     ADDF_X1M_A9TL           1   118   334    1230 
  u_vec_mul/MULT_TC_OP36_Y_MULT_UNS_OP35_cdnfadd_010_3/CO -       A->CO F     ADDF_X1M_A9TL           1   101   246    1475 
  u_vec_mul/MULT_TC_OP36_Y_MULT_UNS_OP35_cdnfadd_011_3/S  -       CI->S F     ADDF_X1M_A9TL           1   118   282    1757 
  u_vec_mul/MULT_TC_OP36_Y_MULT_UNS_OP35_cdnfadd_011_4/S  -       B->S  R     ADDF_X1M_A9TL           2   126   357    2113 
  u_vec_mul/MULT_TC_OP36_Y_MULT_UNS_OP35_g1023/Y          -       A->Y  R     OR2_X0P5M_A9TL          2   223   216    2329 
  u_vec_mul/MULT_TC_OP36_Y_MULT_UNS_OP35_g866/Y           -       B1->Y R     AO1B2_X4M_A9TL          2    88   169    2498 
  u_vec_mul/MULT_TC_OP36_Y_MULT_UNS_OP35_g864/Y           -       B0->Y R     AO1B2_X4M_A9TL          2    82   128    2626 
  u_vec_mul/MULT_TC_OP36_Y_MULT_UNS_OP35_g862/Y           -       B0->Y R     AO1B2_X4M_A9TL          2    65   124    2750 
  u_vec_mul/g4330/Y                                       -       A0->Y R     AO21B_X2M_A9TL          1    89   145    2894 
  u_vec_mul/MULT_TC_OP36_Y_MULT_UNS_OP35_g858/Y           -       A->Y  R     XNOR2_X2M_A9TL          2   208   102    2997 
  u_vec_mul/prod_reg_reg[6][16]/A                         -       -     R     A2DFFQN_X0P5M_A9TL      2     -     0    2997 
#---------------------------------------------------------------------------------------------------------------------------



Path 25: MET (3 ps) Setup Check with Pin u_vec_mul/prod_reg_reg[7][16]/CK->A
          Group: reg2reg
     Startpoint: (R) u_vec_mul/mode1_op_reg[1]/CK
          Clock: (R) clk
       Endpoint: (R) u_vec_mul/prod_reg_reg[7][16]/A
          Clock: (R) clk

                     Capture       Launch     
        Clock Edge:+    3300            0     
       Src Latency:+       0            0     
       Net Latency:+       0 (I)        0 (I) 
           Arrival:=    3300            0     
                                              
             Setup:-     175                  
       Uncertainty:-     125                  
     Required Time:=    3000                  
      Launch Clock:-       0                  
         Data Path:-    2997                  
             Slack:=       3                  

#---------------------------------------------------------------------------------------------------------------------------
#                      Timing Point                       Flags   Arc   Edge        Cell         Fanout Trans Delay Arrival 
#                                                                                                        (ps)  (ps)   (ps)  
#---------------------------------------------------------------------------------------------------------------------------
  u_vec_mul/mode1_op_reg[1]/CK                            -       -     R     (arrival)             315     0     0       0 
  u_vec_mul/mode1_op_reg[1]/Q                             -       CK->Q R     A2DFFQ_X1M_A9TL         2   170   324     324 
  u_vec_mul/g3630/Y                                       -       A->Y  F     INV_X5B_A9TL           16   169   153     477 
  u_vec_mul/MULT_UNS_OP37_Y_MULT_TC_OP38_g988/Y           -       A->Y  F     AND2_X1M_A9TL           7   211   259     736 
  u_vec_mul/MULT_UNS_OP37_Y_MULT_TC_OP38_g937/Y           -       A->Y  R     NAND2_X1M_A9TL          1   156   160     896 
  u_vec_mul/MULT_UNS_OP37_Y_MULT_TC_OP38_cdnfadd_010_1/S  -       CI->S F     ADDF_X1M_A9TL           1   118   334    1230 
  u_vec_mul/MULT_UNS_OP37_Y_MULT_TC_OP38_cdnfadd_010_3/CO -       A->CO F     ADDF_X1M_A9TL           1   101   246    1475 
  u_vec_mul/MULT_UNS_OP37_Y_MULT_TC_OP38_cdnfadd_011_3/S  -       CI->S F     ADDF_X1M_A9TL           1   118   282    1757 
  u_vec_mul/MULT_UNS_OP37_Y_MULT_TC_OP38_cdnfadd_011_4/S  -       B->S  R     ADDF_X1M_A9TL           2   126   357    2113 
  u_vec_mul/MULT_UNS_OP37_Y_MULT_TC_OP38_g1023/Y          -       A->Y  R     OR2_X0P5M_A9TL          2   223   216    2329 
  u_vec_mul/MULT_UNS_OP37_Y_MULT_TC_OP38_g866/Y           -       B1->Y R     AO1B2_X4M_A9TL          2    88   169    2498 
  u_vec_mul/MULT_UNS_OP37_Y_MULT_TC_OP38_g864/Y           -       B0->Y R     AO1B2_X4M_A9TL          2    82   128    2626 
  u_vec_mul/MULT_UNS_OP37_Y_MULT_TC_OP38_g862/Y           -       B0->Y R     AO1B2_X4M_A9TL          2    65   124    2750 
  u_vec_mul/g4340/Y                                       -       A0->Y R     AO21B_X2M_A9TL          1    89   145    2894 
  u_vec_mul/MULT_UNS_OP37_Y_MULT_TC_OP38_g858/Y           -       A->Y  R     XNOR2_X2M_A9TL          2   208   102    2997 
  u_vec_mul/prod_reg_reg[7][16]/A                         -       -     R     A2DFFQN_X0P5M_A9TL      2     -     0    2997 
#---------------------------------------------------------------------------------------------------------------------------



Path 26: MET (3 ps) Setup Check with Pin u_vec_mul/prod_reg_reg[0][16]/CK->A
          Group: reg2reg
     Startpoint: (R) u_vec_mul/b_reg_reg[0][5]/CK
          Clock: (R) clk
       Endpoint: (R) u_vec_mul/prod_reg_reg[0][16]/A
          Clock: (R) clk

                     Capture       Launch     
        Clock Edge:+    3300            0     
       Src Latency:+       0            0     
       Net Latency:+       0 (I)        0 (I) 
           Arrival:=    3300            0     
                                              
             Setup:-     165                  
       Uncertainty:-     125                  
     Required Time:=    3010                  
      Launch Clock:-       0                  
         Data Path:-    3007                  
             Slack:=       3                  

#-------------------------------------------------------------------------------------------------------------------------
#                    Timing Point                      Flags    Arc    Edge       Cell         Fanout Trans Delay Arrival 
#                                                                                                      (ps)  (ps)   (ps)  
#-------------------------------------------------------------------------------------------------------------------------
  u_vec_mul/b_reg_reg[0][5]/CK                         -       -       R     (arrival)            403     0     0       0 
  u_vec_mul/b_reg_reg[0][5]/Q                          -       CK->Q   R     DFFQ_X2M_A9TL          9   200   324     324 
  u_vec_mul/MULT_TC_OP_Y_MULT_UNS_OP_g1019/Y           -       B->Y    F     NAND2_X1A_A9TL         2   170   156     480 
  u_vec_mul/MULT_TC_OP_Y_MULT_UNS_OP_g941/Y            -       B->Y    R     NOR2_X1P4A_A9TL        2   206   182     663 
  u_vec_mul/MULT_TC_OP_Y_MULT_UNS_OP_g929/Y            -       B0->Y   F     AOI21_X1M_A9TL         1   163   148     811 
  u_vec_mul/MULT_TC_OP_Y_MULT_UNS_OP_cdnfadd_005_1/S   -       B->S    F     ADDF_X1M_A9TL          1    95   303    1114 
  u_vec_mul/MULT_TC_OP_Y_MULT_UNS_OP_cdnfadd_005_2/SUM -       CI->SUM R     ADDFH_X1M_A9TL         2   128   261    1375 
  u_vec_mul/MULT_TC_OP_Y_MULT_UNS_OP_g917/Y            -       A->Y    F     NOR2_X1P4A_A9TL        2   102    96    1471 
  u_vec_mul/MULT_TC_OP_Y_MULT_UNS_OP_g913/Y            -       A0->Y   R     OAI21_X1P4M_A9TL       1   196   158    1630 
  u_vec_mul/g4357/CO                                   -       ICI->CO R     CMPR42_X2M_A9TL        2    94   246    1875 
  u_vec_mul/g4336/Y                                    -       A0->Y   R     AO21B_X2M_A9TL         2   112   168    2043 
  u_vec_mul/MULT_TC_OP_Y_MULT_UNS_OP_g880/Y            -       A->Y    F     NAND2_X3A_A9TL         2    82    79    2122 
  u_vec_mul/MULT_TC_OP_Y_MULT_UNS_OP_g871/Y            -       A0->Y   R     OAI21_X3M_A9TL         2   140   120    2242 
  u_vec_mul/MULT_TC_OP_Y_MULT_UNS_OP_g868/Y            -       B0->Y   R     AO1B2_X4M_A9TL         2    72   143    2385 
  u_vec_mul/MULT_TC_OP_Y_MULT_UNS_OP_g866/Y            -       B0->Y   R     AO1B2_X4M_A9TL         2    88   124    2508 
  u_vec_mul/MULT_TC_OP_Y_MULT_UNS_OP_g864/Y            -       B0->Y   R     AO1B2_X4M_A9TL         2    82   128    2636 
  u_vec_mul/MULT_TC_OP_Y_MULT_UNS_OP_g862/Y            -       B0->Y   R     AO1B2_X4M_A9TL         2    65   124    2760 
  u_vec_mul/g4335/Y                                    -       A0->Y   R     AO21B_X2M_A9TL         1    89   145    2905 
  u_vec_mul/MULT_TC_OP_Y_MULT_UNS_OP_g858/Y            -       A->Y    R     XNOR2_X2M_A9TL         2   208   102    3007 
  u_vec_mul/prod_reg_reg[0][16]/A                      -       -       R     A2DFFQ_X0P5M_A9TL      2     -     0    3007 
#-------------------------------------------------------------------------------------------------------------------------



Path 27: MET (4 ps) Setup Check with Pin u_vec_mul/prod_reg_reg[0][16]/CK->A
          Group: reg2reg
     Startpoint: (R) u_vec_mul/mode1_op_reg[1]/CK
          Clock: (R) clk
       Endpoint: (F) u_vec_mul/prod_reg_reg[0][16]/A
          Clock: (R) clk

                     Capture       Launch     
        Clock Edge:+    3300            0     
       Src Latency:+       0            0     
       Net Latency:+       0 (I)        0 (I) 
           Arrival:=    3300            0     
                                              
             Setup:-     167                  
       Uncertainty:-     125                  
     Required Time:=    3008                  
      Launch Clock:-       0                  
         Data Path:-    3003                  
             Slack:=       4                  

#-----------------------------------------------------------------------------------------------------------------------
#                    Timing Point                     Flags    Arc   Edge       Cell         Fanout Trans Delay Arrival 
#                                                                                                    (ps)  (ps)   (ps)  
#-----------------------------------------------------------------------------------------------------------------------
  u_vec_mul/mode1_op_reg[1]/CK                        -       -      R     (arrival)            315     0     0       0 
  u_vec_mul/mode1_op_reg[1]/Q                         -       CK->Q  R     A2DFFQ_X1M_A9TL        2   170   324     324 
  u_vec_mul/g3630/Y                                   -       A->Y   F     INV_X5B_A9TL          16   169   153     477 
  u_vec_mul/MULT_TC_OP_Y_MULT_UNS_OP_g988/Y           -       A->Y   F     AND2_X1M_A9TL          7   211   259     736 
  u_vec_mul/MULT_TC_OP_Y_MULT_UNS_OP_g946/Y           -       A->Y   R     NAND2_X1M_A9TL         1   156   160     896 
  u_vec_mul/MULT_TC_OP_Y_MULT_UNS_OP_cdnfadd_009_2/S  -       CI->S  F     ADDF_X1M_A9TL          1   108   326    1222 
  u_vec_mul/MULT_TC_OP_Y_MULT_UNS_OP_cdnfadd_009_4/CO -       CI->CO F     ADDF_X1M_A9TL          1   101   223    1446 
  u_vec_mul/MULT_TC_OP_Y_MULT_UNS_OP_cdnfadd_010_4/S  -       CI->S  R     ADDF_X1M_A9TL          1   118   330    1776 
  u_vec_mul/MULT_TC_OP_Y_MULT_UNS_OP_cdnfadd_010_5/S  -       CI->S  F     ADDF_X1P4M_A9TL        2   102   308    2084 
  u_vec_mul/MULT_TC_OP_Y_MULT_UNS_OP_g2/Y             -       A->Y   F     OR2_X1M_A9TL           2   106   179    2263 
  u_vec_mul/MULT_TC_OP_Y_MULT_UNS_OP_g868/Y           -       B1->Y  F     AO1B2_X4M_A9TL         2    78   137    2400 
  u_vec_mul/MULT_TC_OP_Y_MULT_UNS_OP_g866/Y           -       B0->Y  F     AO1B2_X4M_A9TL         2    77   122    2522 
  u_vec_mul/MULT_TC_OP_Y_MULT_UNS_OP_g864/Y           -       B0->Y  F     AO1B2_X4M_A9TL         2    86   121    2644 
  u_vec_mul/MULT_TC_OP_Y_MULT_UNS_OP_g862/Y           -       B0->Y  F     AO1B2_X4M_A9TL         2    71   121    2765 
  u_vec_mul/g4335/Y                                   -       A0->Y  F     AO21B_X2M_A9TL         1    95   139    2904 
  u_vec_mul/MULT_TC_OP_Y_MULT_UNS_OP_g858/Y           -       A->Y   F     XNOR2_X2M_A9TL         2   134    99    3003 
  u_vec_mul/prod_reg_reg[0][16]/A                     -       -      F     A2DFFQ_X0P5M_A9TL      2     -     0    3003 
#-----------------------------------------------------------------------------------------------------------------------



Path 28: MET (5 ps) Setup Check with Pin u_vec_mul/prod_reg_reg[0][16]/CK->A
          Group: reg2reg
     Startpoint: (R) u_vec_mul/b_reg_reg[0][3]/CK
          Clock: (R) clk
       Endpoint: (R) u_vec_mul/prod_reg_reg[0][16]/A
          Clock: (R) clk

                     Capture       Launch     
        Clock Edge:+    3300            0     
       Src Latency:+       0            0     
       Net Latency:+       0 (I)        0 (I) 
           Arrival:=    3300            0     
                                              
             Setup:-     165                  
       Uncertainty:-     125                  
     Required Time:=    3010                  
      Launch Clock:-       0                  
         Data Path:-    3006                  
             Slack:=       5                  

#-----------------------------------------------------------------------------------------------------------------------
#                   Timing Point                     Flags    Arc    Edge       Cell         Fanout Trans Delay Arrival 
#                                                                                                    (ps)  (ps)   (ps)  
#-----------------------------------------------------------------------------------------------------------------------
  u_vec_mul/b_reg_reg[0][3]/CK                       -       -       R     (arrival)            403     0     0       0 
  u_vec_mul/b_reg_reg[0][3]/Q                        -       CK->Q   F     DFFQ_X2M_A9TL          9   137   318     318 
  u_vec_mul/MULT_TC_OP_Y_MULT_UNS_OP_g1020/Y         -       B->Y    R     NAND2_X1P4M_A9TL       2   150   139     457 
  u_vec_mul/MULT_TC_OP_Y_MULT_UNS_OP_g954/Y          -       B->Y    F     NOR2_X2A_A9TL          2   100   105     562 
  u_vec_mul/g4339/Y                                  -       B0->Y   R     AOI21_X1M_A9TL         1   205   160     722 
  u_vec_mul/MULT_TC_OP_Y_MULT_UNS_OP_cdnfadd_003_0/S -       CI->S   F     ADDF_X1M_A9TL          1   108   341    1064 
  u_vec_mul/MULT_TC_OP_Y_MULT_UNS_OP_g921/CO         -       CI->CO  F     ADDF_X1M_A9TL          2   118   236    1300 
  u_vec_mul/MULT_TC_OP_Y_MULT_UNS_OP_g919/CON        -       B->CON  R     CGENI_X1M_A9TL         2   276   220    1520 
  u_vec_mul/MULT_TC_OP_Y_MULT_UNS_OP_g913/Y          -       A1->Y   F     OAI21_X1P4M_A9TL       1   136   172    1692 
  u_vec_mul/g4357/CO                                 -       ICI->CO F     CMPR42_X2M_A9TL        2    90   248    1940 
  u_vec_mul/g4336/Y                                  -       A0->Y   F     AO21B_X2M_A9TL         2   122   164    2104 
  u_vec_mul/MULT_TC_OP_Y_MULT_UNS_OP_g880/Y          -       A->Y    R     NAND2_X3A_A9TL         2    77    83    2187 
  u_vec_mul/MULT_TC_OP_Y_MULT_UNS_OP_g871/Y          -       A0->Y   F     OAI21_X3M_A9TL         2    98    82    2269 
  u_vec_mul/MULT_TC_OP_Y_MULT_UNS_OP_g868/Y          -       B0->Y   F     AO1B2_X4M_A9TL         2    78   129    2399 
  u_vec_mul/MULT_TC_OP_Y_MULT_UNS_OP_g866/Y          -       B0->Y   F     AO1B2_X4M_A9TL         2    77   122    2521 
  u_vec_mul/MULT_TC_OP_Y_MULT_UNS_OP_g864/Y          -       B0->Y   F     AO1B2_X4M_A9TL         2    86   121    2642 
  u_vec_mul/MULT_TC_OP_Y_MULT_UNS_OP_g862/Y          -       B0->Y   F     AO1B2_X4M_A9TL         2    71   121    2763 
  u_vec_mul/g4335/Y                                  -       A0->Y   F     AO21B_X2M_A9TL         1    95   139    2903 
  u_vec_mul/MULT_TC_OP_Y_MULT_UNS_OP_g858/Y          -       A->Y    R     XNOR2_X2M_A9TL         2   208   103    3006 
  u_vec_mul/prod_reg_reg[0][16]/A                    -       -       R     A2DFFQ_X0P5M_A9TL      2     -     0    3006 
#-----------------------------------------------------------------------------------------------------------------------



Path 29: MET (5 ps) Setup Check with Pin u_vec_mul/vec_sum_reg_reg[15]/CK->A
          Group: reg2reg
     Startpoint: (R) u_vec_mul/prod_reg_reg[1][3]/CK
          Clock: (R) clk
       Endpoint: (R) u_vec_mul/vec_sum_reg_reg[15]/A
          Clock: (R) clk

                     Capture       Launch     
        Clock Edge:+    3300            0     
       Src Latency:+       0            0     
       Net Latency:+       0 (I)        0 (I) 
           Arrival:=    3300            0     
                                              
             Setup:-     168                  
       Uncertainty:-     125                  
     Required Time:=    3007                  
      Launch Clock:-       0                  
         Data Path:-    3002                  
             Slack:=       5                  

#-------------------------------------------------------------------------------------------------------------------------
#                     Timing Point                       Flags   Arc   Edge       Cell         Fanout Trans Delay Arrival 
#                                                                                                      (ps)  (ps)   (ps)  
#-------------------------------------------------------------------------------------------------------------------------
  u_vec_mul/prod_reg_reg[1][3]/CK                        -       -     R     (arrival)            403     0     0       0 
  u_vec_mul/prod_reg_reg[1][3]/Q                         -       CK->Q F     DFFQ_X1M_A9TL          1    83   292     292 
  u_vec_mul/csa_tree_ADD_TC_OP_6_groupi_cdnfadd_003_0/CO -       B->CO F     ADDF_X1M_A9TL          1   101   234     526 
  u_vec_mul/csa_tree_ADD_TC_OP_6_groupi_cdnfadd_004_2/S  -       CI->S R     ADDF_X1M_A9TL          1   130   338     864 
  u_vec_mul/csa_tree_ADD_TC_OP_6_groupi_cdnfadd_004_4/S  -       B->S  F     ADDF_X1M_A9TL          1   118   324    1189 
  u_vec_mul/csa_tree_ADD_TC_OP_6_groupi_cdnfadd_004_5/S  -       B->S  R     ADDF_X1M_A9TL          2   123   354    1543 
  u_vec_mul/csa_tree_ADD_TC_OP_6_groupi_g952/Y           -       A->Y  R     OR2_X0P5M_A9TL         3   284   248    1791 
  u_vec_mul/csa_tree_ADD_TC_OP_6_groupi_g845/Y           -       B->Y  F     NAND3_X2M_A9TL         1   108   123    1914 
  u_vec_mul/csa_tree_ADD_TC_OP_6_groupi_g843/Y           -       B->Y  R     NAND2_X1P4M_A9TL       2   175   144    2058 
  u_vec_mul/csa_tree_ADD_TC_OP_6_groupi_g838/Y           -       A0->Y F     AOI21_X3M_A9TL         2   114   116    2174 
  u_vec_mul/csa_tree_ADD_TC_OP_6_groupi_g835/Y           -       A0->Y R     OAI21_X4M_A9TL         4   152   136    2310 
  u_vec_mul/g4346/Y                                      -       A0->Y R     AO21B_X2M_A9TL         4   132   199    2510 
  u_vec_mul/csa_tree_ADD_TC_OP_6_groupi_g823/Y           -       A0->Y F     AOI21_X1M_A9TL         2   185   154    2663 
  u_vec_mul/csa_tree_ADD_TC_OP_6_groupi_g817/Y           -       A0->Y R     OAI21_X1M_A9TL         1   202   187    2850 
  u_vec_mul/csa_tree_ADD_TC_OP_6_groupi_g812/Y           -       A->Y  R     XOR2_X0P7M_A9TL        1   223   151    3002 
  u_vec_mul/vec_sum_reg_reg[15]/A                        -       -     R     A2DFFQ_X0P5M_A9TL      1     -     0    3002 
#-------------------------------------------------------------------------------------------------------------------------



Path 30: MET (6 ps) Setup Check with Pin u_vec_mul/out_vec_reg[0][31]/CK->B
          Group: reg2reg
     Startpoint: (R) u_vec_mul/vec_sum_reg_reg[1]/CK
          Clock: (R) clk
       Endpoint: (F) u_vec_mul/out_vec_reg[0][31]/B
          Clock: (R) clk

                     Capture       Launch     
        Clock Edge:+    3300            0     
       Src Latency:+       0            0     
       Net Latency:+       0 (I)        0 (I) 
           Arrival:=    3300            0     
                                              
             Setup:-     196                  
       Uncertainty:-     125                  
     Required Time:=    2979                  
      Launch Clock:-       0                  
         Data Path:-    2973                  
             Slack:=       6                  

#----------------------------------------------------------------------------------------------------
#          Timing Point           Flags    Arc   Edge        Cell         Fanout Trans Delay Arrival 
#                                                                                 (ps)  (ps)   (ps)  
#----------------------------------------------------------------------------------------------------
  u_vec_mul/vec_sum_reg_reg[1]/CK -       -      R     (arrival)             315     0     0       0 
  u_vec_mul/vec_sum_reg_reg[1]/Q  -       CK->Q  R     A2DFFQ_X0P5M_A9TL       3   266   414     414 
  u_vec_mul/add_206_50_g2784/Y    -       A->Y   R     AND2_X1M_A9TL           2   134   215     630 
  u_vec_mul/add_206_50_g2723/Y    -       B0->Y  F     AOI21_X2M_A9TL          2   115   100     729 
  u_vec_mul/add_206_50_g2714/Y    -       A0->Y  R     OAI21_X1P4M_A9TL        2   236   187     917 
  u_vec_mul/add_206_50_g2710/Y    -       B0->Y  R     AO1B2_X4M_A9TL          3   103   179    1096 
  u_vec_mul/add_206_50_g2708/Y    -       A0->Y  F     AOI21_X3M_A9TL          2   122    92    1188 
  u_vec_mul/add_206_50_g2705/Y    -       A0->Y  R     OAI21_X3M_A9TL          2   146   133    1320 
  u_vec_mul/add_206_50_g2702/Y    -       B0->Y  R     AO1B2_X4M_A9TL          4   109   158    1478 
  u_vec_mul/add_206_50_g2700/Y    -       B0->Y  R     AO1B2_X4M_A9TL          3    72   140    1618 
  u_vec_mul/add_206_50_g2693/Y    -       A0->Y  F     AOI21_X2M_A9TL          2   126    94    1712 
  u_vec_mul/add_206_50_g2689/Y    -       A0->Y  R     OAI21_X2M_A9TL          2   177   155    1867 
  u_vec_mul/add_206_50_g2685/Y    -       A0->Y  R     AO21B_X3M_A9TL          4   119   183    2050 
  u_vec_mul/add_206_50_g2680/Y    -       A->Y   F     NAND3_X2M_A9TL          1   124    93    2143 
  u_vec_mul/add_206_50_g2678/Y    -       A->Y   R     NAND2_X3A_A9TL          6   120   109    2252 
  u_vec_mul/add_206_50_g2671/Y    -       A->Y   F     NAND2_X1M_A9TL          2   136   109    2362 
  u_vec_mul/add_206_50_g2655/Y    -       A0->Y  R     OAI211_X1M_A9TL         1   224   192    2554 
  u_vec_mul/g4345/Y               -       A->Y   F     XOR3_X1M_A9TL           1    95   228    2781 
  u_vec_mul/g3546__1617/Y         -       A1N->Y F     OAI2XB1_X0P5M_A9TL      1   190   192    2973 
  u_vec_mul/out_vec_reg[0][31]/B  -       -      F     A2DFFQ_X0P5M_A9TL       1     -     0    2973 
#----------------------------------------------------------------------------------------------------



Path 31: MET (6 ps) Setup Check with Pin u_vec_mul/prod_reg_reg[0][16]/CK->A
          Group: reg2reg
     Startpoint: (R) u_vec_mul/b_reg_reg[0][3]/CK
          Clock: (R) clk
       Endpoint: (F) u_vec_mul/prod_reg_reg[0][16]/A
          Clock: (R) clk

                     Capture       Launch     
        Clock Edge:+    3300            0     
       Src Latency:+       0            0     
       Net Latency:+       0 (I)        0 (I) 
           Arrival:=    3300            0     
                                              
             Setup:-     167                  
       Uncertainty:-     125                  
     Required Time:=    3008                  
      Launch Clock:-       0                  
         Data Path:-    3002                  
             Slack:=       6                  

#-----------------------------------------------------------------------------------------------------------------------
#                   Timing Point                     Flags    Arc    Edge       Cell         Fanout Trans Delay Arrival 
#                                                                                                    (ps)  (ps)   (ps)  
#-----------------------------------------------------------------------------------------------------------------------
  u_vec_mul/b_reg_reg[0][3]/CK                       -       -       R     (arrival)            403     0     0       0 
  u_vec_mul/b_reg_reg[0][3]/Q                        -       CK->Q   F     DFFQ_X2M_A9TL          9   137   318     318 
  u_vec_mul/MULT_TC_OP_Y_MULT_UNS_OP_g1020/Y         -       B->Y    R     NAND2_X1P4M_A9TL       2   150   139     457 
  u_vec_mul/MULT_TC_OP_Y_MULT_UNS_OP_g954/Y          -       B->Y    F     NOR2_X2A_A9TL          2   100   105     562 
  u_vec_mul/g4339/Y                                  -       B0->Y   R     AOI21_X1M_A9TL         1   205   160     722 
  u_vec_mul/MULT_TC_OP_Y_MULT_UNS_OP_cdnfadd_003_0/S -       CI->S   F     ADDF_X1M_A9TL          1   108   341    1064 
  u_vec_mul/MULT_TC_OP_Y_MULT_UNS_OP_g921/CO         -       CI->CO  F     ADDF_X1M_A9TL          2   118   236    1300 
  u_vec_mul/MULT_TC_OP_Y_MULT_UNS_OP_g919/CON        -       B->CON  R     CGENI_X1M_A9TL         2   276   220    1520 
  u_vec_mul/MULT_TC_OP_Y_MULT_UNS_OP_g913/Y          -       A1->Y   F     OAI21_X1P4M_A9TL       1   136   172    1692 
  u_vec_mul/g4357/CO                                 -       ICI->CO F     CMPR42_X2M_A9TL        2    90   248    1940 
  u_vec_mul/g4336/Y                                  -       A0->Y   F     AO21B_X2M_A9TL         2   122   164    2104 
  u_vec_mul/MULT_TC_OP_Y_MULT_UNS_OP_g880/Y          -       A->Y    R     NAND2_X3A_A9TL         2    77    83    2187 
  u_vec_mul/MULT_TC_OP_Y_MULT_UNS_OP_g871/Y          -       A0->Y   F     OAI21_X3M_A9TL         2    98    82    2269 
  u_vec_mul/MULT_TC_OP_Y_MULT_UNS_OP_g868/Y          -       B0->Y   F     AO1B2_X4M_A9TL         2    78   129    2399 
  u_vec_mul/MULT_TC_OP_Y_MULT_UNS_OP_g866/Y          -       B0->Y   F     AO1B2_X4M_A9TL         2    77   122    2521 
  u_vec_mul/MULT_TC_OP_Y_MULT_UNS_OP_g864/Y          -       B0->Y   F     AO1B2_X4M_A9TL         2    86   121    2642 
  u_vec_mul/MULT_TC_OP_Y_MULT_UNS_OP_g862/Y          -       B0->Y   F     AO1B2_X4M_A9TL         2    71   121    2763 
  u_vec_mul/g4335/Y                                  -       A0->Y   F     AO21B_X2M_A9TL         1    95   139    2903 
  u_vec_mul/MULT_TC_OP_Y_MULT_UNS_OP_g858/Y          -       A->Y    F     XNOR2_X2M_A9TL         2   134    99    3002 
  u_vec_mul/prod_reg_reg[0][16]/A                    -       -       F     A2DFFQ_X0P5M_A9TL      2     -     0    3002 
#-----------------------------------------------------------------------------------------------------------------------



Path 32: MET (6 ps) Setup Check with Pin u_vec_mul/prod_reg_reg[0][16]/CK->A
          Group: reg2reg
     Startpoint: (R) u_vec_mul/a_reg_reg[0][0]/CK
          Clock: (R) clk
       Endpoint: (R) u_vec_mul/prod_reg_reg[0][16]/A
          Clock: (R) clk

                     Capture       Launch     
        Clock Edge:+    3300            0     
       Src Latency:+       0            0     
       Net Latency:+       0 (I)        0 (I) 
           Arrival:=    3300            0     
                                              
             Setup:-     165                  
       Uncertainty:-     125                  
     Required Time:=    3010                  
      Launch Clock:-       0                  
         Data Path:-    3004                  
             Slack:=       6                  

#-----------------------------------------------------------------------------------------------------------------------
#                   Timing Point                     Flags    Arc    Edge       Cell         Fanout Trans Delay Arrival 
#                                                                                                    (ps)  (ps)   (ps)  
#-----------------------------------------------------------------------------------------------------------------------
  u_vec_mul/a_reg_reg[0][0]/CK                       -       -       R     (arrival)            403     0     0       0 
  u_vec_mul/a_reg_reg[0][0]/Q                        -       CK->Q   R     DFFQ_X2M_A9TL          9   204   327     327 
  u_vec_mul/MULT_TC_OP_Y_MULT_UNS_OP_g1020/Y         -       A->Y    F     NAND2_X1P4M_A9TL       2   129   120     447 
  u_vec_mul/MULT_TC_OP_Y_MULT_UNS_OP_g954/Y          -       B->Y    R     NOR2_X2A_A9TL          2   171   152     599 
  u_vec_mul/g4339/Y                                  -       B0->Y   F     AOI21_X1M_A9TL         1   144   123     722 
  u_vec_mul/MULT_TC_OP_Y_MULT_UNS_OP_cdnfadd_003_0/S -       CI->S   R     ADDF_X1M_A9TL          1   114   344    1066 
  u_vec_mul/MULT_TC_OP_Y_MULT_UNS_OP_g921/CO         -       CI->CO  R     ADDF_X1M_A9TL          2   137   208    1274 
  u_vec_mul/MULT_TC_OP_Y_MULT_UNS_OP_g919/CON        -       B->CON  F     CGENI_X1M_A9TL         2   181   159    1433 
  u_vec_mul/MULT_TC_OP_Y_MULT_UNS_OP_g913/Y          -       A1->Y   R     OAI21_X1P4M_A9TL       1   196   194    1627 
  u_vec_mul/g4357/CO                                 -       ICI->CO R     CMPR42_X2M_A9TL        2    94   246    1872 
  u_vec_mul/g4336/Y                                  -       A0->Y   R     AO21B_X2M_A9TL         2   112   168    2040 
  u_vec_mul/MULT_TC_OP_Y_MULT_UNS_OP_g880/Y          -       A->Y    F     NAND2_X3A_A9TL         2    82    79    2119 
  u_vec_mul/MULT_TC_OP_Y_MULT_UNS_OP_g871/Y          -       A0->Y   R     OAI21_X3M_A9TL         2   140   120    2239 
  u_vec_mul/MULT_TC_OP_Y_MULT_UNS_OP_g868/Y          -       B0->Y   R     AO1B2_X4M_A9TL         2    72   143    2382 
  u_vec_mul/MULT_TC_OP_Y_MULT_UNS_OP_g866/Y          -       B0->Y   R     AO1B2_X4M_A9TL         2    88   124    2506 
  u_vec_mul/MULT_TC_OP_Y_MULT_UNS_OP_g864/Y          -       B0->Y   R     AO1B2_X4M_A9TL         2    82   128    2634 
  u_vec_mul/MULT_TC_OP_Y_MULT_UNS_OP_g862/Y          -       B0->Y   R     AO1B2_X4M_A9TL         2    65   124    2757 
  u_vec_mul/g4335/Y                                  -       A0->Y   R     AO21B_X2M_A9TL         1    89   145    2902 
  u_vec_mul/MULT_TC_OP_Y_MULT_UNS_OP_g858/Y          -       A->Y    R     XNOR2_X2M_A9TL         2   208   102    3004 
  u_vec_mul/prod_reg_reg[0][16]/A                    -       -       R     A2DFFQ_X0P5M_A9TL      2     -     0    3004 
#-----------------------------------------------------------------------------------------------------------------------



Path 33: MET (6 ps) Setup Check with Pin u_vec_mul/vec_sum_reg_reg[15]/CK->A
          Group: reg2reg
     Startpoint: (R) u_vec_mul/prod_reg_reg[7][3]/CK
          Clock: (R) clk
       Endpoint: (R) u_vec_mul/vec_sum_reg_reg[15]/A
          Clock: (R) clk

                     Capture       Launch     
        Clock Edge:+    3300            0     
       Src Latency:+       0            0     
       Net Latency:+       0 (I)        0 (I) 
           Arrival:=    3300            0     
                                              
             Setup:-     168                  
       Uncertainty:-     125                  
     Required Time:=    3007                  
      Launch Clock:-       0                  
         Data Path:-    3000                  
             Slack:=       6                  

#-------------------------------------------------------------------------------------------------------------------------
#                     Timing Point                       Flags   Arc   Edge       Cell         Fanout Trans Delay Arrival 
#                                                                                                      (ps)  (ps)   (ps)  
#-------------------------------------------------------------------------------------------------------------------------
  u_vec_mul/prod_reg_reg[7][3]/CK                        -       -     R     (arrival)            403     0     0       0 
  u_vec_mul/prod_reg_reg[7][3]/Q                         -       CK->Q F     DFFQ_X1M_A9TL          1    83   292     292 
  u_vec_mul/csa_tree_ADD_TC_OP_6_groupi_cdnfadd_003_0/CO -       A->CO F     ADDF_X1M_A9TL          1   101   233     525 
  u_vec_mul/csa_tree_ADD_TC_OP_6_groupi_cdnfadd_004_2/S  -       CI->S R     ADDF_X1M_A9TL          1   130   338     863 
  u_vec_mul/csa_tree_ADD_TC_OP_6_groupi_cdnfadd_004_4/S  -       B->S  F     ADDF_X1M_A9TL          1   118   324    1188 
  u_vec_mul/csa_tree_ADD_TC_OP_6_groupi_cdnfadd_004_5/S  -       B->S  R     ADDF_X1M_A9TL          2   123   354    1542 
  u_vec_mul/csa_tree_ADD_TC_OP_6_groupi_g952/Y           -       A->Y  R     OR2_X0P5M_A9TL         3   284   248    1790 
  u_vec_mul/csa_tree_ADD_TC_OP_6_groupi_g845/Y           -       B->Y  F     NAND3_X2M_A9TL         1   108   123    1913 
  u_vec_mul/csa_tree_ADD_TC_OP_6_groupi_g843/Y           -       B->Y  R     NAND2_X1P4M_A9TL       2   175   144    2057 
  u_vec_mul/csa_tree_ADD_TC_OP_6_groupi_g838/Y           -       A0->Y F     AOI21_X3M_A9TL         2   114   116    2173 
  u_vec_mul/csa_tree_ADD_TC_OP_6_groupi_g835/Y           -       A0->Y R     OAI21_X4M_A9TL         4   152   136    2309 
  u_vec_mul/g4346/Y                                      -       A0->Y R     AO21B_X2M_A9TL         4   132   199    2508 
  u_vec_mul/csa_tree_ADD_TC_OP_6_groupi_g823/Y           -       A0->Y F     AOI21_X1M_A9TL         2   185   154    2662 
  u_vec_mul/csa_tree_ADD_TC_OP_6_groupi_g817/Y           -       A0->Y R     OAI21_X1M_A9TL         1   202   187    2849 
  u_vec_mul/csa_tree_ADD_TC_OP_6_groupi_g812/Y           -       A->Y  R     XOR2_X0P7M_A9TL        1   223   151    3000 
  u_vec_mul/vec_sum_reg_reg[15]/A                        -       -     R     A2DFFQ_X0P5M_A9TL      1     -     0    3000 
#-------------------------------------------------------------------------------------------------------------------------



Path 34: MET (7 ps) Setup Check with Pin u_vec_mul/vec_sum_reg_reg[19]/CK->A
          Group: reg2reg
     Startpoint: (R) u_vec_mul/prod_reg_reg[0][1]/CK
          Clock: (R) clk
       Endpoint: (R) u_vec_mul/vec_sum_reg_reg[19]/A
          Clock: (R) clk

                     Capture       Launch     
        Clock Edge:+    3300            0     
       Src Latency:+       0            0     
       Net Latency:+       0 (I)        0 (I) 
           Arrival:=    3300            0     
                                              
             Setup:-     126                  
       Uncertainty:-     125                  
     Required Time:=    3049                  
      Launch Clock:-       0                  
         Data Path:-    3042                  
             Slack:=       7                  

#-------------------------------------------------------------------------------------------------------------------------
#                     Timing Point                       Flags    Arc   Edge       Cell        Fanout Trans Delay Arrival 
#                                                                                                      (ps)  (ps)   (ps)  
#-------------------------------------------------------------------------------------------------------------------------
  u_vec_mul/prod_reg_reg[0][1]/CK                        -       -      R     (arrival)           403     0     0       0 
  u_vec_mul/prod_reg_reg[0][1]/Q                         -       CK->Q  F     DFFQ_X1M_A9TL         2   104   305     305 
  u_vec_mul/csa_tree_ADD_TC_OP_6_groupi_cdnfadd_001_1/CO -       A->CO  F     ADDF_X1M_A9TL         1   101   241     545 
  u_vec_mul/csa_tree_ADD_TC_OP_6_groupi_cdnfadd_002_2/CO -       CI->CO F     ADDF_X1M_A9TL         1   101   221     766 
  u_vec_mul/csa_tree_ADD_TC_OP_6_groupi_cdnfadd_003_4/S  -       CI->S  R     ADDF_X1M_A9TL         1   118   330    1097 
  u_vec_mul/csa_tree_ADD_TC_OP_6_groupi_cdnfadd_003_5/S  -       CI->S  F     ADDF_X1P4M_A9TL       3   117   318    1415 
  u_vec_mul/csa_tree_ADD_TC_OP_6_groupi_g857/Y           -       A0->Y  R     OAI21_X1M_A9TL        1   168   147    1562 
  u_vec_mul/csa_tree_ADD_TC_OP_6_groupi_g856/Y           -       A->Y   F     NAND2_X1A_A9TL        3   213   178    1740 
  u_vec_mul/csa_tree_ADD_TC_OP_6_groupi_g845/Y           -       C->Y   R     NAND3_X2M_A9TL        1   125   156    1897 
  u_vec_mul/csa_tree_ADD_TC_OP_6_groupi_g843/Y           -       B->Y   F     NAND2_X1P4M_A9TL      2   131   118    2015 
  u_vec_mul/csa_tree_ADD_TC_OP_6_groupi_g838/Y           -       A0->Y  R     AOI21_X3M_A9TL        2   161   151    2166 
  u_vec_mul/csa_tree_ADD_TC_OP_6_groupi_g835/Y           -       A0->Y  F     OAI21_X4M_A9TL        4   117   107    2272 
  u_vec_mul/g4346/Y                                      -       A0->Y  F     AO21B_X2M_A9TL        4   160   192    2464 
  u_vec_mul/csa_tree_ADD_TC_OP_6_groupi_g825/Y           -       A->Y   R     NAND3_X2M_A9TL        1   148   134    2598 
  u_vec_mul/csa_tree_ADD_TC_OP_6_groupi_g821/Y           -       A->Y   F     NAND2_X4M_A9TL        4    95    83    2681 
  u_vec_mul/csa_tree_ADD_TC_OP_6_groupi_g813/Y           -       A->Y   R     NAND3_X1A_A9TL        1   177   126    2807 
  u_vec_mul/csa_tree_ADD_TC_OP_6_groupi_g811/Y           -       A->Y   F     NAND2_X1A_A9TL        1   130   124    2930 
  u_vec_mul/csa_tree_ADD_TC_OP_6_groupi_g808/Y           -       A0->Y  R     AOI21_X2M_A9TL        1   110   112    3042 
  u_vec_mul/vec_sum_reg_reg[19]/A                        -       -      R     A2DFFQ_X2M_A9TL       1     -     0    3042 
#-------------------------------------------------------------------------------------------------------------------------



Path 35: MET (7 ps) Setup Check with Pin u_vec_mul/prod_reg_reg[0][16]/CK->A
          Group: reg2reg
     Startpoint: (R) u_vec_mul/a_reg_reg[0][0]/CK
          Clock: (R) clk
       Endpoint: (R) u_vec_mul/prod_reg_reg[0][16]/A
          Clock: (R) clk

                     Capture       Launch     
        Clock Edge:+    3300            0     
       Src Latency:+       0            0     
       Net Latency:+       0 (I)        0 (I) 
           Arrival:=    3300            0     
                                              
             Setup:-     165                  
       Uncertainty:-     125                  
     Required Time:=    3010                  
      Launch Clock:-       0                  
         Data Path:-    3003                  
             Slack:=       7                  

#-----------------------------------------------------------------------------------------------------------------------
#                   Timing Point                     Flags    Arc    Edge       Cell         Fanout Trans Delay Arrival 
#                                                                                                    (ps)  (ps)   (ps)  
#-----------------------------------------------------------------------------------------------------------------------
  u_vec_mul/a_reg_reg[0][0]/CK                       -       -       R     (arrival)            403     0     0       0 
  u_vec_mul/a_reg_reg[0][0]/Q                        -       CK->Q   F     DFFQ_X2M_A9TL          9   142   321     321 
  u_vec_mul/MULT_TC_OP_Y_MULT_UNS_OP_g1020/Y         -       A->Y    R     NAND2_X1P4M_A9TL       2   150   134     454 
  u_vec_mul/MULT_TC_OP_Y_MULT_UNS_OP_g954/Y          -       B->Y    F     NOR2_X2A_A9TL          2   100   105     560 
  u_vec_mul/g4339/Y                                  -       B0->Y   R     AOI21_X1M_A9TL         1   205   160     720 
  u_vec_mul/MULT_TC_OP_Y_MULT_UNS_OP_cdnfadd_003_0/S -       CI->S   F     ADDF_X1M_A9TL          1   108   341    1061 
  u_vec_mul/MULT_TC_OP_Y_MULT_UNS_OP_g921/CO         -       CI->CO  F     ADDF_X1M_A9TL          2   118   236    1297 
  u_vec_mul/MULT_TC_OP_Y_MULT_UNS_OP_g919/CON        -       B->CON  R     CGENI_X1M_A9TL         2   276   220    1518 
  u_vec_mul/MULT_TC_OP_Y_MULT_UNS_OP_g913/Y          -       A1->Y   F     OAI21_X1P4M_A9TL       1   136   172    1690 
  u_vec_mul/g4357/CO                                 -       ICI->CO F     CMPR42_X2M_A9TL        2    90   248    1938 
  u_vec_mul/g4336/Y                                  -       A0->Y   F     AO21B_X2M_A9TL         2   122   164    2102 
  u_vec_mul/MULT_TC_OP_Y_MULT_UNS_OP_g880/Y          -       A->Y    R     NAND2_X3A_A9TL         2    77    83    2185 
  u_vec_mul/MULT_TC_OP_Y_MULT_UNS_OP_g871/Y          -       A0->Y   F     OAI21_X3M_A9TL         2    98    82    2267 
  u_vec_mul/MULT_TC_OP_Y_MULT_UNS_OP_g868/Y          -       B0->Y   F     AO1B2_X4M_A9TL         2    78   129    2396 
  u_vec_mul/MULT_TC_OP_Y_MULT_UNS_OP_g866/Y          -       B0->Y   F     AO1B2_X4M_A9TL         2    77   122    2518 
  u_vec_mul/MULT_TC_OP_Y_MULT_UNS_OP_g864/Y          -       B0->Y   F     AO1B2_X4M_A9TL         2    86   121    2640 
  u_vec_mul/MULT_TC_OP_Y_MULT_UNS_OP_g862/Y          -       B0->Y   F     AO1B2_X4M_A9TL         2    71   121    2761 
  u_vec_mul/g4335/Y                                  -       A0->Y   F     AO21B_X2M_A9TL         1    95   139    2900 
  u_vec_mul/MULT_TC_OP_Y_MULT_UNS_OP_g858/Y          -       A->Y    R     XNOR2_X2M_A9TL         2   208   103    3003 
  u_vec_mul/prod_reg_reg[0][16]/A                    -       -       R     A2DFFQ_X0P5M_A9TL      2     -     0    3003 
#-----------------------------------------------------------------------------------------------------------------------



Path 36: MET (7 ps) Setup Check with Pin u_vec_mul/prod_reg_reg[0][16]/CK->A
          Group: reg2reg
     Startpoint: (R) u_vec_mul/a_reg_reg[0][1]/CK
          Clock: (R) clk
       Endpoint: (R) u_vec_mul/prod_reg_reg[0][16]/A
          Clock: (R) clk

                     Capture       Launch     
        Clock Edge:+    3300            0     
       Src Latency:+       0            0     
       Net Latency:+       0 (I)        0 (I) 
           Arrival:=    3300            0     
                                              
             Setup:-     165                  
       Uncertainty:-     125                  
     Required Time:=    3010                  
      Launch Clock:-       0                  
         Data Path:-    3003                  
             Slack:=       7                  

#-----------------------------------------------------------------------------------------------------------------------
#                   Timing Point                     Flags    Arc    Edge       Cell         Fanout Trans Delay Arrival 
#                                                                                                    (ps)  (ps)   (ps)  
#-----------------------------------------------------------------------------------------------------------------------
  u_vec_mul/a_reg_reg[0][1]/CK                       -       -       R     (arrival)            403     0     0       0 
  u_vec_mul/a_reg_reg[0][1]/Q                        -       CK->Q   F     DFFQ_X2M_A9TL          9   143   321     321 
  u_vec_mul/MULT_TC_OP_Y_MULT_UNS_OP_g980/Y          -       B->Y    R     NAND2_X1P4M_A9TL       2   149   140     461 
  u_vec_mul/MULT_TC_OP_Y_MULT_UNS_OP_g954/Y          -       A->Y    F     NOR2_X2A_A9TL          2   100    98     560 
  u_vec_mul/g4339/Y                                  -       B0->Y   R     AOI21_X1M_A9TL         1   205   160     720 
  u_vec_mul/MULT_TC_OP_Y_MULT_UNS_OP_cdnfadd_003_0/S -       CI->S   F     ADDF_X1M_A9TL          1   108   341    1061 
  u_vec_mul/MULT_TC_OP_Y_MULT_UNS_OP_g921/CO         -       CI->CO  F     ADDF_X1M_A9TL          2   118   236    1297 
  u_vec_mul/MULT_TC_OP_Y_MULT_UNS_OP_g919/CON        -       B->CON  R     CGENI_X1M_A9TL         2   276   220    1518 
  u_vec_mul/MULT_TC_OP_Y_MULT_UNS_OP_g913/Y          -       A1->Y   F     OAI21_X1P4M_A9TL       1   136   172    1690 
  u_vec_mul/g4357/CO                                 -       ICI->CO F     CMPR42_X2M_A9TL        2    90   248    1938 
  u_vec_mul/g4336/Y                                  -       A0->Y   F     AO21B_X2M_A9TL         2   122   164    2101 
  u_vec_mul/MULT_TC_OP_Y_MULT_UNS_OP_g880/Y          -       A->Y    R     NAND2_X3A_A9TL         2    77    83    2185 
  u_vec_mul/MULT_TC_OP_Y_MULT_UNS_OP_g871/Y          -       A0->Y   F     OAI21_X3M_A9TL         2    98    82    2267 
  u_vec_mul/MULT_TC_OP_Y_MULT_UNS_OP_g868/Y          -       B0->Y   F     AO1B2_X4M_A9TL         2    78   129    2396 
  u_vec_mul/MULT_TC_OP_Y_MULT_UNS_OP_g866/Y          -       B0->Y   F     AO1B2_X4M_A9TL         2    77   122    2518 
  u_vec_mul/MULT_TC_OP_Y_MULT_UNS_OP_g864/Y          -       B0->Y   F     AO1B2_X4M_A9TL         2    86   121    2640 
  u_vec_mul/MULT_TC_OP_Y_MULT_UNS_OP_g862/Y          -       B0->Y   F     AO1B2_X4M_A9TL         2    71   121    2761 
  u_vec_mul/g4335/Y                                  -       A0->Y   F     AO21B_X2M_A9TL         1    95   139    2900 
  u_vec_mul/MULT_TC_OP_Y_MULT_UNS_OP_g858/Y          -       A->Y    R     XNOR2_X2M_A9TL         2   208   103    3003 
  u_vec_mul/prod_reg_reg[0][16]/A                    -       -       R     A2DFFQ_X0P5M_A9TL      2     -     0    3003 
#-----------------------------------------------------------------------------------------------------------------------



Path 37: MET (7 ps) Setup Check with Pin u_vec_mul/prod_reg_reg[0][16]/CK->A
          Group: reg2reg
     Startpoint: (R) u_vec_mul/b_reg_reg[0][3]/CK
          Clock: (R) clk
       Endpoint: (R) u_vec_mul/prod_reg_reg[0][16]/A
          Clock: (R) clk

                     Capture       Launch     
        Clock Edge:+    3300            0     
       Src Latency:+       0            0     
       Net Latency:+       0 (I)        0 (I) 
           Arrival:=    3300            0     
                                              
             Setup:-     165                  
       Uncertainty:-     125                  
     Required Time:=    3010                  
      Launch Clock:-       0                  
         Data Path:-    3003                  
             Slack:=       7                  

#-----------------------------------------------------------------------------------------------------------------------
#                   Timing Point                     Flags    Arc    Edge       Cell         Fanout Trans Delay Arrival 
#                                                                                                    (ps)  (ps)   (ps)  
#-----------------------------------------------------------------------------------------------------------------------
  u_vec_mul/b_reg_reg[0][3]/CK                       -       -       R     (arrival)            403     0     0       0 
  u_vec_mul/b_reg_reg[0][3]/Q                        -       CK->Q   R     DFFQ_X2M_A9TL          9   198   323     323 
  u_vec_mul/MULT_TC_OP_Y_MULT_UNS_OP_g1020/Y         -       B->Y    F     NAND2_X1P4M_A9TL       2   129   122     446 
  u_vec_mul/MULT_TC_OP_Y_MULT_UNS_OP_g954/Y          -       B->Y    R     NOR2_X2A_A9TL          2   171   152     598 
  u_vec_mul/g4339/Y                                  -       B0->Y   F     AOI21_X1M_A9TL         1   144   123     721 
  u_vec_mul/MULT_TC_OP_Y_MULT_UNS_OP_cdnfadd_003_0/S -       CI->S   R     ADDF_X1M_A9TL          1   114   344    1065 
  u_vec_mul/MULT_TC_OP_Y_MULT_UNS_OP_g921/CO         -       CI->CO  R     ADDF_X1M_A9TL          2   137   208    1273 
  u_vec_mul/MULT_TC_OP_Y_MULT_UNS_OP_g919/CON        -       B->CON  F     CGENI_X1M_A9TL         2   181   159    1432 
  u_vec_mul/MULT_TC_OP_Y_MULT_UNS_OP_g913/Y          -       A1->Y   R     OAI21_X1P4M_A9TL       1   196   194    1626 
  u_vec_mul/g4357/CO                                 -       ICI->CO R     CMPR42_X2M_A9TL        2    94   246    1871 
  u_vec_mul/g4336/Y                                  -       A0->Y   R     AO21B_X2M_A9TL         2   112   168    2039 
  u_vec_mul/MULT_TC_OP_Y_MULT_UNS_OP_g880/Y          -       A->Y    F     NAND2_X3A_A9TL         2    82    79    2118 
  u_vec_mul/MULT_TC_OP_Y_MULT_UNS_OP_g871/Y          -       A0->Y   R     OAI21_X3M_A9TL         2   140   120    2238 
  u_vec_mul/MULT_TC_OP_Y_MULT_UNS_OP_g868/Y          -       B0->Y   R     AO1B2_X4M_A9TL         2    72   143    2381 
  u_vec_mul/MULT_TC_OP_Y_MULT_UNS_OP_g866/Y          -       B0->Y   R     AO1B2_X4M_A9TL         2    88   124    2504 
  u_vec_mul/MULT_TC_OP_Y_MULT_UNS_OP_g864/Y          -       B0->Y   R     AO1B2_X4M_A9TL         2    82   128    2632 
  u_vec_mul/MULT_TC_OP_Y_MULT_UNS_OP_g862/Y          -       B0->Y   R     AO1B2_X4M_A9TL         2    65   124    2756 
  u_vec_mul/g4335/Y                                  -       A0->Y   R     AO21B_X2M_A9TL         1    89   145    2901 
  u_vec_mul/MULT_TC_OP_Y_MULT_UNS_OP_g858/Y          -       A->Y    R     XNOR2_X2M_A9TL         2   208   102    3003 
  u_vec_mul/prod_reg_reg[0][16]/A                    -       -       R     A2DFFQ_X0P5M_A9TL      2     -     0    3003 
#-----------------------------------------------------------------------------------------------------------------------



Path 38: MET (8 ps) Setup Check with Pin u_vec_mul/prod_reg_reg[1][16]/CK->A
          Group: reg2reg
     Startpoint: (R) u_vec_mul/b_reg_reg[1][3]/CK
          Clock: (R) clk
       Endpoint: (R) u_vec_mul/prod_reg_reg[1][16]/A
          Clock: (R) clk

                     Capture       Launch     
        Clock Edge:+    3300            0     
       Src Latency:+       0            0     
       Net Latency:+       0 (I)        0 (I) 
           Arrival:=    3300            0     
                                              
             Setup:-     175                  
       Uncertainty:-     125                  
     Required Time:=    3000                  
      Launch Clock:-       0                  
         Data Path:-    2992                  
             Slack:=       8                  

#----------------------------------------------------------------------------------------------------------------------------------
#                        Timing Point                          Flags    Arc    Edge        Cell         Fanout Trans Delay Arrival 
#                                                                                                               (ps)  (ps)   (ps)  
#----------------------------------------------------------------------------------------------------------------------------------
  u_vec_mul/b_reg_reg[1][3]/CK                                 -       -       R     (arrival)             403     0     0       0 
  u_vec_mul/b_reg_reg[1][3]/Q                                  -       CK->Q   F     DFFQ_X2M_A9TL           9   137   318     318 
  u_vec_mul/MULT_TC_OP26_Y_MULT_UNS_OP25_g1020__5526/Y         -       B->Y    R     NAND2_X1P4M_A9TL        2   150   139     457 
  u_vec_mul/MULT_TC_OP26_Y_MULT_UNS_OP25_g954__2346/Y          -       B->Y    F     NOR2_X2A_A9TL           2   100   105     562 
  u_vec_mul/g4309/Y                                            -       B0->Y   R     AOI21_X1M_A9TL          1   205   160     722 
  u_vec_mul/MULT_TC_OP26_Y_MULT_UNS_OP25_cdnfadd_003_0__4319/S -       CI->S   F     ADDF_X1M_A9TL           1   108   341    1064 
  u_vec_mul/MULT_TC_OP26_Y_MULT_UNS_OP25_g921__6161/CO         -       CI->CO  F     ADDF_X1M_A9TL           2   118   236    1300 
  u_vec_mul/MULT_TC_OP26_Y_MULT_UNS_OP25_g919__7482/CON        -       B->CON  R     CGENI_X1M_A9TL          2   293   230    1530 
  u_vec_mul/MULT_TC_OP26_Y_MULT_UNS_OP25_g913__5122/Y          -       A1->Y   F     OAI21_X2M_A9TL          1   113   152    1682 
  u_vec_mul/g4351/CO                                           -       ICI->CO F     CMPR42_X2M_A9TL         2    90   240    1922 
  u_vec_mul/g4306/Y                                            -       A0->Y   F     AO21B_X2M_A9TL          2   124   164    2086 
  u_vec_mul/MULT_TC_OP26_Y_MULT_UNS_OP25_g880__5115/Y          -       A->Y    R     NAND2_X3A_A9TL          2    77    84    2169 
  u_vec_mul/MULT_TC_OP26_Y_MULT_UNS_OP25_g871__3680/Y          -       A0->Y   F     OAI21_X3M_A9TL          2   112    82    2251 
  u_vec_mul/MULT_TC_OP26_Y_MULT_UNS_OP25_g868__8428/Y          -       B0->Y   F     AO1B2_X4M_A9TL          2    77   134    2386 
  u_vec_mul/MULT_TC_OP26_Y_MULT_UNS_OP25_g866__6260/Y          -       B0->Y   F     AO1B2_X4M_A9TL          2    77   122    2507 
  u_vec_mul/MULT_TC_OP26_Y_MULT_UNS_OP25_g864__2398/Y          -       B0->Y   F     AO1B2_X4M_A9TL          2    86   122    2629 
  u_vec_mul/MULT_TC_OP26_Y_MULT_UNS_OP25_g862__6417/Y          -       B0->Y   F     AO1B2_X4M_A9TL          2    71   121    2750 
  u_vec_mul/g2/Y                                               -       A0->Y   F     AO21B_X2M_A9TL          1    95   139    2889 
  u_vec_mul/MULT_TC_OP26_Y_MULT_UNS_OP25_g858__2883/Y          -       A->Y    R     XNOR2_X2M_A9TL          2   208   103    2992 
  u_vec_mul/prod_reg_reg[1][16]/A                              -       -       R     A2DFFQN_X0P5M_A9TL      2     -     0    2992 
#----------------------------------------------------------------------------------------------------------------------------------



Path 39: MET (8 ps) Setup Check with Pin u_vec_mul/prod_reg_reg[2][16]/CK->A
          Group: reg2reg
     Startpoint: (R) u_vec_mul/b_reg_reg[2][3]/CK
          Clock: (R) clk
       Endpoint: (R) u_vec_mul/prod_reg_reg[2][16]/A
          Clock: (R) clk

                     Capture       Launch     
        Clock Edge:+    3300            0     
       Src Latency:+       0            0     
       Net Latency:+       0 (I)        0 (I) 
           Arrival:=    3300            0     
                                              
             Setup:-     175                  
       Uncertainty:-     125                  
     Required Time:=    3000                  
      Launch Clock:-       0                  
         Data Path:-    2992                  
             Slack:=       8                  

#----------------------------------------------------------------------------------------------------------------------------------
#                        Timing Point                          Flags    Arc    Edge        Cell         Fanout Trans Delay Arrival 
#                                                                                                               (ps)  (ps)   (ps)  
#----------------------------------------------------------------------------------------------------------------------------------
  u_vec_mul/b_reg_reg[2][3]/CK                                 -       -       R     (arrival)             403     0     0       0 
  u_vec_mul/b_reg_reg[2][3]/Q                                  -       CK->Q   F     DFFQ_X2M_A9TL           9   137   318     318 
  u_vec_mul/MULT_TC_OP28_Y_MULT_UNS_OP27_g1020__7098/Y         -       B->Y    R     NAND2_X1P4M_A9TL        2   150   139     457 
  u_vec_mul/MULT_TC_OP28_Y_MULT_UNS_OP27_g954__4319/Y          -       B->Y    F     NOR2_X2A_A9TL           2   100   105     562 
  u_vec_mul/g4314/Y                                            -       B0->Y   R     AOI21_X1M_A9TL          1   205   160     722 
  u_vec_mul/MULT_TC_OP28_Y_MULT_UNS_OP27_cdnfadd_003_0__5122/S -       CI->S   F     ADDF_X1M_A9TL           1   108   341    1064 
  u_vec_mul/MULT_TC_OP28_Y_MULT_UNS_OP27_g921__5477/CO         -       CI->CO  F     ADDF_X1M_A9TL           2   118   236    1300 
  u_vec_mul/MULT_TC_OP28_Y_MULT_UNS_OP27_g919__7410/CON        -       B->CON  R     CGENI_X1M_A9TL          2   293   230    1530 
  u_vec_mul/MULT_TC_OP28_Y_MULT_UNS_OP27_g913__6161/Y          -       A1->Y   F     OAI21_X2M_A9TL          1   113   152    1682 
  u_vec_mul/g4352/CO                                           -       ICI->CO F     CMPR42_X2M_A9TL         2    90   240    1922 
  u_vec_mul/g4311/Y                                            -       A0->Y   F     AO21B_X2M_A9TL          2   124   164    2086 
  u_vec_mul/MULT_TC_OP28_Y_MULT_UNS_OP27_g880__1666/Y          -       A->Y    R     NAND2_X3A_A9TL          2    77    84    2169 
  u_vec_mul/MULT_TC_OP28_Y_MULT_UNS_OP27_g871__1881/Y          -       A0->Y   F     OAI21_X3M_A9TL          2   112    82    2251 
  u_vec_mul/MULT_TC_OP28_Y_MULT_UNS_OP27_g868__8246/Y          -       B0->Y   F     AO1B2_X4M_A9TL          2    77   134    2386 
  u_vec_mul/MULT_TC_OP28_Y_MULT_UNS_OP27_g866__1705/Y          -       B0->Y   F     AO1B2_X4M_A9TL          2    77   122    2507 
  u_vec_mul/MULT_TC_OP28_Y_MULT_UNS_OP27_g864__1617/Y          -       B0->Y   F     AO1B2_X4M_A9TL          2    86   122    2629 
  u_vec_mul/MULT_TC_OP28_Y_MULT_UNS_OP27_g862__6783/Y          -       B0->Y   F     AO1B2_X4M_A9TL          2    71   121    2750 
  u_vec_mul/g4310/Y                                            -       A0->Y   F     AO21B_X2M_A9TL          1    95   139    2889 
  u_vec_mul/MULT_TC_OP28_Y_MULT_UNS_OP27_g858__6260/Y          -       A->Y    R     XNOR2_X2M_A9TL          2   208   103    2992 
  u_vec_mul/prod_reg_reg[2][16]/A                              -       -       R     A2DFFQN_X0P5M_A9TL      2     -     0    2992 
#----------------------------------------------------------------------------------------------------------------------------------



Path 40: MET (8 ps) Setup Check with Pin u_vec_mul/prod_reg_reg[3][16]/CK->A
          Group: reg2reg
     Startpoint: (R) u_vec_mul/b_reg_reg[3][3]/CK
          Clock: (R) clk
       Endpoint: (R) u_vec_mul/prod_reg_reg[3][16]/A
          Clock: (R) clk

                     Capture       Launch     
        Clock Edge:+    3300            0     
       Src Latency:+       0            0     
       Net Latency:+       0 (I)        0 (I) 
           Arrival:=    3300            0     
                                              
             Setup:-     175                  
       Uncertainty:-     125                  
     Required Time:=    3000                  
      Launch Clock:-       0                  
         Data Path:-    2992                  
             Slack:=       8                  

#----------------------------------------------------------------------------------------------------------------------------------
#                        Timing Point                          Flags    Arc    Edge        Cell         Fanout Trans Delay Arrival 
#                                                                                                               (ps)  (ps)   (ps)  
#----------------------------------------------------------------------------------------------------------------------------------
  u_vec_mul/b_reg_reg[3][3]/CK                                 -       -       R     (arrival)             403     0     0       0 
  u_vec_mul/b_reg_reg[3][3]/Q                                  -       CK->Q   F     DFFQ_X2M_A9TL           9   137   318     318 
  u_vec_mul/MULT_TC_OP30_Y_MULT_UNS_OP29_g1020__9945/Y         -       B->Y    R     NAND2_X1P4M_A9TL        2   150   139     457 
  u_vec_mul/MULT_TC_OP30_Y_MULT_UNS_OP29_g954__5122/Y          -       B->Y    F     NOR2_X2A_A9TL           2   100   105     562 
  u_vec_mul/g4319/Y                                            -       B0->Y   R     AOI21_X1M_A9TL          1   205   160     722 
  u_vec_mul/MULT_TC_OP30_Y_MULT_UNS_OP29_cdnfadd_003_0__6161/S -       CI->S   F     ADDF_X1M_A9TL           1   108   341    1064 
  u_vec_mul/MULT_TC_OP30_Y_MULT_UNS_OP29_g921__3680/CO         -       CI->CO  F     ADDF_X1M_A9TL           2   118   236    1300 
  u_vec_mul/MULT_TC_OP30_Y_MULT_UNS_OP29_g919__5526/CON        -       B->CON  R     CGENI_X1M_A9TL          2   293   230    1530 
  u_vec_mul/MULT_TC_OP30_Y_MULT_UNS_OP29_g913__5477/Y          -       A1->Y   F     OAI21_X2M_A9TL          1   113   152    1682 
  u_vec_mul/g4353/CO                                           -       ICI->CO F     CMPR42_X2M_A9TL         2    90   240    1922 
  u_vec_mul/g4316/Y                                            -       A0->Y   F     AO21B_X2M_A9TL          2   124   164    2086 
  u_vec_mul/MULT_TC_OP30_Y_MULT_UNS_OP29_g880__8428/Y          -       A->Y    R     NAND2_X3A_A9TL          2    77    84    2169 
  u_vec_mul/MULT_TC_OP30_Y_MULT_UNS_OP29_g871__2346/Y          -       A0->Y   F     OAI21_X3M_A9TL          2   112    82    2251 
  u_vec_mul/MULT_TC_OP30_Y_MULT_UNS_OP29_g868__9315/Y          -       B0->Y   F     AO1B2_X4M_A9TL          2    77   134    2386 
  u_vec_mul/MULT_TC_OP30_Y_MULT_UNS_OP29_g866__4733/Y          -       B0->Y   F     AO1B2_X4M_A9TL          2    77   122    2507 
  u_vec_mul/MULT_TC_OP30_Y_MULT_UNS_OP29_g864__5115/Y          -       B0->Y   F     AO1B2_X4M_A9TL          2    86   122    2629 
  u_vec_mul/MULT_TC_OP30_Y_MULT_UNS_OP29_g862__6131/Y          -       B0->Y   F     AO1B2_X4M_A9TL          2    71   121    2750 
  u_vec_mul/g4315/Y                                            -       A0->Y   F     AO21B_X2M_A9TL          1    95   139    2889 
  u_vec_mul/MULT_TC_OP30_Y_MULT_UNS_OP29_g858__1705/Y          -       A->Y    R     XNOR2_X2M_A9TL          2   208   103    2992 
  u_vec_mul/prod_reg_reg[3][16]/A                              -       -       R     A2DFFQN_X0P5M_A9TL      2     -     0    2992 
#----------------------------------------------------------------------------------------------------------------------------------



Path 41: MET (8 ps) Setup Check with Pin u_vec_mul/prod_reg_reg[5][16]/CK->A
          Group: reg2reg
     Startpoint: (R) u_vec_mul/b_reg_reg[5][3]/CK
          Clock: (R) clk
       Endpoint: (R) u_vec_mul/prod_reg_reg[5][16]/A
          Clock: (R) clk

                     Capture       Launch     
        Clock Edge:+    3300            0     
       Src Latency:+       0            0     
       Net Latency:+       0 (I)        0 (I) 
           Arrival:=    3300            0     
                                              
             Setup:-     175                  
       Uncertainty:-     125                  
     Required Time:=    3000                  
      Launch Clock:-       0                  
         Data Path:-    2992                  
             Slack:=       8                  

#----------------------------------------------------------------------------------------------------------------------------
#                     Timing Point                       Flags    Arc    Edge        Cell         Fanout Trans Delay Arrival 
#                                                                                                         (ps)  (ps)   (ps)  
#----------------------------------------------------------------------------------------------------------------------------
  u_vec_mul/b_reg_reg[5][3]/CK                           -       -       R     (arrival)             403     0     0       0 
  u_vec_mul/b_reg_reg[5][3]/Q                            -       CK->Q   F     DFFQ_X2M_A9TL           9   137   318     318 
  u_vec_mul/MULT_TC_OP34_Y_MULT_UNS_OP33_g1020/Y         -       B->Y    R     NAND2_X1P4M_A9TL        2   150   139     457 
  u_vec_mul/MULT_TC_OP34_Y_MULT_UNS_OP33_g954/Y          -       B->Y    F     NOR2_X2A_A9TL           2   100   105     562 
  u_vec_mul/g4329/Y                                      -       B0->Y   R     AOI21_X1M_A9TL          1   205   160     722 
  u_vec_mul/MULT_TC_OP34_Y_MULT_UNS_OP33_cdnfadd_003_0/S -       CI->S   F     ADDF_X1M_A9TL           1   108   341    1064 
  u_vec_mul/MULT_TC_OP34_Y_MULT_UNS_OP33_g921/CO         -       CI->CO  F     ADDF_X1M_A9TL           2   118   236    1300 
  u_vec_mul/MULT_TC_OP34_Y_MULT_UNS_OP33_g919/CON        -       B->CON  R     CGENI_X1M_A9TL          2   293   230    1530 
  u_vec_mul/MULT_TC_OP34_Y_MULT_UNS_OP33_g913/Y          -       A1->Y   F     OAI21_X2M_A9TL          1   113   152    1682 
  u_vec_mul/g4355/CO                                     -       ICI->CO F     CMPR42_X2M_A9TL         2    90   240    1922 
  u_vec_mul/g4326/Y                                      -       A0->Y   F     AO21B_X2M_A9TL          2   124   164    2086 
  u_vec_mul/MULT_TC_OP34_Y_MULT_UNS_OP33_g880/Y          -       A->Y    R     NAND2_X3A_A9TL          2    77    84    2169 
  u_vec_mul/MULT_TC_OP34_Y_MULT_UNS_OP33_g871/Y          -       A0->Y   F     OAI21_X3M_A9TL          2   112    82    2251 
  u_vec_mul/MULT_TC_OP34_Y_MULT_UNS_OP33_g868/Y          -       B0->Y   F     AO1B2_X4M_A9TL          2    77   134    2386 
  u_vec_mul/MULT_TC_OP34_Y_MULT_UNS_OP33_g866/Y          -       B0->Y   F     AO1B2_X4M_A9TL          2    77   122    2507 
  u_vec_mul/MULT_TC_OP34_Y_MULT_UNS_OP33_g864/Y          -       B0->Y   F     AO1B2_X4M_A9TL          2    86   122    2629 
  u_vec_mul/MULT_TC_OP34_Y_MULT_UNS_OP33_g862/Y          -       B0->Y   F     AO1B2_X4M_A9TL          2    71   121    2750 
  u_vec_mul/g4325/Y                                      -       A0->Y   F     AO21B_X2M_A9TL          1    95   139    2889 
  u_vec_mul/MULT_TC_OP34_Y_MULT_UNS_OP33_g858/Y          -       A->Y    R     XNOR2_X2M_A9TL          2   208   103    2992 
  u_vec_mul/prod_reg_reg[5][16]/A                        -       -       R     A2DFFQN_X0P5M_A9TL      2     -     0    2992 
#----------------------------------------------------------------------------------------------------------------------------



Path 42: MET (8 ps) Setup Check with Pin u_vec_mul/prod_reg_reg[4][16]/CK->A
          Group: reg2reg
     Startpoint: (R) u_vec_mul/b_reg_reg[4][3]/CK
          Clock: (R) clk
       Endpoint: (R) u_vec_mul/prod_reg_reg[4][16]/A
          Clock: (R) clk

                     Capture       Launch     
        Clock Edge:+    3300            0     
       Src Latency:+       0            0     
       Net Latency:+       0 (I)        0 (I) 
           Arrival:=    3300            0     
                                              
             Setup:-     175                  
       Uncertainty:-     125                  
     Required Time:=    3000                  
      Launch Clock:-       0                  
         Data Path:-    2992                  
             Slack:=       8                  

#----------------------------------------------------------------------------------------------------------------------------------
#                        Timing Point                          Flags    Arc    Edge        Cell         Fanout Trans Delay Arrival 
#                                                                                                               (ps)  (ps)   (ps)  
#----------------------------------------------------------------------------------------------------------------------------------
  u_vec_mul/b_reg_reg[4][3]/CK                                 -       -       R     (arrival)             403     0     0       0 
  u_vec_mul/b_reg_reg[4][3]/Q                                  -       CK->Q   F     DFFQ_X2M_A9TL           9   137   318     318 
  u_vec_mul/MULT_TC_OP32_Y_MULT_UNS_OP31_g1020/Y               -       B->Y    R     NAND2_X1P4M_A9TL        2   150   139     457 
  u_vec_mul/MULT_TC_OP32_Y_MULT_UNS_OP31_g954__6161/Y          -       B->Y    F     NOR2_X2A_A9TL           2   100   105     562 
  u_vec_mul/g4324/Y                                            -       B0->Y   R     AOI21_X1M_A9TL          1   205   160     722 
  u_vec_mul/MULT_TC_OP32_Y_MULT_UNS_OP31_cdnfadd_003_0__5477/S -       CI->S   F     ADDF_X1M_A9TL           1   108   341    1064 
  u_vec_mul/MULT_TC_OP32_Y_MULT_UNS_OP31_g921__1881/CO         -       CI->CO  F     ADDF_X1M_A9TL           2   118   236    1300 
  u_vec_mul/MULT_TC_OP32_Y_MULT_UNS_OP31_g919__7098/CON        -       B->CON  R     CGENI_X1M_A9TL          2   293   230    1530 
  u_vec_mul/MULT_TC_OP32_Y_MULT_UNS_OP31_g913__3680/Y          -       A1->Y   F     OAI21_X2M_A9TL          1   113   152    1682 
  u_vec_mul/g4354/CO                                           -       ICI->CO F     CMPR42_X2M_A9TL         2    90   240    1922 
  u_vec_mul/g4321/Y                                            -       A0->Y   F     AO21B_X2M_A9TL          2   124   164    2086 
  u_vec_mul/MULT_TC_OP32_Y_MULT_UNS_OP31_g880__8246/Y          -       A->Y    R     NAND2_X3A_A9TL          2    77    84    2169 
  u_vec_mul/MULT_TC_OP32_Y_MULT_UNS_OP31_g871__4319/Y          -       A0->Y   F     OAI21_X3M_A9TL          2   112    82    2251 
  u_vec_mul/MULT_TC_OP32_Y_MULT_UNS_OP31_g868__2398/Y          -       B0->Y   F     AO1B2_X4M_A9TL          2    77   134    2386 
  u_vec_mul/MULT_TC_OP32_Y_MULT_UNS_OP31_g866__6417/Y          -       B0->Y   F     AO1B2_X4M_A9TL          2    77   122    2507 
  u_vec_mul/MULT_TC_OP32_Y_MULT_UNS_OP31_g864__1666/Y          -       B0->Y   F     AO1B2_X4M_A9TL          2    86   122    2629 
  u_vec_mul/MULT_TC_OP32_Y_MULT_UNS_OP31_g862__2883/Y          -       B0->Y   F     AO1B2_X4M_A9TL          2    71   121    2750 
  u_vec_mul/g4320/Y                                            -       A0->Y   F     AO21B_X2M_A9TL          1    95   139    2889 
  u_vec_mul/MULT_TC_OP32_Y_MULT_UNS_OP31_g858__4733/Y          -       A->Y    R     XNOR2_X2M_A9TL          2   208   103    2992 
  u_vec_mul/prod_reg_reg[4][16]/A                              -       -       R     A2DFFQN_X0P5M_A9TL      2     -     0    2992 
#----------------------------------------------------------------------------------------------------------------------------------



Path 43: MET (8 ps) Setup Check with Pin u_vec_mul/prod_reg_reg[6][16]/CK->A
          Group: reg2reg
     Startpoint: (R) u_vec_mul/b_reg_reg[6][3]/CK
          Clock: (R) clk
       Endpoint: (R) u_vec_mul/prod_reg_reg[6][16]/A
          Clock: (R) clk

                     Capture       Launch     
        Clock Edge:+    3300            0     
       Src Latency:+       0            0     
       Net Latency:+       0 (I)        0 (I) 
           Arrival:=    3300            0     
                                              
             Setup:-     175                  
       Uncertainty:-     125                  
     Required Time:=    3000                  
      Launch Clock:-       0                  
         Data Path:-    2992                  
             Slack:=       8                  

#----------------------------------------------------------------------------------------------------------------------------
#                     Timing Point                       Flags    Arc    Edge        Cell         Fanout Trans Delay Arrival 
#                                                                                                         (ps)  (ps)   (ps)  
#----------------------------------------------------------------------------------------------------------------------------
  u_vec_mul/b_reg_reg[6][3]/CK                           -       -       R     (arrival)             403     0     0       0 
  u_vec_mul/b_reg_reg[6][3]/Q                            -       CK->Q   F     DFFQ_X2M_A9TL           9   137   318     318 
  u_vec_mul/MULT_TC_OP36_Y_MULT_UNS_OP35_g1020/Y         -       B->Y    R     NAND2_X1P4M_A9TL        2   150   139     457 
  u_vec_mul/MULT_TC_OP36_Y_MULT_UNS_OP35_g954/Y          -       B->Y    F     NOR2_X2A_A9TL           2   100   105     562 
  u_vec_mul/g4334/Y                                      -       B0->Y   R     AOI21_X1M_A9TL          1   205   160     722 
  u_vec_mul/MULT_TC_OP36_Y_MULT_UNS_OP35_cdnfadd_003_0/S -       CI->S   F     ADDF_X1M_A9TL           1   108   341    1064 
  u_vec_mul/MULT_TC_OP36_Y_MULT_UNS_OP35_g921/CO         -       CI->CO  F     ADDF_X1M_A9TL           2   118   236    1300 
  u_vec_mul/MULT_TC_OP36_Y_MULT_UNS_OP35_g919/CON        -       B->CON  R     CGENI_X1M_A9TL          2   293   230    1530 
  u_vec_mul/MULT_TC_OP36_Y_MULT_UNS_OP35_g913/Y          -       A1->Y   F     OAI21_X2M_A9TL          1   113   152    1682 
  u_vec_mul/g4356/CO                                     -       ICI->CO F     CMPR42_X2M_A9TL         2    90   240    1922 
  u_vec_mul/g4331/Y                                      -       A0->Y   F     AO21B_X2M_A9TL          2   124   164    2086 
  u_vec_mul/MULT_TC_OP36_Y_MULT_UNS_OP35_g880/Y          -       A->Y    R     NAND2_X3A_A9TL          2    77    84    2169 
  u_vec_mul/MULT_TC_OP36_Y_MULT_UNS_OP35_g871/Y          -       A0->Y   F     OAI21_X3M_A9TL          2   112    82    2251 
  u_vec_mul/MULT_TC_OP36_Y_MULT_UNS_OP35_g868/Y          -       B0->Y   F     AO1B2_X4M_A9TL          2    77   134    2386 
  u_vec_mul/MULT_TC_OP36_Y_MULT_UNS_OP35_g866/Y          -       B0->Y   F     AO1B2_X4M_A9TL          2    77   122    2507 
  u_vec_mul/MULT_TC_OP36_Y_MULT_UNS_OP35_g864/Y          -       B0->Y   F     AO1B2_X4M_A9TL          2    86   122    2629 
  u_vec_mul/MULT_TC_OP36_Y_MULT_UNS_OP35_g862/Y          -       B0->Y   F     AO1B2_X4M_A9TL          2    71   121    2750 
  u_vec_mul/g4330/Y                                      -       A0->Y   F     AO21B_X2M_A9TL          1    95   139    2889 
  u_vec_mul/MULT_TC_OP36_Y_MULT_UNS_OP35_g858/Y          -       A->Y    R     XNOR2_X2M_A9TL          2   208   103    2992 
  u_vec_mul/prod_reg_reg[6][16]/A                        -       -       R     A2DFFQN_X0P5M_A9TL      2     -     0    2992 
#----------------------------------------------------------------------------------------------------------------------------



Path 44: MET (8 ps) Setup Check with Pin u_vec_mul/prod_reg_reg[7][16]/CK->A
          Group: reg2reg
     Startpoint: (R) u_vec_mul/b_reg_reg[7][3]/CK
          Clock: (R) clk
       Endpoint: (R) u_vec_mul/prod_reg_reg[7][16]/A
          Clock: (R) clk

                     Capture       Launch     
        Clock Edge:+    3300            0     
       Src Latency:+       0            0     
       Net Latency:+       0 (I)        0 (I) 
           Arrival:=    3300            0     
                                              
             Setup:-     175                  
       Uncertainty:-     125                  
     Required Time:=    3000                  
      Launch Clock:-       0                  
         Data Path:-    2992                  
             Slack:=       8                  

#----------------------------------------------------------------------------------------------------------------------------
#                     Timing Point                       Flags    Arc    Edge        Cell         Fanout Trans Delay Arrival 
#                                                                                                         (ps)  (ps)   (ps)  
#----------------------------------------------------------------------------------------------------------------------------
  u_vec_mul/b_reg_reg[7][3]/CK                           -       -       R     (arrival)             403     0     0       0 
  u_vec_mul/b_reg_reg[7][3]/Q                            -       CK->Q   F     DFFQ_X2M_A9TL           9   137   318     318 
  u_vec_mul/MULT_UNS_OP37_Y_MULT_TC_OP38_g1020/Y         -       B->Y    R     NAND2_X1P4M_A9TL        2   150   139     457 
  u_vec_mul/MULT_UNS_OP37_Y_MULT_TC_OP38_g954/Y          -       B->Y    F     NOR2_X2A_A9TL           2   100   105     562 
  u_vec_mul/g4344/Y                                      -       B0->Y   R     AOI21_X1M_A9TL          1   205   160     722 
  u_vec_mul/MULT_UNS_OP37_Y_MULT_TC_OP38_cdnfadd_003_0/S -       CI->S   F     ADDF_X1M_A9TL           1   108   341    1064 
  u_vec_mul/MULT_UNS_OP37_Y_MULT_TC_OP38_g921/CO         -       CI->CO  F     ADDF_X1M_A9TL           2   118   236    1300 
  u_vec_mul/MULT_UNS_OP37_Y_MULT_TC_OP38_g919/CON        -       B->CON  R     CGENI_X1M_A9TL          2   293   230    1530 
  u_vec_mul/MULT_UNS_OP37_Y_MULT_TC_OP38_g913/Y          -       A1->Y   F     OAI21_X2M_A9TL          1   113   152    1682 
  u_vec_mul/g4358/CO                                     -       ICI->CO F     CMPR42_X2M_A9TL         2    90   240    1922 
  u_vec_mul/g4341/Y                                      -       A0->Y   F     AO21B_X2M_A9TL          2   124   164    2086 
  u_vec_mul/MULT_UNS_OP37_Y_MULT_TC_OP38_g880/Y          -       A->Y    R     NAND2_X3A_A9TL          2    77    84    2169 
  u_vec_mul/MULT_UNS_OP37_Y_MULT_TC_OP38_g871/Y          -       A0->Y   F     OAI21_X3M_A9TL          2   112    82    2251 
  u_vec_mul/MULT_UNS_OP37_Y_MULT_TC_OP38_g868/Y          -       B0->Y   F     AO1B2_X4M_A9TL          2    77   134    2386 
  u_vec_mul/MULT_UNS_OP37_Y_MULT_TC_OP38_g866/Y          -       B0->Y   F     AO1B2_X4M_A9TL          2    77   122    2507 
  u_vec_mul/MULT_UNS_OP37_Y_MULT_TC_OP38_g864/Y          -       B0->Y   F     AO1B2_X4M_A9TL          2    86   122    2629 
  u_vec_mul/MULT_UNS_OP37_Y_MULT_TC_OP38_g862/Y          -       B0->Y   F     AO1B2_X4M_A9TL          2    71   121    2750 
  u_vec_mul/g4340/Y                                      -       A0->Y   F     AO21B_X2M_A9TL          1    95   139    2889 
  u_vec_mul/MULT_UNS_OP37_Y_MULT_TC_OP38_g858/Y          -       A->Y    R     XNOR2_X2M_A9TL          2   208   103    2992 
  u_vec_mul/prod_reg_reg[7][16]/A                        -       -       R     A2DFFQN_X0P5M_A9TL      2     -     0    2992 
#----------------------------------------------------------------------------------------------------------------------------



Path 45: MET (8 ps) Setup Check with Pin u_vec_mul/prod_reg_reg[0][16]/CK->A
          Group: reg2reg
     Startpoint: (R) u_vec_mul/a_reg_reg[0][0]/CK
          Clock: (R) clk
       Endpoint: (F) u_vec_mul/prod_reg_reg[0][16]/A
          Clock: (R) clk

                     Capture       Launch     
        Clock Edge:+    3300            0     
       Src Latency:+       0            0     
       Net Latency:+       0 (I)        0 (I) 
           Arrival:=    3300            0     
                                              
             Setup:-     167                  
       Uncertainty:-     125                  
     Required Time:=    3008                  
      Launch Clock:-       0                  
         Data Path:-    3000                  
             Slack:=       8                  

#-----------------------------------------------------------------------------------------------------------------------
#                   Timing Point                     Flags    Arc    Edge       Cell         Fanout Trans Delay Arrival 
#                                                                                                    (ps)  (ps)   (ps)  
#-----------------------------------------------------------------------------------------------------------------------
  u_vec_mul/a_reg_reg[0][0]/CK                       -       -       R     (arrival)            403     0     0       0 
  u_vec_mul/a_reg_reg[0][0]/Q                        -       CK->Q   F     DFFQ_X2M_A9TL          9   142   321     321 
  u_vec_mul/MULT_TC_OP_Y_MULT_UNS_OP_g1020/Y         -       A->Y    R     NAND2_X1P4M_A9TL       2   150   134     454 
  u_vec_mul/MULT_TC_OP_Y_MULT_UNS_OP_g954/Y          -       B->Y    F     NOR2_X2A_A9TL          2   100   105     560 
  u_vec_mul/g4339/Y                                  -       B0->Y   R     AOI21_X1M_A9TL         1   205   160     720 
  u_vec_mul/MULT_TC_OP_Y_MULT_UNS_OP_cdnfadd_003_0/S -       CI->S   F     ADDF_X1M_A9TL          1   108   341    1061 
  u_vec_mul/MULT_TC_OP_Y_MULT_UNS_OP_g921/CO         -       CI->CO  F     ADDF_X1M_A9TL          2   118   236    1297 
  u_vec_mul/MULT_TC_OP_Y_MULT_UNS_OP_g919/CON        -       B->CON  R     CGENI_X1M_A9TL         2   276   220    1518 
  u_vec_mul/MULT_TC_OP_Y_MULT_UNS_OP_g913/Y          -       A1->Y   F     OAI21_X1P4M_A9TL       1   136   172    1690 
  u_vec_mul/g4357/CO                                 -       ICI->CO F     CMPR42_X2M_A9TL        2    90   248    1938 
  u_vec_mul/g4336/Y                                  -       A0->Y   F     AO21B_X2M_A9TL         2   122   164    2102 
  u_vec_mul/MULT_TC_OP_Y_MULT_UNS_OP_g880/Y          -       A->Y    R     NAND2_X3A_A9TL         2    77    83    2185 
  u_vec_mul/MULT_TC_OP_Y_MULT_UNS_OP_g871/Y          -       A0->Y   F     OAI21_X3M_A9TL         2    98    82    2267 
  u_vec_mul/MULT_TC_OP_Y_MULT_UNS_OP_g868/Y          -       B0->Y   F     AO1B2_X4M_A9TL         2    78   129    2396 
  u_vec_mul/MULT_TC_OP_Y_MULT_UNS_OP_g866/Y          -       B0->Y   F     AO1B2_X4M_A9TL         2    77   122    2518 
  u_vec_mul/MULT_TC_OP_Y_MULT_UNS_OP_g864/Y          -       B0->Y   F     AO1B2_X4M_A9TL         2    86   121    2640 
  u_vec_mul/MULT_TC_OP_Y_MULT_UNS_OP_g862/Y          -       B0->Y   F     AO1B2_X4M_A9TL         2    71   121    2761 
  u_vec_mul/g4335/Y                                  -       A0->Y   F     AO21B_X2M_A9TL         1    95   139    2900 
  u_vec_mul/MULT_TC_OP_Y_MULT_UNS_OP_g858/Y          -       A->Y    F     XNOR2_X2M_A9TL         2   134    99    3000 
  u_vec_mul/prod_reg_reg[0][16]/A                    -       -       F     A2DFFQ_X0P5M_A9TL      2     -     0    3000 
#-----------------------------------------------------------------------------------------------------------------------



Path 46: MET (8 ps) Setup Check with Pin u_vec_mul/prod_reg_reg[1][16]/CK->A
          Group: reg2reg
     Startpoint: (R) u_vec_mul/mode1_op_reg[1]/CK
          Clock: (R) clk
       Endpoint: (R) u_vec_mul/prod_reg_reg[1][16]/A
          Clock: (R) clk

                     Capture       Launch     
        Clock Edge:+    3300            0     
       Src Latency:+       0            0     
       Net Latency:+       0 (I)        0 (I) 
           Arrival:=    3300            0     
                                              
             Setup:-     175                  
       Uncertainty:-     125                  
     Required Time:=    3000                  
      Launch Clock:-       0                  
         Data Path:-    2992                  
             Slack:=       8                  

#---------------------------------------------------------------------------------------------------------------------------------
#                         Timing Point                          Flags   Arc   Edge        Cell         Fanout Trans Delay Arrival 
#                                                                                                              (ps)  (ps)   (ps)  
#---------------------------------------------------------------------------------------------------------------------------------
  u_vec_mul/mode1_op_reg[1]/CK                                  -       -     R     (arrival)             315     0     0       0 
  u_vec_mul/mode1_op_reg[1]/Q                                   -       CK->Q R     A2DFFQ_X1M_A9TL         2   170   324     324 
  u_vec_mul/g3630/Y                                             -       A->Y  F     INV_X5B_A9TL           16   169   153     477 
  u_vec_mul/MULT_TC_OP26_Y_MULT_UNS_OP25_g988__5107/Y           -       A->Y  F     AND2_X1M_A9TL           7   211   259     736 
  u_vec_mul/MULT_TC_OP26_Y_MULT_UNS_OP25_g937__3680/Y           -       A->Y  R     NAND2_X1M_A9TL          1   156   160     896 
  u_vec_mul/MULT_TC_OP26_Y_MULT_UNS_OP25_cdnfadd_010_1__4319/S  -       CI->S F     ADDF_X1M_A9TL           1   118   334    1230 
  u_vec_mul/MULT_TC_OP26_Y_MULT_UNS_OP25_cdnfadd_010_3__5526/CO -       A->CO F     ADDF_X1M_A9TL           1   101   246    1475 
  u_vec_mul/MULT_TC_OP26_Y_MULT_UNS_OP25_cdnfadd_011_3__5122/S  -       CI->S R     ADDF_X1M_A9TL           1   130   338    1813 
  u_vec_mul/MULT_TC_OP26_Y_MULT_UNS_OP25_cdnfadd_011_4__8246/S  -       B->S  F     ADDF_X1M_A9TL           2   116   323    2136 
  u_vec_mul/MULT_TC_OP26_Y_MULT_UNS_OP25_g1023__2802/Y          -       A->Y  F     OR2_X0P5M_A9TL          2   163   212    2348 
  u_vec_mul/MULT_TC_OP26_Y_MULT_UNS_OP25_g866__6260/Y           -       B1->Y F     AO1B2_X4M_A9TL          2    77   159    2507 
  u_vec_mul/MULT_TC_OP26_Y_MULT_UNS_OP25_g864__2398/Y           -       B0->Y F     AO1B2_X4M_A9TL          2    86   122    2628 
  u_vec_mul/MULT_TC_OP26_Y_MULT_UNS_OP25_g862__6417/Y           -       B0->Y F     AO1B2_X4M_A9TL          2    71   121    2750 
  u_vec_mul/g2/Y                                                -       A0->Y F     AO21B_X2M_A9TL          1    95   139    2889 
  u_vec_mul/MULT_TC_OP26_Y_MULT_UNS_OP25_g858__2883/Y           -       A->Y  R     XNOR2_X2M_A9TL          2   208   103    2992 
  u_vec_mul/prod_reg_reg[1][16]/A                               -       -     R     A2DFFQN_X0P5M_A9TL      2     -     0    2992 
#---------------------------------------------------------------------------------------------------------------------------------



Path 47: MET (8 ps) Setup Check with Pin u_vec_mul/prod_reg_reg[2][16]/CK->A
          Group: reg2reg
     Startpoint: (R) u_vec_mul/mode1_op_reg[1]/CK
          Clock: (R) clk
       Endpoint: (R) u_vec_mul/prod_reg_reg[2][16]/A
          Clock: (R) clk

                     Capture       Launch     
        Clock Edge:+    3300            0     
       Src Latency:+       0            0     
       Net Latency:+       0 (I)        0 (I) 
           Arrival:=    3300            0     
                                              
             Setup:-     175                  
       Uncertainty:-     125                  
     Required Time:=    3000                  
      Launch Clock:-       0                  
         Data Path:-    2992                  
             Slack:=       8                  

#---------------------------------------------------------------------------------------------------------------------------------
#                         Timing Point                          Flags   Arc   Edge        Cell         Fanout Trans Delay Arrival 
#                                                                                                              (ps)  (ps)   (ps)  
#---------------------------------------------------------------------------------------------------------------------------------
  u_vec_mul/mode1_op_reg[1]/CK                                  -       -     R     (arrival)             315     0     0       0 
  u_vec_mul/mode1_op_reg[1]/Q                                   -       CK->Q R     A2DFFQ_X1M_A9TL         2   170   324     324 
  u_vec_mul/g3630/Y                                             -       A->Y  F     INV_X5B_A9TL           16   169   153     477 
  u_vec_mul/MULT_TC_OP28_Y_MULT_UNS_OP27_g988__2802/Y           -       A->Y  F     AND2_X1M_A9TL           7   211   259     736 
  u_vec_mul/MULT_TC_OP28_Y_MULT_UNS_OP27_g937__1881/Y           -       A->Y  R     NAND2_X1M_A9TL          1   156   160     896 
  u_vec_mul/MULT_TC_OP28_Y_MULT_UNS_OP27_cdnfadd_010_1__5122/S  -       CI->S F     ADDF_X1M_A9TL           1   118   334    1230 
  u_vec_mul/MULT_TC_OP28_Y_MULT_UNS_OP27_cdnfadd_010_3__7098/CO -       A->CO F     ADDF_X1M_A9TL           1   101   246    1475 
  u_vec_mul/MULT_TC_OP28_Y_MULT_UNS_OP27_cdnfadd_011_3__6161/S  -       CI->S R     ADDF_X1M_A9TL           1   130   338    1813 
  u_vec_mul/MULT_TC_OP28_Y_MULT_UNS_OP27_cdnfadd_011_4__9315/S  -       B->S  F     ADDF_X1M_A9TL           2   116   323    2136 
  u_vec_mul/MULT_TC_OP28_Y_MULT_UNS_OP27_g1023__7482/Y          -       A->Y  F     OR2_X0P5M_A9TL          2   163   212    2348 
  u_vec_mul/MULT_TC_OP28_Y_MULT_UNS_OP27_g866__1705/Y           -       B1->Y F     AO1B2_X4M_A9TL          2    77   159    2507 
  u_vec_mul/MULT_TC_OP28_Y_MULT_UNS_OP27_g864__1617/Y           -       B0->Y F     AO1B2_X4M_A9TL          2    86   122    2628 
  u_vec_mul/MULT_TC_OP28_Y_MULT_UNS_OP27_g862__6783/Y           -       B0->Y F     AO1B2_X4M_A9TL          2    71   121    2750 
  u_vec_mul/g4310/Y                                             -       A0->Y F     AO21B_X2M_A9TL          1    95   139    2889 
  u_vec_mul/MULT_TC_OP28_Y_MULT_UNS_OP27_g858__6260/Y           -       A->Y  R     XNOR2_X2M_A9TL          2   208   103    2992 
  u_vec_mul/prod_reg_reg[2][16]/A                               -       -     R     A2DFFQN_X0P5M_A9TL      2     -     0    2992 
#---------------------------------------------------------------------------------------------------------------------------------



Path 48: MET (8 ps) Setup Check with Pin u_vec_mul/prod_reg_reg[3][16]/CK->A
          Group: reg2reg
     Startpoint: (R) u_vec_mul/mode1_op_reg[1]/CK
          Clock: (R) clk
       Endpoint: (R) u_vec_mul/prod_reg_reg[3][16]/A
          Clock: (R) clk

                     Capture       Launch     
        Clock Edge:+    3300            0     
       Src Latency:+       0            0     
       Net Latency:+       0 (I)        0 (I) 
           Arrival:=    3300            0     
                                              
             Setup:-     175                  
       Uncertainty:-     125                  
     Required Time:=    3000                  
      Launch Clock:-       0                  
         Data Path:-    2992                  
             Slack:=       8                  

#---------------------------------------------------------------------------------------------------------------------------------
#                         Timing Point                          Flags   Arc   Edge        Cell         Fanout Trans Delay Arrival 
#                                                                                                              (ps)  (ps)   (ps)  
#---------------------------------------------------------------------------------------------------------------------------------
  u_vec_mul/mode1_op_reg[1]/CK                                  -       -     R     (arrival)             315     0     0       0 
  u_vec_mul/mode1_op_reg[1]/Q                                   -       CK->Q R     A2DFFQ_X1M_A9TL         2   170   324     324 
  u_vec_mul/g3630/Y                                             -       A->Y  F     INV_X5B_A9TL           16   169   153     477 
  u_vec_mul/MULT_TC_OP30_Y_MULT_UNS_OP29_g988__7482/Y           -       A->Y  F     AND2_X1M_A9TL           7   211   259     736 
  u_vec_mul/MULT_TC_OP30_Y_MULT_UNS_OP29_g937__2346/Y           -       A->Y  R     NAND2_X1M_A9TL          1   156   160     896 
  u_vec_mul/MULT_TC_OP30_Y_MULT_UNS_OP29_cdnfadd_010_1__6161/S  -       CI->S F     ADDF_X1M_A9TL           1   118   334    1230 
  u_vec_mul/MULT_TC_OP30_Y_MULT_UNS_OP29_cdnfadd_010_3__9945/CO -       A->CO F     ADDF_X1M_A9TL           1   101   246    1475 
  u_vec_mul/MULT_TC_OP30_Y_MULT_UNS_OP29_cdnfadd_011_3__5477/S  -       CI->S R     ADDF_X1M_A9TL           1   130   338    1813 
  u_vec_mul/MULT_TC_OP30_Y_MULT_UNS_OP29_cdnfadd_011_4__2398/S  -       B->S  F     ADDF_X1M_A9TL           2   116   323    2136 
  u_vec_mul/MULT_TC_OP30_Y_MULT_UNS_OP29_g1023__7410/Y          -       A->Y  F     OR2_X0P5M_A9TL          2   163   212    2348 
  u_vec_mul/MULT_TC_OP30_Y_MULT_UNS_OP29_g866__4733/Y           -       B1->Y F     AO1B2_X4M_A9TL          2    77   159    2507 
  u_vec_mul/MULT_TC_OP30_Y_MULT_UNS_OP29_g864__5115/Y           -       B0->Y F     AO1B2_X4M_A9TL          2    86   122    2628 
  u_vec_mul/MULT_TC_OP30_Y_MULT_UNS_OP29_g862__6131/Y           -       B0->Y F     AO1B2_X4M_A9TL          2    71   121    2750 
  u_vec_mul/g4315/Y                                             -       A0->Y F     AO21B_X2M_A9TL          1    95   139    2889 
  u_vec_mul/MULT_TC_OP30_Y_MULT_UNS_OP29_g858__1705/Y           -       A->Y  R     XNOR2_X2M_A9TL          2   208   103    2992 
  u_vec_mul/prod_reg_reg[3][16]/A                               -       -     R     A2DFFQN_X0P5M_A9TL      2     -     0    2992 
#---------------------------------------------------------------------------------------------------------------------------------



Path 49: MET (8 ps) Setup Check with Pin u_vec_mul/prod_reg_reg[5][16]/CK->A
          Group: reg2reg
     Startpoint: (R) u_vec_mul/mode1_op_reg[1]/CK
          Clock: (R) clk
       Endpoint: (R) u_vec_mul/prod_reg_reg[5][16]/A
          Clock: (R) clk

                     Capture       Launch     
        Clock Edge:+    3300            0     
       Src Latency:+       0            0     
       Net Latency:+       0 (I)        0 (I) 
           Arrival:=    3300            0     
                                              
             Setup:-     175                  
       Uncertainty:-     125                  
     Required Time:=    3000                  
      Launch Clock:-       0                  
         Data Path:-    2992                  
             Slack:=       8                  

#---------------------------------------------------------------------------------------------------------------------------
#                      Timing Point                       Flags   Arc   Edge        Cell         Fanout Trans Delay Arrival 
#                                                                                                        (ps)  (ps)   (ps)  
#---------------------------------------------------------------------------------------------------------------------------
  u_vec_mul/mode1_op_reg[1]/CK                            -       -     R     (arrival)             315     0     0       0 
  u_vec_mul/mode1_op_reg[1]/Q                             -       CK->Q R     A2DFFQ_X1M_A9TL         2   170   324     324 
  u_vec_mul/g3630/Y                                       -       A->Y  F     INV_X5B_A9TL           16   169   153     477 
  u_vec_mul/MULT_TC_OP34_Y_MULT_UNS_OP33_g988/Y           -       A->Y  F     AND2_X1M_A9TL           7   211   259     736 
  u_vec_mul/MULT_TC_OP34_Y_MULT_UNS_OP33_g937/Y           -       A->Y  R     NAND2_X1M_A9TL          1   156   160     896 
  u_vec_mul/MULT_TC_OP34_Y_MULT_UNS_OP33_cdnfadd_010_1/S  -       CI->S F     ADDF_X1M_A9TL           1   118   334    1230 
  u_vec_mul/MULT_TC_OP34_Y_MULT_UNS_OP33_cdnfadd_010_3/CO -       A->CO F     ADDF_X1M_A9TL           1   101   246    1475 
  u_vec_mul/MULT_TC_OP34_Y_MULT_UNS_OP33_cdnfadd_011_3/S  -       CI->S R     ADDF_X1M_A9TL           1   130   338    1813 
  u_vec_mul/MULT_TC_OP34_Y_MULT_UNS_OP33_cdnfadd_011_4/S  -       B->S  F     ADDF_X1M_A9TL           2   116   323    2136 
  u_vec_mul/MULT_TC_OP34_Y_MULT_UNS_OP33_g1023/Y          -       A->Y  F     OR2_X0P5M_A9TL          2   163   212    2348 
  u_vec_mul/MULT_TC_OP34_Y_MULT_UNS_OP33_g866/Y           -       B1->Y F     AO1B2_X4M_A9TL          2    77   159    2507 
  u_vec_mul/MULT_TC_OP34_Y_MULT_UNS_OP33_g864/Y           -       B0->Y F     AO1B2_X4M_A9TL          2    86   122    2628 
  u_vec_mul/MULT_TC_OP34_Y_MULT_UNS_OP33_g862/Y           -       B0->Y F     AO1B2_X4M_A9TL          2    71   121    2750 
  u_vec_mul/g4325/Y                                       -       A0->Y F     AO21B_X2M_A9TL          1    95   139    2889 
  u_vec_mul/MULT_TC_OP34_Y_MULT_UNS_OP33_g858/Y           -       A->Y  R     XNOR2_X2M_A9TL          2   208   103    2992 
  u_vec_mul/prod_reg_reg[5][16]/A                         -       -     R     A2DFFQN_X0P5M_A9TL      2     -     0    2992 
#---------------------------------------------------------------------------------------------------------------------------



Path 50: MET (8 ps) Setup Check with Pin u_vec_mul/prod_reg_reg[4][16]/CK->A
          Group: reg2reg
     Startpoint: (R) u_vec_mul/mode1_op_reg[1]/CK
          Clock: (R) clk
       Endpoint: (R) u_vec_mul/prod_reg_reg[4][16]/A
          Clock: (R) clk

                     Capture       Launch     
        Clock Edge:+    3300            0     
       Src Latency:+       0            0     
       Net Latency:+       0 (I)        0 (I) 
           Arrival:=    3300            0     
                                              
             Setup:-     175                  
       Uncertainty:-     125                  
     Required Time:=    3000                  
      Launch Clock:-       0                  
         Data Path:-    2992                  
             Slack:=       8                  

#---------------------------------------------------------------------------------------------------------------------------------
#                         Timing Point                          Flags   Arc   Edge        Cell         Fanout Trans Delay Arrival 
#                                                                                                              (ps)  (ps)   (ps)  
#---------------------------------------------------------------------------------------------------------------------------------
  u_vec_mul/mode1_op_reg[1]/CK                                  -       -     R     (arrival)             315     0     0       0 
  u_vec_mul/mode1_op_reg[1]/Q                                   -       CK->Q R     A2DFFQ_X1M_A9TL         2   170   324     324 
  u_vec_mul/g3630/Y                                             -       A->Y  F     INV_X5B_A9TL           16   169   153     477 
  u_vec_mul/MULT_TC_OP32_Y_MULT_UNS_OP31_g988/Y                 -       A->Y  F     AND2_X1M_A9TL           7   211   259     736 
  u_vec_mul/MULT_TC_OP32_Y_MULT_UNS_OP31_g937__4319/Y           -       A->Y  R     NAND2_X1M_A9TL          1   156   160     896 
  u_vec_mul/MULT_TC_OP32_Y_MULT_UNS_OP31_cdnfadd_010_1__5477/S  -       CI->S F     ADDF_X1M_A9TL           1   118   334    1230 
  u_vec_mul/MULT_TC_OP32_Y_MULT_UNS_OP31_cdnfadd_010_3__5107/CO -       A->CO F     ADDF_X1M_A9TL           1   101   246    1475 
  u_vec_mul/MULT_TC_OP32_Y_MULT_UNS_OP31_cdnfadd_011_3__3680/S  -       CI->S R     ADDF_X1M_A9TL           1   130   338    1813 
  u_vec_mul/MULT_TC_OP32_Y_MULT_UNS_OP31_cdnfadd_011_4__1617/S  -       B->S  F     ADDF_X1M_A9TL           2   116   323    2136 
  u_vec_mul/MULT_TC_OP32_Y_MULT_UNS_OP31_g1023/Y                -       A->Y  F     OR2_X0P5M_A9TL          2   163   212    2348 
  u_vec_mul/MULT_TC_OP32_Y_MULT_UNS_OP31_g866__6417/Y           -       B1->Y F     AO1B2_X4M_A9TL          2    77   159    2507 
  u_vec_mul/MULT_TC_OP32_Y_MULT_UNS_OP31_g864__1666/Y           -       B0->Y F     AO1B2_X4M_A9TL          2    86   122    2628 
  u_vec_mul/MULT_TC_OP32_Y_MULT_UNS_OP31_g862__2883/Y           -       B0->Y F     AO1B2_X4M_A9TL          2    71   121    2750 
  u_vec_mul/g4320/Y                                             -       A0->Y F     AO21B_X2M_A9TL          1    95   139    2889 
  u_vec_mul/MULT_TC_OP32_Y_MULT_UNS_OP31_g858__4733/Y           -       A->Y  R     XNOR2_X2M_A9TL          2   208   103    2992 
  u_vec_mul/prod_reg_reg[4][16]/A                               -       -     R     A2DFFQN_X0P5M_A9TL      2     -     0    2992 
#---------------------------------------------------------------------------------------------------------------------------------

