============================================================
  Generated by:           Genus(TM) Synthesis Solution 25.12-s067_1
  Generated on:           Sep 19 2026  10:48:25 am
  Module:                 tr_softmax
  Operating conditions:   ss_typical_max_0p90v_125c (balanced_tree)
  Wireload mode:          top
  Area mode:              timing library
============================================================


Path 1: MET (0 ps) Setup Check with Pin u_vec_mul_ew/b_reg_reg[3][4]/CK->D
          Group: in2reg
     Startpoint: (R) offset_in[0]
          Clock: (R) clk
       Endpoint: (F) u_vec_mul_ew/b_reg_reg[3][4]/D
          Clock: (R) clk

                     Capture       Launch     
        Clock Edge:+    3300            0     
        Drv Adjust:+       0           88     
       Src Latency:+       0            0     
       Net Latency:+       0 (I)        0 (I) 
           Arrival:=    3300           88     
                                              
             Setup:-      76                  
       Uncertainty:-     125                  
     Required Time:=    3100                  
      Launch Clock:-      88                  
       Input Delay:-     990                  
         Data Path:-    2022                  
             Slack:=       0                  

Exceptions/Constraints:
  input_delay             990             dut.sdc_line_15_76_1   

#---------------------------------------------------------------------------------------------------------
#            Timing Point              Flags    Arc    Edge       Cell         Fanout Trans Delay Arrival 
#                                                                                      (ps)  (ps)   (ps)  
#---------------------------------------------------------------------------------------------------------
  offset_in[0]                         -       -       R     (arrival)             10   170     0    1078 
  u_sub/g8766__2346/Y                  -       A->Y    F     NAND2XB_X3M_A9TL       3    94    90    1168 
  u_sub/g8593__2346/CON                -       CI->CON R     CGENI_X2M_A9TL         2   227   166    1334 
  u_sub/g8585__1881/Y                  -       A->Y    F     NAND2XB_X6M_A9TL       2    84    75    1408 
  u_sub/g8569__4319/Y                  -       A->Y    R     NAND2XB_X6M_A9TL       2    76    70    1478 
  u_sub/g8558__9315/Y                  -       A->Y    F     NAND2XB_X6M_A9TL       2    50    51    1529 
  u_sub/g8544__6783/Y                  -       A->Y    R     NAND2XB_X6M_A9TL       2    77    58    1587 
  u_sub/g8538__2398/Y                  -       A->Y    F     NAND2_X6M_A9TL         2    63    51    1638 
  u_sub/g8523__7098/Y                  -       A->Y    R     NAND2XB_X6M_A9TL       2    75    63    1701 
  u_sub/g8503__2346/Y                  -       A->Y    F     NAND2_X6M_A9TL         2    63    51    1752 
  u_sub/g8496__5115/Y                  -       A->Y    R     NAND2XB_X6M_A9TL       2    75    63    1815 
  u_sub/g8479__5477/Y                  -       A->Y    F     NAND2_X6M_A9TL         2    69    55    1870 
  u_sub/g8472__9315/Y                  -       A->Y    R     NAND2XB_X8M_A9TL       3    84    71    1941 
  u_sub/g8419__2346/Y                  -       A->Y    F     NAND2_X4M_A9TL         2    65    56    1997 
  u_sub/g8410__4733/Y                  -       AN->Y   F     NOR2B_X8M_A9TL         5    81   135    2132 
  u_sub/g8340__1617/Y                  -       A->Y    R     NAND2XB_X4M_A9TL       1    96    83    2216 
  u_sub/g8308__8428/Y                  -       B->Y    F     NAND2_X8M_A9TL         5    94    67    2283 
  gen_exp[3].u_exp/u_quad/g120__4733/Y -       A->Y    F     OR2_X2M_A9TL           2    77   146    2429 
  gen_exp[3].u_exp/u_quad/g2__7482/Y   -       B->Y    R     NOR2B_X4M_A9TL         2   135   118    2547 
  gen_exp[3].u_exp/g292__1705/Y        -       S0->Y   R     MXIT2_X4M_A9TL         2   151   119    2667 
  gen_exp[3].u_exp/g291__2802/Y        -       A->Y    F     NAND2_X6M_A9TL         3    77    75    2741 
  gen_exp[3].u_exp/g288__6783/Y        -       B->Y    R     NAND3XXB_X6M_A9TL      3   118    97    2838 
  gen_exp[3].u_exp/g284__8428/Y        -       B->Y    F     NAND2_X2A_A9TL         2   107    90    2928 
  g6574/Y                              -       A0->Y   F     OA21_X1M_A9TL          1    68   171    3099 
  u_vec_mul_ew/b_reg_reg[3][4]/D       -       -       F     DFFQ_X1M_A9TL          1     -     0    3100 
#---------------------------------------------------------------------------------------------------------



Path 2: MET (0 ps) Setup Check with Pin u_vec_mul_ew/b_reg_reg[3][2]/CK->D
          Group: in2reg
     Startpoint: (R) offset_in[0]
          Clock: (R) clk
       Endpoint: (F) u_vec_mul_ew/b_reg_reg[3][2]/D
          Clock: (R) clk

                     Capture       Launch     
        Clock Edge:+    3300            0     
        Drv Adjust:+       0           88     
       Src Latency:+       0            0     
       Net Latency:+       0 (I)        0 (I) 
           Arrival:=    3300           88     
                                              
             Setup:-      67                  
       Uncertainty:-     125                  
     Required Time:=    3108                  
      Launch Clock:-      88                  
       Input Delay:-     990                  
         Data Path:-    2031                  
             Slack:=       0                  

Exceptions/Constraints:
  input_delay             990             dut.sdc_line_15_76_1   

#--------------------------------------------------------------------------------------------------------
#            Timing Point              Flags    Arc    Edge       Cell        Fanout Trans Delay Arrival 
#                                                                                     (ps)  (ps)   (ps)  
#--------------------------------------------------------------------------------------------------------
  offset_in[0]                         -       -       R     (arrival)            10   170     0    1078 
  u_sub/g8766__2346/Y                  -       A->Y    F     NAND2XB_X3M_A9TL      3    94    90    1168 
  u_sub/g8593__2346/CON                -       CI->CON R     CGENI_X2M_A9TL        2   227   166    1334 
  u_sub/g8585__1881/Y                  -       A->Y    F     NAND2XB_X6M_A9TL      2    84    75    1408 
  u_sub/g8569__4319/Y                  -       A->Y    R     NAND2XB_X6M_A9TL      2    76    70    1478 
  u_sub/g8558__9315/Y                  -       A->Y    F     NAND2XB_X6M_A9TL      2    50    51    1529 
  u_sub/g8544__6783/Y                  -       A->Y    R     NAND2XB_X6M_A9TL      2    77    58    1587 
  u_sub/g8538__2398/Y                  -       A->Y    F     NAND2_X6M_A9TL        2    63    51    1638 
  u_sub/g8523__7098/Y                  -       A->Y    R     NAND2XB_X6M_A9TL      2    75    63    1701 
  u_sub/g8503__2346/Y                  -       A->Y    F     NAND2_X6M_A9TL        2    63    51    1752 
  u_sub/g8496__5115/Y                  -       A->Y    R     NAND2XB_X6M_A9TL      2    75    63    1815 
  u_sub/g8479__5477/Y                  -       A->Y    F     NAND2_X6M_A9TL        2    69    55    1870 
  u_sub/g8472__9315/Y                  -       A->Y    R     NAND2XB_X8M_A9TL      3    84    71    1941 
  u_sub/g8419__2346/Y                  -       A->Y    F     NAND2_X4M_A9TL        2    65    56    1997 
  u_sub/g8410__4733/Y                  -       AN->Y   F     NOR2B_X8M_A9TL        5    81   135    2132 
  u_sub/g8340__1617/Y                  -       A->Y    R     NAND2XB_X4M_A9TL      1    96    83    2216 
  u_sub/g8308__8428/Y                  -       B->Y    F     NAND2_X8M_A9TL        5    94    67    2283 
  gen_exp[3].u_exp/u_quad/g120__4733/Y -       A->Y    F     OR2_X2M_A9TL          2    77   146    2429 
  gen_exp[3].u_exp/u_quad/g2__7482/Y   -       B->Y    R     NOR2B_X4M_A9TL        2   135   118    2547 
  gen_exp[3].u_exp/g292__1705/Y        -       S0->Y   R     MXIT2_X4M_A9TL        2   151   119    2667 
  gen_exp[3].u_exp/g291__2802/Y        -       A->Y    F     NAND2_X6M_A9TL        3    77    75    2741 
  gen_exp[3].u_exp/g289__3680/Y        -       A->Y    R     NAND2XB_X3M_A9TL      1    67    63    2805 
  gen_exp[3].u_exp/g286__5526/Y        -       A->Y    F     NAND2XB_X2M_A9TL      1    53    51    2856 
  gen_exp[3].u_exp/g2__6131/Y          -       A->Y    F     AND2_X2M_A9TL         2    59   120    2976 
  g6576/Y                              -       A0->Y   F     OA21_X2M_A9TL         1    51   132    3108 
  u_vec_mul_ew/b_reg_reg[3][2]/D       -       -       F     DFFQ_X2M_A9TL         1     -     0    3108 
#--------------------------------------------------------------------------------------------------------



Path 3: MET (0 ps) Setup Check with Pin u_vec_mul_ew/b_reg_reg[1][3]/CK->D
          Group: in2reg
     Startpoint: (R) offset_in[2]
          Clock: (R) clk
       Endpoint: (R) u_vec_mul_ew/b_reg_reg[1][3]/D
          Clock: (R) clk

                     Capture       Launch     
        Clock Edge:+    3300            0     
        Drv Adjust:+       0           78     
       Src Latency:+       0            0     
       Net Latency:+       0 (I)        0 (I) 
           Arrival:=    3300           78     
                                              
             Setup:-      66                  
       Uncertainty:-     125                  
     Required Time:=    3109                  
      Launch Clock:-      78                  
       Input Delay:-     990                  
         Data Path:-    2041                  
             Slack:=       0                  

Exceptions/Constraints:
  input_delay             990             dut.sdc_line_15_74_1   

#-------------------------------------------------------------------------------------------------------
#            Timing Point              Flags   Arc   Edge       Cell         Fanout Trans Delay Arrival 
#                                                                                    (ps)  (ps)   (ps)  
#-------------------------------------------------------------------------------------------------------
  offset_in[2]                         -       -     R     (arrival)              7   152     0    1068 
  u_sub/g8759/Y                        -       A->Y  F     INV_X6M_A9TL           4    57    60    1128 
  u_sub/g8650__8246/Y                  -       A->Y  R     MXIT2_X2M_A9TL         2   173   106    1234 
  u_sub/g8589__6161/Y                  -       BN->Y R     NAND2XB_X4M_A9TL       2    84   160    1394 
  u_sub/g8573__3680/Y                  -       A->Y  F     NAND2XB_X4M_A9TL       2    59    59    1452 
  u_sub/g8565__5477/Y                  -       A->Y  R     NAND2XB_X4M_A9TL       2    93    73    1526 
  u_sub/g8549__5122/Y                  -       A->Y  F     NAND2XB_X6M_A9TL       2    54    54    1580 
  u_sub/g8541__4319/Y                  -       A->Y  R     NAND2_X6M_A9TL         2    82    58    1638 
  u_sub/g8529__6161/Y                  -       A->Y  F     NAND2XB_X6M_A9TL       2    52    52    1691 
  u_sub/g8505__7410/Y                  -       A->Y  R     NAND2_X6M_A9TL         2    82    58    1748 
  u_sub/g8497__7482/Y                  -       A->Y  F     NAND2XB_X6M_A9TL       2    52    52    1801 
  u_sub/g8481__5107/Y                  -       A->Y  R     NAND2_X6M_A9TL         2    90    62    1863 
  u_sub/g8473__9945/Y                  -       A->Y  F     NAND2XB_X8M_A9TL       3    56    56    1919 
  u_sub/g8421__7410/Y                  -       B->Y  R     NAND2_X4M_A9TL         2    76    70    1989 
  u_sub/g8413__9945/Y                  -       AN->Y R     NOR2B_X8M_A9TL         5   131   148    2138 
  u_sub/g8346__6131/Y                  -       A->Y  F     NAND2_X3A_A9TL         1    89    78    2215 
  u_sub/g8314__1705/Y                  -       A->Y  R     NAND2_X4B_A9TL         2    78    68    2283 
  gen_exp[1].u_exp/u_quad/g117/Y       -       A->Y  F     INV_X3M_A9TL           2    50    57    2340 
  gen_exp[1].u_exp/u_quad/g114__3680/Y -       A->Y  R     NOR2_X6A_A9TL          2    87    74    2414 
  gen_exp[1].u_exp/u_quad/g2__2802/Y   -       AN->Y R     NOR2B_X6M_A9TL         2    96   135    2549 
  gen_exp[1].u_exp/g292__6260/Y        -       S0->Y R     MXIT2_X4M_A9TL         2   153   107    2655 
  gen_exp[1].u_exp/g291__5107/Y        -       A->Y  F     NAND2_X6M_A9TL         3    77    74    2730 
  gen_exp[1].u_exp/g288__6417/Y        -       B->Y  R     NAND3XXB_X6M_A9TL      3   117    96    2826 
  gen_exp[1].u_exp/g2/Y                -       B->Y  R     XNOR2_X3M_A9TL         2   180   145    2970 
  g6570/Y                              -       A0->Y R     OA21_X2M_A9TL          1    57   138    3108 
  u_vec_mul_ew/b_reg_reg[1][3]/D       -       -     R     DFFQ_X2M_A9TL          1     -     0    3109 
#-------------------------------------------------------------------------------------------------------



Path 4: MET (0 ps) Setup Check with Pin u_vec_mul_ew/b_reg_reg[7][3]/CK->D
          Group: in2reg
     Startpoint: (R) offset_in[0]
          Clock: (R) clk
       Endpoint: (R) u_vec_mul_ew/b_reg_reg[7][3]/D
          Clock: (R) clk

                     Capture       Launch     
        Clock Edge:+    3300            0     
        Drv Adjust:+       0           88     
       Src Latency:+       0            0     
       Net Latency:+       0 (I)        0 (I) 
           Arrival:=    3300           88     
                                              
             Setup:-      66                  
       Uncertainty:-     125                  
     Required Time:=    3109                  
      Launch Clock:-      88                  
       Input Delay:-     990                  
         Data Path:-    2031                  
             Slack:=       0                  

Exceptions/Constraints:
  input_delay             990             dut.sdc_line_15_76_1   

#---------------------------------------------------------------------------------------------------------
#            Timing Point              Flags    Arc    Edge       Cell         Fanout Trans Delay Arrival 
#                                                                                      (ps)  (ps)   (ps)  
#---------------------------------------------------------------------------------------------------------
  offset_in[0]                         -       -       R     (arrival)             10   170     0    1078 
  u_sub/g8768__7410/Y                  -       A->Y    F     NAND2XB_X3M_A9TL       3    94    90    1168 
  u_sub/g8592__2883/CON                -       CI->CON R     CGENI_X2M_A9TL         2   227   166    1334 
  u_sub/g8582__8246/Y                  -       A->Y    F     NAND2XB_X6M_A9TL       2    90    82    1416 
  u_sub/g8570__8428/Y                  -       A->Y    R     NAND2XB_X8M_A9TL       2    72    69    1485 
  u_sub/g8562__1666/Y                  -       A->Y    F     NAND2XB_X8M_A9TL       2    48    49    1534 
  u_sub/g8547__2802/Y                  -       A->Y    R     NAND2XB_X8M_A9TL       2    67    52    1586 
  u_sub/g8540__6260/Y                  -       A->Y    F     NAND2_X6M_A9TL         2    63    49    1635 
  u_sub/g8522__8246/Y                  -       A->Y    R     NAND2XB_X6M_A9TL       2    75    63    1698 
  u_sub/g8502__2883/Y                  -       A->Y    F     NAND2_X6M_A9TL         2    63    51    1749 
  u_sub/g8494__6131/Y                  -       A->Y    R     NAND2XB_X6M_A9TL       2    75    63    1812 
  u_sub/g8478__6417/Y                  -       A->Y    F     NAND2_X6M_A9TL         2    69    55    1867 
  u_sub/g8470__4733/Y                  -       A->Y    R     NAND2XB_X8M_A9TL       3    88    74    1941 
  u_sub/g8424__2398/Y                  -       A->Y    F     NOR2XB_X8M_A9TL        2    68    63    2004 
  u_sub/g8411__6161/Y                  -       B->Y    R     NOR2B_X8M_A9TL         5   120   108    2112 
  u_sub/g8347__1881/Y                  -       A->Y    F     NAND2_X2A_A9TL         1   102    89    2201 
  u_sub/g8315__5122/Y                  -       A->Y    R     NAND2_X4A_A9TL         2    66    72    2273 
  gen_exp[7].u_exp/u_quad/g117/Y       -       A->Y    F     INV_X3M_A9TL           2    41    48    2320 
  gen_exp[7].u_exp/u_quad/g114__4319/Y -       A->Y    R     NOR2_X4A_A9TL          2    95    75    2396 
  gen_exp[7].u_exp/u_quad/g2__5526/Y   -       AN->Y   R     NOR2B_X4M_A9TL         2   127   154    2549 
  gen_exp[7].u_exp/g292__6417/Y        -       S0->Y   R     MXIT2_X4M_A9TL         2   158   121    2670 
  gen_exp[7].u_exp/g291__7410/Y        -       A->Y    F     NAND2_X6M_A9TL         3    81    79    2749 
  gen_exp[7].u_exp/g288__2883/Y        -       A->Y    R     NAND3XXB_X6M_A9TL      3   123    92    2842 
  gen_exp[7].u_exp/g283__6161/Y        -       S0->Y   R     MXIT2_X2M_A9TL         2   193   125    2966 
  g6595/Y                              -       A0->Y   R     OA21_X2M_A9TL          1    57   142    3108 
  u_vec_mul_ew/b_reg_reg[7][3]/D       -       -       R     DFFQ_X2M_A9TL          1     -     0    3108 
#---------------------------------------------------------------------------------------------------------



Path 5: MET (1 ps) Setup Check with Pin u_vec_mul_ew/b_reg_reg[7][3]/CK->D
          Group: in2reg
     Startpoint: (R) offset_in[0]
          Clock: (R) clk
       Endpoint: (R) u_vec_mul_ew/b_reg_reg[7][3]/D
          Clock: (R) clk

                     Capture       Launch     
        Clock Edge:+    3300            0     
        Drv Adjust:+       0           88     
       Src Latency:+       0            0     
       Net Latency:+       0 (I)        0 (I) 
           Arrival:=    3300           88     
                                              
             Setup:-      66                  
       Uncertainty:-     125                  
     Required Time:=    3109                  
      Launch Clock:-      88                  
       Input Delay:-     990                  
         Data Path:-    2030                  
             Slack:=       1                  

Exceptions/Constraints:
  input_delay             990             dut.sdc_line_15_76_1   

#---------------------------------------------------------------------------------------------------------
#            Timing Point              Flags    Arc    Edge       Cell         Fanout Trans Delay Arrival 
#                                                                                      (ps)  (ps)   (ps)  
#---------------------------------------------------------------------------------------------------------
  offset_in[0]                         -       -       R     (arrival)             10   170     0    1078 
  u_sub/g8768__7410/Y                  -       A->Y    F     NAND2XB_X3M_A9TL       3    94    90    1168 
  u_sub/g8592__2883/CON                -       CI->CON R     CGENI_X2M_A9TL         2   227   166    1334 
  u_sub/g8582__8246/Y                  -       A->Y    F     NAND2XB_X6M_A9TL       2    90    82    1416 
  u_sub/g8570__8428/Y                  -       A->Y    R     NAND2XB_X8M_A9TL       2    72    69    1485 
  u_sub/g8562__1666/Y                  -       A->Y    F     NAND2XB_X8M_A9TL       2    48    49    1534 
  u_sub/g8547__2802/Y                  -       A->Y    R     NAND2XB_X8M_A9TL       2    67    52    1586 
  u_sub/g8540__6260/Y                  -       A->Y    F     NAND2_X6M_A9TL         2    63    49    1635 
  u_sub/g8522__8246/Y                  -       A->Y    R     NAND2XB_X6M_A9TL       2    75    63    1698 
  u_sub/g8502__2883/Y                  -       A->Y    F     NAND2_X6M_A9TL         2    63    51    1749 
  u_sub/g8494__6131/Y                  -       A->Y    R     NAND2XB_X6M_A9TL       2    75    63    1812 
  u_sub/g8478__6417/Y                  -       A->Y    F     NAND2_X6M_A9TL         2    69    55    1867 
  u_sub/g8470__4733/Y                  -       A->Y    R     NAND2XB_X8M_A9TL       3    88    74    1941 
  u_sub/g8420__1666/Y                  -       B->Y    F     NAND2_X4M_A9TL         2    74    61    2002 
  u_sub/g8411__6161/Y                  -       AN->Y   F     NOR2B_X8M_A9TL         5    76   137    2139 
  u_sub/g8339__3680/Y                  -       A->Y    R     NAND2XB_X3M_A9TL       1   114    91    2230 
  u_sub/g8298__2883/Y                  -       B->Y    F     NAND2_X8M_A9TL         5    62    70    2300 
  gen_exp[7].u_exp/u_quad/g120__6783/Y -       A->Y    F     OR2_X2M_A9TL           2    76   136    2436 
  gen_exp[7].u_exp/u_quad/g2__5526/Y   -       B->Y    R     NOR2B_X4M_A9TL         2   127   113    2549 
  gen_exp[7].u_exp/g292__6417/Y        -       S0->Y   R     MXIT2_X4M_A9TL         2   158   121    2670 
  gen_exp[7].u_exp/g291__7410/Y        -       A->Y    F     NAND2_X6M_A9TL         3    81    79    2749 
  gen_exp[7].u_exp/g288__2883/Y        -       A->Y    R     NAND3XXB_X6M_A9TL      3   123    92    2842 
  gen_exp[7].u_exp/g283__6161/Y        -       S0->Y   R     MXIT2_X2M_A9TL         2   193   125    2966 
  g6595/Y                              -       A0->Y   R     OA21_X2M_A9TL          1    57   142    3108 
  u_vec_mul_ew/b_reg_reg[7][3]/D       -       -       R     DFFQ_X2M_A9TL          1     -     0    3108 
#---------------------------------------------------------------------------------------------------------



Path 6: MET (1 ps) Setup Check with Pin u_vec_mul_ew/b_reg_reg[1][2]/CK->D
          Group: in2reg
     Startpoint: (R) offset_in[2]
          Clock: (R) clk
       Endpoint: (F) u_vec_mul_ew/b_reg_reg[1][2]/D
          Clock: (R) clk

                     Capture       Launch     
        Clock Edge:+    3300            0     
        Drv Adjust:+       0           78     
       Src Latency:+       0            0     
       Net Latency:+       0 (I)        0 (I) 
           Arrival:=    3300           78     
                                              
             Setup:-      67                  
       Uncertainty:-     125                  
     Required Time:=    3108                  
      Launch Clock:-      78                  
       Input Delay:-     990                  
         Data Path:-    2040                  
             Slack:=       1                  

Exceptions/Constraints:
  input_delay             990             dut.sdc_line_15_74_1   

#------------------------------------------------------------------------------------------------------
#            Timing Point              Flags   Arc   Edge       Cell        Fanout Trans Delay Arrival 
#                                                                                   (ps)  (ps)   (ps)  
#------------------------------------------------------------------------------------------------------
  offset_in[2]                         -       -     R     (arrival)             7   152     0    1068 
  u_sub/g8759/Y                        -       A->Y  F     INV_X6M_A9TL          4    57    60    1128 
  u_sub/g8650__8246/Y                  -       A->Y  R     MXIT2_X2M_A9TL        2   173   106    1234 
  u_sub/g8589__6161/Y                  -       BN->Y R     NAND2XB_X4M_A9TL      2    84   160    1394 
  u_sub/g8573__3680/Y                  -       A->Y  F     NAND2XB_X4M_A9TL      2    59    59    1452 
  u_sub/g8565__5477/Y                  -       A->Y  R     NAND2XB_X4M_A9TL      2    93    73    1526 
  u_sub/g8549__5122/Y                  -       A->Y  F     NAND2XB_X6M_A9TL      2    54    54    1580 
  u_sub/g8541__4319/Y                  -       A->Y  R     NAND2_X6M_A9TL        2    82    58    1638 
  u_sub/g8529__6161/Y                  -       A->Y  F     NAND2XB_X6M_A9TL      2    52    52    1691 
  u_sub/g8505__7410/Y                  -       A->Y  R     NAND2_X6M_A9TL        2    82    58    1748 
  u_sub/g8497__7482/Y                  -       A->Y  F     NAND2XB_X6M_A9TL      2    52    52    1801 
  u_sub/g8481__5107/Y                  -       A->Y  R     NAND2_X6M_A9TL        2    90    62    1863 
  u_sub/g8473__9945/Y                  -       A->Y  F     NAND2XB_X8M_A9TL      3    56    56    1919 
  u_sub/g8421__7410/Y                  -       B->Y  R     NAND2_X4M_A9TL        2    76    70    1989 
  u_sub/g8413__9945/Y                  -       AN->Y R     NOR2B_X8M_A9TL        5   131   148    2138 
  u_sub/g8346__6131/Y                  -       A->Y  F     NAND2_X3A_A9TL        1    89    78    2215 
  u_sub/g8314__1705/Y                  -       A->Y  R     NAND2_X4B_A9TL        2    78    68    2283 
  gen_exp[1].u_exp/u_quad/g117/Y       -       A->Y  F     INV_X3M_A9TL          2    50    57    2340 
  gen_exp[1].u_exp/u_quad/g114__3680/Y -       A->Y  R     NOR2_X6A_A9TL         2    87    74    2414 
  gen_exp[1].u_exp/u_quad/g2__2802/Y   -       AN->Y R     NOR2B_X6M_A9TL        2    96   135    2549 
  gen_exp[1].u_exp/g292__6260/Y        -       S0->Y R     MXIT2_X4M_A9TL        2   153   107    2655 
  gen_exp[1].u_exp/g291__5107/Y        -       A->Y  F     NAND2_X6M_A9TL        3    77    74    2730 
  gen_exp[1].u_exp/g289__5477/Y        -       A->Y  R     NAND2XB_X2M_A9TL      1    82    72    2802 
  gen_exp[1].u_exp/g286__7410/Y        -       A->Y  F     NAND2XB_X2M_A9TL      1    54    54    2855 
  gen_exp[1].u_exp/g2__6783/Y          -       A->Y  F     AND2_X2M_A9TL         2    59   120    2976 
  g6571/Y                              -       A0->Y F     OA21_X2M_A9TL         1    51   132    3108 
  u_vec_mul_ew/b_reg_reg[1][2]/D       -       -     F     DFFQ_X2M_A9TL         1     -     0    3108 
#------------------------------------------------------------------------------------------------------



Path 7: MET (1 ps) Setup Check with Pin u_vec_mul_ew/b_reg_reg[5][3]/CK->D
          Group: in2reg
     Startpoint: (R) offset_in[0]
          Clock: (R) clk
       Endpoint: (R) u_vec_mul_ew/b_reg_reg[5][3]/D
          Clock: (R) clk

                     Capture       Launch     
        Clock Edge:+    3300            0     
        Drv Adjust:+       0           88     
       Src Latency:+       0            0     
       Net Latency:+       0 (I)        0 (I) 
           Arrival:=    3300           88     
                                              
             Setup:-      66                  
       Uncertainty:-     125                  
     Required Time:=    3109                  
      Launch Clock:-      88                  
       Input Delay:-     990                  
         Data Path:-    2030                  
             Slack:=       1                  

Exceptions/Constraints:
  input_delay             990             dut.sdc_line_15_76_1   

#---------------------------------------------------------------------------------------------------------
#            Timing Point              Flags    Arc    Edge       Cell         Fanout Trans Delay Arrival 
#                                                                                      (ps)  (ps)   (ps)  
#---------------------------------------------------------------------------------------------------------
  offset_in[0]                         -       -       R     (arrival)             10   170     0    1078 
  u_sub/g8774__4319/Y                  -       A->Y    F     NAND2XB_X3M_A9TL       3    94    90    1168 
  u_sub/g8590__9315/CON                -       CI->CON R     CGENI_X2M_A9TL         2   227   166    1334 
  u_sub/g8588__4733/Y                  -       A->Y    F     NAND2XB_X6M_A9TL       2    90    82    1416 
  u_sub/g8566__2398/Y                  -       A->Y    R     NAND2XB_X8M_A9TL       2    72    69    1485 
  u_sub/g8561__2346/Y                  -       A->Y    F     NAND2XB_X8M_A9TL       2    48    49    1534 
  u_sub/g8545__3680/Y                  -       A->Y    R     NAND2XB_X8M_A9TL       2    67    52    1586 
  u_sub/g8539__5107/Y                  -       A->Y    F     NAND2_X6M_A9TL         2    69    54    1639 
  u_sub/g8528__4733/Y                  -       A->Y    R     NAND2XB_X8M_A9TL       2    65    59    1698 
  u_sub/g8504__1666/Y                  -       A->Y    F     NAND2_X6M_A9TL         2    69    53    1751 
  u_sub/g8495__1881/Y                  -       A->Y    R     NAND2XB_X8M_A9TL       2    65    59    1810 
  u_sub/g8480__2398/Y                  -       A->Y    F     NAND2_X6M_A9TL         2    69    53    1863 
  u_sub/g8471__6161/Y                  -       A->Y    R     NAND2XB_X8M_A9TL       3    88    74    1937 
  u_sub/g8423__5477/Y                  -       A->Y    F     NOR2XB_X8M_A9TL        2    64    60    1997 
  u_sub/g8412__9315/Y                  -       B->Y    R     NOR2B_X8M_A9TL         5   126   110    2106 
  u_sub/g8349__7482/Y                  -       A->Y    F     NAND2_X2A_A9TL         1   102    91    2198 
  u_sub/g8317__7098/Y                  -       A->Y    R     NAND2_X4A_A9TL         2    69    75    2272 
  gen_exp[5].u_exp/u_quad/g117/Y       -       A->Y    F     INV_X4M_A9TL           2    35    42    2314 
  gen_exp[5].u_exp/u_quad/g114__2346/Y -       A->Y    R     NOR2_X4A_A9TL          2    95    73    2387 
  gen_exp[5].u_exp/u_quad/g2__7410/Y   -       AN->Y   R     NOR2B_X4M_A9TL         2   127   154    2541 
  gen_exp[5].u_exp/g292__4733/Y        -       S0->Y   R     MXIT2_X4M_A9TL         2   158   121    2662 
  gen_exp[5].u_exp/g291__7482/Y        -       A->Y    F     NAND2_X6M_A9TL         3    81    78    2741 
  gen_exp[5].u_exp/g288__6131/Y        -       B->Y    R     NAND3XXB_X6M_A9TL      3   123   101    2842 
  gen_exp[5].u_exp/g283__5122/Y        -       S0->Y   R     MXIT2_X2M_A9TL         2   193   125    2966 
  g6585/Y                              -       A0->Y   R     OA21_X2M_A9TL          1    57   142    3108 
  u_vec_mul_ew/b_reg_reg[5][3]/D       -       -       R     DFFQ_X2M_A9TL          1     -     0    3108 
#---------------------------------------------------------------------------------------------------------



Path 8: MET (1 ps) Setup Check with Pin u_vec_mul_ew/b_reg_reg[3][1]/CK->D
          Group: in2reg
     Startpoint: (R) offset_in[0]
          Clock: (R) clk
       Endpoint: (F) u_vec_mul_ew/b_reg_reg[3][1]/D
          Clock: (R) clk

                     Capture       Launch     
        Clock Edge:+    3300            0     
        Drv Adjust:+       0           88     
       Src Latency:+       0            0     
       Net Latency:+       0 (I)        0 (I) 
           Arrival:=    3300           88     
                                              
             Setup:-      73                  
       Uncertainty:-     125                  
     Required Time:=    3102                  
      Launch Clock:-      88                  
       Input Delay:-     990                  
         Data Path:-    2024                  
             Slack:=       1                  

Exceptions/Constraints:
  input_delay             990             dut.sdc_line_15_76_1   

#--------------------------------------------------------------------------------------------------------
#            Timing Point              Flags    Arc    Edge       Cell        Fanout Trans Delay Arrival 
#                                                                                     (ps)  (ps)   (ps)  
#--------------------------------------------------------------------------------------------------------
  offset_in[0]                         -       -       R     (arrival)            10   170     0    1078 
  u_sub/g8766__2346/Y                  -       A->Y    F     NAND2XB_X3M_A9TL      3    94    90    1168 
  u_sub/g8593__2346/CON                -       CI->CON R     CGENI_X2M_A9TL        2   227   166    1334 
  u_sub/g8585__1881/Y                  -       A->Y    F     NAND2XB_X6M_A9TL      2    84    75    1408 
  u_sub/g8569__4319/Y                  -       A->Y    R     NAND2XB_X6M_A9TL      2    76    70    1478 
  u_sub/g8558__9315/Y                  -       A->Y    F     NAND2XB_X6M_A9TL      2    50    51    1529 
  u_sub/g8544__6783/Y                  -       A->Y    R     NAND2XB_X6M_A9TL      2    77    58    1587 
  u_sub/g8538__2398/Y                  -       A->Y    F     NAND2_X6M_A9TL        2    63    51    1638 
  u_sub/g8523__7098/Y                  -       A->Y    R     NAND2XB_X6M_A9TL      2    75    63    1701 
  u_sub/g8503__2346/Y                  -       A->Y    F     NAND2_X6M_A9TL        2    63    51    1752 
  u_sub/g8496__5115/Y                  -       A->Y    R     NAND2XB_X6M_A9TL      2    75    63    1815 
  u_sub/g8479__5477/Y                  -       A->Y    F     NAND2_X6M_A9TL        2    69    55    1870 
  u_sub/g8472__9315/Y                  -       A->Y    R     NAND2XB_X8M_A9TL      3    84    71    1941 
  u_sub/g8419__2346/Y                  -       A->Y    F     NAND2_X4M_A9TL        2    65    56    1997 
  u_sub/g8410__4733/Y                  -       AN->Y   F     NOR2B_X8M_A9TL        5    81   135    2132 
  u_sub/g8348__5115/Y                  -       A->Y    R     NAND2_X3M_A9TL        1    93    76    2209 
  u_sub/g8325__9945/Y                  -       A->Y    F     NAND2_X4B_A9TL        2    94    75    2284 
  gen_exp[3].u_exp/u_quad/g117/Y       -       A->Y    R     INV_X3M_A9TL          2    70    73    2357 
  gen_exp[3].u_exp/u_quad/g112__6131/Y -       B->Y    F     NAND3_X2A_A9TR        1   154   130    2488 
  gen_exp[3].u_exp/u_quad/g109__8246/Y -       B->Y    R     NAND2_X4M_A9TL        2   107   118    2606 
  gen_exp[3].u_exp/g297__7098/Y        -       A->Y    F     NAND2_X6M_A9TL        3    65    64    2670 
  gen_exp[3].u_exp/g291__2802/Y        -       B->Y    R     NAND2_X6M_A9TL        3    83    81    2751 
  gen_exp[3].u_exp/fopt303/Y           -       A->Y    R     BUF_X1P7M_A9TL        1    58   110    2860 
  gen_exp[3].u_exp/g290__1617/Y        -       B0->Y   F     OAI21_X2M_A9TL        2    85    76    2936 
  g6577/Y                              -       A0->Y   F     OA21_X1M_A9TL         1    69   165    3101 
  u_vec_mul_ew/b_reg_reg[3][1]/D       -       -       F     DFFQ_X2M_A9TL         1     -     0    3101 
#--------------------------------------------------------------------------------------------------------



Path 9: MET (1 ps) Setup Check with Pin u_vec_mul_ew/b_reg_reg[0][2]/CK->D
          Group: in2reg
     Startpoint: (F) offset_in[2]
          Clock: (R) clk
       Endpoint: (F) u_vec_mul_ew/b_reg_reg[0][2]/D
          Clock: (R) clk

                     Capture       Launch     
        Clock Edge:+    3300            0     
        Drv Adjust:+       0           59     
       Src Latency:+       0            0     
       Net Latency:+       0 (I)        0 (I) 
           Arrival:=    3300           59     
                                              
             Setup:-      67                  
       Uncertainty:-     125                  
     Required Time:=    3108                  
      Launch Clock:-      59                  
       Input Delay:-     990                  
         Data Path:-    2058                  
             Slack:=       1                  

Exceptions/Constraints:
  input_delay             990             dut.sdc_line_15_74_1   

#------------------------------------------------------------------------------------------------------
#            Timing Point              Flags   Arc   Edge       Cell        Fanout Trans Delay Arrival 
#                                                                                   (ps)  (ps)   (ps)  
#------------------------------------------------------------------------------------------------------
  offset_in[2]                         -       -     F     (arrival)             7   115     0    1049 
  u_sub/g8762/Y                        -       A->Y  R     INV_X7P5M_A9TL       13   126   113    1162 
  u_sub/g8761/Y                        -       A->Y  F     INV_X7P5M_A9TL        4    52    56    1218 
  u_sub/g8663__7410/Y                  -       A->Y  R     MXIT2_X3M_A9TL        2   157    96    1313 
  u_sub/g8584__6131/Y                  -       B->Y  F     NAND2_X4M_A9TL        2    86    78    1391 
  u_sub/g8568__6260/Y                  -       A->Y  R     NAND2XB_X4M_A9TL      2    88    80    1471 
  u_sub/g8559__9945/Y                  -       B->Y  F     NAND2_X4M_A9TL        2    92    75    1545 
  u_sub/g8546__1617/Y                  -       A->Y  R     NAND2XB_X8M_A9TL      3    80    76    1622 
  u_sub/g8519__2802/Y                  -       A0->Y F     OAI2XB1_X8M_A9TL      2    79    67    1689 
  u_sub/g8506__6417/Y                  -       A0->Y R     OAI2XB1_X8M_A9TL      2   110    87    1776 
  u_sub/g8490__1705/Y                  -       B->Y  F     NAND2_X4M_A9TL        2    82    73    1849 
  u_sub/g8483__4319/Y                  -       A->Y  R     NAND2XB_X6M_A9TL      2    78    71    1920 
  u_sub/g8469/Y                        -       A->Y  F     INV_X4M_A9TL          2    47    54    1974 
  u_sub/g8464__5115/Y                  -       A->Y  R     NAND2XB_X8M_A9TL      2    69    52    2026 
  u_sub/g8434__6783/Y                  -       B->Y  R     AND2_X8M_A9TL         7    76   121    2147 
  u_sub/g8404__8246/Y                  -       A->Y  F     NAND2XB_X3M_A9TL      1    61    59    2206 
  u_sub/g8380__9315/Y                  -       B->Y  R     NAND2_X4A_A9TL        2    59    62    2268 
  gen_exp[0].u_exp/u_quad/g117/Y       -       A->Y  F     INV_X3M_A9TL          2    40    45    2313 
  gen_exp[0].u_exp/u_quad/g114__4319/Y -       A->Y  R     NOR2_X4A_A9TL         2    98    75    2388 
  gen_exp[0].u_exp/u_quad/g2__5526/Y   -       AN->Y R     NOR2B_X4M_A9TL        2   135   160    2547 
  gen_exp[0].u_exp/g292__6417/Y        -       S0->Y R     MXIT2_X4M_A9TL        2   159   124    2671 
  gen_exp[0].u_exp/g291__7410/Y        -       A->Y  F     NAND2_X6M_A9TL        3    79    76    2747 
  gen_exp[0].u_exp/g289__2346/Y        -       A->Y  R     NAND2XB_X2M_A9TL      1   102    86    2833 
  gen_exp[0].u_exp/g286__9945/Y        -       A->Y  F     NAND2XB_X4M_A9TL      1    49    48    2881 
  gen_exp[0].u_exp/g300__4319/Y        -       A->Y  F     AND2_X4M_A9TL         2    43    99    2980 
  g6566/Y                              -       A0->Y F     OA21_X2M_A9TL         1    51   127    3107 
  u_vec_mul_ew/b_reg_reg[0][2]/D       -       -     F     DFFQ_X2M_A9TL         1     -     0    3107 
#------------------------------------------------------------------------------------------------------



Path 10: MET (1 ps) Setup Check with Pin u_vec_mul_ew/a_reg_reg[2][2]/CK->D
          Group: in2reg
     Startpoint: (R) offset_in[0]
          Clock: (R) clk
       Endpoint: (R) u_vec_mul_ew/a_reg_reg[2][2]/D
          Clock: (R) clk

                     Capture       Launch     
        Clock Edge:+    3300            0     
        Drv Adjust:+       0           88     
       Src Latency:+       0            0     
       Net Latency:+       0 (I)        0 (I) 
           Arrival:=    3300           88     
                                              
             Setup:-      80                  
       Uncertainty:-     125                  
     Required Time:=    3095                  
      Launch Clock:-      88                  
       Input Delay:-     990                  
         Data Path:-    2016                  
             Slack:=       1                  

Exceptions/Constraints:
  input_delay             990             dut.sdc_line_15_76_1   

#---------------------------------------------------------------------------------------------------------
#             Timing Point              Flags    Arc    Edge       Cell        Fanout Trans Delay Arrival 
#                                                                                      (ps)  (ps)   (ps)  
#---------------------------------------------------------------------------------------------------------
  offset_in[0]                          -       -       R     (arrival)            10   170     0    1078 
  u_sub/g8770__5477/Y                   -       A->Y    F     NAND2XB_X3M_A9TL      3    94    90    1168 
  u_sub/g8595__7410/CON                 -       CI->CON R     CGENI_X2M_A9TL        2   205   153    1321 
  u_sub/g8587__7482/Y                   -       A->Y    F     NAND2_X4M_A9TL        2    87    82    1403 
  u_sub/g8571__5526/Y                   -       A->Y    R     NAND2XB_X4M_A9TL      2    96    85    1488 
  u_sub/g8564__6417/Y                   -       A->Y    F     NAND2_X6M_A9TL        2    70    59    1547 
  u_sub/g8542__8428/Y                   -       A->Y    R     NAND2XB_X8M_A9TL      3    80    69    1616 
  u_sub/g8521__5122/Y                   -       A0->Y   F     OAI2XB1_X8M_A9TL      2    74    64    1680 
  u_sub/g8512__8428/Y                   -       A0->Y   R     OAI2XB1_X6M_A9TL      2   115    93    1774 
  u_sub/g8492__8246/Y                   -       B->Y    F     NAND2_X4M_A9TL        2    82    75    1848 
  u_sub/g8488__1617/Y                   -       A->Y    R     NAND2XB_X6M_A9TL      2    78    71    1920 
  u_sub/g8462__6131/Y                   -       A->Y    F     NAND2XB_X3M_A9TL      2    78    70    1989 
  u_sub/g8435__3680/Y                   -       A->Y    F     AND2_X8M_A9TL         7    58   124    2113 
  u_sub/g8405__7098/Y                   -       A->Y    R     NAND2XB_X3M_A9TL      1    86    69    2182 
  u_sub/g8381__9945/Y                   -       B->Y    F     NAND2_X4A_A9TL        2    74    71    2253 
  gen_exp[2].u_exp/g126/Y               -       A->Y    F     BUF_X5M_A9TL          3    54   117    2370 
  gen_exp[2].u_exp/u_round/g219__2883/Y -       A->Y    R     NAND2_X6A_A9TL        3    83    64    2435 
  gen_exp[2].u_exp/u_round/g218/Y       -       A->Y    F     INV_X2M_A9TL          1    39    46    2480 
  gen_exp[2].u_exp/u_round/g214__9315/Y -       B->Y    R     NOR2_X2A_A9TL         1   107    86    2567 
  gen_exp[2].u_exp/u_round/g213__6161/Y -       AN->Y   R     NAND2B_X6M_A9TL       4    95   137    2704 
  u_lut/g2__2883/Y                      -       BN->Y   R     NAND2XB_X8M_A9TL      3    79   128    2832 
  u_lut/g1580/Y                         -       A->Y    F     INV_X4M_A9TL          1    33    38    2870 
  u_lut/g1548__2802/Y                   -       B->Y    R     NOR2_X4M_A9TL         1    89    68    2938 
  g6848/Y                               -       B->Y    F     NOR2_X4A_A9TL         2    60    62    3001 
  g6626/Y                               -       A0->Y   R     OAI21_X2M_A9TL        1   109    92    3093 
  u_vec_mul_ew/a_reg_reg[2][2]/D        -       -       R     DFFQ_X1M_A9TL         1     -     0    3093 
#---------------------------------------------------------------------------------------------------------



Path 11: MET (1 ps) Setup Check with Pin u_vec_mul_ew/a_reg_reg[1][2]/CK->D
          Group: in2reg
     Startpoint: (R) offset_in[2]
          Clock: (R) clk
       Endpoint: (F) u_vec_mul_ew/a_reg_reg[1][2]/D
          Clock: (R) clk

                     Capture       Launch     
        Clock Edge:+    3300            0     
        Drv Adjust:+       0           78     
       Src Latency:+       0            0     
       Net Latency:+       0 (I)        0 (I) 
           Arrival:=    3300           78     
                                              
             Setup:-      78                  
       Uncertainty:-     125                  
     Required Time:=    3098                  
      Launch Clock:-      78                  
       Input Delay:-     990                  
         Data Path:-    2028                  
             Slack:=       1                  

Exceptions/Constraints:
  input_delay             990             dut.sdc_line_15_74_1   

#-------------------------------------------------------------------------------------------------------
#             Timing Point              Flags   Arc   Edge       Cell        Fanout Trans Delay Arrival 
#                                                                                    (ps)  (ps)   (ps)  
#-------------------------------------------------------------------------------------------------------
  offset_in[2]                          -       -     R     (arrival)             7   152     0    1068 
  u_sub/g8759/Y                         -       A->Y  F     INV_X6M_A9TL          4    57    60    1128 
  u_sub/g8650__8246/Y                   -       A->Y  R     MXIT2_X2M_A9TL        2   173   106    1234 
  u_sub/g8589__6161/Y                   -       BN->Y R     NAND2XB_X4M_A9TL      2    84   160    1394 
  u_sub/g8573__3680/Y                   -       A->Y  F     NAND2XB_X4M_A9TL      2    59    59    1452 
  u_sub/g8565__5477/Y                   -       A->Y  R     NAND2XB_X4M_A9TL      2    93    73    1526 
  u_sub/g8549__5122/Y                   -       A->Y  F     NAND2XB_X6M_A9TL      2    54    54    1580 
  u_sub/g8541__4319/Y                   -       A->Y  R     NAND2_X6M_A9TL        2    82    58    1638 
  u_sub/g8529__6161/Y                   -       A->Y  F     NAND2XB_X6M_A9TL      2    52    52    1691 
  u_sub/g8505__7410/Y                   -       A->Y  R     NAND2_X6M_A9TL        2    82    58    1748 
  u_sub/g8497__7482/Y                   -       A->Y  F     NAND2XB_X6M_A9TL      2    52    52    1801 
  u_sub/g8481__5107/Y                   -       A->Y  R     NAND2_X6M_A9TL        2    90    62    1863 
  u_sub/g8473__9945/Y                   -       A->Y  F     NAND2XB_X8M_A9TL      3    56    56    1919 
  u_sub/g8421__7410/Y                   -       B->Y  R     NAND2_X4M_A9TL        2    76    70    1989 
  u_sub/g8413__9945/Y                   -       AN->Y R     NOR2B_X8M_A9TL        5   131   148    2138 
  u_sub/g8346__6131/Y                   -       A->Y  F     NAND2_X3A_A9TL        1    89    78    2215 
  u_sub/g8314__1705/Y                   -       A->Y  R     NAND2_X4B_A9TL        2    78    68    2283 
  gen_exp[1].u_exp/g126/Y               -       A->Y  R     BUFH_X3M_A9TL         4    99   113    2396 
  gen_exp[1].u_exp/u_round/g218__9315/Y -       B->Y  R     AND2_X4M_A9TL         2    60   116    2513 
  gen_exp[1].u_exp/u_round/g214__7482/Y -       B->Y  F     NOR2_X3M_A9TL         1    95    59    2572 
  gen_exp[1].u_exp/u_round/g213__5115/Y -       AN->Y F     NAND2B_X8M_A9TL       4    70   134    2706 
  u_lut/g1626/Y                         -       A->Y  R     INV_X4M_A9TL          1    49    53    2759 
  u_lut/g1586__5122/Y                   -       A->Y  F     NAND2_X6B_A9TL        3    93    68    2827 
  u_lut/g1578/Y                         -       A->Y  R     INV_X4M_A9TL          1    47    53    2880 
  u_lut/g1553__6131/Y                   -       B->Y  F     NOR2_X4M_A9TL         1    55    54    2934 
  g6917/Y                               -       A->Y  R     NOR2_X6A_A9TR         2    94    87    3021 
  g6645/Y                               -       A0->Y F     OAI21_X2M_A9TL        1    83    75    3096 
  u_vec_mul_ew/a_reg_reg[1][2]/D        -       -     F     DFFQ_X2M_A9TL         1     -     0    3096 
#-------------------------------------------------------------------------------------------------------



Path 12: MET (2 ps) Setup Check with Pin u_vec_mul_ew/a_reg_reg[3][0]/CK->D
          Group: in2reg
     Startpoint: (R) offset_in[0]
          Clock: (R) clk
       Endpoint: (R) u_vec_mul_ew/a_reg_reg[3][0]/D
          Clock: (R) clk

                     Capture       Launch     
        Clock Edge:+    3300            0     
        Drv Adjust:+       0           88     
       Src Latency:+       0            0     
       Net Latency:+       0 (I)        0 (I) 
           Arrival:=    3300           88     
                                              
             Setup:-      81                  
       Uncertainty:-     125                  
     Required Time:=    3094                  
      Launch Clock:-      88                  
       Input Delay:-     990                  
         Data Path:-    2015                  
             Slack:=       2                  

Exceptions/Constraints:
  input_delay             990             dut.sdc_line_15_76_1   

#---------------------------------------------------------------------------------------------------------
#             Timing Point              Flags    Arc    Edge       Cell        Fanout Trans Delay Arrival 
#                                                                                      (ps)  (ps)   (ps)  
#---------------------------------------------------------------------------------------------------------
  offset_in[0]                          -       -       R     (arrival)            10   170     0    1078 
  u_sub/g8766__2346/Y                   -       A->Y    F     NAND2XB_X3M_A9TL      3    94    90    1168 
  u_sub/g8593__2346/CON                 -       CI->CON R     CGENI_X2M_A9TL        2   227   166    1334 
  u_sub/g8585__1881/Y                   -       A->Y    F     NAND2XB_X6M_A9TL      2    84    75    1408 
  u_sub/g8569__4319/Y                   -       A->Y    R     NAND2XB_X6M_A9TL      2    76    70    1478 
  u_sub/g8558__9315/Y                   -       A->Y    F     NAND2XB_X6M_A9TL      2    50    51    1529 
  u_sub/g8544__6783/Y                   -       A->Y    R     NAND2XB_X6M_A9TL      2    77    58    1587 
  u_sub/g8538__2398/Y                   -       A->Y    F     NAND2_X6M_A9TL        2    63    51    1638 
  u_sub/g8523__7098/Y                   -       A->Y    R     NAND2XB_X6M_A9TL      2    75    63    1701 
  u_sub/g8503__2346/Y                   -       A->Y    F     NAND2_X6M_A9TL        2    63    51    1752 
  u_sub/g8496__5115/Y                   -       A->Y    R     NAND2XB_X6M_A9TL      2    75    63    1815 
  u_sub/g8479__5477/Y                   -       A->Y    F     NAND2_X6M_A9TL        2    69    55    1870 
  u_sub/g8472__9315/Y                   -       A->Y    R     NAND2XB_X8M_A9TL      3    84    71    1941 
  u_sub/g8419__2346/Y                   -       A->Y    F     NAND2_X4M_A9TL        2    65    56    1997 
  u_sub/g8410__4733/Y                   -       AN->Y   F     NOR2B_X8M_A9TL        5    81   135    2132 
  u_sub/g8348__5115/Y                   -       A->Y    R     NAND2_X3M_A9TL        1    93    76    2209 
  u_sub/g8325__9945/Y                   -       A->Y    F     NAND2_X4B_A9TL        2    94    75    2284 
  gen_exp[3].u_exp/g126/Y               -       A->Y    F     BUFH_X3M_A9TL         4    69   116    2399 
  gen_exp[3].u_exp/u_round/g217__5477/Y -       C->Y    F     AND3_X4M_A9TL         3    69   158    2557 
  gen_exp[3].u_exp/u_round/g211__2883/Y -       A->Y    R     NAND2_X6M_A9TL        2    92    65    2622 
  gen_exp[3].u_exp/u_round/g209__9945/Y -       B0->Y   F     OAI2XB1_X3M_A9TL      1    77    77    2699 
  u_lut/fopt1/Y                         -       A->Y    R     INV_X4M_A9TL          2    62    65    2764 
  u_lut/fopt/Y                          -       A->Y    F     INV_X4M_A9TL          4    61    61    2825 
  u_lut/g1577__1705/Y                   -       A0->Y   R     OAI2XB1_X3M_A9TL      1   104    94    2919 
  g6871/Y                               -       B->Y    F     NOR2_X3A_A9TL         2    69    77    2996 
  g6653/Y                               -       A0->Y   R     OAI21_X2M_A9TL        1   126    97    3092 
  u_vec_mul_ew/a_reg_reg[3][0]/D        -       -       R     DFFQ_X2M_A9TL         1     -     0    3093 
#---------------------------------------------------------------------------------------------------------



Path 13: MET (2 ps) Setup Check with Pin u_vec_mul_ew/a_reg_reg[1][2]/CK->D
          Group: in2reg
     Startpoint: (R) offset_in[0]
          Clock: (R) clk
       Endpoint: (R) u_vec_mul_ew/a_reg_reg[1][2]/D
          Clock: (R) clk

                     Capture       Launch     
        Clock Edge:+    3300            0     
        Drv Adjust:+       0           88     
       Src Latency:+       0            0     
       Net Latency:+       0 (I)        0 (I) 
           Arrival:=    3300           88     
                                              
             Setup:-      77                  
       Uncertainty:-     125                  
     Required Time:=    3098                  
      Launch Clock:-      88                  
       Input Delay:-     990                  
         Data Path:-    2018                  
             Slack:=       2                  

Exceptions/Constraints:
  input_delay             990             dut.sdc_line_15_76_1   

#---------------------------------------------------------------------------------------------------------
#             Timing Point              Flags    Arc    Edge       Cell        Fanout Trans Delay Arrival 
#                                                                                      (ps)  (ps)   (ps)  
#---------------------------------------------------------------------------------------------------------
  offset_in[0]                          -       -       R     (arrival)            10   170     0    1078 
  u_sub/g8773__6260/Y                   -       A->Y    F     NAND2XB_X4M_A9TL      3    82    78    1155 
  u_sub/g8597__5477/CON                 -       CI->CON R     CGENI_X2M_A9TL        2   199   147    1302 
  u_sub/g8589__6161/Y                   -       A->Y    F     NAND2XB_X4M_A9TL      2    85    79    1381 
  u_sub/g8573__3680/Y                   -       A->Y    R     NAND2XB_X4M_A9TL      2    86    78    1459 
  u_sub/g8565__5477/Y                   -       A->Y    F     NAND2XB_X4M_A9TL      2    64    64    1522 
  u_sub/g8549__5122/Y                   -       A->Y    R     NAND2XB_X6M_A9TL      2    77    64    1586 
  u_sub/g8541__4319/Y                   -       A->Y    F     NAND2_X6M_A9TL        2    63    51    1637 
  u_sub/g8529__6161/Y                   -       A->Y    R     NAND2XB_X6M_A9TL      2    75    63    1700 
  u_sub/g8505__7410/Y                   -       A->Y    F     NAND2_X6M_A9TL        2    63    51    1751 
  u_sub/g8497__7482/Y                   -       A->Y    R     NAND2XB_X6M_A9TL      2    75    63    1814 
  u_sub/g8481__5107/Y                   -       A->Y    F     NAND2_X6M_A9TL        2    69    55    1869 
  u_sub/g8473__9945/Y                   -       A->Y    R     NAND2XB_X8M_A9TL      3    79    68    1938 
  u_sub/g8421__7410/Y                   -       B->Y    F     NAND2_X4M_A9TL        2    74    59    1997 
  u_sub/g8413__9945/Y                   -       AN->Y   F     NOR2B_X8M_A9TL        5    89   140    2137 
  u_sub/g8346__6131/Y                   -       A->Y    R     NAND2_X3A_A9TL        1    76    66    2203 
  u_sub/g8314__1705/Y                   -       A->Y    F     NAND2_X4B_A9TL        2    92    71    2274 
  gen_exp[1].u_exp/g126/Y               -       A->Y    F     BUFH_X3M_A9TL         4    69   115    2389 
  gen_exp[1].u_exp/u_round/g218__9315/Y -       B->Y    F     AND2_X4M_A9TL         2    47   117    2506 
  gen_exp[1].u_exp/u_round/g214__7482/Y -       B->Y    R     NOR2_X3M_A9TL         1   108    80    2587 
  gen_exp[1].u_exp/u_round/g213__5115/Y -       AN->Y   R     NAND2B_X8M_A9TL       4    88   136    2723 
  u_lut/g1626/Y                         -       A->Y    F     INV_X4M_A9TL          1    40    45    2768 
  u_lut/g1586__5122/Y                   -       A->Y    R     NAND2_X6B_A9TL        3    76    52    2820 
  u_lut/g1578/Y                         -       A->Y    F     INV_X4M_A9TL          1    32    38    2858 
  u_lut/g1553__6131/Y                   -       B->Y    R     NOR2_X4M_A9TL         1    90    76    2934 
  g6917/Y                               -       A->Y    F     NOR2_X6A_A9TR         2    55    69    3003 
  g6645/Y                               -       A0->Y   R     OAI21_X2M_A9TL        1   109    92    3096 
  u_vec_mul_ew/a_reg_reg[1][2]/D        -       -       R     DFFQ_X2M_A9TL         1     -     0    3096 
#---------------------------------------------------------------------------------------------------------



Path 14: MET (2 ps) Setup Check with Pin u_vec_mul_ew/b_reg_reg[1][3]/CK->D
          Group: in2reg
     Startpoint: (R) offset_in[0]
          Clock: (R) clk
       Endpoint: (R) u_vec_mul_ew/b_reg_reg[1][3]/D
          Clock: (R) clk

                     Capture       Launch     
        Clock Edge:+    3300            0     
        Drv Adjust:+       0           88     
       Src Latency:+       0            0     
       Net Latency:+       0 (I)        0 (I) 
           Arrival:=    3300           88     
                                              
             Setup:-      66                  
       Uncertainty:-     125                  
     Required Time:=    3109                  
      Launch Clock:-      88                  
       Input Delay:-     990                  
         Data Path:-    2029                  
             Slack:=       2                  

Exceptions/Constraints:
  input_delay             990             dut.sdc_line_15_76_1   

#---------------------------------------------------------------------------------------------------------
#            Timing Point              Flags    Arc    Edge       Cell         Fanout Trans Delay Arrival 
#                                                                                      (ps)  (ps)   (ps)  
#---------------------------------------------------------------------------------------------------------
  offset_in[0]                         -       -       R     (arrival)             10   170     0    1078 
  u_sub/g8773__6260/Y                  -       A->Y    F     NAND2XB_X4M_A9TL       3    82    78    1155 
  u_sub/g8597__5477/CON                -       CI->CON R     CGENI_X2M_A9TL         2   199   147    1302 
  u_sub/g8589__6161/Y                  -       A->Y    F     NAND2XB_X4M_A9TL       2    85    79    1381 
  u_sub/g8573__3680/Y                  -       A->Y    R     NAND2XB_X4M_A9TL       2    86    78    1459 
  u_sub/g8565__5477/Y                  -       A->Y    F     NAND2XB_X4M_A9TL       2    64    64    1522 
  u_sub/g8549__5122/Y                  -       A->Y    R     NAND2XB_X6M_A9TL       2    77    64    1586 
  u_sub/g8541__4319/Y                  -       A->Y    F     NAND2_X6M_A9TL         2    63    51    1637 
  u_sub/g8529__6161/Y                  -       A->Y    R     NAND2XB_X6M_A9TL       2    75    63    1700 
  u_sub/g8505__7410/Y                  -       A->Y    F     NAND2_X6M_A9TL         2    63    51    1751 
  u_sub/g8497__7482/Y                  -       A->Y    R     NAND2XB_X6M_A9TL       2    75    63    1814 
  u_sub/g8481__5107/Y                  -       A->Y    F     NAND2_X6M_A9TL         2    69    55    1869 
  u_sub/g8473__9945/Y                  -       A->Y    R     NAND2XB_X8M_A9TL       3    79    68    1938 
  u_sub/g8421__7410/Y                  -       B->Y    F     NAND2_X4M_A9TL         2    74    59    1997 
  u_sub/g8413__9945/Y                  -       AN->Y   F     NOR2B_X8M_A9TL         5    89   140    2137 
  u_sub/g8338__6783/Y                  -       A->Y    R     NAND2XB_X4M_A9TL       1    85    78    2215 
  u_sub/g8306__6260/Y                  -       A->Y    F     NAND2_X6A_A9TL         5   103    81    2296 
  gen_exp[1].u_exp/u_quad/g120__1705/Y -       B->Y    F     OR2_X4M_A9TL           2    63   150    2446 
  gen_exp[1].u_exp/u_quad/g110__5526/Y -       A->Y    R     NAND3_X6A_A9TL         1    92    66    2512 
  gen_exp[1].u_exp/u_quad/g109__8428/Y -       A->Y    F     NAND2_X4M_A9TL         2    84    68    2581 
  gen_exp[1].u_exp/g297__5526/Y        -       A->Y    R     NAND2_X6M_A9TL         3    86    80    2660 
  gen_exp[1].u_exp/g291__5107/Y        -       B->Y    F     NAND2_X6M_A9TL         3    77    67    2728 
  gen_exp[1].u_exp/g288__6417/Y        -       B->Y    R     NAND3XXB_X6M_A9TL      3   117    96    2824 
  gen_exp[1].u_exp/g2/Y                -       B->Y    R     XNOR2_X3M_A9TL         2   180   145    2968 
  g6570/Y                              -       A0->Y   R     OA21_X2M_A9TL          1    57   138    3107 
  u_vec_mul_ew/b_reg_reg[1][3]/D       -       -       R     DFFQ_X2M_A9TL          1     -     0    3107 
#---------------------------------------------------------------------------------------------------------



Path 15: MET (2 ps) Setup Check with Pin u_vec_mul_ew/b_reg_reg[7][3]/CK->D
          Group: in2reg
     Startpoint: (R) offset_in[0]
          Clock: (R) clk
       Endpoint: (R) u_vec_mul_ew/b_reg_reg[7][3]/D
          Clock: (R) clk

                     Capture       Launch     
        Clock Edge:+    3300            0     
        Drv Adjust:+       0           88     
       Src Latency:+       0            0     
       Net Latency:+       0 (I)        0 (I) 
           Arrival:=    3300           88     
                                              
             Setup:-      66                  
       Uncertainty:-     125                  
     Required Time:=    3109                  
      Launch Clock:-      88                  
       Input Delay:-     990                  
         Data Path:-    2029                  
             Slack:=       2                  

Exceptions/Constraints:
  input_delay             990             dut.sdc_line_15_76_1   

#---------------------------------------------------------------------------------------------------------
#            Timing Point              Flags    Arc    Edge       Cell         Fanout Trans Delay Arrival 
#                                                                                      (ps)  (ps)   (ps)  
#---------------------------------------------------------------------------------------------------------
  offset_in[0]                         -       -       R     (arrival)             10   170     0    1078 
  u_sub/g8768__7410/Y                  -       A->Y    F     NAND2XB_X3M_A9TL       3    94    90    1168 
  u_sub/g8592__2883/CON                -       CI->CON R     CGENI_X2M_A9TL         2   227   166    1334 
  u_sub/g8582__8246/Y                  -       A->Y    F     NAND2XB_X6M_A9TL       2    90    82    1416 
  u_sub/g8570__8428/Y                  -       A->Y    R     NAND2XB_X8M_A9TL       2    72    69    1485 
  u_sub/g8562__1666/Y                  -       A->Y    F     NAND2XB_X8M_A9TL       2    48    49    1534 
  u_sub/g8547__2802/Y                  -       A->Y    R     NAND2XB_X8M_A9TL       2    67    52    1586 
  u_sub/g8540__6260/Y                  -       A->Y    F     NAND2_X6M_A9TL         2    63    49    1635 
  u_sub/g8522__8246/Y                  -       A->Y    R     NAND2XB_X6M_A9TL       2    75    63    1698 
  u_sub/g8502__2883/Y                  -       A->Y    F     NAND2_X6M_A9TL         2    63    51    1749 
  u_sub/g8494__6131/Y                  -       A->Y    R     NAND2XB_X6M_A9TL       2    75    63    1812 
  u_sub/g8478__6417/Y                  -       A->Y    F     NAND2_X6M_A9TL         2    69    55    1867 
  u_sub/g8470__4733/Y                  -       A->Y    R     NAND2XB_X8M_A9TL       3    88    74    1941 
  u_sub/g8420__1666/Y                  -       B->Y    F     NAND2_X4M_A9TL         2    74    61    2002 
  u_sub/g8411__6161/Y                  -       AN->Y   F     NOR2B_X8M_A9TL         5    76   137    2139 
  u_sub/g8339__3680/Y                  -       A->Y    R     NAND2XB_X3M_A9TL       1   114    91    2230 
  u_sub/g8298__2883/Y                  -       B->Y    F     NAND2_X8M_A9TL         5    62    70    2300 
  gen_exp[7].u_exp/u_quad/g120__6783/Y -       A->Y    F     OR2_X2M_A9TL           2    76   136    2436 
  gen_exp[7].u_exp/u_quad/g110__5107/Y -       A->Y    R     NAND3_X3M_A9TL         1   115    86    2522 
  gen_exp[7].u_exp/u_quad/g109__2398/Y -       A->Y    F     NAND2_X4M_A9TL         2    93    73    2596 
  gen_exp[7].u_exp/g297__5107/Y        -       A->Y    R     NAND2_X6M_A9TL         3    86    83    2678 
  gen_exp[7].u_exp/g291__7410/Y        -       B->Y    F     NAND2_X6M_A9TL         3    81    70    2748 
  gen_exp[7].u_exp/g288__2883/Y        -       A->Y    R     NAND3XXB_X6M_A9TL      3   123    92    2840 
  gen_exp[7].u_exp/g283__6161/Y        -       S0->Y   R     MXIT2_X2M_A9TL         2   193   125    2965 
  g6595/Y                              -       A0->Y   R     OA21_X2M_A9TL          1    57   142    3106 
  u_vec_mul_ew/b_reg_reg[7][3]/D       -       -       R     DFFQ_X2M_A9TL          1     -     0    3106 
#---------------------------------------------------------------------------------------------------------



Path 16: MET (2 ps) Setup Check with Pin u_vec_mul_ew/a_reg_reg[2][2]/CK->D
          Group: in2reg
     Startpoint: (R) offset_in[2]
          Clock: (R) clk
       Endpoint: (R) u_vec_mul_ew/a_reg_reg[2][2]/D
          Clock: (R) clk

                     Capture       Launch     
        Clock Edge:+    3300            0     
        Drv Adjust:+       0           78     
       Src Latency:+       0            0     
       Net Latency:+       0 (I)        0 (I) 
           Arrival:=    3300           78     
                                              
             Setup:-      80                  
       Uncertainty:-     125                  
     Required Time:=    3095                  
      Launch Clock:-      78                  
       Input Delay:-     990                  
         Data Path:-    2025                  
             Slack:=       2                  

Exceptions/Constraints:
  input_delay             990             dut.sdc_line_15_74_1   

#-------------------------------------------------------------------------------------------------------
#             Timing Point              Flags   Arc   Edge       Cell        Fanout Trans Delay Arrival 
#                                                                                    (ps)  (ps)   (ps)  
#-------------------------------------------------------------------------------------------------------
  offset_in[2]                          -       -     R     (arrival)             7   152     0    1068 
  u_sub/g8762/Y                         -       A->Y  F     INV_X7P5M_A9TL       13    94    94    1162 
  u_sub/g8761/Y                         -       A->Y  R     INV_X7P5M_A9TL        4    62    67    1229 
  u_sub/g8667__5107/Y                   -       A->Y  F     MXIT2_X3M_A9TL        2    85    76    1305 
  u_sub/g8587__7482/Y                   -       B->Y  R     NAND2_X4M_A9TL        2    86    83    1388 
  u_sub/g8571__5526/Y                   -       A->Y  F     NAND2XB_X4M_A9TL      2    66    64    1453 
  u_sub/g8564__6417/Y                   -       A->Y  R     NAND2_X6M_A9TL        2    90    68    1521 
  u_sub/g8542__8428/Y                   -       A->Y  F     NAND2XB_X8M_A9TL      3    56    56    1577 
  u_sub/g8521__5122/Y                   -       A0->Y R     OAI2XB1_X8M_A9TL      2   108    86    1663 
  u_sub/g8512__8428/Y                   -       A0->Y F     OAI2XB1_X6M_A9TL      2   105    74    1736 
  u_sub/g8492__8246/Y                   -       B->Y  R     NAND2_X4M_A9TL        2    93    96    1833 
  u_sub/g8488__1617/Y                   -       A->Y  F     NAND2XB_X6M_A9TL      2    55    55    1888 
  u_sub/g8466/Y                         -       A->Y  R     INV_X4M_A9TL          2    63    61    1949 
  u_sub/g8465__7482/Y                   -       A->Y  F     NAND2XB_X8M_A9TL      2    46    44    1993 
  u_sub/g8435__3680/Y                   -       B->Y  F     AND2_X8M_A9TL         7    58   119    2112 
  u_sub/g8405__7098/Y                   -       A->Y  R     NAND2XB_X3M_A9TL      1    86    69    2181 
  u_sub/g8381__9945/Y                   -       B->Y  F     NAND2_X4A_A9TL        2    74    71    2252 
  gen_exp[2].u_exp/g126/Y               -       A->Y  F     BUF_X5M_A9TL          3    54   117    2370 
  gen_exp[2].u_exp/u_round/g219__2883/Y -       A->Y  R     NAND2_X6A_A9TL        3    83    64    2434 
  gen_exp[2].u_exp/u_round/g218/Y       -       A->Y  F     INV_X2M_A9TL          1    39    46    2480 
  gen_exp[2].u_exp/u_round/g214__9315/Y -       B->Y  R     NOR2_X2A_A9TL         1   107    86    2566 
  gen_exp[2].u_exp/u_round/g213__6161/Y -       AN->Y R     NAND2B_X6M_A9TL       4    95   137    2703 
  u_lut/g2__2883/Y                      -       BN->Y R     NAND2XB_X8M_A9TL      3    79   128    2831 
  u_lut/g1580/Y                         -       A->Y  F     INV_X4M_A9TL          1    33    38    2869 
  u_lut/g1548__2802/Y                   -       B->Y  R     NOR2_X4M_A9TL         1    89    68    2938 
  g6848/Y                               -       B->Y  F     NOR2_X4A_A9TL         2    60    62    3000 
  g6626/Y                               -       A0->Y R     OAI21_X2M_A9TL        1   109    92    3092 
  u_vec_mul_ew/a_reg_reg[2][2]/D        -       -     R     DFFQ_X1M_A9TL         1     -     0    3093 
#-------------------------------------------------------------------------------------------------------



Path 17: MET (2 ps) Setup Check with Pin u_vec_mul_ew/a_reg_reg[0][2]/CK->D
          Group: in2reg
     Startpoint: (R) offset_in[2]
          Clock: (R) clk
       Endpoint: (R) u_vec_mul_ew/a_reg_reg[0][2]/D
          Clock: (R) clk

                     Capture       Launch     
        Clock Edge:+    3300            0     
        Drv Adjust:+       0           78     
       Src Latency:+       0            0     
       Net Latency:+       0 (I)        0 (I) 
           Arrival:=    3300           78     
                                              
             Setup:-      82                  
       Uncertainty:-     125                  
     Required Time:=    3093                  
      Launch Clock:-      78                  
       Input Delay:-     990                  
         Data Path:-    2023                  
             Slack:=       2                  

Exceptions/Constraints:
  input_delay             990             dut.sdc_line_15_74_1   

#-------------------------------------------------------------------------------------------------------
#             Timing Point              Flags   Arc   Edge       Cell        Fanout Trans Delay Arrival 
#                                                                                    (ps)  (ps)   (ps)  
#-------------------------------------------------------------------------------------------------------
  offset_in[2]                          -       -     R     (arrival)             7   152     0    1068 
  u_sub/g8762/Y                         -       A->Y  F     INV_X7P5M_A9TL       13    94    94    1162 
  u_sub/g8761/Y                         -       A->Y  R     INV_X7P5M_A9TL        4    62    67    1229 
  u_sub/g8663__7410/Y                   -       A->Y  F     MXIT2_X3M_A9TL        2    85    76    1305 
  u_sub/g8584__6131/Y                   -       B->Y  R     NAND2_X4M_A9TL        2    85    83    1388 
  u_sub/g8568__6260/Y                   -       A->Y  F     NAND2XB_X4M_A9TL      2    59    59    1447 
  u_sub/g8559__9945/Y                   -       B->Y  R     NAND2_X4M_A9TL        2   102    86    1533 
  u_sub/g8546__1617/Y                   -       A->Y  F     NAND2XB_X8M_A9TL      3    59    58    1591 
  u_sub/g8519__2802/Y                   -       A0->Y R     OAI2XB1_X8M_A9TL      2   114    92    1683 
  u_sub/g8506__6417/Y                   -       A0->Y F     OAI2XB1_X8M_A9TL      2    93    68    1751 
  u_sub/g8490__1705/Y                   -       B->Y  R     NAND2_X4M_A9TL        2    90    92    1843 
  u_sub/g8483__4319/Y                   -       A->Y  F     NAND2XB_X6M_A9TL      2    55    55    1898 
  u_sub/g8469/Y                         -       A->Y  R     INV_X4M_A9TL          2    63    61    1958 
  u_sub/g8464__5115/Y                   -       A->Y  F     NAND2XB_X8M_A9TL      2    46    44    2002 
  u_sub/g8434__6783/Y                   -       B->Y  F     AND2_X8M_A9TL         7    58   119    2122 
  u_sub/g8404__8246/Y                   -       A->Y  R     NAND2XB_X3M_A9TL      1    86    69    2190 
  u_sub/g8380__9315/Y                   -       B->Y  F     NAND2_X4A_A9TL        2    72    71    2261 
  gen_exp[0].u_exp/g126/Y               -       A->Y  F     BUF_X5M_A9TL          3    60   121    2383 
  gen_exp[0].u_exp/u_round/g219__1881/Y -       A->Y  R     NAND2_X8A_A9TL        3    75    59    2442 
  gen_exp[0].u_exp/u_round/g218/Y       -       A->Y  F     INV_X2M_A9TL          1    41    48    2489 
  gen_exp[0].u_exp/u_round/g214__7098/Y -       B->Y  R     NOR2_X3A_A9TL         1    87    74    2563 
  gen_exp[0].u_exp/u_round/g213__8246/Y -       AN->Y R     NAND2B_X6M_A9TL       4    91   128    2691 
  u_lut/g1638__6417/Y                   -       BN->Y R     NAND2XB_X8M_A9TL      3    74   124    2815 
  u_lut/g1584/Y                         -       A->Y  F     INV_X4M_A9TL          1    32    38    2853 
  u_lut/g1557__4733/Y                   -       B->Y  R     NOR2_X4M_A9TL         1    86    68    2921 
  g6908/Y                               -       B->Y  F     NOR2_X4A_A9TL         2    63    64    2985 
  g6620/Y                               -       A0->Y R     OAI21_X3M_A9TR        1   117   106    3091 
  u_vec_mul_ew/a_reg_reg[0][2]/D        -       -     R     DFFQ_X1M_A9TL         1     -     0    3091 
#-------------------------------------------------------------------------------------------------------



Path 18: MET (2 ps) Setup Check with Pin u_vec_mul_ew/b_reg_reg[3][4]/CK->D
          Group: in2reg
     Startpoint: (R) offset_in[0]
          Clock: (R) clk
       Endpoint: (F) u_vec_mul_ew/b_reg_reg[3][4]/D
          Clock: (R) clk

                     Capture       Launch     
        Clock Edge:+    3300            0     
        Drv Adjust:+       0           88     
       Src Latency:+       0            0     
       Net Latency:+       0 (I)        0 (I) 
           Arrival:=    3300           88     
                                              
             Setup:-      76                  
       Uncertainty:-     125                  
     Required Time:=    3100                  
      Launch Clock:-      88                  
       Input Delay:-     990                  
         Data Path:-    2020                  
             Slack:=       2                  

Exceptions/Constraints:
  input_delay             990             dut.sdc_line_15_76_1   

#---------------------------------------------------------------------------------------------------------
#            Timing Point              Flags    Arc    Edge       Cell         Fanout Trans Delay Arrival 
#                                                                                      (ps)  (ps)   (ps)  
#---------------------------------------------------------------------------------------------------------
  offset_in[0]                         -       -       R     (arrival)             10   170     0    1078 
  u_sub/g8766__2346/Y                  -       A->Y    F     NAND2XB_X3M_A9TL       3    94    90    1168 
  u_sub/g8593__2346/CON                -       CI->CON R     CGENI_X2M_A9TL         2   227   166    1334 
  u_sub/g8585__1881/Y                  -       A->Y    F     NAND2XB_X6M_A9TL       2    84    75    1408 
  u_sub/g8569__4319/Y                  -       A->Y    R     NAND2XB_X6M_A9TL       2    76    70    1478 
  u_sub/g8558__9315/Y                  -       A->Y    F     NAND2XB_X6M_A9TL       2    50    51    1529 
  u_sub/g8544__6783/Y                  -       A->Y    R     NAND2XB_X6M_A9TL       2    77    58    1587 
  u_sub/g8538__2398/Y                  -       A->Y    F     NAND2_X6M_A9TL         2    63    51    1638 
  u_sub/g8523__7098/Y                  -       A->Y    R     NAND2XB_X6M_A9TL       2    75    63    1701 
  u_sub/g8503__2346/Y                  -       A->Y    F     NAND2_X6M_A9TL         2    63    51    1752 
  u_sub/g8496__5115/Y                  -       A->Y    R     NAND2XB_X6M_A9TL       2    75    63    1815 
  u_sub/g8479__5477/Y                  -       A->Y    F     NAND2_X6M_A9TL         2    69    55    1870 
  u_sub/g8472__9315/Y                  -       A->Y    R     NAND2XB_X8M_A9TL       3    84    71    1941 
  u_sub/g8425__5107/Y                  -       A->Y    F     NOR2XB_X8M_A9TL        4    76    67    2008 
  u_sub/g8410__4733/Y                  -       B->Y    R     NOR2B_X8M_A9TL         5   127   114    2122 
  u_sub/g8348__5115/Y                  -       A->Y    F     NAND2_X3M_A9TL         1    81    70    2192 
  u_sub/g8325__9945/Y                  -       A->Y    R     NAND2_X4B_A9TL         2    80    65    2257 
  gen_exp[3].u_exp/u_quad/g117/Y       -       A->Y    F     INV_X3M_A9TL           2    46    53    2309 
  gen_exp[3].u_exp/u_quad/g114__1881/Y -       A->Y    R     NOR2_X4A_A9TL          2    95    77    2386 
  gen_exp[3].u_exp/u_quad/g2__7482/Y   -       AN->Y   R     NOR2B_X4M_A9TL         2   135   159    2545 
  gen_exp[3].u_exp/g292__1705/Y        -       S0->Y   R     MXIT2_X4M_A9TL         2   151   119    2664 
  gen_exp[3].u_exp/g291__2802/Y        -       A->Y    F     NAND2_X6M_A9TL         3    77    75    2739 
  gen_exp[3].u_exp/g288__6783/Y        -       B->Y    R     NAND3XXB_X6M_A9TL      3   118    97    2836 
  gen_exp[3].u_exp/g284__8428/Y        -       B->Y    F     NAND2_X2A_A9TL         2   107    90    2926 
  g6574/Y                              -       A0->Y   F     OA21_X1M_A9TL          1    68   171    3097 
  u_vec_mul_ew/b_reg_reg[3][4]/D       -       -       F     DFFQ_X1M_A9TL          1     -     0    3097 
#---------------------------------------------------------------------------------------------------------



Path 19: MET (2 ps) Setup Check with Pin u_vec_mul_ew/b_reg_reg[3][2]/CK->D
          Group: in2reg
     Startpoint: (R) offset_in[0]
          Clock: (R) clk
       Endpoint: (F) u_vec_mul_ew/b_reg_reg[3][2]/D
          Clock: (R) clk

                     Capture       Launch     
        Clock Edge:+    3300            0     
        Drv Adjust:+       0           88     
       Src Latency:+       0            0     
       Net Latency:+       0 (I)        0 (I) 
           Arrival:=    3300           88     
                                              
             Setup:-      67                  
       Uncertainty:-     125                  
     Required Time:=    3108                  
      Launch Clock:-      88                  
       Input Delay:-     990                  
         Data Path:-    2028                  
             Slack:=       2                  

Exceptions/Constraints:
  input_delay             990             dut.sdc_line_15_76_1   

#--------------------------------------------------------------------------------------------------------
#            Timing Point              Flags    Arc    Edge       Cell        Fanout Trans Delay Arrival 
#                                                                                     (ps)  (ps)   (ps)  
#--------------------------------------------------------------------------------------------------------
  offset_in[0]                         -       -       R     (arrival)            10   170     0    1078 
  u_sub/g8766__2346/Y                  -       A->Y    F     NAND2XB_X3M_A9TL      3    94    90    1168 
  u_sub/g8593__2346/CON                -       CI->CON R     CGENI_X2M_A9TL        2   227   166    1334 
  u_sub/g8585__1881/Y                  -       A->Y    F     NAND2XB_X6M_A9TL      2    84    75    1408 
  u_sub/g8569__4319/Y                  -       A->Y    R     NAND2XB_X6M_A9TL      2    76    70    1478 
  u_sub/g8558__9315/Y                  -       A->Y    F     NAND2XB_X6M_A9TL      2    50    51    1529 
  u_sub/g8544__6783/Y                  -       A->Y    R     NAND2XB_X6M_A9TL      2    77    58    1587 
  u_sub/g8538__2398/Y                  -       A->Y    F     NAND2_X6M_A9TL        2    63    51    1638 
  u_sub/g8523__7098/Y                  -       A->Y    R     NAND2XB_X6M_A9TL      2    75    63    1701 
  u_sub/g8503__2346/Y                  -       A->Y    F     NAND2_X6M_A9TL        2    63    51    1752 
  u_sub/g8496__5115/Y                  -       A->Y    R     NAND2XB_X6M_A9TL      2    75    63    1815 
  u_sub/g8479__5477/Y                  -       A->Y    F     NAND2_X6M_A9TL        2    69    55    1870 
  u_sub/g8472__9315/Y                  -       A->Y    R     NAND2XB_X8M_A9TL      3    84    71    1941 
  u_sub/g8425__5107/Y                  -       A->Y    F     NOR2XB_X8M_A9TL       4    76    67    2008 
  u_sub/g8410__4733/Y                  -       B->Y    R     NOR2B_X8M_A9TL        5   127   114    2122 
  u_sub/g8348__5115/Y                  -       A->Y    F     NAND2_X3M_A9TL        1    81    70    2192 
  u_sub/g8325__9945/Y                  -       A->Y    R     NAND2_X4B_A9TL        2    80    65    2257 
  gen_exp[3].u_exp/u_quad/g117/Y       -       A->Y    F     INV_X3M_A9TL          2    46    53    2309 
  gen_exp[3].u_exp/u_quad/g114__1881/Y -       A->Y    R     NOR2_X4A_A9TL         2    95    77    2386 
  gen_exp[3].u_exp/u_quad/g2__7482/Y   -       AN->Y   R     NOR2B_X4M_A9TL        2   135   159    2545 
  gen_exp[3].u_exp/g292__1705/Y        -       S0->Y   R     MXIT2_X4M_A9TL        2   151   119    2664 
  gen_exp[3].u_exp/g291__2802/Y        -       A->Y    F     NAND2_X6M_A9TL        3    77    75    2739 
  gen_exp[3].u_exp/g289__3680/Y        -       A->Y    R     NAND2XB_X3M_A9TL      1    67    63    2802 
  gen_exp[3].u_exp/g286__5526/Y        -       A->Y    F     NAND2XB_X2M_A9TL      1    53    51    2854 
  gen_exp[3].u_exp/g2__6131/Y          -       A->Y    F     AND2_X2M_A9TL         2    59   120    2974 
  g6576/Y                              -       A0->Y   F     OA21_X2M_A9TL         1    51   132    3106 
  u_vec_mul_ew/b_reg_reg[3][2]/D       -       -       F     DFFQ_X2M_A9TL         1     -     0    3106 
#--------------------------------------------------------------------------------------------------------



Path 20: MET (2 ps) Setup Check with Pin u_vec_mul_ew/b_reg_reg[1][2]/CK->D
          Group: in2reg
     Startpoint: (R) offset_in[0]
          Clock: (R) clk
       Endpoint: (F) u_vec_mul_ew/b_reg_reg[1][2]/D
          Clock: (R) clk

                     Capture       Launch     
        Clock Edge:+    3300            0     
        Drv Adjust:+       0           88     
       Src Latency:+       0            0     
       Net Latency:+       0 (I)        0 (I) 
           Arrival:=    3300           88     
                                              
             Setup:-      67                  
       Uncertainty:-     125                  
     Required Time:=    3108                  
      Launch Clock:-      88                  
       Input Delay:-     990                  
         Data Path:-    2028                  
             Slack:=       2                  

Exceptions/Constraints:
  input_delay             990             dut.sdc_line_15_76_1   

#--------------------------------------------------------------------------------------------------------
#            Timing Point              Flags    Arc    Edge       Cell        Fanout Trans Delay Arrival 
#                                                                                     (ps)  (ps)   (ps)  
#--------------------------------------------------------------------------------------------------------
  offset_in[0]                         -       -       R     (arrival)            10   170     0    1078 
  u_sub/g8773__6260/Y                  -       A->Y    F     NAND2XB_X4M_A9TL      3    82    78    1155 
  u_sub/g8597__5477/CON                -       CI->CON R     CGENI_X2M_A9TL        2   199   147    1302 
  u_sub/g8589__6161/Y                  -       A->Y    F     NAND2XB_X4M_A9TL      2    85    79    1381 
  u_sub/g8573__3680/Y                  -       A->Y    R     NAND2XB_X4M_A9TL      2    86    78    1459 
  u_sub/g8565__5477/Y                  -       A->Y    F     NAND2XB_X4M_A9TL      2    64    64    1522 
  u_sub/g8549__5122/Y                  -       A->Y    R     NAND2XB_X6M_A9TL      2    77    64    1586 
  u_sub/g8541__4319/Y                  -       A->Y    F     NAND2_X6M_A9TL        2    63    51    1637 
  u_sub/g8529__6161/Y                  -       A->Y    R     NAND2XB_X6M_A9TL      2    75    63    1700 
  u_sub/g8505__7410/Y                  -       A->Y    F     NAND2_X6M_A9TL        2    63    51    1751 
  u_sub/g8497__7482/Y                  -       A->Y    R     NAND2XB_X6M_A9TL      2    75    63    1814 
  u_sub/g8481__5107/Y                  -       A->Y    F     NAND2_X6M_A9TL        2    69    55    1869 
  u_sub/g8473__9945/Y                  -       A->Y    R     NAND2XB_X8M_A9TL      3    79    68    1938 
  u_sub/g8421__7410/Y                  -       B->Y    F     NAND2_X4M_A9TL        2    74    59    1997 
  u_sub/g8413__9945/Y                  -       AN->Y   F     NOR2B_X8M_A9TL        5    89   140    2137 
  u_sub/g8338__6783/Y                  -       A->Y    R     NAND2XB_X4M_A9TL      1    85    78    2215 
  u_sub/g8306__6260/Y                  -       A->Y    F     NAND2_X6A_A9TL        5   103    81    2296 
  gen_exp[1].u_exp/u_quad/g120__1705/Y -       B->Y    F     OR2_X4M_A9TL          2    63   150    2446 
  gen_exp[1].u_exp/u_quad/g110__5526/Y -       A->Y    R     NAND3_X6A_A9TL        1    92    66    2512 
  gen_exp[1].u_exp/u_quad/g109__8428/Y -       A->Y    F     NAND2_X4M_A9TL        2    84    68    2581 
  gen_exp[1].u_exp/g297__5526/Y        -       A->Y    R     NAND2_X6M_A9TL        3    86    80    2660 
  gen_exp[1].u_exp/g291__5107/Y        -       B->Y    F     NAND2_X6M_A9TL        3    77    67    2728 
  gen_exp[1].u_exp/g289__5477/Y        -       A->Y    R     NAND2XB_X2M_A9TL      1    82    72    2800 
  gen_exp[1].u_exp/g286__7410/Y        -       A->Y    F     NAND2XB_X2M_A9TL      1    54    54    2854 
  gen_exp[1].u_exp/g2__6783/Y          -       A->Y    F     AND2_X2M_A9TL         2    59   120    2974 
  g6571/Y                              -       A0->Y   F     OA21_X2M_A9TL         1    51   132    3106 
  u_vec_mul_ew/b_reg_reg[1][2]/D       -       -       F     DFFQ_X2M_A9TL         1     -     0    3106 
#--------------------------------------------------------------------------------------------------------



Path 21: MET (3 ps) Setup Check with Pin u_vec_mul_ew/b_reg_reg[0][2]/CK->D
          Group: in2reg
     Startpoint: (R) offset_in[2]
          Clock: (R) clk
       Endpoint: (F) u_vec_mul_ew/b_reg_reg[0][2]/D
          Clock: (R) clk

                     Capture       Launch     
        Clock Edge:+    3300            0     
        Drv Adjust:+       0           78     
       Src Latency:+       0            0     
       Net Latency:+       0 (I)        0 (I) 
           Arrival:=    3300           78     
                                              
             Setup:-      67                  
       Uncertainty:-     125                  
     Required Time:=    3108                  
      Launch Clock:-      78                  
       Input Delay:-     990                  
         Data Path:-    2038                  
             Slack:=       3                  

Exceptions/Constraints:
  input_delay             990             dut.sdc_line_15_74_1   

#------------------------------------------------------------------------------------------------------
#            Timing Point              Flags   Arc   Edge       Cell        Fanout Trans Delay Arrival 
#                                                                                   (ps)  (ps)   (ps)  
#------------------------------------------------------------------------------------------------------
  offset_in[2]                         -       -     R     (arrival)             7   152     0    1068 
  u_sub/g8762/Y                        -       A->Y  F     INV_X7P5M_A9TL       13    94    94    1162 
  u_sub/g8761/Y                        -       A->Y  R     INV_X7P5M_A9TL        4    62    67    1229 
  u_sub/g8663__7410/Y                  -       A->Y  F     MXIT2_X3M_A9TL        2    85    76    1305 
  u_sub/g8584__6131/Y                  -       B->Y  R     NAND2_X4M_A9TL        2    85    83    1388 
  u_sub/g8568__6260/Y                  -       A->Y  F     NAND2XB_X4M_A9TL      2    59    59    1447 
  u_sub/g8559__9945/Y                  -       B->Y  R     NAND2_X4M_A9TL        2   102    86    1533 
  u_sub/g8546__1617/Y                  -       A->Y  F     NAND2XB_X8M_A9TL      3    59    58    1591 
  u_sub/g8519__2802/Y                  -       A0->Y R     OAI2XB1_X8M_A9TL      2   114    92    1683 
  u_sub/g8506__6417/Y                  -       A0->Y F     OAI2XB1_X8M_A9TL      2    93    68    1751 
  u_sub/g8490__1705/Y                  -       B->Y  R     NAND2_X4M_A9TL        2    90    92    1843 
  u_sub/g8483__4319/Y                  -       A->Y  F     NAND2XB_X6M_A9TL      2    55    55    1898 
  u_sub/g8469/Y                        -       A->Y  R     INV_X4M_A9TL          2    63    61    1958 
  u_sub/g8464__5115/Y                  -       A->Y  F     NAND2XB_X8M_A9TL      2    46    44    2002 
  u_sub/g8434__6783/Y                  -       B->Y  F     AND2_X8M_A9TL         7    58   119    2122 
  u_sub/g8387__5477/Y                  -       A->Y  R     NAND2_X2A_A9TL        1    89    66    2187 
  u_sub/g8370__1705/Y                  -       A->Y  F     NAND2_X4A_A9TL        4   110    94    2282 
  gen_exp[0].u_exp/u_quad/g114__4319/Y -       B->Y  R     NOR2_X4A_A9TL         2    98   105    2386 
  gen_exp[0].u_exp/u_quad/g2__5526/Y   -       AN->Y R     NOR2B_X4M_A9TL        2   135   160    2546 
  gen_exp[0].u_exp/g292__6417/Y        -       S0->Y R     MXIT2_X4M_A9TL        2   159   124    2670 
  gen_exp[0].u_exp/g291__7410/Y        -       A->Y  F     NAND2_X6M_A9TL        3    79    76    2746 
  gen_exp[0].u_exp/g289__2346/Y        -       A->Y  R     NAND2XB_X2M_A9TL      1   102    86    2832 
  gen_exp[0].u_exp/g286__9945/Y        -       A->Y  F     NAND2XB_X4M_A9TL      1    49    48    2880 
  gen_exp[0].u_exp/g300__4319/Y        -       A->Y  F     AND2_X4M_A9TL         2    43    99    2979 
  g6566/Y                              -       A0->Y F     OA21_X2M_A9TL         1    51   127    3106 
  u_vec_mul_ew/b_reg_reg[0][2]/D       -       -     F     DFFQ_X2M_A9TL         1     -     0    3106 
#------------------------------------------------------------------------------------------------------



Path 22: MET (3 ps) Setup Check with Pin u_vec_mul_ew/b_reg_reg[5][3]/CK->D
          Group: in2reg
     Startpoint: (R) offset_in[2]
          Clock: (R) clk
       Endpoint: (R) u_vec_mul_ew/b_reg_reg[5][3]/D
          Clock: (R) clk

                     Capture       Launch     
        Clock Edge:+    3300            0     
        Drv Adjust:+       0           78     
       Src Latency:+       0            0     
       Net Latency:+       0 (I)        0 (I) 
           Arrival:=    3300           78     
                                              
             Setup:-      66                  
       Uncertainty:-     125                  
     Required Time:=    3109                  
      Launch Clock:-      78                  
       Input Delay:-     990                  
         Data Path:-    2038                  
             Slack:=       3                  

Exceptions/Constraints:
  input_delay             990             dut.sdc_line_15_74_1   

#-------------------------------------------------------------------------------------------------------
#            Timing Point              Flags   Arc   Edge       Cell         Fanout Trans Delay Arrival 
#                                                                                    (ps)  (ps)   (ps)  
#-------------------------------------------------------------------------------------------------------
  offset_in[2]                         -       -     R     (arrival)              7   152     0    1068 
  u_sub/g8759/Y                        -       A->Y  F     INV_X6M_A9TL           4    57    60    1128 
  u_sub/g8652__6131/Y                  -       A->Y  R     MXIT2_X2M_A9TL         2   182   110    1238 
  u_sub/g8588__4733/Y                  -       BN->Y R     NAND2XB_X6M_A9TL       2    86   156    1394 
  u_sub/g8566__2398/Y                  -       A->Y  F     NAND2XB_X8M_A9TL       2    51    51    1446 
  u_sub/g8561__2346/Y                  -       A->Y  R     NAND2XB_X8M_A9TL       2    70    56    1501 
  u_sub/g8545__3680/Y                  -       A->Y  F     NAND2XB_X8M_A9TL       2    46    46    1547 
  u_sub/g8539__5107/Y                  -       A->Y  R     NAND2_X6M_A9TL         2    90    60    1607 
  u_sub/g8528__4733/Y                  -       A->Y  F     NAND2XB_X8M_A9TL       2    48    48    1655 
  u_sub/g8504__1666/Y                  -       A->Y  R     NAND2_X6M_A9TL         2    90    61    1716 
  u_sub/g8495__1881/Y                  -       A->Y  F     NAND2XB_X8M_A9TL       2    48    48    1765 
  u_sub/g8480__2398/Y                  -       A->Y  R     NAND2_X6M_A9TL         2    90    61    1826 
  u_sub/g8471__6161/Y                  -       A->Y  F     NAND2XB_X8M_A9TL       3    61    60    1886 
  u_sub/g8418__2883/Y                  -       B->Y  R     NAND2_X4M_A9TL         2    76    72    1957 
  u_sub/g8412__9315/Y                  -       AN->Y R     NOR2B_X8M_A9TL         5   126   147    2104 
  u_sub/g8349__7482/Y                  -       A->Y  F     NAND2_X2A_A9TL         1   102    91    2196 
  u_sub/g8317__7098/Y                  -       A->Y  R     NAND2_X4A_A9TL         2    69    75    2270 
  gen_exp[5].u_exp/u_quad/g117/Y       -       A->Y  F     INV_X4M_A9TL           2    35    42    2312 
  gen_exp[5].u_exp/u_quad/g114__2346/Y -       A->Y  R     NOR2_X4A_A9TL          2    95    73    2385 
  gen_exp[5].u_exp/u_quad/g2__7410/Y   -       AN->Y R     NOR2B_X4M_A9TL         2   127   154    2539 
  gen_exp[5].u_exp/g292__4733/Y        -       S0->Y R     MXIT2_X4M_A9TL         2   158   121    2660 
  gen_exp[5].u_exp/g291__7482/Y        -       A->Y  F     NAND2_X6M_A9TL         3    81    78    2739 
  gen_exp[5].u_exp/g288__6131/Y        -       B->Y  R     NAND3XXB_X6M_A9TL      3   123   101    2840 
  gen_exp[5].u_exp/g283__5122/Y        -       S0->Y R     MXIT2_X2M_A9TL         2   193   125    2964 
  g6585/Y                              -       A0->Y R     OA21_X2M_A9TL          1    57   142    3106 
  u_vec_mul_ew/b_reg_reg[5][3]/D       -       -     R     DFFQ_X2M_A9TL          1     -     0    3106 
#-------------------------------------------------------------------------------------------------------



Path 23: MET (3 ps) Setup Check with Pin u_vec_mul_ew/a_reg_reg[4][2]/CK->D
          Group: in2reg
     Startpoint: (R) offset_in[0]
          Clock: (R) clk
       Endpoint: (R) u_vec_mul_ew/a_reg_reg[4][2]/D
          Clock: (R) clk

                     Capture       Launch     
        Clock Edge:+    3300            0     
        Drv Adjust:+       0           88     
       Src Latency:+       0            0     
       Net Latency:+       0 (I)        0 (I) 
           Arrival:=    3300           88     
                                              
             Setup:-      83                  
       Uncertainty:-     125                  
     Required Time:=    3092                  
      Launch Clock:-      88                  
       Input Delay:-     990                  
         Data Path:-    2011                  
             Slack:=       3                  

Exceptions/Constraints:
  input_delay             990             dut.sdc_line_15_76_1   

#---------------------------------------------------------------------------------------------------------
#             Timing Point              Flags    Arc    Edge       Cell        Fanout Trans Delay Arrival 
#                                                                                      (ps)  (ps)   (ps)  
#---------------------------------------------------------------------------------------------------------
  offset_in[0]                          -       -       R     (arrival)            10   170     0    1078 
  u_sub/g8767__1666/Y                   -       A->Y    F     NAND2XB_X3M_A9TL      2    83    79    1157 
  u_sub/g8594__1666/CON                 -       CI->CON R     CGENI_X2M_A9TL        2   209   152    1309 
  u_sub/g8583__7098/Y                   -       B->Y    F     NAND2_X4M_A9TL        2    74    89    1398 
  u_sub/g8567__5107/Y                   -       A->Y    R     NAND2XB_X4M_A9TL      2    88    75    1473 
  u_sub/g8560__2883/Y                   -       B->Y    F     NAND2_X4M_A9TL        2    83    69    1542 
  u_sub/g8543__5526/Y                   -       A->Y    R     NAND2XB_X6M_A9TL      3    97    84    1626 
  u_sub/g8518__1617/Y                   -       A0->Y   F     OAI2XB1_X8M_A9TL      2    79    71    1697 
  u_sub/g8513__5526/Y                   -       A0->Y   R     OAI2XB1_X8M_A9TL      2   108    87    1784 
  u_sub/g8493__7098/Y                   -       B->Y    F     NAND2_X4M_A9TL        2    82    73    1857 
  u_sub/g8489__2802/Y                   -       A->Y    R     NAND2XB_X6M_A9TL      2    78    71    1928 
  u_sub/g8463__1881/Y                   -       A->Y    F     NAND2XB_X3M_A9TL      2    78    70    1997 
  u_sub/g8437__2802/Y                   -       A->Y    F     AND2_X8M_A9TL         7    56   122    2119 
  u_sub/g8403__5122/Y                   -       A->Y    R     NAND2XB_X3M_A9TL      1    86    68    2187 
  u_sub/g8379__6161/Y                   -       B->Y    F     NAND2_X4A_A9TL        2    72    72    2259 
  gen_exp[4].u_exp/g126/Y               -       A->Y    F     BUFH_X3M_A9TL         3    69   109    2368 
  gen_exp[4].u_exp/u_round/g219__6260/Y -       A->Y    R     NAND2_X8M_A9TL        3    93    76    2444 
  gen_exp[4].u_exp/u_round/g218/Y       -       A->Y    F     INV_X2M_A9TL          1    40    46    2490 
  gen_exp[4].u_exp/u_round/g214__2398/Y -       A->Y    R     NOR2_X2A_A9TL         1   104    80    2569 
  gen_exp[4].u_exp/u_round/g213__5477/Y -       AN->Y   R     NAND2B_X6M_A9TL       4    99   138    2708 
  u_lut/g1612/Y                         -       A->Y    F     INV_X4M_A9TL          1    38    43    2750 
  u_lut/g1591__1881/Y                   -       B->Y    R     NAND2_X4A_A9TL        3    77    63    2814 
  u_lut/fopt1639/Y                      -       A->Y    F     INV_X4M_A9TL          1    30    36    2850 
  u_lut/g1555__5115/Y                   -       B->Y    R     NOR2_X3M_A9TL         1   110    79    2928 
  g6864/Y                               -       B->Y    F     NOR2_X4A_A9TL         2    60    68    2996 
  g6632/Y                               -       A0->Y   R     OAI21_X2M_A9TL        1   123    92    3089 
  u_vec_mul_ew/a_reg_reg[4][2]/D        -       -       R     DFFQ_X1M_A9TL         1     -     0    3089 
#---------------------------------------------------------------------------------------------------------



Path 24: MET (3 ps) Setup Check with Pin u_vec_mul_ew/a_reg_reg[3][6]/CK->D
          Group: in2reg
     Startpoint: (R) offset_in[0]
          Clock: (R) clk
       Endpoint: (F) u_vec_mul_ew/a_reg_reg[3][6]/D
          Clock: (R) clk

                     Capture       Launch     
        Clock Edge:+    3300            0     
        Drv Adjust:+       0           88     
       Src Latency:+       0            0     
       Net Latency:+       0 (I)        0 (I) 
           Arrival:=    3300           88     
                                              
             Setup:-      75                  
       Uncertainty:-     125                  
     Required Time:=    3100                  
      Launch Clock:-      88                  
       Input Delay:-     990                  
         Data Path:-    2019                  
             Slack:=       3                  

Exceptions/Constraints:
  input_delay             990             dut.sdc_line_15_76_1   

#---------------------------------------------------------------------------------------------------------
#             Timing Point              Flags    Arc    Edge       Cell        Fanout Trans Delay Arrival 
#                                                                                      (ps)  (ps)   (ps)  
#---------------------------------------------------------------------------------------------------------
  offset_in[0]                          -       -       R     (arrival)            10   170     0    1078 
  u_sub/g8766__2346/Y                   -       A->Y    F     NAND2XB_X3M_A9TL      3    94    90    1168 
  u_sub/g8593__2346/CON                 -       CI->CON R     CGENI_X2M_A9TL        2   227   166    1334 
  u_sub/g8585__1881/Y                   -       A->Y    F     NAND2XB_X6M_A9TL      2    84    75    1408 
  u_sub/g8569__4319/Y                   -       A->Y    R     NAND2XB_X6M_A9TL      2    76    70    1478 
  u_sub/g8558__9315/Y                   -       A->Y    F     NAND2XB_X6M_A9TL      2    50    51    1529 
  u_sub/g8544__6783/Y                   -       A->Y    R     NAND2XB_X6M_A9TL      2    77    58    1587 
  u_sub/g8538__2398/Y                   -       A->Y    F     NAND2_X6M_A9TL        2    63    51    1638 
  u_sub/g8523__7098/Y                   -       A->Y    R     NAND2XB_X6M_A9TL      2    75    63    1701 
  u_sub/g8503__2346/Y                   -       A->Y    F     NAND2_X6M_A9TL        2    63    51    1752 
  u_sub/g8496__5115/Y                   -       A->Y    R     NAND2XB_X6M_A9TL      2    75    63    1815 
  u_sub/g8479__5477/Y                   -       A->Y    F     NAND2_X6M_A9TL        2    69    55    1870 
  u_sub/g8472__9315/Y                   -       A->Y    R     NAND2XB_X8M_A9TL      3    84    71    1941 
  u_sub/g8419__2346/Y                   -       A->Y    F     NAND2_X4M_A9TL        2    65    56    1997 
  u_sub/g8410__4733/Y                   -       AN->Y   F     NOR2B_X8M_A9TL        5    81   135    2132 
  u_sub/g8348__5115/Y                   -       A->Y    R     NAND2_X3M_A9TL        1    93    76    2209 
  u_sub/g8325__9945/Y                   -       A->Y    F     NAND2_X4B_A9TL        2    94    75    2284 
  gen_exp[3].u_exp/g126/Y               -       A->Y    F     BUFH_X3M_A9TL         4    69   116    2399 
  gen_exp[3].u_exp/u_round/g220__6260/Y -       B->Y    R     NOR2_X3M_A9TL         2   144   114    2513 
  gen_exp[3].u_exp/u_round/g216__6417/Y -       A->Y    R     OR2_X6M_A9TR          3    97   188    2701 
  u_lut/g1622/Y                         -       A->Y    F     INV_X4M_A9TL          1    37    41    2742 
  u_lut/g1607__6161/Y                   -       B->Y    R     NAND2_X4M_A9TL        2    79    67    2809 
  u_lut/g1544__5526/Y                   -       B->Y    F     NOR2_X4B_A9TL         2    94    92    2901 
  g6868/Y                               -       B->Y    R     NOR2_X3A_A9TL         2   120   114    3015 
  g6648/Y                               -       A0->Y   F     OAI21_X2M_A9TL        1    77    81    3097 
  u_vec_mul_ew/a_reg_reg[3][6]/D        -       -       F     DFFQ_X2M_A9TL         1     -     0    3097 
#---------------------------------------------------------------------------------------------------------



Path 25: MET (3 ps) Setup Check with Pin u_vec_mul_ew/b_reg_reg[2][2]/CK->D
          Group: in2reg
     Startpoint: (R) offset_in[0]
          Clock: (R) clk
       Endpoint: (R) u_vec_mul_ew/b_reg_reg[2][2]/D
          Clock: (R) clk

                     Capture       Launch     
        Clock Edge:+    3300            0     
        Drv Adjust:+       0           88     
       Src Latency:+       0            0     
       Net Latency:+       0 (I)        0 (I) 
           Arrival:=    3300           88     
                                              
             Setup:-      66                  
       Uncertainty:-     125                  
     Required Time:=    3109                  
      Launch Clock:-      88                  
       Input Delay:-     990                  
         Data Path:-    2028                  
             Slack:=       3                  

Exceptions/Constraints:
  input_delay             990             dut.sdc_line_15_76_1   

#--------------------------------------------------------------------------------------------------------
#            Timing Point              Flags    Arc    Edge       Cell        Fanout Trans Delay Arrival 
#                                                                                     (ps)  (ps)   (ps)  
#--------------------------------------------------------------------------------------------------------
  offset_in[0]                         -       -       R     (arrival)            10   170     0    1078 
  u_sub/g8770__5477/Y                  -       A->Y    F     NAND2XB_X3M_A9TL      3    94    90    1168 
  u_sub/g8595__7410/CON                -       CI->CON R     CGENI_X2M_A9TL        2   205   153    1321 
  u_sub/g8587__7482/Y                  -       A->Y    F     NAND2_X4M_A9TL        2    87    82    1403 
  u_sub/g8571__5526/Y                  -       A->Y    R     NAND2XB_X4M_A9TL      2    96    85    1488 
  u_sub/g8564__6417/Y                  -       A->Y    F     NAND2_X6M_A9TL        2    70    59    1547 
  u_sub/g8542__8428/Y                  -       A->Y    R     NAND2XB_X8M_A9TL      3    80    69    1616 
  u_sub/g8521__5122/Y                  -       A0->Y   F     OAI2XB1_X8M_A9TL      2    74    64    1680 
  u_sub/g8512__8428/Y                  -       A0->Y   R     OAI2XB1_X6M_A9TL      2   115    93    1774 
  u_sub/g8492__8246/Y                  -       B->Y    F     NAND2_X4M_A9TL        2    82    75    1848 
  u_sub/g8488__1617/Y                  -       A->Y    R     NAND2XB_X6M_A9TL      2    78    71    1920 
  u_sub/g8466/Y                        -       A->Y    F     INV_X4M_A9TL          2    47    54    1973 
  u_sub/g8465__7482/Y                  -       A->Y    R     NAND2XB_X8M_A9TL      2    69    52    2025 
  u_sub/g8435__3680/Y                  -       B->Y    R     AND2_X8M_A9TL         7    77   122    2147 
  u_sub/g8401__2802/Y                  -       A->Y    F     NAND2XB_X3M_A9TL      1    72    66    2213 
  u_sub/g8357__7410/Y                  -       A->Y    R     NAND2_X6A_A9TL        4    73    68    2281 
  gen_exp[2].u_exp/u_quad/g120__6131/Y -       B->Y    R     OR2_X2M_A9TL          2   112   144    2425 
  gen_exp[2].u_exp/u_quad/g110__2802/Y -       C->Y    F     NAND3_X3M_A9TL        1    87    94    2519 
  gen_exp[2].u_exp/u_quad/g109__1617/Y -       A->Y    R     NAND2_X4M_A9TL        2   117    87    2606 
  gen_exp[2].u_exp/g297__2802/Y        -       A->Y    F     NAND2_X6A_A9TL        3    76    74    2680 
  gen_exp[2].u_exp/g291__5526/Y        -       B->Y    R     NAND2_X6M_A9TL        3    83    84    2764 
  gen_exp[2].u_exp/g289__4319/Y        -       A->Y    F     NAND2XB_X2M_A9TL      1    68    65    2829 
  gen_exp[2].u_exp/g286__5107/Y        -       A->Y    R     NAND2XB_X3M_A9TL      1    67    61    2890 
  gen_exp[2].u_exp/g300__5122/Y        -       A->Y    R     AND2_X3M_A9TL         2    62   108    2998 
  g6561/Y                              -       A0->Y   R     OA21_X2M_A9TL         1    56   108    3106 
  u_vec_mul_ew/b_reg_reg[2][2]/D       -       -       R     DFFQ_X2M_A9TL         1     -     0    3106 
#--------------------------------------------------------------------------------------------------------



Path 26: MET (3 ps) Setup Check with Pin u_vec_mul_ew/b_reg_reg[7][3]/CK->D
          Group: in2reg
     Startpoint: (R) offset_in[0]
          Clock: (R) clk
       Endpoint: (R) u_vec_mul_ew/b_reg_reg[7][3]/D
          Clock: (R) clk

                     Capture       Launch     
        Clock Edge:+    3300            0     
        Drv Adjust:+       0           88     
       Src Latency:+       0            0     
       Net Latency:+       0 (I)        0 (I) 
           Arrival:=    3300           88     
                                              
             Setup:-      66                  
       Uncertainty:-     125                  
     Required Time:=    3109                  
      Launch Clock:-      88                  
       Input Delay:-     990                  
         Data Path:-    2028                  
             Slack:=       3                  

Exceptions/Constraints:
  input_delay             990             dut.sdc_line_15_76_1   

#---------------------------------------------------------------------------------------------------------
#            Timing Point              Flags    Arc    Edge       Cell         Fanout Trans Delay Arrival 
#                                                                                      (ps)  (ps)   (ps)  
#---------------------------------------------------------------------------------------------------------
  offset_in[0]                         -       -       R     (arrival)             10   170     0    1078 
  u_sub/g8768__7410/Y                  -       A->Y    F     NAND2XB_X3M_A9TL       3    94    90    1168 
  u_sub/g8592__2883/CON                -       CI->CON R     CGENI_X2M_A9TL         2   227   166    1334 
  u_sub/g8582__8246/Y                  -       A->Y    F     NAND2XB_X6M_A9TL       2    90    82    1416 
  u_sub/g8570__8428/Y                  -       A->Y    R     NAND2XB_X8M_A9TL       2    72    69    1485 
  u_sub/g8562__1666/Y                  -       A->Y    F     NAND2XB_X8M_A9TL       2    48    49    1534 
  u_sub/g8547__2802/Y                  -       A->Y    R     NAND2XB_X8M_A9TL       2    67    52    1586 
  u_sub/g8540__6260/Y                  -       A->Y    F     NAND2_X6M_A9TL         2    63    49    1635 
  u_sub/g8522__8246/Y                  -       A->Y    R     NAND2XB_X6M_A9TL       2    75    63    1698 
  u_sub/g8502__2883/Y                  -       A->Y    F     NAND2_X6M_A9TL         2    63    51    1749 
  u_sub/g8494__6131/Y                  -       A->Y    R     NAND2XB_X6M_A9TL       2    75    63    1812 
  u_sub/g8478__6417/Y                  -       A->Y    F     NAND2_X6M_A9TL         2    69    55    1867 
  u_sub/g8470__4733/Y                  -       A->Y    R     NAND2XB_X8M_A9TL       3    88    74    1941 
  u_sub/g8424__2398/Y                  -       A->Y    F     NOR2XB_X8M_A9TL        2    68    63    2004 
  u_sub/g8411__6161/Y                  -       B->Y    R     NOR2B_X8M_A9TL         5   120   108    2112 
  u_sub/g8347__1881/Y                  -       A->Y    F     NAND2_X2A_A9TL         1   102    89    2201 
  u_sub/g8315__5122/Y                  -       A->Y    R     NAND2_X4A_A9TL         2    66    72    2273 
  gen_exp[7].u_exp/u_quad/g117/Y       -       A->Y    F     INV_X3M_A9TL           2    41    48    2320 
  gen_exp[7].u_exp/u_quad/g112__6260/Y -       B->Y    R     NAND3_X1A_A9TL         1   260   163    2483 
  gen_exp[7].u_exp/u_quad/g109__2398/Y -       B->Y    F     NAND2_X4M_A9TL         2    93   111    2594 
  gen_exp[7].u_exp/g297__5107/Y        -       A->Y    R     NAND2_X6M_A9TL         3    86    83    2677 
  gen_exp[7].u_exp/g291__7410/Y        -       B->Y    F     NAND2_X6M_A9TL         3    81    70    2747 
  gen_exp[7].u_exp/g288__2883/Y        -       A->Y    R     NAND3XXB_X6M_A9TL      3   123    92    2839 
  gen_exp[7].u_exp/g283__6161/Y        -       S0->Y   R     MXIT2_X2M_A9TL         2   193   125    2964 
  g6595/Y                              -       A0->Y   R     OA21_X2M_A9TL          1    57   142    3105 
  u_vec_mul_ew/b_reg_reg[7][3]/D       -       -       R     DFFQ_X2M_A9TL          1     -     0    3105 
#---------------------------------------------------------------------------------------------------------



Path 27: MET (4 ps) Setup Check with Pin u_vec_mul_ew/a_reg_reg[3][0]/CK->D
          Group: in2reg
     Startpoint: (R) offset_in[0]
          Clock: (R) clk
       Endpoint: (R) u_vec_mul_ew/a_reg_reg[3][0]/D
          Clock: (R) clk

                     Capture       Launch     
        Clock Edge:+    3300            0     
        Drv Adjust:+       0           88     
       Src Latency:+       0            0     
       Net Latency:+       0 (I)        0 (I) 
           Arrival:=    3300           88     
                                              
             Setup:-      81                  
       Uncertainty:-     125                  
     Required Time:=    3094                  
      Launch Clock:-      88                  
       Input Delay:-     990                  
         Data Path:-    2013                  
             Slack:=       4                  

Exceptions/Constraints:
  input_delay             990             dut.sdc_line_15_76_1   

#---------------------------------------------------------------------------------------------------------
#             Timing Point              Flags    Arc    Edge       Cell        Fanout Trans Delay Arrival 
#                                                                                      (ps)  (ps)   (ps)  
#---------------------------------------------------------------------------------------------------------
  offset_in[0]                          -       -       R     (arrival)            10   170     0    1078 
  u_sub/g8766__2346/Y                   -       A->Y    F     NAND2XB_X3M_A9TL      3    94    90    1168 
  u_sub/g8593__2346/CON                 -       CI->CON R     CGENI_X2M_A9TL        2   227   166    1334 
  u_sub/g8585__1881/Y                   -       A->Y    F     NAND2XB_X6M_A9TL      2    84    75    1408 
  u_sub/g8569__4319/Y                   -       A->Y    R     NAND2XB_X6M_A9TL      2    76    70    1478 
  u_sub/g8558__9315/Y                   -       A->Y    F     NAND2XB_X6M_A9TL      2    50    51    1529 
  u_sub/g8544__6783/Y                   -       A->Y    R     NAND2XB_X6M_A9TL      2    77    58    1587 
  u_sub/g8538__2398/Y                   -       A->Y    F     NAND2_X6M_A9TL        2    63    51    1638 
  u_sub/g8523__7098/Y                   -       A->Y    R     NAND2XB_X6M_A9TL      2    75    63    1701 
  u_sub/g8503__2346/Y                   -       A->Y    F     NAND2_X6M_A9TL        2    63    51    1752 
  u_sub/g8496__5115/Y                   -       A->Y    R     NAND2XB_X6M_A9TL      2    75    63    1815 
  u_sub/g8479__5477/Y                   -       A->Y    F     NAND2_X6M_A9TL        2    69    55    1870 
  u_sub/g8472__9315/Y                   -       A->Y    R     NAND2XB_X8M_A9TL      3    84    71    1941 
  u_sub/g8425__5107/Y                   -       A->Y    F     NOR2XB_X8M_A9TL       4    76    67    2008 
  u_sub/g8410__4733/Y                   -       B->Y    R     NOR2B_X8M_A9TL        5   127   114    2122 
  u_sub/g8396/Y                         -       A->Y    F     INV_X2P5M_A9TL        4    89    90    2211 
  u_sub/g8331__5477/Y                   -       A0->Y   R     OAI2XB1_X2M_A9TL      3   281   204    2415 
  gen_exp[3].u_exp/u_round/g221/Y       -       A->Y    F     INV_X1M_A9TL          1   104   114    2529 
  gen_exp[3].u_exp/u_round/g209__9945/Y -       A1N->Y  F     OAI2XB1_X3M_A9TL      1    77   168    2697 
  u_lut/fopt1/Y                         -       A->Y    R     INV_X4M_A9TL          2    62    65    2762 
  u_lut/fopt/Y                          -       A->Y    F     INV_X4M_A9TL          4    61    61    2823 
  u_lut/g1577__1705/Y                   -       A0->Y   R     OAI2XB1_X3M_A9TL      1   104    94    2917 
  g6871/Y                               -       B->Y    F     NOR2_X3A_A9TL         2    69    77    2993 
  g6653/Y                               -       A0->Y   R     OAI21_X2M_A9TL        1   126    97    3090 
  u_vec_mul_ew/a_reg_reg[3][0]/D        -       -       R     DFFQ_X2M_A9TL         1     -     0    3090 
#---------------------------------------------------------------------------------------------------------



Path 28: MET (4 ps) Setup Check with Pin u_vec_mul_ew/b_reg_reg[1][2]/CK->D
          Group: in2reg
     Startpoint: (R) offset_in[2]
          Clock: (R) clk
       Endpoint: (F) u_vec_mul_ew/b_reg_reg[1][2]/D
          Clock: (R) clk

                     Capture       Launch     
        Clock Edge:+    3300            0     
        Drv Adjust:+       0           78     
       Src Latency:+       0            0     
       Net Latency:+       0 (I)        0 (I) 
           Arrival:=    3300           78     
                                              
             Setup:-      67                  
       Uncertainty:-     125                  
     Required Time:=    3108                  
      Launch Clock:-      78                  
       Input Delay:-     990                  
         Data Path:-    2036                  
             Slack:=       4                  

Exceptions/Constraints:
  input_delay             990             dut.sdc_line_15_74_1   

#------------------------------------------------------------------------------------------------------
#            Timing Point              Flags   Arc   Edge       Cell        Fanout Trans Delay Arrival 
#                                                                                   (ps)  (ps)   (ps)  
#------------------------------------------------------------------------------------------------------
  offset_in[2]                         -       -     R     (arrival)             7   152     0    1068 
  u_sub/g8759/Y                        -       A->Y  F     INV_X6M_A9TL          4    57    60    1128 
  u_sub/g8650__8246/Y                  -       A->Y  R     MXIT2_X2M_A9TL        2   173   106    1234 
  u_sub/g8589__6161/Y                  -       BN->Y R     NAND2XB_X4M_A9TL      2    84   160    1394 
  u_sub/g8573__3680/Y                  -       A->Y  F     NAND2XB_X4M_A9TL      2    59    59    1452 
  u_sub/g8565__5477/Y                  -       A->Y  R     NAND2XB_X4M_A9TL      2    93    73    1526 
  u_sub/g8549__5122/Y                  -       A->Y  F     NAND2XB_X6M_A9TL      2    54    54    1580 
  u_sub/g8541__4319/Y                  -       A->Y  R     NAND2_X6M_A9TL        2    82    58    1638 
  u_sub/g8529__6161/Y                  -       A->Y  F     NAND2XB_X6M_A9TL      2    52    52    1691 
  u_sub/g8505__7410/Y                  -       A->Y  R     NAND2_X6M_A9TL        2    82    58    1748 
  u_sub/g8497__7482/Y                  -       A->Y  F     NAND2XB_X6M_A9TL      2    52    52    1801 
  u_sub/g8481__5107/Y                  -       A->Y  R     NAND2_X6M_A9TL        2    90    62    1863 
  u_sub/g8473__9945/Y                  -       A->Y  F     NAND2XB_X8M_A9TL      3    56    56    1919 
  u_sub/g8421__7410/Y                  -       B->Y  R     NAND2_X4M_A9TL        2    76    70    1989 
  u_sub/g8413__9945/Y                  -       AN->Y R     NOR2B_X8M_A9TL        5   131   148    2138 
  u_sub/g8342__1705/Y                  -       A->Y  F     NAND2_X2A_A9TL        1   135    99    2236 
  u_sub/g8310__6783/Y                  -       A->Y  R     NAND2XB_X6M_A9TL      4   112   112    2348 
  gen_exp[1].u_exp/u_quad/g114__3680/Y -       B->Y  F     NOR2_X6A_A9TL         2    57    68    2416 
  gen_exp[1].u_exp/u_quad/g2__2802/Y   -       AN->Y F     NOR2B_X6M_A9TL        2    63   123    2539 
  gen_exp[1].u_exp/g296__8428/Y        -       A->Y  R     NOR2XB_X2M_A9TL       2   140   107    2646 
  gen_exp[1].u_exp/g289__5477/Y        -       BN->Y R     NAND2XB_X2M_A9TL      1    82   152    2798 
  gen_exp[1].u_exp/g286__7410/Y        -       A->Y  F     NAND2XB_X2M_A9TL      1    54    54    2852 
  gen_exp[1].u_exp/g2__6783/Y          -       A->Y  F     AND2_X2M_A9TL         2    59   120    2972 
  g6571/Y                              -       A0->Y F     OA21_X2M_A9TL         1    51   132    3104 
  u_vec_mul_ew/b_reg_reg[1][2]/D       -       -     F     DFFQ_X2M_A9TL         1     -     0    3104 
#------------------------------------------------------------------------------------------------------



Path 29: MET (4 ps) Setup Check with Pin u_vec_mul_ew/a_reg_reg[1][2]/CK->D
          Group: in2reg
     Startpoint: (R) offset_in[0]
          Clock: (R) clk
       Endpoint: (R) u_vec_mul_ew/a_reg_reg[1][2]/D
          Clock: (R) clk

                     Capture       Launch     
        Clock Edge:+    3300            0     
        Drv Adjust:+       0           88     
       Src Latency:+       0            0     
       Net Latency:+       0 (I)        0 (I) 
           Arrival:=    3300           88     
                                              
             Setup:-      77                  
       Uncertainty:-     125                  
     Required Time:=    3098                  
      Launch Clock:-      88                  
       Input Delay:-     990                  
         Data Path:-    2016                  
             Slack:=       4                  

Exceptions/Constraints:
  input_delay             990             dut.sdc_line_15_76_1   

#---------------------------------------------------------------------------------------------------------
#             Timing Point              Flags    Arc    Edge       Cell        Fanout Trans Delay Arrival 
#                                                                                      (ps)  (ps)   (ps)  
#---------------------------------------------------------------------------------------------------------
  offset_in[0]                          -       -       R     (arrival)            10   170     0    1078 
  u_sub/g8773__6260/Y                   -       A->Y    F     NAND2XB_X4M_A9TL      3    82    78    1155 
  u_sub/g8597__5477/CON                 -       CI->CON R     CGENI_X2M_A9TL        2   199   147    1302 
  u_sub/g8589__6161/Y                   -       A->Y    F     NAND2XB_X4M_A9TL      2    85    79    1381 
  u_sub/g8573__3680/Y                   -       A->Y    R     NAND2XB_X4M_A9TL      2    86    78    1459 
  u_sub/g8565__5477/Y                   -       A->Y    F     NAND2XB_X4M_A9TL      2    64    64    1522 
  u_sub/g8549__5122/Y                   -       A->Y    R     NAND2XB_X6M_A9TL      2    77    64    1586 
  u_sub/g8541__4319/Y                   -       A->Y    F     NAND2_X6M_A9TL        2    63    51    1637 
  u_sub/g8529__6161/Y                   -       A->Y    R     NAND2XB_X6M_A9TL      2    75    63    1700 
  u_sub/g8505__7410/Y                   -       A->Y    F     NAND2_X6M_A9TL        2    63    51    1751 
  u_sub/g8497__7482/Y                   -       A->Y    R     NAND2XB_X6M_A9TL      2    75    63    1814 
  u_sub/g8481__5107/Y                   -       A->Y    F     NAND2_X6M_A9TL        2    69    55    1869 
  u_sub/g8473__9945/Y                   -       A->Y    R     NAND2XB_X8M_A9TL      3    79    68    1938 
  u_sub/g8422__6417/Y                   -       A->Y    F     NOR2XB_X6M_A9TL       4    90    74    2012 
  u_sub/g8414/Y                         -       A->Y    R     INV_X2M_A9TL          5   209   154    2165 
  u_sub/g8314__1705/Y                   -       B->Y    F     NAND2_X4B_A9TL        2    92   107    2272 
  gen_exp[1].u_exp/g126/Y               -       A->Y    F     BUFH_X3M_A9TL         4    69   115    2387 
  gen_exp[1].u_exp/u_round/g218__9315/Y -       B->Y    F     AND2_X4M_A9TL         2    47   117    2504 
  gen_exp[1].u_exp/u_round/g214__7482/Y -       B->Y    R     NOR2_X3M_A9TL         1   108    80    2584 
  gen_exp[1].u_exp/u_round/g213__5115/Y -       AN->Y   R     NAND2B_X8M_A9TL       4    88   136    2720 
  u_lut/g1626/Y                         -       A->Y    F     INV_X4M_A9TL          1    40    45    2766 
  u_lut/g1586__5122/Y                   -       A->Y    R     NAND2_X6B_A9TL        3    76    52    2817 
  u_lut/g1578/Y                         -       A->Y    F     INV_X4M_A9TL          1    32    38    2855 
  u_lut/g1553__6131/Y                   -       B->Y    R     NOR2_X4M_A9TL         1    90    76    2932 
  g6917/Y                               -       A->Y    F     NOR2_X6A_A9TR         2    55    69    3001 
  g6645/Y                               -       A0->Y   R     OAI21_X2M_A9TL        1   109    92    3093 
  u_vec_mul_ew/a_reg_reg[1][2]/D        -       -       R     DFFQ_X2M_A9TL         1     -     0    3094 
#---------------------------------------------------------------------------------------------------------



Path 30: MET (4 ps) Setup Check with Pin u_vec_mul_ew/a_reg_reg[3][6]/CK->D
          Group: in2reg
     Startpoint: (R) offset_in[0]
          Clock: (R) clk
       Endpoint: (F) u_vec_mul_ew/a_reg_reg[3][6]/D
          Clock: (R) clk

                     Capture       Launch     
        Clock Edge:+    3300            0     
        Drv Adjust:+       0           88     
       Src Latency:+       0            0     
       Net Latency:+       0 (I)        0 (I) 
           Arrival:=    3300           88     
                                              
             Setup:-      75                  
       Uncertainty:-     125                  
     Required Time:=    3100                  
      Launch Clock:-      88                  
       Input Delay:-     990                  
         Data Path:-    2018                  
             Slack:=       4                  

Exceptions/Constraints:
  input_delay             990             dut.sdc_line_15_76_1   

#---------------------------------------------------------------------------------------------------------
#             Timing Point              Flags    Arc    Edge       Cell        Fanout Trans Delay Arrival 
#                                                                                      (ps)  (ps)   (ps)  
#---------------------------------------------------------------------------------------------------------
  offset_in[0]                          -       -       R     (arrival)            10   170     0    1078 
  u_sub/g8766__2346/Y                   -       A->Y    F     NAND2XB_X3M_A9TL      3    94    90    1168 
  u_sub/g8593__2346/CON                 -       CI->CON R     CGENI_X2M_A9TL        2   227   166    1334 
  u_sub/g8585__1881/Y                   -       A->Y    F     NAND2XB_X6M_A9TL      2    84    75    1408 
  u_sub/g8569__4319/Y                   -       A->Y    R     NAND2XB_X6M_A9TL      2    76    70    1478 
  u_sub/g8558__9315/Y                   -       A->Y    F     NAND2XB_X6M_A9TL      2    50    51    1529 
  u_sub/g8544__6783/Y                   -       A->Y    R     NAND2XB_X6M_A9TL      2    77    58    1587 
  u_sub/g8538__2398/Y                   -       A->Y    F     NAND2_X6M_A9TL        2    63    51    1638 
  u_sub/g8523__7098/Y                   -       A->Y    R     NAND2XB_X6M_A9TL      2    75    63    1701 
  u_sub/g8503__2346/Y                   -       A->Y    F     NAND2_X6M_A9TL        2    63    51    1752 
  u_sub/g8496__5115/Y                   -       A->Y    R     NAND2XB_X6M_A9TL      2    75    63    1815 
  u_sub/g8479__5477/Y                   -       A->Y    F     NAND2_X6M_A9TL        2    69    55    1870 
  u_sub/g8472__9315/Y                   -       A->Y    R     NAND2XB_X8M_A9TL      3    84    71    1941 
  u_sub/g8425__5107/Y                   -       A->Y    F     NOR2XB_X8M_A9TL       4    76    67    2008 
  u_sub/g8410__4733/Y                   -       B->Y    R     NOR2B_X8M_A9TL        5   127   114    2122 
  u_sub/g8396/Y                         -       A->Y    F     INV_X2P5M_A9TL        4    89    90    2211 
  u_sub/g8320__5115/Y                   -       A0->Y   R     OAI2XB1_X3M_A9TL      3   195   154    2366 
  gen_exp[3].u_exp/u_round/g217__5477/Y -       B->Y    R     AND3_X4M_A9TL         3    94   177    2542 
  gen_exp[3].u_exp/u_round/g211__2883/Y -       A->Y    F     NAND2_X6M_A9TL        2    76    54    2597 
  gen_exp[3].u_exp/u_round/g209__9945/Y -       B0->Y   R     OAI2XB1_X3M_A9TL      1   120    83    2680 
  u_lut/fopt1/Y                         -       A->Y    F     INV_X4M_A9TL          2    54    60    2740 
  u_lut/g1607__6161/Y                   -       A->Y    R     NAND2_X4M_A9TL        2    79    67    2807 
  u_lut/g1544__5526/Y                   -       B->Y    F     NOR2_X4B_A9TL         2    94    92    2900 
  g6868/Y                               -       B->Y    R     NOR2_X3A_A9TL         2   120   114    3014 
  g6648/Y                               -       A0->Y   F     OAI21_X2M_A9TL        1    77    81    3095 
  u_vec_mul_ew/a_reg_reg[3][6]/D        -       -       F     DFFQ_X2M_A9TL         1     -     0    3095 
#---------------------------------------------------------------------------------------------------------



Path 31: MET (5 ps) Setup Check with Pin u_vec_mul_ew/a_reg_reg[1][6]/CK->D
          Group: in2reg
     Startpoint: (R) offset_in[2]
          Clock: (R) clk
       Endpoint: (F) u_vec_mul_ew/a_reg_reg[1][6]/D
          Clock: (R) clk

                     Capture       Launch     
        Clock Edge:+    3300            0     
        Drv Adjust:+       0           78     
       Src Latency:+       0            0     
       Net Latency:+       0 (I)        0 (I) 
           Arrival:=    3300           78     
                                              
             Setup:-      75                  
       Uncertainty:-     125                  
     Required Time:=    3100                  
      Launch Clock:-      78                  
       Input Delay:-     990                  
         Data Path:-    2027                  
             Slack:=       5                  

Exceptions/Constraints:
  input_delay             990             dut.sdc_line_15_74_1   

#-------------------------------------------------------------------------------------------------------
#             Timing Point              Flags   Arc   Edge       Cell        Fanout Trans Delay Arrival 
#                                                                                    (ps)  (ps)   (ps)  
#-------------------------------------------------------------------------------------------------------
  offset_in[2]                          -       -     R     (arrival)             7   152     0    1068 
  u_sub/g8759/Y                         -       A->Y  F     INV_X6M_A9TL          4    57    60    1128 
  u_sub/g8650__8246/Y                   -       A->Y  R     MXIT2_X2M_A9TL        2   173   106    1234 
  u_sub/g8589__6161/Y                   -       BN->Y R     NAND2XB_X4M_A9TL      2    84   160    1394 
  u_sub/g8573__3680/Y                   -       A->Y  F     NAND2XB_X4M_A9TL      2    59    59    1452 
  u_sub/g8565__5477/Y                   -       A->Y  R     NAND2XB_X4M_A9TL      2    93    73    1526 
  u_sub/g8549__5122/Y                   -       A->Y  F     NAND2XB_X6M_A9TL      2    54    54    1580 
  u_sub/g8541__4319/Y                   -       A->Y  R     NAND2_X6M_A9TL        2    82    58    1638 
  u_sub/g8529__6161/Y                   -       A->Y  F     NAND2XB_X6M_A9TL      2    52    52    1691 
  u_sub/g8505__7410/Y                   -       A->Y  R     NAND2_X6M_A9TL        2    82    58    1748 
  u_sub/g8497__7482/Y                   -       A->Y  F     NAND2XB_X6M_A9TL      2    52    52    1801 
  u_sub/g8481__5107/Y                   -       A->Y  R     NAND2_X6M_A9TL        2    90    62    1863 
  u_sub/g8473__9945/Y                   -       A->Y  F     NAND2XB_X8M_A9TL      3    56    56    1919 
  u_sub/g8421__7410/Y                   -       B->Y  R     NAND2_X4M_A9TL        2    76    70    1989 
  u_sub/g8413__9945/Y                   -       AN->Y R     NOR2B_X8M_A9TL        5   131   148    2138 
  u_sub/g8399/Y                         -       A->Y  F     INV_X3M_A9TL          4    77    81    2219 
  u_sub/g8326__2883/Y                   -       A0->Y R     OAI2XB1_X2M_A9TL      3   248   182    2400 
  gen_exp[1].u_exp/u_round/g217__6161/Y -       A->Y  R     AND3_X4M_A9TL         3    96   182    2582 
  gen_exp[1].u_exp/u_round/g211__6131/Y -       A->Y  F     NAND2_X6M_A9TL        2    75    55    2637 
  gen_exp[1].u_exp/u_round/g209__7098/Y -       B0->Y R     OAI2XB1_X3M_A9TL      1   120    83    2720 
  u_lut/fopt1641/Y                      -       A->Y  F     INV_X4M_A9TL          2    54    60    2779 
  u_lut/g1608__9315/Y                   -       A->Y  R     NAND2_X4M_A9TL        2    92    74    2854 
  u_lut/g1540__5107/Y                   -       A->Y  F     NOR2_X6M_A9TR         2    74    81    2935 
  g6921/Y                               -       A->Y  R     NOR2_X4M_A9TL         2    94    85    3020 
  g6642/Y                               -       A0->Y F     OAI21_X2M_A9TL        1    77    75    3095 
  u_vec_mul_ew/a_reg_reg[1][6]/D        -       -     F     DFFQ_X2M_A9TL         1     -     0    3095 
#-------------------------------------------------------------------------------------------------------



Path 32: MET (5 ps) Setup Check with Pin u_vec_mul_ew/b_reg_reg[7][4]/CK->D
          Group: in2reg
     Startpoint: (R) offset_in[0]
          Clock: (R) clk
       Endpoint: (F) u_vec_mul_ew/b_reg_reg[7][4]/D
          Clock: (R) clk

                     Capture       Launch     
        Clock Edge:+    3300            0     
        Drv Adjust:+       0           88     
       Src Latency:+       0            0     
       Net Latency:+       0 (I)        0 (I) 
           Arrival:=    3300           88     
                                              
             Setup:-      76                  
       Uncertainty:-     125                  
     Required Time:=    3100                  
      Launch Clock:-      88                  
       Input Delay:-     990                  
         Data Path:-    2017                  
             Slack:=       5                  

Exceptions/Constraints:
  input_delay             990             dut.sdc_line_15_76_1   

#---------------------------------------------------------------------------------------------------------
#            Timing Point              Flags    Arc    Edge       Cell         Fanout Trans Delay Arrival 
#                                                                                      (ps)  (ps)   (ps)  
#---------------------------------------------------------------------------------------------------------
  offset_in[0]                         -       -       R     (arrival)             10   170     0    1078 
  u_sub/g8768__7410/Y                  -       A->Y    F     NAND2XB_X3M_A9TL       3    94    90    1168 
  u_sub/g8592__2883/CON                -       CI->CON R     CGENI_X2M_A9TL         2   227   166    1334 
  u_sub/g8582__8246/Y                  -       A->Y    F     NAND2XB_X6M_A9TL       2    90    82    1416 
  u_sub/g8570__8428/Y                  -       A->Y    R     NAND2XB_X8M_A9TL       2    72    69    1485 
  u_sub/g8562__1666/Y                  -       A->Y    F     NAND2XB_X8M_A9TL       2    48    49    1534 
  u_sub/g8547__2802/Y                  -       A->Y    R     NAND2XB_X8M_A9TL       2    67    52    1586 
  u_sub/g8540__6260/Y                  -       A->Y    F     NAND2_X6M_A9TL         2    63    49    1635 
  u_sub/g8522__8246/Y                  -       A->Y    R     NAND2XB_X6M_A9TL       2    75    63    1698 
  u_sub/g8502__2883/Y                  -       A->Y    F     NAND2_X6M_A9TL         2    63    51    1749 
  u_sub/g8494__6131/Y                  -       A->Y    R     NAND2XB_X6M_A9TL       2    75    63    1812 
  u_sub/g8478__6417/Y                  -       A->Y    F     NAND2_X6M_A9TL         2    69    55    1867 
  u_sub/g8470__4733/Y                  -       A->Y    R     NAND2XB_X8M_A9TL       3    88    74    1941 
  u_sub/g8424__2398/Y                  -       A->Y    F     NOR2XB_X8M_A9TL        2    68    63    2004 
  u_sub/g8411__6161/Y                  -       B->Y    R     NOR2B_X8M_A9TL         5   120   108    2112 
  u_sub/g8347__1881/Y                  -       A->Y    F     NAND2_X2A_A9TL         1   102    89    2201 
  u_sub/g8315__5122/Y                  -       A->Y    R     NAND2_X4A_A9TL         2    66    72    2273 
  gen_exp[7].u_exp/u_quad/g117/Y       -       A->Y    F     INV_X3M_A9TL           2    41    48    2320 
  gen_exp[7].u_exp/u_quad/g114__4319/Y -       A->Y    R     NOR2_X4A_A9TL          2    95    75    2396 
  gen_exp[7].u_exp/u_quad/g2__5526/Y   -       AN->Y   R     NOR2B_X4M_A9TL         2   127   154    2549 
  gen_exp[7].u_exp/g292__6417/Y        -       S0->Y   R     MXIT2_X4M_A9TL         2   158   121    2670 
  gen_exp[7].u_exp/g291__7410/Y        -       A->Y    F     NAND2_X6M_A9TL         3    81    79    2749 
  gen_exp[7].u_exp/g288__2883/Y        -       A->Y    R     NAND3XXB_X6M_A9TL      3   123    92    2842 
  gen_exp[7].u_exp/g284__9315/Y        -       A->Y    F     NAND2_X2A_A9TL         2    96    85    2927 
  g6594/Y                              -       A0->Y   F     OA21_X1M_A9TL          1    68   168    3095 
  u_vec_mul_ew/b_reg_reg[7][4]/D       -       -       F     DFFQ_X1M_A9TL          1     -     0    3095 
#---------------------------------------------------------------------------------------------------------



Path 33: MET (5 ps) Setup Check with Pin u_vec_mul_ew/b_reg_reg[3][4]/CK->D
          Group: in2reg
     Startpoint: (R) offset_in[0]
          Clock: (R) clk
       Endpoint: (F) u_vec_mul_ew/b_reg_reg[3][4]/D
          Clock: (R) clk

                     Capture       Launch     
        Clock Edge:+    3300            0     
        Drv Adjust:+       0           88     
       Src Latency:+       0            0     
       Net Latency:+       0 (I)        0 (I) 
           Arrival:=    3300           88     
                                              
             Setup:-      76                  
       Uncertainty:-     125                  
     Required Time:=    3100                  
      Launch Clock:-      88                  
       Input Delay:-     990                  
         Data Path:-    2017                  
             Slack:=       5                  

Exceptions/Constraints:
  input_delay             990             dut.sdc_line_15_76_1   

#---------------------------------------------------------------------------------------------------------
#            Timing Point              Flags    Arc    Edge       Cell         Fanout Trans Delay Arrival 
#                                                                                      (ps)  (ps)   (ps)  
#---------------------------------------------------------------------------------------------------------
  offset_in[0]                         -       -       R     (arrival)             10   170     0    1078 
  u_sub/g8766__2346/Y                  -       A->Y    F     NAND2XB_X3M_A9TL       3    94    90    1168 
  u_sub/g8593__2346/CON                -       CI->CON R     CGENI_X2M_A9TL         2   227   166    1334 
  u_sub/g8585__1881/Y                  -       A->Y    F     NAND2XB_X6M_A9TL       2    84    75    1408 
  u_sub/g8569__4319/Y                  -       A->Y    R     NAND2XB_X6M_A9TL       2    76    70    1478 
  u_sub/g8558__9315/Y                  -       A->Y    F     NAND2XB_X6M_A9TL       2    50    51    1529 
  u_sub/g8544__6783/Y                  -       A->Y    R     NAND2XB_X6M_A9TL       2    77    58    1587 
  u_sub/g8538__2398/Y                  -       A->Y    F     NAND2_X6M_A9TL         2    63    51    1638 
  u_sub/g8523__7098/Y                  -       A->Y    R     NAND2XB_X6M_A9TL       2    75    63    1701 
  u_sub/g8503__2346/Y                  -       A->Y    F     NAND2_X6M_A9TL         2    63    51    1752 
  u_sub/g8496__5115/Y                  -       A->Y    R     NAND2XB_X6M_A9TL       2    75    63    1815 
  u_sub/g8479__5477/Y                  -       A->Y    F     NAND2_X6M_A9TL         2    69    55    1870 
  u_sub/g8472__9315/Y                  -       A->Y    R     NAND2XB_X8M_A9TL       3    84    71    1941 
  u_sub/g8419__2346/Y                  -       A->Y    F     NAND2_X4M_A9TL         2    65    56    1997 
  u_sub/g8410__4733/Y                  -       AN->Y   F     NOR2B_X8M_A9TL         5    81   135    2132 
  u_sub/g8340__1617/Y                  -       A->Y    R     NAND2XB_X4M_A9TL       1    96    83    2216 
  u_sub/g8308__8428/Y                  -       B->Y    F     NAND2_X8M_A9TL         5    94    67    2283 
  gen_exp[3].u_exp/u_quad/g120__4733/Y -       A->Y    F     OR2_X2M_A9TL           2    77   146    2429 
  gen_exp[3].u_exp/u_quad/g110__7098/Y -       A->Y    R     NAND3_X3M_A9TL         1   115    87    2516 
  gen_exp[3].u_exp/u_quad/g109__8246/Y -       A->Y    F     NAND2_X4M_A9TL         2    85    73    2589 
  gen_exp[3].u_exp/g297__7098/Y        -       A->Y    R     NAND2_X6M_A9TL         3    86    80    2669 
  gen_exp[3].u_exp/g291__2802/Y        -       B->Y    F     NAND2_X6M_A9TL         3    77    68    2737 
  gen_exp[3].u_exp/g288__6783/Y        -       B->Y    R     NAND3XXB_X6M_A9TL      3   118    97    2834 
  gen_exp[3].u_exp/g284__8428/Y        -       B->Y    F     NAND2_X2A_A9TL         2   107    90    2923 
  g6574/Y                              -       A0->Y   F     OA21_X1M_A9TL          1    68   171    3095 
  u_vec_mul_ew/b_reg_reg[3][4]/D       -       -       F     DFFQ_X1M_A9TL          1     -     0    3095 
#---------------------------------------------------------------------------------------------------------



Path 34: MET (5 ps) Setup Check with Pin u_vec_mul_ew/b_reg_reg[3][2]/CK->D
          Group: in2reg
     Startpoint: (R) offset_in[0]
          Clock: (R) clk
       Endpoint: (F) u_vec_mul_ew/b_reg_reg[3][2]/D
          Clock: (R) clk

                     Capture       Launch     
        Clock Edge:+    3300            0     
        Drv Adjust:+       0           88     
       Src Latency:+       0            0     
       Net Latency:+       0 (I)        0 (I) 
           Arrival:=    3300           88     
                                              
             Setup:-      67                  
       Uncertainty:-     125                  
     Required Time:=    3108                  
      Launch Clock:-      88                  
       Input Delay:-     990                  
         Data Path:-    2026                  
             Slack:=       5                  

Exceptions/Constraints:
  input_delay             990             dut.sdc_line_15_76_1   

#--------------------------------------------------------------------------------------------------------
#            Timing Point              Flags    Arc    Edge       Cell        Fanout Trans Delay Arrival 
#                                                                                     (ps)  (ps)   (ps)  
#--------------------------------------------------------------------------------------------------------
  offset_in[0]                         -       -       R     (arrival)            10   170     0    1078 
  u_sub/g8766__2346/Y                  -       A->Y    F     NAND2XB_X3M_A9TL      3    94    90    1168 
  u_sub/g8593__2346/CON                -       CI->CON R     CGENI_X2M_A9TL        2   227   166    1334 
  u_sub/g8585__1881/Y                  -       A->Y    F     NAND2XB_X6M_A9TL      2    84    75    1408 
  u_sub/g8569__4319/Y                  -       A->Y    R     NAND2XB_X6M_A9TL      2    76    70    1478 
  u_sub/g8558__9315/Y                  -       A->Y    F     NAND2XB_X6M_A9TL      2    50    51    1529 
  u_sub/g8544__6783/Y                  -       A->Y    R     NAND2XB_X6M_A9TL      2    77    58    1587 
  u_sub/g8538__2398/Y                  -       A->Y    F     NAND2_X6M_A9TL        2    63    51    1638 
  u_sub/g8523__7098/Y                  -       A->Y    R     NAND2XB_X6M_A9TL      2    75    63    1701 
  u_sub/g8503__2346/Y                  -       A->Y    F     NAND2_X6M_A9TL        2    63    51    1752 
  u_sub/g8496__5115/Y                  -       A->Y    R     NAND2XB_X6M_A9TL      2    75    63    1815 
  u_sub/g8479__5477/Y                  -       A->Y    F     NAND2_X6M_A9TL        2    69    55    1870 
  u_sub/g8472__9315/Y                  -       A->Y    R     NAND2XB_X8M_A9TL      3    84    71    1941 
  u_sub/g8419__2346/Y                  -       A->Y    F     NAND2_X4M_A9TL        2    65    56    1997 
  u_sub/g8410__4733/Y                  -       AN->Y   F     NOR2B_X8M_A9TL        5    81   135    2132 
  u_sub/g8340__1617/Y                  -       A->Y    R     NAND2XB_X4M_A9TL      1    96    83    2216 
  u_sub/g8308__8428/Y                  -       B->Y    F     NAND2_X8M_A9TL        5    94    67    2283 
  gen_exp[3].u_exp/u_quad/g120__4733/Y -       A->Y    F     OR2_X2M_A9TL          2    77   146    2429 
  gen_exp[3].u_exp/u_quad/g110__7098/Y -       A->Y    R     NAND3_X3M_A9TL        1   115    87    2516 
  gen_exp[3].u_exp/u_quad/g109__8246/Y -       A->Y    F     NAND2_X4M_A9TL        2    85    73    2589 
  gen_exp[3].u_exp/g297__7098/Y        -       A->Y    R     NAND2_X6M_A9TL        3    86    80    2669 
  gen_exp[3].u_exp/g291__2802/Y        -       B->Y    F     NAND2_X6M_A9TL        3    77    68    2737 
  gen_exp[3].u_exp/g289__3680/Y        -       A->Y    R     NAND2XB_X3M_A9TL      1    67    63    2800 
  gen_exp[3].u_exp/g286__5526/Y        -       A->Y    F     NAND2XB_X2M_A9TL      1    53    51    2851 
  gen_exp[3].u_exp/g2__6131/Y          -       A->Y    F     AND2_X2M_A9TL         2    59   120    2971 
  g6576/Y                              -       A0->Y   F     OA21_X2M_A9TL         1    51   132    3104 
  u_vec_mul_ew/b_reg_reg[3][2]/D       -       -       F     DFFQ_X2M_A9TL         1     -     0    3104 
#--------------------------------------------------------------------------------------------------------



Path 35: MET (5 ps) Setup Check with Pin u_vec_mul_ew/b_reg_reg[7][4]/CK->D
          Group: in2reg
     Startpoint: (R) offset_in[0]
          Clock: (R) clk
       Endpoint: (F) u_vec_mul_ew/b_reg_reg[7][4]/D
          Clock: (R) clk

                     Capture       Launch     
        Clock Edge:+    3300            0     
        Drv Adjust:+       0           88     
       Src Latency:+       0            0     
       Net Latency:+       0 (I)        0 (I) 
           Arrival:=    3300           88     
                                              
             Setup:-      76                  
       Uncertainty:-     125                  
     Required Time:=    3100                  
      Launch Clock:-      88                  
       Input Delay:-     990                  
         Data Path:-    2017                  
             Slack:=       5                  

Exceptions/Constraints:
  input_delay             990             dut.sdc_line_15_76_1   

#---------------------------------------------------------------------------------------------------------
#            Timing Point              Flags    Arc    Edge       Cell         Fanout Trans Delay Arrival 
#                                                                                      (ps)  (ps)   (ps)  
#---------------------------------------------------------------------------------------------------------
  offset_in[0]                         -       -       R     (arrival)             10   170     0    1078 
  u_sub/g8768__7410/Y                  -       A->Y    F     NAND2XB_X3M_A9TL       3    94    90    1168 
  u_sub/g8592__2883/CON                -       CI->CON R     CGENI_X2M_A9TL         2   227   166    1334 
  u_sub/g8582__8246/Y                  -       A->Y    F     NAND2XB_X6M_A9TL       2    90    82    1416 
  u_sub/g8570__8428/Y                  -       A->Y    R     NAND2XB_X8M_A9TL       2    72    69    1485 
  u_sub/g8562__1666/Y                  -       A->Y    F     NAND2XB_X8M_A9TL       2    48    49    1534 
  u_sub/g8547__2802/Y                  -       A->Y    R     NAND2XB_X8M_A9TL       2    67    52    1586 
  u_sub/g8540__6260/Y                  -       A->Y    F     NAND2_X6M_A9TL         2    63    49    1635 
  u_sub/g8522__8246/Y                  -       A->Y    R     NAND2XB_X6M_A9TL       2    75    63    1698 
  u_sub/g8502__2883/Y                  -       A->Y    F     NAND2_X6M_A9TL         2    63    51    1749 
  u_sub/g8494__6131/Y                  -       A->Y    R     NAND2XB_X6M_A9TL       2    75    63    1812 
  u_sub/g8478__6417/Y                  -       A->Y    F     NAND2_X6M_A9TL         2    69    55    1867 
  u_sub/g8470__4733/Y                  -       A->Y    R     NAND2XB_X8M_A9TL       3    88    74    1941 
  u_sub/g8420__1666/Y                  -       B->Y    F     NAND2_X4M_A9TL         2    74    61    2002 
  u_sub/g8411__6161/Y                  -       AN->Y   F     NOR2B_X8M_A9TL         5    76   137    2139 
  u_sub/g8339__3680/Y                  -       A->Y    R     NAND2XB_X3M_A9TL       1   114    91    2230 
  u_sub/g8298__2883/Y                  -       B->Y    F     NAND2_X8M_A9TL         5    62    70    2300 
  gen_exp[7].u_exp/u_quad/g120__6783/Y -       A->Y    F     OR2_X2M_A9TL           2    76   136    2436 
  gen_exp[7].u_exp/u_quad/g2__5526/Y   -       B->Y    R     NOR2B_X4M_A9TL         2   127   113    2549 
  gen_exp[7].u_exp/g292__6417/Y        -       S0->Y   R     MXIT2_X4M_A9TL         2   158   121    2670 
  gen_exp[7].u_exp/g291__7410/Y        -       A->Y    F     NAND2_X6M_A9TL         3    81    79    2749 
  gen_exp[7].u_exp/g288__2883/Y        -       A->Y    R     NAND3XXB_X6M_A9TL      3   123    92    2842 
  gen_exp[7].u_exp/g284__9315/Y        -       A->Y    F     NAND2_X2A_A9TL         2    96    85    2927 
  g6594/Y                              -       A0->Y   F     OA21_X1M_A9TL          1    68   168    3095 
  u_vec_mul_ew/b_reg_reg[7][4]/D       -       -       F     DFFQ_X1M_A9TL          1     -     0    3095 
#---------------------------------------------------------------------------------------------------------



Path 36: MET (5 ps) Setup Check with Pin u_vec_mul_ew/b_reg_reg[5][4]/CK->D
          Group: in2reg
     Startpoint: (R) offset_in[0]
          Clock: (R) clk
       Endpoint: (F) u_vec_mul_ew/b_reg_reg[5][4]/D
          Clock: (R) clk

                     Capture       Launch     
        Clock Edge:+    3300            0     
        Drv Adjust:+       0           88     
       Src Latency:+       0            0     
       Net Latency:+       0 (I)        0 (I) 
           Arrival:=    3300           88     
                                              
             Setup:-      76                  
       Uncertainty:-     125                  
     Required Time:=    3100                  
      Launch Clock:-      88                  
       Input Delay:-     990                  
         Data Path:-    2017                  
             Slack:=       5                  

Exceptions/Constraints:
  input_delay             990             dut.sdc_line_15_76_1   

#---------------------------------------------------------------------------------------------------------
#            Timing Point              Flags    Arc    Edge       Cell         Fanout Trans Delay Arrival 
#                                                                                      (ps)  (ps)   (ps)  
#---------------------------------------------------------------------------------------------------------
  offset_in[0]                         -       -       R     (arrival)             10   170     0    1078 
  u_sub/g8774__4319/Y                  -       A->Y    F     NAND2XB_X3M_A9TL       3    94    90    1168 
  u_sub/g8590__9315/CON                -       CI->CON R     CGENI_X2M_A9TL         2   227   166    1334 
  u_sub/g8588__4733/Y                  -       A->Y    F     NAND2XB_X6M_A9TL       2    90    82    1416 
  u_sub/g8566__2398/Y                  -       A->Y    R     NAND2XB_X8M_A9TL       2    72    69    1485 
  u_sub/g8561__2346/Y                  -       A->Y    F     NAND2XB_X8M_A9TL       2    48    49    1534 
  u_sub/g8545__3680/Y                  -       A->Y    R     NAND2XB_X8M_A9TL       2    67    52    1586 
  u_sub/g8539__5107/Y                  -       A->Y    F     NAND2_X6M_A9TL         2    69    54    1639 
  u_sub/g8528__4733/Y                  -       A->Y    R     NAND2XB_X8M_A9TL       2    65    59    1698 
  u_sub/g8504__1666/Y                  -       A->Y    F     NAND2_X6M_A9TL         2    69    53    1751 
  u_sub/g8495__1881/Y                  -       A->Y    R     NAND2XB_X8M_A9TL       2    65    59    1810 
  u_sub/g8480__2398/Y                  -       A->Y    F     NAND2_X6M_A9TL         2    69    53    1863 
  u_sub/g8471__6161/Y                  -       A->Y    R     NAND2XB_X8M_A9TL       3    88    74    1937 
  u_sub/g8423__5477/Y                  -       A->Y    F     NOR2XB_X8M_A9TL        2    64    60    1997 
  u_sub/g8412__9315/Y                  -       B->Y    R     NOR2B_X8M_A9TL         5   126   110    2106 
  u_sub/g8349__7482/Y                  -       A->Y    F     NAND2_X2A_A9TL         1   102    91    2198 
  u_sub/g8317__7098/Y                  -       A->Y    R     NAND2_X4A_A9TL         2    69    75    2272 
  gen_exp[5].u_exp/u_quad/g117/Y       -       A->Y    F     INV_X4M_A9TL           2    35    42    2314 
  gen_exp[5].u_exp/u_quad/g114__2346/Y -       A->Y    R     NOR2_X4A_A9TL          2    95    73    2387 
  gen_exp[5].u_exp/u_quad/g2__7410/Y   -       AN->Y   R     NOR2B_X4M_A9TL         2   127   154    2541 
  gen_exp[5].u_exp/g292__4733/Y        -       S0->Y   R     MXIT2_X4M_A9TL         2   158   121    2662 
  gen_exp[5].u_exp/g291__7482/Y        -       A->Y    F     NAND2_X6M_A9TL         3    81    78    2741 
  gen_exp[5].u_exp/g288__6131/Y        -       B->Y    R     NAND3XXB_X6M_A9TL      3   123   101    2842 
  gen_exp[5].u_exp/g284__8246/Y        -       A->Y    F     NAND2_X2A_A9TL         2    96    85    2927 
  g6584/Y                              -       A0->Y   F     OA21_X1M_A9TL          1    68   168    3094 
  u_vec_mul_ew/b_reg_reg[5][4]/D       -       -       F     DFFQ_X1M_A9TL          1     -     0    3094 
#---------------------------------------------------------------------------------------------------------



Path 37: MET (5 ps) Setup Check with Pin u_vec_mul_ew/b_reg_reg[2][2]/CK->D
          Group: in2reg
     Startpoint: (R) offset_in[0]
          Clock: (R) clk
       Endpoint: (R) u_vec_mul_ew/b_reg_reg[2][2]/D
          Clock: (R) clk

                     Capture       Launch     
        Clock Edge:+    3300            0     
        Drv Adjust:+       0           88     
       Src Latency:+       0            0     
       Net Latency:+       0 (I)        0 (I) 
           Arrival:=    3300           88     
                                              
             Setup:-      66                  
       Uncertainty:-     125                  
     Required Time:=    3109                  
      Launch Clock:-      88                  
       Input Delay:-     990                  
         Data Path:-    2026                  
             Slack:=       5                  

Exceptions/Constraints:
  input_delay             990             dut.sdc_line_15_76_1   

#--------------------------------------------------------------------------------------------------------
#            Timing Point              Flags    Arc    Edge       Cell        Fanout Trans Delay Arrival 
#                                                                                     (ps)  (ps)   (ps)  
#--------------------------------------------------------------------------------------------------------
  offset_in[0]                         -       -       R     (arrival)            10   170     0    1078 
  u_sub/g8770__5477/Y                  -       A->Y    F     NAND2XB_X3M_A9TL      3    94    90    1168 
  u_sub/g8595__7410/CON                -       CI->CON R     CGENI_X2M_A9TL        2   205   153    1321 
  u_sub/g8587__7482/Y                  -       A->Y    F     NAND2_X4M_A9TL        2    87    82    1403 
  u_sub/g8571__5526/Y                  -       A->Y    R     NAND2XB_X4M_A9TL      2    96    85    1488 
  u_sub/g8564__6417/Y                  -       A->Y    F     NAND2_X6M_A9TL        2    70    59    1547 
  u_sub/g8542__8428/Y                  -       A->Y    R     NAND2XB_X8M_A9TL      3    80    69    1616 
  u_sub/g8521__5122/Y                  -       A0->Y   F     OAI2XB1_X8M_A9TL      2    74    64    1680 
  u_sub/g8512__8428/Y                  -       A0->Y   R     OAI2XB1_X6M_A9TL      2   115    93    1774 
  u_sub/g8492__8246/Y                  -       B->Y    F     NAND2_X4M_A9TL        2    82    75    1848 
  u_sub/g8488__1617/Y                  -       A->Y    R     NAND2XB_X6M_A9TL      2    78    71    1920 
  u_sub/g8466/Y                        -       A->Y    F     INV_X4M_A9TL          2    47    54    1973 
  u_sub/g8465__7482/Y                  -       A->Y    R     NAND2XB_X8M_A9TL      2    69    52    2025 
  u_sub/g8435__3680/Y                  -       B->Y    R     AND2_X8M_A9TL         7    77   122    2147 
  u_sub/g8382__2883/Y                  -       B->Y    F     NAND2_X2A_A9TL        1   127    92    2239 
  u_sub/g8376__5115/Y                  -       B->Y    R     NAND2_X6B_A9TL        4    82    91    2330 
  gen_exp[2].u_exp/u_quad/g112__1705/Y -       A->Y    F     NAND3_X1A_A9TL        1   190   140    2470 
  gen_exp[2].u_exp/u_quad/g109__1617/Y -       B->Y    R     NAND2_X4M_A9TL        2   117   134    2604 
  gen_exp[2].u_exp/g297__2802/Y        -       A->Y    F     NAND2_X6A_A9TL        3    76    74    2678 
  gen_exp[2].u_exp/g291__5526/Y        -       B->Y    R     NAND2_X6M_A9TL        3    83    84    2762 
  gen_exp[2].u_exp/g289__4319/Y        -       A->Y    F     NAND2XB_X2M_A9TL      1    68    65    2827 
  gen_exp[2].u_exp/g286__5107/Y        -       A->Y    R     NAND2XB_X3M_A9TL      1    67    61    2888 
  gen_exp[2].u_exp/g300__5122/Y        -       A->Y    R     AND2_X3M_A9TL         2    62   108    2996 
  g6561/Y                              -       A0->Y   R     OA21_X2M_A9TL         1    56   108    3104 
  u_vec_mul_ew/b_reg_reg[2][2]/D       -       -       R     DFFQ_X2M_A9TL         1     -     0    3104 
#--------------------------------------------------------------------------------------------------------



Path 38: MET (5 ps) Setup Check with Pin u_vec_mul_ew/b_reg_reg[2][2]/CK->D
          Group: in2reg
     Startpoint: (R) offset_in[0]
          Clock: (R) clk
       Endpoint: (F) u_vec_mul_ew/b_reg_reg[2][2]/D
          Clock: (R) clk

                     Capture       Launch     
        Clock Edge:+    3300            0     
        Drv Adjust:+       0           88     
       Src Latency:+       0            0     
       Net Latency:+       0 (I)        0 (I) 
           Arrival:=    3300           88     
                                              
             Setup:-      67                  
       Uncertainty:-     125                  
     Required Time:=    3108                  
      Launch Clock:-      88                  
       Input Delay:-     990                  
         Data Path:-    2026                  
             Slack:=       5                  

Exceptions/Constraints:
  input_delay             990             dut.sdc_line_15_76_1   

#--------------------------------------------------------------------------------------------------------
#            Timing Point              Flags    Arc    Edge       Cell        Fanout Trans Delay Arrival 
#                                                                                     (ps)  (ps)   (ps)  
#--------------------------------------------------------------------------------------------------------
  offset_in[0]                         -       -       R     (arrival)            10   170     0    1078 
  u_sub/g8770__5477/Y                  -       A->Y    F     NAND2XB_X3M_A9TL      3    94    90    1168 
  u_sub/g8595__7410/CON                -       CI->CON R     CGENI_X2M_A9TL        2   205   153    1321 
  u_sub/g8587__7482/Y                  -       A->Y    F     NAND2_X4M_A9TL        2    87    82    1403 
  u_sub/g8571__5526/Y                  -       A->Y    R     NAND2XB_X4M_A9TL      2    96    85    1488 
  u_sub/g8564__6417/Y                  -       A->Y    F     NAND2_X6M_A9TL        2    70    59    1547 
  u_sub/g8542__8428/Y                  -       A->Y    R     NAND2XB_X8M_A9TL      3    80    69    1616 
  u_sub/g8521__5122/Y                  -       A0->Y   F     OAI2XB1_X8M_A9TL      2    74    64    1680 
  u_sub/g8512__8428/Y                  -       A0->Y   R     OAI2XB1_X6M_A9TL      2   115    93    1774 
  u_sub/g8492__8246/Y                  -       B->Y    F     NAND2_X4M_A9TL        2    82    75    1848 
  u_sub/g8488__1617/Y                  -       A->Y    R     NAND2XB_X6M_A9TL      2    78    71    1920 
  u_sub/g8462__6131/Y                  -       A->Y    F     NAND2XB_X3M_A9TL      2    78    70    1989 
  u_sub/g8435__3680/Y                  -       A->Y    F     AND2_X8M_A9TL         7    58   124    2113 
  u_sub/g8401__2802/Y                  -       A->Y    R     NAND2XB_X3M_A9TL      1    99    76    2189 
  u_sub/g8357__7410/Y                  -       A->Y    F     NAND2_X6A_A9TL        4    81    78    2267 
  gen_exp[2].u_exp/u_quad/g120__6131/Y -       B->Y    F     OR2_X2M_A9TL          2    86   157    2424 
  gen_exp[2].u_exp/u_quad/g110__2802/Y -       C->Y    R     NAND3_X3M_A9TL        1   110   107    2531 
  gen_exp[2].u_exp/u_quad/g109__1617/Y -       A->Y    F     NAND2_X4M_A9TL        2    95    74    2605 
  gen_exp[2].u_exp/g297__2802/Y        -       A->Y    R     NAND2_X6A_A9TL        3    65    70    2675 
  gen_exp[2].u_exp/g291__5526/Y        -       B->Y    F     NAND2_X6M_A9TL        3    79    63    2738 
  gen_exp[2].u_exp/g289__4319/Y        -       A->Y    R     NAND2XB_X2M_A9TL      1    93    80    2818 
  gen_exp[2].u_exp/g286__5107/Y        -       A->Y    F     NAND2XB_X3M_A9TL      1    51    52    2870 
  gen_exp[2].u_exp/g300__5122/Y        -       A->Y    F     AND2_X3M_A9TL         2    48   104    2974 
  g6561/Y                              -       A0->Y   F     OA21_X2M_A9TL         1    51   129    3103 
  u_vec_mul_ew/b_reg_reg[2][2]/D       -       -       F     DFFQ_X2M_A9TL         1     -     0    3103 
#--------------------------------------------------------------------------------------------------------



Path 39: MET (5 ps) Setup Check with Pin u_vec_mul_ew/b_reg_reg[0][2]/CK->D
          Group: in2reg
     Startpoint: (R) offset_in[0]
          Clock: (R) clk
       Endpoint: (F) u_vec_mul_ew/b_reg_reg[0][2]/D
          Clock: (R) clk

                     Capture       Launch     
        Clock Edge:+    3300            0     
        Drv Adjust:+       0           88     
       Src Latency:+       0            0     
       Net Latency:+       0 (I)        0 (I) 
           Arrival:=    3300           88     
                                              
             Setup:-      67                  
       Uncertainty:-     125                  
     Required Time:=    3108                  
      Launch Clock:-      88                  
       Input Delay:-     990                  
         Data Path:-    2026                  
             Slack:=       5                  

Exceptions/Constraints:
  input_delay             990             dut.sdc_line_15_76_1   

#--------------------------------------------------------------------------------------------------------
#            Timing Point              Flags    Arc    Edge       Cell        Fanout Trans Delay Arrival 
#                                                                                     (ps)  (ps)   (ps)  
#--------------------------------------------------------------------------------------------------------
  offset_in[0]                         -       -       R     (arrival)            10   170     0    1078 
  u_sub/g8769__6417/Y                  -       A->Y    F     NAND2XB_X3M_A9TL      2    83    79    1157 
  u_sub/g8591__9945/CON                -       CI->CON R     CGENI_X2M_A9TL        2   203   149    1306 
  u_sub/g8584__6131/Y                  -       A->Y    F     NAND2_X4M_A9TL        2    86    81    1387 
  u_sub/g8568__6260/Y                  -       A->Y    R     NAND2XB_X4M_A9TL      2    88    80    1467 
  u_sub/g8559__9945/Y                  -       B->Y    F     NAND2_X4M_A9TL        2    92    75    1541 
  u_sub/g8546__1617/Y                  -       A->Y    R     NAND2XB_X8M_A9TL      3    80    76    1618 
  u_sub/g8519__2802/Y                  -       A0->Y   F     OAI2XB1_X8M_A9TL      2    79    67    1685 
  u_sub/g8506__6417/Y                  -       A0->Y   R     OAI2XB1_X8M_A9TL      2   110    87    1772 
  u_sub/g8490__1705/Y                  -       B->Y    F     NAND2_X4M_A9TL        2    82    73    1846 
  u_sub/g8483__4319/Y                  -       A->Y    R     NAND2XB_X6M_A9TL      2    78    71    1916 
  u_sub/g8469/Y                        -       A->Y    F     INV_X4M_A9TL          2    47    54    1970 
  u_sub/g8464__5115/Y                  -       A->Y    R     NAND2XB_X8M_A9TL      2    69    52    2022 
  u_sub/g8434__6783/Y                  -       B->Y    R     AND2_X8M_A9TL         7    76   121    2143 
  u_sub/g8404__8246/Y                  -       A->Y    F     NAND2XB_X3M_A9TL      1    61    59    2202 
  u_sub/g8380__9315/Y                  -       B->Y    R     NAND2_X4A_A9TL        2    59    62    2264 
  gen_exp[0].u_exp/u_quad/g117/Y       -       A->Y    F     INV_X3M_A9TL          2    40    45    2309 
  gen_exp[0].u_exp/u_quad/g114__4319/Y -       A->Y    R     NOR2_X4A_A9TL         2    98    75    2384 
  gen_exp[0].u_exp/u_quad/g2__5526/Y   -       AN->Y   R     NOR2B_X4M_A9TL        2   135   160    2543 
  gen_exp[0].u_exp/g292__6417/Y        -       S0->Y   R     MXIT2_X4M_A9TL        2   159   124    2667 
  gen_exp[0].u_exp/g291__7410/Y        -       A->Y    F     NAND2_X6M_A9TL        3    79    76    2743 
  gen_exp[0].u_exp/g289__2346/Y        -       A->Y    R     NAND2XB_X2M_A9TL      1   102    86    2829 
  gen_exp[0].u_exp/g286__9945/Y        -       A->Y    F     NAND2XB_X4M_A9TL      1    49    48    2877 
  gen_exp[0].u_exp/g300__4319/Y        -       A->Y    F     AND2_X4M_A9TL         2    43    99    2976 
  g6566/Y                              -       A0->Y   F     OA21_X2M_A9TL         1    51   127    3103 
  u_vec_mul_ew/b_reg_reg[0][2]/D       -       -       F     DFFQ_X2M_A9TL         1     -     0    3103 
#--------------------------------------------------------------------------------------------------------



Path 40: MET (5 ps) Setup Check with Pin u_vec_mul_ew/a_reg_reg[1][0]/CK->D
          Group: in2reg
     Startpoint: (R) offset_in[2]
          Clock: (R) clk
       Endpoint: (F) u_vec_mul_ew/a_reg_reg[1][0]/D
          Clock: (R) clk

                     Capture       Launch     
        Clock Edge:+    3300            0     
        Drv Adjust:+       0           78     
       Src Latency:+       0            0     
       Net Latency:+       0 (I)        0 (I) 
           Arrival:=    3300           78     
                                              
             Setup:-      76                  
       Uncertainty:-     125                  
     Required Time:=    3099                  
      Launch Clock:-      78                  
       Input Delay:-     990                  
         Data Path:-    2026                  
             Slack:=       5                  

Exceptions/Constraints:
  input_delay             990             dut.sdc_line_15_74_1   

#-------------------------------------------------------------------------------------------------------
#             Timing Point              Flags   Arc   Edge       Cell        Fanout Trans Delay Arrival 
#                                                                                    (ps)  (ps)   (ps)  
#-------------------------------------------------------------------------------------------------------
  offset_in[2]                          -       -     R     (arrival)             7   152     0    1068 
  u_sub/g8759/Y                         -       A->Y  F     INV_X6M_A9TL          4    57    60    1128 
  u_sub/g8650__8246/Y                   -       A->Y  R     MXIT2_X2M_A9TL        2   173   106    1234 
  u_sub/g8589__6161/Y                   -       BN->Y R     NAND2XB_X4M_A9TL      2    84   160    1394 
  u_sub/g8573__3680/Y                   -       A->Y  F     NAND2XB_X4M_A9TL      2    59    59    1452 
  u_sub/g8565__5477/Y                   -       A->Y  R     NAND2XB_X4M_A9TL      2    93    73    1526 
  u_sub/g8549__5122/Y                   -       A->Y  F     NAND2XB_X6M_A9TL      2    54    54    1580 
  u_sub/g8541__4319/Y                   -       A->Y  R     NAND2_X6M_A9TL        2    82    58    1638 
  u_sub/g8529__6161/Y                   -       A->Y  F     NAND2XB_X6M_A9TL      2    52    52    1691 
  u_sub/g8505__7410/Y                   -       A->Y  R     NAND2_X6M_A9TL        2    82    58    1748 
  u_sub/g8497__7482/Y                   -       A->Y  F     NAND2XB_X6M_A9TL      2    52    52    1801 
  u_sub/g8481__5107/Y                   -       A->Y  R     NAND2_X6M_A9TL        2    90    62    1863 
  u_sub/g8473__9945/Y                   -       A->Y  F     NAND2XB_X8M_A9TL      3    56    56    1919 
  u_sub/g8421__7410/Y                   -       B->Y  R     NAND2_X4M_A9TL        2    76    70    1989 
  u_sub/g8413__9945/Y                   -       AN->Y R     NOR2B_X8M_A9TL        5   131   148    2138 
  u_sub/g8399/Y                         -       A->Y  F     INV_X3M_A9TL          4    77    81    2219 
  u_sub/g8326__2883/Y                   -       A0->Y R     OAI2XB1_X2M_A9TL      3   248   182    2400 
  gen_exp[1].u_exp/u_round/g217__6161/Y -       A->Y  R     AND3_X4M_A9TL         3    96   182    2582 
  gen_exp[1].u_exp/u_round/g211__6131/Y -       A->Y  F     NAND2_X6M_A9TL        2    75    55    2637 
  gen_exp[1].u_exp/u_round/g209__7098/Y -       B0->Y R     OAI2XB1_X3M_A9TL      1   120    83    2720 
  u_lut/fopt1641/Y                      -       A->Y  F     INV_X4M_A9TL          2    54    60    2779 
  u_lut/fopt1640/Y                      -       A->Y  R     INV_X4M_A9TL          4    94    78    2858 
  u_lut/g1572__5526/Y                   -       A0->Y F     OAI2XB1_X3M_A9TL      1    71    77    2934 
  g6904/Y                               -       A->Y  R     NOR2_X4M_A9TL         2    93    84    3018 
  g6647/Y                               -       A0->Y F     OAI21_X2M_A9TL        1    80    75    3093 
  u_vec_mul_ew/a_reg_reg[1][0]/D        -       -     F     DFFQ_X2M_A9TL         1     -     0    3094 
#-------------------------------------------------------------------------------------------------------



Path 41: MET (5 ps) Setup Check with Pin u_vec_mul_ew/b_reg_reg[3][3]/CK->D
          Group: in2reg
     Startpoint: (R) offset_in[0]
          Clock: (R) clk
       Endpoint: (R) u_vec_mul_ew/b_reg_reg[3][3]/D
          Clock: (R) clk

                     Capture       Launch     
        Clock Edge:+    3300            0     
        Drv Adjust:+       0           88     
       Src Latency:+       0            0     
       Net Latency:+       0 (I)        0 (I) 
           Arrival:=    3300           88     
                                              
             Setup:-      66                  
       Uncertainty:-     125                  
     Required Time:=    3109                  
      Launch Clock:-      88                  
       Input Delay:-     990                  
         Data Path:-    2026                  
             Slack:=       5                  

Exceptions/Constraints:
  input_delay             990             dut.sdc_line_15_76_1   

#---------------------------------------------------------------------------------------------------------
#            Timing Point              Flags    Arc    Edge       Cell         Fanout Trans Delay Arrival 
#                                                                                      (ps)  (ps)   (ps)  
#---------------------------------------------------------------------------------------------------------
  offset_in[0]                         -       -       R     (arrival)             10   170     0    1078 
  u_sub/g8766__2346/Y                  -       A->Y    F     NAND2XB_X3M_A9TL       3    94    90    1168 
  u_sub/g8593__2346/CON                -       CI->CON R     CGENI_X2M_A9TL         2   227   166    1334 
  u_sub/g8585__1881/Y                  -       A->Y    F     NAND2XB_X6M_A9TL       2    84    75    1408 
  u_sub/g8569__4319/Y                  -       A->Y    R     NAND2XB_X6M_A9TL       2    76    70    1478 
  u_sub/g8558__9315/Y                  -       A->Y    F     NAND2XB_X6M_A9TL       2    50    51    1529 
  u_sub/g8544__6783/Y                  -       A->Y    R     NAND2XB_X6M_A9TL       2    77    58    1587 
  u_sub/g8538__2398/Y                  -       A->Y    F     NAND2_X6M_A9TL         2    63    51    1638 
  u_sub/g8523__7098/Y                  -       A->Y    R     NAND2XB_X6M_A9TL       2    75    63    1701 
  u_sub/g8503__2346/Y                  -       A->Y    F     NAND2_X6M_A9TL         2    63    51    1752 
  u_sub/g8496__5115/Y                  -       A->Y    R     NAND2XB_X6M_A9TL       2    75    63    1815 
  u_sub/g8479__5477/Y                  -       A->Y    F     NAND2_X6M_A9TL         2    69    55    1870 
  u_sub/g8472__9315/Y                  -       A->Y    R     NAND2XB_X8M_A9TL       3    84    71    1941 
  u_sub/g8419__2346/Y                  -       A->Y    F     NAND2_X4M_A9TL         2    65    56    1997 
  u_sub/g8410__4733/Y                  -       AN->Y   F     NOR2B_X8M_A9TL         5    81   135    2132 
  u_sub/g8340__1617/Y                  -       A->Y    R     NAND2XB_X4M_A9TL       1    96    83    2216 
  u_sub/g8308__8428/Y                  -       B->Y    F     NAND2_X8M_A9TL         5    94    67    2283 
  gen_exp[3].u_exp/u_quad/g120__4733/Y -       A->Y    F     OR2_X2M_A9TL           2    77   146    2429 
  gen_exp[3].u_exp/u_quad/g2__7482/Y   -       B->Y    R     NOR2B_X4M_A9TL         2   135   118    2547 
  gen_exp[3].u_exp/g292__1705/Y        -       S0->Y   R     MXIT2_X4M_A9TL         2   151   119    2667 
  gen_exp[3].u_exp/g291__2802/Y        -       A->Y    F     NAND2_X6M_A9TL         3    77    75    2741 
  gen_exp[3].u_exp/g288__6783/Y        -       B->Y    R     NAND3XXB_X6M_A9TL      3   118    97    2838 
  gen_exp[3].u_exp/g283__4319/Y        -       S0->Y   R     MXIT2_X2M_A9TL         2   192   123    2962 
  g6575/Y                              -       A0->Y   R     OA21_X2M_A9TL          1    57   142    3103 
  u_vec_mul_ew/b_reg_reg[3][3]/D       -       -       R     DFFQ_X2M_A9TL          1     -     0    3103 
#---------------------------------------------------------------------------------------------------------



Path 42: MET (6 ps) Setup Check with Pin u_vec_mul_ew/b_reg_reg[6][2]/CK->D
          Group: in2reg
     Startpoint: (R) offset_in[2]
          Clock: (R) clk
       Endpoint: (F) u_vec_mul_ew/b_reg_reg[6][2]/D
          Clock: (R) clk

                     Capture       Launch     
        Clock Edge:+    3300            0     
        Drv Adjust:+       0           78     
       Src Latency:+       0            0     
       Net Latency:+       0 (I)        0 (I) 
           Arrival:=    3300           78     
                                              
             Setup:-      67                  
       Uncertainty:-     125                  
     Required Time:=    3108                  
      Launch Clock:-      78                  
       Input Delay:-     990                  
         Data Path:-    2035                  
             Slack:=       6                  

Exceptions/Constraints:
  input_delay             990             dut.sdc_line_15_74_1   

#------------------------------------------------------------------------------------------------------
#            Timing Point              Flags   Arc   Edge       Cell        Fanout Trans Delay Arrival 
#                                                                                   (ps)  (ps)   (ps)  
#------------------------------------------------------------------------------------------------------
  offset_in[2]                         -       -     R     (arrival)             7   152     0    1068 
  u_sub/g8762/Y                        -       A->Y  F     INV_X7P5M_A9TL       13    94    94    1162 
  u_sub/g8761/Y                        -       A->Y  R     INV_X7P5M_A9TL        4    62    67    1229 
  u_sub/g8668__6260/Y                  -       A->Y  F     MXIT2_X3M_A9TL        2    85    76    1305 
  u_sub/g8586__5115/Y                  -       A->Y  R     NAND2_X4M_A9TL        2    98    82    1387 
  u_sub/g8572__6783/Y                  -       A->Y  F     NAND2XB_X6M_A9TL      2    56    55    1442 
  u_sub/g8563__7410/Y                  -       A->Y  R     NAND2_X6M_A9TL        2    90    64    1506 
  u_sub/g8548__1705/Y                  -       A->Y  F     NAND2XB_X8M_A9TL      3    56    56    1562 
  u_sub/g8520__1705/Y                  -       A0->Y R     OAI2XB1_X8M_A9TL      2   108    86    1648 
  u_sub/g8507__5477/Y                  -       A0->Y F     OAI2XB1_X6M_A9TL      2   105    74    1722 
  u_sub/g8491__5122/Y                  -       B->Y  R     NAND2_X4M_A9TL        2    93    96    1818 
  u_sub/g8482__6260/Y                  -       A->Y  F     NAND2XB_X6M_A9TL      2    55    55    1873 
  u_sub/g8467/Y                        -       A->Y  R     INV_X4M_A9TL          2    63    61    1934 
  u_sub/g8450__8246/Y                  -       A->Y  F     NAND2XB_X8M_A9TL      3    57    52    1986 
  u_sub/g8436__1617/Y                  -       B->Y  F     AND2_X8M_A9TL         7    56   121    2108 
  u_sub/g8393__5526/Y                  -       A->Y  R     NAND2XB_X2M_A9TL      1   129    91    2199 
  u_sub/g8356__1666/Y                  -       A->Y  F     NAND2_X6A_A9TL        3    66    65    2264 
  gen_exp[6].u_exp/u_quad/g120__6260/Y -       B->Y  F     OR2_X2M_A9TL          2    87   153    2417 
  gen_exp[6].u_exp/u_quad/g110__7410/Y -       A->Y  R     NAND3_X3M_A9TL        1   119    93    2509 
  gen_exp[6].u_exp/u_quad/g109__1666/Y -       A->Y  F     NAND2_X4A_A9TL        2   101    83    2592 
  gen_exp[6].u_exp/g297__6417/Y        -       A->Y  R     NAND2_X6A_A9TL        3    66    72    2664 
  gen_exp[6].u_exp/g291__2883/Y        -       B->Y  F     NAND2_X6M_A9TL        3    78    63    2727 
  gen_exp[6].u_exp/g289__9315/Y        -       A->Y  R     NAND2XB_X2M_A9TL      1    81    72    2800 
  gen_exp[6].u_exp/g286__4733/Y        -       A->Y  F     NAND2XB_X2M_A9TL      1    61    59    2859 
  gen_exp[6].u_exp/g285__7482/Y        -       AN->Y F     NOR2B_X6M_A9TL        2    51   114    2973 
  g6591/Y                              -       A0->Y F     OA21_X2M_A9TL         1    51   129    3103 
  u_vec_mul_ew/b_reg_reg[6][2]/D       -       -     F     DFFQ_X2M_A9TL         1     -     0    3103 
#------------------------------------------------------------------------------------------------------



Path 43: MET (6 ps) Setup Check with Pin u_vec_mul_ew/b_reg_reg[2][2]/CK->D
          Group: in2reg
     Startpoint: (R) offset_in[2]
          Clock: (R) clk
       Endpoint: (F) u_vec_mul_ew/b_reg_reg[2][2]/D
          Clock: (R) clk

                     Capture       Launch     
        Clock Edge:+    3300            0     
        Drv Adjust:+       0           78     
       Src Latency:+       0            0     
       Net Latency:+       0 (I)        0 (I) 
           Arrival:=    3300           78     
                                              
             Setup:-      67                  
       Uncertainty:-     125                  
     Required Time:=    3108                  
      Launch Clock:-      78                  
       Input Delay:-     990                  
         Data Path:-    2034                  
             Slack:=       6                  

Exceptions/Constraints:
  input_delay             990             dut.sdc_line_15_74_1   

#------------------------------------------------------------------------------------------------------
#            Timing Point              Flags   Arc   Edge       Cell        Fanout Trans Delay Arrival 
#                                                                                   (ps)  (ps)   (ps)  
#------------------------------------------------------------------------------------------------------
  offset_in[2]                         -       -     R     (arrival)             7   152     0    1068 
  u_sub/g8762/Y                        -       A->Y  F     INV_X7P5M_A9TL       13    94    94    1162 
  u_sub/g8761/Y                        -       A->Y  R     INV_X7P5M_A9TL        4    62    67    1229 
  u_sub/g8667__5107/Y                  -       A->Y  F     MXIT2_X3M_A9TL        2    85    76    1305 
  u_sub/g8587__7482/Y                  -       B->Y  R     NAND2_X4M_A9TL        2    86    83    1388 
  u_sub/g8571__5526/Y                  -       A->Y  F     NAND2XB_X4M_A9TL      2    66    64    1453 
  u_sub/g8564__6417/Y                  -       A->Y  R     NAND2_X6M_A9TL        2    90    68    1521 
  u_sub/g8542__8428/Y                  -       A->Y  F     NAND2XB_X8M_A9TL      3    56    56    1577 
  u_sub/g8521__5122/Y                  -       A0->Y R     OAI2XB1_X8M_A9TL      2   108    86    1663 
  u_sub/g8512__8428/Y                  -       A0->Y F     OAI2XB1_X6M_A9TL      2   105    74    1736 
  u_sub/g8492__8246/Y                  -       B->Y  R     NAND2_X4M_A9TL        2    93    96    1833 
  u_sub/g8488__1617/Y                  -       A->Y  F     NAND2XB_X6M_A9TL      2    55    55    1888 
  u_sub/g8466/Y                        -       A->Y  R     INV_X4M_A9TL          2    63    61    1949 
  u_sub/g8465__7482/Y                  -       A->Y  F     NAND2XB_X8M_A9TL      2    46    44    1993 
  u_sub/g8435__3680/Y                  -       B->Y  F     AND2_X8M_A9TL         7    58   119    2112 
  u_sub/g8401__2802/Y                  -       A->Y  R     NAND2XB_X3M_A9TL      1    99    76    2188 
  u_sub/g8357__7410/Y                  -       A->Y  F     NAND2_X6A_A9TL        4    81    78    2266 
  gen_exp[2].u_exp/u_quad/g120__6131/Y -       B->Y  F     OR2_X2M_A9TL          2    86   157    2424 
  gen_exp[2].u_exp/u_quad/g110__2802/Y -       C->Y  R     NAND3_X3M_A9TL        1   110   107    2530 
  gen_exp[2].u_exp/u_quad/g109__1617/Y -       A->Y  F     NAND2_X4M_A9TL        2    95    74    2604 
  gen_exp[2].u_exp/g297__2802/Y        -       A->Y  R     NAND2_X6A_A9TL        3    65    70    2674 
  gen_exp[2].u_exp/g291__5526/Y        -       B->Y  F     NAND2_X6M_A9TL        3    79    63    2737 
  gen_exp[2].u_exp/g289__4319/Y        -       A->Y  R     NAND2XB_X2M_A9TL      1    93    80    2818 
  gen_exp[2].u_exp/g286__5107/Y        -       A->Y  F     NAND2XB_X3M_A9TL      1    51    52    2869 
  gen_exp[2].u_exp/g300__5122/Y        -       A->Y  F     AND2_X3M_A9TL         2    48   104    2974 
  g6561/Y                              -       A0->Y F     OA21_X2M_A9TL         1    51   129    3102 
  u_vec_mul_ew/b_reg_reg[2][2]/D       -       -     F     DFFQ_X2M_A9TL         1     -     0    3102 
#------------------------------------------------------------------------------------------------------



Path 44: MET (6 ps) Setup Check with Pin u_vec_mul_ew/b_reg_reg[7][4]/CK->D
          Group: in2reg
     Startpoint: (R) offset_in[0]
          Clock: (R) clk
       Endpoint: (F) u_vec_mul_ew/b_reg_reg[7][4]/D
          Clock: (R) clk

                     Capture       Launch     
        Clock Edge:+    3300            0     
        Drv Adjust:+       0           88     
       Src Latency:+       0            0     
       Net Latency:+       0 (I)        0 (I) 
           Arrival:=    3300           88     
                                              
             Setup:-      76                  
       Uncertainty:-     125                  
     Required Time:=    3100                  
      Launch Clock:-      88                  
       Input Delay:-     990                  
         Data Path:-    2016                  
             Slack:=       6                  

Exceptions/Constraints:
  input_delay             990             dut.sdc_line_15_76_1   

#---------------------------------------------------------------------------------------------------------
#            Timing Point              Flags    Arc    Edge       Cell         Fanout Trans Delay Arrival 
#                                                                                      (ps)  (ps)   (ps)  
#---------------------------------------------------------------------------------------------------------
  offset_in[0]                         -       -       R     (arrival)             10   170     0    1078 
  u_sub/g8768__7410/Y                  -       A->Y    F     NAND2XB_X3M_A9TL       3    94    90    1168 
  u_sub/g8592__2883/CON                -       CI->CON R     CGENI_X2M_A9TL         2   227   166    1334 
  u_sub/g8582__8246/Y                  -       A->Y    F     NAND2XB_X6M_A9TL       2    90    82    1416 
  u_sub/g8570__8428/Y                  -       A->Y    R     NAND2XB_X8M_A9TL       2    72    69    1485 
  u_sub/g8562__1666/Y                  -       A->Y    F     NAND2XB_X8M_A9TL       2    48    49    1534 
  u_sub/g8547__2802/Y                  -       A->Y    R     NAND2XB_X8M_A9TL       2    67    52    1586 
  u_sub/g8540__6260/Y                  -       A->Y    F     NAND2_X6M_A9TL         2    63    49    1635 
  u_sub/g8522__8246/Y                  -       A->Y    R     NAND2XB_X6M_A9TL       2    75    63    1698 
  u_sub/g8502__2883/Y                  -       A->Y    F     NAND2_X6M_A9TL         2    63    51    1749 
  u_sub/g8494__6131/Y                  -       A->Y    R     NAND2XB_X6M_A9TL       2    75    63    1812 
  u_sub/g8478__6417/Y                  -       A->Y    F     NAND2_X6M_A9TL         2    69    55    1867 
  u_sub/g8470__4733/Y                  -       A->Y    R     NAND2XB_X8M_A9TL       3    88    74    1941 
  u_sub/g8420__1666/Y                  -       B->Y    F     NAND2_X4M_A9TL         2    74    61    2002 
  u_sub/g8411__6161/Y                  -       AN->Y   F     NOR2B_X8M_A9TL         5    76   137    2139 
  u_sub/g8339__3680/Y                  -       A->Y    R     NAND2XB_X3M_A9TL       1   114    91    2230 
  u_sub/g8298__2883/Y                  -       B->Y    F     NAND2_X8M_A9TL         5    62    70    2300 
  gen_exp[7].u_exp/u_quad/g120__6783/Y -       A->Y    F     OR2_X2M_A9TL           2    76   136    2436 
  gen_exp[7].u_exp/u_quad/g110__5107/Y -       A->Y    R     NAND3_X3M_A9TL         1   115    86    2522 
  gen_exp[7].u_exp/u_quad/g109__2398/Y -       A->Y    F     NAND2_X4M_A9TL         2    93    73    2596 
  gen_exp[7].u_exp/g297__5107/Y        -       A->Y    R     NAND2_X6M_A9TL         3    86    83    2678 
  gen_exp[7].u_exp/g291__7410/Y        -       B->Y    F     NAND2_X6M_A9TL         3    81    70    2748 
  gen_exp[7].u_exp/g288__2883/Y        -       A->Y    R     NAND3XXB_X6M_A9TL      3   123    92    2840 
  gen_exp[7].u_exp/g284__9315/Y        -       A->Y    F     NAND2_X2A_A9TL         2    96    85    2926 
  g6594/Y                              -       A0->Y   F     OA21_X1M_A9TL          1    68   168    3093 
  u_vec_mul_ew/b_reg_reg[7][4]/D       -       -       F     DFFQ_X1M_A9TL          1     -     0    3093 
#---------------------------------------------------------------------------------------------------------



Path 45: MET (6 ps) Setup Check with Pin u_vec_mul_ew/b_reg_reg[3][2]/CK->D
          Group: in2reg
     Startpoint: (R) offset_in[0]
          Clock: (R) clk
       Endpoint: (F) u_vec_mul_ew/b_reg_reg[3][2]/D
          Clock: (R) clk

                     Capture       Launch     
        Clock Edge:+    3300            0     
        Drv Adjust:+       0           88     
       Src Latency:+       0            0     
       Net Latency:+       0 (I)        0 (I) 
           Arrival:=    3300           88     
                                              
             Setup:-      67                  
       Uncertainty:-     125                  
     Required Time:=    3108                  
      Launch Clock:-      88                  
       Input Delay:-     990                  
         Data Path:-    2024                  
             Slack:=       6                  

Exceptions/Constraints:
  input_delay             990             dut.sdc_line_15_76_1   

#---------------------------------------------------------------------------------------------------------
#            Timing Point              Flags    Arc    Edge       Cell         Fanout Trans Delay Arrival 
#                                                                                      (ps)  (ps)   (ps)  
#---------------------------------------------------------------------------------------------------------
  offset_in[0]                         -       -       R     (arrival)             10   170     0    1078 
  u_sub/g8766__2346/Y                  -       A->Y    F     NAND2XB_X3M_A9TL       3    94    90    1168 
  u_sub/g8593__2346/CON                -       CI->CON R     CGENI_X2M_A9TL         2   227   166    1334 
  u_sub/g8585__1881/Y                  -       A->Y    F     NAND2XB_X6M_A9TL       2    84    75    1408 
  u_sub/g8569__4319/Y                  -       A->Y    R     NAND2XB_X6M_A9TL       2    76    70    1478 
  u_sub/g8558__9315/Y                  -       A->Y    F     NAND2XB_X6M_A9TL       2    50    51    1529 
  u_sub/g8544__6783/Y                  -       A->Y    R     NAND2XB_X6M_A9TL       2    77    58    1587 
  u_sub/g8538__2398/Y                  -       A->Y    F     NAND2_X6M_A9TL         2    63    51    1638 
  u_sub/g8523__7098/Y                  -       A->Y    R     NAND2XB_X6M_A9TL       2    75    63    1701 
  u_sub/g8503__2346/Y                  -       A->Y    F     NAND2_X6M_A9TL         2    63    51    1752 
  u_sub/g8496__5115/Y                  -       A->Y    R     NAND2XB_X6M_A9TL       2    75    63    1815 
  u_sub/g8479__5477/Y                  -       A->Y    F     NAND2_X6M_A9TL         2    69    55    1870 
  u_sub/g8472__9315/Y                  -       A->Y    R     NAND2XB_X8M_A9TL       3    84    71    1941 
  u_sub/g8419__2346/Y                  -       A->Y    F     NAND2_X4M_A9TL         2    65    56    1997 
  u_sub/g8410__4733/Y                  -       AN->Y   F     NOR2B_X8M_A9TL         5    81   135    2132 
  u_sub/g8348__5115/Y                  -       A->Y    R     NAND2_X3M_A9TL         1    93    76    2209 
  u_sub/g8325__9945/Y                  -       A->Y    F     NAND2_X4B_A9TL         2    94    75    2284 
  gen_exp[3].u_exp/u_quad/g117/Y       -       A->Y    R     INV_X3M_A9TL           2    70    73    2357 
  gen_exp[3].u_exp/u_quad/g112__6131/Y -       B->Y    F     NAND3_X2A_A9TR         1   154   130    2488 
  gen_exp[3].u_exp/u_quad/g109__8246/Y -       B->Y    R     NAND2_X4M_A9TL         2   107   118    2606 
  gen_exp[3].u_exp/g297__7098/Y        -       A->Y    F     NAND2_X6M_A9TL         3    65    64    2670 
  gen_exp[3].u_exp/g291__2802/Y        -       B->Y    R     NAND2_X6M_A9TL         3    83    81    2751 
  gen_exp[3].u_exp/g288__6783/Y        -       B->Y    F     NAND3XXB_X6M_A9TL      3    84    79    2830 
  gen_exp[3].u_exp/g2__6131/Y          -       B->Y    F     AND2_X2M_A9TL          2    59   140    2970 
  g6576/Y                              -       A0->Y   F     OA21_X2M_A9TL          1    51   132    3102 
  u_vec_mul_ew/b_reg_reg[3][2]/D       -       -       F     DFFQ_X2M_A9TL          1     -     0    3102 
#---------------------------------------------------------------------------------------------------------



Path 46: MET (6 ps) Setup Check with Pin u_vec_mul_ew/b_reg_reg[3][1]/CK->D
          Group: in2reg
     Startpoint: (R) offset_in[0]
          Clock: (R) clk
       Endpoint: (R) u_vec_mul_ew/b_reg_reg[3][1]/D
          Clock: (R) clk

                     Capture       Launch     
        Clock Edge:+    3300            0     
        Drv Adjust:+       0           88     
       Src Latency:+       0            0     
       Net Latency:+       0 (I)        0 (I) 
           Arrival:=    3300           88     
                                              
             Setup:-      72                  
       Uncertainty:-     125                  
     Required Time:=    3103                  
      Launch Clock:-      88                  
       Input Delay:-     990                  
         Data Path:-    2019                  
             Slack:=       6                  

Exceptions/Constraints:
  input_delay             990             dut.sdc_line_15_76_1   

#--------------------------------------------------------------------------------------------------------
#            Timing Point              Flags    Arc    Edge       Cell        Fanout Trans Delay Arrival 
#                                                                                     (ps)  (ps)   (ps)  
#--------------------------------------------------------------------------------------------------------
  offset_in[0]                         -       -       R     (arrival)            10   170     0    1078 
  u_sub/g8766__2346/Y                  -       A->Y    F     NAND2XB_X3M_A9TL      3    94    90    1168 
  u_sub/g8593__2346/CON                -       CI->CON R     CGENI_X2M_A9TL        2   227   166    1334 
  u_sub/g8585__1881/Y                  -       A->Y    F     NAND2XB_X6M_A9TL      2    84    75    1408 
  u_sub/g8569__4319/Y                  -       A->Y    R     NAND2XB_X6M_A9TL      2    76    70    1478 
  u_sub/g8558__9315/Y                  -       A->Y    F     NAND2XB_X6M_A9TL      2    50    51    1529 
  u_sub/g8544__6783/Y                  -       A->Y    R     NAND2XB_X6M_A9TL      2    77    58    1587 
  u_sub/g8538__2398/Y                  -       A->Y    F     NAND2_X6M_A9TL        2    63    51    1638 
  u_sub/g8523__7098/Y                  -       A->Y    R     NAND2XB_X6M_A9TL      2    75    63    1701 
  u_sub/g8503__2346/Y                  -       A->Y    F     NAND2_X6M_A9TL        2    63    51    1752 
  u_sub/g8496__5115/Y                  -       A->Y    R     NAND2XB_X6M_A9TL      2    75    63    1815 
  u_sub/g8479__5477/Y                  -       A->Y    F     NAND2_X6M_A9TL        2    69    55    1870 
  u_sub/g8472__9315/Y                  -       A->Y    R     NAND2XB_X8M_A9TL      3    84    71    1941 
  u_sub/g8419__2346/Y                  -       A->Y    F     NAND2_X4M_A9TL        2    65    56    1997 
  u_sub/g8410__4733/Y                  -       AN->Y   F     NOR2B_X8M_A9TL        5    81   135    2132 
  u_sub/g8340__1617/Y                  -       A->Y    R     NAND2XB_X4M_A9TL      1    96    83    2216 
  u_sub/g8308__8428/Y                  -       B->Y    F     NAND2_X8M_A9TL        5    94    67    2283 
  gen_exp[3].u_exp/u_quad/g120__4733/Y -       A->Y    F     OR2_X2M_A9TL          2    77   146    2429 
  gen_exp[3].u_exp/u_quad/g2__7482/Y   -       B->Y    R     NOR2B_X4M_A9TL        2   135   118    2547 
  gen_exp[3].u_exp/g292__1705/Y        -       S0->Y   R     MXIT2_X4M_A9TL        2   151   119    2667 
  gen_exp[3].u_exp/g291__2802/Y        -       A->Y    F     NAND2_X6M_A9TL        3    77    75    2741 
  gen_exp[3].u_exp/fopt303/Y           -       A->Y    F     BUF_X1P7M_A9TL        1    50   119    2861 
  gen_exp[3].u_exp/g290__1617/Y        -       B0->Y   R     OAI21_X2M_A9TL        2   146    83    2944 
  g6577/Y                              -       A0->Y   R     OA21_X1M_A9TL         1    81   153    3097 
  u_vec_mul_ew/b_reg_reg[3][1]/D       -       -       R     DFFQ_X2M_A9TL         1     -     0    3097 
#--------------------------------------------------------------------------------------------------------



Path 47: MET (6 ps) Setup Check with Pin u_vec_mul_ew/a_reg_reg[0][6]/CK->D
          Group: in2reg
     Startpoint: (R) offset_in[2]
          Clock: (R) clk
       Endpoint: (R) u_vec_mul_ew/a_reg_reg[0][6]/D
          Clock: (R) clk

                     Capture       Launch     
        Clock Edge:+    3300            0     
        Drv Adjust:+       0           78     
       Src Latency:+       0            0     
       Net Latency:+       0 (I)        0 (I) 
           Arrival:=    3300           78     
                                              
             Setup:-      81                  
       Uncertainty:-     125                  
     Required Time:=    3094                  
      Launch Clock:-      78                  
       Input Delay:-     990                  
         Data Path:-    2020                  
             Slack:=       6                  

Exceptions/Constraints:
  input_delay             990             dut.sdc_line_15_74_1   

#-------------------------------------------------------------------------------------------------------
#             Timing Point              Flags   Arc   Edge       Cell        Fanout Trans Delay Arrival 
#                                                                                    (ps)  (ps)   (ps)  
#-------------------------------------------------------------------------------------------------------
  offset_in[2]                          -       -     R     (arrival)             7   152     0    1068 
  u_sub/g8762/Y                         -       A->Y  F     INV_X7P5M_A9TL       13    94    94    1162 
  u_sub/g8761/Y                         -       A->Y  R     INV_X7P5M_A9TL        4    62    67    1229 
  u_sub/g8663__7410/Y                   -       A->Y  F     MXIT2_X3M_A9TL        2    85    76    1305 
  u_sub/g8584__6131/Y                   -       B->Y  R     NAND2_X4M_A9TL        2    85    83    1388 
  u_sub/g8568__6260/Y                   -       A->Y  F     NAND2XB_X4M_A9TL      2    59    59    1447 
  u_sub/g8559__9945/Y                   -       B->Y  R     NAND2_X4M_A9TL        2   102    86    1533 
  u_sub/g8546__1617/Y                   -       A->Y  F     NAND2XB_X8M_A9TL      3    59    58    1591 
  u_sub/g8519__2802/Y                   -       A0->Y R     OAI2XB1_X8M_A9TL      2   114    92    1683 
  u_sub/g8506__6417/Y                   -       A0->Y F     OAI2XB1_X8M_A9TL      2    93    68    1751 
  u_sub/g8490__1705/Y                   -       B->Y  R     NAND2_X4M_A9TL        2    90    92    1843 
  u_sub/g8483__4319/Y                   -       A->Y  F     NAND2XB_X6M_A9TL      2    55    55    1898 
  u_sub/g8469/Y                         -       A->Y  R     INV_X4M_A9TL          2    63    61    1958 
  u_sub/g8464__5115/Y                   -       A->Y  F     NAND2XB_X8M_A9TL      2    46    44    2002 
  u_sub/g8434__6783/Y                   -       B->Y  F     AND2_X8M_A9TL         7    58   119    2122 
  u_sub/g8404__8246/Y                   -       A->Y  R     NAND2XB_X3M_A9TL      1    86    69    2190 
  u_sub/g8380__9315/Y                   -       B->Y  F     NAND2_X4A_A9TL        2    72    71    2261 
  gen_exp[0].u_exp/g126/Y               -       A->Y  F     BUF_X5M_A9TL          3    60   121    2383 
  gen_exp[0].u_exp/u_round/g219__1881/Y -       A->Y  R     NAND2_X8A_A9TL        3    75    59    2442 
  gen_exp[0].u_exp/u_round/g217__6131/Y -       A->Y  F     NOR2XB_X8M_A9TL       3    72    64    2505 
  gen_exp[0].u_exp/u_round/g211__1705/Y -       B->Y  R     NAND2_X4M_A9TL        2    89    86    2590 
  gen_exp[0].u_exp/u_round/g209__2802/Y -       B0->Y F     OAI2XB1_X6M_A9TL      5   106    94    2685 
  u_lut/g1637__7410/Y                   -       A->Y  F     OR2_X4M_A9TL          2    50   130    2814 
  u_lut/g1541__6260/Y                   -       A->Y  R     NOR2_X3A_A9TL         2   131   100    2914 
  g6906/Y                               -       B->Y  F     NOR2_X4M_A9TL         2    65    78    2992 
  g6617/Y                               -       A0->Y R     OAI21_X2M_A9TL        1   126    96    3088 
  u_vec_mul_ew/a_reg_reg[0][6]/D        -       -     R     DFFQ_X2M_A9TL         1     -     0    3088 
#-------------------------------------------------------------------------------------------------------



Path 48: MET (7 ps) Setup Check with Pin u_vec_mul_ew/a_reg_reg[1][2]/CK->D
          Group: in2reg
     Startpoint: (R) offset_in[2]
          Clock: (R) clk
       Endpoint: (R) u_vec_mul_ew/a_reg_reg[1][2]/D
          Clock: (R) clk

                     Capture       Launch     
        Clock Edge:+    3300            0     
        Drv Adjust:+       0           78     
       Src Latency:+       0            0     
       Net Latency:+       0 (I)        0 (I) 
           Arrival:=    3300           78     
                                              
             Setup:-      77                  
       Uncertainty:-     125                  
     Required Time:=    3098                  
      Launch Clock:-      78                  
       Input Delay:-     990                  
         Data Path:-    2023                  
             Slack:=       7                  

Exceptions/Constraints:
  input_delay             990             dut.sdc_line_15_74_1   

#-------------------------------------------------------------------------------------------------------
#             Timing Point              Flags   Arc   Edge       Cell        Fanout Trans Delay Arrival 
#                                                                                    (ps)  (ps)   (ps)  
#-------------------------------------------------------------------------------------------------------
  offset_in[2]                          -       -     R     (arrival)             7   152     0    1068 
  u_sub/g8759/Y                         -       A->Y  F     INV_X6M_A9TL          4    57    60    1128 
  u_sub/g8650__8246/Y                   -       A->Y  R     MXIT2_X2M_A9TL        2   173   106    1234 
  u_sub/g8589__6161/Y                   -       BN->Y R     NAND2XB_X4M_A9TL      2    84   160    1394 
  u_sub/g8573__3680/Y                   -       A->Y  F     NAND2XB_X4M_A9TL      2    59    59    1452 
  u_sub/g8565__5477/Y                   -       A->Y  R     NAND2XB_X4M_A9TL      2    93    73    1526 
  u_sub/g8549__5122/Y                   -       A->Y  F     NAND2XB_X6M_A9TL      2    54    54    1580 
  u_sub/g8541__4319/Y                   -       A->Y  R     NAND2_X6M_A9TL        2    82    58    1638 
  u_sub/g8529__6161/Y                   -       A->Y  F     NAND2XB_X6M_A9TL      2    52    52    1691 
  u_sub/g8505__7410/Y                   -       A->Y  R     NAND2_X6M_A9TL        2    82    58    1748 
  u_sub/g8497__7482/Y                   -       A->Y  F     NAND2XB_X6M_A9TL      2    52    52    1801 
  u_sub/g8481__5107/Y                   -       A->Y  R     NAND2_X6M_A9TL        2    90    62    1863 
  u_sub/g8473__9945/Y                   -       A->Y  F     NAND2XB_X8M_A9TL      3    56    56    1919 
  u_sub/g8421__7410/Y                   -       B->Y  R     NAND2_X4M_A9TL        2    76    70    1989 
  u_sub/g8413__9945/Y                   -       AN->Y R     NOR2B_X8M_A9TL        5   131   148    2138 
  u_sub/g8399/Y                         -       A->Y  F     INV_X3M_A9TL          4    77    81    2219 
  u_sub/g8326__2883/Y                   -       A0->Y R     OAI2XB1_X2M_A9TL      3   248   182    2400 
  gen_exp[1].u_exp/u_round/g217__6161/Y -       A->Y  R     AND3_X4M_A9TL         3    96   182    2582 
  gen_exp[1].u_exp/u_round/g215/Y       -       A->Y  F     INV_X3M_A9TL          1    52    59    2641 
  gen_exp[1].u_exp/u_round/g213__5115/Y -       B->Y  R     NAND2B_X8M_A9TL       4    88    77    2718 
  u_lut/g1626/Y                         -       A->Y  F     INV_X4M_A9TL          1    40    45    2763 
  u_lut/g1586__5122/Y                   -       A->Y  R     NAND2_X6B_A9TL        3    76    52    2815 
  u_lut/g1578/Y                         -       A->Y  F     INV_X4M_A9TL          1    32    38    2853 
  u_lut/g1553__6131/Y                   -       B->Y  R     NOR2_X4M_A9TL         1    90    76    2929 
  g6917/Y                               -       A->Y  F     NOR2_X6A_A9TR         2    55    69    2998 
  g6645/Y                               -       A0->Y R     OAI21_X2M_A9TL        1   109    92    3091 
  u_vec_mul_ew/a_reg_reg[1][2]/D        -       -     R     DFFQ_X2M_A9TL         1     -     0    3091 
#-------------------------------------------------------------------------------------------------------



Path 49: MET (7 ps) Setup Check with Pin u_vec_mul_ew/b_reg_reg[5][3]/CK->D
          Group: in2reg
     Startpoint: (R) offset_in[0]
          Clock: (R) clk
       Endpoint: (R) u_vec_mul_ew/b_reg_reg[5][3]/D
          Clock: (R) clk

                     Capture       Launch     
        Clock Edge:+    3300            0     
        Drv Adjust:+       0           88     
       Src Latency:+       0            0     
       Net Latency:+       0 (I)        0 (I) 
           Arrival:=    3300           88     
                                              
             Setup:-      66                  
       Uncertainty:-     125                  
     Required Time:=    3109                  
      Launch Clock:-      88                  
       Input Delay:-     990                  
         Data Path:-    2024                  
             Slack:=       7                  

Exceptions/Constraints:
  input_delay             990             dut.sdc_line_15_76_1   

#---------------------------------------------------------------------------------------------------------
#            Timing Point              Flags    Arc    Edge       Cell         Fanout Trans Delay Arrival 
#                                                                                      (ps)  (ps)   (ps)  
#---------------------------------------------------------------------------------------------------------
  offset_in[0]                         -       -       R     (arrival)             10   170     0    1078 
  u_sub/g8774__4319/Y                  -       A->Y    F     NAND2XB_X3M_A9TL       3    94    90    1168 
  u_sub/g8590__9315/CON                -       CI->CON R     CGENI_X2M_A9TL         2   227   166    1334 
  u_sub/g8588__4733/Y                  -       A->Y    F     NAND2XB_X6M_A9TL       2    90    82    1416 
  u_sub/g8566__2398/Y                  -       A->Y    R     NAND2XB_X8M_A9TL       2    72    69    1485 
  u_sub/g8561__2346/Y                  -       A->Y    F     NAND2XB_X8M_A9TL       2    48    49    1534 
  u_sub/g8545__3680/Y                  -       A->Y    R     NAND2XB_X8M_A9TL       2    67    52    1586 
  u_sub/g8539__5107/Y                  -       A->Y    F     NAND2_X6M_A9TL         2    69    54    1639 
  u_sub/g8528__4733/Y                  -       A->Y    R     NAND2XB_X8M_A9TL       2    65    59    1698 
  u_sub/g8504__1666/Y                  -       A->Y    F     NAND2_X6M_A9TL         2    69    53    1751 
  u_sub/g8495__1881/Y                  -       A->Y    R     NAND2XB_X8M_A9TL       2    65    59    1810 
  u_sub/g8480__2398/Y                  -       A->Y    F     NAND2_X6M_A9TL         2    69    53    1863 
  u_sub/g8471__6161/Y                  -       A->Y    R     NAND2XB_X8M_A9TL       3    88    74    1937 
  u_sub/g8418__2883/Y                  -       B->Y    F     NAND2_X4M_A9TL         2    74    61    1998 
  u_sub/g8412__9315/Y                  -       AN->Y   F     NOR2B_X8M_A9TL         5    80   139    2137 
  u_sub/g8345__7098/Y                  -       A->Y    R     NAND2_X2A_A9TL         1    98    67    2204 
  u_sub/g8313__2802/Y                  -       A->Y    F     NAND2XB_X3M_A9TL       3    86    79    2284 
  gen_exp[5].u_exp/u_quad/g114__2346/Y -       B->Y    R     NOR2_X4A_A9TL          2    95    98    2381 
  gen_exp[5].u_exp/u_quad/g2__7410/Y   -       AN->Y   R     NOR2B_X4M_A9TL         2   127   154    2535 
  gen_exp[5].u_exp/g292__4733/Y        -       S0->Y   R     MXIT2_X4M_A9TL         2   158   121    2656 
  gen_exp[5].u_exp/g291__7482/Y        -       A->Y    F     NAND2_X6M_A9TL         3    81    78    2735 
  gen_exp[5].u_exp/g288__6131/Y        -       B->Y    R     NAND3XXB_X6M_A9TL      3   123   101    2836 
  gen_exp[5].u_exp/g283__5122/Y        -       S0->Y   R     MXIT2_X2M_A9TL         2   193   125    2960 
  g6585/Y                              -       A0->Y   R     OA21_X2M_A9TL          1    57   142    3102 
  u_vec_mul_ew/b_reg_reg[5][3]/D       -       -       R     DFFQ_X2M_A9TL          1     -     0    3102 
#---------------------------------------------------------------------------------------------------------



Path 50: MET (7 ps) Setup Check with Pin u_vec_mul_ew/a_reg_reg[6][2]/CK->D
          Group: in2reg
     Startpoint: (R) offset_in[2]
          Clock: (R) clk
       Endpoint: (R) u_vec_mul_ew/a_reg_reg[6][2]/D
          Clock: (R) clk

                     Capture       Launch     
        Clock Edge:+    3300            0     
        Drv Adjust:+       0           78     
       Src Latency:+       0            0     
       Net Latency:+       0 (I)        0 (I) 
           Arrival:=    3300           78     
                                              
             Setup:-      85                  
       Uncertainty:-     125                  
     Required Time:=    3090                  
      Launch Clock:-      78                  
       Input Delay:-     990                  
         Data Path:-    2015                  
             Slack:=       7                  

Exceptions/Constraints:
  input_delay             990             dut.sdc_line_15_74_1   

#-------------------------------------------------------------------------------------------------------
#             Timing Point              Flags   Arc   Edge       Cell        Fanout Trans Delay Arrival 
#                                                                                    (ps)  (ps)   (ps)  
#-------------------------------------------------------------------------------------------------------
  offset_in[2]                          -       -     R     (arrival)             7   152     0    1068 
  u_sub/g8762/Y                         -       A->Y  F     INV_X7P5M_A9TL       13    94    94    1162 
  u_sub/g8761/Y                         -       A->Y  R     INV_X7P5M_A9TL        4    62    67    1229 
  u_sub/g8668__6260/Y                   -       A->Y  F     MXIT2_X3M_A9TL        2    85    76    1305 
  u_sub/g8586__5115/Y                   -       A->Y  R     NAND2_X4M_A9TL        2    98    82    1387 
  u_sub/g8572__6783/Y                   -       A->Y  F     NAND2XB_X6M_A9TL      2    56    55    1442 
  u_sub/g8563__7410/Y                   -       A->Y  R     NAND2_X6M_A9TL        2    90    64    1506 
  u_sub/g8548__1705/Y                   -       A->Y  F     NAND2XB_X8M_A9TL      3    56    56    1562 
  u_sub/g8520__1705/Y                   -       A0->Y R     OAI2XB1_X8M_A9TL      2   108    86    1648 
  u_sub/g8507__5477/Y                   -       A0->Y F     OAI2XB1_X6M_A9TL      2   105    74    1722 
  u_sub/g8491__5122/Y                   -       B->Y  R     NAND2_X4M_A9TL        2    93    96    1818 
  u_sub/g8482__6260/Y                   -       A->Y  F     NAND2XB_X6M_A9TL      2    55    55    1873 
  u_sub/g8467/Y                         -       A->Y  R     INV_X4M_A9TL          2    63    61    1934 
  u_sub/g8450__8246/Y                   -       A->Y  F     NAND2XB_X8M_A9TL      3    57    52    1986 
  u_sub/g8436__1617/Y                   -       B->Y  F     AND2_X8M_A9TL         7    56   121    2108 
  u_sub/g8402__1705/Y                   -       A->Y  R     NAND2XB_X3M_A9TL      1    86    68    2176 
  u_sub/g8378__4733/Y                   -       B->Y  F     NAND2_X4A_A9TL        2    69    72    2248 
  gen_exp[6].u_exp/g126/Y               -       A->Y  F     BUFH_X3M_A9TL         3    69   108    2356 
  gen_exp[6].u_exp/u_round/g219__1705/Y -       A->Y  R     NAND2_X8M_A9TL        3    84    70    2426 
  gen_exp[6].u_exp/u_round/g218/Y       -       A->Y  F     INV_X2M_A9TL          1    47    54    2480 
  gen_exp[6].u_exp/u_round/g214__1617/Y -       B->Y  R     NOR2_X4M_A9TL         1    74    66    2546 
  gen_exp[6].u_exp/u_round/g213__3680/Y -       AN->Y R     NAND2B_X6M_A9TL       4    96   127    2673 
  u_lut/g1625/Y                         -       A->Y  F     INV_X4M_A9TL          1    36    41    2714 
  u_lut/g1587__8246/Y                   -       B->Y  R     NAND2_X4M_A9TL        3   111    78    2792 
  u_lut/g1579/Y                         -       A->Y  F     INV_X3M_A9TL          1    45    50    2842 
  u_lut/g1552__7098/Y                   -       B->Y  R     NOR2_X4M_A9TL         1    86    73    2916 
  g6852/Y                               -       B->Y  F     NOR2_X4A_A9TL         2    59    60    2976 
  g6638/Y                               -       A0->Y R     OAI21_X1P4M_A9TL      1   132   107    3083 
  u_vec_mul_ew/a_reg_reg[6][2]/D        -       -     R     DFFQ_X1M_A9TL         1     -     0    3083 
#-------------------------------------------------------------------------------------------------------

