============================================================
  Generated by:           Genus(TM) Synthesis Solution 25.12-s067_1
  Generated on:           Sep 23 2026  01:45:37 am
  Module:                 tr_nonlinear_vpu
  Operating conditions:   ss_typical_max_0p90v_125c (balanced_tree)
  Wireload mode:          top
  Area mode:              timing library
============================================================


Path 1: MET (0 ps) Setup Check with Pin u_backbone/s2_post_ln_reg_reg[6][7]/CK->D
          Group: reg2reg
     Startpoint: (R) u_backbone/s1_mode_pre_ln_reg/CK
          Clock: (R) clk
       Endpoint: (R) u_backbone/s2_post_ln_reg_reg[6][7]/D
          Clock: (R) clk

                     Capture       Launch     
        Clock Edge:+    3300            0     
       Src Latency:+       0            0     
       Net Latency:+       0 (I)        0 (I) 
           Arrival:=    3300            0     
                                              
             Setup:-     103                  
       Uncertainty:-     125                  
     Required Time:=    3072                  
      Launch Clock:-       0                  
         Data Path:-    3072                  
             Slack:=       0                  

#---------------------------------------------------------------------------------------------------------------
#               Timing Point                 Flags   Arc   Edge        Cell          Fanout Trans Delay Arrival 
#                                                                                            (ps)  (ps)   (ps)  
#---------------------------------------------------------------------------------------------------------------
  u_backbone/s1_mode_pre_ln_reg/CK           -       -     R     (arrival)              363     0     0       0 
  u_backbone/s1_mode_pre_ln_reg/Q            -       CK->Q R     DFFRPQ_X4M_A9TL          1    98   310     310 
  u_backbone/u_pre_ln/g5761/Y                -       A->Y  F     INV_X16M_A9TL           19    76    76     385 
  u_backbone/u_pre_ln/g5716/Y                -       A->Y  R     NOR2XB_X6M_A9TL          2    90    83     468 
  u_backbone/u_pre_ln/g5629/Y                -       B->Y  F     NAND2_X4M_A9TL           1    61    66     534 
  u_backbone/u_pre_ln/g5613/Y                -       A->Y  R     NOR2XB_X8M_A9TL          3   116    93     627 
  u_backbone/u_pre_ln/g5597/Y                -       B->Y  F     NAND2_X8M_A9TL           4    72    70     697 
  u_backbone/u_pre_ln/g5445/Y                -       S0->Y R     MXT2_X3M_A9TL            8   167   209     907 
  u_backbone/gen_tr_lanes[6].u_tr_ln/g3881/Y -       A->Y  F     NOR2_X3A_A9TL            2    74    82     989 
  u_backbone/gen_tr_lanes[6].u_tr_ln/g3849/Y -       A->Y  R     NAND2_X1P4M_A9TL         3   208   143    1132 
  u_backbone/gen_tr_lanes[6].u_tr_ln/g3918/Y -       B0->Y F     AOI2XB1_X2M_A9TL         1   129   111    1243 
  u_backbone/gen_tr_lanes[6].u_tr_ln/g3815/Y -       B->Y  R     NOR2_X4A_A9TL            3   118   122    1365 
  u_backbone/gen_tr_lanes[6].u_tr_ln/g3792/Y -       B->Y  F     NAND3XXB_X1P4M_A9TL      1   117   107    1472 
  u_backbone/gen_tr_lanes[6].u_tr_ln/g3765/Y -       BN->Y F     NOR2XB_X6M_A9TL          2    75   156    1628 
  u_backbone/gen_tr_lanes[6].u_tr_ln/g3756/Y -       B->Y  R     NOR2_X6A_A9TL            3    84    89    1717 
  u_backbone/gen_tr_lanes[6].u_tr_ln/g3744/Y -       B->Y  F     NAND3XXB_X2M_A9TL        1   102    87    1804 
  u_backbone/gen_tr_lanes[6].u_tr_ln/g3735/Y -       B->Y  F     AND2_X4M_A9TL            3    58   141    1946 
  u_backbone/gen_tr_lanes[6].u_tr_ln/g3724/Y -       A->Y  R     NAND2_X4M_A9TL           2    93    75    2020 
  u_backbone/gen_tr_lanes[6].u_tr_ln/g3718/Y -       B->Y  F     NOR2_X4M_A9TL            1    52    64    2084 
  u_backbone/gen_tr_lanes[6].u_tr_ln/g3707/Y -       A1->Y R     AOI21_X3M_A9TL           1   121   116    2199 
  u_backbone/gen_tr_lanes[6].u_tr_ln/g3704/Y -       B0->Y F     AOI31_X6M_A9TL           1    87    71    2270 
  u_backbone/g3452/Y                         -       B0->Y R     AOI22_X6M_A9TL           1   111    93    2363 
  u_backbone/g3412/Y                         -       A->Y  F     NAND2XB_X6M_A9TL         4    65    64    2427 
  u_backbone/u_post_ln/g6366/Y               -       CN->Y F     NAND3XXB_X6M_A9TL        3   103   147    2574 
  u_backbone/u_post_ln/g6239/Y               -       B->Y  R     NOR2_X6A_A9TL            3   118   108    2682 
  u_backbone/u_post_ln/g6201/Y               -       A->Y  F     NAND2XB_X4M_A9TL         3    83    78    2760 
  u_backbone/u_post_ln/g6133/Y               -       A0->Y R     AOI2XB1_X3M_A9TL         2   123   115    2875 
  u_backbone/u_post_ln/g6090/Y               -       B->Y  F     NAND3XXB_X1P4M_A9TL      1   138   104    2979 
  u_backbone/u_post_ln/g6570/Y               -       B0->Y R     OAI2XB1_X2M_A9TL         1   104    92    3072 
  u_backbone/s2_post_ln_reg_reg[6][7]/D      -       -     R     DFFRPQ_X1M_A9TL          1     -     0    3072 
#---------------------------------------------------------------------------------------------------------------



Path 2: MET (0 ps) Setup Check with Pin u_backbone/s2_post_ln_reg_reg[4][3]/CK->D
          Group: reg2reg
     Startpoint: (R) u_backbone/s1_mode_pre_ln_reg/CK
          Clock: (R) clk
       Endpoint: (R) u_backbone/s2_post_ln_reg_reg[4][3]/D
          Clock: (R) clk

                     Capture       Launch     
        Clock Edge:+    3300            0     
       Src Latency:+       0            0     
       Net Latency:+       0 (I)        0 (I) 
           Arrival:=    3300            0     
                                              
             Setup:-      99                  
       Uncertainty:-     125                  
     Required Time:=    3076                  
      Launch Clock:-       0                  
         Data Path:-    3075                  
             Slack:=       0                  

#-------------------------------------------------------------------------------------------------------------
#               Timing Point                 Flags   Arc   Edge       Cell         Fanout Trans Delay Arrival 
#                                                                                          (ps)  (ps)   (ps)  
#-------------------------------------------------------------------------------------------------------------
  u_backbone/s1_mode_pre_ln_reg/CK           -       -     R     (arrival)            363     0     0       0 
  u_backbone/s1_mode_pre_ln_reg/Q            -       CK->Q F     DFFRPQ_X4M_A9TL        1    73   292     292 
  u_backbone/u_pre_ln/g5761/Y                -       A->Y  R     INV_X16M_A9TL         19   109    94     385 
  u_backbone/u_pre_ln/g5718/Y                -       A->Y  F     NOR2XB_X6M_A9TL        2    60    64     450 
  u_backbone/u_pre_ln/g5643/Y                -       A->Y  R     INV_X3M_A9TL           3    64    63     512 
  u_backbone/u_pre_ln/g5782/Y                -       BN->Y R     NAND2XB_X3M_A9TL       2    86   128     640 
  u_backbone/u_pre_ln/g5624/Y                -       B->Y  R     AND2_X2M_A9TL          7   167   187     827 
  u_backbone/gen_tr_lanes[4].u_tr_ln/g3871/Y -       B->Y  F     NOR2_X2M_A9TL          2   113   119     946 
  u_backbone/gen_tr_lanes[4].u_tr_ln/g3926/Y -       B0->Y R     OAI2XB1_X1M_A9TL       1   179   115    1061 
  u_backbone/gen_tr_lanes[4].u_tr_ln/g3816/Y -       B->Y  F     NAND2_X1A_A9TL         1   104   114    1175 
  u_backbone/gen_tr_lanes[4].u_tr_ln/g3805/Y -       CN->Y F     NAND3XXB_X3M_A9TL      1    82   164    1340 
  u_backbone/gen_tr_lanes[4].u_tr_ln/g3787/Y -       C->Y  F     AND3_X4M_A9TL          2    53   148    1487 
  u_backbone/gen_tr_lanes[4].u_tr_ln/g3784/Y -       A->Y  R     INV_X4M_A9TL           3    68    64    1551 
  u_backbone/gen_tr_lanes[4].u_tr_ln/g3920/Y -       A->Y  R     OR2_X1M_A9TL           1    85   126    1677 
  u_backbone/gen_tr_lanes[4].u_tr_ln/g3751/Y -       BN->Y R     NAND2XB_X4M_A9TL       1    70   124    1800 
  u_backbone/gen_tr_lanes[4].u_tr_ln/g3742/Y -       A->Y  F     NAND2_X4M_A9TL         2    52    53    1854 
  u_backbone/gen_tr_lanes[4].u_tr_ln/g3917/Y -       A->Y  F     OR2_X2M_A9TL           1    45   106    1960 
  u_backbone/gen_tr_lanes[4].u_tr_ln/g3727/Y -       BN->Y F     NOR2XB_X4M_A9TL        1    60   124    2084 
  u_backbone/g3618/Y                         -       A->Y  R     NAND2_X3A_A9TL         1    51    52    2137 
  u_backbone/g3442/Y                         -       B->Y  F     NAND3_X3M_A9TL         2   155    82    2219 
  u_backbone/u_post_ln/fopt1/Y               -       A->Y  F     BUFH_X1P4M_A9TL        2    66   138    2357 
  u_backbone/u_post_ln/g6502/Y               -       A->Y  R     NOR2_X2A_A9TL          2   149   108    2465 
  u_backbone/u_post_ln/g6391/Y               -       B1->Y R     AO1B2_X2M_A9TL         2    97   166    2631 
  u_backbone/u_post_ln/g6595/Y               -       BN->Y R     NAND2XB_X1M_A9TL       1   106   146    2777 
  u_backbone/u_post_ln/g6289/Y               -       B->Y  R     AND2_X1M_A9TL          1    79   143    2920 
  u_backbone/u_post_ln/g6208/Y               -       A1->Y R     AO21B_X1M_A9TL         1    88   155    3075 
  u_backbone/s2_post_ln_reg_reg[4][3]/D      -       -     R     DFFRPQ_X1M_A9TL        1     -     0    3075 
#-------------------------------------------------------------------------------------------------------------



Path 3: MET (1 ps) Setup Check with Pin u_backbone/s2_post_ln_reg_reg[4][7]/CK->D
          Group: reg2reg
     Startpoint: (R) u_backbone/s1_mode_pre_ln_reg/CK
          Clock: (R) clk
       Endpoint: (R) u_backbone/s2_post_ln_reg_reg[4][7]/D
          Clock: (R) clk

                     Capture       Launch     
        Clock Edge:+    3300            0     
       Src Latency:+       0            0     
       Net Latency:+       0 (I)        0 (I) 
           Arrival:=    3300            0     
                                              
             Setup:-      99                  
       Uncertainty:-     125                  
     Required Time:=    3076                  
      Launch Clock:-       0                  
         Data Path:-    3075                  
             Slack:=       1                  

#---------------------------------------------------------------------------------------------------------------
#               Timing Point                 Flags   Arc   Edge        Cell          Fanout Trans Delay Arrival 
#                                                                                            (ps)  (ps)   (ps)  
#---------------------------------------------------------------------------------------------------------------
  u_backbone/s1_mode_pre_ln_reg/CK           -       -     R     (arrival)              363     0     0       0 
  u_backbone/s1_mode_pre_ln_reg/Q            -       CK->Q R     DFFRPQ_X4M_A9TL          1    98   310     310 
  u_backbone/u_pre_ln/g5761/Y                -       A->Y  F     INV_X16M_A9TL           19    76    76     385 
  u_backbone/u_pre_ln/g5718/Y                -       A->Y  R     NOR2XB_X6M_A9TL          2    85    79     464 
  u_backbone/u_pre_ln/g5643/Y                -       A->Y  F     INV_X3M_A9TL             3    49    56     520 
  u_backbone/u_pre_ln/g5782/Y                -       BN->Y F     NAND2XB_X3M_A9TL         2    63   126     646 
  u_backbone/u_pre_ln/g5624/Y                -       B->Y  F     AND2_X2M_A9TL            7   117   169     816 
  u_backbone/gen_tr_lanes[4].u_tr_ln/g3871/Y -       B->Y  R     NOR2_X2M_A9TL            2   173   152     967 
  u_backbone/gen_tr_lanes[4].u_tr_ln/g3854/Y -       B->Y  F     NAND2_X4M_A9TL           4   100   105    1072 
  u_backbone/gen_tr_lanes[4].u_tr_ln/g3841/Y -       B0->Y R     AOI21_X1P4M_A9TL         1   124   111    1183 
  u_backbone/gen_tr_lanes[4].u_tr_ln/g3819/Y -       CN->Y R     NAND3XXB_X3M_A9TL        2   154   189    1372 
  u_backbone/gen_tr_lanes[4].u_tr_ln/g3811/Y -       A->Y  F     INV_X3M_A9TL             2    62    67    1439 
  u_backbone/gen_tr_lanes[4].u_tr_ln/g3924/Y -       B->Y  R     NOR2B_X3M_A9TL           2   163   129    1568 
  u_backbone/gen_tr_lanes[4].u_tr_ln/g3804/Y -       A->Y  F     INV_X4M_A9TL             2    55    57    1625 
  u_backbone/gen_tr_lanes[4].u_tr_ln/g3765/Y -       A->Y  R     MXIT2_X3M_A9TL           2   174   104    1729 
  u_backbone/gen_tr_lanes[4].u_tr_ln/g3740/Y -       S0->Y F     MXT2_X4M_A9TL            3    74   183    1912 
  u_backbone/gen_tr_lanes[4].u_tr_ln/g3720/Y -       S0->Y F     MXIT2_X2M_A9TL           1   104   104    2016 
  u_backbone/gen_tr_lanes[4].u_tr_ln/g3715/Y -       S0->Y F     MXIT2_X3M_A9TL           1    84    97    2113 
  u_backbone/g3617/Y                         -       A->Y  R     NAND2_X4M_A9TL           1    72    71    2184 
  u_backbone/g3441/Y                         -       B->Y  F     NAND3_X6A_A9TL           3   128    71    2255 
  u_backbone/u_post_ln/g6511/Y               -       A->Y  R     NOR2_X3A_A9TL            2   118   110    2364 
  u_backbone/u_post_ln/g6427/Y               -       BN->Y R     NOR2XB_X6M_A9TL          2    91   147    2511 
  u_backbone/u_post_ln/g6365/Y               -       B->Y  F     NAND2_X4M_A9TL           2    68    73    2584 
  u_backbone/u_post_ln/g6612/Y               -       A->Y  R     NOR2_X6A_A9TL            4   120    93    2677 
  u_backbone/u_post_ln/g6281/Y               -       B->Y  F     NAND2_X4M_A9TL           3    86    84    2760 
  u_backbone/u_post_ln/g6135/Y               -       A0->Y R     AOI2XB1_X3M_A9TL         2   128   116    2877 
  u_backbone/u_post_ln/g6091/Y               -       B->Y  F     NAND3XXB_X1P4M_A9TL      1   138   105    2982 
  u_backbone/u_post_ln/g6572/Y               -       B0->Y R     OAI2XB1_X2M_A9TL         1   106    93    3075 
  u_backbone/s2_post_ln_reg_reg[4][7]/D      -       -     R     DFFRPQ_X2M_A9TL          1     -     0    3075 
#---------------------------------------------------------------------------------------------------------------



Path 4: MET (1 ps) Setup Check with Pin u_backbone/s2_post_ln_reg_reg[4][3]/CK->D
          Group: reg2reg
     Startpoint: (R) u_backbone/s1_mode_pre_ln_reg/CK
          Clock: (R) clk
       Endpoint: (R) u_backbone/s2_post_ln_reg_reg[4][3]/D
          Clock: (R) clk

                     Capture       Launch     
        Clock Edge:+    3300            0     
       Src Latency:+       0            0     
       Net Latency:+       0 (I)        0 (I) 
           Arrival:=    3300            0     
                                              
             Setup:-      99                  
       Uncertainty:-     125                  
     Required Time:=    3076                  
      Launch Clock:-       0                  
         Data Path:-    3074                  
             Slack:=       1                  

#--------------------------------------------------------------------------------------------------------------
#               Timing Point                 Flags    Arc   Edge       Cell         Fanout Trans Delay Arrival 
#                                                                                           (ps)  (ps)   (ps)  
#--------------------------------------------------------------------------------------------------------------
  u_backbone/s1_mode_pre_ln_reg/CK           -       -      R     (arrival)            363     0     0       0 
  u_backbone/s1_mode_pre_ln_reg/Q            -       CK->Q  R     DFFRPQ_X4M_A9TL        1    98   310     310 
  u_backbone/u_pre_ln/g5761/Y                -       A->Y   F     INV_X16M_A9TL         19    76    76     385 
  u_backbone/u_pre_ln/g5718/Y                -       A->Y   R     NOR2XB_X6M_A9TL        2    85    79     464 
  u_backbone/u_pre_ln/g5643/Y                -       A->Y   F     INV_X3M_A9TL           3    49    56     520 
  u_backbone/u_pre_ln/g5654/Y                -       A->Y   F     AND2_X4M_A9TL          6    86   131     651 
  u_backbone/gen_tr_lanes[4].u_tr_ln/g3889/Y -       A->Y   R     NOR2_X1B_A9TL          2   231   167     818 
  u_backbone/gen_tr_lanes[4].u_tr_ln/g3926/Y -       A1N->Y R     OAI2XB1_X1M_A9TL       1   179   242    1060 
  u_backbone/gen_tr_lanes[4].u_tr_ln/g3816/Y -       B->Y   F     NAND2_X1A_A9TL         1   104   114    1174 
  u_backbone/gen_tr_lanes[4].u_tr_ln/g3805/Y -       CN->Y  F     NAND3XXB_X3M_A9TL      1    82   164    1339 
  u_backbone/gen_tr_lanes[4].u_tr_ln/g3787/Y -       C->Y   F     AND3_X4M_A9TL          2    53   148    1486 
  u_backbone/gen_tr_lanes[4].u_tr_ln/g3784/Y -       A->Y   R     INV_X4M_A9TL           3    68    64    1550 
  u_backbone/gen_tr_lanes[4].u_tr_ln/g3920/Y -       A->Y   R     OR2_X1M_A9TL           1    85   126    1676 
  u_backbone/gen_tr_lanes[4].u_tr_ln/g3751/Y -       BN->Y  R     NAND2XB_X4M_A9TL       1    70   124    1800 
  u_backbone/gen_tr_lanes[4].u_tr_ln/g3742/Y -       A->Y   F     NAND2_X4M_A9TL         2    52    53    1853 
  u_backbone/gen_tr_lanes[4].u_tr_ln/g3917/Y -       A->Y   F     OR2_X2M_A9TL           1    45   106    1959 
  u_backbone/gen_tr_lanes[4].u_tr_ln/g3727/Y -       BN->Y  F     NOR2XB_X4M_A9TL        1    60   124    2084 
  u_backbone/g3618/Y                         -       A->Y   R     NAND2_X3A_A9TL         1    51    52    2136 
  u_backbone/g3442/Y                         -       B->Y   F     NAND3_X3M_A9TL         2   155    82    2218 
  u_backbone/u_post_ln/fopt1/Y               -       A->Y   F     BUFH_X1P4M_A9TL        2    66   138    2356 
  u_backbone/u_post_ln/g6502/Y               -       A->Y   R     NOR2_X2A_A9TL          2   149   108    2464 
  u_backbone/u_post_ln/g6391/Y               -       B1->Y  R     AO1B2_X2M_A9TL         2    97   166    2630 
  u_backbone/u_post_ln/g6595/Y               -       BN->Y  R     NAND2XB_X1M_A9TL       1   106   146    2776 
  u_backbone/u_post_ln/g6289/Y               -       B->Y   R     AND2_X1M_A9TL          1    79   143    2919 
  u_backbone/u_post_ln/g6208/Y               -       A1->Y  R     AO21B_X1M_A9TL         1    88   155    3074 
  u_backbone/s2_post_ln_reg_reg[4][3]/D      -       -      R     DFFRPQ_X1M_A9TL        1     -     0    3074 
#--------------------------------------------------------------------------------------------------------------



Path 5: MET (1 ps) Setup Check with Pin u_backbone/s2_post_ln_reg_reg[2][7]/CK->D
          Group: reg2reg
     Startpoint: (R) u_backbone/s1_mode_pre_ln_reg/CK
          Clock: (R) clk
       Endpoint: (R) u_backbone/s2_post_ln_reg_reg[2][7]/D
          Clock: (R) clk

                     Capture       Launch     
        Clock Edge:+    3300            0     
       Src Latency:+       0            0     
       Net Latency:+       0 (I)        0 (I) 
           Arrival:=    3300            0     
                                              
             Setup:-     103                  
       Uncertainty:-     125                  
     Required Time:=    3072                  
      Launch Clock:-       0                  
         Data Path:-    3071                  
             Slack:=       1                  

#---------------------------------------------------------------------------------------------------------------
#               Timing Point                 Flags   Arc   Edge        Cell          Fanout Trans Delay Arrival 
#                                                                                            (ps)  (ps)   (ps)  
#---------------------------------------------------------------------------------------------------------------
  u_backbone/s1_mode_pre_ln_reg/CK           -       -     R     (arrival)              363     0     0       0 
  u_backbone/s1_mode_pre_ln_reg/Q            -       CK->Q R     DFFRPQ_X4M_A9TL          1    98   310     310 
  u_backbone/u_pre_ln/g5761/Y                -       A->Y  F     INV_X16M_A9TL           19    76    76     385 
  u_backbone/u_pre_ln/g5719/Y                -       A->Y  R     NOR2XB_X8M_A9TL          4   105    91     476 
  u_backbone/u_pre_ln/g5698/Y                -       A->Y  F     INV_X2M_A9TL             1    45    50     527 
  u_backbone/u_pre_ln/g5652/Y                -       A->Y  F     AND2_X4M_A9TL            7    83   127     654 
  u_backbone/gen_tr_lanes[2].u_tr_ln/g3887/Y -       B->Y  R     NOR2B_X2M_A9TL           3   176   143     797 
  u_backbone/gen_tr_lanes[2].u_tr_ln/g3840/Y -       A1->Y F     AOI21_X1M_A9TL           1   132   124     921 
  u_backbone/gen_tr_lanes[2].u_tr_ln/g3830/Y -       A->Y  R     NAND3_X1M_A9TL           1   150   132    1054 
  u_backbone/gen_tr_lanes[2].u_tr_ln/g3811/Y -       B->Y  F     NAND2_X1M_A9TL           1   136   128    1182 
  u_backbone/gen_tr_lanes[2].u_tr_ln/g3803/Y -       B->Y  R     NOR2_X4A_A9TL            2   102   113    1295 
  u_backbone/gen_tr_lanes[2].u_tr_ln/g3791/Y -       BN->Y R     NAND2XB_X8M_A9TL         3    98   142    1437 
  u_backbone/gen_tr_lanes[2].u_tr_ln/g3788/Y -       A->Y  F     INV_X7P5M_A9TL           5    46    52    1488 
  u_backbone/gen_tr_lanes[2].u_tr_ln/g3782/Y -       A->Y  R     NAND2XB_X6M_A9TL         3    93    67    1555 
  u_backbone/gen_tr_lanes[2].u_tr_ln/g3777/Y -       A->Y  F     NOR2XB_X6M_A9TL          2    69    66    1621 
  u_backbone/gen_tr_lanes[2].u_tr_ln/g3765/Y -       B->Y  R     NOR2_X4A_A9TL            3   112   103    1724 
  u_backbone/gen_tr_lanes[2].u_tr_ln/g3751/Y -       B->Y  F     NAND3XXB_X2M_A9TL        1   124   108    1832 
  u_backbone/gen_tr_lanes[2].u_tr_ln/g3743/Y -       B->Y  F     AND2_X8M_A9TL            3    45   136    1968 
  u_backbone/gen_tr_lanes[2].u_tr_ln/g3730/Y -       A->Y  R     NAND2_X4A_A9TL           2    69    56    2024 
  u_backbone/gen_tr_lanes[2].u_tr_ln/g3719/Y -       B->Y  F     MXIT2_X3M_A9TL           1    73    71    2096 
  u_backbone/gen_tr_lanes[2].u_tr_ln/g3714/Y -       B0->Y R     AOI21_X6M_A9TL           1    79    80    2175 
  u_backbone/gen_tr_lanes[2].u_tr_ln/g3712/Y -       B0->Y F     AOI21_X6M_A9TL           1    61    50    2225 
  u_backbone/g3454/Y                         -       B0->Y R     AOI22_X4M_A9TL           1   122    92    2317 
  u_backbone/g3395/Y                         -       B->Y  F     NAND2_X4M_A9TL           4   129    81    2398 
  u_backbone/u_post_ln/g6368/Y               -       CN->Y F     NAND3XXB_X6M_A9TL        3    93   173    2572 
  u_backbone/u_post_ln/g6610/Y               -       A->Y  R     NOR2_X6A_A9TL            3   107    93    2664 
  u_backbone/u_post_ln/g6283/Y               -       A->Y  F     NAND2XB_X3M_A9TL         3    99    88    2753 
  u_backbone/u_post_ln/g6134/Y               -       A0->Y R     AOI2XB1_X3M_A9TL         2   128   120    2873 
  u_backbone/u_post_ln/g6088/Y               -       B->Y  F     NAND3XXB_X1P4M_A9TL      1   138   105    2978 
  u_backbone/u_post_ln/g6571/Y               -       B0->Y R     OAI2XB1_X2M_A9TL         1   105    92    3071 
  u_backbone/s2_post_ln_reg_reg[2][7]/D      -       -     R     DFFRPQ_X1M_A9TL          1     -     0    3071 
#---------------------------------------------------------------------------------------------------------------



Path 6: MET (2 ps) Setup Check with Pin u_backbone/s2_post_ln_reg_reg[3][6]/CK->D
          Group: reg2reg
     Startpoint: (R) u_backbone/s1_mode_pre_ln_reg/CK
          Clock: (R) clk
       Endpoint: (F) u_backbone/s2_post_ln_reg_reg[3][6]/D
          Clock: (R) clk

                     Capture       Launch     
        Clock Edge:+    3300            0     
       Src Latency:+       0            0     
       Net Latency:+       0 (I)        0 (I) 
           Arrival:=    3300            0     
                                              
             Setup:-     108                  
       Uncertainty:-     125                  
     Required Time:=    3067                  
      Launch Clock:-       0                  
         Data Path:-    3065                  
             Slack:=       2                  

#---------------------------------------------------------------------------------------------------------------
#                Timing Point                 Flags    Arc   Edge       Cell         Fanout Trans Delay Arrival 
#                                                                                            (ps)  (ps)   (ps)  
#---------------------------------------------------------------------------------------------------------------
  u_backbone/s1_mode_pre_ln_reg/CK            -       -      R     (arrival)            363     0     0       0 
  u_backbone/s1_mode_pre_ln_reg/Q             -       CK->Q  F     DFFRPQ_X4M_A9TL        1    73   292     292 
  u_backbone/u_pre_ln/g5761/Y                 -       A->Y   R     INV_X16M_A9TL         19   109    94     385 
  u_backbone/u_pre_ln/g5720/Y                 -       A->Y   F     NOR2XB_X6M_A9TL        2    59    64     449 
  u_backbone/u_pre_ln/g5626/Y                 -       C->Y   F     AND3_X4M_A9TL          3    76   159     608 
  u_backbone/u_pre_ln/g5590/Y                 -       B->Y   R     NAND2_X8M_A9TL         4    89    87     695 
  u_backbone/u_pre_ln/g5792/Y                 -       B->Y   R     XNOR2_X4M_A9TL         7   314   193     888 
  u_backbone/gen_tr_lanes[3].u_tr_ln/g3879/Y  -       B->Y   F     NOR2_X1P4A_A9TL        2   136   158    1046 
  u_backbone/gen_tr_lanes[3].u_tr_ln/g3828/Y  -       B0->Y  R     AOI32_X1M_A9TL         1   195   166    1212 
  u_backbone/gen_tr_lanes[3].u_tr_ln/g3803/Y  -       C0->Y  F     OAI211_X1M_A9TL        1   192   171    1382 
  u_backbone/gen_tr_lanes[3].u_tr_ln/g3781/Y  -       A1->Y  R     AOI22_X3M_A9TL         1   143   181    1563 
  u_backbone/gen_tr_lanes[3].u_tr_ln/g3775/Y  -       A->Y   F     NAND3_X6A_A9TL         2    72    63    1626 
  u_backbone/gen_tr_lanes[3].u_tr_ln/g3748/CO -       A->CO  F     CGEN_X2M_A9TL          2    95   213    1839 
  u_backbone/gen_tr_lanes[3].u_tr_ln/g3741/Y  -       B->Y   F     AND2_X6M_A9TL          4    56   140    1979 
  u_backbone/gen_tr_lanes[3].u_tr_ln/g3724/Y  -       A->Y   R     INV_X2M_A9TL           1    59    58    2036 
  u_backbone/gen_tr_lanes[3].u_tr_ln/g3718/Y  -       B->Y   F     MXIT2_X3M_A9TL         1    77    63    2100 
  u_backbone/g3584/Y                          -       A->Y   R     NAND2_X3A_A9TL         1    55    57    2157 
  u_backbone/g3404/Y                          -       A->Y   F     NAND3XXB_X3M_A9TL      2   113    78    2235 
  u_backbone/u_post_ln/g6514/Y                -       A->Y   R     NOR2_X4A_A9TL          3   130   114    2349 
  u_backbone/u_post_ln/g6429/Y                -       BN->Y  R     NOR2XB_X6M_A9TL        3   100   161    2510 
  u_backbone/u_post_ln/g6361/Y                -       B->Y   F     NAND2_X4M_A9TL         2    63    71    2581 
  u_backbone/u_post_ln/g6241/Y                -       A->Y   R     NOR2XB_X6M_A9TL        2    83    75    2656 
  u_backbone/u_post_ln/g6198/Y                -       B->Y   F     NAND2_X4M_A9TL         2    75    58    2714 
  u_backbone/u_post_ln/g6156/Y                -       A->Y   R     NAND2XB_X2M_A9TL       1   108    86    2800 
  u_backbone/u_post_ln/g6136/Y                -       B->Y   F     NAND2_X4M_A9TL         3    86    72    2872 
  u_backbone/u_post_ln/g6103/Y                -       C0->Y  R     OAI211_X1P4M_A9TL      1   192   115    2987 
  u_backbone/u_post_ln/g6075/Y                -       B0N->Y F     AO21B_X2M_A9TL         1    82    78    3065 
  u_backbone/s2_post_ln_reg_reg[3][6]/D       -       -      F     DFFRPQ_X1M_A9TL        1     -     0    3065 
#---------------------------------------------------------------------------------------------------------------



Path 7: MET (2 ps) Setup Check with Pin u_backbone/s2_post_ln_reg_reg[5][6]/CK->D
          Group: reg2reg
     Startpoint: (R) u_backbone/s1_mode_pre_ln_reg/CK
          Clock: (R) clk
       Endpoint: (F) u_backbone/s2_post_ln_reg_reg[5][6]/D
          Clock: (R) clk

                     Capture       Launch     
        Clock Edge:+    3300            0     
       Src Latency:+       0            0     
       Net Latency:+       0 (I)        0 (I) 
           Arrival:=    3300            0     
                                              
             Setup:-     100                  
       Uncertainty:-     125                  
     Required Time:=    3075                  
      Launch Clock:-       0                  
         Data Path:-    3073                  
             Slack:=       2                  

#--------------------------------------------------------------------------------------------------------------
#               Timing Point                 Flags    Arc   Edge       Cell         Fanout Trans Delay Arrival 
#                                                                                           (ps)  (ps)   (ps)  
#--------------------------------------------------------------------------------------------------------------
  u_backbone/s1_mode_pre_ln_reg/CK           -       -      R     (arrival)            363     0     0       0 
  u_backbone/s1_mode_pre_ln_reg/Q            -       CK->Q  F     DFFRPQ_X4M_A9TL        1    73   292     292 
  u_backbone/u_pre_ln/g5761/Y                -       A->Y   R     INV_X16M_A9TL         19   109    94     385 
  u_backbone/u_pre_ln/g5715/Y                -       A->Y   F     NOR2XB_X8M_A9TL        4    72    73     458 
  u_backbone/u_pre_ln/g5627/Y                -       B->Y   R     NAND2_X4M_A9TL         1    84    82     540 
  u_backbone/u_pre_ln/g5616/Y                -       A->Y   F     NOR2XB_X8M_A9TL        3    72    66     607 
  u_backbone/u_pre_ln/g5572/Y                -       C->Y   F     AND3_X4M_A9TL          2    56   147     753 
  u_backbone/u_pre_ln/g5516/Y                -       A->Y   R     NAND2XB_X4M_A9TL       1    72    58     812 
  u_backbone/u_pre_ln/g5408/Y                -       A->Y   F     NAND2XB_X4M_A9TL       1    47    48     859 
  u_backbone/u_pre_ln/g5402/Y                -       A->Y   F     AND2_X6M_A9TL          6    75   126     985 
  u_backbone/gen_tr_lanes[5].u_tr_ln/g3919/Y -       A->Y   R     INV_X7P5M_A9TL         6    63    66    1051 
  u_backbone/gen_tr_lanes[5].u_tr_ln/g3931/Y -       A->Y   F     NAND2XB_X6M_A9TL       2    54    51    1102 
  u_backbone/gen_tr_lanes[5].u_tr_ln/g3872/Y -       A->Y   R     NOR2_X6A_A9TL          3    95    80    1182 
  u_backbone/gen_tr_lanes[5].u_tr_ln/g3807/Y -       A1N->Y R     AOI2XB1_X4M_A9TL       1    83   147    1329 
  u_backbone/gen_tr_lanes[5].u_tr_ln/g3928/Y -       B->Y   F     NAND2B_X2M_A9TL        1    87    82    1411 
  u_backbone/gen_tr_lanes[5].u_tr_ln/g3787/Y -       A->Y   R     NAND3_X6A_A9TL         1    98    80    1491 
  u_backbone/gen_tr_lanes[5].u_tr_ln/g3774/Y -       A->Y   F     NOR2XB_X6M_A9TL        2    68    67    1558 
  u_backbone/gen_tr_lanes[5].u_tr_ln/g3754/Y -       B->Y   R     NAND3XXB_X6M_A9TL      2   130    99    1657 
  u_backbone/gen_tr_lanes[5].u_tr_ln/g3752/Y -       A->Y   F     INV_X4M_A9TL           1    50    53    1711 
  u_backbone/gen_tr_lanes[5].u_tr_ln/g3739/Y -       A0->Y  R     AOI2XB1_X6M_A9TL       4   127   105    1816 
  u_backbone/gen_tr_lanes[5].u_tr_ln/g3736/Y -       A->Y   F     INV_X2M_A9TL           1    54    60    1876 
  u_backbone/gen_tr_lanes[5].u_tr_ln/g3717/Y -       A->Y   R     MXIT2_X3M_A9TL         1   124    84    1960 
  u_backbone/gen_tr_lanes[5].u_tr_ln/g3713/Y -       S0->Y  R     MXIT2_X2M_A9TL         1   165   118    2078 
  u_backbone/g3606/Y                         -       A->Y   F     NAND2_X4M_A9TL         1    74    70    2148 
  u_backbone/g3429/Y                         -       A->Y   R     NAND3XXB_X6M_A9TL      4   114    85    2233 
  u_backbone/u_post_ln/g6614/Y               -       AN->Y  R     NAND2B_X3M_A9TL        2   112   155    2388 
  u_backbone/u_post_ln/g6337/Y               -       A->Y   F     NAND2XB_X6M_A9TL       3    66    65    2453 
  u_backbone/u_post_ln/g6235/Y               -       A1->Y  R     AOI21B_X6M_A9TL        2    92   105    2558 
  u_backbone/u_post_ln/g6197/Y               -       B->Y   F     NOR2_X3A_A9TL          2    72    74    2632 
  u_backbone/u_post_ln/g6164/Y               -       A->Y   R     NOR2XB_X4M_A9TL        2    92    82    2714 
  u_backbone/u_post_ln/g6130/Y               -       B->Y   F     NOR2_X3A_A9TL          2    64    72    2786 
  u_backbone/u_post_ln/g6111/Y               -       A->Y   R     NOR2XB_X3M_A9TL        2   116    94    2880 
  u_backbone/u_post_ln/g6104/Y               -       A->Y   F     INV_X2M_A9TL           1    52    58    2938 
  u_backbone/u_post_ln/g6077/Y               -       B->Y   R     NAND3XXB_X4M_A9TL      1   110    66    3003 
  u_backbone/u_post_ln/g6071/Y               -       A->Y   F     NAND3_X2A_A9TL         1    76    69    3073 
  u_backbone/s2_post_ln_reg_reg[5][6]/D      -       -      F     DFFRPQ_X2M_A9TL        1     -     0    3073 
#--------------------------------------------------------------------------------------------------------------



Path 8: MET (2 ps) Setup Check with Pin u_backbone/s2_post_ln_reg_reg[3][6]/CK->D
          Group: reg2reg
     Startpoint: (R) u_backbone/s1_mode_pre_ln_reg/CK
          Clock: (R) clk
       Endpoint: (F) u_backbone/s2_post_ln_reg_reg[3][6]/D
          Clock: (R) clk

                     Capture       Launch     
        Clock Edge:+    3300            0     
       Src Latency:+       0            0     
       Net Latency:+       0 (I)        0 (I) 
           Arrival:=    3300            0     
                                              
             Setup:-     108                  
       Uncertainty:-     125                  
     Required Time:=    3067                  
      Launch Clock:-       0                  
         Data Path:-    3065                  
             Slack:=       2                  

#----------------------------------------------------------------------------------------------------------------
#                Timing Point                 Flags    Arc   Edge        Cell         Fanout Trans Delay Arrival 
#                                                                                             (ps)  (ps)   (ps)  
#----------------------------------------------------------------------------------------------------------------
  u_backbone/s1_mode_pre_ln_reg/CK            -       -      R     (arrival)             363     0     0       0 
  u_backbone/s1_mode_pre_ln_reg/Q             -       CK->Q  F     DFFRPQ_X4M_A9TL         1    73   292     292 
  u_backbone/u_pre_ln/g5761/Y                 -       A->Y   R     INV_X16M_A9TL          19   109    94     385 
  u_backbone/u_pre_ln/g5720/Y                 -       A->Y   F     NOR2XB_X6M_A9TL         2    59    64     449 
  u_backbone/u_pre_ln/g5626/Y                 -       C->Y   F     AND3_X4M_A9TL           3    76   159     608 
  u_backbone/u_pre_ln/g5590/Y                 -       B->Y   R     NAND2_X8M_A9TL          4    89    87     695 
  u_backbone/u_pre_ln/g5792/Y                 -       B->Y   R     XNOR2_X4M_A9TL          7   314   193     888 
  u_backbone/gen_tr_lanes[3].u_tr_ln/g3879/Y  -       B->Y   F     NOR2_X1P4A_A9TL         2   136   158    1046 
  u_backbone/gen_tr_lanes[3].u_tr_ln/g3828/Y  -       B0->Y  R     AOI32_X1M_A9TL          1   195   166    1212 
  u_backbone/gen_tr_lanes[3].u_tr_ln/g3803/Y  -       C0->Y  F     OAI211_X1M_A9TL         1   192   171    1382 
  u_backbone/gen_tr_lanes[3].u_tr_ln/g3781/Y  -       A1->Y  R     AOI22_X3M_A9TL          1   143   181    1563 
  u_backbone/gen_tr_lanes[3].u_tr_ln/g3775/Y  -       A->Y   F     NAND3_X6A_A9TL          2    72    63    1626 
  u_backbone/gen_tr_lanes[3].u_tr_ln/g3748/CO -       A->CO  F     CGEN_X2M_A9TL           2    95   213    1839 
  u_backbone/gen_tr_lanes[3].u_tr_ln/g3741/Y  -       B->Y   F     AND2_X6M_A9TL           4    56   140    1979 
  u_backbone/gen_tr_lanes[3].u_tr_ln/g3724/Y  -       A->Y   R     INV_X2M_A9TL            1    59    58    2036 
  u_backbone/gen_tr_lanes[3].u_tr_ln/g3718/Y  -       B->Y   F     MXIT2_X3M_A9TL          1    77    63    2100 
  u_backbone/g3584/Y                          -       A->Y   R     NAND2_X3A_A9TL          1    55    57    2157 
  u_backbone/g3404/Y                          -       A->Y   F     NAND3XXB_X3M_A9TL       2   113    78    2235 
  u_backbone/u_post_ln/g6514/Y                -       A->Y   R     NOR2_X4A_A9TL           3   130   114    2349 
  u_backbone/u_post_ln/g6429/Y                -       BN->Y  R     NOR2XB_X6M_A9TL         3   100   161    2510 
  u_backbone/u_post_ln/g6361/Y                -       B->Y   F     NAND2_X4M_A9TL          2    63    71    2581 
  u_backbone/u_post_ln/g6241/Y                -       A->Y   R     NOR2XB_X6M_A9TL         2    83    75    2656 
  u_backbone/u_post_ln/g6226/Y                -       A->Y   F     INV_X2M_A9TL            3    57    63    2719 
  u_backbone/u_post_ln/g6170/Y                -       A0->Y  R     OAI2XB1_X1P4M_A9TL      1   132   109    2828 
  u_backbone/u_post_ln/g6140/Y                -       B0N->Y F     AO21B_X1M_A9TL          1   102    98    2926 
  u_backbone/u_post_ln/g6075/Y                -       A1->Y  F     AO21B_X2M_A9TL          1    82   139    3065 
  u_backbone/s2_post_ln_reg_reg[3][6]/D       -       -      F     DFFRPQ_X1M_A9TL         1     -     0    3065 
#----------------------------------------------------------------------------------------------------------------



Path 9: MET (2 ps) Setup Check with Pin u_backbone/s2_post_ln_reg_reg[5][6]/CK->D
          Group: reg2reg
     Startpoint: (R) u_backbone/s1_mode_pre_ln_reg/CK
          Clock: (R) clk
       Endpoint: (F) u_backbone/s2_post_ln_reg_reg[5][6]/D
          Clock: (R) clk

                     Capture       Launch     
        Clock Edge:+    3300            0     
       Src Latency:+       0            0     
       Net Latency:+       0 (I)        0 (I) 
           Arrival:=    3300            0     
                                              
             Setup:-     100                  
       Uncertainty:-     125                  
     Required Time:=    3075                  
      Launch Clock:-       0                  
         Data Path:-    3072                  
             Slack:=       2                  

#-------------------------------------------------------------------------------------------------------------
#               Timing Point                 Flags   Arc   Edge       Cell         Fanout Trans Delay Arrival 
#                                                                                          (ps)  (ps)   (ps)  
#-------------------------------------------------------------------------------------------------------------
  u_backbone/s1_mode_pre_ln_reg/CK           -       -     R     (arrival)            363     0     0       0 
  u_backbone/s1_mode_pre_ln_reg/Q            -       CK->Q F     DFFRPQ_X4M_A9TL        1    73   292     292 
  u_backbone/u_pre_ln/g5761/Y                -       A->Y  R     INV_X16M_A9TL         19   109    94     385 
  u_backbone/u_pre_ln/g5715/Y                -       A->Y  F     NOR2XB_X8M_A9TL        4    72    73     458 
  u_backbone/u_pre_ln/g5627/Y                -       B->Y  R     NAND2_X4M_A9TL         1    84    82     540 
  u_backbone/u_pre_ln/g5616/Y                -       A->Y  F     NOR2XB_X8M_A9TL        3    72    66     607 
  u_backbone/u_pre_ln/g5601/Y                -       B->Y  R     NAND2_X8M_A9TL         4    89    86     692 
  u_backbone/u_pre_ln/g5560/Y                -       B->Y  R     AND2_X3M_A9TL          7   137   163     856 
  u_backbone/gen_tr_lanes[5].u_tr_ln/g3906/Y -       A->Y  F     INV_X2M_A9TL           4   104   101     957 
  u_backbone/gen_tr_lanes[5].u_tr_ln/g3871/Y -       A1->Y R     AOI21_X2M_A9TL         3   178   166    1122 
  u_backbone/gen_tr_lanes[5].u_tr_ln/g3834/Y -       B->Y  F     NAND2_X1A_A9TL         1   100   112    1234 
  u_backbone/gen_tr_lanes[5].u_tr_ln/g3796/Y -       B0->Y R     OAI211_X1M_A9TL        1   243   146    1380 
  u_backbone/gen_tr_lanes[5].u_tr_ln/g3781/Y -       B->Y  F     NAND2_X2A_A9TL         1    92   113    1493 
  u_backbone/gen_tr_lanes[5].u_tr_ln/g3777/Y -       A->Y  R     NAND4_X3A_A9TL         2   202   138    1631 
  u_backbone/gen_tr_lanes[5].u_tr_ln/g3745/Y -       B0->Y F     OAI2XB1_X6M_A9TL       1    77    84    1715 
  u_backbone/gen_tr_lanes[5].u_tr_ln/g3740/Y -       B->Y  R     NAND2_X4M_A9TL         2    74    78    1792 
  u_backbone/gen_tr_lanes[5].u_tr_ln/g3734/Y -       A->Y  R     AND2_X4M_A9TL          4    98   134    1927 
  u_backbone/gen_tr_lanes[5].u_tr_ln/g3716/Y -       A->Y  F     INV_X2M_A9TL           1    44    50    1976 
  u_backbone/gen_tr_lanes[5].u_tr_ln/g3713/Y -       B->Y  R     MXIT2_X2M_A9TL         1   165   101    2077 
  u_backbone/g3606/Y                         -       A->Y  F     NAND2_X4M_A9TL         1    74    70    2148 
  u_backbone/g3429/Y                         -       A->Y  R     NAND3XXB_X6M_A9TL      4   114    85    2233 
  u_backbone/u_post_ln/g6614/Y               -       AN->Y R     NAND2B_X3M_A9TL        2   112   155    2388 
  u_backbone/u_post_ln/g6337/Y               -       A->Y  F     NAND2XB_X6M_A9TL       3    66    65    2453 
  u_backbone/u_post_ln/g6235/Y               -       A1->Y R     AOI21B_X6M_A9TL        2    92   105    2558 
  u_backbone/u_post_ln/g6197/Y               -       B->Y  F     NOR2_X3A_A9TL          2    72    74    2632 
  u_backbone/u_post_ln/g6164/Y               -       A->Y  R     NOR2XB_X4M_A9TL        2    92    82    2713 
  u_backbone/u_post_ln/g6130/Y               -       B->Y  F     NOR2_X3A_A9TL          2    64    72    2785 
  u_backbone/u_post_ln/g6111/Y               -       A->Y  R     NOR2XB_X3M_A9TL        2   116    94    2879 
  u_backbone/u_post_ln/g6104/Y               -       A->Y  F     INV_X2M_A9TL           1    52    58    2937 
  u_backbone/u_post_ln/g6077/Y               -       B->Y  R     NAND3XXB_X4M_A9TL      1   110    66    3003 
  u_backbone/u_post_ln/g6071/Y               -       A->Y  F     NAND3_X2A_A9TL         1    76    69    3072 
  u_backbone/s2_post_ln_reg_reg[5][6]/D      -       -     F     DFFRPQ_X2M_A9TL        1     -     0    3072 
#-------------------------------------------------------------------------------------------------------------



Path 10: MET (2 ps) Setup Check with Pin u_backbone/s2_post_ln_reg_reg[4][7]/CK->D
          Group: reg2reg
     Startpoint: (R) u_backbone/s1_mode_pre_ln_reg/CK
          Clock: (R) clk
       Endpoint: (R) u_backbone/s2_post_ln_reg_reg[4][7]/D
          Clock: (R) clk

                     Capture       Launch     
        Clock Edge:+    3300            0     
       Src Latency:+       0            0     
       Net Latency:+       0 (I)        0 (I) 
           Arrival:=    3300            0     
                                              
             Setup:-      99                  
       Uncertainty:-     125                  
     Required Time:=    3076                  
      Launch Clock:-       0                  
         Data Path:-    3074                  
             Slack:=       2                  

#---------------------------------------------------------------------------------------------------------------
#               Timing Point                 Flags   Arc   Edge        Cell          Fanout Trans Delay Arrival 
#                                                                                            (ps)  (ps)   (ps)  
#---------------------------------------------------------------------------------------------------------------
  u_backbone/s1_mode_pre_ln_reg/CK           -       -     R     (arrival)              363     0     0       0 
  u_backbone/s1_mode_pre_ln_reg/Q            -       CK->Q F     DFFRPQ_X4M_A9TL          1    73   292     292 
  u_backbone/u_pre_ln/g5761/Y                -       A->Y  R     INV_X16M_A9TL           19   109    94     385 
  u_backbone/u_pre_ln/g5718/Y                -       A->Y  F     NOR2XB_X6M_A9TL          2    60    64     450 
  u_backbone/u_pre_ln/g5643/Y                -       A->Y  R     INV_X3M_A9TL             3    64    63     512 
  u_backbone/u_pre_ln/g5782/Y                -       BN->Y R     NAND2XB_X3M_A9TL         2    86   128     640 
  u_backbone/u_pre_ln/g5624/Y                -       B->Y  R     AND2_X2M_A9TL            7   167   187     827 
  u_backbone/gen_tr_lanes[4].u_tr_ln/g3871/Y -       B->Y  F     NOR2_X2M_A9TL            2   113   119     946 
  u_backbone/gen_tr_lanes[4].u_tr_ln/g3926/Y -       B0->Y R     OAI2XB1_X1M_A9TL         1   179   115    1061 
  u_backbone/gen_tr_lanes[4].u_tr_ln/g3816/Y -       B->Y  F     NAND2_X1A_A9TL           1   104   114    1175 
  u_backbone/gen_tr_lanes[4].u_tr_ln/g3805/Y -       CN->Y F     NAND3XXB_X3M_A9TL        1    82   164    1340 
  u_backbone/gen_tr_lanes[4].u_tr_ln/g3787/Y -       C->Y  F     AND3_X4M_A9TL            2    53   148    1487 
  u_backbone/gen_tr_lanes[4].u_tr_ln/g3784/Y -       A->Y  R     INV_X4M_A9TL             3    68    64    1551 
  u_backbone/gen_tr_lanes[4].u_tr_ln/g3920/Y -       A->Y  R     OR2_X1M_A9TL             1    85   126    1677 
  u_backbone/gen_tr_lanes[4].u_tr_ln/g3751/Y -       BN->Y R     NAND2XB_X4M_A9TL         1    70   124    1800 
  u_backbone/gen_tr_lanes[4].u_tr_ln/g3742/Y -       A->Y  F     NAND2_X4M_A9TL           2    52    53    1854 
  u_backbone/gen_tr_lanes[4].u_tr_ln/g3736/Y -       A->Y  F     AND2_X4M_A9TL            4    78   127    1981 
  u_backbone/gen_tr_lanes[4].u_tr_ln/g3719/Y -       A->Y  R     INV_X2M_A9TL             1    62    65    2046 
  u_backbone/gen_tr_lanes[4].u_tr_ln/g3715/Y -       B->Y  F     MXIT2_X3M_A9TL           1    84    66    2112 
  u_backbone/g3617/Y                         -       A->Y  R     NAND2_X4M_A9TL           1    72    71    2182 
  u_backbone/g3441/Y                         -       B->Y  F     NAND3_X6A_A9TL           3   128    71    2253 
  u_backbone/u_post_ln/g6511/Y               -       A->Y  R     NOR2_X3A_A9TL            2   118   110    2363 
  u_backbone/u_post_ln/g6427/Y               -       BN->Y R     NOR2XB_X6M_A9TL          2    91   147    2510 
  u_backbone/u_post_ln/g6365/Y               -       B->Y  F     NAND2_X4M_A9TL           2    68    73    2583 
  u_backbone/u_post_ln/g6612/Y               -       A->Y  R     NOR2_X6A_A9TL            4   120    93    2676 
  u_backbone/u_post_ln/g6281/Y               -       B->Y  F     NAND2_X4M_A9TL           3    86    84    2759 
  u_backbone/u_post_ln/g6135/Y               -       A0->Y R     AOI2XB1_X3M_A9TL         2   128   116    2875 
  u_backbone/u_post_ln/g6091/Y               -       B->Y  F     NAND3XXB_X1P4M_A9TL      1   138   105    2981 
  u_backbone/u_post_ln/g6572/Y               -       B0->Y R     OAI2XB1_X2M_A9TL         1   106    93    3074 
  u_backbone/s2_post_ln_reg_reg[4][7]/D      -       -     R     DFFRPQ_X2M_A9TL          1     -     0    3074 
#---------------------------------------------------------------------------------------------------------------



Path 11: MET (3 ps) Setup Check with Pin u_backbone/s2_post_ln_reg_reg[5][6]/CK->D
          Group: reg2reg
     Startpoint: (R) u_backbone/s1_mode_pre_ln_reg/CK
          Clock: (R) clk
       Endpoint: (F) u_backbone/s2_post_ln_reg_reg[5][6]/D
          Clock: (R) clk

                     Capture       Launch     
        Clock Edge:+    3300            0     
       Src Latency:+       0            0     
       Net Latency:+       0 (I)        0 (I) 
           Arrival:=    3300            0     
                                              
             Setup:-     100                  
       Uncertainty:-     125                  
     Required Time:=    3075                  
      Launch Clock:-       0                  
         Data Path:-    3072                  
             Slack:=       3                  

#--------------------------------------------------------------------------------------------------------------
#               Timing Point                 Flags   Arc   Edge        Cell         Fanout Trans Delay Arrival 
#                                                                                           (ps)  (ps)   (ps)  
#--------------------------------------------------------------------------------------------------------------
  u_backbone/s1_mode_pre_ln_reg/CK           -       -     R     (arrival)             363     0     0       0 
  u_backbone/s1_mode_pre_ln_reg/Q            -       CK->Q R     DFFRPQ_X4M_A9TL         1    98   310     310 
  u_backbone/u_pre_ln/g5761/Y                -       A->Y  F     INV_X16M_A9TL          19    76    76     385 
  u_backbone/u_pre_ln/g5715/Y                -       A->Y  R     NOR2XB_X8M_A9TL         4   105    91     477 
  u_backbone/u_pre_ln/g5627/Y                -       B->Y  F     NAND2_X4M_A9TL          1    60    69     546 
  u_backbone/u_pre_ln/g5616/Y                -       A->Y  R     NOR2XB_X8M_A9TL         3   107    88     634 
  u_backbone/u_pre_ln/g5601/Y                -       B->Y  F     NAND2_X8M_A9TL          4    65    73     706 
  u_backbone/u_pre_ln/g5560/Y                -       B->Y  F     AND2_X3M_A9TL           7    96   151     857 
  u_backbone/gen_tr_lanes[5].u_tr_ln/g3895/Y -       A->Y  R     NOR2_X2B_A9TL           2   116   101     958 
  u_backbone/gen_tr_lanes[5].u_tr_ln/g3844/Y -       B0->Y F     OAI2XB1_X0P5M_A9TL      1   169   140    1098 
  u_backbone/gen_tr_lanes[5].u_tr_ln/g3816/Y -       A1->Y R     OAI22_X1M_A9TL          1   238   211    1309 
  u_backbone/gen_tr_lanes[5].u_tr_ln/g3792/Y -       B->Y  F     NAND2_X2A_A9TL          1    88   108    1417 
  u_backbone/gen_tr_lanes[5].u_tr_ln/g3774/Y -       BN->Y F     NOR2XB_X6M_A9TL         2    68   141    1557 
  u_backbone/gen_tr_lanes[5].u_tr_ln/g3754/Y -       B->Y  R     NAND3XXB_X6M_A9TL       2   130    99    1657 
  u_backbone/gen_tr_lanes[5].u_tr_ln/g3752/Y -       A->Y  F     INV_X4M_A9TL            1    50    53    1710 
  u_backbone/gen_tr_lanes[5].u_tr_ln/g3739/Y -       A0->Y R     AOI2XB1_X6M_A9TL        4   127   105    1815 
  u_backbone/gen_tr_lanes[5].u_tr_ln/g3736/Y -       A->Y  F     INV_X2M_A9TL            1    54    60    1875 
  u_backbone/gen_tr_lanes[5].u_tr_ln/g3717/Y -       A->Y  R     MXIT2_X3M_A9TL          1   124    84    1959 
  u_backbone/gen_tr_lanes[5].u_tr_ln/g3713/Y -       S0->Y R     MXIT2_X2M_A9TL          1   165   118    2077 
  u_backbone/g3606/Y                         -       A->Y  F     NAND2_X4M_A9TL          1    74    70    2148 
  u_backbone/g3429/Y                         -       A->Y  R     NAND3XXB_X6M_A9TL       4   114    85    2232 
  u_backbone/u_post_ln/g6614/Y               -       AN->Y R     NAND2B_X3M_A9TL         2   112   155    2388 
  u_backbone/u_post_ln/g6337/Y               -       A->Y  F     NAND2XB_X6M_A9TL        3    66    65    2453 
  u_backbone/u_post_ln/g6235/Y               -       A1->Y R     AOI21B_X6M_A9TL         2    92   105    2557 
  u_backbone/u_post_ln/g6197/Y               -       B->Y  F     NOR2_X3A_A9TL           2    72    74    2632 
  u_backbone/u_post_ln/g6164/Y               -       A->Y  R     NOR2XB_X4M_A9TL         2    92    82    2713 
  u_backbone/u_post_ln/g6130/Y               -       B->Y  F     NOR2_X3A_A9TL           2    64    72    2785 
  u_backbone/u_post_ln/g6111/Y               -       A->Y  R     NOR2XB_X3M_A9TL         2   116    94    2879 
  u_backbone/u_post_ln/g6104/Y               -       A->Y  F     INV_X2M_A9TL            1    52    58    2937 
  u_backbone/u_post_ln/g6077/Y               -       B->Y  R     NAND3XXB_X4M_A9TL       1   110    66    3003 
  u_backbone/u_post_ln/g6071/Y               -       A->Y  F     NAND3_X2A_A9TL          1    76    69    3072 
  u_backbone/s2_post_ln_reg_reg[5][6]/D      -       -     F     DFFRPQ_X2M_A9TL         1     -     0    3072 
#--------------------------------------------------------------------------------------------------------------



Path 12: MET (3 ps) Setup Check with Pin u_backbone/s2_post_ln_reg_reg[1][6]/CK->D
          Group: reg2reg
     Startpoint: (R) u_backbone/s1_mode_pre_ln_reg/CK
          Clock: (R) clk
       Endpoint: (F) u_backbone/s2_post_ln_reg_reg[1][6]/D
          Clock: (R) clk

                     Capture       Launch     
        Clock Edge:+    3300            0     
       Src Latency:+       0            0     
       Net Latency:+       0 (I)        0 (I) 
           Arrival:=    3300            0     
                                              
             Setup:-     126                  
       Uncertainty:-     125                  
     Required Time:=    3049                  
      Launch Clock:-       0                  
         Data Path:-    3047                  
             Slack:=       3                  

#--------------------------------------------------------------------------------------------------------------
#               Timing Point                 Flags    Arc   Edge       Cell         Fanout Trans Delay Arrival 
#                                                                                           (ps)  (ps)   (ps)  
#--------------------------------------------------------------------------------------------------------------
  u_backbone/s1_mode_pre_ln_reg/CK           -       -      R     (arrival)            363     0     0       0 
  u_backbone/s1_mode_pre_ln_reg/Q            -       CK->Q  R     DFFRPQ_X4M_A9TL        1    98   310     310 
  u_backbone/u_pre_ln/g5761/Y                -       A->Y   F     INV_X16M_A9TL         19    76    76     385 
  u_backbone/u_pre_ln/g5714/Y                -       A->Y   R     NOR2XB_X6M_A9TL        2   102    90     475 
  u_backbone/u_pre_ln/g5610/Y                -       C->Y   R     AND3_X8M_A9TL          4    77   140     615 
  u_backbone/u_pre_ln/g5596/Y                -       B->Y   F     NAND2_X4M_A9TL         1    74    63     678 
  u_backbone/u_pre_ln/g5578/Y                -       A->Y   R     NOR2XB_X8M_A9TL        3    91    83     761 
  u_backbone/u_pre_ln/g5501/Y                -       B->Y   F     NAND3XXB_X4M_A9TL      2   104    85     846 
  u_backbone/u_pre_ln/g5423/Y                -       S0->Y  R     MXT2_X3M_A9TL          5   151   211    1057 
  u_backbone/gen_tr_lanes[1].u_tr_ln/g3943/Y -       A->Y   F     NOR2_X4A_A9TL          4   100    96    1153 
  u_backbone/gen_tr_lanes[1].u_tr_ln/g3859/Y -       A->Y   R     NAND2XB_X3M_A9TL       2    84    83    1235 
  u_backbone/gen_tr_lanes[1].u_tr_ln/g3937/Y -       AN->Y  R     NAND2B_X2M_A9TL        1   110   145    1381 
  u_backbone/gen_tr_lanes[1].u_tr_ln/g3795/Y -       C->Y   F     NAND3_X6A_A9TL         1    70    79    1460 
  u_backbone/gen_tr_lanes[1].u_tr_ln/g3786/Y -       B->Y   R     NOR2_X6A_A9TL          2    93    93    1553 
  u_backbone/gen_tr_lanes[1].u_tr_ln/g3776/Y -       B->Y   F     NAND2_X3A_A9TL         1    73    67    1620 
  u_backbone/gen_tr_lanes[1].u_tr_ln/g3758/Y -       A0->Y  R     OAI2XB1_X3M_A9TL       1   100    95    1715 
  u_backbone/gen_tr_lanes[1].u_tr_ln/g3935/Y -       B0->Y  F     OAI2XB1_X3M_A9TL       2    97    90    1805 
  u_backbone/gen_tr_lanes[1].u_tr_ln/g3744/Y -       A->Y   R     INV_X2M_A9TL           1    52    57    1863 
  u_backbone/gen_tr_lanes[1].u_tr_ln/g3737/Y -       A->Y   F     NAND2_X1P4M_A9TL       1    60    56    1919 
  u_backbone/gen_tr_lanes[1].u_tr_ln/g3731/Y -       BN->Y  F     NOR2XB_X4M_A9TL        1    54   126    2045 
  u_backbone/g3578/Y                         -       A->Y   R     NAND2_X2B_A9TL         1    84    61    2106 
  u_backbone/g3394/Y                         -       B->Y   F     NAND3_X4M_A9TL         3   145    92    2198 
  u_backbone/u_post_ln/g6513/Y               -       B->Y   R     NOR2_X3A_A9TL          2   112   122    2320 
  u_backbone/u_post_ln/g6421/Y               -       BN->Y  R     NOR2XB_X6M_A9TL        2    90   145    2465 
  u_backbone/u_post_ln/g6369/Y               -       A->Y   F     NAND2XB_X6M_A9TL       4    64    64    2528 
  u_backbone/u_post_ln/g6611/Y               -       A->Y   R     NOR2_X6A_A9TL          3   106    83    2612 
  u_backbone/u_post_ln/g6613/Y               -       A1N->Y R     OAI2XB1_X3M_A9TL       2   130   187    2798 
  u_backbone/u_post_ln/g6582/Y               -       A->Y   R     OR2_X1M_A9TL           1    78   138    2936 
  u_backbone/u_post_ln/g6118/Y               -       B0->Y  F     OAI211_X1M_A9TL        1   131   110    3046 
  u_backbone/s2_post_ln_reg_reg[1][6]/D      -       -      F     DFFRPQ_X1M_A9TL        1     -     0    3047 
#--------------------------------------------------------------------------------------------------------------



Path 13: MET (3 ps) Setup Check with Pin u_backbone/s2_post_ln_reg_reg[7][7]/CK->D
          Group: reg2reg
     Startpoint: (R) u_backbone/s1_mode_pre_ln_reg/CK
          Clock: (R) clk
       Endpoint: (R) u_backbone/s2_post_ln_reg_reg[7][7]/D
          Clock: (R) clk

                     Capture       Launch     
        Clock Edge:+    3300            0     
       Src Latency:+       0            0     
       Net Latency:+       0 (I)        0 (I) 
           Arrival:=    3300            0     
                                              
             Setup:-     103                  
       Uncertainty:-     125                  
     Required Time:=    3072                  
      Launch Clock:-       0                  
         Data Path:-    3069                  
             Slack:=       3                  

#-------------------------------------------------------------------------------------------------------------
#               Timing Point                 Flags   Arc   Edge       Cell         Fanout Trans Delay Arrival 
#                                                                                          (ps)  (ps)   (ps)  
#-------------------------------------------------------------------------------------------------------------
  u_backbone/s1_mode_pre_ln_reg/CK           -       -     R     (arrival)            363     0     0       0 
  u_backbone/s1_mode_pre_ln_reg/Q            -       CK->Q R     DFFRPQ_X4M_A9TL        1    98   310     310 
  u_backbone/u_pre_ln/g5761/Y                -       A->Y  F     INV_X16M_A9TL         19    76    76     385 
  u_backbone/u_pre_ln/g5717/Y                -       A->Y  R     NOR2XB_X8M_A9TL        4   102    90     475 
  u_backbone/u_pre_ln/g5614/Y                -       A->Y  R     AND3_X4M_A9TL          3    91   146     621 
  u_backbone/u_pre_ln/g5789/Y                -       A->Y  F     NAND2_X6M_A9TL         4    75    70     691 
  u_backbone/u_pre_ln/g5490/Y                -       A->Y  R     NOR2XB_X6M_A9TL        2    94    85     776 
  u_backbone/u_pre_ln/g5394/Y                -       B->Y  F     NOR2_X3A_A9TL          1    59    69     845 
  u_backbone/u_pre_ln/g5383/Y                -       B->Y  R     NOR2_X4A_A9TL          4   171   130     975 
  u_backbone/gen_tr_lanes[7].u_tr_ln/g3891/Y -       A->Y  F     INV_X4M_A9TL           4    66    69    1045 
  u_backbone/gen_tr_lanes[7].u_tr_ln/g3867/Y -       BN->Y F     NAND2XB_X2M_A9TL       1    52   128    1172 
  u_backbone/gen_tr_lanes[7].u_tr_ln/g3858/Y -       BN->Y F     NOR2XB_X3M_A9TL        1    68   131    1304 
  u_backbone/gen_tr_lanes[7].u_tr_ln/g3831/Y -       B->Y  R     NOR2_X4M_A9TL          1    80    83    1387 
  u_backbone/gen_tr_lanes[7].u_tr_ln/g3819/Y -       B->Y  F     NAND2_X4M_A9TL         1    47    50    1437 
  u_backbone/gen_tr_lanes[7].u_tr_ln/g3781/Y -       C0->Y F     OA211_X2M_A9TL         1    65   122    1559 
  u_backbone/gen_tr_lanes[7].u_tr_ln/g3766/Y -       A->Y  R     NAND3_X6A_A9TL         3   132    89    1648 
  u_backbone/gen_tr_lanes[7].u_tr_ln/g3764/Y -       A->Y  F     INV_X4M_A9TL           2    61    67    1714 
  u_backbone/gen_tr_lanes[7].u_tr_ln/g3763/Y -       A->Y  R     INV_X5M_A9TL           3    66    65    1779 
  u_backbone/gen_tr_lanes[7].u_tr_ln/g3748/Y -       A->Y  F     NAND2_X3A_A9TL         1    65    59    1838 
  u_backbone/gen_tr_lanes[7].u_tr_ln/g3721/Y -       B->Y  R     NAND3XXB_X4M_A9TL      2   127    96    1935 
  u_backbone/gen_tr_lanes[7].u_tr_ln/g2/Y    -       A->Y  R     AND2_X2M_A9TL          2   109   161    2096 
  u_backbone/gen_tr_lanes[7].u_tr_ln/g3715/Y -       A->Y  F     INV_X2M_A9TL           1    50    56    2152 
  u_backbone/gen_tr_lanes[7].u_tr_ln/g3709/Y -       A0->Y R     AOI2XB1_X3M_A9TL       1   110    95    2248 
  u_backbone/gen_tr_lanes[7].u_tr_ln/g3703/Y -       A->Y  F     NAND2_X4M_A9TL         1    55    49    2297 
  u_backbone/g3591/Y                         -       A->Y  R     NAND2_X2A_A9TL         1    64    52    2349 
  u_backbone/g3391/Y                         -       A->Y  F     NAND3XXB_X2M_A9TL      2   124    89    2438 
  u_backbone/u_post_ln/g6555/Y               -       A->Y  R     INV_X2M_A9TL           3   100   100    2538 
  u_backbone/u_post_ln/g6320/Y               -       BN->Y R     NOR2XB_X6M_A9TL        3    94   145    2683 
  u_backbone/u_post_ln/g6282/Y               -       A->Y  F     NAND2XB_X3M_A9TL       3    97    85    2768 
  u_backbone/u_post_ln/g6129/Y               -       A0->Y R     AOI2XB1_X3M_A9TL       2   133   123    2891 
  u_backbone/u_post_ln/g6089/Y               -       B->Y  F     NAND3XXB_X2M_A9TL      1   118    93    2983 
  u_backbone/u_post_ln/g6569/Y               -       B0->Y R     OAI2XB1_X2M_A9TL       1   105    86    3069 
  u_backbone/s2_post_ln_reg_reg[7][7]/D      -       -     R     DFFRPQ_X1M_A9TL        1     -     0    3069 
#-------------------------------------------------------------------------------------------------------------



Path 14: MET (3 ps) Setup Check with Pin u_backbone/s2_post_ln_reg_reg[0][5]/CK->D
          Group: reg2reg
     Startpoint: (R) u_backbone/s1_vec_in_reg[0][8]/CK
          Clock: (R) clk
       Endpoint: (F) u_backbone/s2_post_ln_reg_reg[0][5]/D
          Clock: (R) clk

                     Capture       Launch     
        Clock Edge:+    3300            0     
       Src Latency:+       0            0     
       Net Latency:+       0 (I)        0 (I) 
           Arrival:=    3300            0     
                                              
             Setup:-     101                  
       Uncertainty:-     125                  
     Required Time:=    3074                  
      Launch Clock:-       0                  
         Data Path:-    3072                  
             Slack:=       3                  

#-------------------------------------------------------------------------------------------------------------
#               Timing Point                 Flags    Arc   Edge       Cell        Fanout Trans Delay Arrival 
#                                                                                          (ps)  (ps)   (ps)  
#-------------------------------------------------------------------------------------------------------------
  u_backbone/s1_vec_in_reg[0][8]/CK          -       -      R     (arrival)           363     0     0       0 
  u_backbone/s1_vec_in_reg[0][8]/QN          -       CK->QN F     DFFRPQN_X1M_A9TL      1   118   267     267 
  u_backbone/g2542/Y                         -       A->Y   R     INV_X2M_A9TL          4   123   112     379 
  u_backbone/u_pre_ln/g5711/Y                -       B->Y   F     NAND2_X1P4M_A9TL      2   119   110     489 
  u_backbone/u_pre_ln/g5688/Y                -       A->Y   R     INV_X1M_A9TL          2   145   126     615 
  u_backbone/u_pre_ln/g5570/Y                -       B->Y   R     AND3_X3M_A9TL         3    89   161     776 
  u_backbone/u_pre_ln/g5512/Y                -       A->Y   F     NAND2XB_X2M_A9TL      1    60    59     836 
  u_backbone/u_pre_ln/g5411/Y                -       A->Y   R     NAND2XB_X2M_A9TL      1    98    76     912 
  u_backbone/u_pre_ln/g5405/Y                -       B->Y   R     AND2_X6M_A9TL        11   126   161    1074 
  u_backbone/gen_tr_lanes[0].u_tr_ln/g3895/Y -       A->Y   F     NOR2_X6A_A9TL         5   100    85    1158 
  u_backbone/gen_tr_lanes[0].u_tr_ln/g3926/Y -       BN->Y  F     NOR2XB_X1M_A9TL       1   106   170    1328 
  u_backbone/gen_tr_lanes[0].u_tr_ln/g3821/Y -       A1->Y  R     OAI211_X2M_A9TL       1   160   153    1481 
  u_backbone/gen_tr_lanes[0].u_tr_ln/g3785/Y -       C0->Y  R     OA211_X2M_A9TL        1    70   152    1633 
  u_backbone/gen_tr_lanes[0].u_tr_ln/g3774/Y -       A->Y   F     NAND2_X3A_A9TL        2    93    77    1710 
  u_backbone/gen_tr_lanes[0].u_tr_ln/g3751/Y -       B0->Y  R     OAI2XB1_X3M_A9TL      1   118    89    1799 
  u_backbone/gen_tr_lanes[0].u_tr_ln/g3745/Y -       B->Y   F     NAND2_X4M_A9TL        2    65    74    1873 
  u_backbone/gen_tr_lanes[0].u_tr_ln/g3739/Y -       B->Y   R     NOR2_X1P4A_A9TL       1   120   103    1976 
  u_backbone/gen_tr_lanes[0].u_tr_ln/g3731/Y -       B->Y   F     NOR2_X1P4A_A9TL       1    80    88    2064 
  u_backbone/g3621/Y                         -       A->Y   R     NAND2_X2A_A9TL        1    66    66    2130 
  u_backbone/g3426/Y                         -       B->Y   F     NAND3_X3M_A9TL        3   164   102    2232 
  u_backbone/u_post_ln/g6512/Y               -       A->Y   R     NOR2_X2A_A9TL         2   152   138    2371 
  u_backbone/u_post_ln/g6394/Y               -       B1->Y  R     AO1B2_X3M_A9TL        2    94   162    2532 
  u_backbone/u_post_ln/g6317/Y               -       B->Y   F     NAND2_X3A_A9TL        2    78    79    2611 
  u_backbone/u_post_ln/g6278/Y               -       B->Y   R     NAND2_X3A_A9TL        2    70    69    2681 
  u_backbone/u_post_ln/g6233/Y               -       B->Y   F     NAND2_X2B_A9TL        2    94    85    2766 
  u_backbone/u_post_ln/g6195/Y               -       A->Y   R     NAND2XB_X2M_A9TL      2   102    91    2857 
  u_backbone/u_post_ln/g6575/Y               -       A->Y   R     OR2_X1M_A9TL          1    87   138    2995 
  u_backbone/u_post_ln/g6086/Y               -       B->Y   F     NAND3_X2M_A9TL        1    78    76    3072 
  u_backbone/s2_post_ln_reg_reg[0][5]/D      -       -      F     DFFRPQ_X2M_A9TL       1     -     0    3072 
#-------------------------------------------------------------------------------------------------------------



Path 15: MET (3 ps) Setup Check with Pin u_backbone/s2_post_ln_reg_reg[4][3]/CK->D
          Group: reg2reg
     Startpoint: (R) u_backbone/s1_mode_pre_ln_reg/CK
          Clock: (R) clk
       Endpoint: (R) u_backbone/s2_post_ln_reg_reg[4][3]/D
          Clock: (R) clk

                     Capture       Launch     
        Clock Edge:+    3300            0     
       Src Latency:+       0            0     
       Net Latency:+       0 (I)        0 (I) 
           Arrival:=    3300            0     
                                              
             Setup:-      99                  
       Uncertainty:-     125                  
     Required Time:=    3076                  
      Launch Clock:-       0                  
         Data Path:-    3073                  
             Slack:=       3                  

#-------------------------------------------------------------------------------------------------------------
#               Timing Point                 Flags   Arc   Edge       Cell         Fanout Trans Delay Arrival 
#                                                                                          (ps)  (ps)   (ps)  
#-------------------------------------------------------------------------------------------------------------
  u_backbone/s1_mode_pre_ln_reg/CK           -       -     R     (arrival)            363     0     0       0 
  u_backbone/s1_mode_pre_ln_reg/Q            -       CK->Q R     DFFRPQ_X4M_A9TL        1    98   310     310 
  u_backbone/u_pre_ln/g5761/Y                -       A->Y  F     INV_X16M_A9TL         19    76    76     385 
  u_backbone/u_pre_ln/g5718/Y                -       A->Y  R     NOR2XB_X6M_A9TL        2    85    79     464 
  u_backbone/u_pre_ln/g5615/Y                -       A->Y  R     AND3_X4M_A9TL          3   110   152     617 
  u_backbone/u_pre_ln/g5599/Y                -       B->Y  F     NAND2_X8M_A9TL         4    71    67     684 
  u_backbone/u_pre_ln/g5493/Y                -       A->Y  R     NOR2XB_X4M_A9TL        2   123   100     784 
  u_backbone/u_pre_ln/g5447/Y                -       B->Y  F     NOR2B_X6M_A9TL         7   101   100     884 
  u_backbone/gen_tr_lanes[4].u_tr_ln/g3900/Y -       A->Y  R     INV_X3M_A9TL           4    91    90     974 
  u_backbone/gen_tr_lanes[4].u_tr_ln/g3874/Y -       B->Y  F     NAND2_X1M_A9TL         2   133   103    1077 
  u_backbone/gen_tr_lanes[4].u_tr_ln/g3831/Y -       CN->Y F     NAND3XXB_X2M_A9TL      1   114   195    1272 
  u_backbone/gen_tr_lanes[4].u_tr_ln/g3799/Y -       A0->Y R     AOI2XB1_X3M_A9TL       1   103   114    1387 
  u_backbone/gen_tr_lanes[4].u_tr_ln/g3793/Y -       B->Y  F     NAND2_X3A_A9TL         1    84    76    1463 
  u_backbone/gen_tr_lanes[4].u_tr_ln/g3785/Y -       A->Y  R     NAND3_X6A_A9TL         1    99    79    1542 
  u_backbone/gen_tr_lanes[4].u_tr_ln/g3776/Y -       A->Y  F     NOR2XB_X6M_A9TL        2    60    62    1603 
  u_backbone/gen_tr_lanes[4].u_tr_ln/g3756/Y -       A->Y  R     NAND3XXB_X4M_A9TL      1   125    85    1688 
  u_backbone/gen_tr_lanes[4].u_tr_ln/g3752/Y -       A->Y  F     NOR2XB_X8M_A9TL        2    60    69    1757 
  u_backbone/gen_tr_lanes[4].u_tr_ln/g3750/Y -       A->Y  R     INV_X4M_A9TL           1    42    46    1802 
  u_backbone/gen_tr_lanes[4].u_tr_ln/g3742/Y -       B->Y  F     NAND2_X4M_A9TL         2    52    49    1851 
  u_backbone/gen_tr_lanes[4].u_tr_ln/g3917/Y -       A->Y  F     OR2_X2M_A9TL           1    45   106    1957 
  u_backbone/gen_tr_lanes[4].u_tr_ln/g3727/Y -       BN->Y F     NOR2XB_X4M_A9TL        1    60   124    2082 
  u_backbone/g3618/Y                         -       A->Y  R     NAND2_X3A_A9TL         1    51    52    2134 
  u_backbone/g3442/Y                         -       B->Y  F     NAND3_X3M_A9TL         2   155    82    2216 
  u_backbone/u_post_ln/fopt1/Y               -       A->Y  F     BUFH_X1P4M_A9TL        2    66   138    2355 
  u_backbone/u_post_ln/g6502/Y               -       A->Y  R     NOR2_X2A_A9TL          2   149   108    2463 
  u_backbone/u_post_ln/g6391/Y               -       B1->Y R     AO1B2_X2M_A9TL         2    97   166    2629 
  u_backbone/u_post_ln/g6595/Y               -       BN->Y R     NAND2XB_X1M_A9TL       1   106   146    2775 
  u_backbone/u_post_ln/g6289/Y               -       B->Y  R     AND2_X1M_A9TL          1    79   143    2917 
  u_backbone/u_post_ln/g6208/Y               -       A1->Y R     AO21B_X1M_A9TL         1    88   155    3073 
  u_backbone/s2_post_ln_reg_reg[4][3]/D      -       -     R     DFFRPQ_X1M_A9TL        1     -     0    3073 
#-------------------------------------------------------------------------------------------------------------



Path 16: MET (3 ps) Setup Check with Pin u_backbone/s2_post_ln_reg_reg[4][7]/CK->D
          Group: reg2reg
     Startpoint: (R) u_backbone/s1_mode_pre_ln_reg/CK
          Clock: (R) clk
       Endpoint: (R) u_backbone/s2_post_ln_reg_reg[4][7]/D
          Clock: (R) clk

                     Capture       Launch     
        Clock Edge:+    3300            0     
       Src Latency:+       0            0     
       Net Latency:+       0 (I)        0 (I) 
           Arrival:=    3300            0     
                                              
             Setup:-      99                  
       Uncertainty:-     125                  
     Required Time:=    3076                  
      Launch Clock:-       0                  
         Data Path:-    3073                  
             Slack:=       3                  

#---------------------------------------------------------------------------------------------------------------
#               Timing Point                 Flags   Arc   Edge        Cell          Fanout Trans Delay Arrival 
#                                                                                            (ps)  (ps)   (ps)  
#---------------------------------------------------------------------------------------------------------------
  u_backbone/s1_mode_pre_ln_reg/CK           -       -     R     (arrival)              363     0     0       0 
  u_backbone/s1_mode_pre_ln_reg/Q            -       CK->Q R     DFFRPQ_X4M_A9TL          1    98   310     310 
  u_backbone/u_pre_ln/g5761/Y                -       A->Y  F     INV_X16M_A9TL           19    76    76     385 
  u_backbone/u_pre_ln/g5718/Y                -       A->Y  R     NOR2XB_X6M_A9TL          2    85    79     464 
  u_backbone/u_pre_ln/g5643/Y                -       A->Y  F     INV_X3M_A9TL             3    49    56     520 
  u_backbone/u_pre_ln/g5654/Y                -       A->Y  F     AND2_X4M_A9TL            6    86   131     651 
  u_backbone/gen_tr_lanes[4].u_tr_ln/g3902/Y -       A->Y  R     INV_X4M_A9TL             5    72    74     726 
  u_backbone/gen_tr_lanes[4].u_tr_ln/g3878/Y -       B->Y  R     AND2_X1M_A9TL            3   161   182     907 
  u_backbone/gen_tr_lanes[4].u_tr_ln/g3849/Y -       A->Y  F     NAND2XB_X1M_A9TL         1    98    96    1002 
  u_backbone/gen_tr_lanes[4].u_tr_ln/g3928/Y -       A->Y  R     NAND4XXXB_X1M_A9TL       1   197   138    1141 
  u_backbone/gen_tr_lanes[4].u_tr_ln/g3807/Y -       B->Y  F     NAND2_X1M_A9TL           1   125   128    1269 
  u_backbone/gen_tr_lanes[4].u_tr_ln/g3792/Y -       B->Y  R     NOR2_X3M_A9TL            2   126   123    1392 
  u_backbone/gen_tr_lanes[4].u_tr_ln/g3782/Y -       BN->Y R     NAND2XB_X8M_A9TL         4   105   153    1545 
  u_backbone/gen_tr_lanes[4].u_tr_ln/g3775/Y -       B->Y  F     NAND2_X6A_A9TL           3    71    80    1625 
  u_backbone/gen_tr_lanes[4].u_tr_ln/g3765/Y -       S0->Y R     MXIT2_X3M_A9TL           2   174   102    1727 
  u_backbone/gen_tr_lanes[4].u_tr_ln/g3740/Y -       S0->Y F     MXT2_X4M_A9TL            3    74   183    1910 
  u_backbone/gen_tr_lanes[4].u_tr_ln/g3720/Y -       S0->Y F     MXIT2_X2M_A9TL           1   104   104    2014 
  u_backbone/gen_tr_lanes[4].u_tr_ln/g3715/Y -       S0->Y F     MXIT2_X3M_A9TL           1    84    97    2111 
  u_backbone/g3617/Y                         -       A->Y  R     NAND2_X4M_A9TL           1    72    71    2182 
  u_backbone/g3441/Y                         -       B->Y  F     NAND3_X6A_A9TL           3   128    71    2253 
  u_backbone/u_post_ln/g6511/Y               -       A->Y  R     NOR2_X3A_A9TL            2   118   110    2362 
  u_backbone/u_post_ln/g6427/Y               -       BN->Y R     NOR2XB_X6M_A9TL          2    91   147    2509 
  u_backbone/u_post_ln/g6365/Y               -       B->Y  F     NAND2_X4M_A9TL           2    68    73    2582 
  u_backbone/u_post_ln/g6612/Y               -       A->Y  R     NOR2_X6A_A9TL            4   120    93    2675 
  u_backbone/u_post_ln/g6281/Y               -       B->Y  F     NAND2_X4M_A9TL           3    86    84    2758 
  u_backbone/u_post_ln/g6135/Y               -       A0->Y R     AOI2XB1_X3M_A9TL         2   128   116    2875 
  u_backbone/u_post_ln/g6091/Y               -       B->Y  F     NAND3XXB_X1P4M_A9TL      1   138   105    2980 
  u_backbone/u_post_ln/g6572/Y               -       B0->Y R     OAI2XB1_X2M_A9TL         1   106    93    3073 
  u_backbone/s2_post_ln_reg_reg[4][7]/D      -       -     R     DFFRPQ_X2M_A9TL          1     -     0    3073 
#---------------------------------------------------------------------------------------------------------------



Path 17: MET (3 ps) Setup Check with Pin u_backbone/s2_post_ln_reg_reg[4][7]/CK->D
          Group: reg2reg
     Startpoint: (R) u_backbone/s1_mode_pre_ln_reg/CK
          Clock: (R) clk
       Endpoint: (R) u_backbone/s2_post_ln_reg_reg[4][7]/D
          Clock: (R) clk

                     Capture       Launch     
        Clock Edge:+    3300            0     
       Src Latency:+       0            0     
       Net Latency:+       0 (I)        0 (I) 
           Arrival:=    3300            0     
                                              
             Setup:-      99                  
       Uncertainty:-     125                  
     Required Time:=    3076                  
      Launch Clock:-       0                  
         Data Path:-    3073                  
             Slack:=       3                  

#----------------------------------------------------------------------------------------------------------------
#               Timing Point                 Flags    Arc   Edge        Cell          Fanout Trans Delay Arrival 
#                                                                                             (ps)  (ps)   (ps)  
#----------------------------------------------------------------------------------------------------------------
  u_backbone/s1_mode_pre_ln_reg/CK           -       -      R     (arrival)              363     0     0       0 
  u_backbone/s1_mode_pre_ln_reg/Q            -       CK->Q  R     DFFRPQ_X4M_A9TL          1    98   310     310 
  u_backbone/u_pre_ln/g5761/Y                -       A->Y   F     INV_X16M_A9TL           19    76    76     385 
  u_backbone/u_pre_ln/g5718/Y                -       A->Y   R     NOR2XB_X6M_A9TL          2    85    79     464 
  u_backbone/u_pre_ln/g5643/Y                -       A->Y   F     INV_X3M_A9TL             3    49    56     520 
  u_backbone/u_pre_ln/g5654/Y                -       A->Y   F     AND2_X4M_A9TL            6    86   131     651 
  u_backbone/gen_tr_lanes[4].u_tr_ln/g3889/Y -       A->Y   R     NOR2_X1B_A9TL            2   231   167     818 
  u_backbone/gen_tr_lanes[4].u_tr_ln/g3926/Y -       A1N->Y R     OAI2XB1_X1M_A9TL         1   179   242    1060 
  u_backbone/gen_tr_lanes[4].u_tr_ln/g3816/Y -       B->Y   F     NAND2_X1A_A9TL           1   104   114    1174 
  u_backbone/gen_tr_lanes[4].u_tr_ln/g3805/Y -       CN->Y  F     NAND3XXB_X3M_A9TL        1    82   164    1339 
  u_backbone/gen_tr_lanes[4].u_tr_ln/g3787/Y -       C->Y   F     AND3_X4M_A9TL            2    53   148    1486 
  u_backbone/gen_tr_lanes[4].u_tr_ln/g3784/Y -       A->Y   R     INV_X4M_A9TL             3    68    64    1550 
  u_backbone/gen_tr_lanes[4].u_tr_ln/g3920/Y -       A->Y   R     OR2_X1M_A9TL             1    85   126    1676 
  u_backbone/gen_tr_lanes[4].u_tr_ln/g3751/Y -       BN->Y  R     NAND2XB_X4M_A9TL         1    70   124    1800 
  u_backbone/gen_tr_lanes[4].u_tr_ln/g3742/Y -       A->Y   F     NAND2_X4M_A9TL           2    52    53    1853 
  u_backbone/gen_tr_lanes[4].u_tr_ln/g3736/Y -       A->Y   F     AND2_X4M_A9TL            4    78   127    1980 
  u_backbone/gen_tr_lanes[4].u_tr_ln/g3719/Y -       A->Y   R     INV_X2M_A9TL             1    62    65    2045 
  u_backbone/gen_tr_lanes[4].u_tr_ln/g3715/Y -       B->Y   F     MXIT2_X3M_A9TL           1    84    66    2111 
  u_backbone/g3617/Y                         -       A->Y   R     NAND2_X4M_A9TL           1    72    71    2181 
  u_backbone/g3441/Y                         -       B->Y   F     NAND3_X6A_A9TL           3   128    71    2252 
  u_backbone/u_post_ln/g6511/Y               -       A->Y   R     NOR2_X3A_A9TL            2   118   110    2362 
  u_backbone/u_post_ln/g6427/Y               -       BN->Y  R     NOR2XB_X6M_A9TL          2    91   147    2509 
  u_backbone/u_post_ln/g6365/Y               -       B->Y   F     NAND2_X4M_A9TL           2    68    73    2582 
  u_backbone/u_post_ln/g6612/Y               -       A->Y   R     NOR2_X6A_A9TL            4   120    93    2675 
  u_backbone/u_post_ln/g6281/Y               -       B->Y   F     NAND2_X4M_A9TL           3    86    84    2758 
  u_backbone/u_post_ln/g6135/Y               -       A0->Y  R     AOI2XB1_X3M_A9TL         2   128   116    2874 
  u_backbone/u_post_ln/g6091/Y               -       B->Y   F     NAND3XXB_X1P4M_A9TL      1   138   105    2980 
  u_backbone/u_post_ln/g6572/Y               -       B0->Y  R     OAI2XB1_X2M_A9TL         1   106    93    3073 
  u_backbone/s2_post_ln_reg_reg[4][7]/D      -       -      R     DFFRPQ_X2M_A9TL          1     -     0    3073 
#----------------------------------------------------------------------------------------------------------------



Path 18: MET (4 ps) Setup Check with Pin u_backbone/s2_post_ln_reg_reg[6][7]/CK->D
          Group: reg2reg
     Startpoint: (R) u_backbone/s1_mode_pre_ln_reg/CK
          Clock: (R) clk
       Endpoint: (R) u_backbone/s2_post_ln_reg_reg[6][7]/D
          Clock: (R) clk

                     Capture       Launch     
        Clock Edge:+    3300            0     
       Src Latency:+       0            0     
       Net Latency:+       0 (I)        0 (I) 
           Arrival:=    3300            0     
                                              
             Setup:-     103                  
       Uncertainty:-     125                  
     Required Time:=    3072                  
      Launch Clock:-       0                  
         Data Path:-    3069                  
             Slack:=       4                  

#---------------------------------------------------------------------------------------------------------------
#               Timing Point                 Flags   Arc   Edge        Cell          Fanout Trans Delay Arrival 
#                                                                                            (ps)  (ps)   (ps)  
#---------------------------------------------------------------------------------------------------------------
  u_backbone/s1_mode_pre_ln_reg/CK           -       -     R     (arrival)              363     0     0       0 
  u_backbone/s1_mode_pre_ln_reg/Q            -       CK->Q R     DFFRPQ_X4M_A9TL          1    98   310     310 
  u_backbone/u_pre_ln/g5761/Y                -       A->Y  F     INV_X16M_A9TL           19    76    76     385 
  u_backbone/u_pre_ln/g5716/Y                -       A->Y  R     NOR2XB_X6M_A9TL          2    90    83     468 
  u_backbone/u_pre_ln/g5629/Y                -       B->Y  F     NAND2_X4M_A9TL           1    61    66     534 
  u_backbone/u_pre_ln/g5613/Y                -       A->Y  R     NOR2XB_X8M_A9TL          3   116    93     627 
  u_backbone/u_pre_ln/g5597/Y                -       B->Y  F     NAND2_X8M_A9TL           4    72    70     697 
  u_backbone/u_pre_ln/g5445/Y                -       S0->Y R     MXT2_X3M_A9TL            8   167   209     907 
  u_backbone/gen_tr_lanes[6].u_tr_ln/g3881/Y -       A->Y  F     NOR2_X3A_A9TL            2    74    82     989 
  u_backbone/gen_tr_lanes[6].u_tr_ln/g3849/Y -       A->Y  R     NAND2_X1P4M_A9TL         3   208   143    1132 
  u_backbone/gen_tr_lanes[6].u_tr_ln/g3918/Y -       B0->Y F     AOI2XB1_X2M_A9TL         1   129   111    1243 
  u_backbone/gen_tr_lanes[6].u_tr_ln/g3815/Y -       B->Y  R     NOR2_X4A_A9TL            3   118   122    1365 
  u_backbone/gen_tr_lanes[6].u_tr_ln/g3792/Y -       B->Y  F     NAND3XXB_X1P4M_A9TL      1   117   107    1472 
  u_backbone/gen_tr_lanes[6].u_tr_ln/g3765/Y -       BN->Y F     NOR2XB_X6M_A9TL          2    75   156    1628 
  u_backbone/gen_tr_lanes[6].u_tr_ln/g3756/Y -       B->Y  R     NOR2_X6A_A9TL            3    84    89    1717 
  u_backbone/gen_tr_lanes[6].u_tr_ln/g3744/Y -       B->Y  F     NAND3XXB_X2M_A9TL        1   102    87    1804 
  u_backbone/gen_tr_lanes[6].u_tr_ln/g3735/Y -       B->Y  F     AND2_X4M_A9TL            3    58   141    1946 
  u_backbone/gen_tr_lanes[6].u_tr_ln/g3724/Y -       A->Y  R     NAND2_X4M_A9TL           2    93    75    2020 
  u_backbone/gen_tr_lanes[6].u_tr_ln/g3712/Y -       A->Y  F     MXIT2_X3M_A9TL           1    69    72    2092 
  u_backbone/gen_tr_lanes[6].u_tr_ln/g3707/Y -       B0->Y R     AOI21_X3M_A9TL           1   121   104    2196 
  u_backbone/gen_tr_lanes[6].u_tr_ln/g3704/Y -       B0->Y F     AOI31_X6M_A9TL           1    87    71    2267 
  u_backbone/g3452/Y                         -       B0->Y R     AOI22_X6M_A9TL           1   111    93    2360 
  u_backbone/g3412/Y                         -       A->Y  F     NAND2XB_X6M_A9TL         4    65    64    2424 
  u_backbone/u_post_ln/g6366/Y               -       CN->Y F     NAND3XXB_X6M_A9TL        3   103   147    2571 
  u_backbone/u_post_ln/g6239/Y               -       B->Y  R     NOR2_X6A_A9TL            3   118   108    2679 
  u_backbone/u_post_ln/g6201/Y               -       A->Y  F     NAND2XB_X4M_A9TL         3    83    78    2757 
  u_backbone/u_post_ln/g6133/Y               -       A0->Y R     AOI2XB1_X3M_A9TL         2   123   115    2872 
  u_backbone/u_post_ln/g6090/Y               -       B->Y  F     NAND3XXB_X1P4M_A9TL      1   138   104    2976 
  u_backbone/u_post_ln/g6570/Y               -       B0->Y R     OAI2XB1_X2M_A9TL         1   104    92    3068 
  u_backbone/s2_post_ln_reg_reg[6][7]/D      -       -     R     DFFRPQ_X1M_A9TL          1     -     0    3069 
#---------------------------------------------------------------------------------------------------------------



Path 19: MET (4 ps) Setup Check with Pin u_backbone/s2_post_ln_reg_reg[4][3]/CK->D
          Group: reg2reg
     Startpoint: (R) u_backbone/s1_mode_pre_ln_reg/CK
          Clock: (R) clk
       Endpoint: (R) u_backbone/s2_post_ln_reg_reg[4][3]/D
          Clock: (R) clk

                     Capture       Launch     
        Clock Edge:+    3300            0     
       Src Latency:+       0            0     
       Net Latency:+       0 (I)        0 (I) 
           Arrival:=    3300            0     
                                              
             Setup:-      99                  
       Uncertainty:-     125                  
     Required Time:=    3076                  
      Launch Clock:-       0                  
         Data Path:-    3072                  
             Slack:=       4                  

#-------------------------------------------------------------------------------------------------------------
#               Timing Point                 Flags   Arc   Edge       Cell         Fanout Trans Delay Arrival 
#                                                                                          (ps)  (ps)   (ps)  
#-------------------------------------------------------------------------------------------------------------
  u_backbone/s1_mode_pre_ln_reg/CK           -       -     R     (arrival)            363     0     0       0 
  u_backbone/s1_mode_pre_ln_reg/Q            -       CK->Q R     DFFRPQ_X4M_A9TL        1    98   310     310 
  u_backbone/u_pre_ln/g5761/Y                -       A->Y  F     INV_X16M_A9TL         19    76    76     385 
  u_backbone/u_pre_ln/g5718/Y                -       A->Y  R     NOR2XB_X6M_A9TL        2    85    79     464 
  u_backbone/u_pre_ln/g5643/Y                -       A->Y  F     INV_X3M_A9TL           3    49    56     520 
  u_backbone/u_pre_ln/g5782/Y                -       BN->Y F     NAND2XB_X3M_A9TL       2    63   126     646 
  u_backbone/u_pre_ln/g5549/Y                -       A->Y  R     NAND2XB_X2M_A9TL       1    82    68     714 
  u_backbone/u_pre_ln/g5538/Y                -       A->Y  R     AND2_X3M_A9TL          5   101   138     852 
  u_backbone/gen_tr_lanes[4].u_tr_ln/g3871/Y -       A->Y  F     NOR2_X2M_A9TL          2   113    91     942 
  u_backbone/gen_tr_lanes[4].u_tr_ln/g3926/Y -       B0->Y R     OAI2XB1_X1M_A9TL       1   179   115    1058 
  u_backbone/gen_tr_lanes[4].u_tr_ln/g3816/Y -       B->Y  F     NAND2_X1A_A9TL         1   104   114    1172 
  u_backbone/gen_tr_lanes[4].u_tr_ln/g3805/Y -       CN->Y F     NAND3XXB_X3M_A9TL      1    82   164    1336 
  u_backbone/gen_tr_lanes[4].u_tr_ln/g3787/Y -       C->Y  F     AND3_X4M_A9TL          2    53   148    1484 
  u_backbone/gen_tr_lanes[4].u_tr_ln/g3784/Y -       A->Y  R     INV_X4M_A9TL           3    68    64    1548 
  u_backbone/gen_tr_lanes[4].u_tr_ln/g3920/Y -       A->Y  R     OR2_X1M_A9TL           1    85   126    1674 
  u_backbone/gen_tr_lanes[4].u_tr_ln/g3751/Y -       BN->Y R     NAND2XB_X4M_A9TL       1    70   124    1797 
  u_backbone/gen_tr_lanes[4].u_tr_ln/g3742/Y -       A->Y  F     NAND2_X4M_A9TL         2    52    53    1850 
  u_backbone/gen_tr_lanes[4].u_tr_ln/g3917/Y -       A->Y  F     OR2_X2M_A9TL           1    45   106    1957 
  u_backbone/gen_tr_lanes[4].u_tr_ln/g3727/Y -       BN->Y F     NOR2XB_X4M_A9TL        1    60   124    2081 
  u_backbone/g3618/Y                         -       A->Y  R     NAND2_X3A_A9TL         1    51    52    2134 
  u_backbone/g3442/Y                         -       B->Y  F     NAND3_X3M_A9TL         2   155    82    2216 
  u_backbone/u_post_ln/fopt1/Y               -       A->Y  F     BUFH_X1P4M_A9TL        2    66   138    2354 
  u_backbone/u_post_ln/g6502/Y               -       A->Y  R     NOR2_X2A_A9TL          2   149   108    2462 
  u_backbone/u_post_ln/g6391/Y               -       B1->Y R     AO1B2_X2M_A9TL         2    97   166    2628 
  u_backbone/u_post_ln/g6595/Y               -       BN->Y R     NAND2XB_X1M_A9TL       1   106   146    2774 
  u_backbone/u_post_ln/g6289/Y               -       B->Y  R     AND2_X1M_A9TL          1    79   143    2917 
  u_backbone/u_post_ln/g6208/Y               -       A1->Y R     AO21B_X1M_A9TL         1    88   155    3072 
  u_backbone/s2_post_ln_reg_reg[4][3]/D      -       -     R     DFFRPQ_X1M_A9TL        1     -     0    3072 
#-------------------------------------------------------------------------------------------------------------



Path 20: MET (4 ps) Setup Check with Pin u_backbone/s2_post_ln_reg_reg[1][5]/CK->D
          Group: reg2reg
     Startpoint: (R) u_backbone/s1_mode_pre_ln_reg/CK
          Clock: (R) clk
       Endpoint: (F) u_backbone/s2_post_ln_reg_reg[1][5]/D
          Clock: (R) clk

                     Capture       Launch     
        Clock Edge:+    3300            0     
       Src Latency:+       0            0     
       Net Latency:+       0 (I)        0 (I) 
           Arrival:=    3300            0     
                                              
             Setup:-     101                  
       Uncertainty:-     125                  
     Required Time:=    3074                  
      Launch Clock:-       0                  
         Data Path:-    3070                  
             Slack:=       4                  

#--------------------------------------------------------------------------------------------------------------
#               Timing Point                 Flags    Arc   Edge       Cell         Fanout Trans Delay Arrival 
#                                                                                           (ps)  (ps)   (ps)  
#--------------------------------------------------------------------------------------------------------------
  u_backbone/s1_mode_pre_ln_reg/CK           -       -      R     (arrival)            363     0     0       0 
  u_backbone/s1_mode_pre_ln_reg/Q            -       CK->Q  R     DFFRPQ_X4M_A9TL        1    98   310     310 
  u_backbone/u_pre_ln/g5761/Y                -       A->Y   F     INV_X16M_A9TL         19    76    76     385 
  u_backbone/u_pre_ln/g5714/Y                -       A->Y   R     NOR2XB_X6M_A9TL        2   102    90     475 
  u_backbone/u_pre_ln/g5610/Y                -       C->Y   R     AND3_X8M_A9TL          4    77   140     615 
  u_backbone/u_pre_ln/g5596/Y                -       B->Y   F     NAND2_X4M_A9TL         1    74    63     678 
  u_backbone/u_pre_ln/g5578/Y                -       A->Y   R     NOR2XB_X8M_A9TL        3    91    83     761 
  u_backbone/u_pre_ln/g5501/Y                -       B->Y   F     NAND3XXB_X4M_A9TL      2   104    85     846 
  u_backbone/u_pre_ln/g5423/Y                -       S0->Y  F     MXT2_X3M_A9TL          5   116   195    1041 
  u_backbone/gen_tr_lanes[1].u_tr_ln/g3942/Y -       A->Y   F     OR2_X6M_A9TL           3    55   138    1179 
  u_backbone/gen_tr_lanes[1].u_tr_ln/g3861/Y -       A->Y   R     NOR2XB_X8M_A9TL        3   110    88    1266 
  u_backbone/gen_tr_lanes[1].u_tr_ln/g3842/Y -       A->Y   F     NAND2_X8M_A9TL         4    69    68    1334 
  u_backbone/gen_tr_lanes[1].u_tr_ln/g3938/Y -       A->Y   R     NOR2_X6A_A9TL          4   134   105    1439 
  u_backbone/gen_tr_lanes[1].u_tr_ln/g3820/Y -       A->Y   F     INV_X2M_A9TL           2    81    84    1524 
  u_backbone/gen_tr_lanes[1].u_tr_ln/g3812/Y -       A->Y   R     NOR2XB_X6M_A9TL        4    99    88    1612 
  u_backbone/gen_tr_lanes[1].u_tr_ln/g3798/Y -       A->Y   F     NOR2XB_X3M_A9TL        1    71    70    1682 
  u_backbone/gen_tr_lanes[1].u_tr_ln/g3770/Y -       A->Y   R     NAND2_X4A_A9TL         2    58    60    1743 
  u_backbone/gen_tr_lanes[1].u_tr_ln/g3936/Y -       A->Y   F     NAND2_X4M_A9TL         1    48    49    1791 
  u_backbone/gen_tr_lanes[1].u_tr_ln/g3932/Y -       B0->Y  R     AOI21_X6M_A9TL         3   114    92    1884 
  u_backbone/gen_tr_lanes[1].u_tr_ln/g3727/Y -       A->Y   F     NAND2_X4A_A9TL         2    81    78    1961 
  u_backbone/gen_tr_lanes[1].u_tr_ln/g3715/Y -       A->Y   R     MXIT2_X3M_A9TL         1   113    89    2050 
  u_backbone/gen_tr_lanes[1].u_tr_ln/g3708/Y -       B0->Y  F     AOI21_X3M_A9TL         1    70    69    2119 
  u_backbone/gen_tr_lanes[1].u_tr_ln/g3705/Y -       B0->Y  R     AOI31_X3M_A9TL         1   134   116    2235 
  u_backbone/g3614/Y                         -       A->Y   F     NAND2_X4M_A9TL         1    64    62    2297 
  u_backbone/g3435/Y                         -       A->Y   R     NAND3_X6A_A9TL         4   161    87    2384 
  u_backbone/u_post_ln/g6369/Y               -       BN->Y  R     NAND2XB_X6M_A9TL       4    96   158    2541 
  u_backbone/u_post_ln/g6611/Y               -       A->Y   F     NOR2_X6A_A9TL          3    79    62    2603 
  u_backbone/u_post_ln/g6277/Y               -       A->Y   R     NOR2XB_X3M_A9TL        2   109    95    2698 
  u_backbone/u_post_ln/g6228/Y               -       B->Y   F     NAND2_X2A_A9TL         1   120    86    2784 
  u_backbone/u_post_ln/g6218/Y               -       B0N->Y R     AO21B_X3M_A9TL         2    71    75    2859 
  u_backbone/u_post_ln/g6173/Y               -       A->Y   F     NAND2XB_X2M_A9TL       1    63    59    2918 
  u_backbone/u_post_ln/g6116/Y               -       C->Y   R     NAND3_X3M_A9TL         1    86    86    3003 
  u_backbone/u_post_ln/g6577/Y               -       B0->Y  F     OAI2XB1_X2M_A9TL       1    62    66    3070 
  u_backbone/s2_post_ln_reg_reg[1][5]/D      -       -      F     DFFRPQ_X1M_A9TL        1     -     0    3070 
#--------------------------------------------------------------------------------------------------------------



Path 21: MET (4 ps) Setup Check with Pin u_backbone/s2_post_ln_reg_reg[7][6]/CK->D
          Group: reg2reg
     Startpoint: (R) u_backbone/s1_mode_pre_ln_reg/CK
          Clock: (R) clk
       Endpoint: (F) u_backbone/s2_post_ln_reg_reg[7][6]/D
          Clock: (R) clk

                     Capture       Launch     
        Clock Edge:+    3300            0     
       Src Latency:+       0            0     
       Net Latency:+       0 (I)        0 (I) 
           Arrival:=    3300            0     
                                              
             Setup:-     120                  
       Uncertainty:-     125                  
     Required Time:=    3055                  
      Launch Clock:-       0                  
         Data Path:-    3051                  
             Slack:=       4                  

#-------------------------------------------------------------------------------------------------------------
#               Timing Point                 Flags   Arc   Edge       Cell         Fanout Trans Delay Arrival 
#                                                                                          (ps)  (ps)   (ps)  
#-------------------------------------------------------------------------------------------------------------
  u_backbone/s1_mode_pre_ln_reg/CK           -       -     R     (arrival)            363     0     0       0 
  u_backbone/s1_mode_pre_ln_reg/Q            -       CK->Q R     DFFRPQ_X4M_A9TL        1    98   310     310 
  u_backbone/u_pre_ln/g5761/Y                -       A->Y  F     INV_X16M_A9TL         19    76    76     385 
  u_backbone/u_pre_ln/g5717/Y                -       A->Y  R     NOR2XB_X8M_A9TL        4   102    90     475 
  u_backbone/u_pre_ln/g5614/Y                -       A->Y  R     AND3_X4M_A9TL          3    91   146     621 
  u_backbone/u_pre_ln/g5789/Y                -       A->Y  F     NAND2_X6M_A9TL         4    75    70     691 
  u_backbone/u_pre_ln/g5490/Y                -       A->Y  R     NOR2XB_X6M_A9TL        2    94    85     776 
  u_backbone/u_pre_ln/g5394/Y                -       B->Y  F     NOR2_X3A_A9TL          1    59    69     845 
  u_backbone/u_pre_ln/g5383/Y                -       B->Y  R     NOR2_X4A_A9TL          4   171   130     975 
  u_backbone/gen_tr_lanes[7].u_tr_ln/g3891/Y -       A->Y  F     INV_X4M_A9TL           4    66    69    1045 
  u_backbone/gen_tr_lanes[7].u_tr_ln/g3867/Y -       BN->Y F     NAND2XB_X2M_A9TL       1    52   128    1172 
  u_backbone/gen_tr_lanes[7].u_tr_ln/g3858/Y -       BN->Y F     NOR2XB_X3M_A9TL        1    68   131    1304 
  u_backbone/gen_tr_lanes[7].u_tr_ln/g3831/Y -       B->Y  R     NOR2_X4M_A9TL          1    80    83    1387 
  u_backbone/gen_tr_lanes[7].u_tr_ln/g3819/Y -       B->Y  F     NAND2_X4M_A9TL         1    47    50    1437 
  u_backbone/gen_tr_lanes[7].u_tr_ln/g3781/Y -       C0->Y F     OA211_X2M_A9TL         1    65   122    1559 
  u_backbone/gen_tr_lanes[7].u_tr_ln/g3766/Y -       A->Y  R     NAND3_X6A_A9TL         3   132    89    1648 
  u_backbone/gen_tr_lanes[7].u_tr_ln/g3764/Y -       A->Y  F     INV_X4M_A9TL           2    61    67    1714 
  u_backbone/gen_tr_lanes[7].u_tr_ln/g3763/Y -       A->Y  R     INV_X5M_A9TL           3    66    65    1779 
  u_backbone/gen_tr_lanes[7].u_tr_ln/g3748/Y -       A->Y  F     NAND2_X3A_A9TL         1    65    59    1838 
  u_backbone/gen_tr_lanes[7].u_tr_ln/g3721/Y -       B->Y  R     NAND3XXB_X4M_A9TL      2   127    96    1935 
  u_backbone/gen_tr_lanes[7].u_tr_ln/g2/Y    -       A->Y  R     AND2_X2M_A9TL          2   109   161    2096 
  u_backbone/gen_tr_lanes[7].u_tr_ln/g3715/Y -       A->Y  F     INV_X2M_A9TL           1    50    56    2152 
  u_backbone/gen_tr_lanes[7].u_tr_ln/g3709/Y -       A0->Y R     AOI2XB1_X3M_A9TL       1   110    95    2248 
  u_backbone/gen_tr_lanes[7].u_tr_ln/g3703/Y -       A->Y  F     NAND2_X4M_A9TL         1    55    49    2297 
  u_backbone/g3591/Y                         -       A->Y  R     NAND2_X2A_A9TL         1    64    52    2349 
  u_backbone/g3391/Y                         -       A->Y  F     NAND3XXB_X2M_A9TL      2   124    89    2438 
  u_backbone/u_post_ln/g6555/Y               -       A->Y  R     INV_X2M_A9TL           3   100   100    2538 
  u_backbone/u_post_ln/g6320/Y               -       BN->Y R     NOR2XB_X6M_A9TL        3    94   145    2683 
  u_backbone/u_post_ln/g6260/Y               -       B1->Y R     AO1B2_X3M_A9TL         2    94   144    2828 
  u_backbone/u_post_ln/g6176/Y               -       S0->Y R     MXIT2_X1M_A9TL         1   174   108    2935 
  u_backbone/u_post_ln/g6099/Y               -       B0->Y F     OAI21_X1M_A9TL         1   114   116    3051 
  u_backbone/s2_post_ln_reg_reg[7][6]/D      -       -     F     DFFRPQ_X1M_A9TL        1     -     0    3051 
#-------------------------------------------------------------------------------------------------------------



Path 22: MET (4 ps) Setup Check with Pin u_backbone/s2_post_ln_reg_reg[1][5]/CK->D
          Group: reg2reg
     Startpoint: (R) u_backbone/s1_mode_pre_ln_reg/CK
          Clock: (R) clk
       Endpoint: (F) u_backbone/s2_post_ln_reg_reg[1][5]/D
          Clock: (R) clk

                     Capture       Launch     
        Clock Edge:+    3300            0     
       Src Latency:+       0            0     
       Net Latency:+       0 (I)        0 (I) 
           Arrival:=    3300            0     
                                              
             Setup:-     101                  
       Uncertainty:-     125                  
     Required Time:=    3074                  
      Launch Clock:-       0                  
         Data Path:-    3070                  
             Slack:=       4                  

#--------------------------------------------------------------------------------------------------------------
#               Timing Point                 Flags    Arc   Edge       Cell         Fanout Trans Delay Arrival 
#                                                                                           (ps)  (ps)   (ps)  
#--------------------------------------------------------------------------------------------------------------
  u_backbone/s1_mode_pre_ln_reg/CK           -       -      R     (arrival)            363     0     0       0 
  u_backbone/s1_mode_pre_ln_reg/Q            -       CK->Q  F     DFFRPQ_X4M_A9TL        1    73   292     292 
  u_backbone/u_pre_ln/g5761/Y                -       A->Y   R     INV_X16M_A9TL         19   109    94     385 
  u_backbone/u_pre_ln/g5714/Y                -       A->Y   F     NOR2XB_X6M_A9TL        2    68    70     455 
  u_backbone/u_pre_ln/g5610/Y                -       C->Y   F     AND3_X8M_A9TL          4    59   145     601 
  u_backbone/u_pre_ln/g5596/Y                -       B->Y   R     NAND2_X4M_A9TL         1    84    78     678 
  u_backbone/u_pre_ln/g5578/Y                -       A->Y   F     NOR2XB_X8M_A9TL        3    65    62     740 
  u_backbone/u_pre_ln/g5501/Y                -       B->Y   R     NAND3XXB_X4M_A9TL      2   127    96     837 
  u_backbone/u_pre_ln/g5423/Y                -       S0->Y  F     MXT2_X3M_A9TL          5   116   204    1041 
  u_backbone/gen_tr_lanes[1].u_tr_ln/g3942/Y -       A->Y   F     OR2_X6M_A9TL           3    55   138    1179 
  u_backbone/gen_tr_lanes[1].u_tr_ln/g3861/Y -       A->Y   R     NOR2XB_X8M_A9TL        3   110    88    1266 
  u_backbone/gen_tr_lanes[1].u_tr_ln/g3842/Y -       A->Y   F     NAND2_X8M_A9TL         4    69    68    1334 
  u_backbone/gen_tr_lanes[1].u_tr_ln/g3938/Y -       A->Y   R     NOR2_X6A_A9TL          4   134   105    1439 
  u_backbone/gen_tr_lanes[1].u_tr_ln/g3820/Y -       A->Y   F     INV_X2M_A9TL           2    81    84    1524 
  u_backbone/gen_tr_lanes[1].u_tr_ln/g3812/Y -       A->Y   R     NOR2XB_X6M_A9TL        4    99    88    1612 
  u_backbone/gen_tr_lanes[1].u_tr_ln/g3798/Y -       A->Y   F     NOR2XB_X3M_A9TL        1    71    70    1682 
  u_backbone/gen_tr_lanes[1].u_tr_ln/g3770/Y -       A->Y   R     NAND2_X4A_A9TL         2    58    60    1742 
  u_backbone/gen_tr_lanes[1].u_tr_ln/g3936/Y -       A->Y   F     NAND2_X4M_A9TL         1    48    49    1791 
  u_backbone/gen_tr_lanes[1].u_tr_ln/g3932/Y -       B0->Y  R     AOI21_X6M_A9TL         3   114    92    1883 
  u_backbone/gen_tr_lanes[1].u_tr_ln/g3727/Y -       A->Y   F     NAND2_X4A_A9TL         2    81    78    1961 
  u_backbone/gen_tr_lanes[1].u_tr_ln/g3715/Y -       A->Y   R     MXIT2_X3M_A9TL         1   113    89    2050 
  u_backbone/gen_tr_lanes[1].u_tr_ln/g3708/Y -       B0->Y  F     AOI21_X3M_A9TL         1    70    69    2119 
  u_backbone/gen_tr_lanes[1].u_tr_ln/g3705/Y -       B0->Y  R     AOI31_X3M_A9TL         1   134   116    2235 
  u_backbone/g3614/Y                         -       A->Y   F     NAND2_X4M_A9TL         1    64    62    2297 
  u_backbone/g3435/Y                         -       A->Y   R     NAND3_X6A_A9TL         4   161    87    2384 
  u_backbone/u_post_ln/g6369/Y               -       BN->Y  R     NAND2XB_X6M_A9TL       4    96   158    2541 
  u_backbone/u_post_ln/g6611/Y               -       A->Y   F     NOR2_X6A_A9TL          3    79    62    2603 
  u_backbone/u_post_ln/g6277/Y               -       A->Y   R     NOR2XB_X3M_A9TL        2   109    95    2698 
  u_backbone/u_post_ln/g6228/Y               -       B->Y   F     NAND2_X2A_A9TL         1   120    86    2784 
  u_backbone/u_post_ln/g6218/Y               -       B0N->Y R     AO21B_X3M_A9TL         2    71    75    2859 
  u_backbone/u_post_ln/g6173/Y               -       A->Y   F     NAND2XB_X2M_A9TL       1    63    59    2918 
  u_backbone/u_post_ln/g6116/Y               -       C->Y   R     NAND3_X3M_A9TL         1    86    86    3003 
  u_backbone/u_post_ln/g6577/Y               -       B0->Y  F     OAI2XB1_X2M_A9TL       1    62    66    3070 
  u_backbone/s2_post_ln_reg_reg[1][5]/D      -       -      F     DFFRPQ_X1M_A9TL        1     -     0    3070 
#--------------------------------------------------------------------------------------------------------------



Path 23: MET (4 ps) Setup Check with Pin u_backbone/s2_post_ln_reg_reg[2][7]/CK->D
          Group: reg2reg
     Startpoint: (R) u_backbone/s1_mode_pre_ln_reg/CK
          Clock: (R) clk
       Endpoint: (R) u_backbone/s2_post_ln_reg_reg[2][7]/D
          Clock: (R) clk

                     Capture       Launch     
        Clock Edge:+    3300            0     
       Src Latency:+       0            0     
       Net Latency:+       0 (I)        0 (I) 
           Arrival:=    3300            0     
                                              
             Setup:-     103                  
       Uncertainty:-     125                  
     Required Time:=    3072                  
      Launch Clock:-       0                  
         Data Path:-    3068                  
             Slack:=       4                  

#---------------------------------------------------------------------------------------------------------------
#               Timing Point                 Flags   Arc   Edge        Cell          Fanout Trans Delay Arrival 
#                                                                                            (ps)  (ps)   (ps)  
#---------------------------------------------------------------------------------------------------------------
  u_backbone/s1_mode_pre_ln_reg/CK           -       -     R     (arrival)              363     0     0       0 
  u_backbone/s1_mode_pre_ln_reg/Q            -       CK->Q R     DFFRPQ_X4M_A9TL          1    98   310     310 
  u_backbone/u_pre_ln/g5761/Y                -       A->Y  F     INV_X16M_A9TL           19    76    76     385 
  u_backbone/u_pre_ln/g5719/Y                -       A->Y  R     NOR2XB_X8M_A9TL          4   105    91     476 
  u_backbone/u_pre_ln/g5612/Y                -       C->Y  R     AND3_X4M_A9TL            2    80   151     627 
  u_backbone/u_pre_ln/g5603/Y                -       B->Y  F     NAND2_X6A_A9TL           4    93    81     708 
  u_backbone/u_pre_ln/g5502/Y                -       A->Y  R     INV_X3M_A9TL             1    57    62     769 
  u_backbone/u_pre_ln/g5497/Y                -       B->Y  F     NAND2_X4M_A9TL           2    79    63     832 
  u_backbone/u_pre_ln/g5393/Y                -       A->Y  R     NAND2XB_X3M_A9TL         1    78    72     904 
  u_backbone/u_pre_ln/g5380/Y                -       B->Y  R     AND2_X6M_A9TL            6    87   135    1039 
  u_backbone/gen_tr_lanes[2].u_tr_ln/g3901/Y -       A->Y  F     NOR2_X8M_A9TL            4    67    59    1098 
  u_backbone/gen_tr_lanes[2].u_tr_ln/g3838/Y -       CN->Y F     NAND3XXB_X2M_A9TL        2   133   188    1286 
  u_backbone/gen_tr_lanes[2].u_tr_ln/g3798/Y -       A->Y  R     NAND3_X3M_A9TL           2   130   119    1406 
  u_backbone/gen_tr_lanes[2].u_tr_ln/g3782/Y -       BN->Y R     NAND2XB_X6M_A9TL         3    93   147    1552 
  u_backbone/gen_tr_lanes[2].u_tr_ln/g3777/Y -       A->Y  F     NOR2XB_X6M_A9TL          2    69    66    1619 
  u_backbone/gen_tr_lanes[2].u_tr_ln/g3765/Y -       B->Y  R     NOR2_X4A_A9TL            3   112   103    1721 
  u_backbone/gen_tr_lanes[2].u_tr_ln/g3751/Y -       B->Y  F     NAND3XXB_X2M_A9TL        1   124   108    1829 
  u_backbone/gen_tr_lanes[2].u_tr_ln/g3743/Y -       B->Y  F     AND2_X8M_A9TL            3    45   136    1965 
  u_backbone/gen_tr_lanes[2].u_tr_ln/g3730/Y -       A->Y  R     NAND2_X4A_A9TL           2    69    56    2022 
  u_backbone/gen_tr_lanes[2].u_tr_ln/g3719/Y -       B->Y  F     MXIT2_X3M_A9TL           1    73    71    2093 
  u_backbone/gen_tr_lanes[2].u_tr_ln/g3714/Y -       B0->Y R     AOI21_X6M_A9TL           1    79    80    2172 
  u_backbone/gen_tr_lanes[2].u_tr_ln/g3712/Y -       B0->Y F     AOI21_X6M_A9TL           1    61    50    2222 
  u_backbone/g3454/Y                         -       B0->Y R     AOI22_X4M_A9TL           1   122    92    2314 
  u_backbone/g3395/Y                         -       B->Y  F     NAND2_X4M_A9TL           4   129    81    2396 
  u_backbone/u_post_ln/g6368/Y               -       CN->Y F     NAND3XXB_X6M_A9TL        3    93   173    2569 
  u_backbone/u_post_ln/g6610/Y               -       A->Y  R     NOR2_X6A_A9TL            3   107    93    2662 
  u_backbone/u_post_ln/g6283/Y               -       A->Y  F     NAND2XB_X3M_A9TL         3    99    88    2750 
  u_backbone/u_post_ln/g6134/Y               -       A0->Y R     AOI2XB1_X3M_A9TL         2   128   120    2870 
  u_backbone/u_post_ln/g6088/Y               -       B->Y  F     NAND3XXB_X1P4M_A9TL      1   138   105    2976 
  u_backbone/u_post_ln/g6571/Y               -       B0->Y R     OAI2XB1_X2M_A9TL         1   105    92    3068 
  u_backbone/s2_post_ln_reg_reg[2][7]/D      -       -     R     DFFRPQ_X1M_A9TL          1     -     0    3068 
#---------------------------------------------------------------------------------------------------------------



Path 24: MET (5 ps) Setup Check with Pin u_backbone/s2_post_ln_reg_reg[5][6]/CK->D
          Group: reg2reg
     Startpoint: (R) u_backbone/s1_mode_pre_ln_reg/CK
          Clock: (R) clk
       Endpoint: (F) u_backbone/s2_post_ln_reg_reg[5][6]/D
          Clock: (R) clk

                     Capture       Launch     
        Clock Edge:+    3300            0     
       Src Latency:+       0            0     
       Net Latency:+       0 (I)        0 (I) 
           Arrival:=    3300            0     
                                              
             Setup:-     100                  
       Uncertainty:-     125                  
     Required Time:=    3075                  
      Launch Clock:-       0                  
         Data Path:-    3070                  
             Slack:=       5                  

#--------------------------------------------------------------------------------------------------------------
#               Timing Point                 Flags    Arc   Edge       Cell         Fanout Trans Delay Arrival 
#                                                                                           (ps)  (ps)   (ps)  
#--------------------------------------------------------------------------------------------------------------
  u_backbone/s1_mode_pre_ln_reg/CK           -       -      R     (arrival)            363     0     0       0 
  u_backbone/s1_mode_pre_ln_reg/Q            -       CK->Q  R     DFFRPQ_X4M_A9TL        1    98   310     310 
  u_backbone/u_pre_ln/g5761/Y                -       A->Y   F     INV_X16M_A9TL         19    76    76     385 
  u_backbone/u_pre_ln/g5715/Y                -       A->Y   R     NOR2XB_X8M_A9TL        4   105    91     477 
  u_backbone/u_pre_ln/g5627/Y                -       B->Y   F     NAND2_X4M_A9TL         1    60    69     546 
  u_backbone/u_pre_ln/g5616/Y                -       A->Y   R     NOR2XB_X8M_A9TL        3   107    88     634 
  u_backbone/u_pre_ln/g5572/Y                -       C->Y   R     AND3_X4M_A9TL          2    71   144     777 
  u_backbone/u_pre_ln/g5517/Y                -       A->Y   F     NAND2XB_X4M_A9TL       2    68    62     839 
  u_backbone/u_pre_ln/g5402/Y                -       B->Y   F     AND2_X6M_A9TL          6    75   143     982 
  u_backbone/gen_tr_lanes[5].u_tr_ln/g3919/Y -       A->Y   R     INV_X7P5M_A9TL         6    63    66    1048 
  u_backbone/gen_tr_lanes[5].u_tr_ln/g3931/Y -       A->Y   F     NAND2XB_X6M_A9TL       2    54    51    1099 
  u_backbone/gen_tr_lanes[5].u_tr_ln/g3872/Y -       A->Y   R     NOR2_X6A_A9TL          3    95    80    1179 
  u_backbone/gen_tr_lanes[5].u_tr_ln/g3807/Y -       A1N->Y R     AOI2XB1_X4M_A9TL       1    83   147    1326 
  u_backbone/gen_tr_lanes[5].u_tr_ln/g3928/Y -       B->Y   F     NAND2B_X2M_A9TL        1    87    82    1408 
  u_backbone/gen_tr_lanes[5].u_tr_ln/g3787/Y -       A->Y   R     NAND3_X6A_A9TL         1    98    80    1488 
  u_backbone/gen_tr_lanes[5].u_tr_ln/g3774/Y -       A->Y   F     NOR2XB_X6M_A9TL        2    68    67    1555 
  u_backbone/gen_tr_lanes[5].u_tr_ln/g3754/Y -       B->Y   R     NAND3XXB_X6M_A9TL      2   130    99    1655 
  u_backbone/gen_tr_lanes[5].u_tr_ln/g3752/Y -       A->Y   F     INV_X4M_A9TL           1    50    53    1708 
  u_backbone/gen_tr_lanes[5].u_tr_ln/g3739/Y -       A0->Y  R     AOI2XB1_X6M_A9TL       4   127   105    1813 
  u_backbone/gen_tr_lanes[5].u_tr_ln/g3736/Y -       A->Y   F     INV_X2M_A9TL           1    54    60    1873 
  u_backbone/gen_tr_lanes[5].u_tr_ln/g3717/Y -       A->Y   R     MXIT2_X3M_A9TL         1   124    84    1957 
  u_backbone/gen_tr_lanes[5].u_tr_ln/g3713/Y -       S0->Y  R     MXIT2_X2M_A9TL         1   165   118    2075 
  u_backbone/g3606/Y                         -       A->Y   F     NAND2_X4M_A9TL         1    74    70    2146 
  u_backbone/g3429/Y                         -       A->Y   R     NAND3XXB_X6M_A9TL      4   114    85    2230 
  u_backbone/u_post_ln/g6614/Y               -       AN->Y  R     NAND2B_X3M_A9TL        2   112   155    2386 
  u_backbone/u_post_ln/g6337/Y               -       A->Y   F     NAND2XB_X6M_A9TL       3    66    65    2451 
  u_backbone/u_post_ln/g6235/Y               -       A1->Y  R     AOI21B_X6M_A9TL        2    92   105    2555 
  u_backbone/u_post_ln/g6197/Y               -       B->Y   F     NOR2_X3A_A9TL          2    72    74    2630 
  u_backbone/u_post_ln/g6164/Y               -       A->Y   R     NOR2XB_X4M_A9TL        2    92    82    2711 
  u_backbone/u_post_ln/g6130/Y               -       B->Y   F     NOR2_X3A_A9TL          2    64    72    2783 
  u_backbone/u_post_ln/g6111/Y               -       A->Y   R     NOR2XB_X3M_A9TL        2   116    94    2877 
  u_backbone/u_post_ln/g6104/Y               -       A->Y   F     INV_X2M_A9TL           1    52    58    2935 
  u_backbone/u_post_ln/g6077/Y               -       B->Y   R     NAND3XXB_X4M_A9TL      1   110    66    3001 
  u_backbone/u_post_ln/g6071/Y               -       A->Y   F     NAND3_X2A_A9TL         1    76    69    3070 
  u_backbone/s2_post_ln_reg_reg[5][6]/D      -       -      F     DFFRPQ_X2M_A9TL        1     -     0    3070 
#--------------------------------------------------------------------------------------------------------------



Path 25: MET (5 ps) Setup Check with Pin u_backbone/s2_post_ln_reg_reg[1][5]/CK->D
          Group: reg2reg
     Startpoint: (R) u_backbone/s1_mode_pre_ln_reg/CK
          Clock: (R) clk
       Endpoint: (F) u_backbone/s2_post_ln_reg_reg[1][5]/D
          Clock: (R) clk

                     Capture       Launch     
        Clock Edge:+    3300            0     
       Src Latency:+       0            0     
       Net Latency:+       0 (I)        0 (I) 
           Arrival:=    3300            0     
                                              
             Setup:-     101                  
       Uncertainty:-     125                  
     Required Time:=    3074                  
      Launch Clock:-       0                  
         Data Path:-    3069                  
             Slack:=       5                  

#-------------------------------------------------------------------------------------------------------------
#               Timing Point                 Flags    Arc   Edge       Cell        Fanout Trans Delay Arrival 
#                                                                                          (ps)  (ps)   (ps)  
#-------------------------------------------------------------------------------------------------------------
  u_backbone/s1_mode_pre_ln_reg/CK           -       -      R     (arrival)           363     0     0       0 
  u_backbone/s1_mode_pre_ln_reg/Q            -       CK->Q  F     DFFRPQ_X4M_A9TL       1    73   292     292 
  u_backbone/u_pre_ln/g5761/Y                -       A->Y   R     INV_X16M_A9TL        19   109    94     385 
  u_backbone/u_pre_ln/g5714/Y                -       A->Y   F     NOR2XB_X6M_A9TL       2    68    70     455 
  u_backbone/u_pre_ln/g5610/Y                -       C->Y   F     AND3_X8M_A9TL         4    59   145     601 
  u_backbone/u_pre_ln/g5600/Y                -       A->Y   R     NAND2_X8M_A9TL        4    90    72     672 
  u_backbone/u_pre_ln/g5470/Y                -       A->Y   F     NOR2XB_X4M_A9TL       2   100    82     755 
  u_backbone/u_pre_ln/g5419/Y                -       A1->Y  F     OA21_X3M_A9TL         5   104   199     953 
  u_backbone/gen_tr_lanes[1].u_tr_ln/g3894/Y -       A->Y   R     NOR2_X6A_A9TL         5   129   112    1066 
  u_backbone/gen_tr_lanes[1].u_tr_ln/g3860/Y -       BN->Y  R     NOR2XB_X3M_A9TL       1   144   189    1254 
  u_backbone/gen_tr_lanes[1].u_tr_ln/g3842/Y -       B->Y   F     NAND2_X8M_A9TL        4    69    79    1333 
  u_backbone/gen_tr_lanes[1].u_tr_ln/g3938/Y -       A->Y   R     NOR2_X6A_A9TL         4   134   105    1439 
  u_backbone/gen_tr_lanes[1].u_tr_ln/g3820/Y -       A->Y   F     INV_X2M_A9TL          2    81    84    1523 
  u_backbone/gen_tr_lanes[1].u_tr_ln/g3812/Y -       A->Y   R     NOR2XB_X6M_A9TL       4    99    88    1611 
  u_backbone/gen_tr_lanes[1].u_tr_ln/g3798/Y -       A->Y   F     NOR2XB_X3M_A9TL       1    71    70    1682 
  u_backbone/gen_tr_lanes[1].u_tr_ln/g3770/Y -       A->Y   R     NAND2_X4A_A9TL        2    58    60    1742 
  u_backbone/gen_tr_lanes[1].u_tr_ln/g3936/Y -       A->Y   F     NAND2_X4M_A9TL        1    48    49    1790 
  u_backbone/gen_tr_lanes[1].u_tr_ln/g3932/Y -       B0->Y  R     AOI21_X6M_A9TL        3   114    92    1883 
  u_backbone/gen_tr_lanes[1].u_tr_ln/g3727/Y -       A->Y   F     NAND2_X4A_A9TL        2    81    78    1960 
  u_backbone/gen_tr_lanes[1].u_tr_ln/g3715/Y -       A->Y   R     MXIT2_X3M_A9TL        1   113    89    2049 
  u_backbone/gen_tr_lanes[1].u_tr_ln/g3708/Y -       B0->Y  F     AOI21_X3M_A9TL        1    70    69    2118 
  u_backbone/gen_tr_lanes[1].u_tr_ln/g3705/Y -       B0->Y  R     AOI31_X3M_A9TL        1   134   116    2234 
  u_backbone/g3614/Y                         -       A->Y   F     NAND2_X4M_A9TL        1    64    62    2296 
  u_backbone/g3435/Y                         -       A->Y   R     NAND3_X6A_A9TL        4   161    87    2383 
  u_backbone/u_post_ln/g6369/Y               -       BN->Y  R     NAND2XB_X6M_A9TL      4    96   158    2541 
  u_backbone/u_post_ln/g6611/Y               -       A->Y   F     NOR2_X6A_A9TL         3    79    62    2603 
  u_backbone/u_post_ln/g6277/Y               -       A->Y   R     NOR2XB_X3M_A9TL       2   109    95    2697 
  u_backbone/u_post_ln/g6228/Y               -       B->Y   F     NAND2_X2A_A9TL        1   120    86    2783 
  u_backbone/u_post_ln/g6218/Y               -       B0N->Y R     AO21B_X3M_A9TL        2    71    75    2858 
  u_backbone/u_post_ln/g6173/Y               -       A->Y   F     NAND2XB_X2M_A9TL      1    63    59    2917 
  u_backbone/u_post_ln/g6116/Y               -       C->Y   R     NAND3_X3M_A9TL        1    86    86    3002 
  u_backbone/u_post_ln/g6577/Y               -       B0->Y  F     OAI2XB1_X2M_A9TL      1    62    66    3069 
  u_backbone/s2_post_ln_reg_reg[1][5]/D      -       -      F     DFFRPQ_X1M_A9TL       1     -     0    3069 
#-------------------------------------------------------------------------------------------------------------



Path 26: MET (5 ps) Setup Check with Pin u_backbone/s2_post_ln_reg_reg[4][7]/CK->D
          Group: reg2reg
     Startpoint: (R) u_backbone/s1_mode_pre_ln_reg/CK
          Clock: (R) clk
       Endpoint: (R) u_backbone/s2_post_ln_reg_reg[4][7]/D
          Clock: (R) clk

                     Capture       Launch     
        Clock Edge:+    3300            0     
       Src Latency:+       0            0     
       Net Latency:+       0 (I)        0 (I) 
           Arrival:=    3300            0     
                                              
             Setup:-      99                  
       Uncertainty:-     125                  
     Required Time:=    3076                  
      Launch Clock:-       0                  
         Data Path:-    3071                  
             Slack:=       5                  

#---------------------------------------------------------------------------------------------------------------
#               Timing Point                 Flags   Arc   Edge        Cell          Fanout Trans Delay Arrival 
#                                                                                            (ps)  (ps)   (ps)  
#---------------------------------------------------------------------------------------------------------------
  u_backbone/s1_mode_pre_ln_reg/CK           -       -     R     (arrival)              363     0     0       0 
  u_backbone/s1_mode_pre_ln_reg/Q            -       CK->Q R     DFFRPQ_X4M_A9TL          1    98   310     310 
  u_backbone/u_pre_ln/g5761/Y                -       A->Y  F     INV_X16M_A9TL           19    76    76     385 
  u_backbone/u_pre_ln/g5718/Y                -       A->Y  R     NOR2XB_X6M_A9TL          2    85    79     464 
  u_backbone/u_pre_ln/g5615/Y                -       A->Y  R     AND3_X4M_A9TL            3   110   152     617 
  u_backbone/u_pre_ln/g5599/Y                -       B->Y  F     NAND2_X8M_A9TL           4    71    67     684 
  u_backbone/u_pre_ln/g5493/Y                -       A->Y  R     NOR2XB_X4M_A9TL          2   123   100     784 
  u_backbone/u_pre_ln/g5447/Y                -       B->Y  F     NOR2B_X6M_A9TL           7   101   100     884 
  u_backbone/gen_tr_lanes[4].u_tr_ln/g3900/Y -       A->Y  R     INV_X3M_A9TL             4    91    90     974 
  u_backbone/gen_tr_lanes[4].u_tr_ln/g3874/Y -       B->Y  F     NAND2_X1M_A9TL           2   133   103    1077 
  u_backbone/gen_tr_lanes[4].u_tr_ln/g3831/Y -       CN->Y F     NAND3XXB_X2M_A9TL        1   114   195    1272 
  u_backbone/gen_tr_lanes[4].u_tr_ln/g3799/Y -       A0->Y R     AOI2XB1_X3M_A9TL         1   103   114    1387 
  u_backbone/gen_tr_lanes[4].u_tr_ln/g3793/Y -       B->Y  F     NAND2_X3A_A9TL           1    84    76    1463 
  u_backbone/gen_tr_lanes[4].u_tr_ln/g3785/Y -       A->Y  R     NAND3_X6A_A9TL           1    99    79    1542 
  u_backbone/gen_tr_lanes[4].u_tr_ln/g3776/Y -       A->Y  F     NOR2XB_X6M_A9TL          2    60    62    1603 
  u_backbone/gen_tr_lanes[4].u_tr_ln/g3756/Y -       A->Y  R     NAND3XXB_X4M_A9TL        1   125    85    1688 
  u_backbone/gen_tr_lanes[4].u_tr_ln/g3752/Y -       A->Y  F     NOR2XB_X8M_A9TL          2    60    69    1757 
  u_backbone/gen_tr_lanes[4].u_tr_ln/g3750/Y -       A->Y  R     INV_X4M_A9TL             1    42    46    1802 
  u_backbone/gen_tr_lanes[4].u_tr_ln/g3742/Y -       B->Y  F     NAND2_X4M_A9TL           2    52    49    1851 
  u_backbone/gen_tr_lanes[4].u_tr_ln/g3736/Y -       A->Y  F     AND2_X4M_A9TL            4    78   127    1978 
  u_backbone/gen_tr_lanes[4].u_tr_ln/g3719/Y -       A->Y  R     INV_X2M_A9TL             1    62    65    2043 
  u_backbone/gen_tr_lanes[4].u_tr_ln/g3715/Y -       B->Y  F     MXIT2_X3M_A9TL           1    84    66    2109 
  u_backbone/g3617/Y                         -       A->Y  R     NAND2_X4M_A9TL           1    72    71    2180 
  u_backbone/g3441/Y                         -       B->Y  F     NAND3_X6A_A9TL           3   128    71    2251 
  u_backbone/u_post_ln/g6511/Y               -       A->Y  R     NOR2_X3A_A9TL            2   118   110    2360 
  u_backbone/u_post_ln/g6427/Y               -       BN->Y R     NOR2XB_X6M_A9TL          2    91   147    2508 
  u_backbone/u_post_ln/g6365/Y               -       B->Y  F     NAND2_X4M_A9TL           2    68    73    2580 
  u_backbone/u_post_ln/g6612/Y               -       A->Y  R     NOR2_X6A_A9TL            4   120    93    2673 
  u_backbone/u_post_ln/g6281/Y               -       B->Y  F     NAND2_X4M_A9TL           3    86    84    2757 
  u_backbone/u_post_ln/g6135/Y               -       A0->Y R     AOI2XB1_X3M_A9TL         2   128   116    2873 
  u_backbone/u_post_ln/g6091/Y               -       B->Y  F     NAND3XXB_X1P4M_A9TL      1   138   105    2978 
  u_backbone/u_post_ln/g6572/Y               -       B0->Y R     OAI2XB1_X2M_A9TL         1   106    93    3071 
  u_backbone/s2_post_ln_reg_reg[4][7]/D      -       -     R     DFFRPQ_X2M_A9TL          1     -     0    3071 
#---------------------------------------------------------------------------------------------------------------



Path 27: MET (5 ps) Setup Check with Pin u_backbone/s2_post_ln_reg_reg[5][6]/CK->D
          Group: reg2reg
     Startpoint: (R) u_backbone/s1_mode_pre_ln_reg/CK
          Clock: (R) clk
       Endpoint: (R) u_backbone/s2_post_ln_reg_reg[5][6]/D
          Clock: (R) clk

                     Capture       Launch     
        Clock Edge:+    3300            0     
       Src Latency:+       0            0     
       Net Latency:+       0 (I)        0 (I) 
           Arrival:=    3300            0     
                                              
             Setup:-      99                  
       Uncertainty:-     125                  
     Required Time:=    3076                  
      Launch Clock:-       0                  
         Data Path:-    3070                  
             Slack:=       5                  

#--------------------------------------------------------------------------------------------------------------
#               Timing Point                 Flags   Arc   Edge        Cell         Fanout Trans Delay Arrival 
#                                                                                           (ps)  (ps)   (ps)  
#--------------------------------------------------------------------------------------------------------------
  u_backbone/s1_mode_pre_ln_reg/CK           -       -     R     (arrival)             363     0     0       0 
  u_backbone/s1_mode_pre_ln_reg/Q            -       CK->Q F     DFFRPQ_X4M_A9TL         1    73   292     292 
  u_backbone/u_pre_ln/g5761/Y                -       A->Y  R     INV_X16M_A9TL          19   109    94     385 
  u_backbone/u_pre_ln/g5715/Y                -       A->Y  F     NOR2XB_X8M_A9TL         4    72    73     458 
  u_backbone/u_pre_ln/g5627/Y                -       B->Y  R     NAND2_X4M_A9TL          1    84    82     540 
  u_backbone/u_pre_ln/g5616/Y                -       A->Y  F     NOR2XB_X8M_A9TL         3    72    66     607 
  u_backbone/u_pre_ln/g5601/Y                -       B->Y  R     NAND2_X8M_A9TL          4    89    86     692 
  u_backbone/u_pre_ln/g5560/Y                -       B->Y  R     AND2_X3M_A9TL           7   137   163     856 
  u_backbone/gen_tr_lanes[5].u_tr_ln/g3895/Y -       A->Y  F     NOR2_X2B_A9TL           2   124   111     967 
  u_backbone/gen_tr_lanes[5].u_tr_ln/g3844/Y -       B0->Y R     OAI2XB1_X0P5M_A9TL      1   278   163    1130 
  u_backbone/gen_tr_lanes[5].u_tr_ln/g3816/Y -       A1->Y F     OAI22_X1M_A9TL          1   149   193    1323 
  u_backbone/gen_tr_lanes[5].u_tr_ln/g3792/Y -       B->Y  R     NAND2_X2A_A9TL          1    78    90    1413 
  u_backbone/gen_tr_lanes[5].u_tr_ln/g3774/Y -       BN->Y R     NOR2XB_X6M_A9TL         2   101   144    1558 
  u_backbone/gen_tr_lanes[5].u_tr_ln/g3767/Y -       B->Y  F     NAND2_X4M_A9TL          1    65    60    1617 
  u_backbone/gen_tr_lanes[5].u_tr_ln/g3749/Y -       A0->Y R     OAI2XB1_X4M_A9TL        1   104    95    1712 
  u_backbone/gen_tr_lanes[5].u_tr_ln/g3738/Y -       B0->Y F     OAI21_X6M_A9TL          2    60    65    1777 
  u_backbone/gen_tr_lanes[5].u_tr_ln/g3923/Y -       A->Y  F     OR2_X2M_A9TL            1    43   108    1886 
  u_backbone/gen_tr_lanes[5].u_tr_ln/g3725/Y -       BN->Y F     NOR2XB_X3M_A9TL         1    68   128    2013 
  u_backbone/g3608/Y                         -       A->Y  R     NAND2_X4M_A9TL          1    68    65    2078 
  u_backbone/g3430/Y                         -       A->Y  F     NAND3_X6A_A9TL          5   115    76    2153 
  u_backbone/u_post_ln/g6433/Y               -       A0->Y R     OAI21_X4M_A9TL          1    99   104    2257 
  u_backbone/u_post_ln/g6614/Y               -       B->Y  F     NAND2B_X3M_A9TL         2    86    86    2344 
  u_backbone/u_post_ln/g6337/Y               -       A->Y  R     NAND2XB_X6M_A9TL        3    88    79    2423 
  u_backbone/u_post_ln/g6235/Y               -       A1->Y F     AOI21B_X6M_A9TL         2    73    73    2495 
  u_backbone/u_post_ln/g6197/Y               -       B->Y  R     NOR2_X3A_A9TL           2   122   109    2604 
  u_backbone/u_post_ln/g6164/Y               -       A->Y  F     NOR2XB_X4M_A9TL         2    71    74    2679 
  u_backbone/u_post_ln/g6130/Y               -       B->Y  R     NOR2_X3A_A9TL           2   113   104    2783 
  u_backbone/u_post_ln/g6111/Y               -       A->Y  F     NOR2XB_X3M_A9TL         2    79    78    2861 
  u_backbone/u_post_ln/g6104/Y               -       A->Y  R     INV_X2M_A9TL            1    60    64    2925 
  u_backbone/u_post_ln/g6077/Y               -       B->Y  F     NAND3XXB_X4M_A9TL       1    91    56    2981 
  u_backbone/u_post_ln/g6071/Y               -       A->Y  R     NAND3_X2A_A9TL          1   110    89    3070 
  u_backbone/s2_post_ln_reg_reg[5][6]/D      -       -     R     DFFRPQ_X2M_A9TL         1     -     0    3070 
#--------------------------------------------------------------------------------------------------------------



Path 28: MET (5 ps) Setup Check with Pin u_backbone/s2_post_ln_reg_reg[3][6]/CK->D
          Group: reg2reg
     Startpoint: (R) u_backbone/s1_mode_pre_ln_reg/CK
          Clock: (R) clk
       Endpoint: (F) u_backbone/s2_post_ln_reg_reg[3][6]/D
          Clock: (R) clk

                     Capture       Launch     
        Clock Edge:+    3300            0     
       Src Latency:+       0            0     
       Net Latency:+       0 (I)        0 (I) 
           Arrival:=    3300            0     
                                              
             Setup:-     108                  
       Uncertainty:-     125                  
     Required Time:=    3067                  
      Launch Clock:-       0                  
         Data Path:-    3062                  
             Slack:=       5                  

#---------------------------------------------------------------------------------------------------------------
#                Timing Point                 Flags    Arc   Edge       Cell         Fanout Trans Delay Arrival 
#                                                                                            (ps)  (ps)   (ps)  
#---------------------------------------------------------------------------------------------------------------
  u_backbone/s1_mode_pre_ln_reg/CK            -       -      R     (arrival)            363     0     0       0 
  u_backbone/s1_mode_pre_ln_reg/Q             -       CK->Q  R     DFFRPQ_X4M_A9TL        1    98   310     310 
  u_backbone/u_pre_ln/g5761/Y                 -       A->Y   F     INV_X16M_A9TL         19    76    76     385 
  u_backbone/u_pre_ln/g5720/Y                 -       A->Y   R     NOR2XB_X6M_A9TL        2    85    79     464 
  u_backbone/u_pre_ln/g5626/Y                 -       C->Y   R     AND3_X4M_A9TL          3   105   162     627 
  u_backbone/u_pre_ln/g5590/Y                 -       B->Y   F     NAND2_X8M_A9TL         4    78    72     698 
  u_backbone/u_pre_ln/g5792/Y                 -       B->Y   R     XNOR2_X4M_A9TL         7   314   186     885 
  u_backbone/gen_tr_lanes[3].u_tr_ln/g3879/Y  -       B->Y   F     NOR2_X1P4A_A9TL        2   136   158    1042 
  u_backbone/gen_tr_lanes[3].u_tr_ln/g3828/Y  -       B0->Y  R     AOI32_X1M_A9TL         1   195   166    1208 
  u_backbone/gen_tr_lanes[3].u_tr_ln/g3803/Y  -       C0->Y  F     OAI211_X1M_A9TL        1   192   171    1379 
  u_backbone/gen_tr_lanes[3].u_tr_ln/g3781/Y  -       A1->Y  R     AOI22_X3M_A9TL         1   143   181    1560 
  u_backbone/gen_tr_lanes[3].u_tr_ln/g3775/Y  -       A->Y   F     NAND3_X6A_A9TL         2    72    63    1623 
  u_backbone/gen_tr_lanes[3].u_tr_ln/g3748/CO -       A->CO  F     CGEN_X2M_A9TL          2    95   213    1836 
  u_backbone/gen_tr_lanes[3].u_tr_ln/g3741/Y  -       B->Y   F     AND2_X6M_A9TL          4    56   140    1976 
  u_backbone/gen_tr_lanes[3].u_tr_ln/g3724/Y  -       A->Y   R     INV_X2M_A9TL           1    59    58    2033 
  u_backbone/gen_tr_lanes[3].u_tr_ln/g3718/Y  -       B->Y   F     MXIT2_X3M_A9TL         1    77    63    2096 
  u_backbone/g3584/Y                          -       A->Y   R     NAND2_X3A_A9TL         1    55    57    2153 
  u_backbone/g3404/Y                          -       A->Y   F     NAND3XXB_X3M_A9TL      2   113    78    2231 
  u_backbone/u_post_ln/g6514/Y                -       A->Y   R     NOR2_X4A_A9TL          3   130   114    2346 
  u_backbone/u_post_ln/g6429/Y                -       BN->Y  R     NOR2XB_X6M_A9TL        3   100   161    2506 
  u_backbone/u_post_ln/g6361/Y                -       B->Y   F     NAND2_X4M_A9TL         2    63    71    2577 
  u_backbone/u_post_ln/g6241/Y                -       A->Y   R     NOR2XB_X6M_A9TL        2    83    75    2652 
  u_backbone/u_post_ln/g6198/Y                -       B->Y   F     NAND2_X4M_A9TL         2    75    58    2710 
  u_backbone/u_post_ln/g6156/Y                -       A->Y   R     NAND2XB_X2M_A9TL       1   108    86    2797 
  u_backbone/u_post_ln/g6136/Y                -       B->Y   F     NAND2_X4M_A9TL         3    86    72    2869 
  u_backbone/u_post_ln/g6103/Y                -       C0->Y  R     OAI211_X1P4M_A9TL      1   192   115    2983 
  u_backbone/u_post_ln/g6075/Y                -       B0N->Y F     AO21B_X2M_A9TL         1    82    78    3061 
  u_backbone/s2_post_ln_reg_reg[3][6]/D       -       -      F     DFFRPQ_X1M_A9TL        1     -     0    3062 
#---------------------------------------------------------------------------------------------------------------



Path 29: MET (5 ps) Setup Check with Pin u_backbone/s2_post_ln_reg_reg[5][6]/CK->D
          Group: reg2reg
     Startpoint: (R) u_backbone/s1_mode_pre_ln_reg/CK
          Clock: (R) clk
       Endpoint: (R) u_backbone/s2_post_ln_reg_reg[5][6]/D
          Clock: (R) clk

                     Capture       Launch     
        Clock Edge:+    3300            0     
       Src Latency:+       0            0     
       Net Latency:+       0 (I)        0 (I) 
           Arrival:=    3300            0     
                                              
             Setup:-      99                  
       Uncertainty:-     125                  
     Required Time:=    3076                  
      Launch Clock:-       0                  
         Data Path:-    3070                  
             Slack:=       5                  

#--------------------------------------------------------------------------------------------------------------
#               Timing Point                 Flags   Arc   Edge        Cell         Fanout Trans Delay Arrival 
#                                                                                           (ps)  (ps)   (ps)  
#--------------------------------------------------------------------------------------------------------------
  u_backbone/s1_mode_pre_ln_reg/CK           -       -     R     (arrival)             363     0     0       0 
  u_backbone/s1_mode_pre_ln_reg/Q            -       CK->Q F     DFFRPQ_X4M_A9TL         1    73   292     292 
  u_backbone/u_pre_ln/g5761/Y                -       A->Y  R     INV_X16M_A9TL          19   109    94     385 
  u_backbone/u_pre_ln/g5715/Y                -       A->Y  F     NOR2XB_X8M_A9TL         4    72    73     458 
  u_backbone/u_pre_ln/g5627/Y                -       B->Y  R     NAND2_X4M_A9TL          1    84    82     540 
  u_backbone/u_pre_ln/g5616/Y                -       A->Y  F     NOR2XB_X8M_A9TL         3    72    66     607 
  u_backbone/u_pre_ln/g5601/Y                -       B->Y  R     NAND2_X8M_A9TL          4    89    86     692 
  u_backbone/u_pre_ln/g5560/Y                -       B->Y  R     AND2_X3M_A9TL           7   137   163     856 
  u_backbone/gen_tr_lanes[5].u_tr_ln/g3895/Y -       A->Y  F     NOR2_X2B_A9TL           2   124   111     967 
  u_backbone/gen_tr_lanes[5].u_tr_ln/g3844/Y -       B0->Y R     OAI2XB1_X0P5M_A9TL      1   278   163    1130 
  u_backbone/gen_tr_lanes[5].u_tr_ln/g3816/Y -       A1->Y F     OAI22_X1M_A9TL          1   149   193    1323 
  u_backbone/gen_tr_lanes[5].u_tr_ln/g3792/Y -       B->Y  R     NAND2_X2A_A9TL          1    78    90    1413 
  u_backbone/gen_tr_lanes[5].u_tr_ln/g3774/Y -       BN->Y R     NOR2XB_X6M_A9TL         2   101   144    1558 
  u_backbone/gen_tr_lanes[5].u_tr_ln/g3767/Y -       B->Y  F     NAND2_X4M_A9TL          1    65    60    1617 
  u_backbone/gen_tr_lanes[5].u_tr_ln/g3749/Y -       A0->Y R     OAI2XB1_X4M_A9TL        1   104    95    1712 
  u_backbone/gen_tr_lanes[5].u_tr_ln/g3738/Y -       B0->Y F     OAI21_X6M_A9TL          2    60    65    1777 
  u_backbone/gen_tr_lanes[5].u_tr_ln/g3734/Y -       B->Y  F     AND2_X4M_A9TL           4    72   135    1913 
  u_backbone/gen_tr_lanes[5].u_tr_ln/g3716/Y -       A->Y  R     INV_X2M_A9TL            1    54    57    1970 
  u_backbone/gen_tr_lanes[5].u_tr_ln/g3713/Y -       B->Y  F     MXIT2_X2M_A9TL          1    96    77    2047 
  u_backbone/g3606/Y                         -       A->Y  R     NAND2_X4M_A9TL          1    72    76    2123 
  u_backbone/g3429/Y                         -       A->Y  F     NAND3XXB_X6M_A9TL       4    96    67    2190 
  u_backbone/u_post_ln/g6614/Y               -       AN->Y F     NAND2B_X3M_A9TL         2    86   154    2343 
  u_backbone/u_post_ln/g6337/Y               -       A->Y  R     NAND2XB_X6M_A9TL        3    88    79    2422 
  u_backbone/u_post_ln/g6235/Y               -       A1->Y F     AOI21B_X6M_A9TL         2    73    73    2495 
  u_backbone/u_post_ln/g6197/Y               -       B->Y  R     NOR2_X3A_A9TL           2   122   109    2604 
  u_backbone/u_post_ln/g6164/Y               -       A->Y  F     NOR2XB_X4M_A9TL         2    71    74    2678 
  u_backbone/u_post_ln/g6130/Y               -       B->Y  R     NOR2_X3A_A9TL           2   113   104    2783 
  u_backbone/u_post_ln/g6111/Y               -       A->Y  F     NOR2XB_X3M_A9TL         2    79    78    2861 
  u_backbone/u_post_ln/g6104/Y               -       A->Y  R     INV_X2M_A9TL            1    60    64    2925 
  u_backbone/u_post_ln/g6077/Y               -       B->Y  F     NAND3XXB_X4M_A9TL       1    91    56    2981 
  u_backbone/u_post_ln/g6071/Y               -       A->Y  R     NAND3_X2A_A9TL          1   110    89    3070 
  u_backbone/s2_post_ln_reg_reg[5][6]/D      -       -     R     DFFRPQ_X2M_A9TL         1     -     0    3070 
#--------------------------------------------------------------------------------------------------------------



Path 30: MET (6 ps) Setup Check with Pin u_backbone/s2_post_ln_reg_reg[3][6]/CK->D
          Group: reg2reg
     Startpoint: (R) u_backbone/s1_mode_pre_ln_reg/CK
          Clock: (R) clk
       Endpoint: (F) u_backbone/s2_post_ln_reg_reg[3][6]/D
          Clock: (R) clk

                     Capture       Launch     
        Clock Edge:+    3300            0     
       Src Latency:+       0            0     
       Net Latency:+       0 (I)        0 (I) 
           Arrival:=    3300            0     
                                              
             Setup:-     108                  
       Uncertainty:-     125                  
     Required Time:=    3067                  
      Launch Clock:-       0                  
         Data Path:-    3061                  
             Slack:=       6                  

#----------------------------------------------------------------------------------------------------------------
#                Timing Point                 Flags    Arc   Edge        Cell         Fanout Trans Delay Arrival 
#                                                                                             (ps)  (ps)   (ps)  
#----------------------------------------------------------------------------------------------------------------
  u_backbone/s1_mode_pre_ln_reg/CK            -       -      R     (arrival)             363     0     0       0 
  u_backbone/s1_mode_pre_ln_reg/Q             -       CK->Q  R     DFFRPQ_X4M_A9TL         1    98   310     310 
  u_backbone/u_pre_ln/g5761/Y                 -       A->Y   F     INV_X16M_A9TL          19    76    76     385 
  u_backbone/u_pre_ln/g5720/Y                 -       A->Y   R     NOR2XB_X6M_A9TL         2    85    79     464 
  u_backbone/u_pre_ln/g5626/Y                 -       C->Y   R     AND3_X4M_A9TL           3   105   162     627 
  u_backbone/u_pre_ln/g5590/Y                 -       B->Y   F     NAND2_X8M_A9TL          4    78    72     698 
  u_backbone/u_pre_ln/g5792/Y                 -       B->Y   R     XNOR2_X4M_A9TL          7   314   186     885 
  u_backbone/gen_tr_lanes[3].u_tr_ln/g3879/Y  -       B->Y   F     NOR2_X1P4A_A9TL         2   136   158    1042 
  u_backbone/gen_tr_lanes[3].u_tr_ln/g3828/Y  -       B0->Y  R     AOI32_X1M_A9TL          1   195   166    1208 
  u_backbone/gen_tr_lanes[3].u_tr_ln/g3803/Y  -       C0->Y  F     OAI211_X1M_A9TL         1   192   171    1379 
  u_backbone/gen_tr_lanes[3].u_tr_ln/g3781/Y  -       A1->Y  R     AOI22_X3M_A9TL          1   143   181    1560 
  u_backbone/gen_tr_lanes[3].u_tr_ln/g3775/Y  -       A->Y   F     NAND3_X6A_A9TL          2    72    63    1623 
  u_backbone/gen_tr_lanes[3].u_tr_ln/g3748/CO -       A->CO  F     CGEN_X2M_A9TL           2    95   213    1836 
  u_backbone/gen_tr_lanes[3].u_tr_ln/g3741/Y  -       B->Y   F     AND2_X6M_A9TL           4    56   140    1976 
  u_backbone/gen_tr_lanes[3].u_tr_ln/g3724/Y  -       A->Y   R     INV_X2M_A9TL            1    59    58    2033 
  u_backbone/gen_tr_lanes[3].u_tr_ln/g3718/Y  -       B->Y   F     MXIT2_X3M_A9TL          1    77    63    2096 
  u_backbone/g3584/Y                          -       A->Y   R     NAND2_X3A_A9TL          1    55    57    2153 
  u_backbone/g3404/Y                          -       A->Y   F     NAND3XXB_X3M_A9TL       2   113    78    2231 
  u_backbone/u_post_ln/g6514/Y                -       A->Y   R     NOR2_X4A_A9TL           3   130   114    2346 
  u_backbone/u_post_ln/g6429/Y                -       BN->Y  R     NOR2XB_X6M_A9TL         3   100   161    2506 
  u_backbone/u_post_ln/g6361/Y                -       B->Y   F     NAND2_X4M_A9TL          2    63    71    2577 
  u_backbone/u_post_ln/g6241/Y                -       A->Y   R     NOR2XB_X6M_A9TL         2    83    75    2652 
  u_backbone/u_post_ln/g6226/Y                -       A->Y   F     INV_X2M_A9TL            3    57    63    2716 
  u_backbone/u_post_ln/g6170/Y                -       A0->Y  R     OAI2XB1_X1P4M_A9TL      1   132   109    2824 
  u_backbone/u_post_ln/g6140/Y                -       B0N->Y F     AO21B_X1M_A9TL          1   102    98    2922 
  u_backbone/u_post_ln/g6075/Y                -       A1->Y  F     AO21B_X2M_A9TL          1    82   139    3061 
  u_backbone/s2_post_ln_reg_reg[3][6]/D       -       -      F     DFFRPQ_X1M_A9TL         1     -     0    3061 
#----------------------------------------------------------------------------------------------------------------



Path 31: MET (6 ps) Setup Check with Pin u_backbone/s2_post_ln_reg_reg[0][7]/CK->D
          Group: reg2reg
     Startpoint: (R) u_backbone/s1_vec_in_reg[0][8]/CK
          Clock: (R) clk
       Endpoint: (R) u_backbone/s2_post_ln_reg_reg[0][7]/D
          Clock: (R) clk

                     Capture       Launch     
        Clock Edge:+    3300            0     
       Src Latency:+       0            0     
       Net Latency:+       0 (I)        0 (I) 
           Arrival:=    3300            0     
                                              
             Setup:-      98                  
       Uncertainty:-     125                  
     Required Time:=    3077                  
      Launch Clock:-       0                  
         Data Path:-    3071                  
             Slack:=       6                  

#--------------------------------------------------------------------------------------------------------------
#               Timing Point                 Flags    Arc   Edge       Cell         Fanout Trans Delay Arrival 
#                                                                                           (ps)  (ps)   (ps)  
#--------------------------------------------------------------------------------------------------------------
  u_backbone/s1_vec_in_reg[0][8]/CK          -       -      R     (arrival)            363     0     0       0 
  u_backbone/s1_vec_in_reg[0][8]/QN          -       CK->QN F     DFFRPQN_X1M_A9TL       1   118   267     267 
  u_backbone/g2542/Y                         -       A->Y   R     INV_X2M_A9TL           4   123   112     379 
  u_backbone/u_pre_ln/g5711/Y                -       B->Y   F     NAND2_X1P4M_A9TL       2   119   110     489 
  u_backbone/u_pre_ln/g5688/Y                -       A->Y   R     INV_X1M_A9TL           2   145   126     615 
  u_backbone/u_pre_ln/g5570/Y                -       B->Y   R     AND3_X3M_A9TL          3    89   161     776 
  u_backbone/u_pre_ln/g5512/Y                -       A->Y   F     NAND2XB_X2M_A9TL       1    60    59     836 
  u_backbone/u_pre_ln/g5411/Y                -       A->Y   R     NAND2XB_X2M_A9TL       1    98    76     912 
  u_backbone/u_pre_ln/g5405/Y                -       B->Y   R     AND2_X6M_A9TL         11   126   161    1074 
  u_backbone/gen_tr_lanes[0].u_tr_ln/g3878/Y -       A->Y   F     NOR2XB_X3M_A9TL        2    71    77    1150 
  u_backbone/gen_tr_lanes[0].u_tr_ln/g3827/Y -       CN->Y  F     NAND3XXB_X2M_A9TL      1   114   175    1325 
  u_backbone/gen_tr_lanes[0].u_tr_ln/g3816/Y -       A->Y   R     NAND2XB_X4M_A9TL       2   108   102    1427 
  u_backbone/gen_tr_lanes[0].u_tr_ln/g3786/Y -       A->Y   F     NAND2_X8M_A9TL         2    72    66    1493 
  u_backbone/gen_tr_lanes[0].u_tr_ln/g3783/Y -       A->Y   R     INV_X9M_A9TL           5    60    62    1556 
  u_backbone/gen_tr_lanes[0].u_tr_ln/g3777/Y -       B->Y   F     NAND2_X6A_A9TL         2    75    66    1621 
  u_backbone/gen_tr_lanes[0].u_tr_ln/g3770/Y -       BN->Y  F     NOR2XB_X6M_A9TL        2    59   130    1751 
  u_backbone/gen_tr_lanes[0].u_tr_ln/g3767/Y -       B->Y   R     NOR2_X4M_A9TL          2    90    86    1837 
  u_backbone/gen_tr_lanes[0].u_tr_ln/g3755/Y -       A->Y   F     NOR2XB_X3M_A9TL        1    71    68    1904 
  u_backbone/gen_tr_lanes[0].u_tr_ln/g3740/Y -       A->Y   R     NAND2_X4A_A9TL         3    83    72    1976 
  u_backbone/gen_tr_lanes[0].u_tr_ln/g3722/Y -       BN->Y  R     NAND2XB_X4M_A9TL       2    76   126    2102 
  u_backbone/gen_tr_lanes[0].u_tr_ln/g3721/Y -       A->Y   F     INV_X2M_A9TL           1    43    50    2152 
  u_backbone/gen_tr_lanes[0].u_tr_ln/g3716/Y -       B->Y   R     MXIT2_X3M_A9TL         1   114    78    2230 
  u_backbone/gen_tr_lanes[0].u_tr_ln/g3707/Y -       B0->Y  F     AOI32_X3M_A9TL         1   113    78    2308 
  u_backbone/g3456/Y                         -       B0->Y  R     AOI22_X3M_A9TL         1   137   120    2427 
  u_backbone/g3419/Y                         -       B->Y   F     NAND2_X4M_A9TL         3   114    79    2506 
  u_backbone/u_post_ln/g6242/Y               -       BN->Y  F     NAND2XB_X4M_A9TL       4    78   157    2663 
  u_backbone/u_post_ln/g6199/Y               -       A->Y   R     NOR2_X3A_A9TL          2   169   120    2783 
  u_backbone/u_post_ln/g6167/Y               -       B->Y   F     NAND2_X4M_A9TL         2    83    85    2867 
  u_backbone/u_post_ln/g6131/Y               -       B->Y   R     NAND2_X4M_A9TL         2    94    78    2946 
  u_backbone/u_post_ln/g6107/Y               -       A->Y   F     NAND2XB_X2M_A9TL       1    58    57    3002 
  u_backbone/u_post_ln/g6102/Y               -       A->Y   R     NAND2_X1P4M_A9TL       1    83    68    3071 
  u_backbone/s2_post_ln_reg_reg[0][7]/D      -       -      R     DFFRPQ_X1M_A9TL        1     -     0    3071 
#--------------------------------------------------------------------------------------------------------------



Path 32: MET (6 ps) Setup Check with Pin u_backbone/s2_post_ln_reg_reg[2][7]/CK->D
          Group: reg2reg
     Startpoint: (R) u_backbone/s1_mode_pre_ln_reg/CK
          Clock: (R) clk
       Endpoint: (R) u_backbone/s2_post_ln_reg_reg[2][7]/D
          Clock: (R) clk

                     Capture       Launch     
        Clock Edge:+    3300            0     
       Src Latency:+       0            0     
       Net Latency:+       0 (I)        0 (I) 
           Arrival:=    3300            0     
                                              
             Setup:-     103                  
       Uncertainty:-     125                  
     Required Time:=    3072                  
      Launch Clock:-       0                  
         Data Path:-    3066                  
             Slack:=       6                  

#---------------------------------------------------------------------------------------------------------------
#               Timing Point                 Flags   Arc   Edge        Cell          Fanout Trans Delay Arrival 
#                                                                                            (ps)  (ps)   (ps)  
#---------------------------------------------------------------------------------------------------------------
  u_backbone/s1_mode_pre_ln_reg/CK           -       -     R     (arrival)              363     0     0       0 
  u_backbone/s1_mode_pre_ln_reg/Q            -       CK->Q R     DFFRPQ_X4M_A9TL          1    98   310     310 
  u_backbone/u_pre_ln/g5761/Y                -       A->Y  F     INV_X16M_A9TL           19    76    76     385 
  u_backbone/u_pre_ln/g5719/Y                -       A->Y  R     NOR2XB_X8M_A9TL          4   105    91     476 
  u_backbone/u_pre_ln/g5612/Y                -       C->Y  R     AND3_X4M_A9TL            2    80   151     627 
  u_backbone/u_pre_ln/g5603/Y                -       B->Y  F     NAND2_X6A_A9TL           4    93    81     708 
  u_backbone/u_pre_ln/g5502/Y                -       A->Y  R     INV_X3M_A9TL             1    57    62     769 
  u_backbone/u_pre_ln/g5497/Y                -       B->Y  F     NAND2_X4M_A9TL           2    79    63     832 
  u_backbone/u_pre_ln/g5393/Y                -       A->Y  R     NAND2XB_X3M_A9TL         1    78    72     904 
  u_backbone/u_pre_ln/g5380/Y                -       B->Y  R     AND2_X6M_A9TL            6    87   135    1039 
  u_backbone/gen_tr_lanes[2].u_tr_ln/g3901/Y -       A->Y  F     NOR2_X8M_A9TL            4    67    59    1098 
  u_backbone/gen_tr_lanes[2].u_tr_ln/g3864/Y -       BN->Y F     NOR2XB_X6M_A9TL          2    57   125    1224 
  u_backbone/gen_tr_lanes[2].u_tr_ln/g3857/Y -       A->Y  R     INV_X3M_A9TL             2    67    64    1288 
  u_backbone/gen_tr_lanes[2].u_tr_ln/g3827/Y -       A->Y  F     NOR2_X4A_A9TL            3    82    64    1352 
  u_backbone/gen_tr_lanes[2].u_tr_ln/g3813/Y -       B->Y  R     NOR2_X3A_A9TL            2   139   118    1470 
  u_backbone/gen_tr_lanes[2].u_tr_ln/g3807/Y -       A->Y  F     INV_X2M_A9TL             2    72    78    1549 
  u_backbone/gen_tr_lanes[2].u_tr_ln/g3769/Y -       CN->Y F     NAND3XXB_X3M_A9TL        1    82   154    1702 
  u_backbone/gen_tr_lanes[2].u_tr_ln/g3766/Y -       A->Y  R     INV_X3M_A9TL             2    54    59    1761 
  u_backbone/gen_tr_lanes[2].u_tr_ln/g3750/Y -       BN->Y R     NAND2XB_X4M_A9TL         1    72   114    1875 
  u_backbone/gen_tr_lanes[2].u_tr_ln/g3936/Y -       B->Y  F     NAND2B_X4M_A9TL          3    78    72    1947 
  u_backbone/gen_tr_lanes[2].u_tr_ln/g3730/Y -       B->Y  R     NAND2_X4A_A9TL           2    69    73    2020 
  u_backbone/gen_tr_lanes[2].u_tr_ln/g3719/Y -       B->Y  F     MXIT2_X3M_A9TL           1    73    71    2092 
  u_backbone/gen_tr_lanes[2].u_tr_ln/g3714/Y -       B0->Y R     AOI21_X6M_A9TL           1    79    80    2171 
  u_backbone/gen_tr_lanes[2].u_tr_ln/g3712/Y -       B0->Y F     AOI21_X6M_A9TL           1    61    50    2221 
  u_backbone/g3454/Y                         -       B0->Y R     AOI22_X4M_A9TL           1   122    92    2313 
  u_backbone/g3395/Y                         -       B->Y  F     NAND2_X4M_A9TL           4   129    81    2394 
  u_backbone/u_post_ln/g6368/Y               -       CN->Y F     NAND3XXB_X6M_A9TL        3    93   173    2567 
  u_backbone/u_post_ln/g6610/Y               -       A->Y  R     NOR2_X6A_A9TL            3   107    93    2660 
  u_backbone/u_post_ln/g6283/Y               -       A->Y  F     NAND2XB_X3M_A9TL         3    99    88    2748 
  u_backbone/u_post_ln/g6134/Y               -       A0->Y R     AOI2XB1_X3M_A9TL         2   128   120    2869 
  u_backbone/u_post_ln/g6088/Y               -       B->Y  F     NAND3XXB_X1P4M_A9TL      1   138   105    2974 
  u_backbone/u_post_ln/g6571/Y               -       B0->Y R     OAI2XB1_X2M_A9TL         1   105    92    3066 
  u_backbone/s2_post_ln_reg_reg[2][7]/D      -       -     R     DFFRPQ_X1M_A9TL          1     -     0    3066 
#---------------------------------------------------------------------------------------------------------------



Path 33: MET (6 ps) Setup Check with Pin u_backbone/s2_post_ln_reg_reg[4][7]/CK->D
          Group: reg2reg
     Startpoint: (R) u_backbone/s1_mode_pre_ln_reg/CK
          Clock: (R) clk
       Endpoint: (R) u_backbone/s2_post_ln_reg_reg[4][7]/D
          Clock: (R) clk

                     Capture       Launch     
        Clock Edge:+    3300            0     
       Src Latency:+       0            0     
       Net Latency:+       0 (I)        0 (I) 
           Arrival:=    3300            0     
                                              
             Setup:-      99                  
       Uncertainty:-     125                  
     Required Time:=    3076                  
      Launch Clock:-       0                  
         Data Path:-    3071                  
             Slack:=       6                  

#---------------------------------------------------------------------------------------------------------------
#               Timing Point                 Flags   Arc   Edge        Cell          Fanout Trans Delay Arrival 
#                                                                                            (ps)  (ps)   (ps)  
#---------------------------------------------------------------------------------------------------------------
  u_backbone/s1_mode_pre_ln_reg/CK           -       -     R     (arrival)              363     0     0       0 
  u_backbone/s1_mode_pre_ln_reg/Q            -       CK->Q R     DFFRPQ_X4M_A9TL          1    98   310     310 
  u_backbone/u_pre_ln/g5761/Y                -       A->Y  F     INV_X16M_A9TL           19    76    76     385 
  u_backbone/u_pre_ln/g5718/Y                -       A->Y  R     NOR2XB_X6M_A9TL          2    85    79     464 
  u_backbone/u_pre_ln/g5643/Y                -       A->Y  F     INV_X3M_A9TL             3    49    56     520 
  u_backbone/u_pre_ln/g5782/Y                -       BN->Y F     NAND2XB_X3M_A9TL         2    63   126     646 
  u_backbone/u_pre_ln/g5549/Y                -       A->Y  R     NAND2XB_X2M_A9TL         1    82    68     714 
  u_backbone/u_pre_ln/g5538/Y                -       A->Y  R     AND2_X3M_A9TL            5   101   138     852 
  u_backbone/gen_tr_lanes[4].u_tr_ln/g3871/Y -       A->Y  F     NOR2_X2M_A9TL            2   113    91     942 
  u_backbone/gen_tr_lanes[4].u_tr_ln/g3926/Y -       B0->Y R     OAI2XB1_X1M_A9TL         1   179   115    1058 
  u_backbone/gen_tr_lanes[4].u_tr_ln/g3816/Y -       B->Y  F     NAND2_X1A_A9TL           1   104   114    1172 
  u_backbone/gen_tr_lanes[4].u_tr_ln/g3805/Y -       CN->Y F     NAND3XXB_X3M_A9TL        1    82   164    1336 
  u_backbone/gen_tr_lanes[4].u_tr_ln/g3787/Y -       C->Y  F     AND3_X4M_A9TL            2    53   148    1484 
  u_backbone/gen_tr_lanes[4].u_tr_ln/g3784/Y -       A->Y  R     INV_X4M_A9TL             3    68    64    1548 
  u_backbone/gen_tr_lanes[4].u_tr_ln/g3920/Y -       A->Y  R     OR2_X1M_A9TL             1    85   126    1674 
  u_backbone/gen_tr_lanes[4].u_tr_ln/g3751/Y -       BN->Y R     NAND2XB_X4M_A9TL         1    70   124    1797 
  u_backbone/gen_tr_lanes[4].u_tr_ln/g3742/Y -       A->Y  F     NAND2_X4M_A9TL           2    52    53    1850 
  u_backbone/gen_tr_lanes[4].u_tr_ln/g3736/Y -       A->Y  F     AND2_X4M_A9TL            4    78   127    1977 
  u_backbone/gen_tr_lanes[4].u_tr_ln/g3719/Y -       A->Y  R     INV_X2M_A9TL             1    62    65    2042 
  u_backbone/gen_tr_lanes[4].u_tr_ln/g3715/Y -       B->Y  F     MXIT2_X3M_A9TL           1    84    66    2108 
  u_backbone/g3617/Y                         -       A->Y  R     NAND2_X4M_A9TL           1    72    71    2179 
  u_backbone/g3441/Y                         -       B->Y  F     NAND3_X6A_A9TL           3   128    71    2250 
  u_backbone/u_post_ln/g6511/Y               -       A->Y  R     NOR2_X3A_A9TL            2   118   110    2360 
  u_backbone/u_post_ln/g6427/Y               -       BN->Y R     NOR2XB_X6M_A9TL          2    91   147    2507 
  u_backbone/u_post_ln/g6365/Y               -       B->Y  F     NAND2_X4M_A9TL           2    68    73    2580 
  u_backbone/u_post_ln/g6612/Y               -       A->Y  R     NOR2_X6A_A9TL            4   120    93    2672 
  u_backbone/u_post_ln/g6281/Y               -       B->Y  F     NAND2_X4M_A9TL           3    86    84    2756 
  u_backbone/u_post_ln/g6135/Y               -       A0->Y R     AOI2XB1_X3M_A9TL         2   128   116    2872 
  u_backbone/u_post_ln/g6091/Y               -       B->Y  F     NAND3XXB_X1P4M_A9TL      1   138   105    2977 
  u_backbone/u_post_ln/g6572/Y               -       B0->Y R     OAI2XB1_X2M_A9TL         1   106    93    3071 
  u_backbone/s2_post_ln_reg_reg[4][7]/D      -       -     R     DFFRPQ_X2M_A9TL          1     -     0    3071 
#---------------------------------------------------------------------------------------------------------------



Path 34: MET (6 ps) Setup Check with Pin u_backbone/s2_post_ln_reg_reg[3][7]/CK->D
          Group: reg2reg
     Startpoint: (R) u_backbone/s1_mode_pre_ln_reg/CK
          Clock: (R) clk
       Endpoint: (R) u_backbone/s2_post_ln_reg_reg[3][7]/D
          Clock: (R) clk

                     Capture       Launch     
        Clock Edge:+    3300            0     
       Src Latency:+       0            0     
       Net Latency:+       0 (I)        0 (I) 
           Arrival:=    3300            0     
                                              
             Setup:-      94                  
       Uncertainty:-     125                  
     Required Time:=    3081                  
      Launch Clock:-       0                  
         Data Path:-    3075                  
             Slack:=       6                  

#---------------------------------------------------------------------------------------------------------------
#                Timing Point                 Flags    Arc   Edge       Cell         Fanout Trans Delay Arrival 
#                                                                                            (ps)  (ps)   (ps)  
#---------------------------------------------------------------------------------------------------------------
  u_backbone/s1_mode_pre_ln_reg/CK            -       -      R     (arrival)            363     0     0       0 
  u_backbone/s1_mode_pre_ln_reg/Q             -       CK->Q  F     DFFRPQ_X4M_A9TL        1    73   292     292 
  u_backbone/u_pre_ln/g5761/Y                 -       A->Y   R     INV_X16M_A9TL         19   109    94     385 
  u_backbone/u_pre_ln/g5720/Y                 -       A->Y   F     NOR2XB_X6M_A9TL        2    59    64     449 
  u_backbone/u_pre_ln/g5626/Y                 -       C->Y   F     AND3_X4M_A9TL          3    76   159     608 
  u_backbone/u_pre_ln/g5590/Y                 -       B->Y   R     NAND2_X8M_A9TL         4    89    87     695 
  u_backbone/u_pre_ln/g5792/Y                 -       B->Y   R     XNOR2_X4M_A9TL         7   314   193     888 
  u_backbone/gen_tr_lanes[3].u_tr_ln/g3879/Y  -       B->Y   F     NOR2_X1P4A_A9TL        2   136   158    1046 
  u_backbone/gen_tr_lanes[3].u_tr_ln/g3828/Y  -       B0->Y  R     AOI32_X1M_A9TL         1   195   166    1212 
  u_backbone/gen_tr_lanes[3].u_tr_ln/g3803/Y  -       C0->Y  F     OAI211_X1M_A9TL        1   192   171    1382 
  u_backbone/gen_tr_lanes[3].u_tr_ln/g3781/Y  -       A1->Y  R     AOI22_X3M_A9TL         1   143   181    1563 
  u_backbone/gen_tr_lanes[3].u_tr_ln/g3775/Y  -       A->Y   F     NAND3_X6A_A9TL         2    72    63    1626 
  u_backbone/gen_tr_lanes[3].u_tr_ln/g3748/CO -       A->CO  F     CGEN_X2M_A9TL          2    95   213    1839 
  u_backbone/gen_tr_lanes[3].u_tr_ln/g3741/Y  -       B->Y   F     AND2_X6M_A9TL          4    56   140    1979 
  u_backbone/gen_tr_lanes[3].u_tr_ln/g3724/Y  -       A->Y   R     INV_X2M_A9TL           1    59    58    2036 
  u_backbone/gen_tr_lanes[3].u_tr_ln/g3718/Y  -       B->Y   F     MXIT2_X3M_A9TL         1    77    63    2100 
  u_backbone/g3584/Y                          -       A->Y   R     NAND2_X3A_A9TL         1    55    57    2157 
  u_backbone/g3404/Y                          -       A->Y   F     NAND3XXB_X3M_A9TL      2   113    78    2235 
  u_backbone/u_post_ln/g6514/Y                -       A->Y   R     NOR2_X4A_A9TL          3   130   114    2349 
  u_backbone/u_post_ln/g6429/Y                -       BN->Y  R     NOR2XB_X6M_A9TL        3   100   161    2510 
  u_backbone/u_post_ln/g6361/Y                -       B->Y   F     NAND2_X4M_A9TL         2    63    71    2581 
  u_backbone/u_post_ln/g6241/Y                -       A->Y   R     NOR2XB_X6M_A9TL        2    83    75    2656 
  u_backbone/u_post_ln/g6198/Y                -       B->Y   F     NAND2_X4M_A9TL         2    75    58    2714 
  u_backbone/u_post_ln/g6156/Y                -       A->Y   R     NAND2XB_X2M_A9TL       1   108    86    2800 
  u_backbone/u_post_ln/g6136/Y                -       B->Y   F     NAND2_X4M_A9TL         3    86    72    2872 
  u_backbone/u_post_ln/g6124/Y                -       A->Y   R     INV_X2M_A9TL           1    53    58    2930 
  u_backbone/u_post_ln/g6087/Y                -       B->Y   F     NAND3XXB_X2M_A9TL      1   123    77    3007 
  u_backbone/u_post_ln/g6081/Y                -       B0N->Y R     AO21B_X2M_A9TL         1    63    68    3075 
  u_backbone/s2_post_ln_reg_reg[3][7]/D       -       -      R     DFFRPQ_X1M_A9TL        1     -     0    3075 
#---------------------------------------------------------------------------------------------------------------



Path 35: MET (6 ps) Setup Check with Pin u_backbone/s2_post_ln_reg_reg[5][6]/CK->D
          Group: reg2reg
     Startpoint: (R) u_backbone/s1_mode_pre_ln_reg/CK
          Clock: (R) clk
       Endpoint: (R) u_backbone/s2_post_ln_reg_reg[5][6]/D
          Clock: (R) clk

                     Capture       Launch     
        Clock Edge:+    3300            0     
       Src Latency:+       0            0     
       Net Latency:+       0 (I)        0 (I) 
           Arrival:=    3300            0     
                                              
             Setup:-      99                  
       Uncertainty:-     125                  
     Required Time:=    3076                  
      Launch Clock:-       0                  
         Data Path:-    3070                  
             Slack:=       6                  

#-------------------------------------------------------------------------------------------------------------
#               Timing Point                 Flags   Arc   Edge       Cell         Fanout Trans Delay Arrival 
#                                                                                          (ps)  (ps)   (ps)  
#-------------------------------------------------------------------------------------------------------------
  u_backbone/s1_mode_pre_ln_reg/CK           -       -     R     (arrival)            363     0     0       0 
  u_backbone/s1_mode_pre_ln_reg/Q            -       CK->Q R     DFFRPQ_X4M_A9TL        1    98   310     310 
  u_backbone/u_pre_ln/g5761/Y                -       A->Y  F     INV_X16M_A9TL         19    76    76     385 
  u_backbone/u_pre_ln/g5715/Y                -       A->Y  R     NOR2XB_X8M_A9TL        4   105    91     477 
  u_backbone/u_pre_ln/g5627/Y                -       B->Y  F     NAND2_X4M_A9TL         1    60    69     546 
  u_backbone/u_pre_ln/g5616/Y                -       A->Y  R     NOR2XB_X8M_A9TL        3   107    88     634 
  u_backbone/u_pre_ln/g5572/Y                -       C->Y  R     AND3_X4M_A9TL          2    71   144     777 
  u_backbone/u_pre_ln/g5516/Y                -       A->Y  F     NAND2XB_X4M_A9TL       1    49    48     826 
  u_backbone/u_pre_ln/g5408/Y                -       A->Y  R     NAND2XB_X4M_A9TL       1    69    54     880 
  u_backbone/u_pre_ln/g5402/Y                -       A->Y  R     AND2_X6M_A9TL          6   103   137    1017 
  u_backbone/gen_tr_lanes[5].u_tr_ln/g3897/Y -       A->Y  F     NOR2_X8M_A9TL          5    94    78    1095 
  u_backbone/gen_tr_lanes[5].u_tr_ln/g3867/Y -       A->Y  R     NAND2XB_X2M_A9TL       1    74    73    1167 
  u_backbone/gen_tr_lanes[5].u_tr_ln/g3819/Y -       B1->Y R     AO1B2_X2M_A9TL         1    69   137    1304 
  u_backbone/gen_tr_lanes[5].u_tr_ln/g3814/Y -       B->Y  F     NOR2_X2A_A9TL          1    53    62    1366 
  u_backbone/gen_tr_lanes[5].u_tr_ln/g3799/Y -       B->Y  R     NOR2_X2A_A9TL          1   108    94    1460 
  u_backbone/gen_tr_lanes[5].u_tr_ln/g3777/Y -       B->Y  F     NAND4_X3A_A9TL         2   185   148    1608 
  u_backbone/gen_tr_lanes[5].u_tr_ln/g3745/Y -       B0->Y R     OAI2XB1_X6M_A9TL       1    99    98    1706 
  u_backbone/gen_tr_lanes[5].u_tr_ln/g3740/Y -       B->Y  F     NAND2_X4M_A9TL         2    54    64    1770 
  u_backbone/gen_tr_lanes[5].u_tr_ln/g3923/Y -       B->Y  F     OR2_X2M_A9TL           1    43   115    1885 
  u_backbone/gen_tr_lanes[5].u_tr_ln/g3725/Y -       BN->Y F     NOR2XB_X3M_A9TL        1    68   128    2012 
  u_backbone/g3608/Y                         -       A->Y  R     NAND2_X4M_A9TL         1    68    65    2077 
  u_backbone/g3430/Y                         -       A->Y  F     NAND3_X6A_A9TL         5   115    76    2153 
  u_backbone/u_post_ln/g6433/Y               -       A0->Y R     OAI21_X4M_A9TL         1    99   104    2257 
  u_backbone/u_post_ln/g6614/Y               -       B->Y  F     NAND2B_X3M_A9TL        2    86    86    2343 
  u_backbone/u_post_ln/g6337/Y               -       A->Y  R     NAND2XB_X6M_A9TL       3    88    79    2422 
  u_backbone/u_post_ln/g6235/Y               -       A1->Y F     AOI21B_X6M_A9TL        2    73    73    2495 
  u_backbone/u_post_ln/g6197/Y               -       B->Y  R     NOR2_X3A_A9TL          2   122   109    2604 
  u_backbone/u_post_ln/g6164/Y               -       A->Y  F     NOR2XB_X4M_A9TL        2    71    74    2678 
  u_backbone/u_post_ln/g6130/Y               -       B->Y  R     NOR2_X3A_A9TL          2   113   104    2782 
  u_backbone/u_post_ln/g6111/Y               -       A->Y  F     NOR2XB_X3M_A9TL        2    79    78    2861 
  u_backbone/u_post_ln/g6104/Y               -       A->Y  R     INV_X2M_A9TL           1    60    64    2924 
  u_backbone/u_post_ln/g6077/Y               -       B->Y  F     NAND3XXB_X4M_A9TL      1    91    56    2980 
  u_backbone/u_post_ln/g6071/Y               -       A->Y  R     NAND3_X2A_A9TL         1   110    89    3070 
  u_backbone/s2_post_ln_reg_reg[5][6]/D      -       -     R     DFFRPQ_X2M_A9TL        1     -     0    3070 
#-------------------------------------------------------------------------------------------------------------



Path 36: MET (6 ps) Setup Check with Pin u_backbone/s2_post_ln_reg_reg[6][7]/CK->D
          Group: reg2reg
     Startpoint: (R) u_backbone/s1_mode_pre_ln_reg/CK
          Clock: (R) clk
       Endpoint: (R) u_backbone/s2_post_ln_reg_reg[6][7]/D
          Clock: (R) clk

                     Capture       Launch     
        Clock Edge:+    3300            0     
       Src Latency:+       0            0     
       Net Latency:+       0 (I)        0 (I) 
           Arrival:=    3300            0     
                                              
             Setup:-     103                  
       Uncertainty:-     125                  
     Required Time:=    3072                  
      Launch Clock:-       0                  
         Data Path:-    3066                  
             Slack:=       6                  

#-----------------------------------------------------------------------------------------------------------------
#                Timing Point                 Flags    Arc   Edge        Cell          Fanout Trans Delay Arrival 
#                                                                                              (ps)  (ps)   (ps)  
#-----------------------------------------------------------------------------------------------------------------
  u_backbone/s1_mode_pre_ln_reg/CK            -       -      R     (arrival)              363     0     0       0 
  u_backbone/s1_mode_pre_ln_reg/Q             -       CK->Q  R     DFFRPQ_X4M_A9TL          1    98   310     310 
  u_backbone/u_pre_ln/g5761/Y                 -       A->Y   F     INV_X16M_A9TL           19    76    76     385 
  u_backbone/u_pre_ln/g5716/Y                 -       A->Y   R     NOR2XB_X6M_A9TL          2    90    83     468 
  u_backbone/u_pre_ln/g5629/Y                 -       B->Y   F     NAND2_X4M_A9TL           1    61    66     534 
  u_backbone/u_pre_ln/g5613/Y                 -       A->Y   R     NOR2XB_X8M_A9TL          3   116    93     627 
  u_backbone/u_pre_ln/g5597/Y                 -       B->Y   F     NAND2_X8M_A9TL           4    72    70     697 
  u_backbone/u_pre_ln/g5472/Y                 -       A->Y   R     NOR2XB_X3M_A9TL          2   145   113     811 
  u_backbone/u_pre_ln/g5420/Y                 -       A1->Y  R     OA21_X3M_A9TL            6   158   205    1016 
  u_backbone/gen_tr_lanes[6].u_tr_ln/g3888/Y  -       A->Y   F     INV_X2M_A9TL             1    62    67    1083 
  u_backbone/gen_tr_lanes[6].u_tr_ln/g3847/Y  -       B->Y   R     NAND3XXB_X4M_A9TL        2   129    96    1179 
  u_backbone/gen_tr_lanes[6].u_tr_ln/g3841/Y  -       A->Y   F     INV_X3M_A9TL             2    64    71    1250 
  u_backbone/gen_tr_lanes[6].u_tr_ln/g3824/Y  -       A->Y   R     NAND3XXB_X6M_A9TL        2   100    74    1323 
  u_backbone/gen_tr_lanes[6].u_tr_ln/g3817/Y  -       A->Y   F     INV_X4M_A9TL             2    44    49    1372 
  u_backbone/gen_tr_lanes[6].u_tr_ln/g3798/Y  -       B->Y   R     NAND2_X3A_A9TL           1    65    51    1423 
  u_backbone/gen_tr_lanes[6].u_tr_ln/g3781/Y  -       A->Y   F     NAND3XXB_X4M_A9TL        1    71    63    1486 
  u_backbone/gen_tr_lanes[6].u_tr_ln/g3775/Y  -       B0->Y  R     AOI21_X6M_A9TL           1   106    87    1572 
  u_backbone/gen_tr_lanes[6].u_tr_ln/g3764/Y  -       A->Y   F     NAND2XB_X8M_A9TL         6    79    74    1646 
  u_backbone/gen_tr_lanes[6].u_tr_ln/g3745/CO -       CI->CO F     CGEN_X2M_A9TL            2    90   189    1836 
  u_backbone/gen_tr_lanes[6].u_tr_ln/g3736/Y  -       B->Y   F     AND2_X6M_A9TL            4    62   144    1980 
  u_backbone/gen_tr_lanes[6].u_tr_ln/g3714/Y  -       A->Y   R     NAND2_X8M_A9TL           2    76    64    2044 
  u_backbone/gen_tr_lanes[6].u_tr_ln/g3711/Y  -       A->Y   F     NAND2XB_X8M_A9TL         4    60    58    2102 
  u_backbone/gen_tr_lanes[6].u_tr_ln/g3710/Y  -       A->Y   R     INV_X2M_A9TL             1    80    73    2175 
  u_backbone/gen_tr_lanes[6].u_tr_ln/g3704/Y  -       A2->Y  F     AOI31_X6M_A9TL           1    87    89    2264 
  u_backbone/g3452/Y                          -       B0->Y  R     AOI22_X6M_A9TL           1   111    93    2358 
  u_backbone/g3412/Y                          -       A->Y   F     NAND2XB_X6M_A9TL         4    65    64    2421 
  u_backbone/u_post_ln/g6366/Y                -       CN->Y  F     NAND3XXB_X6M_A9TL        3   103   147    2568 
  u_backbone/u_post_ln/g6239/Y                -       B->Y   R     NOR2_X6A_A9TL            3   118   108    2676 
  u_backbone/u_post_ln/g6201/Y                -       A->Y   F     NAND2XB_X4M_A9TL         3    83    78    2754 
  u_backbone/u_post_ln/g6133/Y                -       A0->Y  R     AOI2XB1_X3M_A9TL         2   123   115    2870 
  u_backbone/u_post_ln/g6090/Y                -       B->Y   F     NAND3XXB_X1P4M_A9TL      1   138   104    2974 
  u_backbone/u_post_ln/g6570/Y                -       B0->Y  R     OAI2XB1_X2M_A9TL         1   104    92    3066 
  u_backbone/s2_post_ln_reg_reg[6][7]/D       -       -      R     DFFRPQ_X1M_A9TL          1     -     0    3066 
#-----------------------------------------------------------------------------------------------------------------



Path 37: MET (6 ps) Setup Check with Pin u_backbone/s2_post_ln_reg_reg[6][7]/CK->D
          Group: reg2reg
     Startpoint: (R) u_backbone/s1_mode_pre_ln_reg/CK
          Clock: (R) clk
       Endpoint: (R) u_backbone/s2_post_ln_reg_reg[6][7]/D
          Clock: (R) clk

                     Capture       Launch     
        Clock Edge:+    3300            0     
       Src Latency:+       0            0     
       Net Latency:+       0 (I)        0 (I) 
           Arrival:=    3300            0     
                                              
             Setup:-     103                  
       Uncertainty:-     125                  
     Required Time:=    3072                  
      Launch Clock:-       0                  
         Data Path:-    3066                  
             Slack:=       6                  

#---------------------------------------------------------------------------------------------------------------
#               Timing Point                 Flags   Arc   Edge        Cell          Fanout Trans Delay Arrival 
#                                                                                            (ps)  (ps)   (ps)  
#---------------------------------------------------------------------------------------------------------------
  u_backbone/s1_mode_pre_ln_reg/CK           -       -     R     (arrival)              363     0     0       0 
  u_backbone/s1_mode_pre_ln_reg/Q            -       CK->Q R     DFFRPQ_X4M_A9TL          1    98   310     310 
  u_backbone/u_pre_ln/g5761/Y                -       A->Y  F     INV_X16M_A9TL           19    76    76     385 
  u_backbone/u_pre_ln/g5716/Y                -       A->Y  R     NOR2XB_X6M_A9TL          2    90    83     468 
  u_backbone/u_pre_ln/g5695/Y                -       A->Y  F     INV_X3M_A9TL             2    48    54     522 
  u_backbone/u_pre_ln/g5659/Y                -       A->Y  F     AND2_X3M_A9TL            6   100   139     661 
  u_backbone/gen_tr_lanes[6].u_tr_ln/g3908/Y -       A->Y  R     INV_X2M_A9TL             5   130   112     773 
  u_backbone/gen_tr_lanes[6].u_tr_ln/g3870/Y -       A->Y  F     NAND2_X1M_A9TL           2   131   115     888 
  u_backbone/gen_tr_lanes[6].u_tr_ln/g3838/Y -       A1->Y R     OAI21_X1M_A9TL           1   172   160    1049 
  u_backbone/gen_tr_lanes[6].u_tr_ln/g3813/Y -       B->Y  F     NAND2_X1M_A9TL           1    92   103    1152 
  u_backbone/gen_tr_lanes[6].u_tr_ln/g3806/Y -       CN->Y F     NAND3XXB_X3M_A9TL        1   105   172    1324 
  u_backbone/gen_tr_lanes[6].u_tr_ln/g3782/Y -       A->Y  R     NAND3_X6M_A9TL           2   116    99    1423 
  u_backbone/gen_tr_lanes[6].u_tr_ln/g3780/Y -       A->Y  F     INV_X5M_A9TL             4    70    74    1497 
  u_backbone/gen_tr_lanes[6].u_tr_ln/g3770/Y -       A->Y  R     NAND2_X8M_A9TL           2    61    61    1558 
  u_backbone/gen_tr_lanes[6].u_tr_ln/g3763/Y -       BN->Y R     NOR2XB_X6M_A9TL          2    85   130    1688 
  u_backbone/gen_tr_lanes[6].u_tr_ln/g3759/Y -       A->Y  F     NAND2XB_X3M_A9TL         2    84    76    1764 
  u_backbone/gen_tr_lanes[6].u_tr_ln/g3743/Y -       B0->Y R     OAI2XB1_X6M_A9TL         1    98    75    1839 
  u_backbone/gen_tr_lanes[6].u_tr_ln/g3732/Y -       B->Y  F     NAND2_X6A_A9TL           3    84    84    1924 
  u_backbone/gen_tr_lanes[6].u_tr_ln/g3724/Y -       B->Y  R     NAND2_X4M_A9TL           2    93    91    2014 
  u_backbone/gen_tr_lanes[6].u_tr_ln/g3718/Y -       B->Y  F     NOR2_X4M_A9TL            1    52    64    2078 
  u_backbone/gen_tr_lanes[6].u_tr_ln/g3707/Y -       A1->Y R     AOI21_X3M_A9TL           1   121   116    2194 
  u_backbone/gen_tr_lanes[6].u_tr_ln/g3704/Y -       B0->Y F     AOI31_X6M_A9TL           1    87    71    2264 
  u_backbone/g3452/Y                         -       B0->Y R     AOI22_X6M_A9TL           1   111    93    2358 
  u_backbone/g3412/Y                         -       A->Y  F     NAND2XB_X6M_A9TL         4    65    64    2421 
  u_backbone/u_post_ln/g6366/Y               -       CN->Y F     NAND3XXB_X6M_A9TL        3   103   147    2568 
  u_backbone/u_post_ln/g6239/Y               -       B->Y  R     NOR2_X6A_A9TL            3   118   108    2676 
  u_backbone/u_post_ln/g6201/Y               -       A->Y  F     NAND2XB_X4M_A9TL         3    83    78    2754 
  u_backbone/u_post_ln/g6133/Y               -       A0->Y R     AOI2XB1_X3M_A9TL         2   123   115    2870 
  u_backbone/u_post_ln/g6090/Y               -       B->Y  F     NAND3XXB_X1P4M_A9TL      1   138   104    2974 
  u_backbone/u_post_ln/g6570/Y               -       B0->Y R     OAI2XB1_X2M_A9TL         1   104    92    3066 
  u_backbone/s2_post_ln_reg_reg[6][7]/D      -       -     R     DFFRPQ_X1M_A9TL          1     -     0    3066 
#---------------------------------------------------------------------------------------------------------------



Path 38: MET (6 ps) Setup Check with Pin u_backbone/s2_post_ln_reg_reg[4][3]/CK->D
          Group: reg2reg
     Startpoint: (R) u_backbone/s1_mode_pre_ln_reg/CK
          Clock: (R) clk
       Endpoint: (R) u_backbone/s2_post_ln_reg_reg[4][3]/D
          Clock: (R) clk

                     Capture       Launch     
        Clock Edge:+    3300            0     
       Src Latency:+       0            0     
       Net Latency:+       0 (I)        0 (I) 
           Arrival:=    3300            0     
                                              
             Setup:-      99                  
       Uncertainty:-     125                  
     Required Time:=    3076                  
      Launch Clock:-       0                  
         Data Path:-    3070                  
             Slack:=       6                  

#-------------------------------------------------------------------------------------------------------------
#               Timing Point                 Flags   Arc   Edge       Cell         Fanout Trans Delay Arrival 
#                                                                                          (ps)  (ps)   (ps)  
#-------------------------------------------------------------------------------------------------------------
  u_backbone/s1_mode_pre_ln_reg/CK           -       -     R     (arrival)            363     0     0       0 
  u_backbone/s1_mode_pre_ln_reg/Q            -       CK->Q R     DFFRPQ_X4M_A9TL        1    98   310     310 
  u_backbone/u_pre_ln/g5761/Y                -       A->Y  F     INV_X16M_A9TL         19    76    76     385 
  u_backbone/u_pre_ln/g5718/Y                -       A->Y  R     NOR2XB_X6M_A9TL        2    85    79     464 
  u_backbone/u_pre_ln/g5615/Y                -       A->Y  R     AND3_X4M_A9TL          3   110   152     617 
  u_backbone/u_pre_ln/g5599/Y                -       B->Y  F     NAND2_X8M_A9TL         4    71    67     684 
  u_backbone/u_pre_ln/g5493/Y                -       A->Y  R     NOR2XB_X4M_A9TL        2   123   100     784 
  u_backbone/u_pre_ln/g5397/Y                -       B->Y  F     NOR2_X2A_A9TL          1    80    87     870 
  u_backbone/u_pre_ln/g5377/Y                -       B->Y  R     NOR2_X4A_A9TL          5   208   160    1030 
  u_backbone/gen_tr_lanes[4].u_tr_ln/g3891/Y -       B->Y  F     NOR2_X4A_A9TL          5   118   129    1159 
  u_backbone/gen_tr_lanes[4].u_tr_ln/g3833/Y -       CN->Y F     NAND3XXB_X2M_A9TL      1   103   187    1346 
  u_backbone/gen_tr_lanes[4].u_tr_ln/g3787/Y -       A->Y  F     AND3_X4M_A9TL          2    53   135    1482 
  u_backbone/gen_tr_lanes[4].u_tr_ln/g3784/Y -       A->Y  R     INV_X4M_A9TL           3    68    64    1546 
  u_backbone/gen_tr_lanes[4].u_tr_ln/g3920/Y -       A->Y  R     OR2_X1M_A9TL           1    85   126    1671 
  u_backbone/gen_tr_lanes[4].u_tr_ln/g3751/Y -       BN->Y R     NAND2XB_X4M_A9TL       1    70   124    1795 
  u_backbone/gen_tr_lanes[4].u_tr_ln/g3742/Y -       A->Y  F     NAND2_X4M_A9TL         2    52    53    1848 
  u_backbone/gen_tr_lanes[4].u_tr_ln/g3917/Y -       A->Y  F     OR2_X2M_A9TL           1    45   106    1954 
  u_backbone/gen_tr_lanes[4].u_tr_ln/g3727/Y -       BN->Y F     NOR2XB_X4M_A9TL        1    60   124    2079 
  u_backbone/g3618/Y                         -       A->Y  R     NAND2_X3A_A9TL         1    51    52    2131 
  u_backbone/g3442/Y                         -       B->Y  F     NAND3_X3M_A9TL         2   155    82    2213 
  u_backbone/u_post_ln/fopt1/Y               -       A->Y  F     BUFH_X1P4M_A9TL        2    66   138    2352 
  u_backbone/u_post_ln/g6502/Y               -       A->Y  R     NOR2_X2A_A9TL          2   149   108    2460 
  u_backbone/u_post_ln/g6391/Y               -       B1->Y R     AO1B2_X2M_A9TL         2    97   166    2626 
  u_backbone/u_post_ln/g6595/Y               -       BN->Y R     NAND2XB_X1M_A9TL       1   106   146    2772 
  u_backbone/u_post_ln/g6289/Y               -       B->Y  R     AND2_X1M_A9TL          1    79   143    2914 
  u_backbone/u_post_ln/g6208/Y               -       A1->Y R     AO21B_X1M_A9TL         1    88   155    3070 
  u_backbone/s2_post_ln_reg_reg[4][3]/D      -       -     R     DFFRPQ_X1M_A9TL        1     -     0    3070 
#-------------------------------------------------------------------------------------------------------------



Path 39: MET (6 ps) Setup Check with Pin u_backbone/s2_post_ln_reg_reg[5][6]/CK->D
          Group: reg2reg
     Startpoint: (R) u_backbone/s1_mode_pre_ln_reg/CK
          Clock: (R) clk
       Endpoint: (R) u_backbone/s2_post_ln_reg_reg[5][6]/D
          Clock: (R) clk

                     Capture       Launch     
        Clock Edge:+    3300            0     
       Src Latency:+       0            0     
       Net Latency:+       0 (I)        0 (I) 
           Arrival:=    3300            0     
                                              
             Setup:-      99                  
       Uncertainty:-     125                  
     Required Time:=    3076                  
      Launch Clock:-       0                  
         Data Path:-    3069                  
             Slack:=       6                  

#-------------------------------------------------------------------------------------------------------------
#               Timing Point                 Flags   Arc   Edge       Cell         Fanout Trans Delay Arrival 
#                                                                                          (ps)  (ps)   (ps)  
#-------------------------------------------------------------------------------------------------------------
  u_backbone/s1_mode_pre_ln_reg/CK           -       -     R     (arrival)            363     0     0       0 
  u_backbone/s1_mode_pre_ln_reg/Q            -       CK->Q R     DFFRPQ_X4M_A9TL        1    98   310     310 
  u_backbone/u_pre_ln/g5761/Y                -       A->Y  F     INV_X16M_A9TL         19    76    76     385 
  u_backbone/u_pre_ln/g5715/Y                -       A->Y  R     NOR2XB_X8M_A9TL        4   105    91     477 
  u_backbone/u_pre_ln/g5627/Y                -       B->Y  F     NAND2_X4M_A9TL         1    60    69     546 
  u_backbone/u_pre_ln/g5616/Y                -       A->Y  R     NOR2XB_X8M_A9TL        3   107    88     634 
  u_backbone/u_pre_ln/g5572/Y                -       C->Y  R     AND3_X4M_A9TL          2    71   144     777 
  u_backbone/u_pre_ln/g5517/Y                -       A->Y  F     NAND2XB_X4M_A9TL       2    68    62     839 
  u_backbone/u_pre_ln/g5456/Y                -       A->Y  R     NAND2XB_X4M_A9TL       1    68    62     901 
  u_backbone/u_pre_ln/g5432/Y                -       B->Y  R     AND2_X6M_A9TL          8   100   140    1041 
  u_backbone/gen_tr_lanes[5].u_tr_ln/g3905/Y -       A->Y  F     INV_X6M_A9TL           6    56    62    1103 
  u_backbone/gen_tr_lanes[5].u_tr_ln/g3899/Y -       BN->Y F     NOR2XB_X6M_A9TL        3    65   126    1230 
  u_backbone/gen_tr_lanes[5].u_tr_ln/g3847/Y -       B->Y  R     NAND3XXB_X2M_A9TL      1   127    98    1328 
  u_backbone/gen_tr_lanes[5].u_tr_ln/g3829/Y -       A->Y  F     NAND2XB_X3M_A9TL       1    64    62    1390 
  u_backbone/gen_tr_lanes[5].u_tr_ln/g3803/Y -       A->Y  R     NAND2XB_X3M_A9TL       1    75    63    1454 
  u_backbone/gen_tr_lanes[5].u_tr_ln/g3777/Y -       D->Y  F     NAND4_X3A_A9TL         2   185   154    1608 
  u_backbone/gen_tr_lanes[5].u_tr_ln/g3745/Y -       B0->Y R     OAI2XB1_X6M_A9TL       1    99    98    1706 
  u_backbone/gen_tr_lanes[5].u_tr_ln/g3740/Y -       B->Y  F     NAND2_X4M_A9TL         2    54    64    1769 
  u_backbone/gen_tr_lanes[5].u_tr_ln/g3923/Y -       B->Y  F     OR2_X2M_A9TL           1    43   115    1884 
  u_backbone/gen_tr_lanes[5].u_tr_ln/g3725/Y -       BN->Y F     NOR2XB_X3M_A9TL        1    68   128    2012 
  u_backbone/g3608/Y                         -       A->Y  R     NAND2_X4M_A9TL         1    68    65    2077 
  u_backbone/g3430/Y                         -       A->Y  F     NAND3_X6A_A9TL         5   115    76    2152 
  u_backbone/u_post_ln/g6433/Y               -       A0->Y R     OAI21_X4M_A9TL         1    99   104    2256 
  u_backbone/u_post_ln/g6614/Y               -       B->Y  F     NAND2B_X3M_A9TL        2    86    86    2343 
  u_backbone/u_post_ln/g6337/Y               -       A->Y  R     NAND2XB_X6M_A9TL       3    88    79    2422 
  u_backbone/u_post_ln/g6235/Y               -       A1->Y F     AOI21B_X6M_A9TL        2    73    73    2494 
  u_backbone/u_post_ln/g6197/Y               -       B->Y  R     NOR2_X3A_A9TL          2   122   109    2603 
  u_backbone/u_post_ln/g6164/Y               -       A->Y  F     NOR2XB_X4M_A9TL        2    71    74    2678 
  u_backbone/u_post_ln/g6130/Y               -       B->Y  R     NOR2_X3A_A9TL          2   113   104    2782 
  u_backbone/u_post_ln/g6111/Y               -       A->Y  F     NOR2XB_X3M_A9TL        2    79    78    2860 
  u_backbone/u_post_ln/g6104/Y               -       A->Y  R     INV_X2M_A9TL           1    60    64    2924 
  u_backbone/u_post_ln/g6077/Y               -       B->Y  F     NAND3XXB_X4M_A9TL      1    91    56    2980 
  u_backbone/u_post_ln/g6071/Y               -       A->Y  R     NAND3_X2A_A9TL         1   110    89    3069 
  u_backbone/s2_post_ln_reg_reg[5][6]/D      -       -     R     DFFRPQ_X2M_A9TL        1     -     0    3069 
#-------------------------------------------------------------------------------------------------------------



Path 40: MET (6 ps) Setup Check with Pin u_backbone/s2_post_ln_reg_reg[1][5]/CK->D
          Group: reg2reg
     Startpoint: (R) u_backbone/s1_mode_pre_ln_reg/CK
          Clock: (R) clk
       Endpoint: (F) u_backbone/s2_post_ln_reg_reg[1][5]/D
          Clock: (R) clk

                     Capture       Launch     
        Clock Edge:+    3300            0     
       Src Latency:+       0            0     
       Net Latency:+       0 (I)        0 (I) 
           Arrival:=    3300            0     
                                              
             Setup:-     101                  
       Uncertainty:-     125                  
     Required Time:=    3074                  
      Launch Clock:-       0                  
         Data Path:-    3068                  
             Slack:=       6                  

#--------------------------------------------------------------------------------------------------------------
#               Timing Point                 Flags    Arc   Edge       Cell         Fanout Trans Delay Arrival 
#                                                                                           (ps)  (ps)   (ps)  
#--------------------------------------------------------------------------------------------------------------
  u_backbone/s1_mode_pre_ln_reg/CK           -       -      R     (arrival)            363     0     0       0 
  u_backbone/s1_mode_pre_ln_reg/Q            -       CK->Q  R     DFFRPQ_X4M_A9TL        1    98   310     310 
  u_backbone/u_pre_ln/g5761/Y                -       A->Y   F     INV_X16M_A9TL         19    76    76     385 
  u_backbone/u_pre_ln/g5714/Y                -       A->Y   R     NOR2XB_X6M_A9TL        2   102    90     475 
  u_backbone/u_pre_ln/g5610/Y                -       C->Y   R     AND3_X8M_A9TL          4    77   140     615 
  u_backbone/u_pre_ln/g5596/Y                -       B->Y   F     NAND2_X4M_A9TL         1    74    63     678 
  u_backbone/u_pre_ln/g5578/Y                -       A->Y   R     NOR2XB_X8M_A9TL        3    91    83     761 
  u_backbone/u_pre_ln/g5501/Y                -       B->Y   F     NAND3XXB_X4M_A9TL      2   104    85     846 
  u_backbone/u_pre_ln/g5423/Y                -       S0->Y  F     MXT2_X3M_A9TL          5   116   195    1041 
  u_backbone/gen_tr_lanes[1].u_tr_ln/g3942/Y -       A->Y   F     OR2_X6M_A9TL           3    55   138    1179 
  u_backbone/gen_tr_lanes[1].u_tr_ln/g3861/Y -       A->Y   R     NOR2XB_X8M_A9TL        3   110    88    1266 
  u_backbone/gen_tr_lanes[1].u_tr_ln/g3842/Y -       A->Y   F     NAND2_X8M_A9TL         4    69    68    1334 
  u_backbone/gen_tr_lanes[1].u_tr_ln/g3938/Y -       A->Y   R     NOR2_X6A_A9TL          4   134   105    1439 
  u_backbone/gen_tr_lanes[1].u_tr_ln/g3820/Y -       A->Y   F     INV_X2M_A9TL           2    81    84    1524 
  u_backbone/gen_tr_lanes[1].u_tr_ln/g3812/Y -       A->Y   R     NOR2XB_X6M_A9TL        4    99    88    1612 
  u_backbone/gen_tr_lanes[1].u_tr_ln/g3798/Y -       A->Y   F     NOR2XB_X3M_A9TL        1    71    70    1682 
  u_backbone/gen_tr_lanes[1].u_tr_ln/g3770/Y -       A->Y   R     NAND2_X4A_A9TL         2    58    60    1743 
  u_backbone/gen_tr_lanes[1].u_tr_ln/g3936/Y -       A->Y   F     NAND2_X4M_A9TL         1    48    49    1791 
  u_backbone/gen_tr_lanes[1].u_tr_ln/g3932/Y -       B0->Y  R     AOI21_X6M_A9TL         3   114    92    1884 
  u_backbone/gen_tr_lanes[1].u_tr_ln/g3727/Y -       A->Y   F     NAND2_X4A_A9TL         2    81    78    1961 
  u_backbone/gen_tr_lanes[1].u_tr_ln/g3721/Y -       B->Y   R     NOR2_X4B_A9TL          1    72    81    2042 
  u_backbone/gen_tr_lanes[1].u_tr_ln/g3708/Y -       A1->Y  F     AOI21_X3M_A9TL         1    70    74    2117 
  u_backbone/gen_tr_lanes[1].u_tr_ln/g3705/Y -       B0->Y  R     AOI31_X3M_A9TL         1   134   116    2232 
  u_backbone/g3614/Y                         -       A->Y   F     NAND2_X4M_A9TL         1    64    62    2295 
  u_backbone/g3435/Y                         -       A->Y   R     NAND3_X6A_A9TL         4   161    87    2381 
  u_backbone/u_post_ln/g6369/Y               -       BN->Y  R     NAND2XB_X6M_A9TL       4    96   158    2539 
  u_backbone/u_post_ln/g6611/Y               -       A->Y   F     NOR2_X6A_A9TL          3    79    62    2601 
  u_backbone/u_post_ln/g6277/Y               -       A->Y   R     NOR2XB_X3M_A9TL        2   109    95    2696 
  u_backbone/u_post_ln/g6228/Y               -       B->Y   F     NAND2_X2A_A9TL         1   120    86    2781 
  u_backbone/u_post_ln/g6218/Y               -       B0N->Y R     AO21B_X3M_A9TL         2    71    75    2856 
  u_backbone/u_post_ln/g6173/Y               -       A->Y   F     NAND2XB_X2M_A9TL       1    63    59    2915 
  u_backbone/u_post_ln/g6116/Y               -       C->Y   R     NAND3_X3M_A9TL         1    86    86    3001 
  u_backbone/u_post_ln/g6577/Y               -       B0->Y  F     OAI2XB1_X2M_A9TL       1    62    66    3067 
  u_backbone/s2_post_ln_reg_reg[1][5]/D      -       -      F     DFFRPQ_X1M_A9TL        1     -     0    3068 
#--------------------------------------------------------------------------------------------------------------



Path 41: MET (6 ps) Setup Check with Pin u_backbone/s2_post_ln_reg_reg[1][5]/CK->D
          Group: reg2reg
     Startpoint: (R) u_backbone/s1_mode_pre_ln_reg/CK
          Clock: (R) clk
       Endpoint: (F) u_backbone/s2_post_ln_reg_reg[1][5]/D
          Clock: (R) clk

                     Capture       Launch     
        Clock Edge:+    3300            0     
       Src Latency:+       0            0     
       Net Latency:+       0 (I)        0 (I) 
           Arrival:=    3300            0     
                                              
             Setup:-     101                  
       Uncertainty:-     125                  
     Required Time:=    3074                  
      Launch Clock:-       0                  
         Data Path:-    3067                  
             Slack:=       6                  

#--------------------------------------------------------------------------------------------------------------
#               Timing Point                 Flags    Arc   Edge       Cell         Fanout Trans Delay Arrival 
#                                                                                           (ps)  (ps)   (ps)  
#--------------------------------------------------------------------------------------------------------------
  u_backbone/s1_mode_pre_ln_reg/CK           -       -      R     (arrival)            363     0     0       0 
  u_backbone/s1_mode_pre_ln_reg/Q            -       CK->Q  F     DFFRPQ_X4M_A9TL        1    73   292     292 
  u_backbone/u_pre_ln/g5761/Y                -       A->Y   R     INV_X16M_A9TL         19   109    94     385 
  u_backbone/u_pre_ln/g5714/Y                -       A->Y   F     NOR2XB_X6M_A9TL        2    68    70     455 
  u_backbone/u_pre_ln/g5610/Y                -       C->Y   F     AND3_X8M_A9TL          4    59   145     601 
  u_backbone/u_pre_ln/g5596/Y                -       B->Y   R     NAND2_X4M_A9TL         1    84    78     678 
  u_backbone/u_pre_ln/g5578/Y                -       A->Y   F     NOR2XB_X8M_A9TL        3    65    62     740 
  u_backbone/u_pre_ln/g5501/Y                -       B->Y   R     NAND3XXB_X4M_A9TL      2   127    96     837 
  u_backbone/u_pre_ln/g5423/Y                -       S0->Y  F     MXT2_X3M_A9TL          5   116   204    1041 
  u_backbone/gen_tr_lanes[1].u_tr_ln/g3942/Y -       A->Y   F     OR2_X6M_A9TL           3    55   138    1179 
  u_backbone/gen_tr_lanes[1].u_tr_ln/g3861/Y -       A->Y   R     NOR2XB_X8M_A9TL        3   110    88    1266 
  u_backbone/gen_tr_lanes[1].u_tr_ln/g3842/Y -       A->Y   F     NAND2_X8M_A9TL         4    69    68    1334 
  u_backbone/gen_tr_lanes[1].u_tr_ln/g3938/Y -       A->Y   R     NOR2_X6A_A9TL          4   134   105    1439 
  u_backbone/gen_tr_lanes[1].u_tr_ln/g3820/Y -       A->Y   F     INV_X2M_A9TL           2    81    84    1524 
  u_backbone/gen_tr_lanes[1].u_tr_ln/g3812/Y -       A->Y   R     NOR2XB_X6M_A9TL        4    99    88    1612 
  u_backbone/gen_tr_lanes[1].u_tr_ln/g3798/Y -       A->Y   F     NOR2XB_X3M_A9TL        1    71    70    1682 
  u_backbone/gen_tr_lanes[1].u_tr_ln/g3770/Y -       A->Y   R     NAND2_X4A_A9TL         2    58    60    1742 
  u_backbone/gen_tr_lanes[1].u_tr_ln/g3936/Y -       A->Y   F     NAND2_X4M_A9TL         1    48    49    1791 
  u_backbone/gen_tr_lanes[1].u_tr_ln/g3932/Y -       B0->Y  R     AOI21_X6M_A9TL         3   114    92    1883 
  u_backbone/gen_tr_lanes[1].u_tr_ln/g3727/Y -       A->Y   F     NAND2_X4A_A9TL         2    81    78    1961 
  u_backbone/gen_tr_lanes[1].u_tr_ln/g3721/Y -       B->Y   R     NOR2_X4B_A9TL          1    72    81    2042 
  u_backbone/gen_tr_lanes[1].u_tr_ln/g3708/Y -       A1->Y  F     AOI21_X3M_A9TL         1    70    74    2116 
  u_backbone/gen_tr_lanes[1].u_tr_ln/g3705/Y -       B0->Y  R     AOI31_X3M_A9TL         1   134   116    2232 
  u_backbone/g3614/Y                         -       A->Y   F     NAND2_X4M_A9TL         1    64    62    2294 
  u_backbone/g3435/Y                         -       A->Y   R     NAND3_X6A_A9TL         4   161    87    2381 
  u_backbone/u_post_ln/g6369/Y               -       BN->Y  R     NAND2XB_X6M_A9TL       4    96   158    2539 
  u_backbone/u_post_ln/g6611/Y               -       A->Y   F     NOR2_X6A_A9TL          3    79    62    2601 
  u_backbone/u_post_ln/g6277/Y               -       A->Y   R     NOR2XB_X3M_A9TL        2   109    95    2696 
  u_backbone/u_post_ln/g6228/Y               -       B->Y   F     NAND2_X2A_A9TL         1   120    86    2781 
  u_backbone/u_post_ln/g6218/Y               -       B0N->Y R     AO21B_X3M_A9TL         2    71    75    2856 
  u_backbone/u_post_ln/g6173/Y               -       A->Y   F     NAND2XB_X2M_A9TL       1    63    59    2915 
  u_backbone/u_post_ln/g6116/Y               -       C->Y   R     NAND3_X3M_A9TL         1    86    86    3001 
  u_backbone/u_post_ln/g6577/Y               -       B0->Y  F     OAI2XB1_X2M_A9TL       1    62    66    3067 
  u_backbone/s2_post_ln_reg_reg[1][5]/D      -       -      F     DFFRPQ_X1M_A9TL        1     -     0    3067 
#--------------------------------------------------------------------------------------------------------------



Path 42: MET (6 ps) Setup Check with Pin u_backbone/s2_post_ln_reg_reg[1][5]/CK->D
          Group: reg2reg
     Startpoint: (R) u_backbone/s1_mode_pre_ln_reg/CK
          Clock: (R) clk
       Endpoint: (F) u_backbone/s2_post_ln_reg_reg[1][5]/D
          Clock: (R) clk

                     Capture       Launch     
        Clock Edge:+    3300            0     
       Src Latency:+       0            0     
       Net Latency:+       0 (I)        0 (I) 
           Arrival:=    3300            0     
                                              
             Setup:-     101                  
       Uncertainty:-     125                  
     Required Time:=    3074                  
      Launch Clock:-       0                  
         Data Path:-    3067                  
             Slack:=       6                  

#--------------------------------------------------------------------------------------------------------------
#               Timing Point                 Flags    Arc   Edge       Cell         Fanout Trans Delay Arrival 
#                                                                                           (ps)  (ps)   (ps)  
#--------------------------------------------------------------------------------------------------------------
  u_backbone/s1_mode_pre_ln_reg/CK           -       -      R     (arrival)            363     0     0       0 
  u_backbone/s1_mode_pre_ln_reg/Q            -       CK->Q  R     DFFRPQ_X4M_A9TL        1    98   310     310 
  u_backbone/u_pre_ln/g5761/Y                -       A->Y   F     INV_X16M_A9TL         19    76    76     385 
  u_backbone/u_pre_ln/g5714/Y                -       A->Y   R     NOR2XB_X6M_A9TL        2   102    90     475 
  u_backbone/u_pre_ln/g5691/Y                -       A->Y   F     INV_X3M_A9TL           3    66    71     546 
  u_backbone/u_pre_ln/g5786/Y                -       BN->Y  F     NAND2XB_X4M_A9TL       1    52   113     659 
  u_backbone/u_pre_ln/g5553/Y                -       A->Y   R     NAND2XB_X2M_A9TL       1    86    66     725 
  u_backbone/u_pre_ln/g5535/Y                -       A->Y   R     AND2_X4M_A9TL          5    83   129     854 
  u_backbone/gen_tr_lanes[1].u_tr_ln/g3890/Y -       A->Y   F     NOR2_X3A_A9TL          2   120    69     923 
  u_backbone/gen_tr_lanes[1].u_tr_ln/g3848/Y -       B0->Y  R     OAI21_X1P4M_A9TL       1   142   100    1024 
  u_backbone/gen_tr_lanes[1].u_tr_ln/g3821/Y -       B->Y   F     NAND2_X1A_A9TL         1   108   108    1132 
  u_backbone/gen_tr_lanes[1].u_tr_ln/g3816/Y -       CN->Y  F     NAND3XXB_X4M_A9TL      1    82   153    1285 
  u_backbone/gen_tr_lanes[1].u_tr_ln/g3797/Y -       C->Y   F     AND3_X6M_A9TL          3    46   139    1424 
  u_backbone/gen_tr_lanes[1].u_tr_ln/g3783/Y -       BN->Y  F     NOR2XB_X6M_A9TL        3    74   127    1551 
  u_backbone/gen_tr_lanes[1].u_tr_ln/g3778/Y -       A->Y   R     INV_X2M_A9TL           1    59    62    1613 
  u_backbone/gen_tr_lanes[1].u_tr_ln/g3772/Y -       B->Y   F     NAND2_X3A_A9TL         1    64    64    1678 
  u_backbone/gen_tr_lanes[1].u_tr_ln/g3770/Y -       B->Y   R     NAND2_X4A_A9TL         2    58    62    1740 
  u_backbone/gen_tr_lanes[1].u_tr_ln/g3936/Y -       A->Y   F     NAND2_X4M_A9TL         1    48    49    1789 
  u_backbone/gen_tr_lanes[1].u_tr_ln/g3932/Y -       B0->Y  R     AOI21_X6M_A9TL         3   114    92    1881 
  u_backbone/gen_tr_lanes[1].u_tr_ln/g3727/Y -       A->Y   F     NAND2_X4A_A9TL         2    81    78    1959 
  u_backbone/gen_tr_lanes[1].u_tr_ln/g3715/Y -       A->Y   R     MXIT2_X3M_A9TL         1   113    89    2048 
  u_backbone/gen_tr_lanes[1].u_tr_ln/g3708/Y -       B0->Y  F     AOI21_X3M_A9TL         1    70    69    2116 
  u_backbone/gen_tr_lanes[1].u_tr_ln/g3705/Y -       B0->Y  R     AOI31_X3M_A9TL         1   134   116    2232 
  u_backbone/g3614/Y                         -       A->Y   F     NAND2_X4M_A9TL         1    64    62    2294 
  u_backbone/g3435/Y                         -       A->Y   R     NAND3_X6A_A9TL         4   161    87    2381 
  u_backbone/u_post_ln/g6369/Y               -       BN->Y  R     NAND2XB_X6M_A9TL       4    96   158    2539 
  u_backbone/u_post_ln/g6611/Y               -       A->Y   F     NOR2_X6A_A9TL          3    79    62    2601 
  u_backbone/u_post_ln/g6277/Y               -       A->Y   R     NOR2XB_X3M_A9TL        2   109    95    2696 
  u_backbone/u_post_ln/g6228/Y               -       B->Y   F     NAND2_X2A_A9TL         1   120    86    2781 
  u_backbone/u_post_ln/g6218/Y               -       B0N->Y R     AO21B_X3M_A9TL         2    71    75    2856 
  u_backbone/u_post_ln/g6173/Y               -       A->Y   F     NAND2XB_X2M_A9TL       1    63    59    2915 
  u_backbone/u_post_ln/g6116/Y               -       C->Y   R     NAND3_X3M_A9TL         1    86    86    3001 
  u_backbone/u_post_ln/g6577/Y               -       B0->Y  F     OAI2XB1_X2M_A9TL       1    62    66    3067 
  u_backbone/s2_post_ln_reg_reg[1][5]/D      -       -      F     DFFRPQ_X1M_A9TL        1     -     0    3067 
#--------------------------------------------------------------------------------------------------------------



Path 43: MET (7 ps) Setup Check with Pin u_backbone/s2_post_ln_reg_reg[4][3]/CK->D
          Group: reg2reg
     Startpoint: (R) u_backbone/s1_mode_pre_ln_reg/CK
          Clock: (R) clk
       Endpoint: (R) u_backbone/s2_post_ln_reg_reg[4][3]/D
          Clock: (R) clk

                     Capture       Launch     
        Clock Edge:+    3300            0     
       Src Latency:+       0            0     
       Net Latency:+       0 (I)        0 (I) 
           Arrival:=    3300            0     
                                              
             Setup:-      99                  
       Uncertainty:-     125                  
     Required Time:=    3076                  
      Launch Clock:-       0                  
         Data Path:-    3069                  
             Slack:=       7                  

#--------------------------------------------------------------------------------------------------------------
#               Timing Point                 Flags    Arc   Edge       Cell         Fanout Trans Delay Arrival 
#                                                                                           (ps)  (ps)   (ps)  
#--------------------------------------------------------------------------------------------------------------
  u_backbone/s1_mode_pre_ln_reg/CK           -       -      R     (arrival)            363     0     0       0 
  u_backbone/s1_mode_pre_ln_reg/Q            -       CK->Q  F     DFFRPQ_X4M_A9TL        1    73   292     292 
  u_backbone/u_pre_ln/g5761/Y                -       A->Y   R     INV_X16M_A9TL         19   109    94     385 
  u_backbone/u_pre_ln/g5668/Y                -       A->Y   F     NAND2XB_X1M_A9TL       1   110    97     482 
  u_backbone/u_pre_ln/g5654/Y                -       B->Y   F     AND2_X4M_A9TL          6    86   163     646 
  u_backbone/gen_tr_lanes[4].u_tr_ln/g3889/Y -       A->Y   R     NOR2_X1B_A9TL          2   231   167     813 
  u_backbone/gen_tr_lanes[4].u_tr_ln/g3926/Y -       A1N->Y R     OAI2XB1_X1M_A9TL       1   179   242    1055 
  u_backbone/gen_tr_lanes[4].u_tr_ln/g3816/Y -       B->Y   F     NAND2_X1A_A9TL         1   104   114    1169 
  u_backbone/gen_tr_lanes[4].u_tr_ln/g3805/Y -       CN->Y  F     NAND3XXB_X3M_A9TL      1    82   164    1333 
  u_backbone/gen_tr_lanes[4].u_tr_ln/g3787/Y -       C->Y   F     AND3_X4M_A9TL          2    53   148    1481 
  u_backbone/gen_tr_lanes[4].u_tr_ln/g3784/Y -       A->Y   R     INV_X4M_A9TL           3    68    64    1545 
  u_backbone/gen_tr_lanes[4].u_tr_ln/g3920/Y -       A->Y   R     OR2_X1M_A9TL           1    85   126    1671 
  u_backbone/gen_tr_lanes[4].u_tr_ln/g3751/Y -       BN->Y  R     NAND2XB_X4M_A9TL       1    70   124    1794 
  u_backbone/gen_tr_lanes[4].u_tr_ln/g3742/Y -       A->Y   F     NAND2_X4M_A9TL         2    52    53    1847 
  u_backbone/gen_tr_lanes[4].u_tr_ln/g3917/Y -       A->Y   F     OR2_X2M_A9TL           1    45   106    1954 
  u_backbone/gen_tr_lanes[4].u_tr_ln/g3727/Y -       BN->Y  F     NOR2XB_X4M_A9TL        1    60   124    2078 
  u_backbone/g3618/Y                         -       A->Y   R     NAND2_X3A_A9TL         1    51    52    2131 
  u_backbone/g3442/Y                         -       B->Y   F     NAND3_X3M_A9TL         2   155    82    2212 
  u_backbone/u_post_ln/fopt1/Y               -       A->Y   F     BUFH_X1P4M_A9TL        2    66   138    2351 
  u_backbone/u_post_ln/g6502/Y               -       A->Y   R     NOR2_X2A_A9TL          2   149   108    2459 
  u_backbone/u_post_ln/g6391/Y               -       B1->Y  R     AO1B2_X2M_A9TL         2    97   166    2625 
  u_backbone/u_post_ln/g6595/Y               -       BN->Y  R     NAND2XB_X1M_A9TL       1   106   146    2771 
  u_backbone/u_post_ln/g6289/Y               -       B->Y   R     AND2_X1M_A9TL          1    79   143    2914 
  u_backbone/u_post_ln/g6208/Y               -       A1->Y  R     AO21B_X1M_A9TL         1    88   155    3069 
  u_backbone/s2_post_ln_reg_reg[4][3]/D      -       -      R     DFFRPQ_X1M_A9TL        1     -     0    3069 
#--------------------------------------------------------------------------------------------------------------



Path 44: MET (7 ps) Setup Check with Pin u_backbone/s2_post_ln_reg_reg[1][5]/CK->D
          Group: reg2reg
     Startpoint: (R) u_backbone/s1_mode_pre_ln_reg/CK
          Clock: (R) clk
       Endpoint: (F) u_backbone/s2_post_ln_reg_reg[1][5]/D
          Clock: (R) clk

                     Capture       Launch     
        Clock Edge:+    3300            0     
       Src Latency:+       0            0     
       Net Latency:+       0 (I)        0 (I) 
           Arrival:=    3300            0     
                                              
             Setup:-     101                  
       Uncertainty:-     125                  
     Required Time:=    3074                  
      Launch Clock:-       0                  
         Data Path:-    3067                  
             Slack:=       7                  

#--------------------------------------------------------------------------------------------------------------
#               Timing Point                 Flags    Arc   Edge       Cell         Fanout Trans Delay Arrival 
#                                                                                           (ps)  (ps)   (ps)  
#--------------------------------------------------------------------------------------------------------------
  u_backbone/s1_mode_pre_ln_reg/CK           -       -      R     (arrival)            363     0     0       0 
  u_backbone/s1_mode_pre_ln_reg/Q            -       CK->Q  R     DFFRPQ_X4M_A9TL        1    98   310     310 
  u_backbone/u_pre_ln/g5761/Y                -       A->Y   F     INV_X16M_A9TL         19    76    76     385 
  u_backbone/u_pre_ln/g5714/Y                -       A->Y   R     NOR2XB_X6M_A9TL        2   102    90     475 
  u_backbone/u_pre_ln/g5610/Y                -       C->Y   R     AND3_X8M_A9TL          4    77   140     615 
  u_backbone/u_pre_ln/g5604/Y                -       A->Y   F     INV_X3M_A9TL           2    43    49     665 
  u_backbone/u_pre_ln/g5589/Y                -       A->Y   R     NAND2XB_X2M_A9TL       1    84    60     725 
  u_backbone/u_pre_ln/g5778/Y                -       B->Y   R     AND2_X3M_A9TL          6   144   166     891 
  u_backbone/gen_tr_lanes[1].u_tr_ln/g3919/Y -       A->Y   F     INV_X6M_A9TL           5    58    62     954 
  u_backbone/gen_tr_lanes[1].u_tr_ln/g3874/Y -       A->Y   R     NAND2_X1P4M_A9TL       2   118    90    1044 
  u_backbone/gen_tr_lanes[1].u_tr_ln/g3814/Y -       B0->Y  F     OAI31_X1M_A9TL         1   176   150    1194 
  u_backbone/gen_tr_lanes[1].u_tr_ln/g3800/Y -       CN->Y  F     NAND3XXB_X6M_A9TL      3    98   194    1388 
  u_backbone/gen_tr_lanes[1].u_tr_ln/g3792/Y -       B->Y   R     NAND2_X8M_A9TL         3    92    94    1482 
  u_backbone/gen_tr_lanes[1].u_tr_ln/g3783/Y -       A->Y   F     NOR2XB_X6M_A9TL        3    74    69    1551 
  u_backbone/gen_tr_lanes[1].u_tr_ln/g3778/Y -       A->Y   R     INV_X2M_A9TL           1    59    62    1613 
  u_backbone/gen_tr_lanes[1].u_tr_ln/g3772/Y -       B->Y   F     NAND2_X3A_A9TL         1    64    64    1677 
  u_backbone/gen_tr_lanes[1].u_tr_ln/g3770/Y -       B->Y   R     NAND2_X4A_A9TL         2    58    62    1740 
  u_backbone/gen_tr_lanes[1].u_tr_ln/g3936/Y -       A->Y   F     NAND2_X4M_A9TL         1    48    49    1788 
  u_backbone/gen_tr_lanes[1].u_tr_ln/g3932/Y -       B0->Y  R     AOI21_X6M_A9TL         3   114    92    1881 
  u_backbone/gen_tr_lanes[1].u_tr_ln/g3727/Y -       A->Y   F     NAND2_X4A_A9TL         2    81    78    1958 
  u_backbone/gen_tr_lanes[1].u_tr_ln/g3715/Y -       A->Y   R     MXIT2_X3M_A9TL         1   113    89    2047 
  u_backbone/gen_tr_lanes[1].u_tr_ln/g3708/Y -       B0->Y  F     AOI21_X3M_A9TL         1    70    69    2116 
  u_backbone/gen_tr_lanes[1].u_tr_ln/g3705/Y -       B0->Y  R     AOI31_X3M_A9TL         1   134   116    2232 
  u_backbone/g3614/Y                         -       A->Y   F     NAND2_X4M_A9TL         1    64    62    2294 
  u_backbone/g3435/Y                         -       A->Y   R     NAND3_X6A_A9TL         4   161    87    2381 
  u_backbone/u_post_ln/g6369/Y               -       BN->Y  R     NAND2XB_X6M_A9TL       4    96   158    2539 
  u_backbone/u_post_ln/g6611/Y               -       A->Y   F     NOR2_X6A_A9TL          3    79    62    2601 
  u_backbone/u_post_ln/g6277/Y               -       A->Y   R     NOR2XB_X3M_A9TL        2   109    95    2695 
  u_backbone/u_post_ln/g6228/Y               -       B->Y   F     NAND2_X2A_A9TL         1   120    86    2781 
  u_backbone/u_post_ln/g6218/Y               -       B0N->Y R     AO21B_X3M_A9TL         2    71    75    2856 
  u_backbone/u_post_ln/g6173/Y               -       A->Y   F     NAND2XB_X2M_A9TL       1    63    59    2915 
  u_backbone/u_post_ln/g6116/Y               -       C->Y   R     NAND3_X3M_A9TL         1    86    86    3000 
  u_backbone/u_post_ln/g6577/Y               -       B0->Y  F     OAI2XB1_X2M_A9TL       1    62    66    3067 
  u_backbone/s2_post_ln_reg_reg[1][5]/D      -       -      F     DFFRPQ_X1M_A9TL        1     -     0    3067 
#--------------------------------------------------------------------------------------------------------------



Path 45: MET (7 ps) Setup Check with Pin u_backbone/s2_post_ln_reg_reg[6][7]/CK->D
          Group: reg2reg
     Startpoint: (R) u_backbone/s1_mode_pre_ln_reg/CK
          Clock: (R) clk
       Endpoint: (R) u_backbone/s2_post_ln_reg_reg[6][7]/D
          Clock: (R) clk

                     Capture       Launch     
        Clock Edge:+    3300            0     
       Src Latency:+       0            0     
       Net Latency:+       0 (I)        0 (I) 
           Arrival:=    3300            0     
                                              
             Setup:-     103                  
       Uncertainty:-     125                  
     Required Time:=    3072                  
      Launch Clock:-       0                  
         Data Path:-    3066                  
             Slack:=       7                  

#----------------------------------------------------------------------------------------------------------------
#                Timing Point                 Flags   Arc   Edge        Cell          Fanout Trans Delay Arrival 
#                                                                                             (ps)  (ps)   (ps)  
#----------------------------------------------------------------------------------------------------------------
  u_backbone/s1_mode_pre_ln_reg/CK            -       -     R     (arrival)              363     0     0       0 
  u_backbone/s1_mode_pre_ln_reg/Q             -       CK->Q R     DFFRPQ_X4M_A9TL          1    98   310     310 
  u_backbone/u_pre_ln/g5761/Y                 -       A->Y  F     INV_X16M_A9TL           19    76    76     385 
  u_backbone/u_pre_ln/g5716/Y                 -       A->Y  R     NOR2XB_X6M_A9TL          2    90    83     468 
  u_backbone/u_pre_ln/g5629/Y                 -       B->Y  F     NAND2_X4M_A9TL           1    61    66     534 
  u_backbone/u_pre_ln/g5613/Y                 -       A->Y  R     NOR2XB_X8M_A9TL          3   116    93     627 
  u_backbone/u_pre_ln/g5607/Y                 -       A->Y  F     INV_X3M_A9TL             2    52    58     685 
  u_backbone/u_pre_ln/g5588/Y                 -       A->Y  R     NAND2XB_X2M_A9TL         1    86    66     750 
  u_backbone/u_pre_ln/g5567/Y                 -       A->Y  R     AND2_X4M_A9TL            8   117   148     899 
  u_backbone/gen_tr_lanes[6].u_tr_ln/g3880/Y  -       A->Y  F     NOR2_X1A_A9TL            2   116   107    1006 
  u_backbone/gen_tr_lanes[6].u_tr_ln/g3822/Y  -       A2->Y R     AOI32_X1M_A9TL           1   210   203    1209 
  u_backbone/gen_tr_lanes[6].u_tr_ln/g3790/Y  -       C0->Y F     OAI221_X1P4M_A9TL        1   170   161    1371 
  u_backbone/gen_tr_lanes[6].u_tr_ln/g3774/Y  -       A1->Y R     AOI21_X3M_A9TL           1   103   142    1512 
  u_backbone/gen_tr_lanes[6].u_tr_ln/g3767/Y  -       A->Y  F     NAND3_X3M_A9TL           2   117    98    1610 
  u_backbone/gen_tr_lanes[6].u_tr_ln/g3745/CO -       A->CO F     CGEN_X2M_A9TL            2    90   225    1835 
  u_backbone/gen_tr_lanes[6].u_tr_ln/g3736/Y  -       B->Y  F     AND2_X6M_A9TL            4    62   144    1979 
  u_backbone/gen_tr_lanes[6].u_tr_ln/g3714/Y  -       A->Y  R     NAND2_X8M_A9TL           2    76    64    2043 
  u_backbone/gen_tr_lanes[6].u_tr_ln/g3711/Y  -       A->Y  F     NAND2XB_X8M_A9TL         4    60    58    2102 
  u_backbone/gen_tr_lanes[6].u_tr_ln/g3710/Y  -       A->Y  R     INV_X2M_A9TL             1    80    73    2175 
  u_backbone/gen_tr_lanes[6].u_tr_ln/g3704/Y  -       A2->Y F     AOI31_X6M_A9TL           1    87    89    2264 
  u_backbone/g3452/Y                          -       B0->Y R     AOI22_X6M_A9TL           1   111    93    2357 
  u_backbone/g3412/Y                          -       A->Y  F     NAND2XB_X6M_A9TL         4    65    64    2420 
  u_backbone/u_post_ln/g6366/Y                -       CN->Y F     NAND3XXB_X6M_A9TL        3   103   147    2568 
  u_backbone/u_post_ln/g6239/Y                -       B->Y  R     NOR2_X6A_A9TL            3   118   108    2676 
  u_backbone/u_post_ln/g6201/Y                -       A->Y  F     NAND2XB_X4M_A9TL         3    83    78    2754 
  u_backbone/u_post_ln/g6133/Y                -       A0->Y R     AOI2XB1_X3M_A9TL         2   123   115    2869 
  u_backbone/u_post_ln/g6090/Y                -       B->Y  F     NAND3XXB_X1P4M_A9TL      1   138   104    2973 
  u_backbone/u_post_ln/g6570/Y                -       B0->Y R     OAI2XB1_X2M_A9TL         1   104    92    3065 
  u_backbone/s2_post_ln_reg_reg[6][7]/D       -       -     R     DFFRPQ_X1M_A9TL          1     -     0    3066 
#----------------------------------------------------------------------------------------------------------------



Path 46: MET (7 ps) Setup Check with Pin u_backbone/s2_post_ln_reg_reg[2][7]/CK->D
          Group: reg2reg
     Startpoint: (R) u_backbone/s1_mode_pre_ln_reg/CK
          Clock: (R) clk
       Endpoint: (R) u_backbone/s2_post_ln_reg_reg[2][7]/D
          Clock: (R) clk

                     Capture       Launch     
        Clock Edge:+    3300            0     
       Src Latency:+       0            0     
       Net Latency:+       0 (I)        0 (I) 
           Arrival:=    3300            0     
                                              
             Setup:-     103                  
       Uncertainty:-     125                  
     Required Time:=    3072                  
      Launch Clock:-       0                  
         Data Path:-    3065                  
             Slack:=       7                  

#---------------------------------------------------------------------------------------------------------------
#               Timing Point                 Flags   Arc   Edge        Cell          Fanout Trans Delay Arrival 
#                                                                                            (ps)  (ps)   (ps)  
#---------------------------------------------------------------------------------------------------------------
  u_backbone/s1_mode_pre_ln_reg/CK           -       -     R     (arrival)              363     0     0       0 
  u_backbone/s1_mode_pre_ln_reg/Q            -       CK->Q R     DFFRPQ_X4M_A9TL          1    98   310     310 
  u_backbone/u_pre_ln/g5761/Y                -       A->Y  F     INV_X16M_A9TL           19    76    76     385 
  u_backbone/u_pre_ln/g5719/Y                -       A->Y  R     NOR2XB_X8M_A9TL          4   105    91     476 
  u_backbone/u_pre_ln/g5698/Y                -       A->Y  F     INV_X2M_A9TL             1    45    50     527 
  u_backbone/u_pre_ln/g5652/Y                -       A->Y  F     AND2_X4M_A9TL            7    83   127     654 
  u_backbone/gen_tr_lanes[2].u_tr_ln/g3907/Y -       A->Y  R     INV_X2M_A9TL             4   100    90     744 
  u_backbone/gen_tr_lanes[2].u_tr_ln/g3897/Y -       A->Y  F     NAND2_X1M_A9TL           2   126   106     851 
  u_backbone/gen_tr_lanes[2].u_tr_ln/g3853/Y -       A1->Y R     OAI21_X1M_A9TL           1   175   160    1011 
  u_backbone/gen_tr_lanes[2].u_tr_ln/g3825/Y -       B->Y  F     NAND2_X1A_A9TL           1   109   117    1128 
  u_backbone/gen_tr_lanes[2].u_tr_ln/g3816/Y -       CN->Y F     NAND3XXB_X4M_A9TL        2    80   159    1287 
  u_backbone/gen_tr_lanes[2].u_tr_ln/g3798/Y -       C->Y  R     NAND3_X3M_A9TL           2   130   116    1403 
  u_backbone/gen_tr_lanes[2].u_tr_ln/g3782/Y -       BN->Y R     NAND2XB_X6M_A9TL         3    93   147    1550 
  u_backbone/gen_tr_lanes[2].u_tr_ln/g3777/Y -       A->Y  F     NOR2XB_X6M_A9TL          2    69    66    1616 
  u_backbone/gen_tr_lanes[2].u_tr_ln/g3765/Y -       B->Y  R     NOR2_X4A_A9TL            3   112   103    1719 
  u_backbone/gen_tr_lanes[2].u_tr_ln/g3751/Y -       B->Y  F     NAND3XXB_X2M_A9TL        1   124   108    1826 
  u_backbone/gen_tr_lanes[2].u_tr_ln/g3743/Y -       B->Y  F     AND2_X8M_A9TL            3    45   136    1962 
  u_backbone/gen_tr_lanes[2].u_tr_ln/g3730/Y -       A->Y  R     NAND2_X4A_A9TL           2    69    56    2019 
  u_backbone/gen_tr_lanes[2].u_tr_ln/g3719/Y -       B->Y  F     MXIT2_X3M_A9TL           1    73    71    2090 
  u_backbone/gen_tr_lanes[2].u_tr_ln/g3714/Y -       B0->Y R     AOI21_X6M_A9TL           1    79    80    2170 
  u_backbone/gen_tr_lanes[2].u_tr_ln/g3712/Y -       B0->Y F     AOI21_X6M_A9TL           1    61    50    2220 
  u_backbone/g3454/Y                         -       B0->Y R     AOI22_X4M_A9TL           1   122    92    2312 
  u_backbone/g3395/Y                         -       B->Y  F     NAND2_X4M_A9TL           4   129    81    2393 
  u_backbone/u_post_ln/g6368/Y               -       CN->Y F     NAND3XXB_X6M_A9TL        3    93   173    2566 
  u_backbone/u_post_ln/g6610/Y               -       A->Y  R     NOR2_X6A_A9TL            3   107    93    2659 
  u_backbone/u_post_ln/g6283/Y               -       A->Y  F     NAND2XB_X3M_A9TL         3    99    88    2747 
  u_backbone/u_post_ln/g6134/Y               -       A0->Y R     AOI2XB1_X3M_A9TL         2   128   120    2868 
  u_backbone/u_post_ln/g6088/Y               -       B->Y  F     NAND3XXB_X1P4M_A9TL      1   138   105    2973 
  u_backbone/u_post_ln/g6571/Y               -       B0->Y R     OAI2XB1_X2M_A9TL         1   105    92    3065 
  u_backbone/s2_post_ln_reg_reg[2][7]/D      -       -     R     DFFRPQ_X1M_A9TL          1     -     0    3065 
#---------------------------------------------------------------------------------------------------------------



Path 47: MET (7 ps) Setup Check with Pin u_backbone/s2_post_ln_reg_reg[4][6]/CK->D
          Group: reg2reg
     Startpoint: (R) u_backbone/s1_mode_pre_ln_reg/CK
          Clock: (R) clk
       Endpoint: (F) u_backbone/s2_post_ln_reg_reg[4][6]/D
          Clock: (R) clk

                     Capture       Launch     
        Clock Edge:+    3300            0     
       Src Latency:+       0            0     
       Net Latency:+       0 (I)        0 (I) 
           Arrival:=    3300            0     
                                              
             Setup:-     120                  
       Uncertainty:-     125                  
     Required Time:=    3056                  
      Launch Clock:-       0                  
         Data Path:-    3048                  
             Slack:=       7                  

#-------------------------------------------------------------------------------------------------------------
#               Timing Point                 Flags   Arc   Edge       Cell         Fanout Trans Delay Arrival 
#                                                                                          (ps)  (ps)   (ps)  
#-------------------------------------------------------------------------------------------------------------
  u_backbone/s1_mode_pre_ln_reg/CK           -       -     R     (arrival)            363     0     0       0 
  u_backbone/s1_mode_pre_ln_reg/Q            -       CK->Q R     DFFRPQ_X4M_A9TL        1    98   310     310 
  u_backbone/u_pre_ln/g5761/Y                -       A->Y  F     INV_X16M_A9TL         19    76    76     385 
  u_backbone/u_pre_ln/g5718/Y                -       A->Y  R     NOR2XB_X6M_A9TL        2    85    79     464 
  u_backbone/u_pre_ln/g5643/Y                -       A->Y  F     INV_X3M_A9TL           3    49    56     520 
  u_backbone/u_pre_ln/g5782/Y                -       BN->Y F     NAND2XB_X3M_A9TL       2    63   126     646 
  u_backbone/u_pre_ln/g5624/Y                -       B->Y  F     AND2_X2M_A9TL          7   117   169     816 
  u_backbone/gen_tr_lanes[4].u_tr_ln/g3871/Y -       B->Y  R     NOR2_X2M_A9TL          2   173   152     967 
  u_backbone/gen_tr_lanes[4].u_tr_ln/g3854/Y -       B->Y  F     NAND2_X4M_A9TL         4   100   105    1072 
  u_backbone/gen_tr_lanes[4].u_tr_ln/g3841/Y -       B0->Y R     AOI21_X1P4M_A9TL       1   124   111    1183 
  u_backbone/gen_tr_lanes[4].u_tr_ln/g3819/Y -       CN->Y R     NAND3XXB_X3M_A9TL      2   154   189    1372 
  u_backbone/gen_tr_lanes[4].u_tr_ln/g3811/Y -       A->Y  F     INV_X3M_A9TL           2    62    67    1439 
  u_backbone/gen_tr_lanes[4].u_tr_ln/g3924/Y -       B->Y  R     NOR2B_X3M_A9TL         2   163   129    1568 
  u_backbone/gen_tr_lanes[4].u_tr_ln/g3804/Y -       A->Y  F     INV_X4M_A9TL           2    55    57    1625 
  u_backbone/gen_tr_lanes[4].u_tr_ln/g3765/Y -       A->Y  R     MXIT2_X3M_A9TL         2   174   104    1729 
  u_backbone/gen_tr_lanes[4].u_tr_ln/g3740/Y -       S0->Y F     MXT2_X4M_A9TL          3    74   183    1912 
  u_backbone/gen_tr_lanes[4].u_tr_ln/g3720/Y -       S0->Y F     MXIT2_X2M_A9TL         1   104   104    2016 
  u_backbone/gen_tr_lanes[4].u_tr_ln/g3715/Y -       S0->Y F     MXIT2_X3M_A9TL         1    84    97    2113 
  u_backbone/g3617/Y                         -       A->Y  R     NAND2_X4M_A9TL         1    72    71    2184 
  u_backbone/g3441/Y                         -       B->Y  F     NAND3_X6A_A9TL         3   128    71    2255 
  u_backbone/u_post_ln/g6511/Y               -       A->Y  R     NOR2_X3A_A9TL          2   118   110    2364 
  u_backbone/u_post_ln/g6427/Y               -       BN->Y R     NOR2XB_X6M_A9TL        2    91   147    2511 
  u_backbone/u_post_ln/g6365/Y               -       B->Y  F     NAND2_X4M_A9TL         2    68    73    2584 
  u_backbone/u_post_ln/g6612/Y               -       A->Y  R     NOR2_X6A_A9TL          4   120    93    2677 
  u_backbone/u_post_ln/g6259/Y               -       B1->Y R     AO1B2_X3M_A9TL         2    87   152    2828 
  u_backbone/u_post_ln/g6171/Y               -       S0->Y R     MXIT2_X1M_A9TL         1   171   105    2933 
  u_backbone/u_post_ln/g6101/Y               -       B0->Y F     OAI21_X1M_A9TL         1   114   115    3048 
  u_backbone/s2_post_ln_reg_reg[4][6]/D      -       -     F     DFFRPQ_X1M_A9TL        1     -     0    3048 
#-------------------------------------------------------------------------------------------------------------



Path 48: MET (7 ps) Setup Check with Pin u_backbone/s2_post_ln_reg_reg[1][5]/CK->D
          Group: reg2reg
     Startpoint: (R) u_backbone/s1_mode_pre_ln_reg/CK
          Clock: (R) clk
       Endpoint: (F) u_backbone/s2_post_ln_reg_reg[1][5]/D
          Clock: (R) clk

                     Capture       Launch     
        Clock Edge:+    3300            0     
       Src Latency:+       0            0     
       Net Latency:+       0 (I)        0 (I) 
           Arrival:=    3300            0     
                                              
             Setup:-     101                  
       Uncertainty:-     125                  
     Required Time:=    3074                  
      Launch Clock:-       0                  
         Data Path:-    3067                  
             Slack:=       7                  

#--------------------------------------------------------------------------------------------------------------
#               Timing Point                 Flags    Arc   Edge       Cell         Fanout Trans Delay Arrival 
#                                                                                           (ps)  (ps)   (ps)  
#--------------------------------------------------------------------------------------------------------------
  u_backbone/s1_mode_pre_ln_reg/CK           -       -      R     (arrival)            363     0     0       0 
  u_backbone/s1_mode_pre_ln_reg/Q            -       CK->Q  F     DFFRPQ_X4M_A9TL        1    73   292     292 
  u_backbone/u_pre_ln/g5761/Y                -       A->Y   R     INV_X16M_A9TL         19   109    94     385 
  u_backbone/u_pre_ln/g5714/Y                -       A->Y   F     NOR2XB_X6M_A9TL        2    68    70     455 
  u_backbone/u_pre_ln/g5691/Y                -       A->Y   R     INV_X3M_A9TL           3    85    79     534 
  u_backbone/u_pre_ln/g5657/Y                -       A->Y   R     AND2_X4M_A9TL          7   104   140     675 
  u_backbone/gen_tr_lanes[1].u_tr_ln/g3940/Y -       B->Y   F     NOR2B_X2M_A9TL         3   102    96     771 
  u_backbone/gen_tr_lanes[1].u_tr_ln/g3841/Y -       A1->Y  F     AO21_X1M_A9TL          1    66   178     949 
  u_backbone/gen_tr_lanes[1].u_tr_ln/g3814/Y -       A0->Y  R     OAI31_X1M_A9TL         1   297   207    1156 
  u_backbone/gen_tr_lanes[1].u_tr_ln/g3800/Y -       CN->Y  R     NAND3XXB_X6M_A9TL      3   135   222    1377 
  u_backbone/gen_tr_lanes[1].u_tr_ln/g3792/Y -       B->Y   F     NAND2_X8M_A9TL         3    69    78    1455 
  u_backbone/gen_tr_lanes[1].u_tr_ln/g3784/Y -       A->Y   R     NAND2XB_X8M_A9TL       2    71    64    1519 
  u_backbone/gen_tr_lanes[1].u_tr_ln/g3781/Y -       A->Y   F     INV_X4M_A9TL           1    34    40    1560 
  u_backbone/gen_tr_lanes[1].u_tr_ln/g3780/Y -       A->Y   R     INV_X6B_A9TL           3    65    54    1614 
  u_backbone/gen_tr_lanes[1].u_tr_ln/g3772/Y -       A->Y   F     NAND2_X3A_A9TL         1    64    63    1677 
  u_backbone/gen_tr_lanes[1].u_tr_ln/g3770/Y -       B->Y   R     NAND2_X4A_A9TL         2    58    62    1740 
  u_backbone/gen_tr_lanes[1].u_tr_ln/g3936/Y -       A->Y   F     NAND2_X4M_A9TL         1    48    49    1788 
  u_backbone/gen_tr_lanes[1].u_tr_ln/g3932/Y -       B0->Y  R     AOI21_X6M_A9TL         3   114    92    1880 
  u_backbone/gen_tr_lanes[1].u_tr_ln/g3727/Y -       A->Y   F     NAND2_X4A_A9TL         2    81    78    1958 
  u_backbone/gen_tr_lanes[1].u_tr_ln/g3715/Y -       A->Y   R     MXIT2_X3M_A9TL         1   113    89    2047 
  u_backbone/gen_tr_lanes[1].u_tr_ln/g3708/Y -       B0->Y  F     AOI21_X3M_A9TL         1    70    69    2116 
  u_backbone/gen_tr_lanes[1].u_tr_ln/g3705/Y -       B0->Y  R     AOI31_X3M_A9TL         1   134   116    2232 
  u_backbone/g3614/Y                         -       A->Y   F     NAND2_X4M_A9TL         1    64    62    2294 
  u_backbone/g3435/Y                         -       A->Y   R     NAND3_X6A_A9TL         4   161    87    2380 
  u_backbone/u_post_ln/g6369/Y               -       BN->Y  R     NAND2XB_X6M_A9TL       4    96   158    2538 
  u_backbone/u_post_ln/g6611/Y               -       A->Y   F     NOR2_X6A_A9TL          3    79    62    2600 
  u_backbone/u_post_ln/g6277/Y               -       A->Y   R     NOR2XB_X3M_A9TL        2   109    95    2695 
  u_backbone/u_post_ln/g6228/Y               -       B->Y   F     NAND2_X2A_A9TL         1   120    86    2781 
  u_backbone/u_post_ln/g6218/Y               -       B0N->Y R     AO21B_X3M_A9TL         2    71    75    2856 
  u_backbone/u_post_ln/g6173/Y               -       A->Y   F     NAND2XB_X2M_A9TL       1    63    59    2915 
  u_backbone/u_post_ln/g6116/Y               -       C->Y   R     NAND3_X3M_A9TL         1    86    86    3000 
  u_backbone/u_post_ln/g6577/Y               -       B0->Y  F     OAI2XB1_X2M_A9TL       1    62    66    3067 
  u_backbone/s2_post_ln_reg_reg[1][5]/D      -       -      F     DFFRPQ_X1M_A9TL        1     -     0    3067 
#--------------------------------------------------------------------------------------------------------------



Path 49: MET (7 ps) Setup Check with Pin u_backbone/s2_post_ln_reg_reg[0][6]/CK->D
          Group: reg2reg
     Startpoint: (R) u_backbone/s1_vec_in_reg[0][8]/CK
          Clock: (R) clk
       Endpoint: (R) u_backbone/s2_post_ln_reg_reg[0][6]/D
          Clock: (R) clk

                     Capture       Launch     
        Clock Edge:+    3300            0     
       Src Latency:+       0            0     
       Net Latency:+       0 (I)        0 (I) 
           Arrival:=    3300            0     
                                              
             Setup:-     104                  
       Uncertainty:-     125                  
     Required Time:=    3071                  
      Launch Clock:-       0                  
         Data Path:-    3064                  
             Slack:=       7                  

#---------------------------------------------------------------------------------------------------------------
#               Timing Point                 Flags    Arc   Edge        Cell         Fanout Trans Delay Arrival 
#                                                                                            (ps)  (ps)   (ps)  
#---------------------------------------------------------------------------------------------------------------
  u_backbone/s1_vec_in_reg[0][8]/CK          -       -      R     (arrival)             363     0     0       0 
  u_backbone/s1_vec_in_reg[0][8]/QN          -       CK->QN F     DFFRPQN_X1M_A9TL        1   118   267     267 
  u_backbone/g2542/Y                         -       A->Y   R     INV_X2M_A9TL            4   123   112     379 
  u_backbone/u_pre_ln/g5711/Y                -       B->Y   F     NAND2_X1P4M_A9TL        2   119   110     489 
  u_backbone/u_pre_ln/g5688/Y                -       A->Y   R     INV_X1M_A9TL            2   145   126     615 
  u_backbone/u_pre_ln/g5570/Y                -       B->Y   R     AND3_X3M_A9TL           3    89   161     776 
  u_backbone/u_pre_ln/g5512/Y                -       A->Y   F     NAND2XB_X2M_A9TL        1    60    59     836 
  u_backbone/u_pre_ln/g5411/Y                -       A->Y   R     NAND2XB_X2M_A9TL        1    98    76     912 
  u_backbone/u_pre_ln/g5405/Y                -       B->Y   R     AND2_X6M_A9TL          11   126   161    1074 
  u_backbone/gen_tr_lanes[0].u_tr_ln/g3878/Y -       A->Y   F     NOR2XB_X3M_A9TL         2    71    77    1150 
  u_backbone/gen_tr_lanes[0].u_tr_ln/g3827/Y -       CN->Y  F     NAND3XXB_X2M_A9TL       1   114   175    1325 
  u_backbone/gen_tr_lanes[0].u_tr_ln/g3816/Y -       A->Y   R     NAND2XB_X4M_A9TL        2   108   102    1427 
  u_backbone/gen_tr_lanes[0].u_tr_ln/g3786/Y -       A->Y   F     NAND2_X8M_A9TL          2    72    66    1493 
  u_backbone/gen_tr_lanes[0].u_tr_ln/g3783/Y -       A->Y   R     INV_X9M_A9TL            5    60    62    1556 
  u_backbone/gen_tr_lanes[0].u_tr_ln/g3777/Y -       B->Y   F     NAND2_X6A_A9TL          2    75    66    1621 
  u_backbone/gen_tr_lanes[0].u_tr_ln/g3770/Y -       BN->Y  F     NOR2XB_X6M_A9TL         2    59   130    1751 
  u_backbone/gen_tr_lanes[0].u_tr_ln/g3767/Y -       B->Y   R     NOR2_X4M_A9TL           2    90    86    1837 
  u_backbone/gen_tr_lanes[0].u_tr_ln/g3755/Y -       A->Y   F     NOR2XB_X3M_A9TL         1    71    68    1904 
  u_backbone/gen_tr_lanes[0].u_tr_ln/g3740/Y -       A->Y   R     NAND2_X4A_A9TL          3    83    72    1976 
  u_backbone/gen_tr_lanes[0].u_tr_ln/g3722/Y -       BN->Y  R     NAND2XB_X4M_A9TL        2    76   126    2102 
  u_backbone/gen_tr_lanes[0].u_tr_ln/g3721/Y -       A->Y   F     INV_X2M_A9TL            1    43    50    2152 
  u_backbone/gen_tr_lanes[0].u_tr_ln/g3716/Y -       B->Y   R     MXIT2_X3M_A9TL          1   114    78    2230 
  u_backbone/gen_tr_lanes[0].u_tr_ln/g3707/Y -       B0->Y  F     AOI32_X3M_A9TL          1   113    78    2308 
  u_backbone/g3456/Y                         -       B0->Y  R     AOI22_X3M_A9TL          1   137   120    2427 
  u_backbone/g3419/Y                         -       B->Y   F     NAND2_X4M_A9TL          3   114    79    2506 
  u_backbone/u_post_ln/g6242/Y               -       BN->Y  F     NAND2XB_X4M_A9TL        4    78   157    2663 
  u_backbone/u_post_ln/g6199/Y               -       A->Y   R     NOR2_X3A_A9TL           2   169   120    2783 
  u_backbone/u_post_ln/g6186/Y               -       A->Y   F     INV_X3M_A9TL            1    58    60    2843 
  u_backbone/u_post_ln/g6166/Y               -       A->Y   R     NAND2XB_X4M_A9TL        2    84    66    2909 
  u_backbone/u_post_ln/g6109/Y               -       A0->Y  F     OAI2XB1_X2M_A9TL        1    70    74    2983 
  u_backbone/u_post_ln/g6092/Y               -       B0->Y  R     OAI2XB1_X1P4M_A9TL      1   134    81    3064 
  u_backbone/s2_post_ln_reg_reg[0][6]/D      -       -      R     DFFRPQ_X2M_A9TL         1     -     0    3064 
#---------------------------------------------------------------------------------------------------------------



Path 50: MET (7 ps) Setup Check with Pin u_backbone/s2_post_ln_reg_reg[1][5]/CK->D
          Group: reg2reg
     Startpoint: (R) u_backbone/s1_mode_pre_ln_reg/CK
          Clock: (R) clk
       Endpoint: (F) u_backbone/s2_post_ln_reg_reg[1][5]/D
          Clock: (R) clk

                     Capture       Launch     
        Clock Edge:+    3300            0     
       Src Latency:+       0            0     
       Net Latency:+       0 (I)        0 (I) 
           Arrival:=    3300            0     
                                              
             Setup:-     101                  
       Uncertainty:-     125                  
     Required Time:=    3074                  
      Launch Clock:-       0                  
         Data Path:-    3067                  
             Slack:=       7                  

#-------------------------------------------------------------------------------------------------------------
#               Timing Point                 Flags    Arc   Edge       Cell        Fanout Trans Delay Arrival 
#                                                                                          (ps)  (ps)   (ps)  
#-------------------------------------------------------------------------------------------------------------
  u_backbone/s1_mode_pre_ln_reg/CK           -       -      R     (arrival)           363     0     0       0 
  u_backbone/s1_mode_pre_ln_reg/Q            -       CK->Q  F     DFFRPQ_X4M_A9TL       1    73   292     292 
  u_backbone/u_pre_ln/g5761/Y                -       A->Y   R     INV_X16M_A9TL        19   109    94     385 
  u_backbone/u_pre_ln/g5714/Y                -       A->Y   F     NOR2XB_X6M_A9TL       2    68    70     455 
  u_backbone/u_pre_ln/g5610/Y                -       C->Y   F     AND3_X8M_A9TL         4    59   145     601 
  u_backbone/u_pre_ln/g5600/Y                -       A->Y   R     NAND2_X8M_A9TL        4    90    72     672 
  u_backbone/u_pre_ln/g5470/Y                -       A->Y   F     NOR2XB_X4M_A9TL       2   100    82     755 
  u_backbone/u_pre_ln/g5419/Y                -       A1->Y  F     OA21_X3M_A9TL         5   104   199     953 
  u_backbone/gen_tr_lanes[1].u_tr_ln/g3894/Y -       A->Y   R     NOR2_X6A_A9TL         5   129   112    1066 
  u_backbone/gen_tr_lanes[1].u_tr_ln/g3860/Y -       BN->Y  R     NOR2XB_X3M_A9TL       1   144   189    1254 
  u_backbone/gen_tr_lanes[1].u_tr_ln/g3842/Y -       B->Y   F     NAND2_X8M_A9TL        4    69    79    1333 
  u_backbone/gen_tr_lanes[1].u_tr_ln/g3938/Y -       A->Y   R     NOR2_X6A_A9TL         4   134   105    1439 
  u_backbone/gen_tr_lanes[1].u_tr_ln/g3820/Y -       A->Y   F     INV_X2M_A9TL          2    81    84    1523 
  u_backbone/gen_tr_lanes[1].u_tr_ln/g3812/Y -       A->Y   R     NOR2XB_X6M_A9TL       4    99    88    1611 
  u_backbone/gen_tr_lanes[1].u_tr_ln/g3798/Y -       A->Y   F     NOR2XB_X3M_A9TL       1    71    70    1682 
  u_backbone/gen_tr_lanes[1].u_tr_ln/g3770/Y -       A->Y   R     NAND2_X4A_A9TL        2    58    60    1742 
  u_backbone/gen_tr_lanes[1].u_tr_ln/g3936/Y -       A->Y   F     NAND2_X4M_A9TL        1    48    49    1790 
  u_backbone/gen_tr_lanes[1].u_tr_ln/g3932/Y -       B0->Y  R     AOI21_X6M_A9TL        3   114    92    1883 
  u_backbone/gen_tr_lanes[1].u_tr_ln/g3727/Y -       A->Y   F     NAND2_X4A_A9TL        2    81    78    1960 
  u_backbone/gen_tr_lanes[1].u_tr_ln/g3721/Y -       B->Y   R     NOR2_X4B_A9TL         1    72    81    2042 
  u_backbone/gen_tr_lanes[1].u_tr_ln/g3708/Y -       A1->Y  F     AOI21_X3M_A9TL        1    70    74    2116 
  u_backbone/gen_tr_lanes[1].u_tr_ln/g3705/Y -       B0->Y  R     AOI31_X3M_A9TL        1   134   116    2232 
  u_backbone/g3614/Y                         -       A->Y   F     NAND2_X4M_A9TL        1    64    62    2294 
  u_backbone/g3435/Y                         -       A->Y   R     NAND3_X6A_A9TL        4   161    87    2380 
  u_backbone/u_post_ln/g6369/Y               -       BN->Y  R     NAND2XB_X6M_A9TL      4    96   158    2538 
  u_backbone/u_post_ln/g6611/Y               -       A->Y   F     NOR2_X6A_A9TL         3    79    62    2600 
  u_backbone/u_post_ln/g6277/Y               -       A->Y   R     NOR2XB_X3M_A9TL       2   109    95    2695 
  u_backbone/u_post_ln/g6228/Y               -       B->Y   F     NAND2_X2A_A9TL        1   120    86    2781 
  u_backbone/u_post_ln/g6218/Y               -       B0N->Y R     AO21B_X3M_A9TL        2    71    75    2856 
  u_backbone/u_post_ln/g6173/Y               -       A->Y   F     NAND2XB_X2M_A9TL      1    63    59    2914 
  u_backbone/u_post_ln/g6116/Y               -       C->Y   R     NAND3_X3M_A9TL        1    86    86    3000 
  u_backbone/u_post_ln/g6577/Y               -       B0->Y  F     OAI2XB1_X2M_A9TL      1    62    66    3067 
  u_backbone/s2_post_ln_reg_reg[1][5]/D      -       -      F     DFFRPQ_X1M_A9TL       1     -     0    3067 
#-------------------------------------------------------------------------------------------------------------

