
 	 Check Design Report (c)
	 ------------------- 
No subdesign's name is greater than 1.5k in length.

 Feedthrough Module(s)
 -------------------------
No feed through module in 'tr_soc_top_mx'

  Unresolved References & Empty Modules
  ------------------------------------- 
design 'tr_soc_top_mx' has the following unresolved references
hinst:tr_soc_top_mx/u_mm
Total number of unresolved references in design 'tr_soc_top_mx' : 1

No empty modules in design 'tr_soc_top_mx'

 Unloaded Pin(s), Port(s)
 -------------------------
design 'tr_soc_top_mx' has the following unloaded sequential elements
inst:tr_soc_top_mx/u_ctrl/reg_mm_rows_reg[0]
inst:tr_soc_top_mx/u_ctrl/reg_mm_rows_reg[1]
inst:tr_soc_top_mx/u_ctrl/reg_mm_rows_reg[2]
inst:tr_soc_top_mx/u_ctrl/reg_mm_rows_reg[3]
inst:tr_soc_top_mx/u_ctrl/reg_mm_rows_reg[4]
inst:tr_soc_top_mx/u_ctrl/reg_mm_rows_reg[5]
inst:tr_soc_top_mx/u_ctrl/reg_mm_rows_reg[6]
inst:tr_soc_top_mx/u_ctrl/reg_mm_rows_reg[7]
inst:tr_soc_top_mx/u_ctrl/reg_mm_rows_reg[8]
inst:tr_soc_top_mx/u_ctrl/reg_mm_rows_reg[9]
inst:tr_soc_top_mx/u_ctrl/reg_mm_rows_reg[10]
inst:tr_soc_top_mx/u_ctrl/reg_mm_rows_reg[11]
inst:tr_soc_top_mx/u_ctrl/reg_mm_rows_reg[12]
inst:tr_soc_top_mx/u_ctrl/reg_mm_rows_reg[13]
inst:tr_soc_top_mx/u_ctrl/reg_mm_rows_reg[14]
inst:tr_soc_top_mx/u_ctrl/reg_mm_rows_reg[15]
inst:tr_soc_top_mx/u_ctrl/reg_mm_ctiles_reg[0]
inst:tr_soc_top_mx/u_ctrl/reg_mm_ctiles_reg[1]
inst:tr_soc_top_mx/u_ctrl/reg_mm_ctiles_reg[2]
inst:tr_soc_top_mx/u_ctrl/reg_mm_ctiles_reg[3]
inst:tr_soc_top_mx/u_ctrl/reg_mm_ctiles_reg[4]
inst:tr_soc_top_mx/u_ctrl/reg_mm_ctiles_reg[5]
inst:tr_soc_top_mx/u_ctrl/reg_mm_ctiles_reg[6]
inst:tr_soc_top_mx/u_ctrl/reg_mm_ctiles_reg[7]
inst:tr_soc_top_mx/u_ctrl/reg_mm_ctiles_reg[8]
inst:tr_soc_top_mx/u_ctrl/reg_mm_ctiles_reg[9]
inst:tr_soc_top_mx/u_ctrl/reg_mm_ctiles_reg[10]
inst:tr_soc_top_mx/u_ctrl/reg_mm_ctiles_reg[11]
inst:tr_soc_top_mx/u_ctrl/reg_mm_ctiles_reg[12]
inst:tr_soc_top_mx/u_ctrl/reg_mm_ctiles_reg[13]
inst:tr_soc_top_mx/u_ctrl/reg_mm_ctiles_reg[14]
inst:tr_soc_top_mx/u_ctrl/reg_mm_ctiles_reg[15]
inst:tr_soc_top_mx/u_ctrl/mm_start_reg
inst:tr_soc_top_mx/u_req_mx/req_out_valid_reg
inst:tr_soc_top_mx/u_vpu/vpu_max_valid_out_reg
Total number of unloaded sequential elements in design 'tr_soc_top_mx' : 35

design 'tr_soc_top_mx' has the following unloaded port(s)
port:tr_soc_top_mx/mmio_wdata[31]
port:tr_soc_top_mx/mmio_wdata[30]
port:tr_soc_top_mx/mmio_wdata[29]
port:tr_soc_top_mx/mmio_wdata[28]
port:tr_soc_top_mx/mmio_wdata[27]
port:tr_soc_top_mx/mmio_wdata[26]
port:tr_soc_top_mx/mmio_wdata[25]
port:tr_soc_top_mx/mmio_wdata[24]
port:tr_soc_top_mx/mmio_wdata[23]
port:tr_soc_top_mx/mmio_wdata[22]
port:tr_soc_top_mx/mmio_wdata[21]
port:tr_soc_top_mx/mmio_wdata[20]
port:tr_soc_top_mx/mmio_wdata[19]
port:tr_soc_top_mx/mmio_wdata[18]
port:tr_soc_top_mx/mmio_wdata[17]
port:tr_soc_top_mx/mmio_wdata[16]
port:tr_soc_top_mx/mm_mem_valid
Total number of unloaded ports in design 'tr_soc_top_mx' : 17

 Unloaded Combinational Pin(s)
 -------------------------------
design 'tr_soc_top_mx' has the following unloaded combinational elements
pin:tr_soc_top_mx/u_dot/GEN_MAC_LANES[0].u_mac_lane/add_108_26_I7/g3/z
pin:tr_soc_top_mx/u_dot/GEN_MAC_LANES[0].u_mac_lane/add_108_26_I7/g276/z
pin:tr_soc_top_mx/u_dot/GEN_MAC_LANES[0].u_mac_lane/add_108_26_I7/g278/z
pin:tr_soc_top_mx/u_dot/GEN_MAC_LANES[1].u_mac_lane/add_108_26_I7/g3/z
pin:tr_soc_top_mx/u_dot/GEN_MAC_LANES[1].u_mac_lane/add_108_26_I7/g276/z
pin:tr_soc_top_mx/u_dot/GEN_MAC_LANES[1].u_mac_lane/add_108_26_I7/g278/z
pin:tr_soc_top_mx/u_dot/GEN_MAC_LANES[2].u_mac_lane/add_108_26_I7/g3/z
pin:tr_soc_top_mx/u_dot/GEN_MAC_LANES[2].u_mac_lane/add_108_26_I7/g276/z
pin:tr_soc_top_mx/u_dot/GEN_MAC_LANES[2].u_mac_lane/add_108_26_I7/g278/z
pin:tr_soc_top_mx/u_dot/GEN_MAC_LANES[3].u_mac_lane/add_108_26_I7/g3/z
pin:tr_soc_top_mx/u_dot/GEN_MAC_LANES[3].u_mac_lane/add_108_26_I7/g276/z
pin:tr_soc_top_mx/u_dot/GEN_MAC_LANES[3].u_mac_lane/add_108_26_I7/g278/z
pin:tr_soc_top_mx/u_vpu/u_backbone/gen_tr_lanes[0].u_tr_ln/add_68_30/g4/z
pin:tr_soc_top_mx/u_vpu/u_backbone/gen_tr_lanes[0].u_tr_ln/sll_61_31/g121/z
pin:tr_soc_top_mx/u_vpu/u_backbone/gen_tr_lanes[0].u_tr_ln/sll_61_31/g122/z
pin:tr_soc_top_mx/u_vpu/u_backbone/gen_tr_lanes[0].u_tr_ln/sll_61_31/g123/z
pin:tr_soc_top_mx/u_vpu/u_backbone/gen_tr_lanes[0].u_tr_ln/sll_61_31/g139/z
pin:tr_soc_top_mx/u_vpu/u_backbone/gen_tr_lanes[0].u_tr_ln/sll_61_31/g140/z
pin:tr_soc_top_mx/u_vpu/u_backbone/gen_tr_lanes[0].u_tr_ln/sll_61_31/g141/z
pin:tr_soc_top_mx/u_vpu/u_backbone/gen_tr_lanes[0].u_tr_ln/sll_61_31/g142/z
pin:tr_soc_top_mx/u_vpu/u_backbone/gen_tr_lanes[0].u_tr_ln/sll_61_31/g143/z
pin:tr_soc_top_mx/u_vpu/u_backbone/gen_tr_lanes[0].u_tr_ln/sll_61_31/g144/z
pin:tr_soc_top_mx/u_vpu/u_backbone/gen_tr_lanes[0].u_tr_ln/sll_61_31/g145/z
pin:tr_soc_top_mx/u_vpu/u_backbone/gen_tr_lanes[0].u_tr_ln/sll_61_31/g146/z
pin:tr_soc_top_mx/u_vpu/u_backbone/gen_tr_lanes[1].u_tr_ln/add_68_30/g4/z
pin:tr_soc_top_mx/u_vpu/u_backbone/gen_tr_lanes[1].u_tr_ln/sll_61_31/g121/z
pin:tr_soc_top_mx/u_vpu/u_backbone/gen_tr_lanes[1].u_tr_ln/sll_61_31/g122/z
pin:tr_soc_top_mx/u_vpu/u_backbone/gen_tr_lanes[1].u_tr_ln/sll_61_31/g123/z
pin:tr_soc_top_mx/u_vpu/u_backbone/gen_tr_lanes[1].u_tr_ln/sll_61_31/g139/z
pin:tr_soc_top_mx/u_vpu/u_backbone/gen_tr_lanes[1].u_tr_ln/sll_61_31/g140/z
pin:tr_soc_top_mx/u_vpu/u_backbone/gen_tr_lanes[1].u_tr_ln/sll_61_31/g141/z
pin:tr_soc_top_mx/u_vpu/u_backbone/gen_tr_lanes[1].u_tr_ln/sll_61_31/g142/z
pin:tr_soc_top_mx/u_vpu/u_backbone/gen_tr_lanes[1].u_tr_ln/sll_61_31/g143/z
pin:tr_soc_top_mx/u_vpu/u_backbone/gen_tr_lanes[1].u_tr_ln/sll_61_31/g144/z
pin:tr_soc_top_mx/u_vpu/u_backbone/gen_tr_lanes[1].u_tr_ln/sll_61_31/g145/z
pin:tr_soc_top_mx/u_vpu/u_backbone/gen_tr_lanes[1].u_tr_ln/sll_61_31/g146/z
pin:tr_soc_top_mx/u_vpu/u_backbone/gen_tr_lanes[2].u_tr_ln/add_68_30/g4/z
pin:tr_soc_top_mx/u_vpu/u_backbone/gen_tr_lanes[2].u_tr_ln/sll_61_31/g121/z
pin:tr_soc_top_mx/u_vpu/u_backbone/gen_tr_lanes[2].u_tr_ln/sll_61_31/g122/z
pin:tr_soc_top_mx/u_vpu/u_backbone/gen_tr_lanes[2].u_tr_ln/sll_61_31/g123/z
pin:tr_soc_top_mx/u_vpu/u_backbone/gen_tr_lanes[2].u_tr_ln/sll_61_31/g139/z
pin:tr_soc_top_mx/u_vpu/u_backbone/gen_tr_lanes[2].u_tr_ln/sll_61_31/g140/z
pin:tr_soc_top_mx/u_vpu/u_backbone/gen_tr_lanes[2].u_tr_ln/sll_61_31/g141/z
pin:tr_soc_top_mx/u_vpu/u_backbone/gen_tr_lanes[2].u_tr_ln/sll_61_31/g142/z
pin:tr_soc_top_mx/u_vpu/u_backbone/gen_tr_lanes[2].u_tr_ln/sll_61_31/g143/z
pin:tr_soc_top_mx/u_vpu/u_backbone/gen_tr_lanes[2].u_tr_ln/sll_61_31/g144/z
pin:tr_soc_top_mx/u_vpu/u_backbone/gen_tr_lanes[2].u_tr_ln/sll_61_31/g145/z
pin:tr_soc_top_mx/u_vpu/u_backbone/gen_tr_lanes[2].u_tr_ln/sll_61_31/g146/z
pin:tr_soc_top_mx/u_vpu/u_backbone/gen_tr_lanes[3].u_tr_ln/add_68_30/g4/z
pin:tr_soc_top_mx/u_vpu/u_backbone/gen_tr_lanes[3].u_tr_ln/sll_61_31/g121/z
pin:tr_soc_top_mx/u_vpu/u_backbone/gen_tr_lanes[3].u_tr_ln/sll_61_31/g122/z
pin:tr_soc_top_mx/u_vpu/u_backbone/gen_tr_lanes[3].u_tr_ln/sll_61_31/g123/z
pin:tr_soc_top_mx/u_vpu/u_backbone/gen_tr_lanes[3].u_tr_ln/sll_61_31/g139/z
pin:tr_soc_top_mx/u_vpu/u_backbone/gen_tr_lanes[3].u_tr_ln/sll_61_31/g140/z
pin:tr_soc_top_mx/u_vpu/u_backbone/gen_tr_lanes[3].u_tr_ln/sll_61_31/g141/z
pin:tr_soc_top_mx/u_vpu/u_backbone/gen_tr_lanes[3].u_tr_ln/sll_61_31/g142/z
pin:tr_soc_top_mx/u_vpu/u_backbone/gen_tr_lanes[3].u_tr_ln/sll_61_31/g143/z
pin:tr_soc_top_mx/u_vpu/u_backbone/gen_tr_lanes[3].u_tr_ln/sll_61_31/g144/z
pin:tr_soc_top_mx/u_vpu/u_backbone/gen_tr_lanes[3].u_tr_ln/sll_61_31/g145/z
pin:tr_soc_top_mx/u_vpu/u_backbone/gen_tr_lanes[3].u_tr_ln/sll_61_31/g146/z
pin:tr_soc_top_mx/u_vpu/u_backbone/gen_tr_lanes[4].u_tr_ln/add_68_30/g4/z
pin:tr_soc_top_mx/u_vpu/u_backbone/gen_tr_lanes[4].u_tr_ln/sll_61_31/g121/z
pin:tr_soc_top_mx/u_vpu/u_backbone/gen_tr_lanes[4].u_tr_ln/sll_61_31/g122/z
pin:tr_soc_top_mx/u_vpu/u_backbone/gen_tr_lanes[4].u_tr_ln/sll_61_31/g123/z
pin:tr_soc_top_mx/u_vpu/u_backbone/gen_tr_lanes[4].u_tr_ln/sll_61_31/g139/z
pin:tr_soc_top_mx/u_vpu/u_backbone/gen_tr_lanes[4].u_tr_ln/sll_61_31/g140/z
pin:tr_soc_top_mx/u_vpu/u_backbone/gen_tr_lanes[4].u_tr_ln/sll_61_31/g141/z
pin:tr_soc_top_mx/u_vpu/u_backbone/gen_tr_lanes[4].u_tr_ln/sll_61_31/g142/z
pin:tr_soc_top_mx/u_vpu/u_backbone/gen_tr_lanes[4].u_tr_ln/sll_61_31/g143/z
pin:tr_soc_top_mx/u_vpu/u_backbone/gen_tr_lanes[4].u_tr_ln/sll_61_31/g144/z
pin:tr_soc_top_mx/u_vpu/u_backbone/gen_tr_lanes[4].u_tr_ln/sll_61_31/g145/z
pin:tr_soc_top_mx/u_vpu/u_backbone/gen_tr_lanes[4].u_tr_ln/sll_61_31/g146/z
pin:tr_soc_top_mx/u_vpu/u_backbone/gen_tr_lanes[5].u_tr_ln/add_68_30/g4/z
pin:tr_soc_top_mx/u_vpu/u_backbone/gen_tr_lanes[5].u_tr_ln/sll_61_31/g121/z
pin:tr_soc_top_mx/u_vpu/u_backbone/gen_tr_lanes[5].u_tr_ln/sll_61_31/g122/z
pin:tr_soc_top_mx/u_vpu/u_backbone/gen_tr_lanes[5].u_tr_ln/sll_61_31/g123/z
pin:tr_soc_top_mx/u_vpu/u_backbone/gen_tr_lanes[5].u_tr_ln/sll_61_31/g139/z
pin:tr_soc_top_mx/u_vpu/u_backbone/gen_tr_lanes[5].u_tr_ln/sll_61_31/g140/z
pin:tr_soc_top_mx/u_vpu/u_backbone/gen_tr_lanes[5].u_tr_ln/sll_61_31/g141/z
pin:tr_soc_top_mx/u_vpu/u_backbone/gen_tr_lanes[5].u_tr_ln/sll_61_31/g142/z
pin:tr_soc_top_mx/u_vpu/u_backbone/gen_tr_lanes[5].u_tr_ln/sll_61_31/g143/z
pin:tr_soc_top_mx/u_vpu/u_backbone/gen_tr_lanes[5].u_tr_ln/sll_61_31/g144/z
pin:tr_soc_top_mx/u_vpu/u_backbone/gen_tr_lanes[5].u_tr_ln/sll_61_31/g145/z
pin:tr_soc_top_mx/u_vpu/u_backbone/gen_tr_lanes[5].u_tr_ln/sll_61_31/g146/z
pin:tr_soc_top_mx/u_vpu/u_backbone/gen_tr_lanes[6].u_tr_ln/add_68_30/g4/z
pin:tr_soc_top_mx/u_vpu/u_backbone/gen_tr_lanes[6].u_tr_ln/sll_61_31/g121/z
pin:tr_soc_top_mx/u_vpu/u_backbone/gen_tr_lanes[6].u_tr_ln/sll_61_31/g122/z
pin:tr_soc_top_mx/u_vpu/u_backbone/gen_tr_lanes[6].u_tr_ln/sll_61_31/g123/z
pin:tr_soc_top_mx/u_vpu/u_backbone/gen_tr_lanes[6].u_tr_ln/sll_61_31/g139/z
pin:tr_soc_top_mx/u_vpu/u_backbone/gen_tr_lanes[6].u_tr_ln/sll_61_31/g140/z
pin:tr_soc_top_mx/u_vpu/u_backbone/gen_tr_lanes[6].u_tr_ln/sll_61_31/g141/z
pin:tr_soc_top_mx/u_vpu/u_backbone/gen_tr_lanes[6].u_tr_ln/sll_61_31/g142/z
pin:tr_soc_top_mx/u_vpu/u_backbone/gen_tr_lanes[6].u_tr_ln/sll_61_31/g143/z
pin:tr_soc_top_mx/u_vpu/u_backbone/gen_tr_lanes[6].u_tr_ln/sll_61_31/g144/z
pin:tr_soc_top_mx/u_vpu/u_backbone/gen_tr_lanes[6].u_tr_ln/sll_61_31/g145/z
pin:tr_soc_top_mx/u_vpu/u_backbone/gen_tr_lanes[6].u_tr_ln/sll_61_31/g146/z
pin:tr_soc_top_mx/u_vpu/u_backbone/gen_tr_lanes[7].u_tr_ln/add_68_30/g4/z
pin:tr_soc_top_mx/u_vpu/u_backbone/gen_tr_lanes[7].u_tr_ln/sll_61_31/g121/z
pin:tr_soc_top_mx/u_vpu/u_backbone/gen_tr_lanes[7].u_tr_ln/sll_61_31/g122/z
pin:tr_soc_top_mx/u_vpu/u_backbone/gen_tr_lanes[7].u_tr_ln/sll_61_31/g123/z
pin:tr_soc_top_mx/u_vpu/u_backbone/gen_tr_lanes[7].u_tr_ln/sll_61_31/g139/z
pin:tr_soc_top_mx/u_vpu/u_backbone/gen_tr_lanes[7].u_tr_ln/sll_61_31/g140/z
pin:tr_soc_top_mx/u_vpu/u_backbone/gen_tr_lanes[7].u_tr_ln/sll_61_31/g141/z
pin:tr_soc_top_mx/u_vpu/u_backbone/gen_tr_lanes[7].u_tr_ln/sll_61_31/g142/z
pin:tr_soc_top_mx/u_vpu/u_backbone/gen_tr_lanes[7].u_tr_ln/sll_61_31/g143/z
pin:tr_soc_top_mx/u_vpu/u_backbone/gen_tr_lanes[7].u_tr_ln/sll_61_31/g144/z
pin:tr_soc_top_mx/u_vpu/u_backbone/gen_tr_lanes[7].u_tr_ln/sll_61_31/g145/z
pin:tr_soc_top_mx/u_vpu/u_backbone/gen_tr_lanes[7].u_tr_ln/sll_61_31/g146/z
pin:tr_soc_top_mx/u_vpu/u_mac/mul_90_60_I8/g1825/z
pin:tr_soc_top_mx/u_vpu/u_mac/mul_91_71_I8/g2042/z
pin:tr_soc_top_mx/u_vpu/u_mac/mul_91_71_I8/g2045/z
pin:tr_soc_top_mx/u_vpu/u_mac/mul_90_60_I7/g1825/z
pin:tr_soc_top_mx/u_vpu/u_mac/mul_91_71_I7/g2042/z
pin:tr_soc_top_mx/u_vpu/u_mac/mul_91_71_I7/g2045/z
pin:tr_soc_top_mx/u_vpu/u_mac/mul_90_60_I6/g1825/z
pin:tr_soc_top_mx/u_vpu/u_mac/mul_91_71_I6/g2042/z
pin:tr_soc_top_mx/u_vpu/u_mac/mul_91_71_I6/g2045/z
pin:tr_soc_top_mx/u_vpu/u_mac/mul_90_60_I5/g1825/z
pin:tr_soc_top_mx/u_vpu/u_mac/mul_91_71_I5/g2042/z
pin:tr_soc_top_mx/u_vpu/u_mac/mul_91_71_I5/g2045/z
pin:tr_soc_top_mx/u_vpu/u_mac/mul_90_60_I4/g1825/z
pin:tr_soc_top_mx/u_vpu/u_mac/mul_91_71_I4/g2042/z
pin:tr_soc_top_mx/u_vpu/u_mac/mul_91_71_I4/g2045/z
pin:tr_soc_top_mx/u_vpu/u_mac/mul_90_60_I3/g1825/z
pin:tr_soc_top_mx/u_vpu/u_mac/mul_91_71_I3/g2042/z
pin:tr_soc_top_mx/u_vpu/u_mac/mul_91_71_I3/g2045/z
pin:tr_soc_top_mx/u_vpu/u_mac/mul_90_60_I2/g1825/z
pin:tr_soc_top_mx/u_vpu/u_mac/mul_91_71_I2/g2042/z
pin:tr_soc_top_mx/u_vpu/u_mac/mul_91_71_I2/g2045/z
pin:tr_soc_top_mx/u_vpu/u_mac/mul_90_60_I1/g1825/z
pin:tr_soc_top_mx/u_vpu/u_mac/mul_91_71_I1/g2042/z
pin:tr_soc_top_mx/u_vpu/u_mac/mul_91_71_I1/g2045/z
pin:tr_soc_top_mx/u_vpu/u_vecmul/mul_77_60_I8/g1825/z
pin:tr_soc_top_mx/u_vpu/u_vecmul/mul_78_71_I8/g2042/z
pin:tr_soc_top_mx/u_vpu/u_vecmul/mul_78_71_I8/g2045/z
pin:tr_soc_top_mx/u_vpu/u_vecmul/mul_77_60_I7/g1825/z
pin:tr_soc_top_mx/u_vpu/u_vecmul/mul_78_71_I7/g2042/z
pin:tr_soc_top_mx/u_vpu/u_vecmul/mul_78_71_I7/g2045/z
pin:tr_soc_top_mx/u_vpu/u_vecmul/mul_77_60_I6/g1825/z
pin:tr_soc_top_mx/u_vpu/u_vecmul/mul_78_71_I6/g2042/z
pin:tr_soc_top_mx/u_vpu/u_vecmul/mul_78_71_I6/g2045/z
pin:tr_soc_top_mx/u_vpu/u_vecmul/mul_77_60_I5/g1825/z
pin:tr_soc_top_mx/u_vpu/u_vecmul/mul_78_71_I5/g2042/z
pin:tr_soc_top_mx/u_vpu/u_vecmul/mul_78_71_I5/g2045/z
pin:tr_soc_top_mx/u_vpu/u_vecmul/mul_77_60_I4/g1825/z
pin:tr_soc_top_mx/u_vpu/u_vecmul/mul_78_71_I4/g2042/z
pin:tr_soc_top_mx/u_vpu/u_vecmul/mul_78_71_I4/g2045/z
pin:tr_soc_top_mx/u_vpu/u_vecmul/mul_77_60_I3/g1825/z
pin:tr_soc_top_mx/u_vpu/u_vecmul/mul_78_71_I3/g2042/z
pin:tr_soc_top_mx/u_vpu/u_vecmul/mul_78_71_I3/g2045/z
pin:tr_soc_top_mx/u_vpu/u_vecmul/mul_77_60_I2/g1825/z
pin:tr_soc_top_mx/u_vpu/u_vecmul/mul_78_71_I2/g2042/z
pin:tr_soc_top_mx/u_vpu/u_vecmul/mul_78_71_I2/g2045/z
pin:tr_soc_top_mx/u_vpu/u_vecmul/mul_77_60_I1/g1825/z
pin:tr_soc_top_mx/u_vpu/u_vecmul/mul_78_71_I1/g2042/z
pin:tr_soc_top_mx/u_vpu/u_vecmul/mul_78_71_I1/g2045/z
Total number of unloaded combinational elements in design 'tr_soc_top_mx' : 156

 Assigns
 ------- 
Encountered an assign statement at hport 'hport:tr_soc_top_mx/u_ctrl/mmio_rdata[31]' in module tr_soc_ctrl_mx_N8_W16_ACC_W32
Encountered an assign statement at hport 'hport:tr_soc_top_mx/u_ctrl/mmio_rdata[30]' in module tr_soc_ctrl_mx_N8_W16_ACC_W32
Encountered an assign statement at hport 'hport:tr_soc_top_mx/u_ctrl/mmio_rdata[29]' in module tr_soc_ctrl_mx_N8_W16_ACC_W32
Encountered an assign statement at hport 'hport:tr_soc_top_mx/u_ctrl/mmio_rdata[28]' in module tr_soc_ctrl_mx_N8_W16_ACC_W32
Encountered an assign statement at hport 'hport:tr_soc_top_mx/u_ctrl/mmio_rdata[27]' in module tr_soc_ctrl_mx_N8_W16_ACC_W32
Encountered an assign statement at hport 'hport:tr_soc_top_mx/u_ctrl/mmio_rdata[26]' in module tr_soc_ctrl_mx_N8_W16_ACC_W32
Encountered an assign statement at hport 'hport:tr_soc_top_mx/u_ctrl/mmio_rdata[25]' in module tr_soc_ctrl_mx_N8_W16_ACC_W32
Encountered an assign statement at hport 'hport:tr_soc_top_mx/u_ctrl/mmio_rdata[24]' in module tr_soc_ctrl_mx_N8_W16_ACC_W32
Encountered an assign statement at hport 'hport:tr_soc_top_mx/u_ctrl/mmio_rdata[23]' in module tr_soc_ctrl_mx_N8_W16_ACC_W32
Encountered an assign statement at hport 'hport:tr_soc_top_mx/u_ctrl/mmio_rdata[22]' in module tr_soc_ctrl_mx_N8_W16_ACC_W32
Encountered an assign statement at hport 'hport:tr_soc_top_mx/u_ctrl/mmio_rdata[21]' in module tr_soc_ctrl_mx_N8_W16_ACC_W32
Encountered an assign statement at hport 'hport:tr_soc_top_mx/u_ctrl/mmio_rdata[20]' in module tr_soc_ctrl_mx_N8_W16_ACC_W32
Encountered an assign statement at hport 'hport:tr_soc_top_mx/u_ctrl/mmio_rdata[19]' in module tr_soc_ctrl_mx_N8_W16_ACC_W32
Encountered an assign statement at hport 'hport:tr_soc_top_mx/u_ctrl/mmio_rdata[18]' in module tr_soc_ctrl_mx_N8_W16_ACC_W32
Encountered an assign statement at hport 'hport:tr_soc_top_mx/u_ctrl/mmio_rdata[17]' in module tr_soc_ctrl_mx_N8_W16_ACC_W32
Encountered an assign statement at hport 'hport:tr_soc_top_mx/u_ctrl/mmio_rdata[16]' in module tr_soc_ctrl_mx_N8_W16_ACC_W32
Encountered an assign statement at hport 'hport:tr_soc_top_mx/u_ctrl/mmio_rdata[15]' in module tr_soc_ctrl_mx_N8_W16_ACC_W32
Encountered an assign statement at hport 'hport:tr_soc_top_mx/u_ctrl/mmio_rdata[14]' in module tr_soc_ctrl_mx_N8_W16_ACC_W32
Encountered an assign statement at hport 'hport:tr_soc_top_mx/u_ctrl/mmio_rdata[13]' in module tr_soc_ctrl_mx_N8_W16_ACC_W32
Encountered an assign statement at hport 'hport:tr_soc_top_mx/u_ctrl/mmio_rdata[12]' in module tr_soc_ctrl_mx_N8_W16_ACC_W32
Encountered an assign statement at hport 'hport:tr_soc_top_mx/u_ctrl/mmio_rdata[11]' in module tr_soc_ctrl_mx_N8_W16_ACC_W32
Encountered an assign statement at hport 'hport:tr_soc_top_mx/u_ctrl/mmio_rdata[10]' in module tr_soc_ctrl_mx_N8_W16_ACC_W32
Encountered an assign statement at hport 'hport:tr_soc_top_mx/u_ctrl/mmio_rdata[9]' in module tr_soc_ctrl_mx_N8_W16_ACC_W32
Encountered an assign statement at hport 'hport:tr_soc_top_mx/u_ctrl/mmio_rdata[8]' in module tr_soc_ctrl_mx_N8_W16_ACC_W32
Encountered an assign statement at hport 'hport:tr_soc_top_mx/u_ctrl/mmio_rdata[7]' in module tr_soc_ctrl_mx_N8_W16_ACC_W32
Encountered an assign statement at hport 'hport:tr_soc_top_mx/u_ctrl/mmio_rdata[6]' in module tr_soc_ctrl_mx_N8_W16_ACC_W32
Encountered an assign statement at hport 'hport:tr_soc_top_mx/u_ctrl/mmio_rdata[5]' in module tr_soc_ctrl_mx_N8_W16_ACC_W32
Encountered an assign statement at hport 'hport:tr_soc_top_mx/u_ctrl/mmio_rdata[4]' in module tr_soc_ctrl_mx_N8_W16_ACC_W32
Encountered an assign statement at hport 'hport:tr_soc_top_mx/u_ctrl/mmio_rdata[3]' in module tr_soc_ctrl_mx_N8_W16_ACC_W32
Encountered an assign statement at hport 'hport:tr_soc_top_mx/u_ctrl/mmio_rdata[2]' in module tr_soc_ctrl_mx_N8_W16_ACC_W32
Encountered an assign statement at hport 'hport:tr_soc_top_mx/u_ctrl/ctl_396_85/out_0[1]' in module case_box_76
Encountered an assign statement at hport 'hport:tr_soc_top_mx/u_req_mx/sub_80_61/Z[7]' in module sub_unsigned
Encountered an assign statement at hport 'hport:tr_soc_top_mx/u_req_mx/sub_80_61/Z[6]' in module sub_unsigned
Encountered an assign statement at hport 'hport:tr_soc_top_mx/u_req_mx/ctl_75_40/out_0[32]' in module case_box_230
Encountered an assign statement at hport 'hport:tr_soc_top_mx/u_vpu/u_backbone/gen_tr_lanes[0].u_tr_ln/yq[15]' in module tr_ln_alu_WIDTH16_BITS4_OUT_WIDTH16
Encountered an assign statement at hport 'hport:tr_soc_top_mx/u_vpu/u_backbone/gen_tr_lanes[0].u_tr_ln/yq[14]' in module tr_ln_alu_WIDTH16_BITS4_OUT_WIDTH16
Encountered an assign statement at hport 'hport:tr_soc_top_mx/u_vpu/u_backbone/gen_tr_lanes[0].u_tr_ln/yq[13]' in module tr_ln_alu_WIDTH16_BITS4_OUT_WIDTH16
Encountered an assign statement at hport 'hport:tr_soc_top_mx/u_vpu/u_backbone/gen_tr_lanes[0].u_tr_ln/yq[12]' in module tr_ln_alu_WIDTH16_BITS4_OUT_WIDTH16
Encountered an assign statement at hport 'hport:tr_soc_top_mx/u_vpu/u_backbone/gen_tr_lanes[0].u_tr_ln/yq[11]' in module tr_ln_alu_WIDTH16_BITS4_OUT_WIDTH16
Encountered an assign statement at hport 'hport:tr_soc_top_mx/u_vpu/u_backbone/gen_tr_lanes[0].u_tr_ln/yq[10]' in module tr_ln_alu_WIDTH16_BITS4_OUT_WIDTH16
Encountered an assign statement at hport 'hport:tr_soc_top_mx/u_vpu/u_backbone/gen_tr_lanes[0].u_tr_ln/yq[9]' in module tr_ln_alu_WIDTH16_BITS4_OUT_WIDTH16
Encountered an assign statement at hport 'hport:tr_soc_top_mx/u_vpu/u_backbone/gen_tr_lanes[0].u_tr_ln/yq[8]' in module tr_ln_alu_WIDTH16_BITS4_OUT_WIDTH16
Encountered an assign statement at hport 'hport:tr_soc_top_mx/u_vpu/u_backbone/gen_tr_lanes[0].u_tr_ln/sub_61_45/Z[31]' in module sub_unsigned_4474
Encountered an assign statement at hport 'hport:tr_soc_top_mx/u_vpu/u_backbone/gen_tr_lanes[0].u_tr_ln/sub_61_45/Z[30]' in module sub_unsigned_4474
Encountered an assign statement at hport 'hport:tr_soc_top_mx/u_vpu/u_backbone/gen_tr_lanes[0].u_tr_ln/sub_61_45/Z[29]' in module sub_unsigned_4474
Encountered an assign statement at hport 'hport:tr_soc_top_mx/u_vpu/u_backbone/gen_tr_lanes[0].u_tr_ln/sub_61_45/Z[28]' in module sub_unsigned_4474
Encountered an assign statement at hport 'hport:tr_soc_top_mx/u_vpu/u_backbone/gen_tr_lanes[0].u_tr_ln/sub_61_45/Z[27]' in module sub_unsigned_4474
Encountered an assign statement at hport 'hport:tr_soc_top_mx/u_vpu/u_backbone/gen_tr_lanes[0].u_tr_ln/sub_61_45/Z[26]' in module sub_unsigned_4474
Encountered an assign statement at hport 'hport:tr_soc_top_mx/u_vpu/u_backbone/gen_tr_lanes[0].u_tr_ln/sub_61_45/Z[25]' in module sub_unsigned_4474
Encountered an assign statement at hport 'hport:tr_soc_top_mx/u_vpu/u_backbone/gen_tr_lanes[0].u_tr_ln/sub_61_45/Z[24]' in module sub_unsigned_4474
Encountered an assign statement at hport 'hport:tr_soc_top_mx/u_vpu/u_backbone/gen_tr_lanes[0].u_tr_ln/sub_61_45/Z[23]' in module sub_unsigned_4474
Encountered an assign statement at hport 'hport:tr_soc_top_mx/u_vpu/u_backbone/gen_tr_lanes[0].u_tr_ln/sub_61_45/Z[22]' in module sub_unsigned_4474
Encountered an assign statement at hport 'hport:tr_soc_top_mx/u_vpu/u_backbone/gen_tr_lanes[0].u_tr_ln/sub_61_45/Z[21]' in module sub_unsigned_4474
Encountered an assign statement at hport 'hport:tr_soc_top_mx/u_vpu/u_backbone/gen_tr_lanes[0].u_tr_ln/sub_61_45/Z[20]' in module sub_unsigned_4474
Encountered an assign statement at hport 'hport:tr_soc_top_mx/u_vpu/u_backbone/gen_tr_lanes[0].u_tr_ln/sub_61_45/Z[19]' in module sub_unsigned_4474
Encountered an assign statement at hport 'hport:tr_soc_top_mx/u_vpu/u_backbone/gen_tr_lanes[0].u_tr_ln/sub_61_45/Z[18]' in module sub_unsigned_4474
Encountered an assign statement at hport 'hport:tr_soc_top_mx/u_vpu/u_backbone/gen_tr_lanes[0].u_tr_ln/sub_61_45/Z[17]' in module sub_unsigned_4474
Encountered an assign statement at hport 'hport:tr_soc_top_mx/u_vpu/u_backbone/gen_tr_lanes[0].u_tr_ln/sub_61_45/Z[16]' in module sub_unsigned_4474
Encountered an assign statement at hport 'hport:tr_soc_top_mx/u_vpu/u_backbone/gen_tr_lanes[0].u_tr_ln/sub_61_45/Z[15]' in module sub_unsigned_4474
Encountered an assign statement at hport 'hport:tr_soc_top_mx/u_vpu/u_backbone/gen_tr_lanes[0].u_tr_ln/sub_61_45/Z[14]' in module sub_unsigned_4474
Encountered an assign statement at hport 'hport:tr_soc_top_mx/u_vpu/u_backbone/gen_tr_lanes[0].u_tr_ln/sub_61_45/Z[13]' in module sub_unsigned_4474
Encountered an assign statement at hport 'hport:tr_soc_top_mx/u_vpu/u_backbone/gen_tr_lanes[0].u_tr_ln/sub_61_45/Z[12]' in module sub_unsigned_4474
Encountered an assign statement at hport 'hport:tr_soc_top_mx/u_vpu/u_backbone/gen_tr_lanes[0].u_tr_ln/sub_61_45/Z[11]' in module sub_unsigned_4474
Encountered an assign statement at hport 'hport:tr_soc_top_mx/u_vpu/u_backbone/gen_tr_lanes[0].u_tr_ln/sub_61_45/Z[10]' in module sub_unsigned_4474
Encountered an assign statement at hport 'hport:tr_soc_top_mx/u_vpu/u_backbone/gen_tr_lanes[0].u_tr_ln/sub_61_45/Z[9]' in module sub_unsigned_4474
Encountered an assign statement at hport 'hport:tr_soc_top_mx/u_vpu/u_backbone/gen_tr_lanes[0].u_tr_ln/sub_61_45/Z[8]' in module sub_unsigned_4474
Encountered an assign statement at hport 'hport:tr_soc_top_mx/u_vpu/u_backbone/gen_tr_lanes[0].u_tr_ln/sub_61_45/Z[7]' in module sub_unsigned_4474
Encountered an assign statement at hport 'hport:tr_soc_top_mx/u_vpu/u_backbone/gen_tr_lanes[0].u_tr_ln/sub_61_45/Z[6]' in module sub_unsigned_4474
Encountered an assign statement at hport 'hport:tr_soc_top_mx/u_vpu/u_backbone/gen_tr_lanes[0].u_tr_ln/sub_61_45/Z[5]' in module sub_unsigned_4474
Encountered an assign statement at hport 'hport:tr_soc_top_mx/u_vpu/u_backbone/gen_tr_lanes[0].u_tr_ln/sub_61_45/Z[4]' in module sub_unsigned_4474
Encountered an assign statement at hport 'hport:tr_soc_top_mx/u_vpu/u_backbone/gen_tr_lanes[0].u_tr_ln/ctl_xq_54_21/out_0[16]' in module case_box_246
Encountered an assign statement at hport 'hport:tr_soc_top_mx/u_vpu/u_backbone/gen_tr_exp_lanes[0].u_tr_exp/u_round/is_ceil' in module round_WIDTH16_FRAC_W4_LUT_IDX_W3
Encountered an assign statement at hport 'hport:tr_soc_top_mx/u_vpu/u_backbone/gen_tr_exp_lanes[0].u_tr_exp/u_quad/quad_out[3]' in module quadratic_divider_WIDTH16_FRAC_W4
Encountered an assign statement at hport 'hport:tr_soc_top_mx/u_vpu/u_backbone/gen_tr_exp_lanes[0].u_tr_exp/u_quad/quad_out[2]' in module quadratic_divider_WIDTH16_FRAC_W4
Encountered an assign statement at hport 'hport:tr_soc_top_mx/u_vpu/u_backbone/gen_tr_exp_lanes[0].u_tr_exp/mantisa[15]' in module tr_exp_alu_WIDTH16_FRAC_W4_LUT_IDX_W3_ITER2
Encountered an assign statement at hport 'hport:tr_soc_top_mx/u_vpu/u_backbone/gen_tr_exp_lanes[0].u_tr_exp/mantisa[14]' in module tr_exp_alu_WIDTH16_FRAC_W4_LUT_IDX_W3_ITER2
Encountered an assign statement at hport 'hport:tr_soc_top_mx/u_vpu/u_backbone/gen_tr_exp_lanes[0].u_tr_exp/mantisa[13]' in module tr_exp_alu_WIDTH16_FRAC_W4_LUT_IDX_W3_ITER2
Encountered an assign statement at hport 'hport:tr_soc_top_mx/u_vpu/u_backbone/gen_tr_exp_lanes[0].u_tr_exp/mantisa[12]' in module tr_exp_alu_WIDTH16_FRAC_W4_LUT_IDX_W3_ITER2
Encountered an assign statement at hport 'hport:tr_soc_top_mx/u_vpu/u_backbone/gen_tr_exp_lanes[0].u_tr_exp/mantisa[11]' in module tr_exp_alu_WIDTH16_FRAC_W4_LUT_IDX_W3_ITER2
Encountered an assign statement at hport 'hport:tr_soc_top_mx/u_vpu/u_backbone/gen_tr_exp_lanes[0].u_tr_exp/mantisa[10]' in module tr_exp_alu_WIDTH16_FRAC_W4_LUT_IDX_W3_ITER2
Encountered an assign statement at hport 'hport:tr_soc_top_mx/u_vpu/u_backbone/gen_tr_exp_lanes[0].u_tr_exp/mantisa[9]' in module tr_exp_alu_WIDTH16_FRAC_W4_LUT_IDX_W3_ITER2
Encountered an assign statement at hport 'hport:tr_soc_top_mx/u_vpu/u_backbone/gen_tr_exp_lanes[0].u_tr_exp/mantisa[8]' in module tr_exp_alu_WIDTH16_FRAC_W4_LUT_IDX_W3_ITER2
Encountered an assign statement at hport 'hport:tr_soc_top_mx/u_vpu/u_backbone/gen_tr_exp_lanes[0].u_tr_exp/mantisa[7]' in module tr_exp_alu_WIDTH16_FRAC_W4_LUT_IDX_W3_ITER2
Encountered an assign statement at hport 'hport:tr_soc_top_mx/u_vpu/u_backbone/gen_tr_exp_lanes[0].u_tr_exp/mantisa[6]' in module tr_exp_alu_WIDTH16_FRAC_W4_LUT_IDX_W3_ITER2
Encountered an assign statement at hport 'hport:tr_soc_top_mx/u_vpu/u_rom/e_a[7][7]' in module shared_lut_rom_N8_LUT_IDX_W3
Encountered an assign statement at hport 'hport:tr_soc_top_mx/u_vpu/u_rom/e_a[6][7]' in module shared_lut_rom_N8_LUT_IDX_W3
Encountered an assign statement at hport 'hport:tr_soc_top_mx/u_vpu/u_rom/e_a[5][7]' in module shared_lut_rom_N8_LUT_IDX_W3
Encountered an assign statement at hport 'hport:tr_soc_top_mx/u_vpu/u_rom/e_a[4][7]' in module shared_lut_rom_N8_LUT_IDX_W3
Encountered an assign statement at hport 'hport:tr_soc_top_mx/u_vpu/u_rom/e_a[3][7]' in module shared_lut_rom_N8_LUT_IDX_W3
Encountered an assign statement at hport 'hport:tr_soc_top_mx/u_vpu/u_rom/e_a[2][7]' in module shared_lut_rom_N8_LUT_IDX_W3
Encountered an assign statement at hport 'hport:tr_soc_top_mx/u_vpu/u_rom/e_a[1][7]' in module shared_lut_rom_N8_LUT_IDX_W3
Encountered an assign statement at hport 'hport:tr_soc_top_mx/u_vpu/u_rom/e_a[0][7]' in module shared_lut_rom_N8_LUT_IDX_W3
Encountered an assign statement at hport 'hport:tr_soc_top_mx/u_formatter/sub_63_40/Z[7]' in module sub_unsigned_10822
Encountered an assign statement at hport 'hport:tr_soc_top_mx/u_formatter/sub_63_40/Z[6]' in module sub_unsigned_10822
Encountered an assign statement at hport 'hport:tr_soc_top_mx/u_formatter/sub_63_40/Z[5]' in module sub_unsigned_10822
Encountered an assign statement at hport 'hport:tr_soc_top_mx/u_formatter/ctl_55_36/out_0[16]' in module case_box_349
Total number of assign statements in design 'tr_soc_top_mx' : 96

 Undriven Port(s)/Pin(s)
 ------------------------
No undriven combinational pin in 'tr_soc_top_mx'

No undriven sequential pin in 'tr_soc_top_mx'

No undriven hierarchical pin in 'tr_soc_top_mx'

No undriven port in 'tr_soc_top_mx'

 Multidriven Port(s)/Pin(s)
--------------------------

The following combinational pin(s) in design 'tr_soc_top_mx' are multidriven
pin:tr_soc_top_mx/g1/in_0
pin:tr_soc_top_mx/u_ctrl/g427/in_0
pin:tr_soc_top_mx/u_dot/GEN_MAC_LANES[0].u_mac_lane/g46/in_1
pin:tr_soc_top_mx/u_dot/GEN_MAC_LANES[0].u_mac_lane/g73/in_0
pin:tr_soc_top_mx/u_dot/GEN_MAC_LANES[1].u_mac_lane/g46/in_1
pin:tr_soc_top_mx/u_dot/GEN_MAC_LANES[1].u_mac_lane/g73/in_0
pin:tr_soc_top_mx/u_dot/GEN_MAC_LANES[2].u_mac_lane/g46/in_1
pin:tr_soc_top_mx/u_dot/GEN_MAC_LANES[2].u_mac_lane/g73/in_0
pin:tr_soc_top_mx/u_dot/GEN_MAC_LANES[3].u_mac_lane/g46/in_1
pin:tr_soc_top_mx/u_dot/GEN_MAC_LANES[3].u_mac_lane/g73/in_0
pin:tr_soc_top_mx/u_req_mx/g1/in_0
pin:tr_soc_top_mx/u_vpu/u_max/g1/in_0
pin:tr_soc_top_mx/u_vpu/u_backbone/g1/in_0
pin:tr_soc_top_mx/u_vpu/u_mac/g46/in_1
pin:tr_soc_top_mx/u_vpu/u_mac/g73/in_0
pin:tr_soc_top_mx/u_vpu/u_vecmul/g44/in_1
pin:tr_soc_top_mx/u_vpu/u_vecmul/g78/in_0
pin:tr_soc_top_mx/u_vpu/g1/in_0
pin:tr_soc_top_mx/u_formatter/g1/in_0
Total number of combinational multidriven pin(s) in design 'tr_soc_top_mx' : 19

The following sequential pin(s) in design 'tr_soc_top_mx' are multidriven
pin:tr_soc_top_mx/shifted_req_vec_out_reg_reg[7][0]/clk
pin:tr_soc_top_mx/shifted_req_vec_out_reg_reg[7][1]/clk
pin:tr_soc_top_mx/shifted_req_vec_out_reg_reg[7][2]/clk
pin:tr_soc_top_mx/shifted_req_vec_out_reg_reg[7][3]/clk
pin:tr_soc_top_mx/shifted_req_vec_out_reg_reg[7][4]/clk
pin:tr_soc_top_mx/shifted_req_vec_out_reg_reg[7][5]/clk
pin:tr_soc_top_mx/shifted_req_vec_out_reg_reg[7][6]/clk
pin:tr_soc_top_mx/shifted_req_vec_out_reg_reg[7][7]/clk
pin:tr_soc_top_mx/shifted_req_vec_out_reg_reg[7][8]/clk
pin:tr_soc_top_mx/shifted_req_vec_out_reg_reg[7][9]/clk
pin:tr_soc_top_mx/shifted_req_vec_out_reg_reg[7][10]/clk
pin:tr_soc_top_mx/shifted_req_vec_out_reg_reg[7][11]/clk
pin:tr_soc_top_mx/shifted_req_vec_out_reg_reg[7][12]/clk
pin:tr_soc_top_mx/shifted_req_vec_out_reg_reg[7][13]/clk
pin:tr_soc_top_mx/shifted_req_vec_out_reg_reg[7][14]/clk
pin:tr_soc_top_mx/shifted_req_vec_out_reg_reg[7][15]/clk
pin:tr_soc_top_mx/shifted_req_vec_out_reg_reg[6][0]/clk
pin:tr_soc_top_mx/shifted_req_vec_out_reg_reg[6][1]/clk
pin:tr_soc_top_mx/shifted_req_vec_out_reg_reg[6][2]/clk
pin:tr_soc_top_mx/shifted_req_vec_out_reg_reg[6][3]/clk
pin:tr_soc_top_mx/shifted_req_vec_out_reg_reg[6][4]/clk
pin:tr_soc_top_mx/shifted_req_vec_out_reg_reg[6][5]/clk
pin:tr_soc_top_mx/shifted_req_vec_out_reg_reg[6][6]/clk
pin:tr_soc_top_mx/shifted_req_vec_out_reg_reg[6][7]/clk
pin:tr_soc_top_mx/shifted_req_vec_out_reg_reg[6][8]/clk
pin:tr_soc_top_mx/shifted_req_vec_out_reg_reg[6][9]/clk
pin:tr_soc_top_mx/shifted_req_vec_out_reg_reg[6][10]/clk
pin:tr_soc_top_mx/shifted_req_vec_out_reg_reg[6][11]/clk
pin:tr_soc_top_mx/shifted_req_vec_out_reg_reg[6][12]/clk
pin:tr_soc_top_mx/shifted_req_vec_out_reg_reg[6][13]/clk
pin:tr_soc_top_mx/shifted_req_vec_out_reg_reg[6][14]/clk
pin:tr_soc_top_mx/shifted_req_vec_out_reg_reg[6][15]/clk
pin:tr_soc_top_mx/shifted_req_vec_out_reg_reg[5][0]/clk
pin:tr_soc_top_mx/shifted_req_vec_out_reg_reg[5][1]/clk
pin:tr_soc_top_mx/shifted_req_vec_out_reg_reg[5][2]/clk
pin:tr_soc_top_mx/shifted_req_vec_out_reg_reg[5][3]/clk
pin:tr_soc_top_mx/shifted_req_vec_out_reg_reg[5][4]/clk
pin:tr_soc_top_mx/shifted_req_vec_out_reg_reg[5][5]/clk
pin:tr_soc_top_mx/shifted_req_vec_out_reg_reg[5][6]/clk
pin:tr_soc_top_mx/shifted_req_vec_out_reg_reg[5][7]/clk
pin:tr_soc_top_mx/shifted_req_vec_out_reg_reg[5][8]/clk
pin:tr_soc_top_mx/shifted_req_vec_out_reg_reg[5][9]/clk
pin:tr_soc_top_mx/shifted_req_vec_out_reg_reg[5][10]/clk
pin:tr_soc_top_mx/shifted_req_vec_out_reg_reg[5][11]/clk
pin:tr_soc_top_mx/shifted_req_vec_out_reg_reg[5][12]/clk
pin:tr_soc_top_mx/shifted_req_vec_out_reg_reg[5][13]/clk
pin:tr_soc_top_mx/shifted_req_vec_out_reg_reg[5][14]/clk
pin:tr_soc_top_mx/shifted_req_vec_out_reg_reg[5][15]/clk
pin:tr_soc_top_mx/shifted_req_vec_out_reg_reg[4][0]/clk
pin:tr_soc_top_mx/shifted_req_vec_out_reg_reg[4][1]/clk
pin:tr_soc_top_mx/shifted_req_vec_out_reg_reg[4][2]/clk
pin:tr_soc_top_mx/shifted_req_vec_out_reg_reg[4][3]/clk
pin:tr_soc_top_mx/shifted_req_vec_out_reg_reg[4][4]/clk
pin:tr_soc_top_mx/shifted_req_vec_out_reg_reg[4][5]/clk
pin:tr_soc_top_mx/shifted_req_vec_out_reg_reg[4][6]/clk
pin:tr_soc_top_mx/shifted_req_vec_out_reg_reg[4][7]/clk
pin:tr_soc_top_mx/shifted_req_vec_out_reg_reg[4][8]/clk
pin:tr_soc_top_mx/shifted_req_vec_out_reg_reg[4][9]/clk
pin:tr_soc_top_mx/shifted_req_vec_out_reg_reg[4][10]/clk
pin:tr_soc_top_mx/shifted_req_vec_out_reg_reg[4][11]/clk
pin:tr_soc_top_mx/shifted_req_vec_out_reg_reg[4][12]/clk
pin:tr_soc_top_mx/shifted_req_vec_out_reg_reg[4][13]/clk
pin:tr_soc_top_mx/shifted_req_vec_out_reg_reg[4][14]/clk
pin:tr_soc_top_mx/shifted_req_vec_out_reg_reg[4][15]/clk
pin:tr_soc_top_mx/shifted_req_vec_out_reg_reg[3][0]/clk
pin:tr_soc_top_mx/shifted_req_vec_out_reg_reg[3][1]/clk
pin:tr_soc_top_mx/shifted_req_vec_out_reg_reg[3][2]/clk
pin:tr_soc_top_mx/shifted_req_vec_out_reg_reg[3][3]/clk
pin:tr_soc_top_mx/shifted_req_vec_out_reg_reg[3][4]/clk
pin:tr_soc_top_mx/shifted_req_vec_out_reg_reg[3][5]/clk
pin:tr_soc_top_mx/shifted_req_vec_out_reg_reg[3][6]/clk
pin:tr_soc_top_mx/shifted_req_vec_out_reg_reg[3][7]/clk
pin:tr_soc_top_mx/shifted_req_vec_out_reg_reg[3][8]/clk
pin:tr_soc_top_mx/shifted_req_vec_out_reg_reg[3][9]/clk
pin:tr_soc_top_mx/shifted_req_vec_out_reg_reg[3][10]/clk
pin:tr_soc_top_mx/shifted_req_vec_out_reg_reg[3][11]/clk
pin:tr_soc_top_mx/shifted_req_vec_out_reg_reg[3][12]/clk
pin:tr_soc_top_mx/shifted_req_vec_out_reg_reg[3][13]/clk
pin:tr_soc_top_mx/shifted_req_vec_out_reg_reg[3][14]/clk
pin:tr_soc_top_mx/shifted_req_vec_out_reg_reg[3][15]/clk
pin:tr_soc_top_mx/shifted_req_vec_out_reg_reg[2][0]/clk
pin:tr_soc_top_mx/shifted_req_vec_out_reg_reg[2][1]/clk
pin:tr_soc_top_mx/shifted_req_vec_out_reg_reg[2][2]/clk
pin:tr_soc_top_mx/shifted_req_vec_out_reg_reg[2][3]/clk
pin:tr_soc_top_mx/shifted_req_vec_out_reg_reg[2][4]/clk
pin:tr_soc_top_mx/shifted_req_vec_out_reg_reg[2][5]/clk
pin:tr_soc_top_mx/shifted_req_vec_out_reg_reg[2][6]/clk
pin:tr_soc_top_mx/shifted_req_vec_out_reg_reg[2][7]/clk
pin:tr_soc_top_mx/shifted_req_vec_out_reg_reg[2][8]/clk
pin:tr_soc_top_mx/shifted_req_vec_out_reg_reg[2][9]/clk
pin:tr_soc_top_mx/shifted_req_vec_out_reg_reg[2][10]/clk
pin:tr_soc_top_mx/shifted_req_vec_out_reg_reg[2][11]/clk
pin:tr_soc_top_mx/shifted_req_vec_out_reg_reg[2][12]/clk
pin:tr_soc_top_mx/shifted_req_vec_out_reg_reg[2][13]/clk
pin:tr_soc_top_mx/shifted_req_vec_out_reg_reg[2][14]/clk
pin:tr_soc_top_mx/shifted_req_vec_out_reg_reg[2][15]/clk
pin:tr_soc_top_mx/shifted_req_vec_out_reg_reg[1][0]/clk
pin:tr_soc_top_mx/shifted_req_vec_out_reg_reg[1][1]/clk
pin:tr_soc_top_mx/shifted_req_vec_out_reg_reg[1][2]/clk
pin:tr_soc_top_mx/shifted_req_vec_out_reg_reg[1][3]/clk
pin:tr_soc_top_mx/shifted_req_vec_out_reg_reg[1][4]/clk
pin:tr_soc_top_mx/shifted_req_vec_out_reg_reg[1][5]/clk
pin:tr_soc_top_mx/shifted_req_vec_out_reg_reg[1][6]/clk
pin:tr_soc_top_mx/shifted_req_vec_out_reg_reg[1][7]/clk
pin:tr_soc_top_mx/shifted_req_vec_out_reg_reg[1][8]/clk
pin:tr_soc_top_mx/shifted_req_vec_out_reg_reg[1][9]/clk
pin:tr_soc_top_mx/shifted_req_vec_out_reg_reg[1][10]/clk
pin:tr_soc_top_mx/shifted_req_vec_out_reg_reg[1][11]/clk
pin:tr_soc_top_mx/shifted_req_vec_out_reg_reg[1][12]/clk
pin:tr_soc_top_mx/shifted_req_vec_out_reg_reg[1][13]/clk
pin:tr_soc_top_mx/shifted_req_vec_out_reg_reg[1][14]/clk
pin:tr_soc_top_mx/shifted_req_vec_out_reg_reg[1][15]/clk
pin:tr_soc_top_mx/shifted_req_vec_out_reg_reg[0][0]/clk
pin:tr_soc_top_mx/shifted_req_vec_out_reg_reg[0][1]/clk
pin:tr_soc_top_mx/shifted_req_vec_out_reg_reg[0][2]/clk
pin:tr_soc_top_mx/shifted_req_vec_out_reg_reg[0][3]/clk
pin:tr_soc_top_mx/shifted_req_vec_out_reg_reg[0][4]/clk
pin:tr_soc_top_mx/shifted_req_vec_out_reg_reg[0][5]/clk
pin:tr_soc_top_mx/shifted_req_vec_out_reg_reg[0][6]/clk
pin:tr_soc_top_mx/shifted_req_vec_out_reg_reg[0][7]/clk
pin:tr_soc_top_mx/shifted_req_vec_out_reg_reg[0][8]/clk
pin:tr_soc_top_mx/shifted_req_vec_out_reg_reg[0][9]/clk
pin:tr_soc_top_mx/shifted_req_vec_out_reg_reg[0][10]/clk
pin:tr_soc_top_mx/shifted_req_vec_out_reg_reg[0][11]/clk
pin:tr_soc_top_mx/shifted_req_vec_out_reg_reg[0][12]/clk
pin:tr_soc_top_mx/shifted_req_vec_out_reg_reg[0][13]/clk
pin:tr_soc_top_mx/shifted_req_vec_out_reg_reg[0][14]/clk
pin:tr_soc_top_mx/shifted_req_vec_out_reg_reg[0][15]/clk
pin:tr_soc_top_mx/u_ctrl/scratch_a_reg[7][0]/clk
pin:tr_soc_top_mx/u_ctrl/scratch_a_reg[7][1]/clk
pin:tr_soc_top_mx/u_ctrl/scratch_a_reg[7][2]/clk
pin:tr_soc_top_mx/u_ctrl/scratch_a_reg[7][3]/clk
pin:tr_soc_top_mx/u_ctrl/scratch_a_reg[7][4]/clk
pin:tr_soc_top_mx/u_ctrl/scratch_a_reg[7][5]/clk
pin:tr_soc_top_mx/u_ctrl/scratch_a_reg[7][6]/clk
pin:tr_soc_top_mx/u_ctrl/scratch_a_reg[7][7]/clk
pin:tr_soc_top_mx/u_ctrl/scratch_a_reg[7][8]/clk
pin:tr_soc_top_mx/u_ctrl/scratch_a_reg[7][9]/clk
pin:tr_soc_top_mx/u_ctrl/scratch_a_reg[7][10]/clk
pin:tr_soc_top_mx/u_ctrl/scratch_a_reg[7][11]/clk
pin:tr_soc_top_mx/u_ctrl/scratch_a_reg[7][12]/clk
pin:tr_soc_top_mx/u_ctrl/scratch_a_reg[7][13]/clk
pin:tr_soc_top_mx/u_ctrl/scratch_a_reg[7][14]/clk
pin:tr_soc_top_mx/u_ctrl/scratch_a_reg[7][15]/clk
pin:tr_soc_top_mx/u_ctrl/scratch_a_reg[6][0]/clk
pin:tr_soc_top_mx/u_ctrl/scratch_a_reg[6][1]/clk
pin:tr_soc_top_mx/u_ctrl/scratch_a_reg[6][2]/clk
pin:tr_soc_top_mx/u_ctrl/scratch_a_reg[6][3]/clk
pin:tr_soc_top_mx/u_ctrl/scratch_a_reg[6][4]/clk
pin:tr_soc_top_mx/u_ctrl/scratch_a_reg[6][5]/clk
pin:tr_soc_top_mx/u_ctrl/scratch_a_reg[6][6]/clk
pin:tr_soc_top_mx/u_ctrl/scratch_a_reg[6][7]/clk
pin:tr_soc_top_mx/u_ctrl/scratch_a_reg[6][8]/clk
pin:tr_soc_top_mx/u_ctrl/scratch_a_reg[6][9]/clk
pin:tr_soc_top_mx/u_ctrl/scratch_a_reg[6][10]/clk
pin:tr_soc_top_mx/u_ctrl/scratch_a_reg[6][11]/clk
pin:tr_soc_top_mx/u_ctrl/scratch_a_reg[6][12]/clk
pin:tr_soc_top_mx/u_ctrl/scratch_a_reg[6][13]/clk
pin:tr_soc_top_mx/u_ctrl/scratch_a_reg[6][14]/clk
pin:tr_soc_top_mx/u_ctrl/scratch_a_reg[6][15]/clk
pin:tr_soc_top_mx/u_ctrl/scratch_a_reg[5][0]/clk
pin:tr_soc_top_mx/u_ctrl/scratch_a_reg[5][1]/clk
pin:tr_soc_top_mx/u_ctrl/scratch_a_reg[5][2]/clk
pin:tr_soc_top_mx/u_ctrl/scratch_a_reg[5][3]/clk
pin:tr_soc_top_mx/u_ctrl/scratch_a_reg[5][4]/clk
pin:tr_soc_top_mx/u_ctrl/scratch_a_reg[5][5]/clk
pin:tr_soc_top_mx/u_ctrl/scratch_a_reg[5][6]/clk
pin:tr_soc_top_mx/u_ctrl/scratch_a_reg[5][7]/clk
pin:tr_soc_top_mx/u_ctrl/scratch_a_reg[5][8]/clk
pin:tr_soc_top_mx/u_ctrl/scratch_a_reg[5][9]/clk
pin:tr_soc_top_mx/u_ctrl/scratch_a_reg[5][10]/clk
pin:tr_soc_top_mx/u_ctrl/scratch_a_reg[5][11]/clk
pin:tr_soc_top_mx/u_ctrl/scratch_a_reg[5][12]/clk
pin:tr_soc_top_mx/u_ctrl/scratch_a_reg[5][13]/clk
pin:tr_soc_top_mx/u_ctrl/scratch_a_reg[5][14]/clk
pin:tr_soc_top_mx/u_ctrl/scratch_a_reg[5][15]/clk
pin:tr_soc_top_mx/u_ctrl/scratch_a_reg[4][0]/clk
pin:tr_soc_top_mx/u_ctrl/scratch_a_reg[4][1]/clk
pin:tr_soc_top_mx/u_ctrl/scratch_a_reg[4][2]/clk
pin:tr_soc_top_mx/u_ctrl/scratch_a_reg[4][3]/clk
pin:tr_soc_top_mx/u_ctrl/scratch_a_reg[4][4]/clk
pin:tr_soc_top_mx/u_ctrl/scratch_a_reg[4][5]/clk
pin:tr_soc_top_mx/u_ctrl/scratch_a_reg[4][6]/clk
pin:tr_soc_top_mx/u_ctrl/scratch_a_reg[4][7]/clk
pin:tr_soc_top_mx/u_ctrl/scratch_a_reg[4][8]/clk
pin:tr_soc_top_mx/u_ctrl/scratch_a_reg[4][9]/clk
pin:tr_soc_top_mx/u_ctrl/scratch_a_reg[4][10]/clk
pin:tr_soc_top_mx/u_ctrl/scratch_a_reg[4][11]/clk
pin:tr_soc_top_mx/u_ctrl/scratch_a_reg[4][12]/clk
pin:tr_soc_top_mx/u_ctrl/scratch_a_reg[4][13]/clk
pin:tr_soc_top_mx/u_ctrl/scratch_a_reg[4][14]/clk
pin:tr_soc_top_mx/u_ctrl/scratch_a_reg[4][15]/clk
pin:tr_soc_top_mx/u_ctrl/scratch_a_reg[3][0]/clk
pin:tr_soc_top_mx/u_ctrl/scratch_a_reg[3][1]/clk
pin:tr_soc_top_mx/u_ctrl/scratch_a_reg[3][2]/clk
pin:tr_soc_top_mx/u_ctrl/scratch_a_reg[3][3]/clk
pin:tr_soc_top_mx/u_ctrl/scratch_a_reg[3][4]/clk
pin:tr_soc_top_mx/u_ctrl/scratch_a_reg[3][5]/clk
pin:tr_soc_top_mx/u_ctrl/scratch_a_reg[3][6]/clk
pin:tr_soc_top_mx/u_ctrl/scratch_a_reg[3][7]/clk
pin:tr_soc_top_mx/u_ctrl/scratch_a_reg[3][8]/clk
pin:tr_soc_top_mx/u_ctrl/scratch_a_reg[3][9]/clk
pin:tr_soc_top_mx/u_ctrl/scratch_a_reg[3][10]/clk
pin:tr_soc_top_mx/u_ctrl/scratch_a_reg[3][11]/clk
pin:tr_soc_top_mx/u_ctrl/scratch_a_reg[3][12]/clk
pin:tr_soc_top_mx/u_ctrl/scratch_a_reg[3][13]/clk
pin:tr_soc_top_mx/u_ctrl/scratch_a_reg[3][14]/clk
pin:tr_soc_top_mx/u_ctrl/scratch_a_reg[3][15]/clk
pin:tr_soc_top_mx/u_ctrl/scratch_a_reg[2][0]/clk
pin:tr_soc_top_mx/u_ctrl/scratch_a_reg[2][1]/clk
pin:tr_soc_top_mx/u_ctrl/scratch_a_reg[2][2]/clk
pin:tr_soc_top_mx/u_ctrl/scratch_a_reg[2][3]/clk
pin:tr_soc_top_mx/u_ctrl/scratch_a_reg[2][4]/clk
pin:tr_soc_top_mx/u_ctrl/scratch_a_reg[2][5]/clk
pin:tr_soc_top_mx/u_ctrl/scratch_a_reg[2][6]/clk
pin:tr_soc_top_mx/u_ctrl/scratch_a_reg[2][7]/clk
pin:tr_soc_top_mx/u_ctrl/scratch_a_reg[2][8]/clk
pin:tr_soc_top_mx/u_ctrl/scratch_a_reg[2][9]/clk
pin:tr_soc_top_mx/u_ctrl/scratch_a_reg[2][10]/clk
pin:tr_soc_top_mx/u_ctrl/scratch_a_reg[2][11]/clk
pin:tr_soc_top_mx/u_ctrl/scratch_a_reg[2][12]/clk
pin:tr_soc_top_mx/u_ctrl/scratch_a_reg[2][13]/clk
pin:tr_soc_top_mx/u_ctrl/scratch_a_reg[2][14]/clk
pin:tr_soc_top_mx/u_ctrl/scratch_a_reg[2][15]/clk
pin:tr_soc_top_mx/u_ctrl/scratch_a_reg[1][0]/clk
pin:tr_soc_top_mx/u_ctrl/scratch_a_reg[1][1]/clk
pin:tr_soc_top_mx/u_ctrl/scratch_a_reg[1][2]/clk
pin:tr_soc_top_mx/u_ctrl/scratch_a_reg[1][3]/clk
pin:tr_soc_top_mx/u_ctrl/scratch_a_reg[1][4]/clk
pin:tr_soc_top_mx/u_ctrl/scratch_a_reg[1][5]/clk
pin:tr_soc_top_mx/u_ctrl/scratch_a_reg[1][6]/clk
pin:tr_soc_top_mx/u_ctrl/scratch_a_reg[1][7]/clk
pin:tr_soc_top_mx/u_ctrl/scratch_a_reg[1][8]/clk
pin:tr_soc_top_mx/u_ctrl/scratch_a_reg[1][9]/clk
pin:tr_soc_top_mx/u_ctrl/scratch_a_reg[1][10]/clk
pin:tr_soc_top_mx/u_ctrl/scratch_a_reg[1][11]/clk
pin:tr_soc_top_mx/u_ctrl/scratch_a_reg[1][12]/clk
pin:tr_soc_top_mx/u_ctrl/scratch_a_reg[1][13]/clk
pin:tr_soc_top_mx/u_ctrl/scratch_a_reg[1][14]/clk
pin:tr_soc_top_mx/u_ctrl/scratch_a_reg[1][15]/clk
pin:tr_soc_top_mx/u_ctrl/scratch_a_reg[0][0]/clk
pin:tr_soc_top_mx/u_ctrl/scratch_a_reg[0][1]/clk
pin:tr_soc_top_mx/u_ctrl/scratch_a_reg[0][2]/clk
pin:tr_soc_top_mx/u_ctrl/scratch_a_reg[0][3]/clk
pin:tr_soc_top_mx/u_ctrl/scratch_a_reg[0][4]/clk
pin:tr_soc_top_mx/u_ctrl/scratch_a_reg[0][5]/clk
pin:tr_soc_top_mx/u_ctrl/scratch_a_reg[0][6]/clk
pin:tr_soc_top_mx/u_ctrl/scratch_a_reg[0][7]/clk
pin:tr_soc_top_mx/u_ctrl/scratch_a_reg[0][8]/clk
pin:tr_soc_top_mx/u_ctrl/scratch_a_reg[0][9]/clk
pin:tr_soc_top_mx/u_ctrl/scratch_a_reg[0][10]/clk
pin:tr_soc_top_mx/u_ctrl/scratch_a_reg[0][11]/clk
pin:tr_soc_top_mx/u_ctrl/scratch_a_reg[0][12]/clk
pin:tr_soc_top_mx/u_ctrl/scratch_a_reg[0][13]/clk
pin:tr_soc_top_mx/u_ctrl/scratch_a_reg[0][14]/clk
pin:tr_soc_top_mx/u_ctrl/scratch_a_reg[0][15]/clk
pin:tr_soc_top_mx/u_ctrl/scratch_b_reg[7][0]/clk
pin:tr_soc_top_mx/u_ctrl/scratch_b_reg[7][1]/clk
pin:tr_soc_top_mx/u_ctrl/scratch_b_reg[7][2]/clk
pin:tr_soc_top_mx/u_ctrl/scratch_b_reg[7][3]/clk
pin:tr_soc_top_mx/u_ctrl/scratch_b_reg[7][4]/clk
pin:tr_soc_top_mx/u_ctrl/scratch_b_reg[7][5]/clk
pin:tr_soc_top_mx/u_ctrl/scratch_b_reg[7][6]/clk
pin:tr_soc_top_mx/u_ctrl/scratch_b_reg[7][7]/clk
pin:tr_soc_top_mx/u_ctrl/scratch_b_reg[7][8]/clk
pin:tr_soc_top_mx/u_ctrl/scratch_b_reg[7][9]/clk
pin:tr_soc_top_mx/u_ctrl/scratch_b_reg[7][10]/clk
pin:tr_soc_top_mx/u_ctrl/scratch_b_reg[7][11]/clk
pin:tr_soc_top_mx/u_ctrl/scratch_b_reg[7][12]/clk
pin:tr_soc_top_mx/u_ctrl/scratch_b_reg[7][13]/clk
pin:tr_soc_top_mx/u_ctrl/scratch_b_reg[7][14]/clk
pin:tr_soc_top_mx/u_ctrl/scratch_b_reg[7][15]/clk
pin:tr_soc_top_mx/u_ctrl/scratch_b_reg[6][0]/clk
pin:tr_soc_top_mx/u_ctrl/scratch_b_reg[6][1]/clk
pin:tr_soc_top_mx/u_ctrl/scratch_b_reg[6][2]/clk
pin:tr_soc_top_mx/u_ctrl/scratch_b_reg[6][3]/clk
pin:tr_soc_top_mx/u_ctrl/scratch_b_reg[6][4]/clk
pin:tr_soc_top_mx/u_ctrl/scratch_b_reg[6][5]/clk
pin:tr_soc_top_mx/u_ctrl/scratch_b_reg[6][6]/clk
pin:tr_soc_top_mx/u_ctrl/scratch_b_reg[6][7]/clk
pin:tr_soc_top_mx/u_ctrl/scratch_b_reg[6][8]/clk
pin:tr_soc_top_mx/u_ctrl/scratch_b_reg[6][9]/clk
pin:tr_soc_top_mx/u_ctrl/scratch_b_reg[6][10]/clk
pin:tr_soc_top_mx/u_ctrl/scratch_b_reg[6][11]/clk
pin:tr_soc_top_mx/u_ctrl/scratch_b_reg[6][12]/clk
pin:tr_soc_top_mx/u_ctrl/scratch_b_reg[6][13]/clk
pin:tr_soc_top_mx/u_ctrl/scratch_b_reg[6][14]/clk
pin:tr_soc_top_mx/u_ctrl/scratch_b_reg[6][15]/clk
pin:tr_soc_top_mx/u_ctrl/scratch_b_reg[5][0]/clk
pin:tr_soc_top_mx/u_ctrl/scratch_b_reg[5][1]/clk
pin:tr_soc_top_mx/u_ctrl/scratch_b_reg[5][2]/clk
pin:tr_soc_top_mx/u_ctrl/scratch_b_reg[5][3]/clk
pin:tr_soc_top_mx/u_ctrl/scratch_b_reg[5][4]/clk
pin:tr_soc_top_mx/u_ctrl/scratch_b_reg[5][5]/clk
pin:tr_soc_top_mx/u_ctrl/scratch_b_reg[5][6]/clk
pin:tr_soc_top_mx/u_ctrl/scratch_b_reg[5][7]/clk
pin:tr_soc_top_mx/u_ctrl/scratch_b_reg[5][8]/clk
pin:tr_soc_top_mx/u_ctrl/scratch_b_reg[5][9]/clk
pin:tr_soc_top_mx/u_ctrl/scratch_b_reg[5][10]/clk
pin:tr_soc_top_mx/u_ctrl/scratch_b_reg[5][11]/clk
pin:tr_soc_top_mx/u_ctrl/scratch_b_reg[5][12]/clk
pin:tr_soc_top_mx/u_ctrl/scratch_b_reg[5][13]/clk
pin:tr_soc_top_mx/u_ctrl/scratch_b_reg[5][14]/clk
pin:tr_soc_top_mx/u_ctrl/scratch_b_reg[5][15]/clk
pin:tr_soc_top_mx/u_ctrl/scratch_b_reg[4][0]/clk
pin:tr_soc_top_mx/u_ctrl/scratch_b_reg[4][1]/clk
pin:tr_soc_top_mx/u_ctrl/scratch_b_reg[4][2]/clk
pin:tr_soc_top_mx/u_ctrl/scratch_b_reg[4][3]/clk
pin:tr_soc_top_mx/u_ctrl/scratch_b_reg[4][4]/clk
pin:tr_soc_top_mx/u_ctrl/scratch_b_reg[4][5]/clk
pin:tr_soc_top_mx/u_ctrl/scratch_b_reg[4][6]/clk
pin:tr_soc_top_mx/u_ctrl/scratch_b_reg[4][7]/clk
pin:tr_soc_top_mx/u_ctrl/scratch_b_reg[4][8]/clk
pin:tr_soc_top_mx/u_ctrl/scratch_b_reg[4][9]/clk
pin:tr_soc_top_mx/u_ctrl/scratch_b_reg[4][10]/clk
pin:tr_soc_top_mx/u_ctrl/scratch_b_reg[4][11]/clk
pin:tr_soc_top_mx/u_ctrl/scratch_b_reg[4][12]/clk
pin:tr_soc_top_mx/u_ctrl/scratch_b_reg[4][13]/clk
pin:tr_soc_top_mx/u_ctrl/scratch_b_reg[4][14]/clk
pin:tr_soc_top_mx/u_ctrl/scratch_b_reg[4][15]/clk
pin:tr_soc_top_mx/u_ctrl/scratch_b_reg[3][0]/clk
pin:tr_soc_top_mx/u_ctrl/scratch_b_reg[3][1]/clk
pin:tr_soc_top_mx/u_ctrl/scratch_b_reg[3][2]/clk
pin:tr_soc_top_mx/u_ctrl/scratch_b_reg[3][3]/clk
pin:tr_soc_top_mx/u_ctrl/scratch_b_reg[3][4]/clk
pin:tr_soc_top_mx/u_ctrl/scratch_b_reg[3][5]/clk
pin:tr_soc_top_mx/u_ctrl/scratch_b_reg[3][6]/clk
pin:tr_soc_top_mx/u_ctrl/scratch_b_reg[3][7]/clk
pin:tr_soc_top_mx/u_ctrl/scratch_b_reg[3][8]/clk
pin:tr_soc_top_mx/u_ctrl/scratch_b_reg[3][9]/clk
pin:tr_soc_top_mx/u_ctrl/scratch_b_reg[3][10]/clk
pin:tr_soc_top_mx/u_ctrl/scratch_b_reg[3][11]/clk
pin:tr_soc_top_mx/u_ctrl/scratch_b_reg[3][12]/clk
pin:tr_soc_top_mx/u_ctrl/scratch_b_reg[3][13]/clk
pin:tr_soc_top_mx/u_ctrl/scratch_b_reg[3][14]/clk
pin:tr_soc_top_mx/u_ctrl/scratch_b_reg[3][15]/clk
pin:tr_soc_top_mx/u_ctrl/scratch_b_reg[2][0]/clk
pin:tr_soc_top_mx/u_ctrl/scratch_b_reg[2][1]/clk
pin:tr_soc_top_mx/u_ctrl/scratch_b_reg[2][2]/clk
pin:tr_soc_top_mx/u_ctrl/scratch_b_reg[2][3]/clk
pin:tr_soc_top_mx/u_ctrl/scratch_b_reg[2][4]/clk
pin:tr_soc_top_mx/u_ctrl/scratch_b_reg[2][5]/clk
pin:tr_soc_top_mx/u_ctrl/scratch_b_reg[2][6]/clk
pin:tr_soc_top_mx/u_ctrl/scratch_b_reg[2][7]/clk
pin:tr_soc_top_mx/u_ctrl/scratch_b_reg[2][8]/clk
pin:tr_soc_top_mx/u_ctrl/scratch_b_reg[2][9]/clk
pin:tr_soc_top_mx/u_ctrl/scratch_b_reg[2][10]/clk
pin:tr_soc_top_mx/u_ctrl/scratch_b_reg[2][11]/clk
pin:tr_soc_top_mx/u_ctrl/scratch_b_reg[2][12]/clk
pin:tr_soc_top_mx/u_ctrl/scratch_b_reg[2][13]/clk
pin:tr_soc_top_mx/u_ctrl/scratch_b_reg[2][14]/clk
pin:tr_soc_top_mx/u_ctrl/scratch_b_reg[2][15]/clk
pin:tr_soc_top_mx/u_ctrl/scratch_b_reg[1][0]/clk
pin:tr_soc_top_mx/u_ctrl/scratch_b_reg[1][1]/clk
pin:tr_soc_top_mx/u_ctrl/scratch_b_reg[1][2]/clk
pin:tr_soc_top_mx/u_ctrl/scratch_b_reg[1][3]/clk
pin:tr_soc_top_mx/u_ctrl/scratch_b_reg[1][4]/clk
pin:tr_soc_top_mx/u_ctrl/scratch_b_reg[1][5]/clk
pin:tr_soc_top_mx/u_ctrl/scratch_b_reg[1][6]/clk
pin:tr_soc_top_mx/u_ctrl/scratch_b_reg[1][7]/clk
pin:tr_soc_top_mx/u_ctrl/scratch_b_reg[1][8]/clk
pin:tr_soc_top_mx/u_ctrl/scratch_b_reg[1][9]/clk
pin:tr_soc_top_mx/u_ctrl/scratch_b_reg[1][10]/clk
pin:tr_soc_top_mx/u_ctrl/scratch_b_reg[1][11]/clk
pin:tr_soc_top_mx/u_ctrl/scratch_b_reg[1][12]/clk
pin:tr_soc_top_mx/u_ctrl/scratch_b_reg[1][13]/clk
pin:tr_soc_top_mx/u_ctrl/scratch_b_reg[1][14]/clk
pin:tr_soc_top_mx/u_ctrl/scratch_b_reg[1][15]/clk
pin:tr_soc_top_mx/u_ctrl/scratch_b_reg[0][0]/clk
pin:tr_soc_top_mx/u_ctrl/scratch_b_reg[0][1]/clk
pin:tr_soc_top_mx/u_ctrl/scratch_b_reg[0][2]/clk
pin:tr_soc_top_mx/u_ctrl/scratch_b_reg[0][3]/clk
pin:tr_soc_top_mx/u_ctrl/scratch_b_reg[0][4]/clk
pin:tr_soc_top_mx/u_ctrl/scratch_b_reg[0][5]/clk
pin:tr_soc_top_mx/u_ctrl/scratch_b_reg[0][6]/clk
pin:tr_soc_top_mx/u_ctrl/scratch_b_reg[0][7]/clk
pin:tr_soc_top_mx/u_ctrl/scratch_b_reg[0][8]/clk
pin:tr_soc_top_mx/u_ctrl/scratch_b_reg[0][9]/clk
pin:tr_soc_top_mx/u_ctrl/scratch_b_reg[0][10]/clk
pin:tr_soc_top_mx/u_ctrl/scratch_b_reg[0][11]/clk
pin:tr_soc_top_mx/u_ctrl/scratch_b_reg[0][12]/clk
pin:tr_soc_top_mx/u_ctrl/scratch_b_reg[0][13]/clk
pin:tr_soc_top_mx/u_ctrl/scratch_b_reg[0][14]/clk
pin:tr_soc_top_mx/u_ctrl/scratch_b_reg[0][15]/clk
pin:tr_soc_top_mx/u_ctrl/reg_scalar_max_reg[0]/clk
pin:tr_soc_top_mx/u_ctrl/reg_scalar_max_reg[1]/clk
pin:tr_soc_top_mx/u_ctrl/reg_scalar_max_reg[2]/clk
pin:tr_soc_top_mx/u_ctrl/reg_scalar_max_reg[3]/clk
pin:tr_soc_top_mx/u_ctrl/reg_scalar_max_reg[4]/clk
pin:tr_soc_top_mx/u_ctrl/reg_scalar_max_reg[5]/clk
pin:tr_soc_top_mx/u_ctrl/reg_scalar_max_reg[6]/clk
pin:tr_soc_top_mx/u_ctrl/reg_scalar_max_reg[7]/clk
pin:tr_soc_top_mx/u_ctrl/reg_scalar_max_reg[8]/clk
pin:tr_soc_top_mx/u_ctrl/reg_scalar_max_reg[9]/clk
pin:tr_soc_top_mx/u_ctrl/reg_scalar_max_reg[10]/clk
pin:tr_soc_top_mx/u_ctrl/reg_scalar_max_reg[11]/clk
pin:tr_soc_top_mx/u_ctrl/reg_scalar_max_reg[12]/clk
pin:tr_soc_top_mx/u_ctrl/reg_scalar_max_reg[13]/clk
pin:tr_soc_top_mx/u_ctrl/reg_scalar_max_reg[14]/clk
pin:tr_soc_top_mx/u_ctrl/reg_scalar_max_reg[15]/clk
pin:tr_soc_top_mx/u_ctrl/reg_scalar_log_reg[0]/clk
pin:tr_soc_top_mx/u_ctrl/reg_scalar_log_reg[1]/clk
pin:tr_soc_top_mx/u_ctrl/reg_scalar_log_reg[2]/clk
pin:tr_soc_top_mx/u_ctrl/reg_scalar_log_reg[3]/clk
pin:tr_soc_top_mx/u_ctrl/reg_scalar_log_reg[4]/clk
pin:tr_soc_top_mx/u_ctrl/reg_scalar_log_reg[5]/clk
pin:tr_soc_top_mx/u_ctrl/reg_scalar_log_reg[6]/clk
pin:tr_soc_top_mx/u_ctrl/reg_scalar_log_reg[7]/clk
pin:tr_soc_top_mx/u_ctrl/reg_scalar_log_reg[8]/clk
pin:tr_soc_top_mx/u_ctrl/reg_scalar_log_reg[9]/clk
pin:tr_soc_top_mx/u_ctrl/reg_scalar_log_reg[10]/clk
pin:tr_soc_top_mx/u_ctrl/reg_scalar_log_reg[11]/clk
pin:tr_soc_top_mx/u_ctrl/reg_scalar_log_reg[12]/clk
pin:tr_soc_top_mx/u_ctrl/reg_scalar_log_reg[13]/clk
pin:tr_soc_top_mx/u_ctrl/reg_scalar_log_reg[14]/clk
pin:tr_soc_top_mx/u_ctrl/reg_scalar_log_reg[15]/clk
pin:tr_soc_top_mx/u_ctrl/reg_mm_rows_reg[0]/clk
pin:tr_soc_top_mx/u_ctrl/reg_mm_rows_reg[1]/clk
pin:tr_soc_top_mx/u_ctrl/reg_mm_rows_reg[2]/clk
pin:tr_soc_top_mx/u_ctrl/reg_mm_rows_reg[3]/clk
pin:tr_soc_top_mx/u_ctrl/reg_mm_rows_reg[4]/clk
pin:tr_soc_top_mx/u_ctrl/reg_mm_rows_reg[5]/clk
pin:tr_soc_top_mx/u_ctrl/reg_mm_rows_reg[6]/clk
pin:tr_soc_top_mx/u_ctrl/reg_mm_rows_reg[7]/clk
pin:tr_soc_top_mx/u_ctrl/reg_mm_rows_reg[8]/clk
pin:tr_soc_top_mx/u_ctrl/reg_mm_rows_reg[9]/clk
pin:tr_soc_top_mx/u_ctrl/reg_mm_rows_reg[10]/clk
pin:tr_soc_top_mx/u_ctrl/reg_mm_rows_reg[11]/clk
pin:tr_soc_top_mx/u_ctrl/reg_mm_rows_reg[12]/clk
pin:tr_soc_top_mx/u_ctrl/reg_mm_rows_reg[13]/clk
pin:tr_soc_top_mx/u_ctrl/reg_mm_rows_reg[14]/clk
pin:tr_soc_top_mx/u_ctrl/reg_mm_rows_reg[15]/clk
pin:tr_soc_top_mx/u_ctrl/reg_mm_ctiles_reg[0]/clk
pin:tr_soc_top_mx/u_ctrl/reg_mm_ctiles_reg[1]/clk
pin:tr_soc_top_mx/u_ctrl/reg_mm_ctiles_reg[2]/clk
pin:tr_soc_top_mx/u_ctrl/reg_mm_ctiles_reg[3]/clk
pin:tr_soc_top_mx/u_ctrl/reg_mm_ctiles_reg[4]/clk
pin:tr_soc_top_mx/u_ctrl/reg_mm_ctiles_reg[5]/clk
pin:tr_soc_top_mx/u_ctrl/reg_mm_ctiles_reg[6]/clk
pin:tr_soc_top_mx/u_ctrl/reg_mm_ctiles_reg[7]/clk
pin:tr_soc_top_mx/u_ctrl/reg_mm_ctiles_reg[8]/clk
pin:tr_soc_top_mx/u_ctrl/reg_mm_ctiles_reg[9]/clk
pin:tr_soc_top_mx/u_ctrl/reg_mm_ctiles_reg[10]/clk
pin:tr_soc_top_mx/u_ctrl/reg_mm_ctiles_reg[11]/clk
pin:tr_soc_top_mx/u_ctrl/reg_mm_ctiles_reg[12]/clk
pin:tr_soc_top_mx/u_ctrl/reg_mm_ctiles_reg[13]/clk
pin:tr_soc_top_mx/u_ctrl/reg_mm_ctiles_reg[14]/clk
pin:tr_soc_top_mx/u_ctrl/reg_mm_ctiles_reg[15]/clk
pin:tr_soc_top_mx/u_ctrl/cmd_trigger_reg[0]/clk
pin:tr_soc_top_mx/u_ctrl/cmd_trigger_reg[1]/clk
pin:tr_soc_top_mx/u_ctrl/cmd_trigger_reg[2]/clk
pin:tr_soc_top_mx/u_ctrl/cmd_trigger_reg[3]/clk
pin:tr_soc_top_mx/u_ctrl/cmd_trigger_reg[4]/clk
pin:tr_soc_top_mx/u_ctrl/cmd_trigger_reg[5]/clk
pin:tr_soc_top_mx/u_ctrl/cmd_trigger_reg[6]/clk
pin:tr_soc_top_mx/u_ctrl/cmd_trigger_reg[7]/clk
pin:tr_soc_top_mx/u_ctrl/state_reg[0]/clk
pin:tr_soc_top_mx/u_ctrl/state_reg[1]/clk
pin:tr_soc_top_mx/u_ctrl/state_reg[2]/clk
pin:tr_soc_top_mx/u_ctrl/state_reg[3]/clk
pin:tr_soc_top_mx/u_ctrl/state_reg[4]/clk
pin:tr_soc_top_mx/u_ctrl/state_reg[5]/clk
pin:tr_soc_top_mx/u_ctrl/ctrl_enable_linear_shift_reg/clk
pin:tr_soc_top_mx/u_ctrl/mux_bb_in_sel_reg[0]/clk
pin:tr_soc_top_mx/u_ctrl/mux_bb_in_sel_reg[1]/clk
pin:tr_soc_top_mx/u_ctrl/mux_bb_in_sel_reg[2]/clk
pin:tr_soc_top_mx/u_ctrl/mux_mac_a_sel_reg[0]/clk
pin:tr_soc_top_mx/u_ctrl/mux_mac_a_sel_reg[1]/clk
pin:tr_soc_top_mx/u_ctrl/mux_mac_b_sel_reg[0]/clk
pin:tr_soc_top_mx/u_ctrl/mux_mac_b_sel_reg[1]/clk
pin:tr_soc_top_mx/u_ctrl/mux_vecmul_a_sel_reg[0]/clk
pin:tr_soc_top_mx/u_ctrl/mux_vecmul_a_sel_reg[1]/clk
pin:tr_soc_top_mx/u_ctrl/mux_vecmul_b_sel_reg[0]/clk
pin:tr_soc_top_mx/u_ctrl/mux_vecmul_b_sel_reg[1]/clk
pin:tr_soc_top_mx/u_ctrl/mux_vpu_out_sel_reg[0]/clk
pin:tr_soc_top_mx/u_ctrl/mux_vpu_out_sel_reg[1]/clk
pin:tr_soc_top_mx/u_ctrl/mux_vpu_out_sel_reg[2]/clk
pin:tr_soc_top_mx/u_ctrl/en_piped_max_reg/clk
pin:tr_soc_top_mx/u_ctrl/en_mac_valid_reg/clk
pin:tr_soc_top_mx/u_ctrl/en_vecmul_valid_reg/clk
pin:tr_soc_top_mx/u_ctrl/en_bb_valid_reg/clk
pin:tr_soc_top_mx/u_ctrl/mac_clear_acc_reg/clk
pin:tr_soc_top_mx/u_ctrl/mac_op_mode_reg[0]/clk
pin:tr_soc_top_mx/u_ctrl/mac_op_mode_reg[1]/clk
pin:tr_soc_top_mx/u_ctrl/vecmul_op_mode_reg[0]/clk
pin:tr_soc_top_mx/u_ctrl/vecmul_op_mode_reg[1]/clk
pin:tr_soc_top_mx/u_ctrl/vecmul_scale_mode_reg[0]/clk
pin:tr_soc_top_mx/u_ctrl/vecmul_scale_mode_reg[1]/clk
pin:tr_soc_top_mx/u_ctrl/bb_shift_mode_reg/clk
pin:tr_soc_top_mx/u_ctrl/bb_bypass_ln_reg/clk
pin:tr_soc_top_mx/u_ctrl/bb_mode_pre_ln_reg/clk
pin:tr_soc_top_mx/u_ctrl/bb_mode_post_ln_reg[0]/clk
pin:tr_soc_top_mx/u_ctrl/bb_mode_post_ln_reg[1]/clk
pin:tr_soc_top_mx/u_ctrl/sym_mode_en_reg/clk
pin:tr_soc_top_mx/u_ctrl/ctrl_scalar_sub_val_reg[0]/clk
pin:tr_soc_top_mx/u_ctrl/ctrl_scalar_sub_val_reg[1]/clk
pin:tr_soc_top_mx/u_ctrl/ctrl_scalar_sub_val_reg[2]/clk
pin:tr_soc_top_mx/u_ctrl/ctrl_scalar_sub_val_reg[3]/clk
pin:tr_soc_top_mx/u_ctrl/ctrl_scalar_sub_val_reg[4]/clk
pin:tr_soc_top_mx/u_ctrl/ctrl_scalar_sub_val_reg[5]/clk
pin:tr_soc_top_mx/u_ctrl/ctrl_scalar_sub_val_reg[6]/clk
pin:tr_soc_top_mx/u_ctrl/ctrl_scalar_sub_val_reg[7]/clk
pin:tr_soc_top_mx/u_ctrl/ctrl_scalar_sub_val_reg[8]/clk
pin:tr_soc_top_mx/u_ctrl/ctrl_scalar_sub_val_reg[9]/clk
pin:tr_soc_top_mx/u_ctrl/ctrl_scalar_sub_val_reg[10]/clk
pin:tr_soc_top_mx/u_ctrl/ctrl_scalar_sub_val_reg[11]/clk
pin:tr_soc_top_mx/u_ctrl/ctrl_scalar_sub_val_reg[12]/clk
pin:tr_soc_top_mx/u_ctrl/ctrl_scalar_sub_val_reg[13]/clk
pin:tr_soc_top_mx/u_ctrl/ctrl_scalar_sub_val_reg[14]/clk
pin:tr_soc_top_mx/u_ctrl/ctrl_scalar_sub_val_reg[15]/clk
pin:tr_soc_top_mx/u_ctrl/src_sram_a_sel_reg/clk
pin:tr_soc_top_mx/u_ctrl/src_sram_b_sel_reg/clk
pin:tr_soc_top_mx/u_ctrl/write_ext_sram_reg/clk
pin:tr_soc_top_mx/u_ctrl/mm_start_reg/clk
pin:tr_soc_top_mx/u_ctrl/reg_busy_reg/clk
pin:tr_soc_top_mx/u_ctrl/reg_done_reg/clk
pin:tr_soc_top_mx/u_ctrl/write_scratch_a_reg/clk
pin:tr_soc_top_mx/u_ctrl/write_scratch_b_reg/clk
pin:tr_soc_top_mx/u_ctrl/latch_max_reg/clk
pin:tr_soc_top_mx/u_ctrl/latch_log_reg/clk
pin:tr_soc_top_mx/u_ctrl/rm_offset_was_positive_reg/clk
pin:tr_soc_top_mx/u_dot/GEN_MAC_LANES[0].u_mac_lane/a_reg_reg[7][0]/clk
pin:tr_soc_top_mx/u_dot/GEN_MAC_LANES[0].u_mac_lane/a_reg_reg[7][1]/clk
pin:tr_soc_top_mx/u_dot/GEN_MAC_LANES[0].u_mac_lane/a_reg_reg[7][2]/clk
pin:tr_soc_top_mx/u_dot/GEN_MAC_LANES[0].u_mac_lane/a_reg_reg[7][3]/clk
pin:tr_soc_top_mx/u_dot/GEN_MAC_LANES[0].u_mac_lane/a_reg_reg[7][4]/clk
pin:tr_soc_top_mx/u_dot/GEN_MAC_LANES[0].u_mac_lane/a_reg_reg[7][5]/clk
pin:tr_soc_top_mx/u_dot/GEN_MAC_LANES[0].u_mac_lane/a_reg_reg[7][6]/clk
pin:tr_soc_top_mx/u_dot/GEN_MAC_LANES[0].u_mac_lane/a_reg_reg[7][7]/clk
pin:tr_soc_top_mx/u_dot/GEN_MAC_LANES[0].u_mac_lane/a_reg_reg[6][0]/clk
pin:tr_soc_top_mx/u_dot/GEN_MAC_LANES[0].u_mac_lane/a_reg_reg[6][1]/clk
pin:tr_soc_top_mx/u_dot/GEN_MAC_LANES[0].u_mac_lane/a_reg_reg[6][2]/clk
pin:tr_soc_top_mx/u_dot/GEN_MAC_LANES[0].u_mac_lane/a_reg_reg[6][3]/clk
pin:tr_soc_top_mx/u_dot/GEN_MAC_LANES[0].u_mac_lane/a_reg_reg[6][4]/clk
pin:tr_soc_top_mx/u_dot/GEN_MAC_LANES[0].u_mac_lane/a_reg_reg[6][5]/clk
pin:tr_soc_top_mx/u_dot/GEN_MAC_LANES[0].u_mac_lane/a_reg_reg[6][6]/clk
pin:tr_soc_top_mx/u_dot/GEN_MAC_LANES[0].u_mac_lane/a_reg_reg[6][7]/clk
pin:tr_soc_top_mx/u_dot/GEN_MAC_LANES[0].u_mac_lane/a_reg_reg[5][0]/clk
pin:tr_soc_top_mx/u_dot/GEN_MAC_LANES[0].u_mac_lane/a_reg_reg[5][1]/clk
pin:tr_soc_top_mx/u_dot/GEN_MAC_LANES[0].u_mac_lane/a_reg_reg[5][2]/clk
pin:tr_soc_top_mx/u_dot/GEN_MAC_LANES[0].u_mac_lane/a_reg_reg[5][3]/clk
pin:tr_soc_top_mx/u_dot/GEN_MAC_LANES[0].u_mac_lane/a_reg_reg[5][4]/clk
pin:tr_soc_top_mx/u_dot/GEN_MAC_LANES[0].u_mac_lane/a_reg_reg[5][5]/clk
pin:tr_soc_top_mx/u_dot/GEN_MAC_LANES[0].u_mac_lane/a_reg_reg[5][6]/clk
pin:tr_soc_top_mx/u_dot/GEN_MAC_LANES[0].u_mac_lane/a_reg_reg[5][7]/clk
pin:tr_soc_top_mx/u_dot/GEN_MAC_LANES[0].u_mac_lane/a_reg_reg[4][0]/clk
pin:tr_soc_top_mx/u_dot/GEN_MAC_LANES[0].u_mac_lane/a_reg_reg[4][1]/clk
pin:tr_soc_top_mx/u_dot/GEN_MAC_LANES[0].u_mac_lane/a_reg_reg[4][2]/clk
pin:tr_soc_top_mx/u_dot/GEN_MAC_LANES[0].u_mac_lane/a_reg_reg[4][3]/clk
pin:tr_soc_top_mx/u_dot/GEN_MAC_LANES[0].u_mac_lane/a_reg_reg[4][4]/clk
pin:tr_soc_top_mx/u_dot/GEN_MAC_LANES[0].u_mac_lane/a_reg_reg[4][5]/clk
pin:tr_soc_top_mx/u_dot/GEN_MAC_LANES[0].u_mac_lane/a_reg_reg[4][6]/clk
pin:tr_soc_top_mx/u_dot/GEN_MAC_LANES[0].u_mac_lane/a_reg_reg[4][7]/clk
pin:tr_soc_top_mx/u_dot/GEN_MAC_LANES[0].u_mac_lane/a_reg_reg[3][0]/clk
pin:tr_soc_top_mx/u_dot/GEN_MAC_LANES[0].u_mac_lane/a_reg_reg[3][1]/clk
pin:tr_soc_top_mx/u_dot/GEN_MAC_LANES[0].u_mac_lane/a_reg_reg[3][2]/clk
pin:tr_soc_top_mx/u_dot/GEN_MAC_LANES[0].u_mac_lane/a_reg_reg[3][3]/clk
pin:tr_soc_top_mx/u_dot/GEN_MAC_LANES[0].u_mac_lane/a_reg_reg[3][4]/clk
pin:tr_soc_top_mx/u_dot/GEN_MAC_LANES[0].u_mac_lane/a_reg_reg[3][5]/clk
pin:tr_soc_top_mx/u_dot/GEN_MAC_LANES[0].u_mac_lane/a_reg_reg[3][6]/clk
pin:tr_soc_top_mx/u_dot/GEN_MAC_LANES[0].u_mac_lane/a_reg_reg[3][7]/clk
pin:tr_soc_top_mx/u_dot/GEN_MAC_LANES[0].u_mac_lane/a_reg_reg[2][0]/clk
pin:tr_soc_top_mx/u_dot/GEN_MAC_LANES[0].u_mac_lane/a_reg_reg[2][1]/clk
pin:tr_soc_top_mx/u_dot/GEN_MAC_LANES[0].u_mac_lane/a_reg_reg[2][2]/clk
pin:tr_soc_top_mx/u_dot/GEN_MAC_LANES[0].u_mac_lane/a_reg_reg[2][3]/clk
pin:tr_soc_top_mx/u_dot/GEN_MAC_LANES[0].u_mac_lane/a_reg_reg[2][4]/clk
pin:tr_soc_top_mx/u_dot/GEN_MAC_LANES[0].u_mac_lane/a_reg_reg[2][5]/clk
pin:tr_soc_top_mx/u_dot/GEN_MAC_LANES[0].u_mac_lane/a_reg_reg[2][6]/clk
pin:tr_soc_top_mx/u_dot/GEN_MAC_LANES[0].u_mac_lane/a_reg_reg[2][7]/clk
pin:tr_soc_top_mx/u_dot/GEN_MAC_LANES[0].u_mac_lane/a_reg_reg[1][0]/clk
pin:tr_soc_top_mx/u_dot/GEN_MAC_LANES[0].u_mac_lane/a_reg_reg[1][1]/clk
pin:tr_soc_top_mx/u_dot/GEN_MAC_LANES[0].u_mac_lane/a_reg_reg[1][2]/clk
pin:tr_soc_top_mx/u_dot/GEN_MAC_LANES[0].u_mac_lane/a_reg_reg[1][3]/clk
pin:tr_soc_top_mx/u_dot/GEN_MAC_LANES[0].u_mac_lane/a_reg_reg[1][4]/clk
pin:tr_soc_top_mx/u_dot/GEN_MAC_LANES[0].u_mac_lane/a_reg_reg[1][5]/clk
pin:tr_soc_top_mx/u_dot/GEN_MAC_LANES[0].u_mac_lane/a_reg_reg[1][6]/clk
pin:tr_soc_top_mx/u_dot/GEN_MAC_LANES[0].u_mac_lane/a_reg_reg[1][7]/clk
pin:tr_soc_top_mx/u_dot/GEN_MAC_LANES[0].u_mac_lane/a_reg_reg[0][0]/clk
pin:tr_soc_top_mx/u_dot/GEN_MAC_LANES[0].u_mac_lane/a_reg_reg[0][1]/clk
pin:tr_soc_top_mx/u_dot/GEN_MAC_LANES[0].u_mac_lane/a_reg_reg[0][2]/clk
pin:tr_soc_top_mx/u_dot/GEN_MAC_LANES[0].u_mac_lane/a_reg_reg[0][3]/clk
pin:tr_soc_top_mx/u_dot/GEN_MAC_LANES[0].u_mac_lane/a_reg_reg[0][4]/clk
pin:tr_soc_top_mx/u_dot/GEN_MAC_LANES[0].u_mac_lane/a_reg_reg[0][5]/clk
pin:tr_soc_top_mx/u_dot/GEN_MAC_LANES[0].u_mac_lane/a_reg_reg[0][6]/clk
pin:tr_soc_top_mx/u_dot/GEN_MAC_LANES[0].u_mac_lane/a_reg_reg[0][7]/clk
pin:tr_soc_top_mx/u_dot/GEN_MAC_LANES[0].u_mac_lane/b_reg_reg[7][0]/clk
pin:tr_soc_top_mx/u_dot/GEN_MAC_LANES[0].u_mac_lane/b_reg_reg[7][1]/clk
pin:tr_soc_top_mx/u_dot/GEN_MAC_LANES[0].u_mac_lane/b_reg_reg[7][2]/clk
pin:tr_soc_top_mx/u_dot/GEN_MAC_LANES[0].u_mac_lane/b_reg_reg[7][3]/clk
pin:tr_soc_top_mx/u_dot/GEN_MAC_LANES[0].u_mac_lane/b_reg_reg[7][4]/clk
pin:tr_soc_top_mx/u_dot/GEN_MAC_LANES[0].u_mac_lane/b_reg_reg[7][5]/clk
pin:tr_soc_top_mx/u_dot/GEN_MAC_LANES[0].u_mac_lane/b_reg_reg[7][6]/clk
pin:tr_soc_top_mx/u_dot/GEN_MAC_LANES[0].u_mac_lane/b_reg_reg[7][7]/clk
pin:tr_soc_top_mx/u_dot/GEN_MAC_LANES[0].u_mac_lane/b_reg_reg[6][0]/clk
pin:tr_soc_top_mx/u_dot/GEN_MAC_LANES[0].u_mac_lane/b_reg_reg[6][1]/clk
pin:tr_soc_top_mx/u_dot/GEN_MAC_LANES[0].u_mac_lane/b_reg_reg[6][2]/clk
pin:tr_soc_top_mx/u_dot/GEN_MAC_LANES[0].u_mac_lane/b_reg_reg[6][3]/clk
pin:tr_soc_top_mx/u_dot/GEN_MAC_LANES[0].u_mac_lane/b_reg_reg[6][4]/clk
pin:tr_soc_top_mx/u_dot/GEN_MAC_LANES[0].u_mac_lane/b_reg_reg[6][5]/clk
pin:tr_soc_top_mx/u_dot/GEN_MAC_LANES[0].u_mac_lane/b_reg_reg[6][6]/clk
pin:tr_soc_top_mx/u_dot/GEN_MAC_LANES[0].u_mac_lane/b_reg_reg[6][7]/clk
pin:tr_soc_top_mx/u_dot/GEN_MAC_LANES[0].u_mac_lane/b_reg_reg[5][0]/clk
pin:tr_soc_top_mx/u_dot/GEN_MAC_LANES[0].u_mac_lane/b_reg_reg[5][1]/clk
pin:tr_soc_top_mx/u_dot/GEN_MAC_LANES[0].u_mac_lane/b_reg_reg[5][2]/clk
pin:tr_soc_top_mx/u_dot/GEN_MAC_LANES[0].u_mac_lane/b_reg_reg[5][3]/clk
pin:tr_soc_top_mx/u_dot/GEN_MAC_LANES[0].u_mac_lane/b_reg_reg[5][4]/clk
pin:tr_soc_top_mx/u_dot/GEN_MAC_LANES[0].u_mac_lane/b_reg_reg[5][5]/clk
pin:tr_soc_top_mx/u_dot/GEN_MAC_LANES[0].u_mac_lane/b_reg_reg[5][6]/clk
pin:tr_soc_top_mx/u_dot/GEN_MAC_LANES[0].u_mac_lane/b_reg_reg[5][7]/clk
pin:tr_soc_top_mx/u_dot/GEN_MAC_LANES[0].u_mac_lane/b_reg_reg[4][0]/clk
pin:tr_soc_top_mx/u_dot/GEN_MAC_LANES[0].u_mac_lane/b_reg_reg[4][1]/clk
pin:tr_soc_top_mx/u_dot/GEN_MAC_LANES[0].u_mac_lane/b_reg_reg[4][2]/clk
pin:tr_soc_top_mx/u_dot/GEN_MAC_LANES[0].u_mac_lane/b_reg_reg[4][3]/clk
pin:tr_soc_top_mx/u_dot/GEN_MAC_LANES[0].u_mac_lane/b_reg_reg[4][4]/clk
pin:tr_soc_top_mx/u_dot/GEN_MAC_LANES[0].u_mac_lane/b_reg_reg[4][5]/clk
pin:tr_soc_top_mx/u_dot/GEN_MAC_LANES[0].u_mac_lane/b_reg_reg[4][6]/clk
pin:tr_soc_top_mx/u_dot/GEN_MAC_LANES[0].u_mac_lane/b_reg_reg[4][7]/clk
pin:tr_soc_top_mx/u_dot/GEN_MAC_LANES[0].u_mac_lane/b_reg_reg[3][0]/clk
pin:tr_soc_top_mx/u_dot/GEN_MAC_LANES[0].u_mac_lane/b_reg_reg[3][1]/clk
pin:tr_soc_top_mx/u_dot/GEN_MAC_LANES[0].u_mac_lane/b_reg_reg[3][2]/clk
pin:tr_soc_top_mx/u_dot/GEN_MAC_LANES[0].u_mac_lane/b_reg_reg[3][3]/clk
pin:tr_soc_top_mx/u_dot/GEN_MAC_LANES[0].u_mac_lane/b_reg_reg[3][4]/clk
pin:tr_soc_top_mx/u_dot/GEN_MAC_LANES[0].u_mac_lane/b_reg_reg[3][5]/clk
pin:tr_soc_top_mx/u_dot/GEN_MAC_LANES[0].u_mac_lane/b_reg_reg[3][6]/clk
pin:tr_soc_top_mx/u_dot/GEN_MAC_LANES[0].u_mac_lane/b_reg_reg[3][7]/clk
pin:tr_soc_top_mx/u_dot/GEN_MAC_LANES[0].u_mac_lane/b_reg_reg[2][0]/clk
pin:tr_soc_top_mx/u_dot/GEN_MAC_LANES[0].u_mac_lane/b_reg_reg[2][1]/clk
pin:tr_soc_top_mx/u_dot/GEN_MAC_LANES[0].u_mac_lane/b_reg_reg[2][2]/clk
pin:tr_soc_top_mx/u_dot/GEN_MAC_LANES[0].u_mac_lane/b_reg_reg[2][3]/clk
pin:tr_soc_top_mx/u_dot/GEN_MAC_LANES[0].u_mac_lane/b_reg_reg[2][4]/clk
pin:tr_soc_top_mx/u_dot/GEN_MAC_LANES[0].u_mac_lane/b_reg_reg[2][5]/clk
pin:tr_soc_top_mx/u_dot/GEN_MAC_LANES[0].u_mac_lane/b_reg_reg[2][6]/clk
pin:tr_soc_top_mx/u_dot/GEN_MAC_LANES[0].u_mac_lane/b_reg_reg[2][7]/clk
pin:tr_soc_top_mx/u_dot/GEN_MAC_LANES[0].u_mac_lane/b_reg_reg[1][0]/clk
pin:tr_soc_top_mx/u_dot/GEN_MAC_LANES[0].u_mac_lane/b_reg_reg[1][1]/clk
pin:tr_soc_top_mx/u_dot/GEN_MAC_LANES[0].u_mac_lane/b_reg_reg[1][2]/clk
pin:tr_soc_top_mx/u_dot/GEN_MAC_LANES[0].u_mac_lane/b_reg_reg[1][3]/clk
pin:tr_soc_top_mx/u_dot/GEN_MAC_LANES[0].u_mac_lane/b_reg_reg[1][4]/clk
pin:tr_soc_top_mx/u_dot/GEN_MAC_LANES[0].u_mac_lane/b_reg_reg[1][5]/clk
pin:tr_soc_top_mx/u_dot/GEN_MAC_LANES[0].u_mac_lane/b_reg_reg[1][6]/clk
pin:tr_soc_top_mx/u_dot/GEN_MAC_LANES[0].u_mac_lane/b_reg_reg[1][7]/clk
pin:tr_soc_top_mx/u_dot/GEN_MAC_LANES[0].u_mac_lane/b_reg_reg[0][0]/clk
pin:tr_soc_top_mx/u_dot/GEN_MAC_LANES[0].u_mac_lane/b_reg_reg[0][1]/clk
pin:tr_soc_top_mx/u_dot/GEN_MAC_LANES[0].u_mac_lane/b_reg_reg[0][2]/clk
pin:tr_soc_top_mx/u_dot/GEN_MAC_LANES[0].u_mac_lane/b_reg_reg[0][3]/clk
pin:tr_soc_top_mx/u_dot/GEN_MAC_LANES[0].u_mac_lane/b_reg_reg[0][4]/clk
pin:tr_soc_top_mx/u_dot/GEN_MAC_LANES[0].u_mac_lane/b_reg_reg[0][5]/clk
pin:tr_soc_top_mx/u_dot/GEN_MAC_LANES[0].u_mac_lane/b_reg_reg[0][6]/clk
pin:tr_soc_top_mx/u_dot/GEN_MAC_LANES[0].u_mac_lane/b_reg_reg[0][7]/clk
pin:tr_soc_top_mx/u_dot/GEN_MAC_LANES[0].u_mac_lane/c_reg1_reg[0]/clk
pin:tr_soc_top_mx/u_dot/GEN_MAC_LANES[0].u_mac_lane/c_reg1_reg[1]/clk
pin:tr_soc_top_mx/u_dot/GEN_MAC_LANES[0].u_mac_lane/c_reg1_reg[2]/clk
pin:tr_soc_top_mx/u_dot/GEN_MAC_LANES[0].u_mac_lane/c_reg1_reg[3]/clk
pin:tr_soc_top_mx/u_dot/GEN_MAC_LANES[0].u_mac_lane/c_reg1_reg[4]/clk
pin:tr_soc_top_mx/u_dot/GEN_MAC_LANES[0].u_mac_lane/c_reg1_reg[5]/clk
pin:tr_soc_top_mx/u_dot/GEN_MAC_LANES[0].u_mac_lane/c_reg1_reg[6]/clk
pin:tr_soc_top_mx/u_dot/GEN_MAC_LANES[0].u_mac_lane/c_reg1_reg[7]/clk
pin:tr_soc_top_mx/u_dot/GEN_MAC_LANES[0].u_mac_lane/c_reg1_reg[8]/clk
pin:tr_soc_top_mx/u_dot/GEN_MAC_LANES[0].u_mac_lane/c_reg1_reg[9]/clk
pin:tr_soc_top_mx/u_dot/GEN_MAC_LANES[0].u_mac_lane/c_reg1_reg[10]/clk
pin:tr_soc_top_mx/u_dot/GEN_MAC_LANES[0].u_mac_lane/c_reg1_reg[11]/clk
pin:tr_soc_top_mx/u_dot/GEN_MAC_LANES[0].u_mac_lane/c_reg1_reg[12]/clk
pin:tr_soc_top_mx/u_dot/GEN_MAC_LANES[0].u_mac_lane/c_reg1_reg[13]/clk
pin:tr_soc_top_mx/u_dot/GEN_MAC_LANES[0].u_mac_lane/c_reg1_reg[14]/clk
pin:tr_soc_top_mx/u_dot/GEN_MAC_LANES[0].u_mac_lane/c_reg1_reg[15]/clk
pin:tr_soc_top_mx/u_dot/GEN_MAC_LANES[0].u_mac_lane/c_reg1_reg[16]/clk
pin:tr_soc_top_mx/u_dot/GEN_MAC_LANES[0].u_mac_lane/c_reg1_reg[17]/clk
pin:tr_soc_top_mx/u_dot/GEN_MAC_LANES[0].u_mac_lane/c_reg1_reg[18]/clk
pin:tr_soc_top_mx/u_dot/GEN_MAC_LANES[0].u_mac_lane/c_reg1_reg[19]/clk
pin:tr_soc_top_mx/u_dot/GEN_MAC_LANES[0].u_mac_lane/c_reg1_reg[20]/clk
pin:tr_soc_top_mx/u_dot/GEN_MAC_LANES[0].u_mac_lane/c_reg1_reg[21]/clk
pin:tr_soc_top_mx/u_dot/GEN_MAC_LANES[0].u_mac_lane/c_reg1_reg[22]/clk
pin:tr_soc_top_mx/u_dot/GEN_MAC_LANES[0].u_mac_lane/c_reg1_reg[23]/clk
pin:tr_soc_top_mx/u_dot/GEN_MAC_LANES[0].u_mac_lane/c_reg1_reg[24]/clk
pin:tr_soc_top_mx/u_dot/GEN_MAC_LANES[0].u_mac_lane/c_reg1_reg[25]/clk
pin:tr_soc_top_mx/u_dot/GEN_MAC_LANES[0].u_mac_lane/c_reg1_reg[26]/clk
pin:tr_soc_top_mx/u_dot/GEN_MAC_LANES[0].u_mac_lane/c_reg1_reg[27]/clk
pin:tr_soc_top_mx/u_dot/GEN_MAC_LANES[0].u_mac_lane/c_reg1_reg[28]/clk
pin:tr_soc_top_mx/u_dot/GEN_MAC_LANES[0].u_mac_lane/c_reg1_reg[29]/clk
pin:tr_soc_top_mx/u_dot/GEN_MAC_LANES[0].u_mac_lane/c_reg1_reg[30]/clk
pin:tr_soc_top_mx/u_dot/GEN_MAC_LANES[0].u_mac_lane/c_reg1_reg[31]/clk
pin:tr_soc_top_mx/u_dot/GEN_MAC_LANES[0].u_mac_lane/mode1_op_reg[0]/clk
pin:tr_soc_top_mx/u_dot/GEN_MAC_LANES[0].u_mac_lane/mode1_op_reg[1]/clk
pin:tr_soc_top_mx/u_dot/GEN_MAC_LANES[0].u_mac_lane/v1_reg/clk
pin:tr_soc_top_mx/u_dot/GEN_MAC_LANES[0].u_mac_lane/clr1_reg/clk
pin:tr_soc_top_mx/u_dot/GEN_MAC_LANES[0].u_mac_lane/prod_reg_reg[7][0]/clk
pin:tr_soc_top_mx/u_dot/GEN_MAC_LANES[0].u_mac_lane/prod_reg_reg[7][1]/clk
pin:tr_soc_top_mx/u_dot/GEN_MAC_LANES[0].u_mac_lane/prod_reg_reg[7][2]/clk
pin:tr_soc_top_mx/u_dot/GEN_MAC_LANES[0].u_mac_lane/prod_reg_reg[7][3]/clk
pin:tr_soc_top_mx/u_dot/GEN_MAC_LANES[0].u_mac_lane/prod_reg_reg[7][4]/clk
pin:tr_soc_top_mx/u_dot/GEN_MAC_LANES[0].u_mac_lane/prod_reg_reg[7][5]/clk
pin:tr_soc_top_mx/u_dot/GEN_MAC_LANES[0].u_mac_lane/prod_reg_reg[7][6]/clk
pin:tr_soc_top_mx/u_dot/GEN_MAC_LANES[0].u_mac_lane/prod_reg_reg[7][7]/clk
pin:tr_soc_top_mx/u_dot/GEN_MAC_LANES[0].u_mac_lane/prod_reg_reg[7][8]/clk
pin:tr_soc_top_mx/u_dot/GEN_MAC_LANES[0].u_mac_lane/prod_reg_reg[7][9]/clk
pin:tr_soc_top_mx/u_dot/GEN_MAC_LANES[0].u_mac_lane/prod_reg_reg[7][10]/clk
pin:tr_soc_top_mx/u_dot/GEN_MAC_LANES[0].u_mac_lane/prod_reg_reg[7][11]/clk
pin:tr_soc_top_mx/u_dot/GEN_MAC_LANES[0].u_mac_lane/prod_reg_reg[7][12]/clk
pin:tr_soc_top_mx/u_dot/GEN_MAC_LANES[0].u_mac_lane/prod_reg_reg[7][13]/clk
pin:tr_soc_top_mx/u_dot/GEN_MAC_LANES[0].u_mac_lane/prod_reg_reg[7][14]/clk
pin:tr_soc_top_mx/u_dot/GEN_MAC_LANES[0].u_mac_lane/prod_reg_reg[7][15]/clk
pin:tr_soc_top_mx/u_dot/GEN_MAC_LANES[0].u_mac_lane/prod_reg_reg[7][16]/clk
pin:tr_soc_top_mx/u_dot/GEN_MAC_LANES[0].u_mac_lane/prod_reg_reg[7][17]/clk
pin:tr_soc_top_mx/u_dot/GEN_MAC_LANES[0].u_mac_lane/prod_reg_reg[6][0]/clk
pin:tr_soc_top_mx/u_dot/GEN_MAC_LANES[0].u_mac_lane/prod_reg_reg[6][1]/clk
pin:tr_soc_top_mx/u_dot/GEN_MAC_LANES[0].u_mac_lane/prod_reg_reg[6][2]/clk
pin:tr_soc_top_mx/u_dot/GEN_MAC_LANES[0].u_mac_lane/prod_reg_reg[6][3]/clk
pin:tr_soc_top_mx/u_dot/GEN_MAC_LANES[0].u_mac_lane/prod_reg_reg[6][4]/clk
pin:tr_soc_top_mx/u_dot/GEN_MAC_LANES[0].u_mac_lane/prod_reg_reg[6][5]/clk
pin:tr_soc_top_mx/u_dot/GEN_MAC_LANES[0].u_mac_lane/prod_reg_reg[6][6]/clk
pin:tr_soc_top_mx/u_dot/GEN_MAC_LANES[0].u_mac_lane/prod_reg_reg[6][7]/clk
pin:tr_soc_top_mx/u_dot/GEN_MAC_LANES[0].u_mac_lane/prod_reg_reg[6][8]/clk
pin:tr_soc_top_mx/u_dot/GEN_MAC_LANES[0].u_mac_lane/prod_reg_reg[6][9]/clk
pin:tr_soc_top_mx/u_dot/GEN_MAC_LANES[0].u_mac_lane/prod_reg_reg[6][10]/clk
pin:tr_soc_top_mx/u_dot/GEN_MAC_LANES[0].u_mac_lane/prod_reg_reg[6][11]/clk
pin:tr_soc_top_mx/u_dot/GEN_MAC_LANES[0].u_mac_lane/prod_reg_reg[6][12]/clk
pin:tr_soc_top_mx/u_dot/GEN_MAC_LANES[0].u_mac_lane/prod_reg_reg[6][13]/clk
pin:tr_soc_top_mx/u_dot/GEN_MAC_LANES[0].u_mac_lane/prod_reg_reg[6][14]/clk
pin:tr_soc_top_mx/u_dot/GEN_MAC_LANES[0].u_mac_lane/prod_reg_reg[6][15]/clk
pin:tr_soc_top_mx/u_dot/GEN_MAC_LANES[0].u_mac_lane/prod_reg_reg[6][16]/clk
pin:tr_soc_top_mx/u_dot/GEN_MAC_LANES[0].u_mac_lane/prod_reg_reg[6][17]/clk
pin:tr_soc_top_mx/u_dot/GEN_MAC_LANES[0].u_mac_lane/prod_reg_reg[5][0]/clk
pin:tr_soc_top_mx/u_dot/GEN_MAC_LANES[0].u_mac_lane/prod_reg_reg[5][1]/clk
pin:tr_soc_top_mx/u_dot/GEN_MAC_LANES[0].u_mac_lane/prod_reg_reg[5][2]/clk
pin:tr_soc_top_mx/u_dot/GEN_MAC_LANES[0].u_mac_lane/prod_reg_reg[5][3]/clk
pin:tr_soc_top_mx/u_dot/GEN_MAC_LANES[0].u_mac_lane/prod_reg_reg[5][4]/clk
pin:tr_soc_top_mx/u_dot/GEN_MAC_LANES[0].u_mac_lane/prod_reg_reg[5][5]/clk
pin:tr_soc_top_mx/u_dot/GEN_MAC_LANES[0].u_mac_lane/prod_reg_reg[5][6]/clk
pin:tr_soc_top_mx/u_dot/GEN_MAC_LANES[0].u_mac_lane/prod_reg_reg[5][7]/clk
pin:tr_soc_top_mx/u_dot/GEN_MAC_LANES[0].u_mac_lane/prod_reg_reg[5][8]/clk
pin:tr_soc_top_mx/u_dot/GEN_MAC_LANES[0].u_mac_lane/prod_reg_reg[5][9]/clk
pin:tr_soc_top_mx/u_dot/GEN_MAC_LANES[0].u_mac_lane/prod_reg_reg[5][10]/clk
pin:tr_soc_top_mx/u_dot/GEN_MAC_LANES[0].u_mac_lane/prod_reg_reg[5][11]/clk
pin:tr_soc_top_mx/u_dot/GEN_MAC_LANES[0].u_mac_lane/prod_reg_reg[5][12]/clk
pin:tr_soc_top_mx/u_dot/GEN_MAC_LANES[0].u_mac_lane/prod_reg_reg[5][13]/clk
pin:tr_soc_top_mx/u_dot/GEN_MAC_LANES[0].u_mac_lane/prod_reg_reg[5][14]/clk
pin:tr_soc_top_mx/u_dot/GEN_MAC_LANES[0].u_mac_lane/prod_reg_reg[5][15]/clk
pin:tr_soc_top_mx/u_dot/GEN_MAC_LANES[0].u_mac_lane/prod_reg_reg[5][16]/clk
pin:tr_soc_top_mx/u_dot/GEN_MAC_LANES[0].u_mac_lane/prod_reg_reg[5][17]/clk
pin:tr_soc_top_mx/u_dot/GEN_MAC_LANES[0].u_mac_lane/prod_reg_reg[4][0]/clk
pin:tr_soc_top_mx/u_dot/GEN_MAC_LANES[0].u_mac_lane/prod_reg_reg[4][1]/clk
pin:tr_soc_top_mx/u_dot/GEN_MAC_LANES[0].u_mac_lane/prod_reg_reg[4][2]/clk
pin:tr_soc_top_mx/u_dot/GEN_MAC_LANES[0].u_mac_lane/prod_reg_reg[4][3]/clk
pin:tr_soc_top_mx/u_dot/GEN_MAC_LANES[0].u_mac_lane/prod_reg_reg[4][4]/clk
pin:tr_soc_top_mx/u_dot/GEN_MAC_LANES[0].u_mac_lane/prod_reg_reg[4][5]/clk
pin:tr_soc_top_mx/u_dot/GEN_MAC_LANES[0].u_mac_lane/prod_reg_reg[4][6]/clk
pin:tr_soc_top_mx/u_dot/GEN_MAC_LANES[0].u_mac_lane/prod_reg_reg[4][7]/clk
pin:tr_soc_top_mx/u_dot/GEN_MAC_LANES[0].u_mac_lane/prod_reg_reg[4][8]/clk
pin:tr_soc_top_mx/u_dot/GEN_MAC_LANES[0].u_mac_lane/prod_reg_reg[4][9]/clk
pin:tr_soc_top_mx/u_dot/GEN_MAC_LANES[0].u_mac_lane/prod_reg_reg[4][10]/clk
pin:tr_soc_top_mx/u_dot/GEN_MAC_LANES[0].u_mac_lane/prod_reg_reg[4][11]/clk
pin:tr_soc_top_mx/u_dot/GEN_MAC_LANES[0].u_mac_lane/prod_reg_reg[4][12]/clk
pin:tr_soc_top_mx/u_dot/GEN_MAC_LANES[0].u_mac_lane/prod_reg_reg[4][13]/clk
pin:tr_soc_top_mx/u_dot/GEN_MAC_LANES[0].u_mac_lane/prod_reg_reg[4][14]/clk
pin:tr_soc_top_mx/u_dot/GEN_MAC_LANES[0].u_mac_lane/prod_reg_reg[4][15]/clk
pin:tr_soc_top_mx/u_dot/GEN_MAC_LANES[0].u_mac_lane/prod_reg_reg[4][16]/clk
pin:tr_soc_top_mx/u_dot/GEN_MAC_LANES[0].u_mac_lane/prod_reg_reg[4][17]/clk
pin:tr_soc_top_mx/u_dot/GEN_MAC_LANES[0].u_mac_lane/prod_reg_reg[3][0]/clk
pin:tr_soc_top_mx/u_dot/GEN_MAC_LANES[0].u_mac_lane/prod_reg_reg[3][1]/clk
pin:tr_soc_top_mx/u_dot/GEN_MAC_LANES[0].u_mac_lane/prod_reg_reg[3][2]/clk
pin:tr_soc_top_mx/u_dot/GEN_MAC_LANES[0].u_mac_lane/prod_reg_reg[3][3]/clk
pin:tr_soc_top_mx/u_dot/GEN_MAC_LANES[0].u_mac_lane/prod_reg_reg[3][4]/clk
pin:tr_soc_top_mx/u_dot/GEN_MAC_LANES[0].u_mac_lane/prod_reg_reg[3][5]/clk
pin:tr_soc_top_mx/u_dot/GEN_MAC_LANES[0].u_mac_lane/prod_reg_reg[3][6]/clk
pin:tr_soc_top_mx/u_dot/GEN_MAC_LANES[0].u_mac_lane/prod_reg_reg[3][7]/clk
pin:tr_soc_top_mx/u_dot/GEN_MAC_LANES[0].u_mac_lane/prod_reg_reg[3][8]/clk
pin:tr_soc_top_mx/u_dot/GEN_MAC_LANES[0].u_mac_lane/prod_reg_reg[3][9]/clk
pin:tr_soc_top_mx/u_dot/GEN_MAC_LANES[0].u_mac_lane/prod_reg_reg[3][10]/clk
pin:tr_soc_top_mx/u_dot/GEN_MAC_LANES[0].u_mac_lane/prod_reg_reg[3][11]/clk
pin:tr_soc_top_mx/u_dot/GEN_MAC_LANES[0].u_mac_lane/prod_reg_reg[3][12]/clk
pin:tr_soc_top_mx/u_dot/GEN_MAC_LANES[0].u_mac_lane/prod_reg_reg[3][13]/clk
pin:tr_soc_top_mx/u_dot/GEN_MAC_LANES[0].u_mac_lane/prod_reg_reg[3][14]/clk
pin:tr_soc_top_mx/u_dot/GEN_MAC_LANES[0].u_mac_lane/prod_reg_reg[3][15]/clk
pin:tr_soc_top_mx/u_dot/GEN_MAC_LANES[0].u_mac_lane/prod_reg_reg[3][16]/clk
pin:tr_soc_top_mx/u_dot/GEN_MAC_LANES[0].u_mac_lane/prod_reg_reg[3][17]/clk
pin:tr_soc_top_mx/u_dot/GEN_MAC_LANES[0].u_mac_lane/prod_reg_reg[2][0]/clk
pin:tr_soc_top_mx/u_dot/GEN_MAC_LANES[0].u_mac_lane/prod_reg_reg[2][1]/clk
pin:tr_soc_top_mx/u_dot/GEN_MAC_LANES[0].u_mac_lane/prod_reg_reg[2][2]/clk
pin:tr_soc_top_mx/u_dot/GEN_MAC_LANES[0].u_mac_lane/prod_reg_reg[2][3]/clk
pin:tr_soc_top_mx/u_dot/GEN_MAC_LANES[0].u_mac_lane/prod_reg_reg[2][4]/clk
pin:tr_soc_top_mx/u_dot/GEN_MAC_LANES[0].u_mac_lane/prod_reg_reg[2][5]/clk
pin:tr_soc_top_mx/u_dot/GEN_MAC_LANES[0].u_mac_lane/prod_reg_reg[2][6]/clk
pin:tr_soc_top_mx/u_dot/GEN_MAC_LANES[0].u_mac_lane/prod_reg_reg[2][7]/clk
pin:tr_soc_top_mx/u_dot/GEN_MAC_LANES[0].u_mac_lane/prod_reg_reg[2][8]/clk
pin:tr_soc_top_mx/u_dot/GEN_MAC_LANES[0].u_mac_lane/prod_reg_reg[2][9]/clk
pin:tr_soc_top_mx/u_dot/GEN_MAC_LANES[0].u_mac_lane/prod_reg_reg[2][10]/clk
pin:tr_soc_top_mx/u_dot/GEN_MAC_LANES[0].u_mac_lane/prod_reg_reg[2][11]/clk
pin:tr_soc_top_mx/u_dot/GEN_MAC_LANES[0].u_mac_lane/prod_reg_reg[2][12]/clk
pin:tr_soc_top_mx/u_dot/GEN_MAC_LANES[0].u_mac_lane/prod_reg_reg[2][13]/clk
pin:tr_soc_top_mx/u_dot/GEN_MAC_LANES[0].u_mac_lane/prod_reg_reg[2][14]/clk
pin:tr_soc_top_mx/u_dot/GEN_MAC_LANES[0].u_mac_lane/prod_reg_reg[2][15]/clk
pin:tr_soc_top_mx/u_dot/GEN_MAC_LANES[0].u_mac_lane/prod_reg_reg[2][16]/clk
pin:tr_soc_top_mx/u_dot/GEN_MAC_LANES[0].u_mac_lane/prod_reg_reg[2][17]/clk
pin:tr_soc_top_mx/u_dot/GEN_MAC_LANES[0].u_mac_lane/prod_reg_reg[1][0]/clk
pin:tr_soc_top_mx/u_dot/GEN_MAC_LANES[0].u_mac_lane/prod_reg_reg[1][1]/clk
pin:tr_soc_top_mx/u_dot/GEN_MAC_LANES[0].u_mac_lane/prod_reg_reg[1][2]/clk
pin:tr_soc_top_mx/u_dot/GEN_MAC_LANES[0].u_mac_lane/prod_reg_reg[1][3]/clk
pin:tr_soc_top_mx/u_dot/GEN_MAC_LANES[0].u_mac_lane/prod_reg_reg[1][4]/clk
pin:tr_soc_top_mx/u_dot/GEN_MAC_LANES[0].u_mac_lane/prod_reg_reg[1][5]/clk
pin:tr_soc_top_mx/u_dot/GEN_MAC_LANES[0].u_mac_lane/prod_reg_reg[1][6]/clk
pin:tr_soc_top_mx/u_dot/GEN_MAC_LANES[0].u_mac_lane/prod_reg_reg[1][7]/clk
pin:tr_soc_top_mx/u_dot/GEN_MAC_LANES[0].u_mac_lane/prod_reg_reg[1][8]/clk
pin:tr_soc_top_mx/u_dot/GEN_MAC_LANES[0].u_mac_lane/prod_reg_reg[1][9]/clk
pin:tr_soc_top_mx/u_dot/GEN_MAC_LANES[0].u_mac_lane/prod_reg_reg[1][10]/clk
pin:tr_soc_top_mx/u_dot/GEN_MAC_LANES[0].u_mac_lane/prod_reg_reg[1][11]/clk
pin:tr_soc_top_mx/u_dot/GEN_MAC_LANES[0].u_mac_lane/prod_reg_reg[1][12]/clk
pin:tr_soc_top_mx/u_dot/GEN_MAC_LANES[0].u_mac_lane/prod_reg_reg[1][13]/clk
pin:tr_soc_top_mx/u_dot/GEN_MAC_LANES[0].u_mac_lane/prod_reg_reg[1][14]/clk
pin:tr_soc_top_mx/u_dot/GEN_MAC_LANES[0].u_mac_lane/prod_reg_reg[1][15]/clk
pin:tr_soc_top_mx/u_dot/GEN_MAC_LANES[0].u_mac_lane/prod_reg_reg[1][16]/clk
pin:tr_soc_top_mx/u_dot/GEN_MAC_LANES[0].u_mac_lane/prod_reg_reg[1][17]/clk
pin:tr_soc_top_mx/u_dot/GEN_MAC_LANES[0].u_mac_lane/prod_reg_reg[0][0]/clk
pin:tr_soc_top_mx/u_dot/GEN_MAC_LANES[0].u_mac_lane/prod_reg_reg[0][1]/clk
pin:tr_soc_top_mx/u_dot/GEN_MAC_LANES[0].u_mac_lane/prod_reg_reg[0][2]/clk
pin:tr_soc_top_mx/u_dot/GEN_MAC_LANES[0].u_mac_lane/prod_reg_reg[0][3]/clk
pin:tr_soc_top_mx/u_dot/GEN_MAC_LANES[0].u_mac_lane/prod_reg_reg[0][4]/clk
pin:tr_soc_top_mx/u_dot/GEN_MAC_LANES[0].u_mac_lane/prod_reg_reg[0][5]/clk
pin:tr_soc_top_mx/u_dot/GEN_MAC_LANES[0].u_mac_lane/prod_reg_reg[0][6]/clk
pin:tr_soc_top_mx/u_dot/GEN_MAC_LANES[0].u_mac_lane/prod_reg_reg[0][7]/clk
pin:tr_soc_top_mx/u_dot/GEN_MAC_LANES[0].u_mac_lane/prod_reg_reg[0][8]/clk
pin:tr_soc_top_mx/u_dot/GEN_MAC_LANES[0].u_mac_lane/prod_reg_reg[0][9]/clk
pin:tr_soc_top_mx/u_dot/GEN_MAC_LANES[0].u_mac_lane/prod_reg_reg[0][10]/clk
pin:tr_soc_top_mx/u_dot/GEN_MAC_LANES[0].u_mac_lane/prod_reg_reg[0][11]/clk
pin:tr_soc_top_mx/u_dot/GEN_MAC_LANES[0].u_mac_lane/prod_reg_reg[0][12]/clk
pin:tr_soc_top_mx/u_dot/GEN_MAC_LANES[0].u_mac_lane/prod_reg_reg[0][13]/clk
pin:tr_soc_top_mx/u_dot/GEN_MAC_LANES[0].u_mac_lane/prod_reg_reg[0][14]/clk
pin:tr_soc_top_mx/u_dot/GEN_MAC_LANES[0].u_mac_lane/prod_reg_reg[0][15]/clk
pin:tr_soc_top_mx/u_dot/GEN_MAC_LANES[0].u_mac_lane/prod_reg_reg[0][16]/clk
pin:tr_soc_top_mx/u_dot/GEN_MAC_LANES[0].u_mac_lane/prod_reg_reg[0][17]/clk
pin:tr_soc_top_mx/u_dot/GEN_MAC_LANES[0].u_mac_lane/c_reg2_reg[0]/clk
pin:tr_soc_top_mx/u_dot/GEN_MAC_LANES[0].u_mac_lane/c_reg2_reg[1]/clk
pin:tr_soc_top_mx/u_dot/GEN_MAC_LANES[0].u_mac_lane/c_reg2_reg[2]/clk
pin:tr_soc_top_mx/u_dot/GEN_MAC_LANES[0].u_mac_lane/c_reg2_reg[3]/clk
pin:tr_soc_top_mx/u_dot/GEN_MAC_LANES[0].u_mac_lane/c_reg2_reg[4]/clk
pin:tr_soc_top_mx/u_dot/GEN_MAC_LANES[0].u_mac_lane/c_reg2_reg[5]/clk
pin:tr_soc_top_mx/u_dot/GEN_MAC_LANES[0].u_mac_lane/c_reg2_reg[6]/clk
pin:tr_soc_top_mx/u_dot/GEN_MAC_LANES[0].u_mac_lane/c_reg2_reg[7]/clk
pin:tr_soc_top_mx/u_dot/GEN_MAC_LANES[0].u_mac_lane/c_reg2_reg[8]/clk
pin:tr_soc_top_mx/u_dot/GEN_MAC_LANES[0].u_mac_lane/c_reg2_reg[9]/clk
pin:tr_soc_top_mx/u_dot/GEN_MAC_LANES[0].u_mac_lane/c_reg2_reg[10]/clk
pin:tr_soc_top_mx/u_dot/GEN_MAC_LANES[0].u_mac_lane/c_reg2_reg[11]/clk
pin:tr_soc_top_mx/u_dot/GEN_MAC_LANES[0].u_mac_lane/c_reg2_reg[12]/clk
pin:tr_soc_top_mx/u_dot/GEN_MAC_LANES[0].u_mac_lane/c_reg2_reg[13]/clk
pin:tr_soc_top_mx/u_dot/GEN_MAC_LANES[0].u_mac_lane/c_reg2_reg[14]/clk
pin:tr_soc_top_mx/u_dot/GEN_MAC_LANES[0].u_mac_lane/c_reg2_reg[15]/clk
pin:tr_soc_top_mx/u_dot/GEN_MAC_LANES[0].u_mac_lane/c_reg2_reg[16]/clk
pin:tr_soc_top_mx/u_dot/GEN_MAC_LANES[0].u_mac_lane/c_reg2_reg[17]/clk
pin:tr_soc_top_mx/u_dot/GEN_MAC_LANES[0].u_mac_lane/c_reg2_reg[18]/clk
pin:tr_soc_top_mx/u_dot/GEN_MAC_LANES[0].u_mac_lane/c_reg2_reg[19]/clk
pin:tr_soc_top_mx/u_dot/GEN_MAC_LANES[0].u_mac_lane/c_reg2_reg[20]/clk
pin:tr_soc_top_mx/u_dot/GEN_MAC_LANES[0].u_mac_lane/c_reg2_reg[21]/clk
pin:tr_soc_top_mx/u_dot/GEN_MAC_LANES[0].u_mac_lane/c_reg2_reg[22]/clk
pin:tr_soc_top_mx/u_dot/GEN_MAC_LANES[0].u_mac_lane/c_reg2_reg[23]/clk
pin:tr_soc_top_mx/u_dot/GEN_MAC_LANES[0].u_mac_lane/c_reg2_reg[24]/clk
pin:tr_soc_top_mx/u_dot/GEN_MAC_LANES[0].u_mac_lane/c_reg2_reg[25]/clk
pin:tr_soc_top_mx/u_dot/GEN_MAC_LANES[0].u_mac_lane/c_reg2_reg[26]/clk
pin:tr_soc_top_mx/u_dot/GEN_MAC_LANES[0].u_mac_lane/c_reg2_reg[27]/clk
pin:tr_soc_top_mx/u_dot/GEN_MAC_LANES[0].u_mac_lane/c_reg2_reg[28]/clk
pin:tr_soc_top_mx/u_dot/GEN_MAC_LANES[0].u_mac_lane/c_reg2_reg[29]/clk
pin:tr_soc_top_mx/u_dot/GEN_MAC_LANES[0].u_mac_lane/c_reg2_reg[30]/clk
pin:tr_soc_top_mx/u_dot/GEN_MAC_LANES[0].u_mac_lane/c_reg2_reg[31]/clk
pin:tr_soc_top_mx/u_dot/GEN_MAC_LANES[0].u_mac_lane/v2_reg/clk
pin:tr_soc_top_mx/u_dot/GEN_MAC_LANES[0].u_mac_lane/clr2_reg/clk
pin:tr_soc_top_mx/u_dot/GEN_MAC_LANES[0].u_mac_lane/vec_sum_reg_reg[0]/clk
pin:tr_soc_top_mx/u_dot/GEN_MAC_LANES[0].u_mac_lane/vec_sum_reg_reg[1]/clk
pin:tr_soc_top_mx/u_dot/GEN_MAC_LANES[0].u_mac_lane/vec_sum_reg_reg[2]/clk
pin:tr_soc_top_mx/u_dot/GEN_MAC_LANES[0].u_mac_lane/vec_sum_reg_reg[3]/clk
pin:tr_soc_top_mx/u_dot/GEN_MAC_LANES[0].u_mac_lane/vec_sum_reg_reg[4]/clk
pin:tr_soc_top_mx/u_dot/GEN_MAC_LANES[0].u_mac_lane/vec_sum_reg_reg[5]/clk
pin:tr_soc_top_mx/u_dot/GEN_MAC_LANES[0].u_mac_lane/vec_sum_reg_reg[6]/clk
pin:tr_soc_top_mx/u_dot/GEN_MAC_LANES[0].u_mac_lane/vec_sum_reg_reg[7]/clk
pin:tr_soc_top_mx/u_dot/GEN_MAC_LANES[0].u_mac_lane/vec_sum_reg_reg[8]/clk
pin:tr_soc_top_mx/u_dot/GEN_MAC_LANES[0].u_mac_lane/vec_sum_reg_reg[9]/clk
pin:tr_soc_top_mx/u_dot/GEN_MAC_LANES[0].u_mac_lane/vec_sum_reg_reg[10]/clk
pin:tr_soc_top_mx/u_dot/GEN_MAC_LANES[0].u_mac_lane/vec_sum_reg_reg[11]/clk
pin:tr_soc_top_mx/u_dot/GEN_MAC_LANES[0].u_mac_lane/vec_sum_reg_reg[12]/clk
pin:tr_soc_top_mx/u_dot/GEN_MAC_LANES[0].u_mac_lane/vec_sum_reg_reg[13]/clk
pin:tr_soc_top_mx/u_dot/GEN_MAC_LANES[0].u_mac_lane/vec_sum_reg_reg[14]/clk
pin:tr_soc_top_mx/u_dot/GEN_MAC_LANES[0].u_mac_lane/vec_sum_reg_reg[15]/clk
pin:tr_soc_top_mx/u_dot/GEN_MAC_LANES[0].u_mac_lane/vec_sum_reg_reg[16]/clk
pin:tr_soc_top_mx/u_dot/GEN_MAC_LANES[0].u_mac_lane/vec_sum_reg_reg[17]/clk
pin:tr_soc_top_mx/u_dot/GEN_MAC_LANES[0].u_mac_lane/vec_sum_reg_reg[18]/clk
pin:tr_soc_top_mx/u_dot/GEN_MAC_LANES[0].u_mac_lane/vec_sum_reg_reg[19]/clk
pin:tr_soc_top_mx/u_dot/GEN_MAC_LANES[0].u_mac_lane/vec_sum_reg_reg[20]/clk
pin:tr_soc_top_mx/u_dot/GEN_MAC_LANES[0].u_mac_lane/vec_sum_reg_reg[21]/clk
pin:tr_soc_top_mx/u_dot/GEN_MAC_LANES[0].u_mac_lane/vec_sum_reg_reg[22]/clk
pin:tr_soc_top_mx/u_dot/GEN_MAC_LANES[0].u_mac_lane/vec_sum_reg_reg[23]/clk
pin:tr_soc_top_mx/u_dot/GEN_MAC_LANES[0].u_mac_lane/vec_sum_reg_reg[24]/clk
pin:tr_soc_top_mx/u_dot/GEN_MAC_LANES[0].u_mac_lane/vec_sum_reg_reg[25]/clk
pin:tr_soc_top_mx/u_dot/GEN_MAC_LANES[0].u_mac_lane/vec_sum_reg_reg[26]/clk
pin:tr_soc_top_mx/u_dot/GEN_MAC_LANES[0].u_mac_lane/vec_sum_reg_reg[27]/clk
pin:tr_soc_top_mx/u_dot/GEN_MAC_LANES[0].u_mac_lane/vec_sum_reg_reg[28]/clk
pin:tr_soc_top_mx/u_dot/GEN_MAC_LANES[0].u_mac_lane/vec_sum_reg_reg[29]/clk
pin:tr_soc_top_mx/u_dot/GEN_MAC_LANES[0].u_mac_lane/vec_sum_reg_reg[30]/clk
pin:tr_soc_top_mx/u_dot/GEN_MAC_LANES[0].u_mac_lane/vec_sum_reg_reg[31]/clk
pin:tr_soc_top_mx/u_dot/GEN_MAC_LANES[0].u_mac_lane/c_reg3_reg[0]/clk
pin:tr_soc_top_mx/u_dot/GEN_MAC_LANES[0].u_mac_lane/c_reg3_reg[1]/clk
pin:tr_soc_top_mx/u_dot/GEN_MAC_LANES[0].u_mac_lane/c_reg3_reg[2]/clk
pin:tr_soc_top_mx/u_dot/GEN_MAC_LANES[0].u_mac_lane/c_reg3_reg[3]/clk
pin:tr_soc_top_mx/u_dot/GEN_MAC_LANES[0].u_mac_lane/c_reg3_reg[4]/clk
pin:tr_soc_top_mx/u_dot/GEN_MAC_LANES[0].u_mac_lane/c_reg3_reg[5]/clk
pin:tr_soc_top_mx/u_dot/GEN_MAC_LANES[0].u_mac_lane/c_reg3_reg[6]/clk
pin:tr_soc_top_mx/u_dot/GEN_MAC_LANES[0].u_mac_lane/c_reg3_reg[7]/clk
pin:tr_soc_top_mx/u_dot/GEN_MAC_LANES[0].u_mac_lane/c_reg3_reg[8]/clk
pin:tr_soc_top_mx/u_dot/GEN_MAC_LANES[0].u_mac_lane/c_reg3_reg[9]/clk
pin:tr_soc_top_mx/u_dot/GEN_MAC_LANES[0].u_mac_lane/c_reg3_reg[10]/clk
pin:tr_soc_top_mx/u_dot/GEN_MAC_LANES[0].u_mac_lane/c_reg3_reg[11]/clk
pin:tr_soc_top_mx/u_dot/GEN_MAC_LANES[0].u_mac_lane/c_reg3_reg[12]/clk
pin:tr_soc_top_mx/u_dot/GEN_MAC_LANES[0].u_mac_lane/c_reg3_reg[13]/clk
pin:tr_soc_top_mx/u_dot/GEN_MAC_LANES[0].u_mac_lane/c_reg3_reg[14]/clk
pin:tr_soc_top_mx/u_dot/GEN_MAC_LANES[0].u_mac_lane/c_reg3_reg[15]/clk
pin:tr_soc_top_mx/u_dot/GEN_MAC_LANES[0].u_mac_lane/c_reg3_reg[16]/clk
pin:tr_soc_top_mx/u_dot/GEN_MAC_LANES[0].u_mac_lane/c_reg3_reg[17]/clk
pin:tr_soc_top_mx/u_dot/GEN_MAC_LANES[0].u_mac_lane/c_reg3_reg[18]/clk
pin:tr_soc_top_mx/u_dot/GEN_MAC_LANES[0].u_mac_lane/c_reg3_reg[19]/clk
pin:tr_soc_top_mx/u_dot/GEN_MAC_LANES[0].u_mac_lane/c_reg3_reg[20]/clk
pin:tr_soc_top_mx/u_dot/GEN_MAC_LANES[0].u_mac_lane/c_reg3_reg[21]/clk
pin:tr_soc_top_mx/u_dot/GEN_MAC_LANES[0].u_mac_lane/c_reg3_reg[22]/clk
pin:tr_soc_top_mx/u_dot/GEN_MAC_LANES[0].u_mac_lane/c_reg3_reg[23]/clk
pin:tr_soc_top_mx/u_dot/GEN_MAC_LANES[0].u_mac_lane/c_reg3_reg[24]/clk
pin:tr_soc_top_mx/u_dot/GEN_MAC_LANES[0].u_mac_lane/c_reg3_reg[25]/clk
pin:tr_soc_top_mx/u_dot/GEN_MAC_LANES[0].u_mac_lane/c_reg3_reg[26]/clk
pin:tr_soc_top_mx/u_dot/GEN_MAC_LANES[0].u_mac_lane/c_reg3_reg[27]/clk
pin:tr_soc_top_mx/u_dot/GEN_MAC_LANES[0].u_mac_lane/c_reg3_reg[28]/clk
pin:tr_soc_top_mx/u_dot/GEN_MAC_LANES[0].u_mac_lane/c_reg3_reg[29]/clk
pin:tr_soc_top_mx/u_dot/GEN_MAC_LANES[0].u_mac_lane/c_reg3_reg[30]/clk
pin:tr_soc_top_mx/u_dot/GEN_MAC_LANES[0].u_mac_lane/c_reg3_reg[31]/clk
pin:tr_soc_top_mx/u_dot/GEN_MAC_LANES[0].u_mac_lane/v3_reg/clk
pin:tr_soc_top_mx/u_dot/GEN_MAC_LANES[0].u_mac_lane/clr3_reg/clk
pin:tr_soc_top_mx/u_dot/GEN_MAC_LANES[0].u_mac_lane/out_valid_reg/clk
pin:tr_soc_top_mx/u_dot/GEN_MAC_LANES[0].u_mac_lane/out_dot_reg[0]/clk
pin:tr_soc_top_mx/u_dot/GEN_MAC_LANES[0].u_mac_lane/out_dot_reg[1]/clk
pin:tr_soc_top_mx/u_dot/GEN_MAC_LANES[0].u_mac_lane/out_dot_reg[2]/clk
pin:tr_soc_top_mx/u_dot/GEN_MAC_LANES[0].u_mac_lane/out_dot_reg[3]/clk
pin:tr_soc_top_mx/u_dot/GEN_MAC_LANES[0].u_mac_lane/out_dot_reg[4]/clk
pin:tr_soc_top_mx/u_dot/GEN_MAC_LANES[0].u_mac_lane/out_dot_reg[5]/clk
pin:tr_soc_top_mx/u_dot/GEN_MAC_LANES[0].u_mac_lane/out_dot_reg[6]/clk
pin:tr_soc_top_mx/u_dot/GEN_MAC_LANES[0].u_mac_lane/out_dot_reg[7]/clk
pin:tr_soc_top_mx/u_dot/GEN_MAC_LANES[0].u_mac_lane/out_dot_reg[8]/clk
pin:tr_soc_top_mx/u_dot/GEN_MAC_LANES[0].u_mac_lane/out_dot_reg[9]/clk
pin:tr_soc_top_mx/u_dot/GEN_MAC_LANES[0].u_mac_lane/out_dot_reg[10]/clk
pin:tr_soc_top_mx/u_dot/GEN_MAC_LANES[0].u_mac_lane/out_dot_reg[11]/clk
pin:tr_soc_top_mx/u_dot/GEN_MAC_LANES[0].u_mac_lane/out_dot_reg[12]/clk
pin:tr_soc_top_mx/u_dot/GEN_MAC_LANES[0].u_mac_lane/out_dot_reg[13]/clk
pin:tr_soc_top_mx/u_dot/GEN_MAC_LANES[0].u_mac_lane/out_dot_reg[14]/clk
pin:tr_soc_top_mx/u_dot/GEN_MAC_LANES[0].u_mac_lane/out_dot_reg[15]/clk
pin:tr_soc_top_mx/u_dot/GEN_MAC_LANES[0].u_mac_lane/out_dot_reg[16]/clk
pin:tr_soc_top_mx/u_dot/GEN_MAC_LANES[0].u_mac_lane/out_dot_reg[17]/clk
pin:tr_soc_top_mx/u_dot/GEN_MAC_LANES[0].u_mac_lane/out_dot_reg[18]/clk
pin:tr_soc_top_mx/u_dot/GEN_MAC_LANES[0].u_mac_lane/out_dot_reg[19]/clk
pin:tr_soc_top_mx/u_dot/GEN_MAC_LANES[0].u_mac_lane/out_dot_reg[20]/clk
pin:tr_soc_top_mx/u_dot/GEN_MAC_LANES[0].u_mac_lane/out_dot_reg[21]/clk
pin:tr_soc_top_mx/u_dot/GEN_MAC_LANES[0].u_mac_lane/out_dot_reg[22]/clk
pin:tr_soc_top_mx/u_dot/GEN_MAC_LANES[0].u_mac_lane/out_dot_reg[23]/clk
pin:tr_soc_top_mx/u_dot/GEN_MAC_LANES[0].u_mac_lane/out_dot_reg[24]/clk
pin:tr_soc_top_mx/u_dot/GEN_MAC_LANES[0].u_mac_lane/out_dot_reg[25]/clk
pin:tr_soc_top_mx/u_dot/GEN_MAC_LANES[0].u_mac_lane/out_dot_reg[26]/clk
pin:tr_soc_top_mx/u_dot/GEN_MAC_LANES[0].u_mac_lane/out_dot_reg[27]/clk
pin:tr_soc_top_mx/u_dot/GEN_MAC_LANES[0].u_mac_lane/out_dot_reg[28]/clk
pin:tr_soc_top_mx/u_dot/GEN_MAC_LANES[0].u_mac_lane/out_dot_reg[29]/clk
pin:tr_soc_top_mx/u_dot/GEN_MAC_LANES[0].u_mac_lane/out_dot_reg[30]/clk
pin:tr_soc_top_mx/u_dot/GEN_MAC_LANES[0].u_mac_lane/out_dot_reg[31]/clk
pin:tr_soc_top_mx/u_dot/GEN_MAC_LANES[1].u_mac_lane/a_reg_reg[7][0]/clk
pin:tr_soc_top_mx/u_dot/GEN_MAC_LANES[1].u_mac_lane/a_reg_reg[7][1]/clk
pin:tr_soc_top_mx/u_dot/GEN_MAC_LANES[1].u_mac_lane/a_reg_reg[7][2]/clk
pin:tr_soc_top_mx/u_dot/GEN_MAC_LANES[1].u_mac_lane/a_reg_reg[7][3]/clk
pin:tr_soc_top_mx/u_dot/GEN_MAC_LANES[1].u_mac_lane/a_reg_reg[7][4]/clk
pin:tr_soc_top_mx/u_dot/GEN_MAC_LANES[1].u_mac_lane/a_reg_reg[7][5]/clk
pin:tr_soc_top_mx/u_dot/GEN_MAC_LANES[1].u_mac_lane/a_reg_reg[7][6]/clk
pin:tr_soc_top_mx/u_dot/GEN_MAC_LANES[1].u_mac_lane/a_reg_reg[7][7]/clk
pin:tr_soc_top_mx/u_dot/GEN_MAC_LANES[1].u_mac_lane/a_reg_reg[6][0]/clk
pin:tr_soc_top_mx/u_dot/GEN_MAC_LANES[1].u_mac_lane/a_reg_reg[6][1]/clk
pin:tr_soc_top_mx/u_dot/GEN_MAC_LANES[1].u_mac_lane/a_reg_reg[6][2]/clk
pin:tr_soc_top_mx/u_dot/GEN_MAC_LANES[1].u_mac_lane/a_reg_reg[6][3]/clk
pin:tr_soc_top_mx/u_dot/GEN_MAC_LANES[1].u_mac_lane/a_reg_reg[6][4]/clk
pin:tr_soc_top_mx/u_dot/GEN_MAC_LANES[1].u_mac_lane/a_reg_reg[6][5]/clk
pin:tr_soc_top_mx/u_dot/GEN_MAC_LANES[1].u_mac_lane/a_reg_reg[6][6]/clk
pin:tr_soc_top_mx/u_dot/GEN_MAC_LANES[1].u_mac_lane/a_reg_reg[6][7]/clk
pin:tr_soc_top_mx/u_dot/GEN_MAC_LANES[1].u_mac_lane/a_reg_reg[5][0]/clk
pin:tr_soc_top_mx/u_dot/GEN_MAC_LANES[1].u_mac_lane/a_reg_reg[5][1]/clk
pin:tr_soc_top_mx/u_dot/GEN_MAC_LANES[1].u_mac_lane/a_reg_reg[5][2]/clk
pin:tr_soc_top_mx/u_dot/GEN_MAC_LANES[1].u_mac_lane/a_reg_reg[5][3]/clk
pin:tr_soc_top_mx/u_dot/GEN_MAC_LANES[1].u_mac_lane/a_reg_reg[5][4]/clk
pin:tr_soc_top_mx/u_dot/GEN_MAC_LANES[1].u_mac_lane/a_reg_reg[5][5]/clk
pin:tr_soc_top_mx/u_dot/GEN_MAC_LANES[1].u_mac_lane/a_reg_reg[5][6]/clk
pin:tr_soc_top_mx/u_dot/GEN_MAC_LANES[1].u_mac_lane/a_reg_reg[5][7]/clk
pin:tr_soc_top_mx/u_dot/GEN_MAC_LANES[1].u_mac_lane/a_reg_reg[4][0]/clk
pin:tr_soc_top_mx/u_dot/GEN_MAC_LANES[1].u_mac_lane/a_reg_reg[4][1]/clk
pin:tr_soc_top_mx/u_dot/GEN_MAC_LANES[1].u_mac_lane/a_reg_reg[4][2]/clk
pin:tr_soc_top_mx/u_dot/GEN_MAC_LANES[1].u_mac_lane/a_reg_reg[4][3]/clk
pin:tr_soc_top_mx/u_dot/GEN_MAC_LANES[1].u_mac_lane/a_reg_reg[4][4]/clk
pin:tr_soc_top_mx/u_dot/GEN_MAC_LANES[1].u_mac_lane/a_reg_reg[4][5]/clk
pin:tr_soc_top_mx/u_dot/GEN_MAC_LANES[1].u_mac_lane/a_reg_reg[4][6]/clk
pin:tr_soc_top_mx/u_dot/GEN_MAC_LANES[1].u_mac_lane/a_reg_reg[4][7]/clk
pin:tr_soc_top_mx/u_dot/GEN_MAC_LANES[1].u_mac_lane/a_reg_reg[3][0]/clk
pin:tr_soc_top_mx/u_dot/GEN_MAC_LANES[1].u_mac_lane/a_reg_reg[3][1]/clk
pin:tr_soc_top_mx/u_dot/GEN_MAC_LANES[1].u_mac_lane/a_reg_reg[3][2]/clk
pin:tr_soc_top_mx/u_dot/GEN_MAC_LANES[1].u_mac_lane/a_reg_reg[3][3]/clk
pin:tr_soc_top_mx/u_dot/GEN_MAC_LANES[1].u_mac_lane/a_reg_reg[3][4]/clk
pin:tr_soc_top_mx/u_dot/GEN_MAC_LANES[1].u_mac_lane/a_reg_reg[3][5]/clk
pin:tr_soc_top_mx/u_dot/GEN_MAC_LANES[1].u_mac_lane/a_reg_reg[3][6]/clk
pin:tr_soc_top_mx/u_dot/GEN_MAC_LANES[1].u_mac_lane/a_reg_reg[3][7]/clk
pin:tr_soc_top_mx/u_dot/GEN_MAC_LANES[1].u_mac_lane/a_reg_reg[2][0]/clk
pin:tr_soc_top_mx/u_dot/GEN_MAC_LANES[1].u_mac_lane/a_reg_reg[2][1]/clk
pin:tr_soc_top_mx/u_dot/GEN_MAC_LANES[1].u_mac_lane/a_reg_reg[2][2]/clk
pin:tr_soc_top_mx/u_dot/GEN_MAC_LANES[1].u_mac_lane/a_reg_reg[2][3]/clk
pin:tr_soc_top_mx/u_dot/GEN_MAC_LANES[1].u_mac_lane/a_reg_reg[2][4]/clk
pin:tr_soc_top_mx/u_dot/GEN_MAC_LANES[1].u_mac_lane/a_reg_reg[2][5]/clk
pin:tr_soc_top_mx/u_dot/GEN_MAC_LANES[1].u_mac_lane/a_reg_reg[2][6]/clk
pin:tr_soc_top_mx/u_dot/GEN_MAC_LANES[1].u_mac_lane/a_reg_reg[2][7]/clk
pin:tr_soc_top_mx/u_dot/GEN_MAC_LANES[1].u_mac_lane/a_reg_reg[1][0]/clk
pin:tr_soc_top_mx/u_dot/GEN_MAC_LANES[1].u_mac_lane/a_reg_reg[1][1]/clk
pin:tr_soc_top_mx/u_dot/GEN_MAC_LANES[1].u_mac_lane/a_reg_reg[1][2]/clk
pin:tr_soc_top_mx/u_dot/GEN_MAC_LANES[1].u_mac_lane/a_reg_reg[1][3]/clk
pin:tr_soc_top_mx/u_dot/GEN_MAC_LANES[1].u_mac_lane/a_reg_reg[1][4]/clk
pin:tr_soc_top_mx/u_dot/GEN_MAC_LANES[1].u_mac_lane/a_reg_reg[1][5]/clk
pin:tr_soc_top_mx/u_dot/GEN_MAC_LANES[1].u_mac_lane/a_reg_reg[1][6]/clk
pin:tr_soc_top_mx/u_dot/GEN_MAC_LANES[1].u_mac_lane/a_reg_reg[1][7]/clk
pin:tr_soc_top_mx/u_dot/GEN_MAC_LANES[1].u_mac_lane/a_reg_reg[0][0]/clk
pin:tr_soc_top_mx/u_dot/GEN_MAC_LANES[1].u_mac_lane/a_reg_reg[0][1]/clk
pin:tr_soc_top_mx/u_dot/GEN_MAC_LANES[1].u_mac_lane/a_reg_reg[0][2]/clk
pin:tr_soc_top_mx/u_dot/GEN_MAC_LANES[1].u_mac_lane/a_reg_reg[0][3]/clk
pin:tr_soc_top_mx/u_dot/GEN_MAC_LANES[1].u_mac_lane/a_reg_reg[0][4]/clk
pin:tr_soc_top_mx/u_dot/GEN_MAC_LANES[1].u_mac_lane/a_reg_reg[0][5]/clk
pin:tr_soc_top_mx/u_dot/GEN_MAC_LANES[1].u_mac_lane/a_reg_reg[0][6]/clk
pin:tr_soc_top_mx/u_dot/GEN_MAC_LANES[1].u_mac_lane/a_reg_reg[0][7]/clk
pin:tr_soc_top_mx/u_dot/GEN_MAC_LANES[1].u_mac_lane/b_reg_reg[7][0]/clk
pin:tr_soc_top_mx/u_dot/GEN_MAC_LANES[1].u_mac_lane/b_reg_reg[7][1]/clk
pin:tr_soc_top_mx/u_dot/GEN_MAC_LANES[1].u_mac_lane/b_reg_reg[7][2]/clk
pin:tr_soc_top_mx/u_dot/GEN_MAC_LANES[1].u_mac_lane/b_reg_reg[7][3]/clk
pin:tr_soc_top_mx/u_dot/GEN_MAC_LANES[1].u_mac_lane/b_reg_reg[7][4]/clk
pin:tr_soc_top_mx/u_dot/GEN_MAC_LANES[1].u_mac_lane/b_reg_reg[7][5]/clk
pin:tr_soc_top_mx/u_dot/GEN_MAC_LANES[1].u_mac_lane/b_reg_reg[7][6]/clk
pin:tr_soc_top_mx/u_dot/GEN_MAC_LANES[1].u_mac_lane/b_reg_reg[7][7]/clk
pin:tr_soc_top_mx/u_dot/GEN_MAC_LANES[1].u_mac_lane/b_reg_reg[6][0]/clk
pin:tr_soc_top_mx/u_dot/GEN_MAC_LANES[1].u_mac_lane/b_reg_reg[6][1]/clk
pin:tr_soc_top_mx/u_dot/GEN_MAC_LANES[1].u_mac_lane/b_reg_reg[6][2]/clk
pin:tr_soc_top_mx/u_dot/GEN_MAC_LANES[1].u_mac_lane/b_reg_reg[6][3]/clk
pin:tr_soc_top_mx/u_dot/GEN_MAC_LANES[1].u_mac_lane/b_reg_reg[6][4]/clk
pin:tr_soc_top_mx/u_dot/GEN_MAC_LANES[1].u_mac_lane/b_reg_reg[6][5]/clk
pin:tr_soc_top_mx/u_dot/GEN_MAC_LANES[1].u_mac_lane/b_reg_reg[6][6]/clk
pin:tr_soc_top_mx/u_dot/GEN_MAC_LANES[1].u_mac_lane/b_reg_reg[6][7]/clk
pin:tr_soc_top_mx/u_dot/GEN_MAC_LANES[1].u_mac_lane/b_reg_reg[5][0]/clk
pin:tr_soc_top_mx/u_dot/GEN_MAC_LANES[1].u_mac_lane/b_reg_reg[5][1]/clk
pin:tr_soc_top_mx/u_dot/GEN_MAC_LANES[1].u_mac_lane/b_reg_reg[5][2]/clk
pin:tr_soc_top_mx/u_dot/GEN_MAC_LANES[1].u_mac_lane/b_reg_reg[5][3]/clk
pin:tr_soc_top_mx/u_dot/GEN_MAC_LANES[1].u_mac_lane/b_reg_reg[5][4]/clk
pin:tr_soc_top_mx/u_dot/GEN_MAC_LANES[1].u_mac_lane/b_reg_reg[5][5]/clk
pin:tr_soc_top_mx/u_dot/GEN_MAC_LANES[1].u_mac_lane/b_reg_reg[5][6]/clk
pin:tr_soc_top_mx/u_dot/GEN_MAC_LANES[1].u_mac_lane/b_reg_reg[5][7]/clk
pin:tr_soc_top_mx/u_dot/GEN_MAC_LANES[1].u_mac_lane/b_reg_reg[4][0]/clk
pin:tr_soc_top_mx/u_dot/GEN_MAC_LANES[1].u_mac_lane/b_reg_reg[4][1]/clk
pin:tr_soc_top_mx/u_dot/GEN_MAC_LANES[1].u_mac_lane/b_reg_reg[4][2]/clk
pin:tr_soc_top_mx/u_dot/GEN_MAC_LANES[1].u_mac_lane/b_reg_reg[4][3]/clk
pin:tr_soc_top_mx/u_dot/GEN_MAC_LANES[1].u_mac_lane/b_reg_reg[4][4]/clk
pin:tr_soc_top_mx/u_dot/GEN_MAC_LANES[1].u_mac_lane/b_reg_reg[4][5]/clk
pin:tr_soc_top_mx/u_dot/GEN_MAC_LANES[1].u_mac_lane/b_reg_reg[4][6]/clk
pin:tr_soc_top_mx/u_dot/GEN_MAC_LANES[1].u_mac_lane/b_reg_reg[4][7]/clk
pin:tr_soc_top_mx/u_dot/GEN_MAC_LANES[1].u_mac_lane/b_reg_reg[3][0]/clk
pin:tr_soc_top_mx/u_dot/GEN_MAC_LANES[1].u_mac_lane/b_reg_reg[3][1]/clk
pin:tr_soc_top_mx/u_dot/GEN_MAC_LANES[1].u_mac_lane/b_reg_reg[3][2]/clk
pin:tr_soc_top_mx/u_dot/GEN_MAC_LANES[1].u_mac_lane/b_reg_reg[3][3]/clk
pin:tr_soc_top_mx/u_dot/GEN_MAC_LANES[1].u_mac_lane/b_reg_reg[3][4]/clk
pin:tr_soc_top_mx/u_dot/GEN_MAC_LANES[1].u_mac_lane/b_reg_reg[3][5]/clk
pin:tr_soc_top_mx/u_dot/GEN_MAC_LANES[1].u_mac_lane/b_reg_reg[3][6]/clk
pin:tr_soc_top_mx/u_dot/GEN_MAC_LANES[1].u_mac_lane/b_reg_reg[3][7]/clk
pin:tr_soc_top_mx/u_dot/GEN_MAC_LANES[1].u_mac_lane/b_reg_reg[2][0]/clk
pin:tr_soc_top_mx/u_dot/GEN_MAC_LANES[1].u_mac_lane/b_reg_reg[2][1]/clk
pin:tr_soc_top_mx/u_dot/GEN_MAC_LANES[1].u_mac_lane/b_reg_reg[2][2]/clk
pin:tr_soc_top_mx/u_dot/GEN_MAC_LANES[1].u_mac_lane/b_reg_reg[2][3]/clk
pin:tr_soc_top_mx/u_dot/GEN_MAC_LANES[1].u_mac_lane/b_reg_reg[2][4]/clk
pin:tr_soc_top_mx/u_dot/GEN_MAC_LANES[1].u_mac_lane/b_reg_reg[2][5]/clk
pin:tr_soc_top_mx/u_dot/GEN_MAC_LANES[1].u_mac_lane/b_reg_reg[2][6]/clk
pin:tr_soc_top_mx/u_dot/GEN_MAC_LANES[1].u_mac_lane/b_reg_reg[2][7]/clk
pin:tr_soc_top_mx/u_dot/GEN_MAC_LANES[1].u_mac_lane/b_reg_reg[1][0]/clk
pin:tr_soc_top_mx/u_dot/GEN_MAC_LANES[1].u_mac_lane/b_reg_reg[1][1]/clk
pin:tr_soc_top_mx/u_dot/GEN_MAC_LANES[1].u_mac_lane/b_reg_reg[1][2]/clk
pin:tr_soc_top_mx/u_dot/GEN_MAC_LANES[1].u_mac_lane/b_reg_reg[1][3]/clk
pin:tr_soc_top_mx/u_dot/GEN_MAC_LANES[1].u_mac_lane/b_reg_reg[1][4]/clk
pin:tr_soc_top_mx/u_dot/GEN_MAC_LANES[1].u_mac_lane/b_reg_reg[1][5]/clk
pin:tr_soc_top_mx/u_dot/GEN_MAC_LANES[1].u_mac_lane/b_reg_reg[1][6]/clk
pin:tr_soc_top_mx/u_dot/GEN_MAC_LANES[1].u_mac_lane/b_reg_reg[1][7]/clk
pin:tr_soc_top_mx/u_dot/GEN_MAC_LANES[1].u_mac_lane/b_reg_reg[0][0]/clk
pin:tr_soc_top_mx/u_dot/GEN_MAC_LANES[1].u_mac_lane/b_reg_reg[0][1]/clk
pin:tr_soc_top_mx/u_dot/GEN_MAC_LANES[1].u_mac_lane/b_reg_reg[0][2]/clk
pin:tr_soc_top_mx/u_dot/GEN_MAC_LANES[1].u_mac_lane/b_reg_reg[0][3]/clk
pin:tr_soc_top_mx/u_dot/GEN_MAC_LANES[1].u_mac_lane/b_reg_reg[0][4]/clk
pin:tr_soc_top_mx/u_dot/GEN_MAC_LANES[1].u_mac_lane/b_reg_reg[0][5]/clk
pin:tr_soc_top_mx/u_dot/GEN_MAC_LANES[1].u_mac_lane/b_reg_reg[0][6]/clk
pin:tr_soc_top_mx/u_dot/GEN_MAC_LANES[1].u_mac_lane/b_reg_reg[0][7]/clk
pin:tr_soc_top_mx/u_dot/GEN_MAC_LANES[1].u_mac_lane/c_reg1_reg[0]/clk
pin:tr_soc_top_mx/u_dot/GEN_MAC_LANES[1].u_mac_lane/c_reg1_reg[1]/clk
pin:tr_soc_top_mx/u_dot/GEN_MAC_LANES[1].u_mac_lane/c_reg1_reg[2]/clk
pin:tr_soc_top_mx/u_dot/GEN_MAC_LANES[1].u_mac_lane/c_reg1_reg[3]/clk
pin:tr_soc_top_mx/u_dot/GEN_MAC_LANES[1].u_mac_lane/c_reg1_reg[4]/clk
pin:tr_soc_top_mx/u_dot/GEN_MAC_LANES[1].u_mac_lane/c_reg1_reg[5]/clk
pin:tr_soc_top_mx/u_dot/GEN_MAC_LANES[1].u_mac_lane/c_reg1_reg[6]/clk
pin:tr_soc_top_mx/u_dot/GEN_MAC_LANES[1].u_mac_lane/c_reg1_reg[7]/clk
pin:tr_soc_top_mx/u_dot/GEN_MAC_LANES[1].u_mac_lane/c_reg1_reg[8]/clk
pin:tr_soc_top_mx/u_dot/GEN_MAC_LANES[1].u_mac_lane/c_reg1_reg[9]/clk
pin:tr_soc_top_mx/u_dot/GEN_MAC_LANES[1].u_mac_lane/c_reg1_reg[10]/clk
pin:tr_soc_top_mx/u_dot/GEN_MAC_LANES[1].u_mac_lane/c_reg1_reg[11]/clk
pin:tr_soc_top_mx/u_dot/GEN_MAC_LANES[1].u_mac_lane/c_reg1_reg[12]/clk
pin:tr_soc_top_mx/u_dot/GEN_MAC_LANES[1].u_mac_lane/c_reg1_reg[13]/clk
pin:tr_soc_top_mx/u_dot/GEN_MAC_LANES[1].u_mac_lane/c_reg1_reg[14]/clk
pin:tr_soc_top_mx/u_dot/GEN_MAC_LANES[1].u_mac_lane/c_reg1_reg[15]/clk
pin:tr_soc_top_mx/u_dot/GEN_MAC_LANES[1].u_mac_lane/c_reg1_reg[16]/clk
pin:tr_soc_top_mx/u_dot/GEN_MAC_LANES[1].u_mac_lane/c_reg1_reg[17]/clk
pin:tr_soc_top_mx/u_dot/GEN_MAC_LANES[1].u_mac_lane/c_reg1_reg[18]/clk
pin:tr_soc_top_mx/u_dot/GEN_MAC_LANES[1].u_mac_lane/c_reg1_reg[19]/clk
pin:tr_soc_top_mx/u_dot/GEN_MAC_LANES[1].u_mac_lane/c_reg1_reg[20]/clk
pin:tr_soc_top_mx/u_dot/GEN_MAC_LANES[1].u_mac_lane/c_reg1_reg[21]/clk
pin:tr_soc_top_mx/u_dot/GEN_MAC_LANES[1].u_mac_lane/c_reg1_reg[22]/clk
pin:tr_soc_top_mx/u_dot/GEN_MAC_LANES[1].u_mac_lane/c_reg1_reg[23]/clk
pin:tr_soc_top_mx/u_dot/GEN_MAC_LANES[1].u_mac_lane/c_reg1_reg[24]/clk
pin:tr_soc_top_mx/u_dot/GEN_MAC_LANES[1].u_mac_lane/c_reg1_reg[25]/clk
pin:tr_soc_top_mx/u_dot/GEN_MAC_LANES[1].u_mac_lane/c_reg1_reg[26]/clk
pin:tr_soc_top_mx/u_dot/GEN_MAC_LANES[1].u_mac_lane/c_reg1_reg[27]/clk
pin:tr_soc_top_mx/u_dot/GEN_MAC_LANES[1].u_mac_lane/c_reg1_reg[28]/clk
pin:tr_soc_top_mx/u_dot/GEN_MAC_LANES[1].u_mac_lane/c_reg1_reg[29]/clk
pin:tr_soc_top_mx/u_dot/GEN_MAC_LANES[1].u_mac_lane/c_reg1_reg[30]/clk
pin:tr_soc_top_mx/u_dot/GEN_MAC_LANES[1].u_mac_lane/c_reg1_reg[31]/clk
pin:tr_soc_top_mx/u_dot/GEN_MAC_LANES[1].u_mac_lane/mode1_op_reg[0]/clk
pin:tr_soc_top_mx/u_dot/GEN_MAC_LANES[1].u_mac_lane/mode1_op_reg[1]/clk
pin:tr_soc_top_mx/u_dot/GEN_MAC_LANES[1].u_mac_lane/v1_reg/clk
pin:tr_soc_top_mx/u_dot/GEN_MAC_LANES[1].u_mac_lane/clr1_reg/clk
pin:tr_soc_top_mx/u_dot/GEN_MAC_LANES[1].u_mac_lane/prod_reg_reg[7][0]/clk
pin:tr_soc_top_mx/u_dot/GEN_MAC_LANES[1].u_mac_lane/prod_reg_reg[7][1]/clk
pin:tr_soc_top_mx/u_dot/GEN_MAC_LANES[1].u_mac_lane/prod_reg_reg[7][2]/clk
pin:tr_soc_top_mx/u_dot/GEN_MAC_LANES[1].u_mac_lane/prod_reg_reg[7][3]/clk
pin:tr_soc_top_mx/u_dot/GEN_MAC_LANES[1].u_mac_lane/prod_reg_reg[7][4]/clk
pin:tr_soc_top_mx/u_dot/GEN_MAC_LANES[1].u_mac_lane/prod_reg_reg[7][5]/clk
pin:tr_soc_top_mx/u_dot/GEN_MAC_LANES[1].u_mac_lane/prod_reg_reg[7][6]/clk
pin:tr_soc_top_mx/u_dot/GEN_MAC_LANES[1].u_mac_lane/prod_reg_reg[7][7]/clk
pin:tr_soc_top_mx/u_dot/GEN_MAC_LANES[1].u_mac_lane/prod_reg_reg[7][8]/clk
pin:tr_soc_top_mx/u_dot/GEN_MAC_LANES[1].u_mac_lane/prod_reg_reg[7][9]/clk
pin:tr_soc_top_mx/u_dot/GEN_MAC_LANES[1].u_mac_lane/prod_reg_reg[7][10]/clk
pin:tr_soc_top_mx/u_dot/GEN_MAC_LANES[1].u_mac_lane/prod_reg_reg[7][11]/clk
pin:tr_soc_top_mx/u_dot/GEN_MAC_LANES[1].u_mac_lane/prod_reg_reg[7][12]/clk
pin:tr_soc_top_mx/u_dot/GEN_MAC_LANES[1].u_mac_lane/prod_reg_reg[7][13]/clk
pin:tr_soc_top_mx/u_dot/GEN_MAC_LANES[1].u_mac_lane/prod_reg_reg[7][14]/clk
pin:tr_soc_top_mx/u_dot/GEN_MAC_LANES[1].u_mac_lane/prod_reg_reg[7][15]/clk
pin:tr_soc_top_mx/u_dot/GEN_MAC_LANES[1].u_mac_lane/prod_reg_reg[7][16]/clk
pin:tr_soc_top_mx/u_dot/GEN_MAC_LANES[1].u_mac_lane/prod_reg_reg[7][17]/clk
pin:tr_soc_top_mx/u_dot/GEN_MAC_LANES[1].u_mac_lane/prod_reg_reg[6][0]/clk
pin:tr_soc_top_mx/u_dot/GEN_MAC_LANES[1].u_mac_lane/prod_reg_reg[6][1]/clk
pin:tr_soc_top_mx/u_dot/GEN_MAC_LANES[1].u_mac_lane/prod_reg_reg[6][2]/clk
pin:tr_soc_top_mx/u_dot/GEN_MAC_LANES[1].u_mac_lane/prod_reg_reg[6][3]/clk
pin:tr_soc_top_mx/u_dot/GEN_MAC_LANES[1].u_mac_lane/prod_reg_reg[6][4]/clk
pin:tr_soc_top_mx/u_dot/GEN_MAC_LANES[1].u_mac_lane/prod_reg_reg[6][5]/clk
pin:tr_soc_top_mx/u_dot/GEN_MAC_LANES[1].u_mac_lane/prod_reg_reg[6][6]/clk
pin:tr_soc_top_mx/u_dot/GEN_MAC_LANES[1].u_mac_lane/prod_reg_reg[6][7]/clk
pin:tr_soc_top_mx/u_dot/GEN_MAC_LANES[1].u_mac_lane/prod_reg_reg[6][8]/clk
pin:tr_soc_top_mx/u_dot/GEN_MAC_LANES[1].u_mac_lane/prod_reg_reg[6][9]/clk
pin:tr_soc_top_mx/u_dot/GEN_MAC_LANES[1].u_mac_lane/prod_reg_reg[6][10]/clk
pin:tr_soc_top_mx/u_dot/GEN_MAC_LANES[1].u_mac_lane/prod_reg_reg[6][11]/clk
pin:tr_soc_top_mx/u_dot/GEN_MAC_LANES[1].u_mac_lane/prod_reg_reg[6][12]/clk
pin:tr_soc_top_mx/u_dot/GEN_MAC_LANES[1].u_mac_lane/prod_reg_reg[6][13]/clk
pin:tr_soc_top_mx/u_dot/GEN_MAC_LANES[1].u_mac_lane/prod_reg_reg[6][14]/clk
pin:tr_soc_top_mx/u_dot/GEN_MAC_LANES[1].u_mac_lane/prod_reg_reg[6][15]/clk
pin:tr_soc_top_mx/u_dot/GEN_MAC_LANES[1].u_mac_lane/prod_reg_reg[6][16]/clk
pin:tr_soc_top_mx/u_dot/GEN_MAC_LANES[1].u_mac_lane/prod_reg_reg[6][17]/clk
pin:tr_soc_top_mx/u_dot/GEN_MAC_LANES[1].u_mac_lane/prod_reg_reg[5][0]/clk
pin:tr_soc_top_mx/u_dot/GEN_MAC_LANES[1].u_mac_lane/prod_reg_reg[5][1]/clk
pin:tr_soc_top_mx/u_dot/GEN_MAC_LANES[1].u_mac_lane/prod_reg_reg[5][2]/clk
pin:tr_soc_top_mx/u_dot/GEN_MAC_LANES[1].u_mac_lane/prod_reg_reg[5][3]/clk
pin:tr_soc_top_mx/u_dot/GEN_MAC_LANES[1].u_mac_lane/prod_reg_reg[5][4]/clk
pin:tr_soc_top_mx/u_dot/GEN_MAC_LANES[1].u_mac_lane/prod_reg_reg[5][5]/clk
pin:tr_soc_top_mx/u_dot/GEN_MAC_LANES[1].u_mac_lane/prod_reg_reg[5][6]/clk
pin:tr_soc_top_mx/u_dot/GEN_MAC_LANES[1].u_mac_lane/prod_reg_reg[5][7]/clk
pin:tr_soc_top_mx/u_dot/GEN_MAC_LANES[1].u_mac_lane/prod_reg_reg[5][8]/clk
pin:tr_soc_top_mx/u_dot/GEN_MAC_LANES[1].u_mac_lane/prod_reg_reg[5][9]/clk
pin:tr_soc_top_mx/u_dot/GEN_MAC_LANES[1].u_mac_lane/prod_reg_reg[5][10]/clk
pin:tr_soc_top_mx/u_dot/GEN_MAC_LANES[1].u_mac_lane/prod_reg_reg[5][11]/clk
pin:tr_soc_top_mx/u_dot/GEN_MAC_LANES[1].u_mac_lane/prod_reg_reg[5][12]/clk
pin:tr_soc_top_mx/u_dot/GEN_MAC_LANES[1].u_mac_lane/prod_reg_reg[5][13]/clk
pin:tr_soc_top_mx/u_dot/GEN_MAC_LANES[1].u_mac_lane/prod_reg_reg[5][14]/clk
pin:tr_soc_top_mx/u_dot/GEN_MAC_LANES[1].u_mac_lane/prod_reg_reg[5][15]/clk
pin:tr_soc_top_mx/u_dot/GEN_MAC_LANES[1].u_mac_lane/prod_reg_reg[5][16]/clk
pin:tr_soc_top_mx/u_dot/GEN_MAC_LANES[1].u_mac_lane/prod_reg_reg[5][17]/clk
pin:tr_soc_top_mx/u_dot/GEN_MAC_LANES[1].u_mac_lane/prod_reg_reg[4][0]/clk
pin:tr_soc_top_mx/u_dot/GEN_MAC_LANES[1].u_mac_lane/prod_reg_reg[4][1]/clk
pin:tr_soc_top_mx/u_dot/GEN_MAC_LANES[1].u_mac_lane/prod_reg_reg[4][2]/clk
pin:tr_soc_top_mx/u_dot/GEN_MAC_LANES[1].u_mac_lane/prod_reg_reg[4][3]/clk
pin:tr_soc_top_mx/u_dot/GEN_MAC_LANES[1].u_mac_lane/prod_reg_reg[4][4]/clk
pin:tr_soc_top_mx/u_dot/GEN_MAC_LANES[1].u_mac_lane/prod_reg_reg[4][5]/clk
pin:tr_soc_top_mx/u_dot/GEN_MAC_LANES[1].u_mac_lane/prod_reg_reg[4][6]/clk
pin:tr_soc_top_mx/u_dot/GEN_MAC_LANES[1].u_mac_lane/prod_reg_reg[4][7]/clk
pin:tr_soc_top_mx/u_dot/GEN_MAC_LANES[1].u_mac_lane/prod_reg_reg[4][8]/clk
pin:tr_soc_top_mx/u_dot/GEN_MAC_LANES[1].u_mac_lane/prod_reg_reg[4][9]/clk
pin:tr_soc_top_mx/u_dot/GEN_MAC_LANES[1].u_mac_lane/prod_reg_reg[4][10]/clk
pin:tr_soc_top_mx/u_dot/GEN_MAC_LANES[1].u_mac_lane/prod_reg_reg[4][11]/clk
pin:tr_soc_top_mx/u_dot/GEN_MAC_LANES[1].u_mac_lane/prod_reg_reg[4][12]/clk
pin:tr_soc_top_mx/u_dot/GEN_MAC_LANES[1].u_mac_lane/prod_reg_reg[4][13]/clk
pin:tr_soc_top_mx/u_dot/GEN_MAC_LANES[1].u_mac_lane/prod_reg_reg[4][14]/clk
pin:tr_soc_top_mx/u_dot/GEN_MAC_LANES[1].u_mac_lane/prod_reg_reg[4][15]/clk
pin:tr_soc_top_mx/u_dot/GEN_MAC_LANES[1].u_mac_lane/prod_reg_reg[4][16]/clk
pin:tr_soc_top_mx/u_dot/GEN_MAC_LANES[1].u_mac_lane/prod_reg_reg[4][17]/clk
pin:tr_soc_top_mx/u_dot/GEN_MAC_LANES[1].u_mac_lane/prod_reg_reg[3][0]/clk
pin:tr_soc_top_mx/u_dot/GEN_MAC_LANES[1].u_mac_lane/prod_reg_reg[3][1]/clk
pin:tr_soc_top_mx/u_dot/GEN_MAC_LANES[1].u_mac_lane/prod_reg_reg[3][2]/clk
pin:tr_soc_top_mx/u_dot/GEN_MAC_LANES[1].u_mac_lane/prod_reg_reg[3][3]/clk
pin:tr_soc_top_mx/u_dot/GEN_MAC_LANES[1].u_mac_lane/prod_reg_reg[3][4]/clk
pin:tr_soc_top_mx/u_dot/GEN_MAC_LANES[1].u_mac_lane/prod_reg_reg[3][5]/clk
pin:tr_soc_top_mx/u_dot/GEN_MAC_LANES[1].u_mac_lane/prod_reg_reg[3][6]/clk
pin:tr_soc_top_mx/u_dot/GEN_MAC_LANES[1].u_mac_lane/prod_reg_reg[3][7]/clk
pin:tr_soc_top_mx/u_dot/GEN_MAC_LANES[1].u_mac_lane/prod_reg_reg[3][8]/clk
pin:tr_soc_top_mx/u_dot/GEN_MAC_LANES[1].u_mac_lane/prod_reg_reg[3][9]/clk
pin:tr_soc_top_mx/u_dot/GEN_MAC_LANES[1].u_mac_lane/prod_reg_reg[3][10]/clk
pin:tr_soc_top_mx/u_dot/GEN_MAC_LANES[1].u_mac_lane/prod_reg_reg[3][11]/clk
pin:tr_soc_top_mx/u_dot/GEN_MAC_LANES[1].u_mac_lane/prod_reg_reg[3][12]/clk
pin:tr_soc_top_mx/u_dot/GEN_MAC_LANES[1].u_mac_lane/prod_reg_reg[3][13]/clk
pin:tr_soc_top_mx/u_dot/GEN_MAC_LANES[1].u_mac_lane/prod_reg_reg[3][14]/clk
pin:tr_soc_top_mx/u_dot/GEN_MAC_LANES[1].u_mac_lane/prod_reg_reg[3][15]/clk
pin:tr_soc_top_mx/u_dot/GEN_MAC_LANES[1].u_mac_lane/prod_reg_reg[3][16]/clk
pin:tr_soc_top_mx/u_dot/GEN_MAC_LANES[1].u_mac_lane/prod_reg_reg[3][17]/clk
pin:tr_soc_top_mx/u_dot/GEN_MAC_LANES[1].u_mac_lane/prod_reg_reg[2][0]/clk
pin:tr_soc_top_mx/u_dot/GEN_MAC_LANES[1].u_mac_lane/prod_reg_reg[2][1]/clk
pin:tr_soc_top_mx/u_dot/GEN_MAC_LANES[1].u_mac_lane/prod_reg_reg[2][2]/clk
pin:tr_soc_top_mx/u_dot/GEN_MAC_LANES[1].u_mac_lane/prod_reg_reg[2][3]/clk
pin:tr_soc_top_mx/u_dot/GEN_MAC_LANES[1].u_mac_lane/prod_reg_reg[2][4]/clk
pin:tr_soc_top_mx/u_dot/GEN_MAC_LANES[1].u_mac_lane/prod_reg_reg[2][5]/clk
pin:tr_soc_top_mx/u_dot/GEN_MAC_LANES[1].u_mac_lane/prod_reg_reg[2][6]/clk
pin:tr_soc_top_mx/u_dot/GEN_MAC_LANES[1].u_mac_lane/prod_reg_reg[2][7]/clk
pin:tr_soc_top_mx/u_dot/GEN_MAC_LANES[1].u_mac_lane/prod_reg_reg[2][8]/clk
pin:tr_soc_top_mx/u_dot/GEN_MAC_LANES[1].u_mac_lane/prod_reg_reg[2][9]/clk
pin:tr_soc_top_mx/u_dot/GEN_MAC_LANES[1].u_mac_lane/prod_reg_reg[2][10]/clk
pin:tr_soc_top_mx/u_dot/GEN_MAC_LANES[1].u_mac_lane/prod_reg_reg[2][11]/clk
pin:tr_soc_top_mx/u_dot/GEN_MAC_LANES[1].u_mac_lane/prod_reg_reg[2][12]/clk
pin:tr_soc_top_mx/u_dot/GEN_MAC_LANES[1].u_mac_lane/prod_reg_reg[2][13]/clk
pin:tr_soc_top_mx/u_dot/GEN_MAC_LANES[1].u_mac_lane/prod_reg_reg[2][14]/clk
pin:tr_soc_top_mx/u_dot/GEN_MAC_LANES[1].u_mac_lane/prod_reg_reg[2][15]/clk
pin:tr_soc_top_mx/u_dot/GEN_MAC_LANES[1].u_mac_lane/prod_reg_reg[2][16]/clk
pin:tr_soc_top_mx/u_dot/GEN_MAC_LANES[1].u_mac_lane/prod_reg_reg[2][17]/clk
pin:tr_soc_top_mx/u_dot/GEN_MAC_LANES[1].u_mac_lane/prod_reg_reg[1][0]/clk
pin:tr_soc_top_mx/u_dot/GEN_MAC_LANES[1].u_mac_lane/prod_reg_reg[1][1]/clk
pin:tr_soc_top_mx/u_dot/GEN_MAC_LANES[1].u_mac_lane/prod_reg_reg[1][2]/clk
pin:tr_soc_top_mx/u_dot/GEN_MAC_LANES[1].u_mac_lane/prod_reg_reg[1][3]/clk
pin:tr_soc_top_mx/u_dot/GEN_MAC_LANES[1].u_mac_lane/prod_reg_reg[1][4]/clk
pin:tr_soc_top_mx/u_dot/GEN_MAC_LANES[1].u_mac_lane/prod_reg_reg[1][5]/clk
pin:tr_soc_top_mx/u_dot/GEN_MAC_LANES[1].u_mac_lane/prod_reg_reg[1][6]/clk
pin:tr_soc_top_mx/u_dot/GEN_MAC_LANES[1].u_mac_lane/prod_reg_reg[1][7]/clk
pin:tr_soc_top_mx/u_dot/GEN_MAC_LANES[1].u_mac_lane/prod_reg_reg[1][8]/clk
pin:tr_soc_top_mx/u_dot/GEN_MAC_LANES[1].u_mac_lane/prod_reg_reg[1][9]/clk
pin:tr_soc_top_mx/u_dot/GEN_MAC_LANES[1].u_mac_lane/prod_reg_reg[1][10]/clk
pin:tr_soc_top_mx/u_dot/GEN_MAC_LANES[1].u_mac_lane/prod_reg_reg[1][11]/clk
pin:tr_soc_top_mx/u_dot/GEN_MAC_LANES[1].u_mac_lane/prod_reg_reg[1][12]/clk
pin:tr_soc_top_mx/u_dot/GEN_MAC_LANES[1].u_mac_lane/prod_reg_reg[1][13]/clk
pin:tr_soc_top_mx/u_dot/GEN_MAC_LANES[1].u_mac_lane/prod_reg_reg[1][14]/clk
pin:tr_soc_top_mx/u_dot/GEN_MAC_LANES[1].u_mac_lane/prod_reg_reg[1][15]/clk
pin:tr_soc_top_mx/u_dot/GEN_MAC_LANES[1].u_mac_lane/prod_reg_reg[1][16]/clk
pin:tr_soc_top_mx/u_dot/GEN_MAC_LANES[1].u_mac_lane/prod_reg_reg[1][17]/clk
pin:tr_soc_top_mx/u_dot/GEN_MAC_LANES[1].u_mac_lane/prod_reg_reg[0][0]/clk
pin:tr_soc_top_mx/u_dot/GEN_MAC_LANES[1].u_mac_lane/prod_reg_reg[0][1]/clk
pin:tr_soc_top_mx/u_dot/GEN_MAC_LANES[1].u_mac_lane/prod_reg_reg[0][2]/clk
pin:tr_soc_top_mx/u_dot/GEN_MAC_LANES[1].u_mac_lane/prod_reg_reg[0][3]/clk
pin:tr_soc_top_mx/u_dot/GEN_MAC_LANES[1].u_mac_lane/prod_reg_reg[0][4]/clk
pin:tr_soc_top_mx/u_dot/GEN_MAC_LANES[1].u_mac_lane/prod_reg_reg[0][5]/clk
pin:tr_soc_top_mx/u_dot/GEN_MAC_LANES[1].u_mac_lane/prod_reg_reg[0][6]/clk
pin:tr_soc_top_mx/u_dot/GEN_MAC_LANES[1].u_mac_lane/prod_reg_reg[0][7]/clk
pin:tr_soc_top_mx/u_dot/GEN_MAC_LANES[1].u_mac_lane/prod_reg_reg[0][8]/clk
pin:tr_soc_top_mx/u_dot/GEN_MAC_LANES[1].u_mac_lane/prod_reg_reg[0][9]/clk
pin:tr_soc_top_mx/u_dot/GEN_MAC_LANES[1].u_mac_lane/prod_reg_reg[0][10]/clk
pin:tr_soc_top_mx/u_dot/GEN_MAC_LANES[1].u_mac_lane/prod_reg_reg[0][11]/clk
pin:tr_soc_top_mx/u_dot/GEN_MAC_LANES[1].u_mac_lane/prod_reg_reg[0][12]/clk
pin:tr_soc_top_mx/u_dot/GEN_MAC_LANES[1].u_mac_lane/prod_reg_reg[0][13]/clk
pin:tr_soc_top_mx/u_dot/GEN_MAC_LANES[1].u_mac_lane/prod_reg_reg[0][14]/clk
pin:tr_soc_top_mx/u_dot/GEN_MAC_LANES[1].u_mac_lane/prod_reg_reg[0][15]/clk
pin:tr_soc_top_mx/u_dot/GEN_MAC_LANES[1].u_mac_lane/prod_reg_reg[0][16]/clk
pin:tr_soc_top_mx/u_dot/GEN_MAC_LANES[1].u_mac_lane/prod_reg_reg[0][17]/clk
pin:tr_soc_top_mx/u_dot/GEN_MAC_LANES[1].u_mac_lane/c_reg2_reg[0]/clk
pin:tr_soc_top_mx/u_dot/GEN_MAC_LANES[1].u_mac_lane/c_reg2_reg[1]/clk
pin:tr_soc_top_mx/u_dot/GEN_MAC_LANES[1].u_mac_lane/c_reg2_reg[2]/clk
pin:tr_soc_top_mx/u_dot/GEN_MAC_LANES[1].u_mac_lane/c_reg2_reg[3]/clk
pin:tr_soc_top_mx/u_dot/GEN_MAC_LANES[1].u_mac_lane/c_reg2_reg[4]/clk
pin:tr_soc_top_mx/u_dot/GEN_MAC_LANES[1].u_mac_lane/c_reg2_reg[5]/clk
pin:tr_soc_top_mx/u_dot/GEN_MAC_LANES[1].u_mac_lane/c_reg2_reg[6]/clk
pin:tr_soc_top_mx/u_dot/GEN_MAC_LANES[1].u_mac_lane/c_reg2_reg[7]/clk
pin:tr_soc_top_mx/u_dot/GEN_MAC_LANES[1].u_mac_lane/c_reg2_reg[8]/clk
pin:tr_soc_top_mx/u_dot/GEN_MAC_LANES[1].u_mac_lane/c_reg2_reg[9]/clk
pin:tr_soc_top_mx/u_dot/GEN_MAC_LANES[1].u_mac_lane/c_reg2_reg[10]/clk
pin:tr_soc_top_mx/u_dot/GEN_MAC_LANES[1].u_mac_lane/c_reg2_reg[11]/clk
pin:tr_soc_top_mx/u_dot/GEN_MAC_LANES[1].u_mac_lane/c_reg2_reg[12]/clk
pin:tr_soc_top_mx/u_dot/GEN_MAC_LANES[1].u_mac_lane/c_reg2_reg[13]/clk
pin:tr_soc_top_mx/u_dot/GEN_MAC_LANES[1].u_mac_lane/c_reg2_reg[14]/clk
pin:tr_soc_top_mx/u_dot/GEN_MAC_LANES[1].u_mac_lane/c_reg2_reg[15]/clk
pin:tr_soc_top_mx/u_dot/GEN_MAC_LANES[1].u_mac_lane/c_reg2_reg[16]/clk
pin:tr_soc_top_mx/u_dot/GEN_MAC_LANES[1].u_mac_lane/c_reg2_reg[17]/clk
pin:tr_soc_top_mx/u_dot/GEN_MAC_LANES[1].u_mac_lane/c_reg2_reg[18]/clk
pin:tr_soc_top_mx/u_dot/GEN_MAC_LANES[1].u_mac_lane/c_reg2_reg[19]/clk
pin:tr_soc_top_mx/u_dot/GEN_MAC_LANES[1].u_mac_lane/c_reg2_reg[20]/clk
pin:tr_soc_top_mx/u_dot/GEN_MAC_LANES[1].u_mac_lane/c_reg2_reg[21]/clk
pin:tr_soc_top_mx/u_dot/GEN_MAC_LANES[1].u_mac_lane/c_reg2_reg[22]/clk
pin:tr_soc_top_mx/u_dot/GEN_MAC_LANES[1].u_mac_lane/c_reg2_reg[23]/clk
pin:tr_soc_top_mx/u_dot/GEN_MAC_LANES[1].u_mac_lane/c_reg2_reg[24]/clk
pin:tr_soc_top_mx/u_dot/GEN_MAC_LANES[1].u_mac_lane/c_reg2_reg[25]/clk
pin:tr_soc_top_mx/u_dot/GEN_MAC_LANES[1].u_mac_lane/c_reg2_reg[26]/clk
pin:tr_soc_top_mx/u_dot/GEN_MAC_LANES[1].u_mac_lane/c_reg2_reg[27]/clk
pin:tr_soc_top_mx/u_dot/GEN_MAC_LANES[1].u_mac_lane/c_reg2_reg[28]/clk
pin:tr_soc_top_mx/u_dot/GEN_MAC_LANES[1].u_mac_lane/c_reg2_reg[29]/clk
pin:tr_soc_top_mx/u_dot/GEN_MAC_LANES[1].u_mac_lane/c_reg2_reg[30]/clk
pin:tr_soc_top_mx/u_dot/GEN_MAC_LANES[1].u_mac_lane/c_reg2_reg[31]/clk
pin:tr_soc_top_mx/u_dot/GEN_MAC_LANES[1].u_mac_lane/v2_reg/clk
pin:tr_soc_top_mx/u_dot/GEN_MAC_LANES[1].u_mac_lane/clr2_reg/clk
pin:tr_soc_top_mx/u_dot/GEN_MAC_LANES[1].u_mac_lane/vec_sum_reg_reg[0]/clk
pin:tr_soc_top_mx/u_dot/GEN_MAC_LANES[1].u_mac_lane/vec_sum_reg_reg[1]/clk
pin:tr_soc_top_mx/u_dot/GEN_MAC_LANES[1].u_mac_lane/vec_sum_reg_reg[2]/clk
pin:tr_soc_top_mx/u_dot/GEN_MAC_LANES[1].u_mac_lane/vec_sum_reg_reg[3]/clk
pin:tr_soc_top_mx/u_dot/GEN_MAC_LANES[1].u_mac_lane/vec_sum_reg_reg[4]/clk
pin:tr_soc_top_mx/u_dot/GEN_MAC_LANES[1].u_mac_lane/vec_sum_reg_reg[5]/clk
pin:tr_soc_top_mx/u_dot/GEN_MAC_LANES[1].u_mac_lane/vec_sum_reg_reg[6]/clk
pin:tr_soc_top_mx/u_dot/GEN_MAC_LANES[1].u_mac_lane/vec_sum_reg_reg[7]/clk
pin:tr_soc_top_mx/u_dot/GEN_MAC_LANES[1].u_mac_lane/vec_sum_reg_reg[8]/clk
pin:tr_soc_top_mx/u_dot/GEN_MAC_LANES[1].u_mac_lane/vec_sum_reg_reg[9]/clk
pin:tr_soc_top_mx/u_dot/GEN_MAC_LANES[1].u_mac_lane/vec_sum_reg_reg[10]/clk
pin:tr_soc_top_mx/u_dot/GEN_MAC_LANES[1].u_mac_lane/vec_sum_reg_reg[11]/clk
pin:tr_soc_top_mx/u_dot/GEN_MAC_LANES[1].u_mac_lane/vec_sum_reg_reg[12]/clk
pin:tr_soc_top_mx/u_dot/GEN_MAC_LANES[1].u_mac_lane/vec_sum_reg_reg[13]/clk
pin:tr_soc_top_mx/u_dot/GEN_MAC_LANES[1].u_mac_lane/vec_sum_reg_reg[14]/clk
pin:tr_soc_top_mx/u_dot/GEN_MAC_LANES[1].u_mac_lane/vec_sum_reg_reg[15]/clk
pin:tr_soc_top_mx/u_dot/GEN_MAC_LANES[1].u_mac_lane/vec_sum_reg_reg[16]/clk
pin:tr_soc_top_mx/u_dot/GEN_MAC_LANES[1].u_mac_lane/vec_sum_reg_reg[17]/clk
pin:tr_soc_top_mx/u_dot/GEN_MAC_LANES[1].u_mac_lane/vec_sum_reg_reg[18]/clk
pin:tr_soc_top_mx/u_dot/GEN_MAC_LANES[1].u_mac_lane/vec_sum_reg_reg[19]/clk
pin:tr_soc_top_mx/u_dot/GEN_MAC_LANES[1].u_mac_lane/vec_sum_reg_reg[20]/clk
pin:tr_soc_top_mx/u_dot/GEN_MAC_LANES[1].u_mac_lane/vec_sum_reg_reg[21]/clk
pin:tr_soc_top_mx/u_dot/GEN_MAC_LANES[1].u_mac_lane/vec_sum_reg_reg[22]/clk
pin:tr_soc_top_mx/u_dot/GEN_MAC_LANES[1].u_mac_lane/vec_sum_reg_reg[23]/clk
pin:tr_soc_top_mx/u_dot/GEN_MAC_LANES[1].u_mac_lane/vec_sum_reg_reg[24]/clk
pin:tr_soc_top_mx/u_dot/GEN_MAC_LANES[1].u_mac_lane/vec_sum_reg_reg[25]/clk
pin:tr_soc_top_mx/u_dot/GEN_MAC_LANES[1].u_mac_lane/vec_sum_reg_reg[26]/clk
pin:tr_soc_top_mx/u_dot/GEN_MAC_LANES[1].u_mac_lane/vec_sum_reg_reg[27]/clk
pin:tr_soc_top_mx/u_dot/GEN_MAC_LANES[1].u_mac_lane/vec_sum_reg_reg[28]/clk
pin:tr_soc_top_mx/u_dot/GEN_MAC_LANES[1].u_mac_lane/vec_sum_reg_reg[29]/clk
pin:tr_soc_top_mx/u_dot/GEN_MAC_LANES[1].u_mac_lane/vec_sum_reg_reg[30]/clk
pin:tr_soc_top_mx/u_dot/GEN_MAC_LANES[1].u_mac_lane/vec_sum_reg_reg[31]/clk
pin:tr_soc_top_mx/u_dot/GEN_MAC_LANES[1].u_mac_lane/c_reg3_reg[0]/clk
pin:tr_soc_top_mx/u_dot/GEN_MAC_LANES[1].u_mac_lane/c_reg3_reg[1]/clk
pin:tr_soc_top_mx/u_dot/GEN_MAC_LANES[1].u_mac_lane/c_reg3_reg[2]/clk
pin:tr_soc_top_mx/u_dot/GEN_MAC_LANES[1].u_mac_lane/c_reg3_reg[3]/clk
pin:tr_soc_top_mx/u_dot/GEN_MAC_LANES[1].u_mac_lane/c_reg3_reg[4]/clk
pin:tr_soc_top_mx/u_dot/GEN_MAC_LANES[1].u_mac_lane/c_reg3_reg[5]/clk
pin:tr_soc_top_mx/u_dot/GEN_MAC_LANES[1].u_mac_lane/c_reg3_reg[6]/clk
pin:tr_soc_top_mx/u_dot/GEN_MAC_LANES[1].u_mac_lane/c_reg3_reg[7]/clk
pin:tr_soc_top_mx/u_dot/GEN_MAC_LANES[1].u_mac_lane/c_reg3_reg[8]/clk
pin:tr_soc_top_mx/u_dot/GEN_MAC_LANES[1].u_mac_lane/c_reg3_reg[9]/clk
pin:tr_soc_top_mx/u_dot/GEN_MAC_LANES[1].u_mac_lane/c_reg3_reg[10]/clk
pin:tr_soc_top_mx/u_dot/GEN_MAC_LANES[1].u_mac_lane/c_reg3_reg[11]/clk
pin:tr_soc_top_mx/u_dot/GEN_MAC_LANES[1].u_mac_lane/c_reg3_reg[12]/clk
pin:tr_soc_top_mx/u_dot/GEN_MAC_LANES[1].u_mac_lane/c_reg3_reg[13]/clk
pin:tr_soc_top_mx/u_dot/GEN_MAC_LANES[1].u_mac_lane/c_reg3_reg[14]/clk
pin:tr_soc_top_mx/u_dot/GEN_MAC_LANES[1].u_mac_lane/c_reg3_reg[15]/clk
pin:tr_soc_top_mx/u_dot/GEN_MAC_LANES[1].u_mac_lane/c_reg3_reg[16]/clk
pin:tr_soc_top_mx/u_dot/GEN_MAC_LANES[1].u_mac_lane/c_reg3_reg[17]/clk
pin:tr_soc_top_mx/u_dot/GEN_MAC_LANES[1].u_mac_lane/c_reg3_reg[18]/clk
pin:tr_soc_top_mx/u_dot/GEN_MAC_LANES[1].u_mac_lane/c_reg3_reg[19]/clk
pin:tr_soc_top_mx/u_dot/GEN_MAC_LANES[1].u_mac_lane/c_reg3_reg[20]/clk
pin:tr_soc_top_mx/u_dot/GEN_MAC_LANES[1].u_mac_lane/c_reg3_reg[21]/clk
pin:tr_soc_top_mx/u_dot/GEN_MAC_LANES[1].u_mac_lane/c_reg3_reg[22]/clk
pin:tr_soc_top_mx/u_dot/GEN_MAC_LANES[1].u_mac_lane/c_reg3_reg[23]/clk
pin:tr_soc_top_mx/u_dot/GEN_MAC_LANES[1].u_mac_lane/c_reg3_reg[24]/clk
pin:tr_soc_top_mx/u_dot/GEN_MAC_LANES[1].u_mac_lane/c_reg3_reg[25]/clk
pin:tr_soc_top_mx/u_dot/GEN_MAC_LANES[1].u_mac_lane/c_reg3_reg[26]/clk
pin:tr_soc_top_mx/u_dot/GEN_MAC_LANES[1].u_mac_lane/c_reg3_reg[27]/clk
pin:tr_soc_top_mx/u_dot/GEN_MAC_LANES[1].u_mac_lane/c_reg3_reg[28]/clk
pin:tr_soc_top_mx/u_dot/GEN_MAC_LANES[1].u_mac_lane/c_reg3_reg[29]/clk
pin:tr_soc_top_mx/u_dot/GEN_MAC_LANES[1].u_mac_lane/c_reg3_reg[30]/clk
pin:tr_soc_top_mx/u_dot/GEN_MAC_LANES[1].u_mac_lane/c_reg3_reg[31]/clk
pin:tr_soc_top_mx/u_dot/GEN_MAC_LANES[1].u_mac_lane/v3_reg/clk
pin:tr_soc_top_mx/u_dot/GEN_MAC_LANES[1].u_mac_lane/clr3_reg/clk
pin:tr_soc_top_mx/u_dot/GEN_MAC_LANES[1].u_mac_lane/out_valid_reg/clk
pin:tr_soc_top_mx/u_dot/GEN_MAC_LANES[1].u_mac_lane/out_dot_reg[0]/clk
pin:tr_soc_top_mx/u_dot/GEN_MAC_LANES[1].u_mac_lane/out_dot_reg[1]/clk
pin:tr_soc_top_mx/u_dot/GEN_MAC_LANES[1].u_mac_lane/out_dot_reg[2]/clk
pin:tr_soc_top_mx/u_dot/GEN_MAC_LANES[1].u_mac_lane/out_dot_reg[3]/clk
pin:tr_soc_top_mx/u_dot/GEN_MAC_LANES[1].u_mac_lane/out_dot_reg[4]/clk
pin:tr_soc_top_mx/u_dot/GEN_MAC_LANES[1].u_mac_lane/out_dot_reg[5]/clk
pin:tr_soc_top_mx/u_dot/GEN_MAC_LANES[1].u_mac_lane/out_dot_reg[6]/clk
pin:tr_soc_top_mx/u_dot/GEN_MAC_LANES[1].u_mac_lane/out_dot_reg[7]/clk
pin:tr_soc_top_mx/u_dot/GEN_MAC_LANES[1].u_mac_lane/out_dot_reg[8]/clk
pin:tr_soc_top_mx/u_dot/GEN_MAC_LANES[1].u_mac_lane/out_dot_reg[9]/clk
pin:tr_soc_top_mx/u_dot/GEN_MAC_LANES[1].u_mac_lane/out_dot_reg[10]/clk
pin:tr_soc_top_mx/u_dot/GEN_MAC_LANES[1].u_mac_lane/out_dot_reg[11]/clk
pin:tr_soc_top_mx/u_dot/GEN_MAC_LANES[1].u_mac_lane/out_dot_reg[12]/clk
pin:tr_soc_top_mx/u_dot/GEN_MAC_LANES[1].u_mac_lane/out_dot_reg[13]/clk
pin:tr_soc_top_mx/u_dot/GEN_MAC_LANES[1].u_mac_lane/out_dot_reg[14]/clk
pin:tr_soc_top_mx/u_dot/GEN_MAC_LANES[1].u_mac_lane/out_dot_reg[15]/clk
pin:tr_soc_top_mx/u_dot/GEN_MAC_LANES[1].u_mac_lane/out_dot_reg[16]/clk
pin:tr_soc_top_mx/u_dot/GEN_MAC_LANES[1].u_mac_lane/out_dot_reg[17]/clk
pin:tr_soc_top_mx/u_dot/GEN_MAC_LANES[1].u_mac_lane/out_dot_reg[18]/clk
pin:tr_soc_top_mx/u_dot/GEN_MAC_LANES[1].u_mac_lane/out_dot_reg[19]/clk
pin:tr_soc_top_mx/u_dot/GEN_MAC_LANES[1].u_mac_lane/out_dot_reg[20]/clk
pin:tr_soc_top_mx/u_dot/GEN_MAC_LANES[1].u_mac_lane/out_dot_reg[21]/clk
pin:tr_soc_top_mx/u_dot/GEN_MAC_LANES[1].u_mac_lane/out_dot_reg[22]/clk
pin:tr_soc_top_mx/u_dot/GEN_MAC_LANES[1].u_mac_lane/out_dot_reg[23]/clk
pin:tr_soc_top_mx/u_dot/GEN_MAC_LANES[1].u_mac_lane/out_dot_reg[24]/clk
pin:tr_soc_top_mx/u_dot/GEN_MAC_LANES[1].u_mac_lane/out_dot_reg[25]/clk
pin:tr_soc_top_mx/u_dot/GEN_MAC_LANES[1].u_mac_lane/out_dot_reg[26]/clk
pin:tr_soc_top_mx/u_dot/GEN_MAC_LANES[1].u_mac_lane/out_dot_reg[27]/clk
pin:tr_soc_top_mx/u_dot/GEN_MAC_LANES[1].u_mac_lane/out_dot_reg[28]/clk
pin:tr_soc_top_mx/u_dot/GEN_MAC_LANES[1].u_mac_lane/out_dot_reg[29]/clk
pin:tr_soc_top_mx/u_dot/GEN_MAC_LANES[1].u_mac_lane/out_dot_reg[30]/clk
pin:tr_soc_top_mx/u_dot/GEN_MAC_LANES[1].u_mac_lane/out_dot_reg[31]/clk
pin:tr_soc_top_mx/u_dot/GEN_MAC_LANES[2].u_mac_lane/a_reg_reg[7][0]/clk
pin:tr_soc_top_mx/u_dot/GEN_MAC_LANES[2].u_mac_lane/a_reg_reg[7][1]/clk
pin:tr_soc_top_mx/u_dot/GEN_MAC_LANES[2].u_mac_lane/a_reg_reg[7][2]/clk
pin:tr_soc_top_mx/u_dot/GEN_MAC_LANES[2].u_mac_lane/a_reg_reg[7][3]/clk
pin:tr_soc_top_mx/u_dot/GEN_MAC_LANES[2].u_mac_lane/a_reg_reg[7][4]/clk
pin:tr_soc_top_mx/u_dot/GEN_MAC_LANES[2].u_mac_lane/a_reg_reg[7][5]/clk
pin:tr_soc_top_mx/u_dot/GEN_MAC_LANES[2].u_mac_lane/a_reg_reg[7][6]/clk
pin:tr_soc_top_mx/u_dot/GEN_MAC_LANES[2].u_mac_lane/a_reg_reg[7][7]/clk
pin:tr_soc_top_mx/u_dot/GEN_MAC_LANES[2].u_mac_lane/a_reg_reg[6][0]/clk
pin:tr_soc_top_mx/u_dot/GEN_MAC_LANES[2].u_mac_lane/a_reg_reg[6][1]/clk
pin:tr_soc_top_mx/u_dot/GEN_MAC_LANES[2].u_mac_lane/a_reg_reg[6][2]/clk
pin:tr_soc_top_mx/u_dot/GEN_MAC_LANES[2].u_mac_lane/a_reg_reg[6][3]/clk
pin:tr_soc_top_mx/u_dot/GEN_MAC_LANES[2].u_mac_lane/a_reg_reg[6][4]/clk
pin:tr_soc_top_mx/u_dot/GEN_MAC_LANES[2].u_mac_lane/a_reg_reg[6][5]/clk
pin:tr_soc_top_mx/u_dot/GEN_MAC_LANES[2].u_mac_lane/a_reg_reg[6][6]/clk
pin:tr_soc_top_mx/u_dot/GEN_MAC_LANES[2].u_mac_lane/a_reg_reg[6][7]/clk
pin:tr_soc_top_mx/u_dot/GEN_MAC_LANES[2].u_mac_lane/a_reg_reg[5][0]/clk
pin:tr_soc_top_mx/u_dot/GEN_MAC_LANES[2].u_mac_lane/a_reg_reg[5][1]/clk
pin:tr_soc_top_mx/u_dot/GEN_MAC_LANES[2].u_mac_lane/a_reg_reg[5][2]/clk
pin:tr_soc_top_mx/u_dot/GEN_MAC_LANES[2].u_mac_lane/a_reg_reg[5][3]/clk
pin:tr_soc_top_mx/u_dot/GEN_MAC_LANES[2].u_mac_lane/a_reg_reg[5][4]/clk
pin:tr_soc_top_mx/u_dot/GEN_MAC_LANES[2].u_mac_lane/a_reg_reg[5][5]/clk
pin:tr_soc_top_mx/u_dot/GEN_MAC_LANES[2].u_mac_lane/a_reg_reg[5][6]/clk
pin:tr_soc_top_mx/u_dot/GEN_MAC_LANES[2].u_mac_lane/a_reg_reg[5][7]/clk
pin:tr_soc_top_mx/u_dot/GEN_MAC_LANES[2].u_mac_lane/a_reg_reg[4][0]/clk
pin:tr_soc_top_mx/u_dot/GEN_MAC_LANES[2].u_mac_lane/a_reg_reg[4][1]/clk
pin:tr_soc_top_mx/u_dot/GEN_MAC_LANES[2].u_mac_lane/a_reg_reg[4][2]/clk
pin:tr_soc_top_mx/u_dot/GEN_MAC_LANES[2].u_mac_lane/a_reg_reg[4][3]/clk
pin:tr_soc_top_mx/u_dot/GEN_MAC_LANES[2].u_mac_lane/a_reg_reg[4][4]/clk
pin:tr_soc_top_mx/u_dot/GEN_MAC_LANES[2].u_mac_lane/a_reg_reg[4][5]/clk
pin:tr_soc_top_mx/u_dot/GEN_MAC_LANES[2].u_mac_lane/a_reg_reg[4][6]/clk
pin:tr_soc_top_mx/u_dot/GEN_MAC_LANES[2].u_mac_lane/a_reg_reg[4][7]/clk
pin:tr_soc_top_mx/u_dot/GEN_MAC_LANES[2].u_mac_lane/a_reg_reg[3][0]/clk
pin:tr_soc_top_mx/u_dot/GEN_MAC_LANES[2].u_mac_lane/a_reg_reg[3][1]/clk
pin:tr_soc_top_mx/u_dot/GEN_MAC_LANES[2].u_mac_lane/a_reg_reg[3][2]/clk
pin:tr_soc_top_mx/u_dot/GEN_MAC_LANES[2].u_mac_lane/a_reg_reg[3][3]/clk
pin:tr_soc_top_mx/u_dot/GEN_MAC_LANES[2].u_mac_lane/a_reg_reg[3][4]/clk
pin:tr_soc_top_mx/u_dot/GEN_MAC_LANES[2].u_mac_lane/a_reg_reg[3][5]/clk
pin:tr_soc_top_mx/u_dot/GEN_MAC_LANES[2].u_mac_lane/a_reg_reg[3][6]/clk
pin:tr_soc_top_mx/u_dot/GEN_MAC_LANES[2].u_mac_lane/a_reg_reg[3][7]/clk
pin:tr_soc_top_mx/u_dot/GEN_MAC_LANES[2].u_mac_lane/a_reg_reg[2][0]/clk
pin:tr_soc_top_mx/u_dot/GEN_MAC_LANES[2].u_mac_lane/a_reg_reg[2][1]/clk
pin:tr_soc_top_mx/u_dot/GEN_MAC_LANES[2].u_mac_lane/a_reg_reg[2][2]/clk
pin:tr_soc_top_mx/u_dot/GEN_MAC_LANES[2].u_mac_lane/a_reg_reg[2][3]/clk
pin:tr_soc_top_mx/u_dot/GEN_MAC_LANES[2].u_mac_lane/a_reg_reg[2][4]/clk
pin:tr_soc_top_mx/u_dot/GEN_MAC_LANES[2].u_mac_lane/a_reg_reg[2][5]/clk
pin:tr_soc_top_mx/u_dot/GEN_MAC_LANES[2].u_mac_lane/a_reg_reg[2][6]/clk
pin:tr_soc_top_mx/u_dot/GEN_MAC_LANES[2].u_mac_lane/a_reg_reg[2][7]/clk
pin:tr_soc_top_mx/u_dot/GEN_MAC_LANES[2].u_mac_lane/a_reg_reg[1][0]/clk
pin:tr_soc_top_mx/u_dot/GEN_MAC_LANES[2].u_mac_lane/a_reg_reg[1][1]/clk
pin:tr_soc_top_mx/u_dot/GEN_MAC_LANES[2].u_mac_lane/a_reg_reg[1][2]/clk
pin:tr_soc_top_mx/u_dot/GEN_MAC_LANES[2].u_mac_lane/a_reg_reg[1][3]/clk
pin:tr_soc_top_mx/u_dot/GEN_MAC_LANES[2].u_mac_lane/a_reg_reg[1][4]/clk
pin:tr_soc_top_mx/u_dot/GEN_MAC_LANES[2].u_mac_lane/a_reg_reg[1][5]/clk
pin:tr_soc_top_mx/u_dot/GEN_MAC_LANES[2].u_mac_lane/a_reg_reg[1][6]/clk
pin:tr_soc_top_mx/u_dot/GEN_MAC_LANES[2].u_mac_lane/a_reg_reg[1][7]/clk
pin:tr_soc_top_mx/u_dot/GEN_MAC_LANES[2].u_mac_lane/a_reg_reg[0][0]/clk
pin:tr_soc_top_mx/u_dot/GEN_MAC_LANES[2].u_mac_lane/a_reg_reg[0][1]/clk
pin:tr_soc_top_mx/u_dot/GEN_MAC_LANES[2].u_mac_lane/a_reg_reg[0][2]/clk
pin:tr_soc_top_mx/u_dot/GEN_MAC_LANES[2].u_mac_lane/a_reg_reg[0][3]/clk
pin:tr_soc_top_mx/u_dot/GEN_MAC_LANES[2].u_mac_lane/a_reg_reg[0][4]/clk
pin:tr_soc_top_mx/u_dot/GEN_MAC_LANES[2].u_mac_lane/a_reg_reg[0][5]/clk
pin:tr_soc_top_mx/u_dot/GEN_MAC_LANES[2].u_mac_lane/a_reg_reg[0][6]/clk
pin:tr_soc_top_mx/u_dot/GEN_MAC_LANES[2].u_mac_lane/a_reg_reg[0][7]/clk
pin:tr_soc_top_mx/u_dot/GEN_MAC_LANES[2].u_mac_lane/b_reg_reg[7][0]/clk
pin:tr_soc_top_mx/u_dot/GEN_MAC_LANES[2].u_mac_lane/b_reg_reg[7][1]/clk
pin:tr_soc_top_mx/u_dot/GEN_MAC_LANES[2].u_mac_lane/b_reg_reg[7][2]/clk
pin:tr_soc_top_mx/u_dot/GEN_MAC_LANES[2].u_mac_lane/b_reg_reg[7][3]/clk
pin:tr_soc_top_mx/u_dot/GEN_MAC_LANES[2].u_mac_lane/b_reg_reg[7][4]/clk
pin:tr_soc_top_mx/u_dot/GEN_MAC_LANES[2].u_mac_lane/b_reg_reg[7][5]/clk
pin:tr_soc_top_mx/u_dot/GEN_MAC_LANES[2].u_mac_lane/b_reg_reg[7][6]/clk
pin:tr_soc_top_mx/u_dot/GEN_MAC_LANES[2].u_mac_lane/b_reg_reg[7][7]/clk
pin:tr_soc_top_mx/u_dot/GEN_MAC_LANES[2].u_mac_lane/b_reg_reg[6][0]/clk
pin:tr_soc_top_mx/u_dot/GEN_MAC_LANES[2].u_mac_lane/b_reg_reg[6][1]/clk
pin:tr_soc_top_mx/u_dot/GEN_MAC_LANES[2].u_mac_lane/b_reg_reg[6][2]/clk
pin:tr_soc_top_mx/u_dot/GEN_MAC_LANES[2].u_mac_lane/b_reg_reg[6][3]/clk
pin:tr_soc_top_mx/u_dot/GEN_MAC_LANES[2].u_mac_lane/b_reg_reg[6][4]/clk
pin:tr_soc_top_mx/u_dot/GEN_MAC_LANES[2].u_mac_lane/b_reg_reg[6][5]/clk
pin:tr_soc_top_mx/u_dot/GEN_MAC_LANES[2].u_mac_lane/b_reg_reg[6][6]/clk
pin:tr_soc_top_mx/u_dot/GEN_MAC_LANES[2].u_mac_lane/b_reg_reg[6][7]/clk
pin:tr_soc_top_mx/u_dot/GEN_MAC_LANES[2].u_mac_lane/b_reg_reg[5][0]/clk
pin:tr_soc_top_mx/u_dot/GEN_MAC_LANES[2].u_mac_lane/b_reg_reg[5][1]/clk
pin:tr_soc_top_mx/u_dot/GEN_MAC_LANES[2].u_mac_lane/b_reg_reg[5][2]/clk
pin:tr_soc_top_mx/u_dot/GEN_MAC_LANES[2].u_mac_lane/b_reg_reg[5][3]/clk
pin:tr_soc_top_mx/u_dot/GEN_MAC_LANES[2].u_mac_lane/b_reg_reg[5][4]/clk
pin:tr_soc_top_mx/u_dot/GEN_MAC_LANES[2].u_mac_lane/b_reg_reg[5][5]/clk
pin:tr_soc_top_mx/u_dot/GEN_MAC_LANES[2].u_mac_lane/b_reg_reg[5][6]/clk
pin:tr_soc_top_mx/u_dot/GEN_MAC_LANES[2].u_mac_lane/b_reg_reg[5][7]/clk
pin:tr_soc_top_mx/u_dot/GEN_MAC_LANES[2].u_mac_lane/b_reg_reg[4][0]/clk
pin:tr_soc_top_mx/u_dot/GEN_MAC_LANES[2].u_mac_lane/b_reg_reg[4][1]/clk
pin:tr_soc_top_mx/u_dot/GEN_MAC_LANES[2].u_mac_lane/b_reg_reg[4][2]/clk
pin:tr_soc_top_mx/u_dot/GEN_MAC_LANES[2].u_mac_lane/b_reg_reg[4][3]/clk
pin:tr_soc_top_mx/u_dot/GEN_MAC_LANES[2].u_mac_lane/b_reg_reg[4][4]/clk
pin:tr_soc_top_mx/u_dot/GEN_MAC_LANES[2].u_mac_lane/b_reg_reg[4][5]/clk
pin:tr_soc_top_mx/u_dot/GEN_MAC_LANES[2].u_mac_lane/b_reg_reg[4][6]/clk
pin:tr_soc_top_mx/u_dot/GEN_MAC_LANES[2].u_mac_lane/b_reg_reg[4][7]/clk
pin:tr_soc_top_mx/u_dot/GEN_MAC_LANES[2].u_mac_lane/b_reg_reg[3][0]/clk
pin:tr_soc_top_mx/u_dot/GEN_MAC_LANES[2].u_mac_lane/b_reg_reg[3][1]/clk
pin:tr_soc_top_mx/u_dot/GEN_MAC_LANES[2].u_mac_lane/b_reg_reg[3][2]/clk
pin:tr_soc_top_mx/u_dot/GEN_MAC_LANES[2].u_mac_lane/b_reg_reg[3][3]/clk
pin:tr_soc_top_mx/u_dot/GEN_MAC_LANES[2].u_mac_lane/b_reg_reg[3][4]/clk
pin:tr_soc_top_mx/u_dot/GEN_MAC_LANES[2].u_mac_lane/b_reg_reg[3][5]/clk
pin:tr_soc_top_mx/u_dot/GEN_MAC_LANES[2].u_mac_lane/b_reg_reg[3][6]/clk
pin:tr_soc_top_mx/u_dot/GEN_MAC_LANES[2].u_mac_lane/b_reg_reg[3][7]/clk
pin:tr_soc_top_mx/u_dot/GEN_MAC_LANES[2].u_mac_lane/b_reg_reg[2][0]/clk
pin:tr_soc_top_mx/u_dot/GEN_MAC_LANES[2].u_mac_lane/b_reg_reg[2][1]/clk
pin:tr_soc_top_mx/u_dot/GEN_MAC_LANES[2].u_mac_lane/b_reg_reg[2][2]/clk
pin:tr_soc_top_mx/u_dot/GEN_MAC_LANES[2].u_mac_lane/b_reg_reg[2][3]/clk
pin:tr_soc_top_mx/u_dot/GEN_MAC_LANES[2].u_mac_lane/b_reg_reg[2][4]/clk
pin:tr_soc_top_mx/u_dot/GEN_MAC_LANES[2].u_mac_lane/b_reg_reg[2][5]/clk
pin:tr_soc_top_mx/u_dot/GEN_MAC_LANES[2].u_mac_lane/b_reg_reg[2][6]/clk
pin:tr_soc_top_mx/u_dot/GEN_MAC_LANES[2].u_mac_lane/b_reg_reg[2][7]/clk
pin:tr_soc_top_mx/u_dot/GEN_MAC_LANES[2].u_mac_lane/b_reg_reg[1][0]/clk
pin:tr_soc_top_mx/u_dot/GEN_MAC_LANES[2].u_mac_lane/b_reg_reg[1][1]/clk
pin:tr_soc_top_mx/u_dot/GEN_MAC_LANES[2].u_mac_lane/b_reg_reg[1][2]/clk
pin:tr_soc_top_mx/u_dot/GEN_MAC_LANES[2].u_mac_lane/b_reg_reg[1][3]/clk
pin:tr_soc_top_mx/u_dot/GEN_MAC_LANES[2].u_mac_lane/b_reg_reg[1][4]/clk
pin:tr_soc_top_mx/u_dot/GEN_MAC_LANES[2].u_mac_lane/b_reg_reg[1][5]/clk
pin:tr_soc_top_mx/u_dot/GEN_MAC_LANES[2].u_mac_lane/b_reg_reg[1][6]/clk
pin:tr_soc_top_mx/u_dot/GEN_MAC_LANES[2].u_mac_lane/b_reg_reg[1][7]/clk
pin:tr_soc_top_mx/u_dot/GEN_MAC_LANES[2].u_mac_lane/b_reg_reg[0][0]/clk
pin:tr_soc_top_mx/u_dot/GEN_MAC_LANES[2].u_mac_lane/b_reg_reg[0][1]/clk
pin:tr_soc_top_mx/u_dot/GEN_MAC_LANES[2].u_mac_lane/b_reg_reg[0][2]/clk
pin:tr_soc_top_mx/u_dot/GEN_MAC_LANES[2].u_mac_lane/b_reg_reg[0][3]/clk
pin:tr_soc_top_mx/u_dot/GEN_MAC_LANES[2].u_mac_lane/b_reg_reg[0][4]/clk
pin:tr_soc_top_mx/u_dot/GEN_MAC_LANES[2].u_mac_lane/b_reg_reg[0][5]/clk
pin:tr_soc_top_mx/u_dot/GEN_MAC_LANES[2].u_mac_lane/b_reg_reg[0][6]/clk
pin:tr_soc_top_mx/u_dot/GEN_MAC_LANES[2].u_mac_lane/b_reg_reg[0][7]/clk
pin:tr_soc_top_mx/u_dot/GEN_MAC_LANES[2].u_mac_lane/c_reg1_reg[0]/clk
pin:tr_soc_top_mx/u_dot/GEN_MAC_LANES[2].u_mac_lane/c_reg1_reg[1]/clk
pin:tr_soc_top_mx/u_dot/GEN_MAC_LANES[2].u_mac_lane/c_reg1_reg[2]/clk
pin:tr_soc_top_mx/u_dot/GEN_MAC_LANES[2].u_mac_lane/c_reg1_reg[3]/clk
pin:tr_soc_top_mx/u_dot/GEN_MAC_LANES[2].u_mac_lane/c_reg1_reg[4]/clk
pin:tr_soc_top_mx/u_dot/GEN_MAC_LANES[2].u_mac_lane/c_reg1_reg[5]/clk
pin:tr_soc_top_mx/u_dot/GEN_MAC_LANES[2].u_mac_lane/c_reg1_reg[6]/clk
pin:tr_soc_top_mx/u_dot/GEN_MAC_LANES[2].u_mac_lane/c_reg1_reg[7]/clk
pin:tr_soc_top_mx/u_dot/GEN_MAC_LANES[2].u_mac_lane/c_reg1_reg[8]/clk
pin:tr_soc_top_mx/u_dot/GEN_MAC_LANES[2].u_mac_lane/c_reg1_reg[9]/clk
pin:tr_soc_top_mx/u_dot/GEN_MAC_LANES[2].u_mac_lane/c_reg1_reg[10]/clk
pin:tr_soc_top_mx/u_dot/GEN_MAC_LANES[2].u_mac_lane/c_reg1_reg[11]/clk
pin:tr_soc_top_mx/u_dot/GEN_MAC_LANES[2].u_mac_lane/c_reg1_reg[12]/clk
pin:tr_soc_top_mx/u_dot/GEN_MAC_LANES[2].u_mac_lane/c_reg1_reg[13]/clk
pin:tr_soc_top_mx/u_dot/GEN_MAC_LANES[2].u_mac_lane/c_reg1_reg[14]/clk
pin:tr_soc_top_mx/u_dot/GEN_MAC_LANES[2].u_mac_lane/c_reg1_reg[15]/clk
pin:tr_soc_top_mx/u_dot/GEN_MAC_LANES[2].u_mac_lane/c_reg1_reg[16]/clk
pin:tr_soc_top_mx/u_dot/GEN_MAC_LANES[2].u_mac_lane/c_reg1_reg[17]/clk
pin:tr_soc_top_mx/u_dot/GEN_MAC_LANES[2].u_mac_lane/c_reg1_reg[18]/clk
pin:tr_soc_top_mx/u_dot/GEN_MAC_LANES[2].u_mac_lane/c_reg1_reg[19]/clk
pin:tr_soc_top_mx/u_dot/GEN_MAC_LANES[2].u_mac_lane/c_reg1_reg[20]/clk
pin:tr_soc_top_mx/u_dot/GEN_MAC_LANES[2].u_mac_lane/c_reg1_reg[21]/clk
pin:tr_soc_top_mx/u_dot/GEN_MAC_LANES[2].u_mac_lane/c_reg1_reg[22]/clk
pin:tr_soc_top_mx/u_dot/GEN_MAC_LANES[2].u_mac_lane/c_reg1_reg[23]/clk
pin:tr_soc_top_mx/u_dot/GEN_MAC_LANES[2].u_mac_lane/c_reg1_reg[24]/clk
pin:tr_soc_top_mx/u_dot/GEN_MAC_LANES[2].u_mac_lane/c_reg1_reg[25]/clk
pin:tr_soc_top_mx/u_dot/GEN_MAC_LANES[2].u_mac_lane/c_reg1_reg[26]/clk
pin:tr_soc_top_mx/u_dot/GEN_MAC_LANES[2].u_mac_lane/c_reg1_reg[27]/clk
pin:tr_soc_top_mx/u_dot/GEN_MAC_LANES[2].u_mac_lane/c_reg1_reg[28]/clk
pin:tr_soc_top_mx/u_dot/GEN_MAC_LANES[2].u_mac_lane/c_reg1_reg[29]/clk
pin:tr_soc_top_mx/u_dot/GEN_MAC_LANES[2].u_mac_lane/c_reg1_reg[30]/clk
pin:tr_soc_top_mx/u_dot/GEN_MAC_LANES[2].u_mac_lane/c_reg1_reg[31]/clk
pin:tr_soc_top_mx/u_dot/GEN_MAC_LANES[2].u_mac_lane/mode1_op_reg[0]/clk
pin:tr_soc_top_mx/u_dot/GEN_MAC_LANES[2].u_mac_lane/mode1_op_reg[1]/clk
pin:tr_soc_top_mx/u_dot/GEN_MAC_LANES[2].u_mac_lane/v1_reg/clk
pin:tr_soc_top_mx/u_dot/GEN_MAC_LANES[2].u_mac_lane/clr1_reg/clk
pin:tr_soc_top_mx/u_dot/GEN_MAC_LANES[2].u_mac_lane/prod_reg_reg[7][0]/clk
pin:tr_soc_top_mx/u_dot/GEN_MAC_LANES[2].u_mac_lane/prod_reg_reg[7][1]/clk
pin:tr_soc_top_mx/u_dot/GEN_MAC_LANES[2].u_mac_lane/prod_reg_reg[7][2]/clk
pin:tr_soc_top_mx/u_dot/GEN_MAC_LANES[2].u_mac_lane/prod_reg_reg[7][3]/clk
pin:tr_soc_top_mx/u_dot/GEN_MAC_LANES[2].u_mac_lane/prod_reg_reg[7][4]/clk
pin:tr_soc_top_mx/u_dot/GEN_MAC_LANES[2].u_mac_lane/prod_reg_reg[7][5]/clk
pin:tr_soc_top_mx/u_dot/GEN_MAC_LANES[2].u_mac_lane/prod_reg_reg[7][6]/clk
pin:tr_soc_top_mx/u_dot/GEN_MAC_LANES[2].u_mac_lane/prod_reg_reg[7][7]/clk
pin:tr_soc_top_mx/u_dot/GEN_MAC_LANES[2].u_mac_lane/prod_reg_reg[7][8]/clk
pin:tr_soc_top_mx/u_dot/GEN_MAC_LANES[2].u_mac_lane/prod_reg_reg[7][9]/clk
pin:tr_soc_top_mx/u_dot/GEN_MAC_LANES[2].u_mac_lane/prod_reg_reg[7][10]/clk
pin:tr_soc_top_mx/u_dot/GEN_MAC_LANES[2].u_mac_lane/prod_reg_reg[7][11]/clk
pin:tr_soc_top_mx/u_dot/GEN_MAC_LANES[2].u_mac_lane/prod_reg_reg[7][12]/clk
pin:tr_soc_top_mx/u_dot/GEN_MAC_LANES[2].u_mac_lane/prod_reg_reg[7][13]/clk
pin:tr_soc_top_mx/u_dot/GEN_MAC_LANES[2].u_mac_lane/prod_reg_reg[7][14]/clk
pin:tr_soc_top_mx/u_dot/GEN_MAC_LANES[2].u_mac_lane/prod_reg_reg[7][15]/clk
pin:tr_soc_top_mx/u_dot/GEN_MAC_LANES[2].u_mac_lane/prod_reg_reg[7][16]/clk
pin:tr_soc_top_mx/u_dot/GEN_MAC_LANES[2].u_mac_lane/prod_reg_reg[7][17]/clk
pin:tr_soc_top_mx/u_dot/GEN_MAC_LANES[2].u_mac_lane/prod_reg_reg[6][0]/clk
pin:tr_soc_top_mx/u_dot/GEN_MAC_LANES[2].u_mac_lane/prod_reg_reg[6][1]/clk
pin:tr_soc_top_mx/u_dot/GEN_MAC_LANES[2].u_mac_lane/prod_reg_reg[6][2]/clk
pin:tr_soc_top_mx/u_dot/GEN_MAC_LANES[2].u_mac_lane/prod_reg_reg[6][3]/clk
pin:tr_soc_top_mx/u_dot/GEN_MAC_LANES[2].u_mac_lane/prod_reg_reg[6][4]/clk
pin:tr_soc_top_mx/u_dot/GEN_MAC_LANES[2].u_mac_lane/prod_reg_reg[6][5]/clk
pin:tr_soc_top_mx/u_dot/GEN_MAC_LANES[2].u_mac_lane/prod_reg_reg[6][6]/clk
pin:tr_soc_top_mx/u_dot/GEN_MAC_LANES[2].u_mac_lane/prod_reg_reg[6][7]/clk
pin:tr_soc_top_mx/u_dot/GEN_MAC_LANES[2].u_mac_lane/prod_reg_reg[6][8]/clk
pin:tr_soc_top_mx/u_dot/GEN_MAC_LANES[2].u_mac_lane/prod_reg_reg[6][9]/clk
pin:tr_soc_top_mx/u_dot/GEN_MAC_LANES[2].u_mac_lane/prod_reg_reg[6][10]/clk
pin:tr_soc_top_mx/u_dot/GEN_MAC_LANES[2].u_mac_lane/prod_reg_reg[6][11]/clk
pin:tr_soc_top_mx/u_dot/GEN_MAC_LANES[2].u_mac_lane/prod_reg_reg[6][12]/clk
pin:tr_soc_top_mx/u_dot/GEN_MAC_LANES[2].u_mac_lane/prod_reg_reg[6][13]/clk
pin:tr_soc_top_mx/u_dot/GEN_MAC_LANES[2].u_mac_lane/prod_reg_reg[6][14]/clk
pin:tr_soc_top_mx/u_dot/GEN_MAC_LANES[2].u_mac_lane/prod_reg_reg[6][15]/clk
pin:tr_soc_top_mx/u_dot/GEN_MAC_LANES[2].u_mac_lane/prod_reg_reg[6][16]/clk
pin:tr_soc_top_mx/u_dot/GEN_MAC_LANES[2].u_mac_lane/prod_reg_reg[6][17]/clk
pin:tr_soc_top_mx/u_dot/GEN_MAC_LANES[2].u_mac_lane/prod_reg_reg[5][0]/clk
pin:tr_soc_top_mx/u_dot/GEN_MAC_LANES[2].u_mac_lane/prod_reg_reg[5][1]/clk
pin:tr_soc_top_mx/u_dot/GEN_MAC_LANES[2].u_mac_lane/prod_reg_reg[5][2]/clk
pin:tr_soc_top_mx/u_dot/GEN_MAC_LANES[2].u_mac_lane/prod_reg_reg[5][3]/clk
pin:tr_soc_top_mx/u_dot/GEN_MAC_LANES[2].u_mac_lane/prod_reg_reg[5][4]/clk
pin:tr_soc_top_mx/u_dot/GEN_MAC_LANES[2].u_mac_lane/prod_reg_reg[5][5]/clk
pin:tr_soc_top_mx/u_dot/GEN_MAC_LANES[2].u_mac_lane/prod_reg_reg[5][6]/clk
pin:tr_soc_top_mx/u_dot/GEN_MAC_LANES[2].u_mac_lane/prod_reg_reg[5][7]/clk
pin:tr_soc_top_mx/u_dot/GEN_MAC_LANES[2].u_mac_lane/prod_reg_reg[5][8]/clk
pin:tr_soc_top_mx/u_dot/GEN_MAC_LANES[2].u_mac_lane/prod_reg_reg[5][9]/clk
pin:tr_soc_top_mx/u_dot/GEN_MAC_LANES[2].u_mac_lane/prod_reg_reg[5][10]/clk
pin:tr_soc_top_mx/u_dot/GEN_MAC_LANES[2].u_mac_lane/prod_reg_reg[5][11]/clk
pin:tr_soc_top_mx/u_dot/GEN_MAC_LANES[2].u_mac_lane/prod_reg_reg[5][12]/clk
pin:tr_soc_top_mx/u_dot/GEN_MAC_LANES[2].u_mac_lane/prod_reg_reg[5][13]/clk
pin:tr_soc_top_mx/u_dot/GEN_MAC_LANES[2].u_mac_lane/prod_reg_reg[5][14]/clk
pin:tr_soc_top_mx/u_dot/GEN_MAC_LANES[2].u_mac_lane/prod_reg_reg[5][15]/clk
pin:tr_soc_top_mx/u_dot/GEN_MAC_LANES[2].u_mac_lane/prod_reg_reg[5][16]/clk
pin:tr_soc_top_mx/u_dot/GEN_MAC_LANES[2].u_mac_lane/prod_reg_reg[5][17]/clk
pin:tr_soc_top_mx/u_dot/GEN_MAC_LANES[2].u_mac_lane/prod_reg_reg[4][0]/clk
pin:tr_soc_top_mx/u_dot/GEN_MAC_LANES[2].u_mac_lane/prod_reg_reg[4][1]/clk
pin:tr_soc_top_mx/u_dot/GEN_MAC_LANES[2].u_mac_lane/prod_reg_reg[4][2]/clk
pin:tr_soc_top_mx/u_dot/GEN_MAC_LANES[2].u_mac_lane/prod_reg_reg[4][3]/clk
pin:tr_soc_top_mx/u_dot/GEN_MAC_LANES[2].u_mac_lane/prod_reg_reg[4][4]/clk
pin:tr_soc_top_mx/u_dot/GEN_MAC_LANES[2].u_mac_lane/prod_reg_reg[4][5]/clk
pin:tr_soc_top_mx/u_dot/GEN_MAC_LANES[2].u_mac_lane/prod_reg_reg[4][6]/clk
pin:tr_soc_top_mx/u_dot/GEN_MAC_LANES[2].u_mac_lane/prod_reg_reg[4][7]/clk
pin:tr_soc_top_mx/u_dot/GEN_MAC_LANES[2].u_mac_lane/prod_reg_reg[4][8]/clk
pin:tr_soc_top_mx/u_dot/GEN_MAC_LANES[2].u_mac_lane/prod_reg_reg[4][9]/clk
pin:tr_soc_top_mx/u_dot/GEN_MAC_LANES[2].u_mac_lane/prod_reg_reg[4][10]/clk
pin:tr_soc_top_mx/u_dot/GEN_MAC_LANES[2].u_mac_lane/prod_reg_reg[4][11]/clk
pin:tr_soc_top_mx/u_dot/GEN_MAC_LANES[2].u_mac_lane/prod_reg_reg[4][12]/clk
pin:tr_soc_top_mx/u_dot/GEN_MAC_LANES[2].u_mac_lane/prod_reg_reg[4][13]/clk
pin:tr_soc_top_mx/u_dot/GEN_MAC_LANES[2].u_mac_lane/prod_reg_reg[4][14]/clk
pin:tr_soc_top_mx/u_dot/GEN_MAC_LANES[2].u_mac_lane/prod_reg_reg[4][15]/clk
pin:tr_soc_top_mx/u_dot/GEN_MAC_LANES[2].u_mac_lane/prod_reg_reg[4][16]/clk
pin:tr_soc_top_mx/u_dot/GEN_MAC_LANES[2].u_mac_lane/prod_reg_reg[4][17]/clk
pin:tr_soc_top_mx/u_dot/GEN_MAC_LANES[2].u_mac_lane/prod_reg_reg[3][0]/clk
pin:tr_soc_top_mx/u_dot/GEN_MAC_LANES[2].u_mac_lane/prod_reg_reg[3][1]/clk
pin:tr_soc_top_mx/u_dot/GEN_MAC_LANES[2].u_mac_lane/prod_reg_reg[3][2]/clk
pin:tr_soc_top_mx/u_dot/GEN_MAC_LANES[2].u_mac_lane/prod_reg_reg[3][3]/clk
pin:tr_soc_top_mx/u_dot/GEN_MAC_LANES[2].u_mac_lane/prod_reg_reg[3][4]/clk
pin:tr_soc_top_mx/u_dot/GEN_MAC_LANES[2].u_mac_lane/prod_reg_reg[3][5]/clk
pin:tr_soc_top_mx/u_dot/GEN_MAC_LANES[2].u_mac_lane/prod_reg_reg[3][6]/clk
pin:tr_soc_top_mx/u_dot/GEN_MAC_LANES[2].u_mac_lane/prod_reg_reg[3][7]/clk
pin:tr_soc_top_mx/u_dot/GEN_MAC_LANES[2].u_mac_lane/prod_reg_reg[3][8]/clk
pin:tr_soc_top_mx/u_dot/GEN_MAC_LANES[2].u_mac_lane/prod_reg_reg[3][9]/clk
pin:tr_soc_top_mx/u_dot/GEN_MAC_LANES[2].u_mac_lane/prod_reg_reg[3][10]/clk
pin:tr_soc_top_mx/u_dot/GEN_MAC_LANES[2].u_mac_lane/prod_reg_reg[3][11]/clk
pin:tr_soc_top_mx/u_dot/GEN_MAC_LANES[2].u_mac_lane/prod_reg_reg[3][12]/clk
pin:tr_soc_top_mx/u_dot/GEN_MAC_LANES[2].u_mac_lane/prod_reg_reg[3][13]/clk
pin:tr_soc_top_mx/u_dot/GEN_MAC_LANES[2].u_mac_lane/prod_reg_reg[3][14]/clk
pin:tr_soc_top_mx/u_dot/GEN_MAC_LANES[2].u_mac_lane/prod_reg_reg[3][15]/clk
pin:tr_soc_top_mx/u_dot/GEN_MAC_LANES[2].u_mac_lane/prod_reg_reg[3][16]/clk
pin:tr_soc_top_mx/u_dot/GEN_MAC_LANES[2].u_mac_lane/prod_reg_reg[3][17]/clk
pin:tr_soc_top_mx/u_dot/GEN_MAC_LANES[2].u_mac_lane/prod_reg_reg[2][0]/clk
pin:tr_soc_top_mx/u_dot/GEN_MAC_LANES[2].u_mac_lane/prod_reg_reg[2][1]/clk
pin:tr_soc_top_mx/u_dot/GEN_MAC_LANES[2].u_mac_lane/prod_reg_reg[2][2]/clk
pin:tr_soc_top_mx/u_dot/GEN_MAC_LANES[2].u_mac_lane/prod_reg_reg[2][3]/clk
pin:tr_soc_top_mx/u_dot/GEN_MAC_LANES[2].u_mac_lane/prod_reg_reg[2][4]/clk
pin:tr_soc_top_mx/u_dot/GEN_MAC_LANES[2].u_mac_lane/prod_reg_reg[2][5]/clk
pin:tr_soc_top_mx/u_dot/GEN_MAC_LANES[2].u_mac_lane/prod_reg_reg[2][6]/clk
pin:tr_soc_top_mx/u_dot/GEN_MAC_LANES[2].u_mac_lane/prod_reg_reg[2][7]/clk
pin:tr_soc_top_mx/u_dot/GEN_MAC_LANES[2].u_mac_lane/prod_reg_reg[2][8]/clk
pin:tr_soc_top_mx/u_dot/GEN_MAC_LANES[2].u_mac_lane/prod_reg_reg[2][9]/clk
pin:tr_soc_top_mx/u_dot/GEN_MAC_LANES[2].u_mac_lane/prod_reg_reg[2][10]/clk
pin:tr_soc_top_mx/u_dot/GEN_MAC_LANES[2].u_mac_lane/prod_reg_reg[2][11]/clk
pin:tr_soc_top_mx/u_dot/GEN_MAC_LANES[2].u_mac_lane/prod_reg_reg[2][12]/clk
pin:tr_soc_top_mx/u_dot/GEN_MAC_LANES[2].u_mac_lane/prod_reg_reg[2][13]/clk
pin:tr_soc_top_mx/u_dot/GEN_MAC_LANES[2].u_mac_lane/prod_reg_reg[2][14]/clk
pin:tr_soc_top_mx/u_dot/GEN_MAC_LANES[2].u_mac_lane/prod_reg_reg[2][15]/clk
pin:tr_soc_top_mx/u_dot/GEN_MAC_LANES[2].u_mac_lane/prod_reg_reg[2][16]/clk
pin:tr_soc_top_mx/u_dot/GEN_MAC_LANES[2].u_mac_lane/prod_reg_reg[2][17]/clk
pin:tr_soc_top_mx/u_dot/GEN_MAC_LANES[2].u_mac_lane/prod_reg_reg[1][0]/clk
pin:tr_soc_top_mx/u_dot/GEN_MAC_LANES[2].u_mac_lane/prod_reg_reg[1][1]/clk
pin:tr_soc_top_mx/u_dot/GEN_MAC_LANES[2].u_mac_lane/prod_reg_reg[1][2]/clk
pin:tr_soc_top_mx/u_dot/GEN_MAC_LANES[2].u_mac_lane/prod_reg_reg[1][3]/clk
pin:tr_soc_top_mx/u_dot/GEN_MAC_LANES[2].u_mac_lane/prod_reg_reg[1][4]/clk
pin:tr_soc_top_mx/u_dot/GEN_MAC_LANES[2].u_mac_lane/prod_reg_reg[1][5]/clk
pin:tr_soc_top_mx/u_dot/GEN_MAC_LANES[2].u_mac_lane/prod_reg_reg[1][6]/clk
pin:tr_soc_top_mx/u_dot/GEN_MAC_LANES[2].u_mac_lane/prod_reg_reg[1][7]/clk
pin:tr_soc_top_mx/u_dot/GEN_MAC_LANES[2].u_mac_lane/prod_reg_reg[1][8]/clk
pin:tr_soc_top_mx/u_dot/GEN_MAC_LANES[2].u_mac_lane/prod_reg_reg[1][9]/clk
pin:tr_soc_top_mx/u_dot/GEN_MAC_LANES[2].u_mac_lane/prod_reg_reg[1][10]/clk
pin:tr_soc_top_mx/u_dot/GEN_MAC_LANES[2].u_mac_lane/prod_reg_reg[1][11]/clk
pin:tr_soc_top_mx/u_dot/GEN_MAC_LANES[2].u_mac_lane/prod_reg_reg[1][12]/clk
pin:tr_soc_top_mx/u_dot/GEN_MAC_LANES[2].u_mac_lane/prod_reg_reg[1][13]/clk
pin:tr_soc_top_mx/u_dot/GEN_MAC_LANES[2].u_mac_lane/prod_reg_reg[1][14]/clk
pin:tr_soc_top_mx/u_dot/GEN_MAC_LANES[2].u_mac_lane/prod_reg_reg[1][15]/clk
pin:tr_soc_top_mx/u_dot/GEN_MAC_LANES[2].u_mac_lane/prod_reg_reg[1][16]/clk
pin:tr_soc_top_mx/u_dot/GEN_MAC_LANES[2].u_mac_lane/prod_reg_reg[1][17]/clk
pin:tr_soc_top_mx/u_dot/GEN_MAC_LANES[2].u_mac_lane/prod_reg_reg[0][0]/clk
pin:tr_soc_top_mx/u_dot/GEN_MAC_LANES[2].u_mac_lane/prod_reg_reg[0][1]/clk
pin:tr_soc_top_mx/u_dot/GEN_MAC_LANES[2].u_mac_lane/prod_reg_reg[0][2]/clk
pin:tr_soc_top_mx/u_dot/GEN_MAC_LANES[2].u_mac_lane/prod_reg_reg[0][3]/clk
pin:tr_soc_top_mx/u_dot/GEN_MAC_LANES[2].u_mac_lane/prod_reg_reg[0][4]/clk
pin:tr_soc_top_mx/u_dot/GEN_MAC_LANES[2].u_mac_lane/prod_reg_reg[0][5]/clk
pin:tr_soc_top_mx/u_dot/GEN_MAC_LANES[2].u_mac_lane/prod_reg_reg[0][6]/clk
pin:tr_soc_top_mx/u_dot/GEN_MAC_LANES[2].u_mac_lane/prod_reg_reg[0][7]/clk
pin:tr_soc_top_mx/u_dot/GEN_MAC_LANES[2].u_mac_lane/prod_reg_reg[0][8]/clk
pin:tr_soc_top_mx/u_dot/GEN_MAC_LANES[2].u_mac_lane/prod_reg_reg[0][9]/clk
pin:tr_soc_top_mx/u_dot/GEN_MAC_LANES[2].u_mac_lane/prod_reg_reg[0][10]/clk
pin:tr_soc_top_mx/u_dot/GEN_MAC_LANES[2].u_mac_lane/prod_reg_reg[0][11]/clk
pin:tr_soc_top_mx/u_dot/GEN_MAC_LANES[2].u_mac_lane/prod_reg_reg[0][12]/clk
pin:tr_soc_top_mx/u_dot/GEN_MAC_LANES[2].u_mac_lane/prod_reg_reg[0][13]/clk
pin:tr_soc_top_mx/u_dot/GEN_MAC_LANES[2].u_mac_lane/prod_reg_reg[0][14]/clk
pin:tr_soc_top_mx/u_dot/GEN_MAC_LANES[2].u_mac_lane/prod_reg_reg[0][15]/clk
pin:tr_soc_top_mx/u_dot/GEN_MAC_LANES[2].u_mac_lane/prod_reg_reg[0][16]/clk
pin:tr_soc_top_mx/u_dot/GEN_MAC_LANES[2].u_mac_lane/prod_reg_reg[0][17]/clk
pin:tr_soc_top_mx/u_dot/GEN_MAC_LANES[2].u_mac_lane/c_reg2_reg[0]/clk
pin:tr_soc_top_mx/u_dot/GEN_MAC_LANES[2].u_mac_lane/c_reg2_reg[1]/clk
pin:tr_soc_top_mx/u_dot/GEN_MAC_LANES[2].u_mac_lane/c_reg2_reg[2]/clk
pin:tr_soc_top_mx/u_dot/GEN_MAC_LANES[2].u_mac_lane/c_reg2_reg[3]/clk
pin:tr_soc_top_mx/u_dot/GEN_MAC_LANES[2].u_mac_lane/c_reg2_reg[4]/clk
pin:tr_soc_top_mx/u_dot/GEN_MAC_LANES[2].u_mac_lane/c_reg2_reg[5]/clk
pin:tr_soc_top_mx/u_dot/GEN_MAC_LANES[2].u_mac_lane/c_reg2_reg[6]/clk
pin:tr_soc_top_mx/u_dot/GEN_MAC_LANES[2].u_mac_lane/c_reg2_reg[7]/clk
pin:tr_soc_top_mx/u_dot/GEN_MAC_LANES[2].u_mac_lane/c_reg2_reg[8]/clk
pin:tr_soc_top_mx/u_dot/GEN_MAC_LANES[2].u_mac_lane/c_reg2_reg[9]/clk
pin:tr_soc_top_mx/u_dot/GEN_MAC_LANES[2].u_mac_lane/c_reg2_reg[10]/clk
pin:tr_soc_top_mx/u_dot/GEN_MAC_LANES[2].u_mac_lane/c_reg2_reg[11]/clk
pin:tr_soc_top_mx/u_dot/GEN_MAC_LANES[2].u_mac_lane/c_reg2_reg[12]/clk
pin:tr_soc_top_mx/u_dot/GEN_MAC_LANES[2].u_mac_lane/c_reg2_reg[13]/clk
pin:tr_soc_top_mx/u_dot/GEN_MAC_LANES[2].u_mac_lane/c_reg2_reg[14]/clk
pin:tr_soc_top_mx/u_dot/GEN_MAC_LANES[2].u_mac_lane/c_reg2_reg[15]/clk
pin:tr_soc_top_mx/u_dot/GEN_MAC_LANES[2].u_mac_lane/c_reg2_reg[16]/clk
pin:tr_soc_top_mx/u_dot/GEN_MAC_LANES[2].u_mac_lane/c_reg2_reg[17]/clk
pin:tr_soc_top_mx/u_dot/GEN_MAC_LANES[2].u_mac_lane/c_reg2_reg[18]/clk
pin:tr_soc_top_mx/u_dot/GEN_MAC_LANES[2].u_mac_lane/c_reg2_reg[19]/clk
pin:tr_soc_top_mx/u_dot/GEN_MAC_LANES[2].u_mac_lane/c_reg2_reg[20]/clk
pin:tr_soc_top_mx/u_dot/GEN_MAC_LANES[2].u_mac_lane/c_reg2_reg[21]/clk
pin:tr_soc_top_mx/u_dot/GEN_MAC_LANES[2].u_mac_lane/c_reg2_reg[22]/clk
pin:tr_soc_top_mx/u_dot/GEN_MAC_LANES[2].u_mac_lane/c_reg2_reg[23]/clk
pin:tr_soc_top_mx/u_dot/GEN_MAC_LANES[2].u_mac_lane/c_reg2_reg[24]/clk
pin:tr_soc_top_mx/u_dot/GEN_MAC_LANES[2].u_mac_lane/c_reg2_reg[25]/clk
pin:tr_soc_top_mx/u_dot/GEN_MAC_LANES[2].u_mac_lane/c_reg2_reg[26]/clk
pin:tr_soc_top_mx/u_dot/GEN_MAC_LANES[2].u_mac_lane/c_reg2_reg[27]/clk
pin:tr_soc_top_mx/u_dot/GEN_MAC_LANES[2].u_mac_lane/c_reg2_reg[28]/clk
pin:tr_soc_top_mx/u_dot/GEN_MAC_LANES[2].u_mac_lane/c_reg2_reg[29]/clk
pin:tr_soc_top_mx/u_dot/GEN_MAC_LANES[2].u_mac_lane/c_reg2_reg[30]/clk
pin:tr_soc_top_mx/u_dot/GEN_MAC_LANES[2].u_mac_lane/c_reg2_reg[31]/clk
pin:tr_soc_top_mx/u_dot/GEN_MAC_LANES[2].u_mac_lane/v2_reg/clk
pin:tr_soc_top_mx/u_dot/GEN_MAC_LANES[2].u_mac_lane/clr2_reg/clk
pin:tr_soc_top_mx/u_dot/GEN_MAC_LANES[2].u_mac_lane/vec_sum_reg_reg[0]/clk
pin:tr_soc_top_mx/u_dot/GEN_MAC_LANES[2].u_mac_lane/vec_sum_reg_reg[1]/clk
pin:tr_soc_top_mx/u_dot/GEN_MAC_LANES[2].u_mac_lane/vec_sum_reg_reg[2]/clk
pin:tr_soc_top_mx/u_dot/GEN_MAC_LANES[2].u_mac_lane/vec_sum_reg_reg[3]/clk
pin:tr_soc_top_mx/u_dot/GEN_MAC_LANES[2].u_mac_lane/vec_sum_reg_reg[4]/clk
pin:tr_soc_top_mx/u_dot/GEN_MAC_LANES[2].u_mac_lane/vec_sum_reg_reg[5]/clk
pin:tr_soc_top_mx/u_dot/GEN_MAC_LANES[2].u_mac_lane/vec_sum_reg_reg[6]/clk
pin:tr_soc_top_mx/u_dot/GEN_MAC_LANES[2].u_mac_lane/vec_sum_reg_reg[7]/clk
pin:tr_soc_top_mx/u_dot/GEN_MAC_LANES[2].u_mac_lane/vec_sum_reg_reg[8]/clk
pin:tr_soc_top_mx/u_dot/GEN_MAC_LANES[2].u_mac_lane/vec_sum_reg_reg[9]/clk
pin:tr_soc_top_mx/u_dot/GEN_MAC_LANES[2].u_mac_lane/vec_sum_reg_reg[10]/clk
pin:tr_soc_top_mx/u_dot/GEN_MAC_LANES[2].u_mac_lane/vec_sum_reg_reg[11]/clk
pin:tr_soc_top_mx/u_dot/GEN_MAC_LANES[2].u_mac_lane/vec_sum_reg_reg[12]/clk
pin:tr_soc_top_mx/u_dot/GEN_MAC_LANES[2].u_mac_lane/vec_sum_reg_reg[13]/clk
pin:tr_soc_top_mx/u_dot/GEN_MAC_LANES[2].u_mac_lane/vec_sum_reg_reg[14]/clk
pin:tr_soc_top_mx/u_dot/GEN_MAC_LANES[2].u_mac_lane/vec_sum_reg_reg[15]/clk
pin:tr_soc_top_mx/u_dot/GEN_MAC_LANES[2].u_mac_lane/vec_sum_reg_reg[16]/clk
pin:tr_soc_top_mx/u_dot/GEN_MAC_LANES[2].u_mac_lane/vec_sum_reg_reg[17]/clk
pin:tr_soc_top_mx/u_dot/GEN_MAC_LANES[2].u_mac_lane/vec_sum_reg_reg[18]/clk
pin:tr_soc_top_mx/u_dot/GEN_MAC_LANES[2].u_mac_lane/vec_sum_reg_reg[19]/clk
pin:tr_soc_top_mx/u_dot/GEN_MAC_LANES[2].u_mac_lane/vec_sum_reg_reg[20]/clk
pin:tr_soc_top_mx/u_dot/GEN_MAC_LANES[2].u_mac_lane/vec_sum_reg_reg[21]/clk
pin:tr_soc_top_mx/u_dot/GEN_MAC_LANES[2].u_mac_lane/vec_sum_reg_reg[22]/clk
pin:tr_soc_top_mx/u_dot/GEN_MAC_LANES[2].u_mac_lane/vec_sum_reg_reg[23]/clk
pin:tr_soc_top_mx/u_dot/GEN_MAC_LANES[2].u_mac_lane/vec_sum_reg_reg[24]/clk
pin:tr_soc_top_mx/u_dot/GEN_MAC_LANES[2].u_mac_lane/vec_sum_reg_reg[25]/clk
pin:tr_soc_top_mx/u_dot/GEN_MAC_LANES[2].u_mac_lane/vec_sum_reg_reg[26]/clk
pin:tr_soc_top_mx/u_dot/GEN_MAC_LANES[2].u_mac_lane/vec_sum_reg_reg[27]/clk
pin:tr_soc_top_mx/u_dot/GEN_MAC_LANES[2].u_mac_lane/vec_sum_reg_reg[28]/clk
pin:tr_soc_top_mx/u_dot/GEN_MAC_LANES[2].u_mac_lane/vec_sum_reg_reg[29]/clk
pin:tr_soc_top_mx/u_dot/GEN_MAC_LANES[2].u_mac_lane/vec_sum_reg_reg[30]/clk
pin:tr_soc_top_mx/u_dot/GEN_MAC_LANES[2].u_mac_lane/vec_sum_reg_reg[31]/clk
pin:tr_soc_top_mx/u_dot/GEN_MAC_LANES[2].u_mac_lane/c_reg3_reg[0]/clk
pin:tr_soc_top_mx/u_dot/GEN_MAC_LANES[2].u_mac_lane/c_reg3_reg[1]/clk
pin:tr_soc_top_mx/u_dot/GEN_MAC_LANES[2].u_mac_lane/c_reg3_reg[2]/clk
pin:tr_soc_top_mx/u_dot/GEN_MAC_LANES[2].u_mac_lane/c_reg3_reg[3]/clk
pin:tr_soc_top_mx/u_dot/GEN_MAC_LANES[2].u_mac_lane/c_reg3_reg[4]/clk
pin:tr_soc_top_mx/u_dot/GEN_MAC_LANES[2].u_mac_lane/c_reg3_reg[5]/clk
pin:tr_soc_top_mx/u_dot/GEN_MAC_LANES[2].u_mac_lane/c_reg3_reg[6]/clk
pin:tr_soc_top_mx/u_dot/GEN_MAC_LANES[2].u_mac_lane/c_reg3_reg[7]/clk
pin:tr_soc_top_mx/u_dot/GEN_MAC_LANES[2].u_mac_lane/c_reg3_reg[8]/clk
pin:tr_soc_top_mx/u_dot/GEN_MAC_LANES[2].u_mac_lane/c_reg3_reg[9]/clk
pin:tr_soc_top_mx/u_dot/GEN_MAC_LANES[2].u_mac_lane/c_reg3_reg[10]/clk
pin:tr_soc_top_mx/u_dot/GEN_MAC_LANES[2].u_mac_lane/c_reg3_reg[11]/clk
pin:tr_soc_top_mx/u_dot/GEN_MAC_LANES[2].u_mac_lane/c_reg3_reg[12]/clk
pin:tr_soc_top_mx/u_dot/GEN_MAC_LANES[2].u_mac_lane/c_reg3_reg[13]/clk
pin:tr_soc_top_mx/u_dot/GEN_MAC_LANES[2].u_mac_lane/c_reg3_reg[14]/clk
pin:tr_soc_top_mx/u_dot/GEN_MAC_LANES[2].u_mac_lane/c_reg3_reg[15]/clk
pin:tr_soc_top_mx/u_dot/GEN_MAC_LANES[2].u_mac_lane/c_reg3_reg[16]/clk
pin:tr_soc_top_mx/u_dot/GEN_MAC_LANES[2].u_mac_lane/c_reg3_reg[17]/clk
pin:tr_soc_top_mx/u_dot/GEN_MAC_LANES[2].u_mac_lane/c_reg3_reg[18]/clk
pin:tr_soc_top_mx/u_dot/GEN_MAC_LANES[2].u_mac_lane/c_reg3_reg[19]/clk
pin:tr_soc_top_mx/u_dot/GEN_MAC_LANES[2].u_mac_lane/c_reg3_reg[20]/clk
pin:tr_soc_top_mx/u_dot/GEN_MAC_LANES[2].u_mac_lane/c_reg3_reg[21]/clk
pin:tr_soc_top_mx/u_dot/GEN_MAC_LANES[2].u_mac_lane/c_reg3_reg[22]/clk
pin:tr_soc_top_mx/u_dot/GEN_MAC_LANES[2].u_mac_lane/c_reg3_reg[23]/clk
pin:tr_soc_top_mx/u_dot/GEN_MAC_LANES[2].u_mac_lane/c_reg3_reg[24]/clk
pin:tr_soc_top_mx/u_dot/GEN_MAC_LANES[2].u_mac_lane/c_reg3_reg[25]/clk
pin:tr_soc_top_mx/u_dot/GEN_MAC_LANES[2].u_mac_lane/c_reg3_reg[26]/clk
pin:tr_soc_top_mx/u_dot/GEN_MAC_LANES[2].u_mac_lane/c_reg3_reg[27]/clk
pin:tr_soc_top_mx/u_dot/GEN_MAC_LANES[2].u_mac_lane/c_reg3_reg[28]/clk
pin:tr_soc_top_mx/u_dot/GEN_MAC_LANES[2].u_mac_lane/c_reg3_reg[29]/clk
pin:tr_soc_top_mx/u_dot/GEN_MAC_LANES[2].u_mac_lane/c_reg3_reg[30]/clk
pin:tr_soc_top_mx/u_dot/GEN_MAC_LANES[2].u_mac_lane/c_reg3_reg[31]/clk
pin:tr_soc_top_mx/u_dot/GEN_MAC_LANES[2].u_mac_lane/v3_reg/clk
pin:tr_soc_top_mx/u_dot/GEN_MAC_LANES[2].u_mac_lane/clr3_reg/clk
pin:tr_soc_top_mx/u_dot/GEN_MAC_LANES[2].u_mac_lane/out_valid_reg/clk
pin:tr_soc_top_mx/u_dot/GEN_MAC_LANES[2].u_mac_lane/out_dot_reg[0]/clk
pin:tr_soc_top_mx/u_dot/GEN_MAC_LANES[2].u_mac_lane/out_dot_reg[1]/clk
pin:tr_soc_top_mx/u_dot/GEN_MAC_LANES[2].u_mac_lane/out_dot_reg[2]/clk
pin:tr_soc_top_mx/u_dot/GEN_MAC_LANES[2].u_mac_lane/out_dot_reg[3]/clk
pin:tr_soc_top_mx/u_dot/GEN_MAC_LANES[2].u_mac_lane/out_dot_reg[4]/clk
pin:tr_soc_top_mx/u_dot/GEN_MAC_LANES[2].u_mac_lane/out_dot_reg[5]/clk
pin:tr_soc_top_mx/u_dot/GEN_MAC_LANES[2].u_mac_lane/out_dot_reg[6]/clk
pin:tr_soc_top_mx/u_dot/GEN_MAC_LANES[2].u_mac_lane/out_dot_reg[7]/clk
pin:tr_soc_top_mx/u_dot/GEN_MAC_LANES[2].u_mac_lane/out_dot_reg[8]/clk
pin:tr_soc_top_mx/u_dot/GEN_MAC_LANES[2].u_mac_lane/out_dot_reg[9]/clk
pin:tr_soc_top_mx/u_dot/GEN_MAC_LANES[2].u_mac_lane/out_dot_reg[10]/clk
pin:tr_soc_top_mx/u_dot/GEN_MAC_LANES[2].u_mac_lane/out_dot_reg[11]/clk
pin:tr_soc_top_mx/u_dot/GEN_MAC_LANES[2].u_mac_lane/out_dot_reg[12]/clk
pin:tr_soc_top_mx/u_dot/GEN_MAC_LANES[2].u_mac_lane/out_dot_reg[13]/clk
pin:tr_soc_top_mx/u_dot/GEN_MAC_LANES[2].u_mac_lane/out_dot_reg[14]/clk
pin:tr_soc_top_mx/u_dot/GEN_MAC_LANES[2].u_mac_lane/out_dot_reg[15]/clk
pin:tr_soc_top_mx/u_dot/GEN_MAC_LANES[2].u_mac_lane/out_dot_reg[16]/clk
pin:tr_soc_top_mx/u_dot/GEN_MAC_LANES[2].u_mac_lane/out_dot_reg[17]/clk
pin:tr_soc_top_mx/u_dot/GEN_MAC_LANES[2].u_mac_lane/out_dot_reg[18]/clk
pin:tr_soc_top_mx/u_dot/GEN_MAC_LANES[2].u_mac_lane/out_dot_reg[19]/clk
pin:tr_soc_top_mx/u_dot/GEN_MAC_LANES[2].u_mac_lane/out_dot_reg[20]/clk
pin:tr_soc_top_mx/u_dot/GEN_MAC_LANES[2].u_mac_lane/out_dot_reg[21]/clk
pin:tr_soc_top_mx/u_dot/GEN_MAC_LANES[2].u_mac_lane/out_dot_reg[22]/clk
pin:tr_soc_top_mx/u_dot/GEN_MAC_LANES[2].u_mac_lane/out_dot_reg[23]/clk
pin:tr_soc_top_mx/u_dot/GEN_MAC_LANES[2].u_mac_lane/out_dot_reg[24]/clk
pin:tr_soc_top_mx/u_dot/GEN_MAC_LANES[2].u_mac_lane/out_dot_reg[25]/clk
pin:tr_soc_top_mx/u_dot/GEN_MAC_LANES[2].u_mac_lane/out_dot_reg[26]/clk
pin:tr_soc_top_mx/u_dot/GEN_MAC_LANES[2].u_mac_lane/out_dot_reg[27]/clk
pin:tr_soc_top_mx/u_dot/GEN_MAC_LANES[2].u_mac_lane/out_dot_reg[28]/clk
pin:tr_soc_top_mx/u_dot/GEN_MAC_LANES[2].u_mac_lane/out_dot_reg[29]/clk
pin:tr_soc_top_mx/u_dot/GEN_MAC_LANES[2].u_mac_lane/out_dot_reg[30]/clk
pin:tr_soc_top_mx/u_dot/GEN_MAC_LANES[2].u_mac_lane/out_dot_reg[31]/clk
pin:tr_soc_top_mx/u_dot/GEN_MAC_LANES[3].u_mac_lane/a_reg_reg[7][0]/clk
pin:tr_soc_top_mx/u_dot/GEN_MAC_LANES[3].u_mac_lane/a_reg_reg[7][1]/clk
pin:tr_soc_top_mx/u_dot/GEN_MAC_LANES[3].u_mac_lane/a_reg_reg[7][2]/clk
pin:tr_soc_top_mx/u_dot/GEN_MAC_LANES[3].u_mac_lane/a_reg_reg[7][3]/clk
pin:tr_soc_top_mx/u_dot/GEN_MAC_LANES[3].u_mac_lane/a_reg_reg[7][4]/clk
pin:tr_soc_top_mx/u_dot/GEN_MAC_LANES[3].u_mac_lane/a_reg_reg[7][5]/clk
pin:tr_soc_top_mx/u_dot/GEN_MAC_LANES[3].u_mac_lane/a_reg_reg[7][6]/clk
pin:tr_soc_top_mx/u_dot/GEN_MAC_LANES[3].u_mac_lane/a_reg_reg[7][7]/clk
pin:tr_soc_top_mx/u_dot/GEN_MAC_LANES[3].u_mac_lane/a_reg_reg[6][0]/clk
pin:tr_soc_top_mx/u_dot/GEN_MAC_LANES[3].u_mac_lane/a_reg_reg[6][1]/clk
pin:tr_soc_top_mx/u_dot/GEN_MAC_LANES[3].u_mac_lane/a_reg_reg[6][2]/clk
pin:tr_soc_top_mx/u_dot/GEN_MAC_LANES[3].u_mac_lane/a_reg_reg[6][3]/clk
pin:tr_soc_top_mx/u_dot/GEN_MAC_LANES[3].u_mac_lane/a_reg_reg[6][4]/clk
pin:tr_soc_top_mx/u_dot/GEN_MAC_LANES[3].u_mac_lane/a_reg_reg[6][5]/clk
pin:tr_soc_top_mx/u_dot/GEN_MAC_LANES[3].u_mac_lane/a_reg_reg[6][6]/clk
pin:tr_soc_top_mx/u_dot/GEN_MAC_LANES[3].u_mac_lane/a_reg_reg[6][7]/clk
pin:tr_soc_top_mx/u_dot/GEN_MAC_LANES[3].u_mac_lane/a_reg_reg[5][0]/clk
pin:tr_soc_top_mx/u_dot/GEN_MAC_LANES[3].u_mac_lane/a_reg_reg[5][1]/clk
pin:tr_soc_top_mx/u_dot/GEN_MAC_LANES[3].u_mac_lane/a_reg_reg[5][2]/clk
pin:tr_soc_top_mx/u_dot/GEN_MAC_LANES[3].u_mac_lane/a_reg_reg[5][3]/clk
pin:tr_soc_top_mx/u_dot/GEN_MAC_LANES[3].u_mac_lane/a_reg_reg[5][4]/clk
pin:tr_soc_top_mx/u_dot/GEN_MAC_LANES[3].u_mac_lane/a_reg_reg[5][5]/clk
pin:tr_soc_top_mx/u_dot/GEN_MAC_LANES[3].u_mac_lane/a_reg_reg[5][6]/clk
pin:tr_soc_top_mx/u_dot/GEN_MAC_LANES[3].u_mac_lane/a_reg_reg[5][7]/clk
pin:tr_soc_top_mx/u_dot/GEN_MAC_LANES[3].u_mac_lane/a_reg_reg[4][0]/clk
pin:tr_soc_top_mx/u_dot/GEN_MAC_LANES[3].u_mac_lane/a_reg_reg[4][1]/clk
pin:tr_soc_top_mx/u_dot/GEN_MAC_LANES[3].u_mac_lane/a_reg_reg[4][2]/clk
pin:tr_soc_top_mx/u_dot/GEN_MAC_LANES[3].u_mac_lane/a_reg_reg[4][3]/clk
pin:tr_soc_top_mx/u_dot/GEN_MAC_LANES[3].u_mac_lane/a_reg_reg[4][4]/clk
pin:tr_soc_top_mx/u_dot/GEN_MAC_LANES[3].u_mac_lane/a_reg_reg[4][5]/clk
pin:tr_soc_top_mx/u_dot/GEN_MAC_LANES[3].u_mac_lane/a_reg_reg[4][6]/clk
pin:tr_soc_top_mx/u_dot/GEN_MAC_LANES[3].u_mac_lane/a_reg_reg[4][7]/clk
pin:tr_soc_top_mx/u_dot/GEN_MAC_LANES[3].u_mac_lane/a_reg_reg[3][0]/clk
pin:tr_soc_top_mx/u_dot/GEN_MAC_LANES[3].u_mac_lane/a_reg_reg[3][1]/clk
pin:tr_soc_top_mx/u_dot/GEN_MAC_LANES[3].u_mac_lane/a_reg_reg[3][2]/clk
pin:tr_soc_top_mx/u_dot/GEN_MAC_LANES[3].u_mac_lane/a_reg_reg[3][3]/clk
pin:tr_soc_top_mx/u_dot/GEN_MAC_LANES[3].u_mac_lane/a_reg_reg[3][4]/clk
pin:tr_soc_top_mx/u_dot/GEN_MAC_LANES[3].u_mac_lane/a_reg_reg[3][5]/clk
pin:tr_soc_top_mx/u_dot/GEN_MAC_LANES[3].u_mac_lane/a_reg_reg[3][6]/clk
pin:tr_soc_top_mx/u_dot/GEN_MAC_LANES[3].u_mac_lane/a_reg_reg[3][7]/clk
pin:tr_soc_top_mx/u_dot/GEN_MAC_LANES[3].u_mac_lane/a_reg_reg[2][0]/clk
pin:tr_soc_top_mx/u_dot/GEN_MAC_LANES[3].u_mac_lane/a_reg_reg[2][1]/clk
pin:tr_soc_top_mx/u_dot/GEN_MAC_LANES[3].u_mac_lane/a_reg_reg[2][2]/clk
pin:tr_soc_top_mx/u_dot/GEN_MAC_LANES[3].u_mac_lane/a_reg_reg[2][3]/clk
pin:tr_soc_top_mx/u_dot/GEN_MAC_LANES[3].u_mac_lane/a_reg_reg[2][4]/clk
pin:tr_soc_top_mx/u_dot/GEN_MAC_LANES[3].u_mac_lane/a_reg_reg[2][5]/clk
pin:tr_soc_top_mx/u_dot/GEN_MAC_LANES[3].u_mac_lane/a_reg_reg[2][6]/clk
pin:tr_soc_top_mx/u_dot/GEN_MAC_LANES[3].u_mac_lane/a_reg_reg[2][7]/clk
pin:tr_soc_top_mx/u_dot/GEN_MAC_LANES[3].u_mac_lane/a_reg_reg[1][0]/clk
pin:tr_soc_top_mx/u_dot/GEN_MAC_LANES[3].u_mac_lane/a_reg_reg[1][1]/clk
pin:tr_soc_top_mx/u_dot/GEN_MAC_LANES[3].u_mac_lane/a_reg_reg[1][2]/clk
pin:tr_soc_top_mx/u_dot/GEN_MAC_LANES[3].u_mac_lane/a_reg_reg[1][3]/clk
pin:tr_soc_top_mx/u_dot/GEN_MAC_LANES[3].u_mac_lane/a_reg_reg[1][4]/clk
pin:tr_soc_top_mx/u_dot/GEN_MAC_LANES[3].u_mac_lane/a_reg_reg[1][5]/clk
pin:tr_soc_top_mx/u_dot/GEN_MAC_LANES[3].u_mac_lane/a_reg_reg[1][6]/clk
pin:tr_soc_top_mx/u_dot/GEN_MAC_LANES[3].u_mac_lane/a_reg_reg[1][7]/clk
pin:tr_soc_top_mx/u_dot/GEN_MAC_LANES[3].u_mac_lane/a_reg_reg[0][0]/clk
pin:tr_soc_top_mx/u_dot/GEN_MAC_LANES[3].u_mac_lane/a_reg_reg[0][1]/clk
pin:tr_soc_top_mx/u_dot/GEN_MAC_LANES[3].u_mac_lane/a_reg_reg[0][2]/clk
pin:tr_soc_top_mx/u_dot/GEN_MAC_LANES[3].u_mac_lane/a_reg_reg[0][3]/clk
pin:tr_soc_top_mx/u_dot/GEN_MAC_LANES[3].u_mac_lane/a_reg_reg[0][4]/clk
pin:tr_soc_top_mx/u_dot/GEN_MAC_LANES[3].u_mac_lane/a_reg_reg[0][5]/clk
pin:tr_soc_top_mx/u_dot/GEN_MAC_LANES[3].u_mac_lane/a_reg_reg[0][6]/clk
pin:tr_soc_top_mx/u_dot/GEN_MAC_LANES[3].u_mac_lane/a_reg_reg[0][7]/clk
pin:tr_soc_top_mx/u_dot/GEN_MAC_LANES[3].u_mac_lane/b_reg_reg[7][0]/clk
pin:tr_soc_top_mx/u_dot/GEN_MAC_LANES[3].u_mac_lane/b_reg_reg[7][1]/clk
pin:tr_soc_top_mx/u_dot/GEN_MAC_LANES[3].u_mac_lane/b_reg_reg[7][2]/clk
pin:tr_soc_top_mx/u_dot/GEN_MAC_LANES[3].u_mac_lane/b_reg_reg[7][3]/clk
pin:tr_soc_top_mx/u_dot/GEN_MAC_LANES[3].u_mac_lane/b_reg_reg[7][4]/clk
pin:tr_soc_top_mx/u_dot/GEN_MAC_LANES[3].u_mac_lane/b_reg_reg[7][5]/clk
pin:tr_soc_top_mx/u_dot/GEN_MAC_LANES[3].u_mac_lane/b_reg_reg[7][6]/clk
pin:tr_soc_top_mx/u_dot/GEN_MAC_LANES[3].u_mac_lane/b_reg_reg[7][7]/clk
pin:tr_soc_top_mx/u_dot/GEN_MAC_LANES[3].u_mac_lane/b_reg_reg[6][0]/clk
pin:tr_soc_top_mx/u_dot/GEN_MAC_LANES[3].u_mac_lane/b_reg_reg[6][1]/clk
pin:tr_soc_top_mx/u_dot/GEN_MAC_LANES[3].u_mac_lane/b_reg_reg[6][2]/clk
pin:tr_soc_top_mx/u_dot/GEN_MAC_LANES[3].u_mac_lane/b_reg_reg[6][3]/clk
pin:tr_soc_top_mx/u_dot/GEN_MAC_LANES[3].u_mac_lane/b_reg_reg[6][4]/clk
pin:tr_soc_top_mx/u_dot/GEN_MAC_LANES[3].u_mac_lane/b_reg_reg[6][5]/clk
pin:tr_soc_top_mx/u_dot/GEN_MAC_LANES[3].u_mac_lane/b_reg_reg[6][6]/clk
pin:tr_soc_top_mx/u_dot/GEN_MAC_LANES[3].u_mac_lane/b_reg_reg[6][7]/clk
pin:tr_soc_top_mx/u_dot/GEN_MAC_LANES[3].u_mac_lane/b_reg_reg[5][0]/clk
pin:tr_soc_top_mx/u_dot/GEN_MAC_LANES[3].u_mac_lane/b_reg_reg[5][1]/clk
pin:tr_soc_top_mx/u_dot/GEN_MAC_LANES[3].u_mac_lane/b_reg_reg[5][2]/clk
pin:tr_soc_top_mx/u_dot/GEN_MAC_LANES[3].u_mac_lane/b_reg_reg[5][3]/clk
pin:tr_soc_top_mx/u_dot/GEN_MAC_LANES[3].u_mac_lane/b_reg_reg[5][4]/clk
pin:tr_soc_top_mx/u_dot/GEN_MAC_LANES[3].u_mac_lane/b_reg_reg[5][5]/clk
pin:tr_soc_top_mx/u_dot/GEN_MAC_LANES[3].u_mac_lane/b_reg_reg[5][6]/clk
pin:tr_soc_top_mx/u_dot/GEN_MAC_LANES[3].u_mac_lane/b_reg_reg[5][7]/clk
pin:tr_soc_top_mx/u_dot/GEN_MAC_LANES[3].u_mac_lane/b_reg_reg[4][0]/clk
pin:tr_soc_top_mx/u_dot/GEN_MAC_LANES[3].u_mac_lane/b_reg_reg[4][1]/clk
pin:tr_soc_top_mx/u_dot/GEN_MAC_LANES[3].u_mac_lane/b_reg_reg[4][2]/clk
pin:tr_soc_top_mx/u_dot/GEN_MAC_LANES[3].u_mac_lane/b_reg_reg[4][3]/clk
pin:tr_soc_top_mx/u_dot/GEN_MAC_LANES[3].u_mac_lane/b_reg_reg[4][4]/clk
pin:tr_soc_top_mx/u_dot/GEN_MAC_LANES[3].u_mac_lane/b_reg_reg[4][5]/clk
pin:tr_soc_top_mx/u_dot/GEN_MAC_LANES[3].u_mac_lane/b_reg_reg[4][6]/clk
pin:tr_soc_top_mx/u_dot/GEN_MAC_LANES[3].u_mac_lane/b_reg_reg[4][7]/clk
pin:tr_soc_top_mx/u_dot/GEN_MAC_LANES[3].u_mac_lane/b_reg_reg[3][0]/clk
pin:tr_soc_top_mx/u_dot/GEN_MAC_LANES[3].u_mac_lane/b_reg_reg[3][1]/clk
pin:tr_soc_top_mx/u_dot/GEN_MAC_LANES[3].u_mac_lane/b_reg_reg[3][2]/clk
pin:tr_soc_top_mx/u_dot/GEN_MAC_LANES[3].u_mac_lane/b_reg_reg[3][3]/clk
pin:tr_soc_top_mx/u_dot/GEN_MAC_LANES[3].u_mac_lane/b_reg_reg[3][4]/clk
pin:tr_soc_top_mx/u_dot/GEN_MAC_LANES[3].u_mac_lane/b_reg_reg[3][5]/clk
pin:tr_soc_top_mx/u_dot/GEN_MAC_LANES[3].u_mac_lane/b_reg_reg[3][6]/clk
pin:tr_soc_top_mx/u_dot/GEN_MAC_LANES[3].u_mac_lane/b_reg_reg[3][7]/clk
pin:tr_soc_top_mx/u_dot/GEN_MAC_LANES[3].u_mac_lane/b_reg_reg[2][0]/clk
pin:tr_soc_top_mx/u_dot/GEN_MAC_LANES[3].u_mac_lane/b_reg_reg[2][1]/clk
pin:tr_soc_top_mx/u_dot/GEN_MAC_LANES[3].u_mac_lane/b_reg_reg[2][2]/clk
pin:tr_soc_top_mx/u_dot/GEN_MAC_LANES[3].u_mac_lane/b_reg_reg[2][3]/clk
pin:tr_soc_top_mx/u_dot/GEN_MAC_LANES[3].u_mac_lane/b_reg_reg[2][4]/clk
pin:tr_soc_top_mx/u_dot/GEN_MAC_LANES[3].u_mac_lane/b_reg_reg[2][5]/clk
pin:tr_soc_top_mx/u_dot/GEN_MAC_LANES[3].u_mac_lane/b_reg_reg[2][6]/clk
pin:tr_soc_top_mx/u_dot/GEN_MAC_LANES[3].u_mac_lane/b_reg_reg[2][7]/clk
pin:tr_soc_top_mx/u_dot/GEN_MAC_LANES[3].u_mac_lane/b_reg_reg[1][0]/clk
pin:tr_soc_top_mx/u_dot/GEN_MAC_LANES[3].u_mac_lane/b_reg_reg[1][1]/clk
pin:tr_soc_top_mx/u_dot/GEN_MAC_LANES[3].u_mac_lane/b_reg_reg[1][2]/clk
pin:tr_soc_top_mx/u_dot/GEN_MAC_LANES[3].u_mac_lane/b_reg_reg[1][3]/clk
pin:tr_soc_top_mx/u_dot/GEN_MAC_LANES[3].u_mac_lane/b_reg_reg[1][4]/clk
pin:tr_soc_top_mx/u_dot/GEN_MAC_LANES[3].u_mac_lane/b_reg_reg[1][5]/clk
pin:tr_soc_top_mx/u_dot/GEN_MAC_LANES[3].u_mac_lane/b_reg_reg[1][6]/clk
pin:tr_soc_top_mx/u_dot/GEN_MAC_LANES[3].u_mac_lane/b_reg_reg[1][7]/clk
pin:tr_soc_top_mx/u_dot/GEN_MAC_LANES[3].u_mac_lane/b_reg_reg[0][0]/clk
pin:tr_soc_top_mx/u_dot/GEN_MAC_LANES[3].u_mac_lane/b_reg_reg[0][1]/clk
pin:tr_soc_top_mx/u_dot/GEN_MAC_LANES[3].u_mac_lane/b_reg_reg[0][2]/clk
pin:tr_soc_top_mx/u_dot/GEN_MAC_LANES[3].u_mac_lane/b_reg_reg[0][3]/clk
pin:tr_soc_top_mx/u_dot/GEN_MAC_LANES[3].u_mac_lane/b_reg_reg[0][4]/clk
pin:tr_soc_top_mx/u_dot/GEN_MAC_LANES[3].u_mac_lane/b_reg_reg[0][5]/clk
pin:tr_soc_top_mx/u_dot/GEN_MAC_LANES[3].u_mac_lane/b_reg_reg[0][6]/clk
pin:tr_soc_top_mx/u_dot/GEN_MAC_LANES[3].u_mac_lane/b_reg_reg[0][7]/clk
pin:tr_soc_top_mx/u_dot/GEN_MAC_LANES[3].u_mac_lane/c_reg1_reg[0]/clk
pin:tr_soc_top_mx/u_dot/GEN_MAC_LANES[3].u_mac_lane/c_reg1_reg[1]/clk
pin:tr_soc_top_mx/u_dot/GEN_MAC_LANES[3].u_mac_lane/c_reg1_reg[2]/clk
pin:tr_soc_top_mx/u_dot/GEN_MAC_LANES[3].u_mac_lane/c_reg1_reg[3]/clk
pin:tr_soc_top_mx/u_dot/GEN_MAC_LANES[3].u_mac_lane/c_reg1_reg[4]/clk
pin:tr_soc_top_mx/u_dot/GEN_MAC_LANES[3].u_mac_lane/c_reg1_reg[5]/clk
pin:tr_soc_top_mx/u_dot/GEN_MAC_LANES[3].u_mac_lane/c_reg1_reg[6]/clk
pin:tr_soc_top_mx/u_dot/GEN_MAC_LANES[3].u_mac_lane/c_reg1_reg[7]/clk
pin:tr_soc_top_mx/u_dot/GEN_MAC_LANES[3].u_mac_lane/c_reg1_reg[8]/clk
pin:tr_soc_top_mx/u_dot/GEN_MAC_LANES[3].u_mac_lane/c_reg1_reg[9]/clk
pin:tr_soc_top_mx/u_dot/GEN_MAC_LANES[3].u_mac_lane/c_reg1_reg[10]/clk
pin:tr_soc_top_mx/u_dot/GEN_MAC_LANES[3].u_mac_lane/c_reg1_reg[11]/clk
pin:tr_soc_top_mx/u_dot/GEN_MAC_LANES[3].u_mac_lane/c_reg1_reg[12]/clk
pin:tr_soc_top_mx/u_dot/GEN_MAC_LANES[3].u_mac_lane/c_reg1_reg[13]/clk
pin:tr_soc_top_mx/u_dot/GEN_MAC_LANES[3].u_mac_lane/c_reg1_reg[14]/clk
pin:tr_soc_top_mx/u_dot/GEN_MAC_LANES[3].u_mac_lane/c_reg1_reg[15]/clk
pin:tr_soc_top_mx/u_dot/GEN_MAC_LANES[3].u_mac_lane/c_reg1_reg[16]/clk
pin:tr_soc_top_mx/u_dot/GEN_MAC_LANES[3].u_mac_lane/c_reg1_reg[17]/clk
pin:tr_soc_top_mx/u_dot/GEN_MAC_LANES[3].u_mac_lane/c_reg1_reg[18]/clk
pin:tr_soc_top_mx/u_dot/GEN_MAC_LANES[3].u_mac_lane/c_reg1_reg[19]/clk
pin:tr_soc_top_mx/u_dot/GEN_MAC_LANES[3].u_mac_lane/c_reg1_reg[20]/clk
pin:tr_soc_top_mx/u_dot/GEN_MAC_LANES[3].u_mac_lane/c_reg1_reg[21]/clk
pin:tr_soc_top_mx/u_dot/GEN_MAC_LANES[3].u_mac_lane/c_reg1_reg[22]/clk
pin:tr_soc_top_mx/u_dot/GEN_MAC_LANES[3].u_mac_lane/c_reg1_reg[23]/clk
pin:tr_soc_top_mx/u_dot/GEN_MAC_LANES[3].u_mac_lane/c_reg1_reg[24]/clk
pin:tr_soc_top_mx/u_dot/GEN_MAC_LANES[3].u_mac_lane/c_reg1_reg[25]/clk
pin:tr_soc_top_mx/u_dot/GEN_MAC_LANES[3].u_mac_lane/c_reg1_reg[26]/clk
pin:tr_soc_top_mx/u_dot/GEN_MAC_LANES[3].u_mac_lane/c_reg1_reg[27]/clk
pin:tr_soc_top_mx/u_dot/GEN_MAC_LANES[3].u_mac_lane/c_reg1_reg[28]/clk
pin:tr_soc_top_mx/u_dot/GEN_MAC_LANES[3].u_mac_lane/c_reg1_reg[29]/clk
pin:tr_soc_top_mx/u_dot/GEN_MAC_LANES[3].u_mac_lane/c_reg1_reg[30]/clk
pin:tr_soc_top_mx/u_dot/GEN_MAC_LANES[3].u_mac_lane/c_reg1_reg[31]/clk
pin:tr_soc_top_mx/u_dot/GEN_MAC_LANES[3].u_mac_lane/mode1_op_reg[0]/clk
pin:tr_soc_top_mx/u_dot/GEN_MAC_LANES[3].u_mac_lane/mode1_op_reg[1]/clk
pin:tr_soc_top_mx/u_dot/GEN_MAC_LANES[3].u_mac_lane/v1_reg/clk
pin:tr_soc_top_mx/u_dot/GEN_MAC_LANES[3].u_mac_lane/clr1_reg/clk
pin:tr_soc_top_mx/u_dot/GEN_MAC_LANES[3].u_mac_lane/prod_reg_reg[7][0]/clk
pin:tr_soc_top_mx/u_dot/GEN_MAC_LANES[3].u_mac_lane/prod_reg_reg[7][1]/clk
pin:tr_soc_top_mx/u_dot/GEN_MAC_LANES[3].u_mac_lane/prod_reg_reg[7][2]/clk
pin:tr_soc_top_mx/u_dot/GEN_MAC_LANES[3].u_mac_lane/prod_reg_reg[7][3]/clk
pin:tr_soc_top_mx/u_dot/GEN_MAC_LANES[3].u_mac_lane/prod_reg_reg[7][4]/clk
pin:tr_soc_top_mx/u_dot/GEN_MAC_LANES[3].u_mac_lane/prod_reg_reg[7][5]/clk
pin:tr_soc_top_mx/u_dot/GEN_MAC_LANES[3].u_mac_lane/prod_reg_reg[7][6]/clk
pin:tr_soc_top_mx/u_dot/GEN_MAC_LANES[3].u_mac_lane/prod_reg_reg[7][7]/clk
pin:tr_soc_top_mx/u_dot/GEN_MAC_LANES[3].u_mac_lane/prod_reg_reg[7][8]/clk
pin:tr_soc_top_mx/u_dot/GEN_MAC_LANES[3].u_mac_lane/prod_reg_reg[7][9]/clk
pin:tr_soc_top_mx/u_dot/GEN_MAC_LANES[3].u_mac_lane/prod_reg_reg[7][10]/clk
pin:tr_soc_top_mx/u_dot/GEN_MAC_LANES[3].u_mac_lane/prod_reg_reg[7][11]/clk
pin:tr_soc_top_mx/u_dot/GEN_MAC_LANES[3].u_mac_lane/prod_reg_reg[7][12]/clk
pin:tr_soc_top_mx/u_dot/GEN_MAC_LANES[3].u_mac_lane/prod_reg_reg[7][13]/clk
pin:tr_soc_top_mx/u_dot/GEN_MAC_LANES[3].u_mac_lane/prod_reg_reg[7][14]/clk
pin:tr_soc_top_mx/u_dot/GEN_MAC_LANES[3].u_mac_lane/prod_reg_reg[7][15]/clk
pin:tr_soc_top_mx/u_dot/GEN_MAC_LANES[3].u_mac_lane/prod_reg_reg[7][16]/clk
pin:tr_soc_top_mx/u_dot/GEN_MAC_LANES[3].u_mac_lane/prod_reg_reg[7][17]/clk
pin:tr_soc_top_mx/u_dot/GEN_MAC_LANES[3].u_mac_lane/prod_reg_reg[6][0]/clk
pin:tr_soc_top_mx/u_dot/GEN_MAC_LANES[3].u_mac_lane/prod_reg_reg[6][1]/clk
pin:tr_soc_top_mx/u_dot/GEN_MAC_LANES[3].u_mac_lane/prod_reg_reg[6][2]/clk
pin:tr_soc_top_mx/u_dot/GEN_MAC_LANES[3].u_mac_lane/prod_reg_reg[6][3]/clk
pin:tr_soc_top_mx/u_dot/GEN_MAC_LANES[3].u_mac_lane/prod_reg_reg[6][4]/clk
pin:tr_soc_top_mx/u_dot/GEN_MAC_LANES[3].u_mac_lane/prod_reg_reg[6][5]/clk
pin:tr_soc_top_mx/u_dot/GEN_MAC_LANES[3].u_mac_lane/prod_reg_reg[6][6]/clk
pin:tr_soc_top_mx/u_dot/GEN_MAC_LANES[3].u_mac_lane/prod_reg_reg[6][7]/clk
pin:tr_soc_top_mx/u_dot/GEN_MAC_LANES[3].u_mac_lane/prod_reg_reg[6][8]/clk
pin:tr_soc_top_mx/u_dot/GEN_MAC_LANES[3].u_mac_lane/prod_reg_reg[6][9]/clk
pin:tr_soc_top_mx/u_dot/GEN_MAC_LANES[3].u_mac_lane/prod_reg_reg[6][10]/clk
pin:tr_soc_top_mx/u_dot/GEN_MAC_LANES[3].u_mac_lane/prod_reg_reg[6][11]/clk
pin:tr_soc_top_mx/u_dot/GEN_MAC_LANES[3].u_mac_lane/prod_reg_reg[6][12]/clk
pin:tr_soc_top_mx/u_dot/GEN_MAC_LANES[3].u_mac_lane/prod_reg_reg[6][13]/clk
pin:tr_soc_top_mx/u_dot/GEN_MAC_LANES[3].u_mac_lane/prod_reg_reg[6][14]/clk
pin:tr_soc_top_mx/u_dot/GEN_MAC_LANES[3].u_mac_lane/prod_reg_reg[6][15]/clk
pin:tr_soc_top_mx/u_dot/GEN_MAC_LANES[3].u_mac_lane/prod_reg_reg[6][16]/clk
pin:tr_soc_top_mx/u_dot/GEN_MAC_LANES[3].u_mac_lane/prod_reg_reg[6][17]/clk
pin:tr_soc_top_mx/u_dot/GEN_MAC_LANES[3].u_mac_lane/prod_reg_reg[5][0]/clk
pin:tr_soc_top_mx/u_dot/GEN_MAC_LANES[3].u_mac_lane/prod_reg_reg[5][1]/clk
pin:tr_soc_top_mx/u_dot/GEN_MAC_LANES[3].u_mac_lane/prod_reg_reg[5][2]/clk
pin:tr_soc_top_mx/u_dot/GEN_MAC_LANES[3].u_mac_lane/prod_reg_reg[5][3]/clk
pin:tr_soc_top_mx/u_dot/GEN_MAC_LANES[3].u_mac_lane/prod_reg_reg[5][4]/clk
pin:tr_soc_top_mx/u_dot/GEN_MAC_LANES[3].u_mac_lane/prod_reg_reg[5][5]/clk
pin:tr_soc_top_mx/u_dot/GEN_MAC_LANES[3].u_mac_lane/prod_reg_reg[5][6]/clk
pin:tr_soc_top_mx/u_dot/GEN_MAC_LANES[3].u_mac_lane/prod_reg_reg[5][7]/clk
pin:tr_soc_top_mx/u_dot/GEN_MAC_LANES[3].u_mac_lane/prod_reg_reg[5][8]/clk
pin:tr_soc_top_mx/u_dot/GEN_MAC_LANES[3].u_mac_lane/prod_reg_reg[5][9]/clk
pin:tr_soc_top_mx/u_dot/GEN_MAC_LANES[3].u_mac_lane/prod_reg_reg[5][10]/clk
pin:tr_soc_top_mx/u_dot/GEN_MAC_LANES[3].u_mac_lane/prod_reg_reg[5][11]/clk
pin:tr_soc_top_mx/u_dot/GEN_MAC_LANES[3].u_mac_lane/prod_reg_reg[5][12]/clk
pin:tr_soc_top_mx/u_dot/GEN_MAC_LANES[3].u_mac_lane/prod_reg_reg[5][13]/clk
pin:tr_soc_top_mx/u_dot/GEN_MAC_LANES[3].u_mac_lane/prod_reg_reg[5][14]/clk
pin:tr_soc_top_mx/u_dot/GEN_MAC_LANES[3].u_mac_lane/prod_reg_reg[5][15]/clk
pin:tr_soc_top_mx/u_dot/GEN_MAC_LANES[3].u_mac_lane/prod_reg_reg[5][16]/clk
pin:tr_soc_top_mx/u_dot/GEN_MAC_LANES[3].u_mac_lane/prod_reg_reg[5][17]/clk
pin:tr_soc_top_mx/u_dot/GEN_MAC_LANES[3].u_mac_lane/prod_reg_reg[4][0]/clk
pin:tr_soc_top_mx/u_dot/GEN_MAC_LANES[3].u_mac_lane/prod_reg_reg[4][1]/clk
pin:tr_soc_top_mx/u_dot/GEN_MAC_LANES[3].u_mac_lane/prod_reg_reg[4][2]/clk
pin:tr_soc_top_mx/u_dot/GEN_MAC_LANES[3].u_mac_lane/prod_reg_reg[4][3]/clk
pin:tr_soc_top_mx/u_dot/GEN_MAC_LANES[3].u_mac_lane/prod_reg_reg[4][4]/clk
pin:tr_soc_top_mx/u_dot/GEN_MAC_LANES[3].u_mac_lane/prod_reg_reg[4][5]/clk
pin:tr_soc_top_mx/u_dot/GEN_MAC_LANES[3].u_mac_lane/prod_reg_reg[4][6]/clk
pin:tr_soc_top_mx/u_dot/GEN_MAC_LANES[3].u_mac_lane/prod_reg_reg[4][7]/clk
pin:tr_soc_top_mx/u_dot/GEN_MAC_LANES[3].u_mac_lane/prod_reg_reg[4][8]/clk
pin:tr_soc_top_mx/u_dot/GEN_MAC_LANES[3].u_mac_lane/prod_reg_reg[4][9]/clk
pin:tr_soc_top_mx/u_dot/GEN_MAC_LANES[3].u_mac_lane/prod_reg_reg[4][10]/clk
pin:tr_soc_top_mx/u_dot/GEN_MAC_LANES[3].u_mac_lane/prod_reg_reg[4][11]/clk
pin:tr_soc_top_mx/u_dot/GEN_MAC_LANES[3].u_mac_lane/prod_reg_reg[4][12]/clk
pin:tr_soc_top_mx/u_dot/GEN_MAC_LANES[3].u_mac_lane/prod_reg_reg[4][13]/clk
pin:tr_soc_top_mx/u_dot/GEN_MAC_LANES[3].u_mac_lane/prod_reg_reg[4][14]/clk
pin:tr_soc_top_mx/u_dot/GEN_MAC_LANES[3].u_mac_lane/prod_reg_reg[4][15]/clk
pin:tr_soc_top_mx/u_dot/GEN_MAC_LANES[3].u_mac_lane/prod_reg_reg[4][16]/clk
pin:tr_soc_top_mx/u_dot/GEN_MAC_LANES[3].u_mac_lane/prod_reg_reg[4][17]/clk
pin:tr_soc_top_mx/u_dot/GEN_MAC_LANES[3].u_mac_lane/prod_reg_reg[3][0]/clk
pin:tr_soc_top_mx/u_dot/GEN_MAC_LANES[3].u_mac_lane/prod_reg_reg[3][1]/clk
pin:tr_soc_top_mx/u_dot/GEN_MAC_LANES[3].u_mac_lane/prod_reg_reg[3][2]/clk
pin:tr_soc_top_mx/u_dot/GEN_MAC_LANES[3].u_mac_lane/prod_reg_reg[3][3]/clk
pin:tr_soc_top_mx/u_dot/GEN_MAC_LANES[3].u_mac_lane/prod_reg_reg[3][4]/clk
pin:tr_soc_top_mx/u_dot/GEN_MAC_LANES[3].u_mac_lane/prod_reg_reg[3][5]/clk
pin:tr_soc_top_mx/u_dot/GEN_MAC_LANES[3].u_mac_lane/prod_reg_reg[3][6]/clk
pin:tr_soc_top_mx/u_dot/GEN_MAC_LANES[3].u_mac_lane/prod_reg_reg[3][7]/clk
pin:tr_soc_top_mx/u_dot/GEN_MAC_LANES[3].u_mac_lane/prod_reg_reg[3][8]/clk
pin:tr_soc_top_mx/u_dot/GEN_MAC_LANES[3].u_mac_lane/prod_reg_reg[3][9]/clk
pin:tr_soc_top_mx/u_dot/GEN_MAC_LANES[3].u_mac_lane/prod_reg_reg[3][10]/clk
pin:tr_soc_top_mx/u_dot/GEN_MAC_LANES[3].u_mac_lane/prod_reg_reg[3][11]/clk
pin:tr_soc_top_mx/u_dot/GEN_MAC_LANES[3].u_mac_lane/prod_reg_reg[3][12]/clk
pin:tr_soc_top_mx/u_dot/GEN_MAC_LANES[3].u_mac_lane/prod_reg_reg[3][13]/clk
pin:tr_soc_top_mx/u_dot/GEN_MAC_LANES[3].u_mac_lane/prod_reg_reg[3][14]/clk
pin:tr_soc_top_mx/u_dot/GEN_MAC_LANES[3].u_mac_lane/prod_reg_reg[3][15]/clk
pin:tr_soc_top_mx/u_dot/GEN_MAC_LANES[3].u_mac_lane/prod_reg_reg[3][16]/clk
pin:tr_soc_top_mx/u_dot/GEN_MAC_LANES[3].u_mac_lane/prod_reg_reg[3][17]/clk
pin:tr_soc_top_mx/u_dot/GEN_MAC_LANES[3].u_mac_lane/prod_reg_reg[2][0]/clk
pin:tr_soc_top_mx/u_dot/GEN_MAC_LANES[3].u_mac_lane/prod_reg_reg[2][1]/clk
pin:tr_soc_top_mx/u_dot/GEN_MAC_LANES[3].u_mac_lane/prod_reg_reg[2][2]/clk
pin:tr_soc_top_mx/u_dot/GEN_MAC_LANES[3].u_mac_lane/prod_reg_reg[2][3]/clk
pin:tr_soc_top_mx/u_dot/GEN_MAC_LANES[3].u_mac_lane/prod_reg_reg[2][4]/clk
pin:tr_soc_top_mx/u_dot/GEN_MAC_LANES[3].u_mac_lane/prod_reg_reg[2][5]/clk
pin:tr_soc_top_mx/u_dot/GEN_MAC_LANES[3].u_mac_lane/prod_reg_reg[2][6]/clk
pin:tr_soc_top_mx/u_dot/GEN_MAC_LANES[3].u_mac_lane/prod_reg_reg[2][7]/clk
pin:tr_soc_top_mx/u_dot/GEN_MAC_LANES[3].u_mac_lane/prod_reg_reg[2][8]/clk
pin:tr_soc_top_mx/u_dot/GEN_MAC_LANES[3].u_mac_lane/prod_reg_reg[2][9]/clk
pin:tr_soc_top_mx/u_dot/GEN_MAC_LANES[3].u_mac_lane/prod_reg_reg[2][10]/clk
pin:tr_soc_top_mx/u_dot/GEN_MAC_LANES[3].u_mac_lane/prod_reg_reg[2][11]/clk
pin:tr_soc_top_mx/u_dot/GEN_MAC_LANES[3].u_mac_lane/prod_reg_reg[2][12]/clk
pin:tr_soc_top_mx/u_dot/GEN_MAC_LANES[3].u_mac_lane/prod_reg_reg[2][13]/clk
pin:tr_soc_top_mx/u_dot/GEN_MAC_LANES[3].u_mac_lane/prod_reg_reg[2][14]/clk
pin:tr_soc_top_mx/u_dot/GEN_MAC_LANES[3].u_mac_lane/prod_reg_reg[2][15]/clk
pin:tr_soc_top_mx/u_dot/GEN_MAC_LANES[3].u_mac_lane/prod_reg_reg[2][16]/clk
pin:tr_soc_top_mx/u_dot/GEN_MAC_LANES[3].u_mac_lane/prod_reg_reg[2][17]/clk
pin:tr_soc_top_mx/u_dot/GEN_MAC_LANES[3].u_mac_lane/prod_reg_reg[1][0]/clk
pin:tr_soc_top_mx/u_dot/GEN_MAC_LANES[3].u_mac_lane/prod_reg_reg[1][1]/clk
pin:tr_soc_top_mx/u_dot/GEN_MAC_LANES[3].u_mac_lane/prod_reg_reg[1][2]/clk
pin:tr_soc_top_mx/u_dot/GEN_MAC_LANES[3].u_mac_lane/prod_reg_reg[1][3]/clk
pin:tr_soc_top_mx/u_dot/GEN_MAC_LANES[3].u_mac_lane/prod_reg_reg[1][4]/clk
pin:tr_soc_top_mx/u_dot/GEN_MAC_LANES[3].u_mac_lane/prod_reg_reg[1][5]/clk
pin:tr_soc_top_mx/u_dot/GEN_MAC_LANES[3].u_mac_lane/prod_reg_reg[1][6]/clk
pin:tr_soc_top_mx/u_dot/GEN_MAC_LANES[3].u_mac_lane/prod_reg_reg[1][7]/clk
pin:tr_soc_top_mx/u_dot/GEN_MAC_LANES[3].u_mac_lane/prod_reg_reg[1][8]/clk
pin:tr_soc_top_mx/u_dot/GEN_MAC_LANES[3].u_mac_lane/prod_reg_reg[1][9]/clk
pin:tr_soc_top_mx/u_dot/GEN_MAC_LANES[3].u_mac_lane/prod_reg_reg[1][10]/clk
pin:tr_soc_top_mx/u_dot/GEN_MAC_LANES[3].u_mac_lane/prod_reg_reg[1][11]/clk
pin:tr_soc_top_mx/u_dot/GEN_MAC_LANES[3].u_mac_lane/prod_reg_reg[1][12]/clk
pin:tr_soc_top_mx/u_dot/GEN_MAC_LANES[3].u_mac_lane/prod_reg_reg[1][13]/clk
pin:tr_soc_top_mx/u_dot/GEN_MAC_LANES[3].u_mac_lane/prod_reg_reg[1][14]/clk
pin:tr_soc_top_mx/u_dot/GEN_MAC_LANES[3].u_mac_lane/prod_reg_reg[1][15]/clk
pin:tr_soc_top_mx/u_dot/GEN_MAC_LANES[3].u_mac_lane/prod_reg_reg[1][16]/clk
pin:tr_soc_top_mx/u_dot/GEN_MAC_LANES[3].u_mac_lane/prod_reg_reg[1][17]/clk
pin:tr_soc_top_mx/u_dot/GEN_MAC_LANES[3].u_mac_lane/prod_reg_reg[0][0]/clk
pin:tr_soc_top_mx/u_dot/GEN_MAC_LANES[3].u_mac_lane/prod_reg_reg[0][1]/clk
pin:tr_soc_top_mx/u_dot/GEN_MAC_LANES[3].u_mac_lane/prod_reg_reg[0][2]/clk
pin:tr_soc_top_mx/u_dot/GEN_MAC_LANES[3].u_mac_lane/prod_reg_reg[0][3]/clk
pin:tr_soc_top_mx/u_dot/GEN_MAC_LANES[3].u_mac_lane/prod_reg_reg[0][4]/clk
pin:tr_soc_top_mx/u_dot/GEN_MAC_LANES[3].u_mac_lane/prod_reg_reg[0][5]/clk
pin:tr_soc_top_mx/u_dot/GEN_MAC_LANES[3].u_mac_lane/prod_reg_reg[0][6]/clk
pin:tr_soc_top_mx/u_dot/GEN_MAC_LANES[3].u_mac_lane/prod_reg_reg[0][7]/clk
pin:tr_soc_top_mx/u_dot/GEN_MAC_LANES[3].u_mac_lane/prod_reg_reg[0][8]/clk
pin:tr_soc_top_mx/u_dot/GEN_MAC_LANES[3].u_mac_lane/prod_reg_reg[0][9]/clk
pin:tr_soc_top_mx/u_dot/GEN_MAC_LANES[3].u_mac_lane/prod_reg_reg[0][10]/clk
pin:tr_soc_top_mx/u_dot/GEN_MAC_LANES[3].u_mac_lane/prod_reg_reg[0][11]/clk
pin:tr_soc_top_mx/u_dot/GEN_MAC_LANES[3].u_mac_lane/prod_reg_reg[0][12]/clk
pin:tr_soc_top_mx/u_dot/GEN_MAC_LANES[3].u_mac_lane/prod_reg_reg[0][13]/clk
pin:tr_soc_top_mx/u_dot/GEN_MAC_LANES[3].u_mac_lane/prod_reg_reg[0][14]/clk
pin:tr_soc_top_mx/u_dot/GEN_MAC_LANES[3].u_mac_lane/prod_reg_reg[0][15]/clk
pin:tr_soc_top_mx/u_dot/GEN_MAC_LANES[3].u_mac_lane/prod_reg_reg[0][16]/clk
pin:tr_soc_top_mx/u_dot/GEN_MAC_LANES[3].u_mac_lane/prod_reg_reg[0][17]/clk
pin:tr_soc_top_mx/u_dot/GEN_MAC_LANES[3].u_mac_lane/c_reg2_reg[0]/clk
pin:tr_soc_top_mx/u_dot/GEN_MAC_LANES[3].u_mac_lane/c_reg2_reg[1]/clk
pin:tr_soc_top_mx/u_dot/GEN_MAC_LANES[3].u_mac_lane/c_reg2_reg[2]/clk
pin:tr_soc_top_mx/u_dot/GEN_MAC_LANES[3].u_mac_lane/c_reg2_reg[3]/clk
pin:tr_soc_top_mx/u_dot/GEN_MAC_LANES[3].u_mac_lane/c_reg2_reg[4]/clk
pin:tr_soc_top_mx/u_dot/GEN_MAC_LANES[3].u_mac_lane/c_reg2_reg[5]/clk
pin:tr_soc_top_mx/u_dot/GEN_MAC_LANES[3].u_mac_lane/c_reg2_reg[6]/clk
pin:tr_soc_top_mx/u_dot/GEN_MAC_LANES[3].u_mac_lane/c_reg2_reg[7]/clk
pin:tr_soc_top_mx/u_dot/GEN_MAC_LANES[3].u_mac_lane/c_reg2_reg[8]/clk
pin:tr_soc_top_mx/u_dot/GEN_MAC_LANES[3].u_mac_lane/c_reg2_reg[9]/clk
pin:tr_soc_top_mx/u_dot/GEN_MAC_LANES[3].u_mac_lane/c_reg2_reg[10]/clk
pin:tr_soc_top_mx/u_dot/GEN_MAC_LANES[3].u_mac_lane/c_reg2_reg[11]/clk
pin:tr_soc_top_mx/u_dot/GEN_MAC_LANES[3].u_mac_lane/c_reg2_reg[12]/clk
pin:tr_soc_top_mx/u_dot/GEN_MAC_LANES[3].u_mac_lane/c_reg2_reg[13]/clk
pin:tr_soc_top_mx/u_dot/GEN_MAC_LANES[3].u_mac_lane/c_reg2_reg[14]/clk
pin:tr_soc_top_mx/u_dot/GEN_MAC_LANES[3].u_mac_lane/c_reg2_reg[15]/clk
pin:tr_soc_top_mx/u_dot/GEN_MAC_LANES[3].u_mac_lane/c_reg2_reg[16]/clk
pin:tr_soc_top_mx/u_dot/GEN_MAC_LANES[3].u_mac_lane/c_reg2_reg[17]/clk
pin:tr_soc_top_mx/u_dot/GEN_MAC_LANES[3].u_mac_lane/c_reg2_reg[18]/clk
pin:tr_soc_top_mx/u_dot/GEN_MAC_LANES[3].u_mac_lane/c_reg2_reg[19]/clk
pin:tr_soc_top_mx/u_dot/GEN_MAC_LANES[3].u_mac_lane/c_reg2_reg[20]/clk
pin:tr_soc_top_mx/u_dot/GEN_MAC_LANES[3].u_mac_lane/c_reg2_reg[21]/clk
pin:tr_soc_top_mx/u_dot/GEN_MAC_LANES[3].u_mac_lane/c_reg2_reg[22]/clk
pin:tr_soc_top_mx/u_dot/GEN_MAC_LANES[3].u_mac_lane/c_reg2_reg[23]/clk
pin:tr_soc_top_mx/u_dot/GEN_MAC_LANES[3].u_mac_lane/c_reg2_reg[24]/clk
pin:tr_soc_top_mx/u_dot/GEN_MAC_LANES[3].u_mac_lane/c_reg2_reg[25]/clk
pin:tr_soc_top_mx/u_dot/GEN_MAC_LANES[3].u_mac_lane/c_reg2_reg[26]/clk
pin:tr_soc_top_mx/u_dot/GEN_MAC_LANES[3].u_mac_lane/c_reg2_reg[27]/clk
pin:tr_soc_top_mx/u_dot/GEN_MAC_LANES[3].u_mac_lane/c_reg2_reg[28]/clk
pin:tr_soc_top_mx/u_dot/GEN_MAC_LANES[3].u_mac_lane/c_reg2_reg[29]/clk
pin:tr_soc_top_mx/u_dot/GEN_MAC_LANES[3].u_mac_lane/c_reg2_reg[30]/clk
pin:tr_soc_top_mx/u_dot/GEN_MAC_LANES[3].u_mac_lane/c_reg2_reg[31]/clk
pin:tr_soc_top_mx/u_dot/GEN_MAC_LANES[3].u_mac_lane/v2_reg/clk
pin:tr_soc_top_mx/u_dot/GEN_MAC_LANES[3].u_mac_lane/clr2_reg/clk
pin:tr_soc_top_mx/u_dot/GEN_MAC_LANES[3].u_mac_lane/vec_sum_reg_reg[0]/clk
pin:tr_soc_top_mx/u_dot/GEN_MAC_LANES[3].u_mac_lane/vec_sum_reg_reg[1]/clk
pin:tr_soc_top_mx/u_dot/GEN_MAC_LANES[3].u_mac_lane/vec_sum_reg_reg[2]/clk
pin:tr_soc_top_mx/u_dot/GEN_MAC_LANES[3].u_mac_lane/vec_sum_reg_reg[3]/clk
pin:tr_soc_top_mx/u_dot/GEN_MAC_LANES[3].u_mac_lane/vec_sum_reg_reg[4]/clk
pin:tr_soc_top_mx/u_dot/GEN_MAC_LANES[3].u_mac_lane/vec_sum_reg_reg[5]/clk
pin:tr_soc_top_mx/u_dot/GEN_MAC_LANES[3].u_mac_lane/vec_sum_reg_reg[6]/clk
pin:tr_soc_top_mx/u_dot/GEN_MAC_LANES[3].u_mac_lane/vec_sum_reg_reg[7]/clk
pin:tr_soc_top_mx/u_dot/GEN_MAC_LANES[3].u_mac_lane/vec_sum_reg_reg[8]/clk
pin:tr_soc_top_mx/u_dot/GEN_MAC_LANES[3].u_mac_lane/vec_sum_reg_reg[9]/clk
pin:tr_soc_top_mx/u_dot/GEN_MAC_LANES[3].u_mac_lane/vec_sum_reg_reg[10]/clk
pin:tr_soc_top_mx/u_dot/GEN_MAC_LANES[3].u_mac_lane/vec_sum_reg_reg[11]/clk
pin:tr_soc_top_mx/u_dot/GEN_MAC_LANES[3].u_mac_lane/vec_sum_reg_reg[12]/clk
pin:tr_soc_top_mx/u_dot/GEN_MAC_LANES[3].u_mac_lane/vec_sum_reg_reg[13]/clk
pin:tr_soc_top_mx/u_dot/GEN_MAC_LANES[3].u_mac_lane/vec_sum_reg_reg[14]/clk
pin:tr_soc_top_mx/u_dot/GEN_MAC_LANES[3].u_mac_lane/vec_sum_reg_reg[15]/clk
pin:tr_soc_top_mx/u_dot/GEN_MAC_LANES[3].u_mac_lane/vec_sum_reg_reg[16]/clk
pin:tr_soc_top_mx/u_dot/GEN_MAC_LANES[3].u_mac_lane/vec_sum_reg_reg[17]/clk
pin:tr_soc_top_mx/u_dot/GEN_MAC_LANES[3].u_mac_lane/vec_sum_reg_reg[18]/clk
pin:tr_soc_top_mx/u_dot/GEN_MAC_LANES[3].u_mac_lane/vec_sum_reg_reg[19]/clk
pin:tr_soc_top_mx/u_dot/GEN_MAC_LANES[3].u_mac_lane/vec_sum_reg_reg[20]/clk
pin:tr_soc_top_mx/u_dot/GEN_MAC_LANES[3].u_mac_lane/vec_sum_reg_reg[21]/clk
pin:tr_soc_top_mx/u_dot/GEN_MAC_LANES[3].u_mac_lane/vec_sum_reg_reg[22]/clk
pin:tr_soc_top_mx/u_dot/GEN_MAC_LANES[3].u_mac_lane/vec_sum_reg_reg[23]/clk
pin:tr_soc_top_mx/u_dot/GEN_MAC_LANES[3].u_mac_lane/vec_sum_reg_reg[24]/clk
pin:tr_soc_top_mx/u_dot/GEN_MAC_LANES[3].u_mac_lane/vec_sum_reg_reg[25]/clk
pin:tr_soc_top_mx/u_dot/GEN_MAC_LANES[3].u_mac_lane/vec_sum_reg_reg[26]/clk
pin:tr_soc_top_mx/u_dot/GEN_MAC_LANES[3].u_mac_lane/vec_sum_reg_reg[27]/clk
pin:tr_soc_top_mx/u_dot/GEN_MAC_LANES[3].u_mac_lane/vec_sum_reg_reg[28]/clk
pin:tr_soc_top_mx/u_dot/GEN_MAC_LANES[3].u_mac_lane/vec_sum_reg_reg[29]/clk
pin:tr_soc_top_mx/u_dot/GEN_MAC_LANES[3].u_mac_lane/vec_sum_reg_reg[30]/clk
pin:tr_soc_top_mx/u_dot/GEN_MAC_LANES[3].u_mac_lane/vec_sum_reg_reg[31]/clk
pin:tr_soc_top_mx/u_dot/GEN_MAC_LANES[3].u_mac_lane/c_reg3_reg[0]/clk
pin:tr_soc_top_mx/u_dot/GEN_MAC_LANES[3].u_mac_lane/c_reg3_reg[1]/clk
pin:tr_soc_top_mx/u_dot/GEN_MAC_LANES[3].u_mac_lane/c_reg3_reg[2]/clk
pin:tr_soc_top_mx/u_dot/GEN_MAC_LANES[3].u_mac_lane/c_reg3_reg[3]/clk
pin:tr_soc_top_mx/u_dot/GEN_MAC_LANES[3].u_mac_lane/c_reg3_reg[4]/clk
pin:tr_soc_top_mx/u_dot/GEN_MAC_LANES[3].u_mac_lane/c_reg3_reg[5]/clk
pin:tr_soc_top_mx/u_dot/GEN_MAC_LANES[3].u_mac_lane/c_reg3_reg[6]/clk
pin:tr_soc_top_mx/u_dot/GEN_MAC_LANES[3].u_mac_lane/c_reg3_reg[7]/clk
pin:tr_soc_top_mx/u_dot/GEN_MAC_LANES[3].u_mac_lane/c_reg3_reg[8]/clk
pin:tr_soc_top_mx/u_dot/GEN_MAC_LANES[3].u_mac_lane/c_reg3_reg[9]/clk
pin:tr_soc_top_mx/u_dot/GEN_MAC_LANES[3].u_mac_lane/c_reg3_reg[10]/clk
pin:tr_soc_top_mx/u_dot/GEN_MAC_LANES[3].u_mac_lane/c_reg3_reg[11]/clk
pin:tr_soc_top_mx/u_dot/GEN_MAC_LANES[3].u_mac_lane/c_reg3_reg[12]/clk
pin:tr_soc_top_mx/u_dot/GEN_MAC_LANES[3].u_mac_lane/c_reg3_reg[13]/clk
pin:tr_soc_top_mx/u_dot/GEN_MAC_LANES[3].u_mac_lane/c_reg3_reg[14]/clk
pin:tr_soc_top_mx/u_dot/GEN_MAC_LANES[3].u_mac_lane/c_reg3_reg[15]/clk
pin:tr_soc_top_mx/u_dot/GEN_MAC_LANES[3].u_mac_lane/c_reg3_reg[16]/clk
pin:tr_soc_top_mx/u_dot/GEN_MAC_LANES[3].u_mac_lane/c_reg3_reg[17]/clk
pin:tr_soc_top_mx/u_dot/GEN_MAC_LANES[3].u_mac_lane/c_reg3_reg[18]/clk
pin:tr_soc_top_mx/u_dot/GEN_MAC_LANES[3].u_mac_lane/c_reg3_reg[19]/clk
pin:tr_soc_top_mx/u_dot/GEN_MAC_LANES[3].u_mac_lane/c_reg3_reg[20]/clk
pin:tr_soc_top_mx/u_dot/GEN_MAC_LANES[3].u_mac_lane/c_reg3_reg[21]/clk
pin:tr_soc_top_mx/u_dot/GEN_MAC_LANES[3].u_mac_lane/c_reg3_reg[22]/clk
pin:tr_soc_top_mx/u_dot/GEN_MAC_LANES[3].u_mac_lane/c_reg3_reg[23]/clk
pin:tr_soc_top_mx/u_dot/GEN_MAC_LANES[3].u_mac_lane/c_reg3_reg[24]/clk
pin:tr_soc_top_mx/u_dot/GEN_MAC_LANES[3].u_mac_lane/c_reg3_reg[25]/clk
pin:tr_soc_top_mx/u_dot/GEN_MAC_LANES[3].u_mac_lane/c_reg3_reg[26]/clk
pin:tr_soc_top_mx/u_dot/GEN_MAC_LANES[3].u_mac_lane/c_reg3_reg[27]/clk
pin:tr_soc_top_mx/u_dot/GEN_MAC_LANES[3].u_mac_lane/c_reg3_reg[28]/clk
pin:tr_soc_top_mx/u_dot/GEN_MAC_LANES[3].u_mac_lane/c_reg3_reg[29]/clk
pin:tr_soc_top_mx/u_dot/GEN_MAC_LANES[3].u_mac_lane/c_reg3_reg[30]/clk
pin:tr_soc_top_mx/u_dot/GEN_MAC_LANES[3].u_mac_lane/c_reg3_reg[31]/clk
pin:tr_soc_top_mx/u_dot/GEN_MAC_LANES[3].u_mac_lane/v3_reg/clk
pin:tr_soc_top_mx/u_dot/GEN_MAC_LANES[3].u_mac_lane/clr3_reg/clk
pin:tr_soc_top_mx/u_dot/GEN_MAC_LANES[3].u_mac_lane/out_valid_reg/clk
pin:tr_soc_top_mx/u_dot/GEN_MAC_LANES[3].u_mac_lane/out_dot_reg[0]/clk
pin:tr_soc_top_mx/u_dot/GEN_MAC_LANES[3].u_mac_lane/out_dot_reg[1]/clk
pin:tr_soc_top_mx/u_dot/GEN_MAC_LANES[3].u_mac_lane/out_dot_reg[2]/clk
pin:tr_soc_top_mx/u_dot/GEN_MAC_LANES[3].u_mac_lane/out_dot_reg[3]/clk
pin:tr_soc_top_mx/u_dot/GEN_MAC_LANES[3].u_mac_lane/out_dot_reg[4]/clk
pin:tr_soc_top_mx/u_dot/GEN_MAC_LANES[3].u_mac_lane/out_dot_reg[5]/clk
pin:tr_soc_top_mx/u_dot/GEN_MAC_LANES[3].u_mac_lane/out_dot_reg[6]/clk
pin:tr_soc_top_mx/u_dot/GEN_MAC_LANES[3].u_mac_lane/out_dot_reg[7]/clk
pin:tr_soc_top_mx/u_dot/GEN_MAC_LANES[3].u_mac_lane/out_dot_reg[8]/clk
pin:tr_soc_top_mx/u_dot/GEN_MAC_LANES[3].u_mac_lane/out_dot_reg[9]/clk
pin:tr_soc_top_mx/u_dot/GEN_MAC_LANES[3].u_mac_lane/out_dot_reg[10]/clk
pin:tr_soc_top_mx/u_dot/GEN_MAC_LANES[3].u_mac_lane/out_dot_reg[11]/clk
pin:tr_soc_top_mx/u_dot/GEN_MAC_LANES[3].u_mac_lane/out_dot_reg[12]/clk
pin:tr_soc_top_mx/u_dot/GEN_MAC_LANES[3].u_mac_lane/out_dot_reg[13]/clk
pin:tr_soc_top_mx/u_dot/GEN_MAC_LANES[3].u_mac_lane/out_dot_reg[14]/clk
pin:tr_soc_top_mx/u_dot/GEN_MAC_LANES[3].u_mac_lane/out_dot_reg[15]/clk
pin:tr_soc_top_mx/u_dot/GEN_MAC_LANES[3].u_mac_lane/out_dot_reg[16]/clk
pin:tr_soc_top_mx/u_dot/GEN_MAC_LANES[3].u_mac_lane/out_dot_reg[17]/clk
pin:tr_soc_top_mx/u_dot/GEN_MAC_LANES[3].u_mac_lane/out_dot_reg[18]/clk
pin:tr_soc_top_mx/u_dot/GEN_MAC_LANES[3].u_mac_lane/out_dot_reg[19]/clk
pin:tr_soc_top_mx/u_dot/GEN_MAC_LANES[3].u_mac_lane/out_dot_reg[20]/clk
pin:tr_soc_top_mx/u_dot/GEN_MAC_LANES[3].u_mac_lane/out_dot_reg[21]/clk
pin:tr_soc_top_mx/u_dot/GEN_MAC_LANES[3].u_mac_lane/out_dot_reg[22]/clk
pin:tr_soc_top_mx/u_dot/GEN_MAC_LANES[3].u_mac_lane/out_dot_reg[23]/clk
pin:tr_soc_top_mx/u_dot/GEN_MAC_LANES[3].u_mac_lane/out_dot_reg[24]/clk
pin:tr_soc_top_mx/u_dot/GEN_MAC_LANES[3].u_mac_lane/out_dot_reg[25]/clk
pin:tr_soc_top_mx/u_dot/GEN_MAC_LANES[3].u_mac_lane/out_dot_reg[26]/clk
pin:tr_soc_top_mx/u_dot/GEN_MAC_LANES[3].u_mac_lane/out_dot_reg[27]/clk
pin:tr_soc_top_mx/u_dot/GEN_MAC_LANES[3].u_mac_lane/out_dot_reg[28]/clk
pin:tr_soc_top_mx/u_dot/GEN_MAC_LANES[3].u_mac_lane/out_dot_reg[29]/clk
pin:tr_soc_top_mx/u_dot/GEN_MAC_LANES[3].u_mac_lane/out_dot_reg[30]/clk
pin:tr_soc_top_mx/u_dot/GEN_MAC_LANES[3].u_mac_lane/out_dot_reg[31]/clk
pin:tr_soc_top_mx/u_req_mx/st1_dot_in_reg[3][0]/clk
pin:tr_soc_top_mx/u_req_mx/st1_dot_in_reg[3][1]/clk
pin:tr_soc_top_mx/u_req_mx/st1_dot_in_reg[3][2]/clk
pin:tr_soc_top_mx/u_req_mx/st1_dot_in_reg[3][3]/clk
pin:tr_soc_top_mx/u_req_mx/st1_dot_in_reg[3][4]/clk
pin:tr_soc_top_mx/u_req_mx/st1_dot_in_reg[3][5]/clk
pin:tr_soc_top_mx/u_req_mx/st1_dot_in_reg[3][6]/clk
pin:tr_soc_top_mx/u_req_mx/st1_dot_in_reg[3][7]/clk
pin:tr_soc_top_mx/u_req_mx/st1_dot_in_reg[3][8]/clk
pin:tr_soc_top_mx/u_req_mx/st1_dot_in_reg[3][9]/clk
pin:tr_soc_top_mx/u_req_mx/st1_dot_in_reg[3][10]/clk
pin:tr_soc_top_mx/u_req_mx/st1_dot_in_reg[3][11]/clk
pin:tr_soc_top_mx/u_req_mx/st1_dot_in_reg[3][12]/clk
pin:tr_soc_top_mx/u_req_mx/st1_dot_in_reg[3][13]/clk
pin:tr_soc_top_mx/u_req_mx/st1_dot_in_reg[3][14]/clk
pin:tr_soc_top_mx/u_req_mx/st1_dot_in_reg[3][15]/clk
pin:tr_soc_top_mx/u_req_mx/st1_dot_in_reg[3][16]/clk
pin:tr_soc_top_mx/u_req_mx/st1_dot_in_reg[3][17]/clk
pin:tr_soc_top_mx/u_req_mx/st1_dot_in_reg[3][18]/clk
pin:tr_soc_top_mx/u_req_mx/st1_dot_in_reg[3][19]/clk
pin:tr_soc_top_mx/u_req_mx/st1_dot_in_reg[3][20]/clk
pin:tr_soc_top_mx/u_req_mx/st1_dot_in_reg[3][21]/clk
pin:tr_soc_top_mx/u_req_mx/st1_dot_in_reg[3][22]/clk
pin:tr_soc_top_mx/u_req_mx/st1_dot_in_reg[3][23]/clk
pin:tr_soc_top_mx/u_req_mx/st1_dot_in_reg[3][24]/clk
pin:tr_soc_top_mx/u_req_mx/st1_dot_in_reg[3][25]/clk
pin:tr_soc_top_mx/u_req_mx/st1_dot_in_reg[3][26]/clk
pin:tr_soc_top_mx/u_req_mx/st1_dot_in_reg[3][27]/clk
pin:tr_soc_top_mx/u_req_mx/st1_dot_in_reg[3][28]/clk
pin:tr_soc_top_mx/u_req_mx/st1_dot_in_reg[3][29]/clk
pin:tr_soc_top_mx/u_req_mx/st1_dot_in_reg[3][30]/clk
pin:tr_soc_top_mx/u_req_mx/st1_dot_in_reg[3][31]/clk
pin:tr_soc_top_mx/u_req_mx/st1_dot_in_reg[2][0]/clk
pin:tr_soc_top_mx/u_req_mx/st1_dot_in_reg[2][1]/clk
pin:tr_soc_top_mx/u_req_mx/st1_dot_in_reg[2][2]/clk
pin:tr_soc_top_mx/u_req_mx/st1_dot_in_reg[2][3]/clk
pin:tr_soc_top_mx/u_req_mx/st1_dot_in_reg[2][4]/clk
pin:tr_soc_top_mx/u_req_mx/st1_dot_in_reg[2][5]/clk
pin:tr_soc_top_mx/u_req_mx/st1_dot_in_reg[2][6]/clk
pin:tr_soc_top_mx/u_req_mx/st1_dot_in_reg[2][7]/clk
pin:tr_soc_top_mx/u_req_mx/st1_dot_in_reg[2][8]/clk
pin:tr_soc_top_mx/u_req_mx/st1_dot_in_reg[2][9]/clk
pin:tr_soc_top_mx/u_req_mx/st1_dot_in_reg[2][10]/clk
pin:tr_soc_top_mx/u_req_mx/st1_dot_in_reg[2][11]/clk
pin:tr_soc_top_mx/u_req_mx/st1_dot_in_reg[2][12]/clk
pin:tr_soc_top_mx/u_req_mx/st1_dot_in_reg[2][13]/clk
pin:tr_soc_top_mx/u_req_mx/st1_dot_in_reg[2][14]/clk
pin:tr_soc_top_mx/u_req_mx/st1_dot_in_reg[2][15]/clk
pin:tr_soc_top_mx/u_req_mx/st1_dot_in_reg[2][16]/clk
pin:tr_soc_top_mx/u_req_mx/st1_dot_in_reg[2][17]/clk
pin:tr_soc_top_mx/u_req_mx/st1_dot_in_reg[2][18]/clk
pin:tr_soc_top_mx/u_req_mx/st1_dot_in_reg[2][19]/clk
pin:tr_soc_top_mx/u_req_mx/st1_dot_in_reg[2][20]/clk
pin:tr_soc_top_mx/u_req_mx/st1_dot_in_reg[2][21]/clk
pin:tr_soc_top_mx/u_req_mx/st1_dot_in_reg[2][22]/clk
pin:tr_soc_top_mx/u_req_mx/st1_dot_in_reg[2][23]/clk
pin:tr_soc_top_mx/u_req_mx/st1_dot_in_reg[2][24]/clk
pin:tr_soc_top_mx/u_req_mx/st1_dot_in_reg[2][25]/clk
pin:tr_soc_top_mx/u_req_mx/st1_dot_in_reg[2][26]/clk
pin:tr_soc_top_mx/u_req_mx/st1_dot_in_reg[2][27]/clk
pin:tr_soc_top_mx/u_req_mx/st1_dot_in_reg[2][28]/clk
pin:tr_soc_top_mx/u_req_mx/st1_dot_in_reg[2][29]/clk
pin:tr_soc_top_mx/u_req_mx/st1_dot_in_reg[2][30]/clk
pin:tr_soc_top_mx/u_req_mx/st1_dot_in_reg[2][31]/clk
pin:tr_soc_top_mx/u_req_mx/st1_dot_in_reg[1][0]/clk
pin:tr_soc_top_mx/u_req_mx/st1_dot_in_reg[1][1]/clk
pin:tr_soc_top_mx/u_req_mx/st1_dot_in_reg[1][2]/clk
pin:tr_soc_top_mx/u_req_mx/st1_dot_in_reg[1][3]/clk
pin:tr_soc_top_mx/u_req_mx/st1_dot_in_reg[1][4]/clk
pin:tr_soc_top_mx/u_req_mx/st1_dot_in_reg[1][5]/clk
pin:tr_soc_top_mx/u_req_mx/st1_dot_in_reg[1][6]/clk
pin:tr_soc_top_mx/u_req_mx/st1_dot_in_reg[1][7]/clk
pin:tr_soc_top_mx/u_req_mx/st1_dot_in_reg[1][8]/clk
pin:tr_soc_top_mx/u_req_mx/st1_dot_in_reg[1][9]/clk
pin:tr_soc_top_mx/u_req_mx/st1_dot_in_reg[1][10]/clk
pin:tr_soc_top_mx/u_req_mx/st1_dot_in_reg[1][11]/clk
pin:tr_soc_top_mx/u_req_mx/st1_dot_in_reg[1][12]/clk
pin:tr_soc_top_mx/u_req_mx/st1_dot_in_reg[1][13]/clk
pin:tr_soc_top_mx/u_req_mx/st1_dot_in_reg[1][14]/clk
pin:tr_soc_top_mx/u_req_mx/st1_dot_in_reg[1][15]/clk
pin:tr_soc_top_mx/u_req_mx/st1_dot_in_reg[1][16]/clk
pin:tr_soc_top_mx/u_req_mx/st1_dot_in_reg[1][17]/clk
pin:tr_soc_top_mx/u_req_mx/st1_dot_in_reg[1][18]/clk
pin:tr_soc_top_mx/u_req_mx/st1_dot_in_reg[1][19]/clk
pin:tr_soc_top_mx/u_req_mx/st1_dot_in_reg[1][20]/clk
pin:tr_soc_top_mx/u_req_mx/st1_dot_in_reg[1][21]/clk
pin:tr_soc_top_mx/u_req_mx/st1_dot_in_reg[1][22]/clk
pin:tr_soc_top_mx/u_req_mx/st1_dot_in_reg[1][23]/clk
pin:tr_soc_top_mx/u_req_mx/st1_dot_in_reg[1][24]/clk
pin:tr_soc_top_mx/u_req_mx/st1_dot_in_reg[1][25]/clk
pin:tr_soc_top_mx/u_req_mx/st1_dot_in_reg[1][26]/clk
pin:tr_soc_top_mx/u_req_mx/st1_dot_in_reg[1][27]/clk
pin:tr_soc_top_mx/u_req_mx/st1_dot_in_reg[1][28]/clk
pin:tr_soc_top_mx/u_req_mx/st1_dot_in_reg[1][29]/clk
pin:tr_soc_top_mx/u_req_mx/st1_dot_in_reg[1][30]/clk
pin:tr_soc_top_mx/u_req_mx/st1_dot_in_reg[1][31]/clk
pin:tr_soc_top_mx/u_req_mx/st1_dot_in_reg[0][0]/clk
pin:tr_soc_top_mx/u_req_mx/st1_dot_in_reg[0][1]/clk
pin:tr_soc_top_mx/u_req_mx/st1_dot_in_reg[0][2]/clk
pin:tr_soc_top_mx/u_req_mx/st1_dot_in_reg[0][3]/clk
pin:tr_soc_top_mx/u_req_mx/st1_dot_in_reg[0][4]/clk
pin:tr_soc_top_mx/u_req_mx/st1_dot_in_reg[0][5]/clk
pin:tr_soc_top_mx/u_req_mx/st1_dot_in_reg[0][6]/clk
pin:tr_soc_top_mx/u_req_mx/st1_dot_in_reg[0][7]/clk
pin:tr_soc_top_mx/u_req_mx/st1_dot_in_reg[0][8]/clk
pin:tr_soc_top_mx/u_req_mx/st1_dot_in_reg[0][9]/clk
pin:tr_soc_top_mx/u_req_mx/st1_dot_in_reg[0][10]/clk
pin:tr_soc_top_mx/u_req_mx/st1_dot_in_reg[0][11]/clk
pin:tr_soc_top_mx/u_req_mx/st1_dot_in_reg[0][12]/clk
pin:tr_soc_top_mx/u_req_mx/st1_dot_in_reg[0][13]/clk
pin:tr_soc_top_mx/u_req_mx/st1_dot_in_reg[0][14]/clk
pin:tr_soc_top_mx/u_req_mx/st1_dot_in_reg[0][15]/clk
pin:tr_soc_top_mx/u_req_mx/st1_dot_in_reg[0][16]/clk
pin:tr_soc_top_mx/u_req_mx/st1_dot_in_reg[0][17]/clk
pin:tr_soc_top_mx/u_req_mx/st1_dot_in_reg[0][18]/clk
pin:tr_soc_top_mx/u_req_mx/st1_dot_in_reg[0][19]/clk
pin:tr_soc_top_mx/u_req_mx/st1_dot_in_reg[0][20]/clk
pin:tr_soc_top_mx/u_req_mx/st1_dot_in_reg[0][21]/clk
pin:tr_soc_top_mx/u_req_mx/st1_dot_in_reg[0][22]/clk
pin:tr_soc_top_mx/u_req_mx/st1_dot_in_reg[0][23]/clk
pin:tr_soc_top_mx/u_req_mx/st1_dot_in_reg[0][24]/clk
pin:tr_soc_top_mx/u_req_mx/st1_dot_in_reg[0][25]/clk
pin:tr_soc_top_mx/u_req_mx/st1_dot_in_reg[0][26]/clk
pin:tr_soc_top_mx/u_req_mx/st1_dot_in_reg[0][27]/clk
pin:tr_soc_top_mx/u_req_mx/st1_dot_in_reg[0][28]/clk
pin:tr_soc_top_mx/u_req_mx/st1_dot_in_reg[0][29]/clk
pin:tr_soc_top_mx/u_req_mx/st1_dot_in_reg[0][30]/clk
pin:tr_soc_top_mx/u_req_mx/st1_dot_in_reg[0][31]/clk
pin:tr_soc_top_mx/u_req_mx/st1_base_exp_reg[0]/clk
pin:tr_soc_top_mx/u_req_mx/st1_base_exp_reg[1]/clk
pin:tr_soc_top_mx/u_req_mx/st1_base_exp_reg[2]/clk
pin:tr_soc_top_mx/u_req_mx/st1_base_exp_reg[3]/clk
pin:tr_soc_top_mx/u_req_mx/st1_base_exp_reg[4]/clk
pin:tr_soc_top_mx/u_req_mx/st1_base_exp_reg[5]/clk
pin:tr_soc_top_mx/u_req_mx/st1_base_exp_reg[6]/clk
pin:tr_soc_top_mx/u_req_mx/st1_base_exp_reg[7]/clk
pin:tr_soc_top_mx/u_req_mx/st1_max_abs_reg[0]/clk
pin:tr_soc_top_mx/u_req_mx/st1_max_abs_reg[1]/clk
pin:tr_soc_top_mx/u_req_mx/st1_max_abs_reg[2]/clk
pin:tr_soc_top_mx/u_req_mx/st1_max_abs_reg[3]/clk
pin:tr_soc_top_mx/u_req_mx/st1_max_abs_reg[4]/clk
pin:tr_soc_top_mx/u_req_mx/st1_max_abs_reg[5]/clk
pin:tr_soc_top_mx/u_req_mx/st1_max_abs_reg[6]/clk
pin:tr_soc_top_mx/u_req_mx/st1_max_abs_reg[7]/clk
pin:tr_soc_top_mx/u_req_mx/st1_max_abs_reg[8]/clk
pin:tr_soc_top_mx/u_req_mx/st1_max_abs_reg[9]/clk
pin:tr_soc_top_mx/u_req_mx/st1_max_abs_reg[10]/clk
pin:tr_soc_top_mx/u_req_mx/st1_max_abs_reg[11]/clk
pin:tr_soc_top_mx/u_req_mx/st1_max_abs_reg[12]/clk
pin:tr_soc_top_mx/u_req_mx/st1_max_abs_reg[13]/clk
pin:tr_soc_top_mx/u_req_mx/st1_max_abs_reg[14]/clk
pin:tr_soc_top_mx/u_req_mx/st1_max_abs_reg[15]/clk
pin:tr_soc_top_mx/u_req_mx/st1_max_abs_reg[16]/clk
pin:tr_soc_top_mx/u_req_mx/st1_max_abs_reg[17]/clk
pin:tr_soc_top_mx/u_req_mx/st1_max_abs_reg[18]/clk
pin:tr_soc_top_mx/u_req_mx/st1_max_abs_reg[19]/clk
pin:tr_soc_top_mx/u_req_mx/st1_max_abs_reg[20]/clk
pin:tr_soc_top_mx/u_req_mx/st1_max_abs_reg[21]/clk
pin:tr_soc_top_mx/u_req_mx/st1_max_abs_reg[22]/clk
pin:tr_soc_top_mx/u_req_mx/st1_max_abs_reg[23]/clk
pin:tr_soc_top_mx/u_req_mx/st1_max_abs_reg[24]/clk
pin:tr_soc_top_mx/u_req_mx/st1_max_abs_reg[25]/clk
pin:tr_soc_top_mx/u_req_mx/st1_max_abs_reg[26]/clk
pin:tr_soc_top_mx/u_req_mx/st1_max_abs_reg[27]/clk
pin:tr_soc_top_mx/u_req_mx/st1_max_abs_reg[28]/clk
pin:tr_soc_top_mx/u_req_mx/st1_max_abs_reg[29]/clk
pin:tr_soc_top_mx/u_req_mx/st1_max_abs_reg[30]/clk
pin:tr_soc_top_mx/u_req_mx/st1_max_abs_reg[31]/clk
pin:tr_soc_top_mx/u_req_mx/st1_valid_reg/clk
pin:tr_soc_top_mx/u_req_mx/req_out_valid_reg/clk
pin:tr_soc_top_mx/u_req_mx/req_vec_out_reg[3][0]/clk
pin:tr_soc_top_mx/u_req_mx/req_vec_out_reg[3][1]/clk
pin:tr_soc_top_mx/u_req_mx/req_vec_out_reg[3][2]/clk
pin:tr_soc_top_mx/u_req_mx/req_vec_out_reg[3][3]/clk
pin:tr_soc_top_mx/u_req_mx/req_vec_out_reg[3][4]/clk
pin:tr_soc_top_mx/u_req_mx/req_vec_out_reg[3][5]/clk
pin:tr_soc_top_mx/u_req_mx/req_vec_out_reg[3][6]/clk
pin:tr_soc_top_mx/u_req_mx/req_vec_out_reg[3][7]/clk
pin:tr_soc_top_mx/u_req_mx/req_vec_out_reg[2][0]/clk
pin:tr_soc_top_mx/u_req_mx/req_vec_out_reg[2][1]/clk
pin:tr_soc_top_mx/u_req_mx/req_vec_out_reg[2][2]/clk
pin:tr_soc_top_mx/u_req_mx/req_vec_out_reg[2][3]/clk
pin:tr_soc_top_mx/u_req_mx/req_vec_out_reg[2][4]/clk
pin:tr_soc_top_mx/u_req_mx/req_vec_out_reg[2][5]/clk
pin:tr_soc_top_mx/u_req_mx/req_vec_out_reg[2][6]/clk
pin:tr_soc_top_mx/u_req_mx/req_vec_out_reg[2][7]/clk
pin:tr_soc_top_mx/u_req_mx/req_vec_out_reg[1][0]/clk
pin:tr_soc_top_mx/u_req_mx/req_vec_out_reg[1][1]/clk
pin:tr_soc_top_mx/u_req_mx/req_vec_out_reg[1][2]/clk
pin:tr_soc_top_mx/u_req_mx/req_vec_out_reg[1][3]/clk
pin:tr_soc_top_mx/u_req_mx/req_vec_out_reg[1][4]/clk
pin:tr_soc_top_mx/u_req_mx/req_vec_out_reg[1][5]/clk
pin:tr_soc_top_mx/u_req_mx/req_vec_out_reg[1][6]/clk
pin:tr_soc_top_mx/u_req_mx/req_vec_out_reg[1][7]/clk
pin:tr_soc_top_mx/u_req_mx/req_vec_out_reg[0][0]/clk
pin:tr_soc_top_mx/u_req_mx/req_vec_out_reg[0][1]/clk
pin:tr_soc_top_mx/u_req_mx/req_vec_out_reg[0][2]/clk
pin:tr_soc_top_mx/u_req_mx/req_vec_out_reg[0][3]/clk
pin:tr_soc_top_mx/u_req_mx/req_vec_out_reg[0][4]/clk
pin:tr_soc_top_mx/u_req_mx/req_vec_out_reg[0][5]/clk
pin:tr_soc_top_mx/u_req_mx/req_vec_out_reg[0][6]/clk
pin:tr_soc_top_mx/u_req_mx/req_vec_out_reg[0][7]/clk
pin:tr_soc_top_mx/u_req_mx/exp_total_out_reg[0]/clk
pin:tr_soc_top_mx/u_req_mx/exp_total_out_reg[1]/clk
pin:tr_soc_top_mx/u_req_mx/exp_total_out_reg[2]/clk
pin:tr_soc_top_mx/u_req_mx/exp_total_out_reg[3]/clk
pin:tr_soc_top_mx/u_req_mx/exp_total_out_reg[4]/clk
pin:tr_soc_top_mx/u_req_mx/exp_total_out_reg[5]/clk
pin:tr_soc_top_mx/u_req_mx/exp_total_out_reg[6]/clk
pin:tr_soc_top_mx/u_req_mx/exp_total_out_reg[7]/clk
pin:tr_soc_top_mx/u_vpu/u_max/stage_decl[1].data_reg[0][0]/clk
pin:tr_soc_top_mx/u_vpu/u_max/stage_decl[1].data_reg[0][1]/clk
pin:tr_soc_top_mx/u_vpu/u_max/stage_decl[1].data_reg[0][2]/clk
pin:tr_soc_top_mx/u_vpu/u_max/stage_decl[1].data_reg[0][3]/clk
pin:tr_soc_top_mx/u_vpu/u_max/stage_decl[1].data_reg[0][4]/clk
pin:tr_soc_top_mx/u_vpu/u_max/stage_decl[1].data_reg[0][5]/clk
pin:tr_soc_top_mx/u_vpu/u_max/stage_decl[1].data_reg[0][6]/clk
pin:tr_soc_top_mx/u_vpu/u_max/stage_decl[1].data_reg[0][7]/clk
pin:tr_soc_top_mx/u_vpu/u_max/stage_decl[1].data_reg[0][8]/clk
pin:tr_soc_top_mx/u_vpu/u_max/stage_decl[1].data_reg[0][9]/clk
pin:tr_soc_top_mx/u_vpu/u_max/stage_decl[1].data_reg[0][10]/clk
pin:tr_soc_top_mx/u_vpu/u_max/stage_decl[1].data_reg[0][11]/clk
pin:tr_soc_top_mx/u_vpu/u_max/stage_decl[1].data_reg[0][12]/clk
pin:tr_soc_top_mx/u_vpu/u_max/stage_decl[1].data_reg[0][13]/clk
pin:tr_soc_top_mx/u_vpu/u_max/stage_decl[1].data_reg[0][14]/clk
pin:tr_soc_top_mx/u_vpu/u_max/stage_decl[1].data_reg[0][15]/clk
pin:tr_soc_top_mx/u_vpu/u_max/stage_decl[1].data_reg[1][0]/clk
pin:tr_soc_top_mx/u_vpu/u_max/stage_decl[1].data_reg[1][1]/clk
pin:tr_soc_top_mx/u_vpu/u_max/stage_decl[1].data_reg[1][2]/clk
pin:tr_soc_top_mx/u_vpu/u_max/stage_decl[1].data_reg[1][3]/clk
pin:tr_soc_top_mx/u_vpu/u_max/stage_decl[1].data_reg[1][4]/clk
pin:tr_soc_top_mx/u_vpu/u_max/stage_decl[1].data_reg[1][5]/clk
pin:tr_soc_top_mx/u_vpu/u_max/stage_decl[1].data_reg[1][6]/clk
pin:tr_soc_top_mx/u_vpu/u_max/stage_decl[1].data_reg[1][7]/clk
pin:tr_soc_top_mx/u_vpu/u_max/stage_decl[1].data_reg[1][8]/clk
pin:tr_soc_top_mx/u_vpu/u_max/stage_decl[1].data_reg[1][9]/clk
pin:tr_soc_top_mx/u_vpu/u_max/stage_decl[1].data_reg[1][10]/clk
pin:tr_soc_top_mx/u_vpu/u_max/stage_decl[1].data_reg[1][11]/clk
pin:tr_soc_top_mx/u_vpu/u_max/stage_decl[1].data_reg[1][12]/clk
pin:tr_soc_top_mx/u_vpu/u_max/stage_decl[1].data_reg[1][13]/clk
pin:tr_soc_top_mx/u_vpu/u_max/stage_decl[1].data_reg[1][14]/clk
pin:tr_soc_top_mx/u_vpu/u_max/stage_decl[1].data_reg[1][15]/clk
pin:tr_soc_top_mx/u_vpu/u_max/stage_decl[1].data_reg[2][0]/clk
pin:tr_soc_top_mx/u_vpu/u_max/stage_decl[1].data_reg[2][1]/clk
pin:tr_soc_top_mx/u_vpu/u_max/stage_decl[1].data_reg[2][2]/clk
pin:tr_soc_top_mx/u_vpu/u_max/stage_decl[1].data_reg[2][3]/clk
pin:tr_soc_top_mx/u_vpu/u_max/stage_decl[1].data_reg[2][4]/clk
pin:tr_soc_top_mx/u_vpu/u_max/stage_decl[1].data_reg[2][5]/clk
pin:tr_soc_top_mx/u_vpu/u_max/stage_decl[1].data_reg[2][6]/clk
pin:tr_soc_top_mx/u_vpu/u_max/stage_decl[1].data_reg[2][7]/clk
pin:tr_soc_top_mx/u_vpu/u_max/stage_decl[1].data_reg[2][8]/clk
pin:tr_soc_top_mx/u_vpu/u_max/stage_decl[1].data_reg[2][9]/clk
pin:tr_soc_top_mx/u_vpu/u_max/stage_decl[1].data_reg[2][10]/clk
pin:tr_soc_top_mx/u_vpu/u_max/stage_decl[1].data_reg[2][11]/clk
pin:tr_soc_top_mx/u_vpu/u_max/stage_decl[1].data_reg[2][12]/clk
pin:tr_soc_top_mx/u_vpu/u_max/stage_decl[1].data_reg[2][13]/clk
pin:tr_soc_top_mx/u_vpu/u_max/stage_decl[1].data_reg[2][14]/clk
pin:tr_soc_top_mx/u_vpu/u_max/stage_decl[1].data_reg[2][15]/clk
pin:tr_soc_top_mx/u_vpu/u_max/stage_decl[1].data_reg[3][0]/clk
pin:tr_soc_top_mx/u_vpu/u_max/stage_decl[1].data_reg[3][1]/clk
pin:tr_soc_top_mx/u_vpu/u_max/stage_decl[1].data_reg[3][2]/clk
pin:tr_soc_top_mx/u_vpu/u_max/stage_decl[1].data_reg[3][3]/clk
pin:tr_soc_top_mx/u_vpu/u_max/stage_decl[1].data_reg[3][4]/clk
pin:tr_soc_top_mx/u_vpu/u_max/stage_decl[1].data_reg[3][5]/clk
pin:tr_soc_top_mx/u_vpu/u_max/stage_decl[1].data_reg[3][6]/clk
pin:tr_soc_top_mx/u_vpu/u_max/stage_decl[1].data_reg[3][7]/clk
pin:tr_soc_top_mx/u_vpu/u_max/stage_decl[1].data_reg[3][8]/clk
pin:tr_soc_top_mx/u_vpu/u_max/stage_decl[1].data_reg[3][9]/clk
pin:tr_soc_top_mx/u_vpu/u_max/stage_decl[1].data_reg[3][10]/clk
pin:tr_soc_top_mx/u_vpu/u_max/stage_decl[1].data_reg[3][11]/clk
pin:tr_soc_top_mx/u_vpu/u_max/stage_decl[1].data_reg[3][12]/clk
pin:tr_soc_top_mx/u_vpu/u_max/stage_decl[1].data_reg[3][13]/clk
pin:tr_soc_top_mx/u_vpu/u_max/stage_decl[1].data_reg[3][14]/clk
pin:tr_soc_top_mx/u_vpu/u_max/stage_decl[1].data_reg[3][15]/clk
pin:tr_soc_top_mx/u_vpu/u_max/stage_decl[2].data_reg[0][0]/clk
pin:tr_soc_top_mx/u_vpu/u_max/stage_decl[2].data_reg[0][1]/clk
pin:tr_soc_top_mx/u_vpu/u_max/stage_decl[2].data_reg[0][2]/clk
pin:tr_soc_top_mx/u_vpu/u_max/stage_decl[2].data_reg[0][3]/clk
pin:tr_soc_top_mx/u_vpu/u_max/stage_decl[2].data_reg[0][4]/clk
pin:tr_soc_top_mx/u_vpu/u_max/stage_decl[2].data_reg[0][5]/clk
pin:tr_soc_top_mx/u_vpu/u_max/stage_decl[2].data_reg[0][6]/clk
pin:tr_soc_top_mx/u_vpu/u_max/stage_decl[2].data_reg[0][7]/clk
pin:tr_soc_top_mx/u_vpu/u_max/stage_decl[2].data_reg[0][8]/clk
pin:tr_soc_top_mx/u_vpu/u_max/stage_decl[2].data_reg[0][9]/clk
pin:tr_soc_top_mx/u_vpu/u_max/stage_decl[2].data_reg[0][10]/clk
pin:tr_soc_top_mx/u_vpu/u_max/stage_decl[2].data_reg[0][11]/clk
pin:tr_soc_top_mx/u_vpu/u_max/stage_decl[2].data_reg[0][12]/clk
pin:tr_soc_top_mx/u_vpu/u_max/stage_decl[2].data_reg[0][13]/clk
pin:tr_soc_top_mx/u_vpu/u_max/stage_decl[2].data_reg[0][14]/clk
pin:tr_soc_top_mx/u_vpu/u_max/stage_decl[2].data_reg[0][15]/clk
pin:tr_soc_top_mx/u_vpu/u_max/stage_decl[2].data_reg[1][0]/clk
pin:tr_soc_top_mx/u_vpu/u_max/stage_decl[2].data_reg[1][1]/clk
pin:tr_soc_top_mx/u_vpu/u_max/stage_decl[2].data_reg[1][2]/clk
pin:tr_soc_top_mx/u_vpu/u_max/stage_decl[2].data_reg[1][3]/clk
pin:tr_soc_top_mx/u_vpu/u_max/stage_decl[2].data_reg[1][4]/clk
pin:tr_soc_top_mx/u_vpu/u_max/stage_decl[2].data_reg[1][5]/clk
pin:tr_soc_top_mx/u_vpu/u_max/stage_decl[2].data_reg[1][6]/clk
pin:tr_soc_top_mx/u_vpu/u_max/stage_decl[2].data_reg[1][7]/clk
pin:tr_soc_top_mx/u_vpu/u_max/stage_decl[2].data_reg[1][8]/clk
pin:tr_soc_top_mx/u_vpu/u_max/stage_decl[2].data_reg[1][9]/clk
pin:tr_soc_top_mx/u_vpu/u_max/stage_decl[2].data_reg[1][10]/clk
pin:tr_soc_top_mx/u_vpu/u_max/stage_decl[2].data_reg[1][11]/clk
pin:tr_soc_top_mx/u_vpu/u_max/stage_decl[2].data_reg[1][12]/clk
pin:tr_soc_top_mx/u_vpu/u_max/stage_decl[2].data_reg[1][13]/clk
pin:tr_soc_top_mx/u_vpu/u_max/stage_decl[2].data_reg[1][14]/clk
pin:tr_soc_top_mx/u_vpu/u_max/stage_decl[2].data_reg[1][15]/clk
pin:tr_soc_top_mx/u_vpu/u_max/stage_decl[3].data_reg[0][0]/clk
pin:tr_soc_top_mx/u_vpu/u_max/stage_decl[3].data_reg[0][1]/clk
pin:tr_soc_top_mx/u_vpu/u_max/stage_decl[3].data_reg[0][2]/clk
pin:tr_soc_top_mx/u_vpu/u_max/stage_decl[3].data_reg[0][3]/clk
pin:tr_soc_top_mx/u_vpu/u_max/stage_decl[3].data_reg[0][4]/clk
pin:tr_soc_top_mx/u_vpu/u_max/stage_decl[3].data_reg[0][5]/clk
pin:tr_soc_top_mx/u_vpu/u_max/stage_decl[3].data_reg[0][6]/clk
pin:tr_soc_top_mx/u_vpu/u_max/stage_decl[3].data_reg[0][7]/clk
pin:tr_soc_top_mx/u_vpu/u_max/stage_decl[3].data_reg[0][8]/clk
pin:tr_soc_top_mx/u_vpu/u_max/stage_decl[3].data_reg[0][9]/clk
pin:tr_soc_top_mx/u_vpu/u_max/stage_decl[3].data_reg[0][10]/clk
pin:tr_soc_top_mx/u_vpu/u_max/stage_decl[3].data_reg[0][11]/clk
pin:tr_soc_top_mx/u_vpu/u_max/stage_decl[3].data_reg[0][12]/clk
pin:tr_soc_top_mx/u_vpu/u_max/stage_decl[3].data_reg[0][13]/clk
pin:tr_soc_top_mx/u_vpu/u_max/stage_decl[3].data_reg[0][14]/clk
pin:tr_soc_top_mx/u_vpu/u_max/stage_decl[3].data_reg[0][15]/clk
pin:tr_soc_top_mx/u_vpu/u_max/v_pipe_reg[0]/clk
pin:tr_soc_top_mx/u_vpu/u_max/v_pipe_reg[1]/clk
pin:tr_soc_top_mx/u_vpu/u_max/v_pipe_reg[2]/clk
pin:tr_soc_top_mx/u_vpu/u_backbone/s1_vec_in_reg[7][0]/clk
pin:tr_soc_top_mx/u_vpu/u_backbone/s1_vec_in_reg[7][1]/clk
pin:tr_soc_top_mx/u_vpu/u_backbone/s1_vec_in_reg[7][2]/clk
pin:tr_soc_top_mx/u_vpu/u_backbone/s1_vec_in_reg[7][3]/clk
pin:tr_soc_top_mx/u_vpu/u_backbone/s1_vec_in_reg[7][4]/clk
pin:tr_soc_top_mx/u_vpu/u_backbone/s1_vec_in_reg[7][5]/clk
pin:tr_soc_top_mx/u_vpu/u_backbone/s1_vec_in_reg[7][6]/clk
pin:tr_soc_top_mx/u_vpu/u_backbone/s1_vec_in_reg[7][7]/clk
pin:tr_soc_top_mx/u_vpu/u_backbone/s1_vec_in_reg[7][8]/clk
pin:tr_soc_top_mx/u_vpu/u_backbone/s1_vec_in_reg[7][9]/clk
pin:tr_soc_top_mx/u_vpu/u_backbone/s1_vec_in_reg[7][10]/clk
pin:tr_soc_top_mx/u_vpu/u_backbone/s1_vec_in_reg[7][11]/clk
pin:tr_soc_top_mx/u_vpu/u_backbone/s1_vec_in_reg[7][12]/clk
pin:tr_soc_top_mx/u_vpu/u_backbone/s1_vec_in_reg[7][13]/clk
pin:tr_soc_top_mx/u_vpu/u_backbone/s1_vec_in_reg[7][14]/clk
pin:tr_soc_top_mx/u_vpu/u_backbone/s1_vec_in_reg[7][15]/clk
pin:tr_soc_top_mx/u_vpu/u_backbone/s1_vec_in_reg[6][0]/clk
pin:tr_soc_top_mx/u_vpu/u_backbone/s1_vec_in_reg[6][1]/clk
pin:tr_soc_top_mx/u_vpu/u_backbone/s1_vec_in_reg[6][2]/clk
pin:tr_soc_top_mx/u_vpu/u_backbone/s1_vec_in_reg[6][3]/clk
pin:tr_soc_top_mx/u_vpu/u_backbone/s1_vec_in_reg[6][4]/clk
pin:tr_soc_top_mx/u_vpu/u_backbone/s1_vec_in_reg[6][5]/clk
pin:tr_soc_top_mx/u_vpu/u_backbone/s1_vec_in_reg[6][6]/clk
pin:tr_soc_top_mx/u_vpu/u_backbone/s1_vec_in_reg[6][7]/clk
pin:tr_soc_top_mx/u_vpu/u_backbone/s1_vec_in_reg[6][8]/clk
pin:tr_soc_top_mx/u_vpu/u_backbone/s1_vec_in_reg[6][9]/clk
pin:tr_soc_top_mx/u_vpu/u_backbone/s1_vec_in_reg[6][10]/clk
pin:tr_soc_top_mx/u_vpu/u_backbone/s1_vec_in_reg[6][11]/clk
pin:tr_soc_top_mx/u_vpu/u_backbone/s1_vec_in_reg[6][12]/clk
pin:tr_soc_top_mx/u_vpu/u_backbone/s1_vec_in_reg[6][13]/clk
pin:tr_soc_top_mx/u_vpu/u_backbone/s1_vec_in_reg[6][14]/clk
pin:tr_soc_top_mx/u_vpu/u_backbone/s1_vec_in_reg[6][15]/clk
pin:tr_soc_top_mx/u_vpu/u_backbone/s1_vec_in_reg[5][0]/clk
pin:tr_soc_top_mx/u_vpu/u_backbone/s1_vec_in_reg[5][1]/clk
pin:tr_soc_top_mx/u_vpu/u_backbone/s1_vec_in_reg[5][2]/clk
pin:tr_soc_top_mx/u_vpu/u_backbone/s1_vec_in_reg[5][3]/clk
pin:tr_soc_top_mx/u_vpu/u_backbone/s1_vec_in_reg[5][4]/clk
pin:tr_soc_top_mx/u_vpu/u_backbone/s1_vec_in_reg[5][5]/clk
pin:tr_soc_top_mx/u_vpu/u_backbone/s1_vec_in_reg[5][6]/clk
pin:tr_soc_top_mx/u_vpu/u_backbone/s1_vec_in_reg[5][7]/clk
pin:tr_soc_top_mx/u_vpu/u_backbone/s1_vec_in_reg[5][8]/clk
pin:tr_soc_top_mx/u_vpu/u_backbone/s1_vec_in_reg[5][9]/clk
pin:tr_soc_top_mx/u_vpu/u_backbone/s1_vec_in_reg[5][10]/clk
pin:tr_soc_top_mx/u_vpu/u_backbone/s1_vec_in_reg[5][11]/clk
pin:tr_soc_top_mx/u_vpu/u_backbone/s1_vec_in_reg[5][12]/clk
pin:tr_soc_top_mx/u_vpu/u_backbone/s1_vec_in_reg[5][13]/clk
pin:tr_soc_top_mx/u_vpu/u_backbone/s1_vec_in_reg[5][14]/clk
pin:tr_soc_top_mx/u_vpu/u_backbone/s1_vec_in_reg[5][15]/clk
pin:tr_soc_top_mx/u_vpu/u_backbone/s1_vec_in_reg[4][0]/clk
pin:tr_soc_top_mx/u_vpu/u_backbone/s1_vec_in_reg[4][1]/clk
pin:tr_soc_top_mx/u_vpu/u_backbone/s1_vec_in_reg[4][2]/clk
pin:tr_soc_top_mx/u_vpu/u_backbone/s1_vec_in_reg[4][3]/clk
pin:tr_soc_top_mx/u_vpu/u_backbone/s1_vec_in_reg[4][4]/clk
pin:tr_soc_top_mx/u_vpu/u_backbone/s1_vec_in_reg[4][5]/clk
pin:tr_soc_top_mx/u_vpu/u_backbone/s1_vec_in_reg[4][6]/clk
pin:tr_soc_top_mx/u_vpu/u_backbone/s1_vec_in_reg[4][7]/clk
pin:tr_soc_top_mx/u_vpu/u_backbone/s1_vec_in_reg[4][8]/clk
pin:tr_soc_top_mx/u_vpu/u_backbone/s1_vec_in_reg[4][9]/clk
pin:tr_soc_top_mx/u_vpu/u_backbone/s1_vec_in_reg[4][10]/clk
pin:tr_soc_top_mx/u_vpu/u_backbone/s1_vec_in_reg[4][11]/clk
pin:tr_soc_top_mx/u_vpu/u_backbone/s1_vec_in_reg[4][12]/clk
pin:tr_soc_top_mx/u_vpu/u_backbone/s1_vec_in_reg[4][13]/clk
pin:tr_soc_top_mx/u_vpu/u_backbone/s1_vec_in_reg[4][14]/clk
pin:tr_soc_top_mx/u_vpu/u_backbone/s1_vec_in_reg[4][15]/clk
pin:tr_soc_top_mx/u_vpu/u_backbone/s1_vec_in_reg[3][0]/clk
pin:tr_soc_top_mx/u_vpu/u_backbone/s1_vec_in_reg[3][1]/clk
pin:tr_soc_top_mx/u_vpu/u_backbone/s1_vec_in_reg[3][2]/clk
pin:tr_soc_top_mx/u_vpu/u_backbone/s1_vec_in_reg[3][3]/clk
pin:tr_soc_top_mx/u_vpu/u_backbone/s1_vec_in_reg[3][4]/clk
pin:tr_soc_top_mx/u_vpu/u_backbone/s1_vec_in_reg[3][5]/clk
pin:tr_soc_top_mx/u_vpu/u_backbone/s1_vec_in_reg[3][6]/clk
pin:tr_soc_top_mx/u_vpu/u_backbone/s1_vec_in_reg[3][7]/clk
pin:tr_soc_top_mx/u_vpu/u_backbone/s1_vec_in_reg[3][8]/clk
pin:tr_soc_top_mx/u_vpu/u_backbone/s1_vec_in_reg[3][9]/clk
pin:tr_soc_top_mx/u_vpu/u_backbone/s1_vec_in_reg[3][10]/clk
pin:tr_soc_top_mx/u_vpu/u_backbone/s1_vec_in_reg[3][11]/clk
pin:tr_soc_top_mx/u_vpu/u_backbone/s1_vec_in_reg[3][12]/clk
pin:tr_soc_top_mx/u_vpu/u_backbone/s1_vec_in_reg[3][13]/clk
pin:tr_soc_top_mx/u_vpu/u_backbone/s1_vec_in_reg[3][14]/clk
pin:tr_soc_top_mx/u_vpu/u_backbone/s1_vec_in_reg[3][15]/clk
pin:tr_soc_top_mx/u_vpu/u_backbone/s1_vec_in_reg[2][0]/clk
pin:tr_soc_top_mx/u_vpu/u_backbone/s1_vec_in_reg[2][1]/clk
pin:tr_soc_top_mx/u_vpu/u_backbone/s1_vec_in_reg[2][2]/clk
pin:tr_soc_top_mx/u_vpu/u_backbone/s1_vec_in_reg[2][3]/clk
pin:tr_soc_top_mx/u_vpu/u_backbone/s1_vec_in_reg[2][4]/clk
pin:tr_soc_top_mx/u_vpu/u_backbone/s1_vec_in_reg[2][5]/clk
pin:tr_soc_top_mx/u_vpu/u_backbone/s1_vec_in_reg[2][6]/clk
pin:tr_soc_top_mx/u_vpu/u_backbone/s1_vec_in_reg[2][7]/clk
pin:tr_soc_top_mx/u_vpu/u_backbone/s1_vec_in_reg[2][8]/clk
pin:tr_soc_top_mx/u_vpu/u_backbone/s1_vec_in_reg[2][9]/clk
pin:tr_soc_top_mx/u_vpu/u_backbone/s1_vec_in_reg[2][10]/clk
pin:tr_soc_top_mx/u_vpu/u_backbone/s1_vec_in_reg[2][11]/clk
pin:tr_soc_top_mx/u_vpu/u_backbone/s1_vec_in_reg[2][12]/clk
pin:tr_soc_top_mx/u_vpu/u_backbone/s1_vec_in_reg[2][13]/clk
pin:tr_soc_top_mx/u_vpu/u_backbone/s1_vec_in_reg[2][14]/clk
pin:tr_soc_top_mx/u_vpu/u_backbone/s1_vec_in_reg[2][15]/clk
pin:tr_soc_top_mx/u_vpu/u_backbone/s1_vec_in_reg[1][0]/clk
pin:tr_soc_top_mx/u_vpu/u_backbone/s1_vec_in_reg[1][1]/clk
pin:tr_soc_top_mx/u_vpu/u_backbone/s1_vec_in_reg[1][2]/clk
pin:tr_soc_top_mx/u_vpu/u_backbone/s1_vec_in_reg[1][3]/clk
pin:tr_soc_top_mx/u_vpu/u_backbone/s1_vec_in_reg[1][4]/clk
pin:tr_soc_top_mx/u_vpu/u_backbone/s1_vec_in_reg[1][5]/clk
pin:tr_soc_top_mx/u_vpu/u_backbone/s1_vec_in_reg[1][6]/clk
pin:tr_soc_top_mx/u_vpu/u_backbone/s1_vec_in_reg[1][7]/clk
pin:tr_soc_top_mx/u_vpu/u_backbone/s1_vec_in_reg[1][8]/clk
pin:tr_soc_top_mx/u_vpu/u_backbone/s1_vec_in_reg[1][9]/clk
pin:tr_soc_top_mx/u_vpu/u_backbone/s1_vec_in_reg[1][10]/clk
pin:tr_soc_top_mx/u_vpu/u_backbone/s1_vec_in_reg[1][11]/clk
pin:tr_soc_top_mx/u_vpu/u_backbone/s1_vec_in_reg[1][12]/clk
pin:tr_soc_top_mx/u_vpu/u_backbone/s1_vec_in_reg[1][13]/clk
pin:tr_soc_top_mx/u_vpu/u_backbone/s1_vec_in_reg[1][14]/clk
pin:tr_soc_top_mx/u_vpu/u_backbone/s1_vec_in_reg[1][15]/clk
pin:tr_soc_top_mx/u_vpu/u_backbone/s1_vec_in_reg[0][0]/clk
pin:tr_soc_top_mx/u_vpu/u_backbone/s1_vec_in_reg[0][1]/clk
pin:tr_soc_top_mx/u_vpu/u_backbone/s1_vec_in_reg[0][2]/clk
pin:tr_soc_top_mx/u_vpu/u_backbone/s1_vec_in_reg[0][3]/clk
pin:tr_soc_top_mx/u_vpu/u_backbone/s1_vec_in_reg[0][4]/clk
pin:tr_soc_top_mx/u_vpu/u_backbone/s1_vec_in_reg[0][5]/clk
pin:tr_soc_top_mx/u_vpu/u_backbone/s1_vec_in_reg[0][6]/clk
pin:tr_soc_top_mx/u_vpu/u_backbone/s1_vec_in_reg[0][7]/clk
pin:tr_soc_top_mx/u_vpu/u_backbone/s1_vec_in_reg[0][8]/clk
pin:tr_soc_top_mx/u_vpu/u_backbone/s1_vec_in_reg[0][9]/clk
pin:tr_soc_top_mx/u_vpu/u_backbone/s1_vec_in_reg[0][10]/clk
pin:tr_soc_top_mx/u_vpu/u_backbone/s1_vec_in_reg[0][11]/clk
pin:tr_soc_top_mx/u_vpu/u_backbone/s1_vec_in_reg[0][12]/clk
pin:tr_soc_top_mx/u_vpu/u_backbone/s1_vec_in_reg[0][13]/clk
pin:tr_soc_top_mx/u_vpu/u_backbone/s1_vec_in_reg[0][14]/clk
pin:tr_soc_top_mx/u_vpu/u_backbone/s1_vec_in_reg[0][15]/clk
pin:tr_soc_top_mx/u_vpu/u_backbone/s1_bypass_ln_reg/clk
pin:tr_soc_top_mx/u_vpu/u_backbone/s1_mode_pre_ln_reg/clk
pin:tr_soc_top_mx/u_vpu/u_backbone/s1_mode_post_ln_reg[0]/clk
pin:tr_soc_top_mx/u_vpu/u_backbone/s1_mode_post_ln_reg[1]/clk
pin:tr_soc_top_mx/u_vpu/u_backbone/s1_valid_reg/clk
pin:tr_soc_top_mx/u_vpu/u_backbone/s2_post_ln_reg_reg[7][0]/clk
pin:tr_soc_top_mx/u_vpu/u_backbone/s2_post_ln_reg_reg[7][1]/clk
pin:tr_soc_top_mx/u_vpu/u_backbone/s2_post_ln_reg_reg[7][2]/clk
pin:tr_soc_top_mx/u_vpu/u_backbone/s2_post_ln_reg_reg[7][3]/clk
pin:tr_soc_top_mx/u_vpu/u_backbone/s2_post_ln_reg_reg[7][4]/clk
pin:tr_soc_top_mx/u_vpu/u_backbone/s2_post_ln_reg_reg[7][5]/clk
pin:tr_soc_top_mx/u_vpu/u_backbone/s2_post_ln_reg_reg[7][6]/clk
pin:tr_soc_top_mx/u_vpu/u_backbone/s2_post_ln_reg_reg[7][7]/clk
pin:tr_soc_top_mx/u_vpu/u_backbone/s2_post_ln_reg_reg[7][8]/clk
pin:tr_soc_top_mx/u_vpu/u_backbone/s2_post_ln_reg_reg[7][9]/clk
pin:tr_soc_top_mx/u_vpu/u_backbone/s2_post_ln_reg_reg[7][10]/clk
pin:tr_soc_top_mx/u_vpu/u_backbone/s2_post_ln_reg_reg[7][11]/clk
pin:tr_soc_top_mx/u_vpu/u_backbone/s2_post_ln_reg_reg[7][12]/clk
pin:tr_soc_top_mx/u_vpu/u_backbone/s2_post_ln_reg_reg[7][13]/clk
pin:tr_soc_top_mx/u_vpu/u_backbone/s2_post_ln_reg_reg[7][14]/clk
pin:tr_soc_top_mx/u_vpu/u_backbone/s2_post_ln_reg_reg[7][15]/clk
pin:tr_soc_top_mx/u_vpu/u_backbone/s2_post_ln_reg_reg[6][0]/clk
pin:tr_soc_top_mx/u_vpu/u_backbone/s2_post_ln_reg_reg[6][1]/clk
pin:tr_soc_top_mx/u_vpu/u_backbone/s2_post_ln_reg_reg[6][2]/clk
pin:tr_soc_top_mx/u_vpu/u_backbone/s2_post_ln_reg_reg[6][3]/clk
pin:tr_soc_top_mx/u_vpu/u_backbone/s2_post_ln_reg_reg[6][4]/clk
pin:tr_soc_top_mx/u_vpu/u_backbone/s2_post_ln_reg_reg[6][5]/clk
pin:tr_soc_top_mx/u_vpu/u_backbone/s2_post_ln_reg_reg[6][6]/clk
pin:tr_soc_top_mx/u_vpu/u_backbone/s2_post_ln_reg_reg[6][7]/clk
pin:tr_soc_top_mx/u_vpu/u_backbone/s2_post_ln_reg_reg[6][8]/clk
pin:tr_soc_top_mx/u_vpu/u_backbone/s2_post_ln_reg_reg[6][9]/clk
pin:tr_soc_top_mx/u_vpu/u_backbone/s2_post_ln_reg_reg[6][10]/clk
pin:tr_soc_top_mx/u_vpu/u_backbone/s2_post_ln_reg_reg[6][11]/clk
pin:tr_soc_top_mx/u_vpu/u_backbone/s2_post_ln_reg_reg[6][12]/clk
pin:tr_soc_top_mx/u_vpu/u_backbone/s2_post_ln_reg_reg[6][13]/clk
pin:tr_soc_top_mx/u_vpu/u_backbone/s2_post_ln_reg_reg[6][14]/clk
pin:tr_soc_top_mx/u_vpu/u_backbone/s2_post_ln_reg_reg[6][15]/clk
pin:tr_soc_top_mx/u_vpu/u_backbone/s2_post_ln_reg_reg[5][0]/clk
pin:tr_soc_top_mx/u_vpu/u_backbone/s2_post_ln_reg_reg[5][1]/clk
pin:tr_soc_top_mx/u_vpu/u_backbone/s2_post_ln_reg_reg[5][2]/clk
pin:tr_soc_top_mx/u_vpu/u_backbone/s2_post_ln_reg_reg[5][3]/clk
pin:tr_soc_top_mx/u_vpu/u_backbone/s2_post_ln_reg_reg[5][4]/clk
pin:tr_soc_top_mx/u_vpu/u_backbone/s2_post_ln_reg_reg[5][5]/clk
pin:tr_soc_top_mx/u_vpu/u_backbone/s2_post_ln_reg_reg[5][6]/clk
pin:tr_soc_top_mx/u_vpu/u_backbone/s2_post_ln_reg_reg[5][7]/clk
pin:tr_soc_top_mx/u_vpu/u_backbone/s2_post_ln_reg_reg[5][8]/clk
pin:tr_soc_top_mx/u_vpu/u_backbone/s2_post_ln_reg_reg[5][9]/clk
pin:tr_soc_top_mx/u_vpu/u_backbone/s2_post_ln_reg_reg[5][10]/clk
pin:tr_soc_top_mx/u_vpu/u_backbone/s2_post_ln_reg_reg[5][11]/clk
pin:tr_soc_top_mx/u_vpu/u_backbone/s2_post_ln_reg_reg[5][12]/clk
pin:tr_soc_top_mx/u_vpu/u_backbone/s2_post_ln_reg_reg[5][13]/clk
pin:tr_soc_top_mx/u_vpu/u_backbone/s2_post_ln_reg_reg[5][14]/clk
pin:tr_soc_top_mx/u_vpu/u_backbone/s2_post_ln_reg_reg[5][15]/clk
pin:tr_soc_top_mx/u_vpu/u_backbone/s2_post_ln_reg_reg[4][0]/clk
pin:tr_soc_top_mx/u_vpu/u_backbone/s2_post_ln_reg_reg[4][1]/clk
pin:tr_soc_top_mx/u_vpu/u_backbone/s2_post_ln_reg_reg[4][2]/clk
pin:tr_soc_top_mx/u_vpu/u_backbone/s2_post_ln_reg_reg[4][3]/clk
pin:tr_soc_top_mx/u_vpu/u_backbone/s2_post_ln_reg_reg[4][4]/clk
pin:tr_soc_top_mx/u_vpu/u_backbone/s2_post_ln_reg_reg[4][5]/clk
pin:tr_soc_top_mx/u_vpu/u_backbone/s2_post_ln_reg_reg[4][6]/clk
pin:tr_soc_top_mx/u_vpu/u_backbone/s2_post_ln_reg_reg[4][7]/clk
pin:tr_soc_top_mx/u_vpu/u_backbone/s2_post_ln_reg_reg[4][8]/clk
pin:tr_soc_top_mx/u_vpu/u_backbone/s2_post_ln_reg_reg[4][9]/clk
pin:tr_soc_top_mx/u_vpu/u_backbone/s2_post_ln_reg_reg[4][10]/clk
pin:tr_soc_top_mx/u_vpu/u_backbone/s2_post_ln_reg_reg[4][11]/clk
pin:tr_soc_top_mx/u_vpu/u_backbone/s2_post_ln_reg_reg[4][12]/clk
pin:tr_soc_top_mx/u_vpu/u_backbone/s2_post_ln_reg_reg[4][13]/clk
pin:tr_soc_top_mx/u_vpu/u_backbone/s2_post_ln_reg_reg[4][14]/clk
pin:tr_soc_top_mx/u_vpu/u_backbone/s2_post_ln_reg_reg[4][15]/clk
pin:tr_soc_top_mx/u_vpu/u_backbone/s2_post_ln_reg_reg[3][0]/clk
pin:tr_soc_top_mx/u_vpu/u_backbone/s2_post_ln_reg_reg[3][1]/clk
pin:tr_soc_top_mx/u_vpu/u_backbone/s2_post_ln_reg_reg[3][2]/clk
pin:tr_soc_top_mx/u_vpu/u_backbone/s2_post_ln_reg_reg[3][3]/clk
pin:tr_soc_top_mx/u_vpu/u_backbone/s2_post_ln_reg_reg[3][4]/clk
pin:tr_soc_top_mx/u_vpu/u_backbone/s2_post_ln_reg_reg[3][5]/clk
pin:tr_soc_top_mx/u_vpu/u_backbone/s2_post_ln_reg_reg[3][6]/clk
pin:tr_soc_top_mx/u_vpu/u_backbone/s2_post_ln_reg_reg[3][7]/clk
pin:tr_soc_top_mx/u_vpu/u_backbone/s2_post_ln_reg_reg[3][8]/clk
pin:tr_soc_top_mx/u_vpu/u_backbone/s2_post_ln_reg_reg[3][9]/clk
pin:tr_soc_top_mx/u_vpu/u_backbone/s2_post_ln_reg_reg[3][10]/clk
pin:tr_soc_top_mx/u_vpu/u_backbone/s2_post_ln_reg_reg[3][11]/clk
pin:tr_soc_top_mx/u_vpu/u_backbone/s2_post_ln_reg_reg[3][12]/clk
pin:tr_soc_top_mx/u_vpu/u_backbone/s2_post_ln_reg_reg[3][13]/clk
pin:tr_soc_top_mx/u_vpu/u_backbone/s2_post_ln_reg_reg[3][14]/clk
pin:tr_soc_top_mx/u_vpu/u_backbone/s2_post_ln_reg_reg[3][15]/clk
pin:tr_soc_top_mx/u_vpu/u_backbone/s2_post_ln_reg_reg[2][0]/clk
pin:tr_soc_top_mx/u_vpu/u_backbone/s2_post_ln_reg_reg[2][1]/clk
pin:tr_soc_top_mx/u_vpu/u_backbone/s2_post_ln_reg_reg[2][2]/clk
pin:tr_soc_top_mx/u_vpu/u_backbone/s2_post_ln_reg_reg[2][3]/clk
pin:tr_soc_top_mx/u_vpu/u_backbone/s2_post_ln_reg_reg[2][4]/clk
pin:tr_soc_top_mx/u_vpu/u_backbone/s2_post_ln_reg_reg[2][5]/clk
pin:tr_soc_top_mx/u_vpu/u_backbone/s2_post_ln_reg_reg[2][6]/clk
pin:tr_soc_top_mx/u_vpu/u_backbone/s2_post_ln_reg_reg[2][7]/clk
pin:tr_soc_top_mx/u_vpu/u_backbone/s2_post_ln_reg_reg[2][8]/clk
pin:tr_soc_top_mx/u_vpu/u_backbone/s2_post_ln_reg_reg[2][9]/clk
pin:tr_soc_top_mx/u_vpu/u_backbone/s2_post_ln_reg_reg[2][10]/clk
pin:tr_soc_top_mx/u_vpu/u_backbone/s2_post_ln_reg_reg[2][11]/clk
pin:tr_soc_top_mx/u_vpu/u_backbone/s2_post_ln_reg_reg[2][12]/clk
pin:tr_soc_top_mx/u_vpu/u_backbone/s2_post_ln_reg_reg[2][13]/clk
pin:tr_soc_top_mx/u_vpu/u_backbone/s2_post_ln_reg_reg[2][14]/clk
pin:tr_soc_top_mx/u_vpu/u_backbone/s2_post_ln_reg_reg[2][15]/clk
pin:tr_soc_top_mx/u_vpu/u_backbone/s2_post_ln_reg_reg[1][0]/clk
pin:tr_soc_top_mx/u_vpu/u_backbone/s2_post_ln_reg_reg[1][1]/clk
pin:tr_soc_top_mx/u_vpu/u_backbone/s2_post_ln_reg_reg[1][2]/clk
pin:tr_soc_top_mx/u_vpu/u_backbone/s2_post_ln_reg_reg[1][3]/clk
pin:tr_soc_top_mx/u_vpu/u_backbone/s2_post_ln_reg_reg[1][4]/clk
pin:tr_soc_top_mx/u_vpu/u_backbone/s2_post_ln_reg_reg[1][5]/clk
pin:tr_soc_top_mx/u_vpu/u_backbone/s2_post_ln_reg_reg[1][6]/clk
pin:tr_soc_top_mx/u_vpu/u_backbone/s2_post_ln_reg_reg[1][7]/clk
pin:tr_soc_top_mx/u_vpu/u_backbone/s2_post_ln_reg_reg[1][8]/clk
pin:tr_soc_top_mx/u_vpu/u_backbone/s2_post_ln_reg_reg[1][9]/clk
pin:tr_soc_top_mx/u_vpu/u_backbone/s2_post_ln_reg_reg[1][10]/clk
pin:tr_soc_top_mx/u_vpu/u_backbone/s2_post_ln_reg_reg[1][11]/clk
pin:tr_soc_top_mx/u_vpu/u_backbone/s2_post_ln_reg_reg[1][12]/clk
pin:tr_soc_top_mx/u_vpu/u_backbone/s2_post_ln_reg_reg[1][13]/clk
pin:tr_soc_top_mx/u_vpu/u_backbone/s2_post_ln_reg_reg[1][14]/clk
pin:tr_soc_top_mx/u_vpu/u_backbone/s2_post_ln_reg_reg[1][15]/clk
pin:tr_soc_top_mx/u_vpu/u_backbone/s2_post_ln_reg_reg[0][0]/clk
pin:tr_soc_top_mx/u_vpu/u_backbone/s2_post_ln_reg_reg[0][1]/clk
pin:tr_soc_top_mx/u_vpu/u_backbone/s2_post_ln_reg_reg[0][2]/clk
pin:tr_soc_top_mx/u_vpu/u_backbone/s2_post_ln_reg_reg[0][3]/clk
pin:tr_soc_top_mx/u_vpu/u_backbone/s2_post_ln_reg_reg[0][4]/clk
pin:tr_soc_top_mx/u_vpu/u_backbone/s2_post_ln_reg_reg[0][5]/clk
pin:tr_soc_top_mx/u_vpu/u_backbone/s2_post_ln_reg_reg[0][6]/clk
pin:tr_soc_top_mx/u_vpu/u_backbone/s2_post_ln_reg_reg[0][7]/clk
pin:tr_soc_top_mx/u_vpu/u_backbone/s2_post_ln_reg_reg[0][8]/clk
pin:tr_soc_top_mx/u_vpu/u_backbone/s2_post_ln_reg_reg[0][9]/clk
pin:tr_soc_top_mx/u_vpu/u_backbone/s2_post_ln_reg_reg[0][10]/clk
pin:tr_soc_top_mx/u_vpu/u_backbone/s2_post_ln_reg_reg[0][11]/clk
pin:tr_soc_top_mx/u_vpu/u_backbone/s2_post_ln_reg_reg[0][12]/clk
pin:tr_soc_top_mx/u_vpu/u_backbone/s2_post_ln_reg_reg[0][13]/clk
pin:tr_soc_top_mx/u_vpu/u_backbone/s2_post_ln_reg_reg[0][14]/clk
pin:tr_soc_top_mx/u_vpu/u_backbone/s2_post_ln_reg_reg[0][15]/clk
pin:tr_soc_top_mx/u_vpu/u_backbone/s2_valid_reg/clk
pin:tr_soc_top_mx/u_vpu/u_mac/a_reg_reg[7][0]/clk
pin:tr_soc_top_mx/u_vpu/u_mac/a_reg_reg[7][1]/clk
pin:tr_soc_top_mx/u_vpu/u_mac/a_reg_reg[7][2]/clk
pin:tr_soc_top_mx/u_vpu/u_mac/a_reg_reg[7][3]/clk
pin:tr_soc_top_mx/u_vpu/u_mac/a_reg_reg[7][4]/clk
pin:tr_soc_top_mx/u_vpu/u_mac/a_reg_reg[7][5]/clk
pin:tr_soc_top_mx/u_vpu/u_mac/a_reg_reg[7][6]/clk
pin:tr_soc_top_mx/u_vpu/u_mac/a_reg_reg[7][7]/clk
pin:tr_soc_top_mx/u_vpu/u_mac/a_reg_reg[7][8]/clk
pin:tr_soc_top_mx/u_vpu/u_mac/a_reg_reg[7][9]/clk
pin:tr_soc_top_mx/u_vpu/u_mac/a_reg_reg[7][10]/clk
pin:tr_soc_top_mx/u_vpu/u_mac/a_reg_reg[7][11]/clk
pin:tr_soc_top_mx/u_vpu/u_mac/a_reg_reg[7][12]/clk
pin:tr_soc_top_mx/u_vpu/u_mac/a_reg_reg[7][13]/clk
pin:tr_soc_top_mx/u_vpu/u_mac/a_reg_reg[7][14]/clk
pin:tr_soc_top_mx/u_vpu/u_mac/a_reg_reg[7][15]/clk
pin:tr_soc_top_mx/u_vpu/u_mac/a_reg_reg[6][0]/clk
pin:tr_soc_top_mx/u_vpu/u_mac/a_reg_reg[6][1]/clk
pin:tr_soc_top_mx/u_vpu/u_mac/a_reg_reg[6][2]/clk
pin:tr_soc_top_mx/u_vpu/u_mac/a_reg_reg[6][3]/clk
pin:tr_soc_top_mx/u_vpu/u_mac/a_reg_reg[6][4]/clk
pin:tr_soc_top_mx/u_vpu/u_mac/a_reg_reg[6][5]/clk
pin:tr_soc_top_mx/u_vpu/u_mac/a_reg_reg[6][6]/clk
pin:tr_soc_top_mx/u_vpu/u_mac/a_reg_reg[6][7]/clk
pin:tr_soc_top_mx/u_vpu/u_mac/a_reg_reg[6][8]/clk
pin:tr_soc_top_mx/u_vpu/u_mac/a_reg_reg[6][9]/clk
pin:tr_soc_top_mx/u_vpu/u_mac/a_reg_reg[6][10]/clk
pin:tr_soc_top_mx/u_vpu/u_mac/a_reg_reg[6][11]/clk
pin:tr_soc_top_mx/u_vpu/u_mac/a_reg_reg[6][12]/clk
pin:tr_soc_top_mx/u_vpu/u_mac/a_reg_reg[6][13]/clk
pin:tr_soc_top_mx/u_vpu/u_mac/a_reg_reg[6][14]/clk
pin:tr_soc_top_mx/u_vpu/u_mac/a_reg_reg[6][15]/clk
pin:tr_soc_top_mx/u_vpu/u_mac/a_reg_reg[5][0]/clk
pin:tr_soc_top_mx/u_vpu/u_mac/a_reg_reg[5][1]/clk
pin:tr_soc_top_mx/u_vpu/u_mac/a_reg_reg[5][2]/clk
pin:tr_soc_top_mx/u_vpu/u_mac/a_reg_reg[5][3]/clk
pin:tr_soc_top_mx/u_vpu/u_mac/a_reg_reg[5][4]/clk
pin:tr_soc_top_mx/u_vpu/u_mac/a_reg_reg[5][5]/clk
pin:tr_soc_top_mx/u_vpu/u_mac/a_reg_reg[5][6]/clk
pin:tr_soc_top_mx/u_vpu/u_mac/a_reg_reg[5][7]/clk
pin:tr_soc_top_mx/u_vpu/u_mac/a_reg_reg[5][8]/clk
pin:tr_soc_top_mx/u_vpu/u_mac/a_reg_reg[5][9]/clk
pin:tr_soc_top_mx/u_vpu/u_mac/a_reg_reg[5][10]/clk
pin:tr_soc_top_mx/u_vpu/u_mac/a_reg_reg[5][11]/clk
pin:tr_soc_top_mx/u_vpu/u_mac/a_reg_reg[5][12]/clk
pin:tr_soc_top_mx/u_vpu/u_mac/a_reg_reg[5][13]/clk
pin:tr_soc_top_mx/u_vpu/u_mac/a_reg_reg[5][14]/clk
pin:tr_soc_top_mx/u_vpu/u_mac/a_reg_reg[5][15]/clk
pin:tr_soc_top_mx/u_vpu/u_mac/a_reg_reg[4][0]/clk
pin:tr_soc_top_mx/u_vpu/u_mac/a_reg_reg[4][1]/clk
pin:tr_soc_top_mx/u_vpu/u_mac/a_reg_reg[4][2]/clk
pin:tr_soc_top_mx/u_vpu/u_mac/a_reg_reg[4][3]/clk
pin:tr_soc_top_mx/u_vpu/u_mac/a_reg_reg[4][4]/clk
pin:tr_soc_top_mx/u_vpu/u_mac/a_reg_reg[4][5]/clk
pin:tr_soc_top_mx/u_vpu/u_mac/a_reg_reg[4][6]/clk
pin:tr_soc_top_mx/u_vpu/u_mac/a_reg_reg[4][7]/clk
pin:tr_soc_top_mx/u_vpu/u_mac/a_reg_reg[4][8]/clk
pin:tr_soc_top_mx/u_vpu/u_mac/a_reg_reg[4][9]/clk
pin:tr_soc_top_mx/u_vpu/u_mac/a_reg_reg[4][10]/clk
pin:tr_soc_top_mx/u_vpu/u_mac/a_reg_reg[4][11]/clk
pin:tr_soc_top_mx/u_vpu/u_mac/a_reg_reg[4][12]/clk
pin:tr_soc_top_mx/u_vpu/u_mac/a_reg_reg[4][13]/clk
pin:tr_soc_top_mx/u_vpu/u_mac/a_reg_reg[4][14]/clk
pin:tr_soc_top_mx/u_vpu/u_mac/a_reg_reg[4][15]/clk
pin:tr_soc_top_mx/u_vpu/u_mac/a_reg_reg[3][0]/clk
pin:tr_soc_top_mx/u_vpu/u_mac/a_reg_reg[3][1]/clk
pin:tr_soc_top_mx/u_vpu/u_mac/a_reg_reg[3][2]/clk
pin:tr_soc_top_mx/u_vpu/u_mac/a_reg_reg[3][3]/clk
pin:tr_soc_top_mx/u_vpu/u_mac/a_reg_reg[3][4]/clk
pin:tr_soc_top_mx/u_vpu/u_mac/a_reg_reg[3][5]/clk
pin:tr_soc_top_mx/u_vpu/u_mac/a_reg_reg[3][6]/clk
pin:tr_soc_top_mx/u_vpu/u_mac/a_reg_reg[3][7]/clk
pin:tr_soc_top_mx/u_vpu/u_mac/a_reg_reg[3][8]/clk
pin:tr_soc_top_mx/u_vpu/u_mac/a_reg_reg[3][9]/clk
pin:tr_soc_top_mx/u_vpu/u_mac/a_reg_reg[3][10]/clk
pin:tr_soc_top_mx/u_vpu/u_mac/a_reg_reg[3][11]/clk
pin:tr_soc_top_mx/u_vpu/u_mac/a_reg_reg[3][12]/clk
pin:tr_soc_top_mx/u_vpu/u_mac/a_reg_reg[3][13]/clk
pin:tr_soc_top_mx/u_vpu/u_mac/a_reg_reg[3][14]/clk
pin:tr_soc_top_mx/u_vpu/u_mac/a_reg_reg[3][15]/clk
pin:tr_soc_top_mx/u_vpu/u_mac/a_reg_reg[2][0]/clk
pin:tr_soc_top_mx/u_vpu/u_mac/a_reg_reg[2][1]/clk
pin:tr_soc_top_mx/u_vpu/u_mac/a_reg_reg[2][2]/clk
pin:tr_soc_top_mx/u_vpu/u_mac/a_reg_reg[2][3]/clk
pin:tr_soc_top_mx/u_vpu/u_mac/a_reg_reg[2][4]/clk
pin:tr_soc_top_mx/u_vpu/u_mac/a_reg_reg[2][5]/clk
pin:tr_soc_top_mx/u_vpu/u_mac/a_reg_reg[2][6]/clk
pin:tr_soc_top_mx/u_vpu/u_mac/a_reg_reg[2][7]/clk
pin:tr_soc_top_mx/u_vpu/u_mac/a_reg_reg[2][8]/clk
pin:tr_soc_top_mx/u_vpu/u_mac/a_reg_reg[2][9]/clk
pin:tr_soc_top_mx/u_vpu/u_mac/a_reg_reg[2][10]/clk
pin:tr_soc_top_mx/u_vpu/u_mac/a_reg_reg[2][11]/clk
pin:tr_soc_top_mx/u_vpu/u_mac/a_reg_reg[2][12]/clk
pin:tr_soc_top_mx/u_vpu/u_mac/a_reg_reg[2][13]/clk
pin:tr_soc_top_mx/u_vpu/u_mac/a_reg_reg[2][14]/clk
pin:tr_soc_top_mx/u_vpu/u_mac/a_reg_reg[2][15]/clk
pin:tr_soc_top_mx/u_vpu/u_mac/a_reg_reg[1][0]/clk
pin:tr_soc_top_mx/u_vpu/u_mac/a_reg_reg[1][1]/clk
pin:tr_soc_top_mx/u_vpu/u_mac/a_reg_reg[1][2]/clk
pin:tr_soc_top_mx/u_vpu/u_mac/a_reg_reg[1][3]/clk
pin:tr_soc_top_mx/u_vpu/u_mac/a_reg_reg[1][4]/clk
pin:tr_soc_top_mx/u_vpu/u_mac/a_reg_reg[1][5]/clk
pin:tr_soc_top_mx/u_vpu/u_mac/a_reg_reg[1][6]/clk
pin:tr_soc_top_mx/u_vpu/u_mac/a_reg_reg[1][7]/clk
pin:tr_soc_top_mx/u_vpu/u_mac/a_reg_reg[1][8]/clk
pin:tr_soc_top_mx/u_vpu/u_mac/a_reg_reg[1][9]/clk
pin:tr_soc_top_mx/u_vpu/u_mac/a_reg_reg[1][10]/clk
pin:tr_soc_top_mx/u_vpu/u_mac/a_reg_reg[1][11]/clk
pin:tr_soc_top_mx/u_vpu/u_mac/a_reg_reg[1][12]/clk
pin:tr_soc_top_mx/u_vpu/u_mac/a_reg_reg[1][13]/clk
pin:tr_soc_top_mx/u_vpu/u_mac/a_reg_reg[1][14]/clk
pin:tr_soc_top_mx/u_vpu/u_mac/a_reg_reg[1][15]/clk
pin:tr_soc_top_mx/u_vpu/u_mac/a_reg_reg[0][0]/clk
pin:tr_soc_top_mx/u_vpu/u_mac/a_reg_reg[0][1]/clk
pin:tr_soc_top_mx/u_vpu/u_mac/a_reg_reg[0][2]/clk
pin:tr_soc_top_mx/u_vpu/u_mac/a_reg_reg[0][3]/clk
pin:tr_soc_top_mx/u_vpu/u_mac/a_reg_reg[0][4]/clk
pin:tr_soc_top_mx/u_vpu/u_mac/a_reg_reg[0][5]/clk
pin:tr_soc_top_mx/u_vpu/u_mac/a_reg_reg[0][6]/clk
pin:tr_soc_top_mx/u_vpu/u_mac/a_reg_reg[0][7]/clk
pin:tr_soc_top_mx/u_vpu/u_mac/a_reg_reg[0][8]/clk
pin:tr_soc_top_mx/u_vpu/u_mac/a_reg_reg[0][9]/clk
pin:tr_soc_top_mx/u_vpu/u_mac/a_reg_reg[0][10]/clk
pin:tr_soc_top_mx/u_vpu/u_mac/a_reg_reg[0][11]/clk
pin:tr_soc_top_mx/u_vpu/u_mac/a_reg_reg[0][12]/clk
pin:tr_soc_top_mx/u_vpu/u_mac/a_reg_reg[0][13]/clk
pin:tr_soc_top_mx/u_vpu/u_mac/a_reg_reg[0][14]/clk
pin:tr_soc_top_mx/u_vpu/u_mac/a_reg_reg[0][15]/clk
pin:tr_soc_top_mx/u_vpu/u_mac/b_reg_reg[7][0]/clk
pin:tr_soc_top_mx/u_vpu/u_mac/b_reg_reg[7][1]/clk
pin:tr_soc_top_mx/u_vpu/u_mac/b_reg_reg[7][2]/clk
pin:tr_soc_top_mx/u_vpu/u_mac/b_reg_reg[7][3]/clk
pin:tr_soc_top_mx/u_vpu/u_mac/b_reg_reg[7][4]/clk
pin:tr_soc_top_mx/u_vpu/u_mac/b_reg_reg[7][5]/clk
pin:tr_soc_top_mx/u_vpu/u_mac/b_reg_reg[7][6]/clk
pin:tr_soc_top_mx/u_vpu/u_mac/b_reg_reg[7][7]/clk
pin:tr_soc_top_mx/u_vpu/u_mac/b_reg_reg[7][8]/clk
pin:tr_soc_top_mx/u_vpu/u_mac/b_reg_reg[7][9]/clk
pin:tr_soc_top_mx/u_vpu/u_mac/b_reg_reg[7][10]/clk
pin:tr_soc_top_mx/u_vpu/u_mac/b_reg_reg[7][11]/clk
pin:tr_soc_top_mx/u_vpu/u_mac/b_reg_reg[7][12]/clk
pin:tr_soc_top_mx/u_vpu/u_mac/b_reg_reg[7][13]/clk
pin:tr_soc_top_mx/u_vpu/u_mac/b_reg_reg[7][14]/clk
pin:tr_soc_top_mx/u_vpu/u_mac/b_reg_reg[7][15]/clk
pin:tr_soc_top_mx/u_vpu/u_mac/b_reg_reg[6][0]/clk
pin:tr_soc_top_mx/u_vpu/u_mac/b_reg_reg[6][1]/clk
pin:tr_soc_top_mx/u_vpu/u_mac/b_reg_reg[6][2]/clk
pin:tr_soc_top_mx/u_vpu/u_mac/b_reg_reg[6][3]/clk
pin:tr_soc_top_mx/u_vpu/u_mac/b_reg_reg[6][4]/clk
pin:tr_soc_top_mx/u_vpu/u_mac/b_reg_reg[6][5]/clk
pin:tr_soc_top_mx/u_vpu/u_mac/b_reg_reg[6][6]/clk
pin:tr_soc_top_mx/u_vpu/u_mac/b_reg_reg[6][7]/clk
pin:tr_soc_top_mx/u_vpu/u_mac/b_reg_reg[6][8]/clk
pin:tr_soc_top_mx/u_vpu/u_mac/b_reg_reg[6][9]/clk
pin:tr_soc_top_mx/u_vpu/u_mac/b_reg_reg[6][10]/clk
pin:tr_soc_top_mx/u_vpu/u_mac/b_reg_reg[6][11]/clk
pin:tr_soc_top_mx/u_vpu/u_mac/b_reg_reg[6][12]/clk
pin:tr_soc_top_mx/u_vpu/u_mac/b_reg_reg[6][13]/clk
pin:tr_soc_top_mx/u_vpu/u_mac/b_reg_reg[6][14]/clk
pin:tr_soc_top_mx/u_vpu/u_mac/b_reg_reg[6][15]/clk
pin:tr_soc_top_mx/u_vpu/u_mac/b_reg_reg[5][0]/clk
pin:tr_soc_top_mx/u_vpu/u_mac/b_reg_reg[5][1]/clk
pin:tr_soc_top_mx/u_vpu/u_mac/b_reg_reg[5][2]/clk
pin:tr_soc_top_mx/u_vpu/u_mac/b_reg_reg[5][3]/clk
pin:tr_soc_top_mx/u_vpu/u_mac/b_reg_reg[5][4]/clk
pin:tr_soc_top_mx/u_vpu/u_mac/b_reg_reg[5][5]/clk
pin:tr_soc_top_mx/u_vpu/u_mac/b_reg_reg[5][6]/clk
pin:tr_soc_top_mx/u_vpu/u_mac/b_reg_reg[5][7]/clk
pin:tr_soc_top_mx/u_vpu/u_mac/b_reg_reg[5][8]/clk
pin:tr_soc_top_mx/u_vpu/u_mac/b_reg_reg[5][9]/clk
pin:tr_soc_top_mx/u_vpu/u_mac/b_reg_reg[5][10]/clk
pin:tr_soc_top_mx/u_vpu/u_mac/b_reg_reg[5][11]/clk
pin:tr_soc_top_mx/u_vpu/u_mac/b_reg_reg[5][12]/clk
pin:tr_soc_top_mx/u_vpu/u_mac/b_reg_reg[5][13]/clk
pin:tr_soc_top_mx/u_vpu/u_mac/b_reg_reg[5][14]/clk
pin:tr_soc_top_mx/u_vpu/u_mac/b_reg_reg[5][15]/clk
pin:tr_soc_top_mx/u_vpu/u_mac/b_reg_reg[4][0]/clk
pin:tr_soc_top_mx/u_vpu/u_mac/b_reg_reg[4][1]/clk
pin:tr_soc_top_mx/u_vpu/u_mac/b_reg_reg[4][2]/clk
pin:tr_soc_top_mx/u_vpu/u_mac/b_reg_reg[4][3]/clk
pin:tr_soc_top_mx/u_vpu/u_mac/b_reg_reg[4][4]/clk
pin:tr_soc_top_mx/u_vpu/u_mac/b_reg_reg[4][5]/clk
pin:tr_soc_top_mx/u_vpu/u_mac/b_reg_reg[4][6]/clk
pin:tr_soc_top_mx/u_vpu/u_mac/b_reg_reg[4][7]/clk
pin:tr_soc_top_mx/u_vpu/u_mac/b_reg_reg[4][8]/clk
pin:tr_soc_top_mx/u_vpu/u_mac/b_reg_reg[4][9]/clk
pin:tr_soc_top_mx/u_vpu/u_mac/b_reg_reg[4][10]/clk
pin:tr_soc_top_mx/u_vpu/u_mac/b_reg_reg[4][11]/clk
pin:tr_soc_top_mx/u_vpu/u_mac/b_reg_reg[4][12]/clk
pin:tr_soc_top_mx/u_vpu/u_mac/b_reg_reg[4][13]/clk
pin:tr_soc_top_mx/u_vpu/u_mac/b_reg_reg[4][14]/clk
pin:tr_soc_top_mx/u_vpu/u_mac/b_reg_reg[4][15]/clk
pin:tr_soc_top_mx/u_vpu/u_mac/b_reg_reg[3][0]/clk
pin:tr_soc_top_mx/u_vpu/u_mac/b_reg_reg[3][1]/clk
pin:tr_soc_top_mx/u_vpu/u_mac/b_reg_reg[3][2]/clk
pin:tr_soc_top_mx/u_vpu/u_mac/b_reg_reg[3][3]/clk
pin:tr_soc_top_mx/u_vpu/u_mac/b_reg_reg[3][4]/clk
pin:tr_soc_top_mx/u_vpu/u_mac/b_reg_reg[3][5]/clk
pin:tr_soc_top_mx/u_vpu/u_mac/b_reg_reg[3][6]/clk
pin:tr_soc_top_mx/u_vpu/u_mac/b_reg_reg[3][7]/clk
pin:tr_soc_top_mx/u_vpu/u_mac/b_reg_reg[3][8]/clk
pin:tr_soc_top_mx/u_vpu/u_mac/b_reg_reg[3][9]/clk
pin:tr_soc_top_mx/u_vpu/u_mac/b_reg_reg[3][10]/clk
pin:tr_soc_top_mx/u_vpu/u_mac/b_reg_reg[3][11]/clk
pin:tr_soc_top_mx/u_vpu/u_mac/b_reg_reg[3][12]/clk
pin:tr_soc_top_mx/u_vpu/u_mac/b_reg_reg[3][13]/clk
pin:tr_soc_top_mx/u_vpu/u_mac/b_reg_reg[3][14]/clk
pin:tr_soc_top_mx/u_vpu/u_mac/b_reg_reg[3][15]/clk
pin:tr_soc_top_mx/u_vpu/u_mac/b_reg_reg[2][0]/clk
pin:tr_soc_top_mx/u_vpu/u_mac/b_reg_reg[2][1]/clk
pin:tr_soc_top_mx/u_vpu/u_mac/b_reg_reg[2][2]/clk
pin:tr_soc_top_mx/u_vpu/u_mac/b_reg_reg[2][3]/clk
pin:tr_soc_top_mx/u_vpu/u_mac/b_reg_reg[2][4]/clk
pin:tr_soc_top_mx/u_vpu/u_mac/b_reg_reg[2][5]/clk
pin:tr_soc_top_mx/u_vpu/u_mac/b_reg_reg[2][6]/clk
pin:tr_soc_top_mx/u_vpu/u_mac/b_reg_reg[2][7]/clk
pin:tr_soc_top_mx/u_vpu/u_mac/b_reg_reg[2][8]/clk
pin:tr_soc_top_mx/u_vpu/u_mac/b_reg_reg[2][9]/clk
pin:tr_soc_top_mx/u_vpu/u_mac/b_reg_reg[2][10]/clk
pin:tr_soc_top_mx/u_vpu/u_mac/b_reg_reg[2][11]/clk
pin:tr_soc_top_mx/u_vpu/u_mac/b_reg_reg[2][12]/clk
pin:tr_soc_top_mx/u_vpu/u_mac/b_reg_reg[2][13]/clk
pin:tr_soc_top_mx/u_vpu/u_mac/b_reg_reg[2][14]/clk
pin:tr_soc_top_mx/u_vpu/u_mac/b_reg_reg[2][15]/clk
pin:tr_soc_top_mx/u_vpu/u_mac/b_reg_reg[1][0]/clk
pin:tr_soc_top_mx/u_vpu/u_mac/b_reg_reg[1][1]/clk
pin:tr_soc_top_mx/u_vpu/u_mac/b_reg_reg[1][2]/clk
pin:tr_soc_top_mx/u_vpu/u_mac/b_reg_reg[1][3]/clk
pin:tr_soc_top_mx/u_vpu/u_mac/b_reg_reg[1][4]/clk
pin:tr_soc_top_mx/u_vpu/u_mac/b_reg_reg[1][5]/clk
pin:tr_soc_top_mx/u_vpu/u_mac/b_reg_reg[1][6]/clk
pin:tr_soc_top_mx/u_vpu/u_mac/b_reg_reg[1][7]/clk
pin:tr_soc_top_mx/u_vpu/u_mac/b_reg_reg[1][8]/clk
pin:tr_soc_top_mx/u_vpu/u_mac/b_reg_reg[1][9]/clk
pin:tr_soc_top_mx/u_vpu/u_mac/b_reg_reg[1][10]/clk
pin:tr_soc_top_mx/u_vpu/u_mac/b_reg_reg[1][11]/clk
pin:tr_soc_top_mx/u_vpu/u_mac/b_reg_reg[1][12]/clk
pin:tr_soc_top_mx/u_vpu/u_mac/b_reg_reg[1][13]/clk
pin:tr_soc_top_mx/u_vpu/u_mac/b_reg_reg[1][14]/clk
pin:tr_soc_top_mx/u_vpu/u_mac/b_reg_reg[1][15]/clk
pin:tr_soc_top_mx/u_vpu/u_mac/b_reg_reg[0][0]/clk
pin:tr_soc_top_mx/u_vpu/u_mac/b_reg_reg[0][1]/clk
pin:tr_soc_top_mx/u_vpu/u_mac/b_reg_reg[0][2]/clk
pin:tr_soc_top_mx/u_vpu/u_mac/b_reg_reg[0][3]/clk
pin:tr_soc_top_mx/u_vpu/u_mac/b_reg_reg[0][4]/clk
pin:tr_soc_top_mx/u_vpu/u_mac/b_reg_reg[0][5]/clk
pin:tr_soc_top_mx/u_vpu/u_mac/b_reg_reg[0][6]/clk
pin:tr_soc_top_mx/u_vpu/u_mac/b_reg_reg[0][7]/clk
pin:tr_soc_top_mx/u_vpu/u_mac/b_reg_reg[0][8]/clk
pin:tr_soc_top_mx/u_vpu/u_mac/b_reg_reg[0][9]/clk
pin:tr_soc_top_mx/u_vpu/u_mac/b_reg_reg[0][10]/clk
pin:tr_soc_top_mx/u_vpu/u_mac/b_reg_reg[0][11]/clk
pin:tr_soc_top_mx/u_vpu/u_mac/b_reg_reg[0][12]/clk
pin:tr_soc_top_mx/u_vpu/u_mac/b_reg_reg[0][13]/clk
pin:tr_soc_top_mx/u_vpu/u_mac/b_reg_reg[0][14]/clk
pin:tr_soc_top_mx/u_vpu/u_mac/b_reg_reg[0][15]/clk
pin:tr_soc_top_mx/u_vpu/u_mac/c_reg1_reg[0]/clk
pin:tr_soc_top_mx/u_vpu/u_mac/c_reg1_reg[1]/clk
pin:tr_soc_top_mx/u_vpu/u_mac/c_reg1_reg[2]/clk
pin:tr_soc_top_mx/u_vpu/u_mac/c_reg1_reg[3]/clk
pin:tr_soc_top_mx/u_vpu/u_mac/c_reg1_reg[4]/clk
pin:tr_soc_top_mx/u_vpu/u_mac/c_reg1_reg[5]/clk
pin:tr_soc_top_mx/u_vpu/u_mac/c_reg1_reg[6]/clk
pin:tr_soc_top_mx/u_vpu/u_mac/c_reg1_reg[7]/clk
pin:tr_soc_top_mx/u_vpu/u_mac/c_reg1_reg[8]/clk
pin:tr_soc_top_mx/u_vpu/u_mac/c_reg1_reg[9]/clk
pin:tr_soc_top_mx/u_vpu/u_mac/c_reg1_reg[10]/clk
pin:tr_soc_top_mx/u_vpu/u_mac/c_reg1_reg[11]/clk
pin:tr_soc_top_mx/u_vpu/u_mac/c_reg1_reg[12]/clk
pin:tr_soc_top_mx/u_vpu/u_mac/c_reg1_reg[13]/clk
pin:tr_soc_top_mx/u_vpu/u_mac/c_reg1_reg[14]/clk
pin:tr_soc_top_mx/u_vpu/u_mac/c_reg1_reg[15]/clk
pin:tr_soc_top_mx/u_vpu/u_mac/c_reg1_reg[16]/clk
pin:tr_soc_top_mx/u_vpu/u_mac/c_reg1_reg[17]/clk
pin:tr_soc_top_mx/u_vpu/u_mac/c_reg1_reg[18]/clk
pin:tr_soc_top_mx/u_vpu/u_mac/c_reg1_reg[19]/clk
pin:tr_soc_top_mx/u_vpu/u_mac/c_reg1_reg[20]/clk
pin:tr_soc_top_mx/u_vpu/u_mac/c_reg1_reg[21]/clk
pin:tr_soc_top_mx/u_vpu/u_mac/c_reg1_reg[22]/clk
pin:tr_soc_top_mx/u_vpu/u_mac/c_reg1_reg[23]/clk
pin:tr_soc_top_mx/u_vpu/u_mac/c_reg1_reg[24]/clk
pin:tr_soc_top_mx/u_vpu/u_mac/c_reg1_reg[25]/clk
pin:tr_soc_top_mx/u_vpu/u_mac/c_reg1_reg[26]/clk
pin:tr_soc_top_mx/u_vpu/u_mac/c_reg1_reg[27]/clk
pin:tr_soc_top_mx/u_vpu/u_mac/c_reg1_reg[28]/clk
pin:tr_soc_top_mx/u_vpu/u_mac/c_reg1_reg[29]/clk
pin:tr_soc_top_mx/u_vpu/u_mac/c_reg1_reg[30]/clk
pin:tr_soc_top_mx/u_vpu/u_mac/c_reg1_reg[31]/clk
pin:tr_soc_top_mx/u_vpu/u_mac/mode1_op_reg[0]/clk
pin:tr_soc_top_mx/u_vpu/u_mac/mode1_op_reg[1]/clk
pin:tr_soc_top_mx/u_vpu/u_mac/v1_reg/clk
pin:tr_soc_top_mx/u_vpu/u_mac/clr1_reg/clk
pin:tr_soc_top_mx/u_vpu/u_mac/prod_reg_reg[7][0]/clk
pin:tr_soc_top_mx/u_vpu/u_mac/prod_reg_reg[7][1]/clk
pin:tr_soc_top_mx/u_vpu/u_mac/prod_reg_reg[7][2]/clk
pin:tr_soc_top_mx/u_vpu/u_mac/prod_reg_reg[7][3]/clk
pin:tr_soc_top_mx/u_vpu/u_mac/prod_reg_reg[7][4]/clk
pin:tr_soc_top_mx/u_vpu/u_mac/prod_reg_reg[7][5]/clk
pin:tr_soc_top_mx/u_vpu/u_mac/prod_reg_reg[7][6]/clk
pin:tr_soc_top_mx/u_vpu/u_mac/prod_reg_reg[7][7]/clk
pin:tr_soc_top_mx/u_vpu/u_mac/prod_reg_reg[7][8]/clk
pin:tr_soc_top_mx/u_vpu/u_mac/prod_reg_reg[7][9]/clk
pin:tr_soc_top_mx/u_vpu/u_mac/prod_reg_reg[7][10]/clk
pin:tr_soc_top_mx/u_vpu/u_mac/prod_reg_reg[7][11]/clk
pin:tr_soc_top_mx/u_vpu/u_mac/prod_reg_reg[7][12]/clk
pin:tr_soc_top_mx/u_vpu/u_mac/prod_reg_reg[7][13]/clk
pin:tr_soc_top_mx/u_vpu/u_mac/prod_reg_reg[7][14]/clk
pin:tr_soc_top_mx/u_vpu/u_mac/prod_reg_reg[7][15]/clk
pin:tr_soc_top_mx/u_vpu/u_mac/prod_reg_reg[7][16]/clk
pin:tr_soc_top_mx/u_vpu/u_mac/prod_reg_reg[7][17]/clk
pin:tr_soc_top_mx/u_vpu/u_mac/prod_reg_reg[7][18]/clk
pin:tr_soc_top_mx/u_vpu/u_mac/prod_reg_reg[7][19]/clk
pin:tr_soc_top_mx/u_vpu/u_mac/prod_reg_reg[7][20]/clk
pin:tr_soc_top_mx/u_vpu/u_mac/prod_reg_reg[7][21]/clk
pin:tr_soc_top_mx/u_vpu/u_mac/prod_reg_reg[7][22]/clk
pin:tr_soc_top_mx/u_vpu/u_mac/prod_reg_reg[7][23]/clk
pin:tr_soc_top_mx/u_vpu/u_mac/prod_reg_reg[7][24]/clk
pin:tr_soc_top_mx/u_vpu/u_mac/prod_reg_reg[7][25]/clk
pin:tr_soc_top_mx/u_vpu/u_mac/prod_reg_reg[7][26]/clk
pin:tr_soc_top_mx/u_vpu/u_mac/prod_reg_reg[7][27]/clk
pin:tr_soc_top_mx/u_vpu/u_mac/prod_reg_reg[7][28]/clk
pin:tr_soc_top_mx/u_vpu/u_mac/prod_reg_reg[7][29]/clk
pin:tr_soc_top_mx/u_vpu/u_mac/prod_reg_reg[7][30]/clk
pin:tr_soc_top_mx/u_vpu/u_mac/prod_reg_reg[7][31]/clk
pin:tr_soc_top_mx/u_vpu/u_mac/prod_reg_reg[6][0]/clk
pin:tr_soc_top_mx/u_vpu/u_mac/prod_reg_reg[6][1]/clk
pin:tr_soc_top_mx/u_vpu/u_mac/prod_reg_reg[6][2]/clk
pin:tr_soc_top_mx/u_vpu/u_mac/prod_reg_reg[6][3]/clk
pin:tr_soc_top_mx/u_vpu/u_mac/prod_reg_reg[6][4]/clk
pin:tr_soc_top_mx/u_vpu/u_mac/prod_reg_reg[6][5]/clk
pin:tr_soc_top_mx/u_vpu/u_mac/prod_reg_reg[6][6]/clk
pin:tr_soc_top_mx/u_vpu/u_mac/prod_reg_reg[6][7]/clk
pin:tr_soc_top_mx/u_vpu/u_mac/prod_reg_reg[6][8]/clk
pin:tr_soc_top_mx/u_vpu/u_mac/prod_reg_reg[6][9]/clk
pin:tr_soc_top_mx/u_vpu/u_mac/prod_reg_reg[6][10]/clk
pin:tr_soc_top_mx/u_vpu/u_mac/prod_reg_reg[6][11]/clk
pin:tr_soc_top_mx/u_vpu/u_mac/prod_reg_reg[6][12]/clk
pin:tr_soc_top_mx/u_vpu/u_mac/prod_reg_reg[6][13]/clk
pin:tr_soc_top_mx/u_vpu/u_mac/prod_reg_reg[6][14]/clk
pin:tr_soc_top_mx/u_vpu/u_mac/prod_reg_reg[6][15]/clk
pin:tr_soc_top_mx/u_vpu/u_mac/prod_reg_reg[6][16]/clk
pin:tr_soc_top_mx/u_vpu/u_mac/prod_reg_reg[6][17]/clk
pin:tr_soc_top_mx/u_vpu/u_mac/prod_reg_reg[6][18]/clk
pin:tr_soc_top_mx/u_vpu/u_mac/prod_reg_reg[6][19]/clk
pin:tr_soc_top_mx/u_vpu/u_mac/prod_reg_reg[6][20]/clk
pin:tr_soc_top_mx/u_vpu/u_mac/prod_reg_reg[6][21]/clk
pin:tr_soc_top_mx/u_vpu/u_mac/prod_reg_reg[6][22]/clk
pin:tr_soc_top_mx/u_vpu/u_mac/prod_reg_reg[6][23]/clk
pin:tr_soc_top_mx/u_vpu/u_mac/prod_reg_reg[6][24]/clk
pin:tr_soc_top_mx/u_vpu/u_mac/prod_reg_reg[6][25]/clk
pin:tr_soc_top_mx/u_vpu/u_mac/prod_reg_reg[6][26]/clk
pin:tr_soc_top_mx/u_vpu/u_mac/prod_reg_reg[6][27]/clk
pin:tr_soc_top_mx/u_vpu/u_mac/prod_reg_reg[6][28]/clk
pin:tr_soc_top_mx/u_vpu/u_mac/prod_reg_reg[6][29]/clk
pin:tr_soc_top_mx/u_vpu/u_mac/prod_reg_reg[6][30]/clk
pin:tr_soc_top_mx/u_vpu/u_mac/prod_reg_reg[6][31]/clk
pin:tr_soc_top_mx/u_vpu/u_mac/prod_reg_reg[5][0]/clk
pin:tr_soc_top_mx/u_vpu/u_mac/prod_reg_reg[5][1]/clk
pin:tr_soc_top_mx/u_vpu/u_mac/prod_reg_reg[5][2]/clk
pin:tr_soc_top_mx/u_vpu/u_mac/prod_reg_reg[5][3]/clk
pin:tr_soc_top_mx/u_vpu/u_mac/prod_reg_reg[5][4]/clk
pin:tr_soc_top_mx/u_vpu/u_mac/prod_reg_reg[5][5]/clk
pin:tr_soc_top_mx/u_vpu/u_mac/prod_reg_reg[5][6]/clk
pin:tr_soc_top_mx/u_vpu/u_mac/prod_reg_reg[5][7]/clk
pin:tr_soc_top_mx/u_vpu/u_mac/prod_reg_reg[5][8]/clk
pin:tr_soc_top_mx/u_vpu/u_mac/prod_reg_reg[5][9]/clk
pin:tr_soc_top_mx/u_vpu/u_mac/prod_reg_reg[5][10]/clk
pin:tr_soc_top_mx/u_vpu/u_mac/prod_reg_reg[5][11]/clk
pin:tr_soc_top_mx/u_vpu/u_mac/prod_reg_reg[5][12]/clk
pin:tr_soc_top_mx/u_vpu/u_mac/prod_reg_reg[5][13]/clk
pin:tr_soc_top_mx/u_vpu/u_mac/prod_reg_reg[5][14]/clk
pin:tr_soc_top_mx/u_vpu/u_mac/prod_reg_reg[5][15]/clk
pin:tr_soc_top_mx/u_vpu/u_mac/prod_reg_reg[5][16]/clk
pin:tr_soc_top_mx/u_vpu/u_mac/prod_reg_reg[5][17]/clk
pin:tr_soc_top_mx/u_vpu/u_mac/prod_reg_reg[5][18]/clk
pin:tr_soc_top_mx/u_vpu/u_mac/prod_reg_reg[5][19]/clk
pin:tr_soc_top_mx/u_vpu/u_mac/prod_reg_reg[5][20]/clk
pin:tr_soc_top_mx/u_vpu/u_mac/prod_reg_reg[5][21]/clk
pin:tr_soc_top_mx/u_vpu/u_mac/prod_reg_reg[5][22]/clk
pin:tr_soc_top_mx/u_vpu/u_mac/prod_reg_reg[5][23]/clk
pin:tr_soc_top_mx/u_vpu/u_mac/prod_reg_reg[5][24]/clk
pin:tr_soc_top_mx/u_vpu/u_mac/prod_reg_reg[5][25]/clk
pin:tr_soc_top_mx/u_vpu/u_mac/prod_reg_reg[5][26]/clk
pin:tr_soc_top_mx/u_vpu/u_mac/prod_reg_reg[5][27]/clk
pin:tr_soc_top_mx/u_vpu/u_mac/prod_reg_reg[5][28]/clk
pin:tr_soc_top_mx/u_vpu/u_mac/prod_reg_reg[5][29]/clk
pin:tr_soc_top_mx/u_vpu/u_mac/prod_reg_reg[5][30]/clk
pin:tr_soc_top_mx/u_vpu/u_mac/prod_reg_reg[5][31]/clk
pin:tr_soc_top_mx/u_vpu/u_mac/prod_reg_reg[4][0]/clk
pin:tr_soc_top_mx/u_vpu/u_mac/prod_reg_reg[4][1]/clk
pin:tr_soc_top_mx/u_vpu/u_mac/prod_reg_reg[4][2]/clk
pin:tr_soc_top_mx/u_vpu/u_mac/prod_reg_reg[4][3]/clk
pin:tr_soc_top_mx/u_vpu/u_mac/prod_reg_reg[4][4]/clk
pin:tr_soc_top_mx/u_vpu/u_mac/prod_reg_reg[4][5]/clk
pin:tr_soc_top_mx/u_vpu/u_mac/prod_reg_reg[4][6]/clk
pin:tr_soc_top_mx/u_vpu/u_mac/prod_reg_reg[4][7]/clk
pin:tr_soc_top_mx/u_vpu/u_mac/prod_reg_reg[4][8]/clk
pin:tr_soc_top_mx/u_vpu/u_mac/prod_reg_reg[4][9]/clk
pin:tr_soc_top_mx/u_vpu/u_mac/prod_reg_reg[4][10]/clk
pin:tr_soc_top_mx/u_vpu/u_mac/prod_reg_reg[4][11]/clk
pin:tr_soc_top_mx/u_vpu/u_mac/prod_reg_reg[4][12]/clk
pin:tr_soc_top_mx/u_vpu/u_mac/prod_reg_reg[4][13]/clk
pin:tr_soc_top_mx/u_vpu/u_mac/prod_reg_reg[4][14]/clk
pin:tr_soc_top_mx/u_vpu/u_mac/prod_reg_reg[4][15]/clk
pin:tr_soc_top_mx/u_vpu/u_mac/prod_reg_reg[4][16]/clk
pin:tr_soc_top_mx/u_vpu/u_mac/prod_reg_reg[4][17]/clk
pin:tr_soc_top_mx/u_vpu/u_mac/prod_reg_reg[4][18]/clk
pin:tr_soc_top_mx/u_vpu/u_mac/prod_reg_reg[4][19]/clk
pin:tr_soc_top_mx/u_vpu/u_mac/prod_reg_reg[4][20]/clk
pin:tr_soc_top_mx/u_vpu/u_mac/prod_reg_reg[4][21]/clk
pin:tr_soc_top_mx/u_vpu/u_mac/prod_reg_reg[4][22]/clk
pin:tr_soc_top_mx/u_vpu/u_mac/prod_reg_reg[4][23]/clk
pin:tr_soc_top_mx/u_vpu/u_mac/prod_reg_reg[4][24]/clk
pin:tr_soc_top_mx/u_vpu/u_mac/prod_reg_reg[4][25]/clk
pin:tr_soc_top_mx/u_vpu/u_mac/prod_reg_reg[4][26]/clk
pin:tr_soc_top_mx/u_vpu/u_mac/prod_reg_reg[4][27]/clk
pin:tr_soc_top_mx/u_vpu/u_mac/prod_reg_reg[4][28]/clk
pin:tr_soc_top_mx/u_vpu/u_mac/prod_reg_reg[4][29]/clk
pin:tr_soc_top_mx/u_vpu/u_mac/prod_reg_reg[4][30]/clk
pin:tr_soc_top_mx/u_vpu/u_mac/prod_reg_reg[4][31]/clk
pin:tr_soc_top_mx/u_vpu/u_mac/prod_reg_reg[3][0]/clk
pin:tr_soc_top_mx/u_vpu/u_mac/prod_reg_reg[3][1]/clk
pin:tr_soc_top_mx/u_vpu/u_mac/prod_reg_reg[3][2]/clk
pin:tr_soc_top_mx/u_vpu/u_mac/prod_reg_reg[3][3]/clk
pin:tr_soc_top_mx/u_vpu/u_mac/prod_reg_reg[3][4]/clk
pin:tr_soc_top_mx/u_vpu/u_mac/prod_reg_reg[3][5]/clk
pin:tr_soc_top_mx/u_vpu/u_mac/prod_reg_reg[3][6]/clk
pin:tr_soc_top_mx/u_vpu/u_mac/prod_reg_reg[3][7]/clk
pin:tr_soc_top_mx/u_vpu/u_mac/prod_reg_reg[3][8]/clk
pin:tr_soc_top_mx/u_vpu/u_mac/prod_reg_reg[3][9]/clk
pin:tr_soc_top_mx/u_vpu/u_mac/prod_reg_reg[3][10]/clk
pin:tr_soc_top_mx/u_vpu/u_mac/prod_reg_reg[3][11]/clk
pin:tr_soc_top_mx/u_vpu/u_mac/prod_reg_reg[3][12]/clk
pin:tr_soc_top_mx/u_vpu/u_mac/prod_reg_reg[3][13]/clk
pin:tr_soc_top_mx/u_vpu/u_mac/prod_reg_reg[3][14]/clk
pin:tr_soc_top_mx/u_vpu/u_mac/prod_reg_reg[3][15]/clk
pin:tr_soc_top_mx/u_vpu/u_mac/prod_reg_reg[3][16]/clk
pin:tr_soc_top_mx/u_vpu/u_mac/prod_reg_reg[3][17]/clk
pin:tr_soc_top_mx/u_vpu/u_mac/prod_reg_reg[3][18]/clk
pin:tr_soc_top_mx/u_vpu/u_mac/prod_reg_reg[3][19]/clk
pin:tr_soc_top_mx/u_vpu/u_mac/prod_reg_reg[3][20]/clk
pin:tr_soc_top_mx/u_vpu/u_mac/prod_reg_reg[3][21]/clk
pin:tr_soc_top_mx/u_vpu/u_mac/prod_reg_reg[3][22]/clk
pin:tr_soc_top_mx/u_vpu/u_mac/prod_reg_reg[3][23]/clk
pin:tr_soc_top_mx/u_vpu/u_mac/prod_reg_reg[3][24]/clk
pin:tr_soc_top_mx/u_vpu/u_mac/prod_reg_reg[3][25]/clk
pin:tr_soc_top_mx/u_vpu/u_mac/prod_reg_reg[3][26]/clk
pin:tr_soc_top_mx/u_vpu/u_mac/prod_reg_reg[3][27]/clk
pin:tr_soc_top_mx/u_vpu/u_mac/prod_reg_reg[3][28]/clk
pin:tr_soc_top_mx/u_vpu/u_mac/prod_reg_reg[3][29]/clk
pin:tr_soc_top_mx/u_vpu/u_mac/prod_reg_reg[3][30]/clk
pin:tr_soc_top_mx/u_vpu/u_mac/prod_reg_reg[3][31]/clk
pin:tr_soc_top_mx/u_vpu/u_mac/prod_reg_reg[2][0]/clk
pin:tr_soc_top_mx/u_vpu/u_mac/prod_reg_reg[2][1]/clk
pin:tr_soc_top_mx/u_vpu/u_mac/prod_reg_reg[2][2]/clk
pin:tr_soc_top_mx/u_vpu/u_mac/prod_reg_reg[2][3]/clk
pin:tr_soc_top_mx/u_vpu/u_mac/prod_reg_reg[2][4]/clk
pin:tr_soc_top_mx/u_vpu/u_mac/prod_reg_reg[2][5]/clk
pin:tr_soc_top_mx/u_vpu/u_mac/prod_reg_reg[2][6]/clk
pin:tr_soc_top_mx/u_vpu/u_mac/prod_reg_reg[2][7]/clk
pin:tr_soc_top_mx/u_vpu/u_mac/prod_reg_reg[2][8]/clk
pin:tr_soc_top_mx/u_vpu/u_mac/prod_reg_reg[2][9]/clk
pin:tr_soc_top_mx/u_vpu/u_mac/prod_reg_reg[2][10]/clk
pin:tr_soc_top_mx/u_vpu/u_mac/prod_reg_reg[2][11]/clk
pin:tr_soc_top_mx/u_vpu/u_mac/prod_reg_reg[2][12]/clk
pin:tr_soc_top_mx/u_vpu/u_mac/prod_reg_reg[2][13]/clk
pin:tr_soc_top_mx/u_vpu/u_mac/prod_reg_reg[2][14]/clk
pin:tr_soc_top_mx/u_vpu/u_mac/prod_reg_reg[2][15]/clk
pin:tr_soc_top_mx/u_vpu/u_mac/prod_reg_reg[2][16]/clk
pin:tr_soc_top_mx/u_vpu/u_mac/prod_reg_reg[2][17]/clk
pin:tr_soc_top_mx/u_vpu/u_mac/prod_reg_reg[2][18]/clk
pin:tr_soc_top_mx/u_vpu/u_mac/prod_reg_reg[2][19]/clk
pin:tr_soc_top_mx/u_vpu/u_mac/prod_reg_reg[2][20]/clk
pin:tr_soc_top_mx/u_vpu/u_mac/prod_reg_reg[2][21]/clk
pin:tr_soc_top_mx/u_vpu/u_mac/prod_reg_reg[2][22]/clk
pin:tr_soc_top_mx/u_vpu/u_mac/prod_reg_reg[2][23]/clk
pin:tr_soc_top_mx/u_vpu/u_mac/prod_reg_reg[2][24]/clk
pin:tr_soc_top_mx/u_vpu/u_mac/prod_reg_reg[2][25]/clk
pin:tr_soc_top_mx/u_vpu/u_mac/prod_reg_reg[2][26]/clk
pin:tr_soc_top_mx/u_vpu/u_mac/prod_reg_reg[2][27]/clk
pin:tr_soc_top_mx/u_vpu/u_mac/prod_reg_reg[2][28]/clk
pin:tr_soc_top_mx/u_vpu/u_mac/prod_reg_reg[2][29]/clk
pin:tr_soc_top_mx/u_vpu/u_mac/prod_reg_reg[2][30]/clk
pin:tr_soc_top_mx/u_vpu/u_mac/prod_reg_reg[2][31]/clk
pin:tr_soc_top_mx/u_vpu/u_mac/prod_reg_reg[1][0]/clk
pin:tr_soc_top_mx/u_vpu/u_mac/prod_reg_reg[1][1]/clk
pin:tr_soc_top_mx/u_vpu/u_mac/prod_reg_reg[1][2]/clk
pin:tr_soc_top_mx/u_vpu/u_mac/prod_reg_reg[1][3]/clk
pin:tr_soc_top_mx/u_vpu/u_mac/prod_reg_reg[1][4]/clk
pin:tr_soc_top_mx/u_vpu/u_mac/prod_reg_reg[1][5]/clk
pin:tr_soc_top_mx/u_vpu/u_mac/prod_reg_reg[1][6]/clk
pin:tr_soc_top_mx/u_vpu/u_mac/prod_reg_reg[1][7]/clk
pin:tr_soc_top_mx/u_vpu/u_mac/prod_reg_reg[1][8]/clk
pin:tr_soc_top_mx/u_vpu/u_mac/prod_reg_reg[1][9]/clk
pin:tr_soc_top_mx/u_vpu/u_mac/prod_reg_reg[1][10]/clk
pin:tr_soc_top_mx/u_vpu/u_mac/prod_reg_reg[1][11]/clk
pin:tr_soc_top_mx/u_vpu/u_mac/prod_reg_reg[1][12]/clk
pin:tr_soc_top_mx/u_vpu/u_mac/prod_reg_reg[1][13]/clk
pin:tr_soc_top_mx/u_vpu/u_mac/prod_reg_reg[1][14]/clk
pin:tr_soc_top_mx/u_vpu/u_mac/prod_reg_reg[1][15]/clk
pin:tr_soc_top_mx/u_vpu/u_mac/prod_reg_reg[1][16]/clk
pin:tr_soc_top_mx/u_vpu/u_mac/prod_reg_reg[1][17]/clk
pin:tr_soc_top_mx/u_vpu/u_mac/prod_reg_reg[1][18]/clk
pin:tr_soc_top_mx/u_vpu/u_mac/prod_reg_reg[1][19]/clk
pin:tr_soc_top_mx/u_vpu/u_mac/prod_reg_reg[1][20]/clk
pin:tr_soc_top_mx/u_vpu/u_mac/prod_reg_reg[1][21]/clk
pin:tr_soc_top_mx/u_vpu/u_mac/prod_reg_reg[1][22]/clk
pin:tr_soc_top_mx/u_vpu/u_mac/prod_reg_reg[1][23]/clk
pin:tr_soc_top_mx/u_vpu/u_mac/prod_reg_reg[1][24]/clk
pin:tr_soc_top_mx/u_vpu/u_mac/prod_reg_reg[1][25]/clk
pin:tr_soc_top_mx/u_vpu/u_mac/prod_reg_reg[1][26]/clk
pin:tr_soc_top_mx/u_vpu/u_mac/prod_reg_reg[1][27]/clk
pin:tr_soc_top_mx/u_vpu/u_mac/prod_reg_reg[1][28]/clk
pin:tr_soc_top_mx/u_vpu/u_mac/prod_reg_reg[1][29]/clk
pin:tr_soc_top_mx/u_vpu/u_mac/prod_reg_reg[1][30]/clk
pin:tr_soc_top_mx/u_vpu/u_mac/prod_reg_reg[1][31]/clk
pin:tr_soc_top_mx/u_vpu/u_mac/prod_reg_reg[0][0]/clk
pin:tr_soc_top_mx/u_vpu/u_mac/prod_reg_reg[0][1]/clk
pin:tr_soc_top_mx/u_vpu/u_mac/prod_reg_reg[0][2]/clk
pin:tr_soc_top_mx/u_vpu/u_mac/prod_reg_reg[0][3]/clk
pin:tr_soc_top_mx/u_vpu/u_mac/prod_reg_reg[0][4]/clk
pin:tr_soc_top_mx/u_vpu/u_mac/prod_reg_reg[0][5]/clk
pin:tr_soc_top_mx/u_vpu/u_mac/prod_reg_reg[0][6]/clk
pin:tr_soc_top_mx/u_vpu/u_mac/prod_reg_reg[0][7]/clk
pin:tr_soc_top_mx/u_vpu/u_mac/prod_reg_reg[0][8]/clk
pin:tr_soc_top_mx/u_vpu/u_mac/prod_reg_reg[0][9]/clk
pin:tr_soc_top_mx/u_vpu/u_mac/prod_reg_reg[0][10]/clk
pin:tr_soc_top_mx/u_vpu/u_mac/prod_reg_reg[0][11]/clk
pin:tr_soc_top_mx/u_vpu/u_mac/prod_reg_reg[0][12]/clk
pin:tr_soc_top_mx/u_vpu/u_mac/prod_reg_reg[0][13]/clk
pin:tr_soc_top_mx/u_vpu/u_mac/prod_reg_reg[0][14]/clk
pin:tr_soc_top_mx/u_vpu/u_mac/prod_reg_reg[0][15]/clk
pin:tr_soc_top_mx/u_vpu/u_mac/prod_reg_reg[0][16]/clk
pin:tr_soc_top_mx/u_vpu/u_mac/prod_reg_reg[0][17]/clk
pin:tr_soc_top_mx/u_vpu/u_mac/prod_reg_reg[0][18]/clk
pin:tr_soc_top_mx/u_vpu/u_mac/prod_reg_reg[0][19]/clk
pin:tr_soc_top_mx/u_vpu/u_mac/prod_reg_reg[0][20]/clk
pin:tr_soc_top_mx/u_vpu/u_mac/prod_reg_reg[0][21]/clk
pin:tr_soc_top_mx/u_vpu/u_mac/prod_reg_reg[0][22]/clk
pin:tr_soc_top_mx/u_vpu/u_mac/prod_reg_reg[0][23]/clk
pin:tr_soc_top_mx/u_vpu/u_mac/prod_reg_reg[0][24]/clk
pin:tr_soc_top_mx/u_vpu/u_mac/prod_reg_reg[0][25]/clk
pin:tr_soc_top_mx/u_vpu/u_mac/prod_reg_reg[0][26]/clk
pin:tr_soc_top_mx/u_vpu/u_mac/prod_reg_reg[0][27]/clk
pin:tr_soc_top_mx/u_vpu/u_mac/prod_reg_reg[0][28]/clk
pin:tr_soc_top_mx/u_vpu/u_mac/prod_reg_reg[0][29]/clk
pin:tr_soc_top_mx/u_vpu/u_mac/prod_reg_reg[0][30]/clk
pin:tr_soc_top_mx/u_vpu/u_mac/prod_reg_reg[0][31]/clk
pin:tr_soc_top_mx/u_vpu/u_mac/c_reg2_reg[0]/clk
pin:tr_soc_top_mx/u_vpu/u_mac/c_reg2_reg[1]/clk
pin:tr_soc_top_mx/u_vpu/u_mac/c_reg2_reg[2]/clk
pin:tr_soc_top_mx/u_vpu/u_mac/c_reg2_reg[3]/clk
pin:tr_soc_top_mx/u_vpu/u_mac/c_reg2_reg[4]/clk
pin:tr_soc_top_mx/u_vpu/u_mac/c_reg2_reg[5]/clk
pin:tr_soc_top_mx/u_vpu/u_mac/c_reg2_reg[6]/clk
pin:tr_soc_top_mx/u_vpu/u_mac/c_reg2_reg[7]/clk
pin:tr_soc_top_mx/u_vpu/u_mac/c_reg2_reg[8]/clk
pin:tr_soc_top_mx/u_vpu/u_mac/c_reg2_reg[9]/clk
pin:tr_soc_top_mx/u_vpu/u_mac/c_reg2_reg[10]/clk
pin:tr_soc_top_mx/u_vpu/u_mac/c_reg2_reg[11]/clk
pin:tr_soc_top_mx/u_vpu/u_mac/c_reg2_reg[12]/clk
pin:tr_soc_top_mx/u_vpu/u_mac/c_reg2_reg[13]/clk
pin:tr_soc_top_mx/u_vpu/u_mac/c_reg2_reg[14]/clk
pin:tr_soc_top_mx/u_vpu/u_mac/c_reg2_reg[15]/clk
pin:tr_soc_top_mx/u_vpu/u_mac/c_reg2_reg[16]/clk
pin:tr_soc_top_mx/u_vpu/u_mac/c_reg2_reg[17]/clk
pin:tr_soc_top_mx/u_vpu/u_mac/c_reg2_reg[18]/clk
pin:tr_soc_top_mx/u_vpu/u_mac/c_reg2_reg[19]/clk
pin:tr_soc_top_mx/u_vpu/u_mac/c_reg2_reg[20]/clk
pin:tr_soc_top_mx/u_vpu/u_mac/c_reg2_reg[21]/clk
pin:tr_soc_top_mx/u_vpu/u_mac/c_reg2_reg[22]/clk
pin:tr_soc_top_mx/u_vpu/u_mac/c_reg2_reg[23]/clk
pin:tr_soc_top_mx/u_vpu/u_mac/c_reg2_reg[24]/clk
pin:tr_soc_top_mx/u_vpu/u_mac/c_reg2_reg[25]/clk
pin:tr_soc_top_mx/u_vpu/u_mac/c_reg2_reg[26]/clk
pin:tr_soc_top_mx/u_vpu/u_mac/c_reg2_reg[27]/clk
pin:tr_soc_top_mx/u_vpu/u_mac/c_reg2_reg[28]/clk
pin:tr_soc_top_mx/u_vpu/u_mac/c_reg2_reg[29]/clk
pin:tr_soc_top_mx/u_vpu/u_mac/c_reg2_reg[30]/clk
pin:tr_soc_top_mx/u_vpu/u_mac/c_reg2_reg[31]/clk
pin:tr_soc_top_mx/u_vpu/u_mac/v2_reg/clk
pin:tr_soc_top_mx/u_vpu/u_mac/clr2_reg/clk
pin:tr_soc_top_mx/u_vpu/u_mac/vec_sum_reg_reg[0]/clk
pin:tr_soc_top_mx/u_vpu/u_mac/vec_sum_reg_reg[1]/clk
pin:tr_soc_top_mx/u_vpu/u_mac/vec_sum_reg_reg[2]/clk
pin:tr_soc_top_mx/u_vpu/u_mac/vec_sum_reg_reg[3]/clk
pin:tr_soc_top_mx/u_vpu/u_mac/vec_sum_reg_reg[4]/clk
pin:tr_soc_top_mx/u_vpu/u_mac/vec_sum_reg_reg[5]/clk
pin:tr_soc_top_mx/u_vpu/u_mac/vec_sum_reg_reg[6]/clk
pin:tr_soc_top_mx/u_vpu/u_mac/vec_sum_reg_reg[7]/clk
pin:tr_soc_top_mx/u_vpu/u_mac/vec_sum_reg_reg[8]/clk
pin:tr_soc_top_mx/u_vpu/u_mac/vec_sum_reg_reg[9]/clk
pin:tr_soc_top_mx/u_vpu/u_mac/vec_sum_reg_reg[10]/clk
pin:tr_soc_top_mx/u_vpu/u_mac/vec_sum_reg_reg[11]/clk
pin:tr_soc_top_mx/u_vpu/u_mac/vec_sum_reg_reg[12]/clk
pin:tr_soc_top_mx/u_vpu/u_mac/vec_sum_reg_reg[13]/clk
pin:tr_soc_top_mx/u_vpu/u_mac/vec_sum_reg_reg[14]/clk
pin:tr_soc_top_mx/u_vpu/u_mac/vec_sum_reg_reg[15]/clk
pin:tr_soc_top_mx/u_vpu/u_mac/vec_sum_reg_reg[16]/clk
pin:tr_soc_top_mx/u_vpu/u_mac/vec_sum_reg_reg[17]/clk
pin:tr_soc_top_mx/u_vpu/u_mac/vec_sum_reg_reg[18]/clk
pin:tr_soc_top_mx/u_vpu/u_mac/vec_sum_reg_reg[19]/clk
pin:tr_soc_top_mx/u_vpu/u_mac/vec_sum_reg_reg[20]/clk
pin:tr_soc_top_mx/u_vpu/u_mac/vec_sum_reg_reg[21]/clk
pin:tr_soc_top_mx/u_vpu/u_mac/vec_sum_reg_reg[22]/clk
pin:tr_soc_top_mx/u_vpu/u_mac/vec_sum_reg_reg[23]/clk
pin:tr_soc_top_mx/u_vpu/u_mac/vec_sum_reg_reg[24]/clk
pin:tr_soc_top_mx/u_vpu/u_mac/vec_sum_reg_reg[25]/clk
pin:tr_soc_top_mx/u_vpu/u_mac/vec_sum_reg_reg[26]/clk
pin:tr_soc_top_mx/u_vpu/u_mac/vec_sum_reg_reg[27]/clk
pin:tr_soc_top_mx/u_vpu/u_mac/vec_sum_reg_reg[28]/clk
pin:tr_soc_top_mx/u_vpu/u_mac/vec_sum_reg_reg[29]/clk
pin:tr_soc_top_mx/u_vpu/u_mac/vec_sum_reg_reg[30]/clk
pin:tr_soc_top_mx/u_vpu/u_mac/vec_sum_reg_reg[31]/clk
pin:tr_soc_top_mx/u_vpu/u_mac/c_reg3_reg[0]/clk
pin:tr_soc_top_mx/u_vpu/u_mac/c_reg3_reg[1]/clk
pin:tr_soc_top_mx/u_vpu/u_mac/c_reg3_reg[2]/clk
pin:tr_soc_top_mx/u_vpu/u_mac/c_reg3_reg[3]/clk
pin:tr_soc_top_mx/u_vpu/u_mac/c_reg3_reg[4]/clk
pin:tr_soc_top_mx/u_vpu/u_mac/c_reg3_reg[5]/clk
pin:tr_soc_top_mx/u_vpu/u_mac/c_reg3_reg[6]/clk
pin:tr_soc_top_mx/u_vpu/u_mac/c_reg3_reg[7]/clk
pin:tr_soc_top_mx/u_vpu/u_mac/c_reg3_reg[8]/clk
pin:tr_soc_top_mx/u_vpu/u_mac/c_reg3_reg[9]/clk
pin:tr_soc_top_mx/u_vpu/u_mac/c_reg3_reg[10]/clk
pin:tr_soc_top_mx/u_vpu/u_mac/c_reg3_reg[11]/clk
pin:tr_soc_top_mx/u_vpu/u_mac/c_reg3_reg[12]/clk
pin:tr_soc_top_mx/u_vpu/u_mac/c_reg3_reg[13]/clk
pin:tr_soc_top_mx/u_vpu/u_mac/c_reg3_reg[14]/clk
pin:tr_soc_top_mx/u_vpu/u_mac/c_reg3_reg[15]/clk
pin:tr_soc_top_mx/u_vpu/u_mac/c_reg3_reg[16]/clk
pin:tr_soc_top_mx/u_vpu/u_mac/c_reg3_reg[17]/clk
pin:tr_soc_top_mx/u_vpu/u_mac/c_reg3_reg[18]/clk
pin:tr_soc_top_mx/u_vpu/u_mac/c_reg3_reg[19]/clk
pin:tr_soc_top_mx/u_vpu/u_mac/c_reg3_reg[20]/clk
pin:tr_soc_top_mx/u_vpu/u_mac/c_reg3_reg[21]/clk
pin:tr_soc_top_mx/u_vpu/u_mac/c_reg3_reg[22]/clk
pin:tr_soc_top_mx/u_vpu/u_mac/c_reg3_reg[23]/clk
pin:tr_soc_top_mx/u_vpu/u_mac/c_reg3_reg[24]/clk
pin:tr_soc_top_mx/u_vpu/u_mac/c_reg3_reg[25]/clk
pin:tr_soc_top_mx/u_vpu/u_mac/c_reg3_reg[26]/clk
pin:tr_soc_top_mx/u_vpu/u_mac/c_reg3_reg[27]/clk
pin:tr_soc_top_mx/u_vpu/u_mac/c_reg3_reg[28]/clk
pin:tr_soc_top_mx/u_vpu/u_mac/c_reg3_reg[29]/clk
pin:tr_soc_top_mx/u_vpu/u_mac/c_reg3_reg[30]/clk
pin:tr_soc_top_mx/u_vpu/u_mac/c_reg3_reg[31]/clk
pin:tr_soc_top_mx/u_vpu/u_mac/v3_reg/clk
pin:tr_soc_top_mx/u_vpu/u_mac/clr3_reg/clk
pin:tr_soc_top_mx/u_vpu/u_mac/out_valid_reg/clk
pin:tr_soc_top_mx/u_vpu/u_mac/out_dot_reg[0]/clk
pin:tr_soc_top_mx/u_vpu/u_mac/out_dot_reg[1]/clk
pin:tr_soc_top_mx/u_vpu/u_mac/out_dot_reg[2]/clk
pin:tr_soc_top_mx/u_vpu/u_mac/out_dot_reg[3]/clk
pin:tr_soc_top_mx/u_vpu/u_mac/out_dot_reg[4]/clk
pin:tr_soc_top_mx/u_vpu/u_mac/out_dot_reg[5]/clk
pin:tr_soc_top_mx/u_vpu/u_mac/out_dot_reg[6]/clk
pin:tr_soc_top_mx/u_vpu/u_mac/out_dot_reg[7]/clk
pin:tr_soc_top_mx/u_vpu/u_mac/out_dot_reg[8]/clk
pin:tr_soc_top_mx/u_vpu/u_mac/out_dot_reg[9]/clk
pin:tr_soc_top_mx/u_vpu/u_mac/out_dot_reg[10]/clk
pin:tr_soc_top_mx/u_vpu/u_mac/out_dot_reg[11]/clk
pin:tr_soc_top_mx/u_vpu/u_mac/out_dot_reg[12]/clk
pin:tr_soc_top_mx/u_vpu/u_mac/out_dot_reg[13]/clk
pin:tr_soc_top_mx/u_vpu/u_mac/out_dot_reg[14]/clk
pin:tr_soc_top_mx/u_vpu/u_mac/out_dot_reg[15]/clk
pin:tr_soc_top_mx/u_vpu/u_mac/out_dot_reg[16]/clk
pin:tr_soc_top_mx/u_vpu/u_mac/out_dot_reg[17]/clk
pin:tr_soc_top_mx/u_vpu/u_mac/out_dot_reg[18]/clk
pin:tr_soc_top_mx/u_vpu/u_mac/out_dot_reg[19]/clk
pin:tr_soc_top_mx/u_vpu/u_mac/out_dot_reg[20]/clk
pin:tr_soc_top_mx/u_vpu/u_mac/out_dot_reg[21]/clk
pin:tr_soc_top_mx/u_vpu/u_mac/out_dot_reg[22]/clk
pin:tr_soc_top_mx/u_vpu/u_mac/out_dot_reg[23]/clk
pin:tr_soc_top_mx/u_vpu/u_mac/out_dot_reg[24]/clk
pin:tr_soc_top_mx/u_vpu/u_mac/out_dot_reg[25]/clk
pin:tr_soc_top_mx/u_vpu/u_mac/out_dot_reg[26]/clk
pin:tr_soc_top_mx/u_vpu/u_mac/out_dot_reg[27]/clk
pin:tr_soc_top_mx/u_vpu/u_mac/out_dot_reg[28]/clk
pin:tr_soc_top_mx/u_vpu/u_mac/out_dot_reg[29]/clk
pin:tr_soc_top_mx/u_vpu/u_mac/out_dot_reg[30]/clk
pin:tr_soc_top_mx/u_vpu/u_mac/out_dot_reg[31]/clk
pin:tr_soc_top_mx/u_vpu/u_vecmul/a_reg_reg[7][0]/clk
pin:tr_soc_top_mx/u_vpu/u_vecmul/a_reg_reg[7][1]/clk
pin:tr_soc_top_mx/u_vpu/u_vecmul/a_reg_reg[7][2]/clk
pin:tr_soc_top_mx/u_vpu/u_vecmul/a_reg_reg[7][3]/clk
pin:tr_soc_top_mx/u_vpu/u_vecmul/a_reg_reg[7][4]/clk
pin:tr_soc_top_mx/u_vpu/u_vecmul/a_reg_reg[7][5]/clk
pin:tr_soc_top_mx/u_vpu/u_vecmul/a_reg_reg[7][6]/clk
pin:tr_soc_top_mx/u_vpu/u_vecmul/a_reg_reg[7][7]/clk
pin:tr_soc_top_mx/u_vpu/u_vecmul/a_reg_reg[7][8]/clk
pin:tr_soc_top_mx/u_vpu/u_vecmul/a_reg_reg[7][9]/clk
pin:tr_soc_top_mx/u_vpu/u_vecmul/a_reg_reg[7][10]/clk
pin:tr_soc_top_mx/u_vpu/u_vecmul/a_reg_reg[7][11]/clk
pin:tr_soc_top_mx/u_vpu/u_vecmul/a_reg_reg[7][12]/clk
pin:tr_soc_top_mx/u_vpu/u_vecmul/a_reg_reg[7][13]/clk
pin:tr_soc_top_mx/u_vpu/u_vecmul/a_reg_reg[7][14]/clk
pin:tr_soc_top_mx/u_vpu/u_vecmul/a_reg_reg[7][15]/clk
pin:tr_soc_top_mx/u_vpu/u_vecmul/a_reg_reg[6][0]/clk
pin:tr_soc_top_mx/u_vpu/u_vecmul/a_reg_reg[6][1]/clk
pin:tr_soc_top_mx/u_vpu/u_vecmul/a_reg_reg[6][2]/clk
pin:tr_soc_top_mx/u_vpu/u_vecmul/a_reg_reg[6][3]/clk
pin:tr_soc_top_mx/u_vpu/u_vecmul/a_reg_reg[6][4]/clk
pin:tr_soc_top_mx/u_vpu/u_vecmul/a_reg_reg[6][5]/clk
pin:tr_soc_top_mx/u_vpu/u_vecmul/a_reg_reg[6][6]/clk
pin:tr_soc_top_mx/u_vpu/u_vecmul/a_reg_reg[6][7]/clk
pin:tr_soc_top_mx/u_vpu/u_vecmul/a_reg_reg[6][8]/clk
pin:tr_soc_top_mx/u_vpu/u_vecmul/a_reg_reg[6][9]/clk
pin:tr_soc_top_mx/u_vpu/u_vecmul/a_reg_reg[6][10]/clk
pin:tr_soc_top_mx/u_vpu/u_vecmul/a_reg_reg[6][11]/clk
pin:tr_soc_top_mx/u_vpu/u_vecmul/a_reg_reg[6][12]/clk
pin:tr_soc_top_mx/u_vpu/u_vecmul/a_reg_reg[6][13]/clk
pin:tr_soc_top_mx/u_vpu/u_vecmul/a_reg_reg[6][14]/clk
pin:tr_soc_top_mx/u_vpu/u_vecmul/a_reg_reg[6][15]/clk
pin:tr_soc_top_mx/u_vpu/u_vecmul/a_reg_reg[5][0]/clk
pin:tr_soc_top_mx/u_vpu/u_vecmul/a_reg_reg[5][1]/clk
pin:tr_soc_top_mx/u_vpu/u_vecmul/a_reg_reg[5][2]/clk
pin:tr_soc_top_mx/u_vpu/u_vecmul/a_reg_reg[5][3]/clk
pin:tr_soc_top_mx/u_vpu/u_vecmul/a_reg_reg[5][4]/clk
pin:tr_soc_top_mx/u_vpu/u_vecmul/a_reg_reg[5][5]/clk
pin:tr_soc_top_mx/u_vpu/u_vecmul/a_reg_reg[5][6]/clk
pin:tr_soc_top_mx/u_vpu/u_vecmul/a_reg_reg[5][7]/clk
pin:tr_soc_top_mx/u_vpu/u_vecmul/a_reg_reg[5][8]/clk
pin:tr_soc_top_mx/u_vpu/u_vecmul/a_reg_reg[5][9]/clk
pin:tr_soc_top_mx/u_vpu/u_vecmul/a_reg_reg[5][10]/clk
pin:tr_soc_top_mx/u_vpu/u_vecmul/a_reg_reg[5][11]/clk
pin:tr_soc_top_mx/u_vpu/u_vecmul/a_reg_reg[5][12]/clk
pin:tr_soc_top_mx/u_vpu/u_vecmul/a_reg_reg[5][13]/clk
pin:tr_soc_top_mx/u_vpu/u_vecmul/a_reg_reg[5][14]/clk
pin:tr_soc_top_mx/u_vpu/u_vecmul/a_reg_reg[5][15]/clk
pin:tr_soc_top_mx/u_vpu/u_vecmul/a_reg_reg[4][0]/clk
pin:tr_soc_top_mx/u_vpu/u_vecmul/a_reg_reg[4][1]/clk
pin:tr_soc_top_mx/u_vpu/u_vecmul/a_reg_reg[4][2]/clk
pin:tr_soc_top_mx/u_vpu/u_vecmul/a_reg_reg[4][3]/clk
pin:tr_soc_top_mx/u_vpu/u_vecmul/a_reg_reg[4][4]/clk
pin:tr_soc_top_mx/u_vpu/u_vecmul/a_reg_reg[4][5]/clk
pin:tr_soc_top_mx/u_vpu/u_vecmul/a_reg_reg[4][6]/clk
pin:tr_soc_top_mx/u_vpu/u_vecmul/a_reg_reg[4][7]/clk
pin:tr_soc_top_mx/u_vpu/u_vecmul/a_reg_reg[4][8]/clk
pin:tr_soc_top_mx/u_vpu/u_vecmul/a_reg_reg[4][9]/clk
pin:tr_soc_top_mx/u_vpu/u_vecmul/a_reg_reg[4][10]/clk
pin:tr_soc_top_mx/u_vpu/u_vecmul/a_reg_reg[4][11]/clk
pin:tr_soc_top_mx/u_vpu/u_vecmul/a_reg_reg[4][12]/clk
pin:tr_soc_top_mx/u_vpu/u_vecmul/a_reg_reg[4][13]/clk
pin:tr_soc_top_mx/u_vpu/u_vecmul/a_reg_reg[4][14]/clk
pin:tr_soc_top_mx/u_vpu/u_vecmul/a_reg_reg[4][15]/clk
pin:tr_soc_top_mx/u_vpu/u_vecmul/a_reg_reg[3][0]/clk
pin:tr_soc_top_mx/u_vpu/u_vecmul/a_reg_reg[3][1]/clk
pin:tr_soc_top_mx/u_vpu/u_vecmul/a_reg_reg[3][2]/clk
pin:tr_soc_top_mx/u_vpu/u_vecmul/a_reg_reg[3][3]/clk
pin:tr_soc_top_mx/u_vpu/u_vecmul/a_reg_reg[3][4]/clk
pin:tr_soc_top_mx/u_vpu/u_vecmul/a_reg_reg[3][5]/clk
pin:tr_soc_top_mx/u_vpu/u_vecmul/a_reg_reg[3][6]/clk
pin:tr_soc_top_mx/u_vpu/u_vecmul/a_reg_reg[3][7]/clk
pin:tr_soc_top_mx/u_vpu/u_vecmul/a_reg_reg[3][8]/clk
pin:tr_soc_top_mx/u_vpu/u_vecmul/a_reg_reg[3][9]/clk
pin:tr_soc_top_mx/u_vpu/u_vecmul/a_reg_reg[3][10]/clk
pin:tr_soc_top_mx/u_vpu/u_vecmul/a_reg_reg[3][11]/clk
pin:tr_soc_top_mx/u_vpu/u_vecmul/a_reg_reg[3][12]/clk
pin:tr_soc_top_mx/u_vpu/u_vecmul/a_reg_reg[3][13]/clk
pin:tr_soc_top_mx/u_vpu/u_vecmul/a_reg_reg[3][14]/clk
pin:tr_soc_top_mx/u_vpu/u_vecmul/a_reg_reg[3][15]/clk
pin:tr_soc_top_mx/u_vpu/u_vecmul/a_reg_reg[2][0]/clk
pin:tr_soc_top_mx/u_vpu/u_vecmul/a_reg_reg[2][1]/clk
pin:tr_soc_top_mx/u_vpu/u_vecmul/a_reg_reg[2][2]/clk
pin:tr_soc_top_mx/u_vpu/u_vecmul/a_reg_reg[2][3]/clk
pin:tr_soc_top_mx/u_vpu/u_vecmul/a_reg_reg[2][4]/clk
pin:tr_soc_top_mx/u_vpu/u_vecmul/a_reg_reg[2][5]/clk
pin:tr_soc_top_mx/u_vpu/u_vecmul/a_reg_reg[2][6]/clk
pin:tr_soc_top_mx/u_vpu/u_vecmul/a_reg_reg[2][7]/clk
pin:tr_soc_top_mx/u_vpu/u_vecmul/a_reg_reg[2][8]/clk
pin:tr_soc_top_mx/u_vpu/u_vecmul/a_reg_reg[2][9]/clk
pin:tr_soc_top_mx/u_vpu/u_vecmul/a_reg_reg[2][10]/clk
pin:tr_soc_top_mx/u_vpu/u_vecmul/a_reg_reg[2][11]/clk
pin:tr_soc_top_mx/u_vpu/u_vecmul/a_reg_reg[2][12]/clk
pin:tr_soc_top_mx/u_vpu/u_vecmul/a_reg_reg[2][13]/clk
pin:tr_soc_top_mx/u_vpu/u_vecmul/a_reg_reg[2][14]/clk
pin:tr_soc_top_mx/u_vpu/u_vecmul/a_reg_reg[2][15]/clk
pin:tr_soc_top_mx/u_vpu/u_vecmul/a_reg_reg[1][0]/clk
pin:tr_soc_top_mx/u_vpu/u_vecmul/a_reg_reg[1][1]/clk
pin:tr_soc_top_mx/u_vpu/u_vecmul/a_reg_reg[1][2]/clk
pin:tr_soc_top_mx/u_vpu/u_vecmul/a_reg_reg[1][3]/clk
pin:tr_soc_top_mx/u_vpu/u_vecmul/a_reg_reg[1][4]/clk
pin:tr_soc_top_mx/u_vpu/u_vecmul/a_reg_reg[1][5]/clk
pin:tr_soc_top_mx/u_vpu/u_vecmul/a_reg_reg[1][6]/clk
pin:tr_soc_top_mx/u_vpu/u_vecmul/a_reg_reg[1][7]/clk
pin:tr_soc_top_mx/u_vpu/u_vecmul/a_reg_reg[1][8]/clk
pin:tr_soc_top_mx/u_vpu/u_vecmul/a_reg_reg[1][9]/clk
pin:tr_soc_top_mx/u_vpu/u_vecmul/a_reg_reg[1][10]/clk
pin:tr_soc_top_mx/u_vpu/u_vecmul/a_reg_reg[1][11]/clk
pin:tr_soc_top_mx/u_vpu/u_vecmul/a_reg_reg[1][12]/clk
pin:tr_soc_top_mx/u_vpu/u_vecmul/a_reg_reg[1][13]/clk
pin:tr_soc_top_mx/u_vpu/u_vecmul/a_reg_reg[1][14]/clk
pin:tr_soc_top_mx/u_vpu/u_vecmul/a_reg_reg[1][15]/clk
pin:tr_soc_top_mx/u_vpu/u_vecmul/a_reg_reg[0][0]/clk
pin:tr_soc_top_mx/u_vpu/u_vecmul/a_reg_reg[0][1]/clk
pin:tr_soc_top_mx/u_vpu/u_vecmul/a_reg_reg[0][2]/clk
pin:tr_soc_top_mx/u_vpu/u_vecmul/a_reg_reg[0][3]/clk
pin:tr_soc_top_mx/u_vpu/u_vecmul/a_reg_reg[0][4]/clk
pin:tr_soc_top_mx/u_vpu/u_vecmul/a_reg_reg[0][5]/clk
pin:tr_soc_top_mx/u_vpu/u_vecmul/a_reg_reg[0][6]/clk
pin:tr_soc_top_mx/u_vpu/u_vecmul/a_reg_reg[0][7]/clk
pin:tr_soc_top_mx/u_vpu/u_vecmul/a_reg_reg[0][8]/clk
pin:tr_soc_top_mx/u_vpu/u_vecmul/a_reg_reg[0][9]/clk
pin:tr_soc_top_mx/u_vpu/u_vecmul/a_reg_reg[0][10]/clk
pin:tr_soc_top_mx/u_vpu/u_vecmul/a_reg_reg[0][11]/clk
pin:tr_soc_top_mx/u_vpu/u_vecmul/a_reg_reg[0][12]/clk
pin:tr_soc_top_mx/u_vpu/u_vecmul/a_reg_reg[0][13]/clk
pin:tr_soc_top_mx/u_vpu/u_vecmul/a_reg_reg[0][14]/clk
pin:tr_soc_top_mx/u_vpu/u_vecmul/a_reg_reg[0][15]/clk
pin:tr_soc_top_mx/u_vpu/u_vecmul/b_reg_reg[7][0]/clk
pin:tr_soc_top_mx/u_vpu/u_vecmul/b_reg_reg[7][1]/clk
pin:tr_soc_top_mx/u_vpu/u_vecmul/b_reg_reg[7][2]/clk
pin:tr_soc_top_mx/u_vpu/u_vecmul/b_reg_reg[7][3]/clk
pin:tr_soc_top_mx/u_vpu/u_vecmul/b_reg_reg[7][4]/clk
pin:tr_soc_top_mx/u_vpu/u_vecmul/b_reg_reg[7][5]/clk
pin:tr_soc_top_mx/u_vpu/u_vecmul/b_reg_reg[7][6]/clk
pin:tr_soc_top_mx/u_vpu/u_vecmul/b_reg_reg[7][7]/clk
pin:tr_soc_top_mx/u_vpu/u_vecmul/b_reg_reg[7][8]/clk
pin:tr_soc_top_mx/u_vpu/u_vecmul/b_reg_reg[7][9]/clk
pin:tr_soc_top_mx/u_vpu/u_vecmul/b_reg_reg[7][10]/clk
pin:tr_soc_top_mx/u_vpu/u_vecmul/b_reg_reg[7][11]/clk
pin:tr_soc_top_mx/u_vpu/u_vecmul/b_reg_reg[7][12]/clk
pin:tr_soc_top_mx/u_vpu/u_vecmul/b_reg_reg[7][13]/clk
pin:tr_soc_top_mx/u_vpu/u_vecmul/b_reg_reg[7][14]/clk
pin:tr_soc_top_mx/u_vpu/u_vecmul/b_reg_reg[7][15]/clk
pin:tr_soc_top_mx/u_vpu/u_vecmul/b_reg_reg[6][0]/clk
pin:tr_soc_top_mx/u_vpu/u_vecmul/b_reg_reg[6][1]/clk
pin:tr_soc_top_mx/u_vpu/u_vecmul/b_reg_reg[6][2]/clk
pin:tr_soc_top_mx/u_vpu/u_vecmul/b_reg_reg[6][3]/clk
pin:tr_soc_top_mx/u_vpu/u_vecmul/b_reg_reg[6][4]/clk
pin:tr_soc_top_mx/u_vpu/u_vecmul/b_reg_reg[6][5]/clk
pin:tr_soc_top_mx/u_vpu/u_vecmul/b_reg_reg[6][6]/clk
pin:tr_soc_top_mx/u_vpu/u_vecmul/b_reg_reg[6][7]/clk
pin:tr_soc_top_mx/u_vpu/u_vecmul/b_reg_reg[6][8]/clk
pin:tr_soc_top_mx/u_vpu/u_vecmul/b_reg_reg[6][9]/clk
pin:tr_soc_top_mx/u_vpu/u_vecmul/b_reg_reg[6][10]/clk
pin:tr_soc_top_mx/u_vpu/u_vecmul/b_reg_reg[6][11]/clk
pin:tr_soc_top_mx/u_vpu/u_vecmul/b_reg_reg[6][12]/clk
pin:tr_soc_top_mx/u_vpu/u_vecmul/b_reg_reg[6][13]/clk
pin:tr_soc_top_mx/u_vpu/u_vecmul/b_reg_reg[6][14]/clk
pin:tr_soc_top_mx/u_vpu/u_vecmul/b_reg_reg[6][15]/clk
pin:tr_soc_top_mx/u_vpu/u_vecmul/b_reg_reg[5][0]/clk
pin:tr_soc_top_mx/u_vpu/u_vecmul/b_reg_reg[5][1]/clk
pin:tr_soc_top_mx/u_vpu/u_vecmul/b_reg_reg[5][2]/clk
pin:tr_soc_top_mx/u_vpu/u_vecmul/b_reg_reg[5][3]/clk
pin:tr_soc_top_mx/u_vpu/u_vecmul/b_reg_reg[5][4]/clk
pin:tr_soc_top_mx/u_vpu/u_vecmul/b_reg_reg[5][5]/clk
pin:tr_soc_top_mx/u_vpu/u_vecmul/b_reg_reg[5][6]/clk
pin:tr_soc_top_mx/u_vpu/u_vecmul/b_reg_reg[5][7]/clk
pin:tr_soc_top_mx/u_vpu/u_vecmul/b_reg_reg[5][8]/clk
pin:tr_soc_top_mx/u_vpu/u_vecmul/b_reg_reg[5][9]/clk
pin:tr_soc_top_mx/u_vpu/u_vecmul/b_reg_reg[5][10]/clk
pin:tr_soc_top_mx/u_vpu/u_vecmul/b_reg_reg[5][11]/clk
pin:tr_soc_top_mx/u_vpu/u_vecmul/b_reg_reg[5][12]/clk
pin:tr_soc_top_mx/u_vpu/u_vecmul/b_reg_reg[5][13]/clk
pin:tr_soc_top_mx/u_vpu/u_vecmul/b_reg_reg[5][14]/clk
pin:tr_soc_top_mx/u_vpu/u_vecmul/b_reg_reg[5][15]/clk
pin:tr_soc_top_mx/u_vpu/u_vecmul/b_reg_reg[4][0]/clk
pin:tr_soc_top_mx/u_vpu/u_vecmul/b_reg_reg[4][1]/clk
pin:tr_soc_top_mx/u_vpu/u_vecmul/b_reg_reg[4][2]/clk
pin:tr_soc_top_mx/u_vpu/u_vecmul/b_reg_reg[4][3]/clk
pin:tr_soc_top_mx/u_vpu/u_vecmul/b_reg_reg[4][4]/clk
pin:tr_soc_top_mx/u_vpu/u_vecmul/b_reg_reg[4][5]/clk
pin:tr_soc_top_mx/u_vpu/u_vecmul/b_reg_reg[4][6]/clk
pin:tr_soc_top_mx/u_vpu/u_vecmul/b_reg_reg[4][7]/clk
pin:tr_soc_top_mx/u_vpu/u_vecmul/b_reg_reg[4][8]/clk
pin:tr_soc_top_mx/u_vpu/u_vecmul/b_reg_reg[4][9]/clk
pin:tr_soc_top_mx/u_vpu/u_vecmul/b_reg_reg[4][10]/clk
pin:tr_soc_top_mx/u_vpu/u_vecmul/b_reg_reg[4][11]/clk
pin:tr_soc_top_mx/u_vpu/u_vecmul/b_reg_reg[4][12]/clk
pin:tr_soc_top_mx/u_vpu/u_vecmul/b_reg_reg[4][13]/clk
pin:tr_soc_top_mx/u_vpu/u_vecmul/b_reg_reg[4][14]/clk
pin:tr_soc_top_mx/u_vpu/u_vecmul/b_reg_reg[4][15]/clk
pin:tr_soc_top_mx/u_vpu/u_vecmul/b_reg_reg[3][0]/clk
pin:tr_soc_top_mx/u_vpu/u_vecmul/b_reg_reg[3][1]/clk
pin:tr_soc_top_mx/u_vpu/u_vecmul/b_reg_reg[3][2]/clk
pin:tr_soc_top_mx/u_vpu/u_vecmul/b_reg_reg[3][3]/clk
pin:tr_soc_top_mx/u_vpu/u_vecmul/b_reg_reg[3][4]/clk
pin:tr_soc_top_mx/u_vpu/u_vecmul/b_reg_reg[3][5]/clk
pin:tr_soc_top_mx/u_vpu/u_vecmul/b_reg_reg[3][6]/clk
pin:tr_soc_top_mx/u_vpu/u_vecmul/b_reg_reg[3][7]/clk
pin:tr_soc_top_mx/u_vpu/u_vecmul/b_reg_reg[3][8]/clk
pin:tr_soc_top_mx/u_vpu/u_vecmul/b_reg_reg[3][9]/clk
pin:tr_soc_top_mx/u_vpu/u_vecmul/b_reg_reg[3][10]/clk
pin:tr_soc_top_mx/u_vpu/u_vecmul/b_reg_reg[3][11]/clk
pin:tr_soc_top_mx/u_vpu/u_vecmul/b_reg_reg[3][12]/clk
pin:tr_soc_top_mx/u_vpu/u_vecmul/b_reg_reg[3][13]/clk
pin:tr_soc_top_mx/u_vpu/u_vecmul/b_reg_reg[3][14]/clk
pin:tr_soc_top_mx/u_vpu/u_vecmul/b_reg_reg[3][15]/clk
pin:tr_soc_top_mx/u_vpu/u_vecmul/b_reg_reg[2][0]/clk
pin:tr_soc_top_mx/u_vpu/u_vecmul/b_reg_reg[2][1]/clk
pin:tr_soc_top_mx/u_vpu/u_vecmul/b_reg_reg[2][2]/clk
pin:tr_soc_top_mx/u_vpu/u_vecmul/b_reg_reg[2][3]/clk
pin:tr_soc_top_mx/u_vpu/u_vecmul/b_reg_reg[2][4]/clk
pin:tr_soc_top_mx/u_vpu/u_vecmul/b_reg_reg[2][5]/clk
pin:tr_soc_top_mx/u_vpu/u_vecmul/b_reg_reg[2][6]/clk
pin:tr_soc_top_mx/u_vpu/u_vecmul/b_reg_reg[2][7]/clk
pin:tr_soc_top_mx/u_vpu/u_vecmul/b_reg_reg[2][8]/clk
pin:tr_soc_top_mx/u_vpu/u_vecmul/b_reg_reg[2][9]/clk
pin:tr_soc_top_mx/u_vpu/u_vecmul/b_reg_reg[2][10]/clk
pin:tr_soc_top_mx/u_vpu/u_vecmul/b_reg_reg[2][11]/clk
pin:tr_soc_top_mx/u_vpu/u_vecmul/b_reg_reg[2][12]/clk
pin:tr_soc_top_mx/u_vpu/u_vecmul/b_reg_reg[2][13]/clk
pin:tr_soc_top_mx/u_vpu/u_vecmul/b_reg_reg[2][14]/clk
pin:tr_soc_top_mx/u_vpu/u_vecmul/b_reg_reg[2][15]/clk
pin:tr_soc_top_mx/u_vpu/u_vecmul/b_reg_reg[1][0]/clk
pin:tr_soc_top_mx/u_vpu/u_vecmul/b_reg_reg[1][1]/clk
pin:tr_soc_top_mx/u_vpu/u_vecmul/b_reg_reg[1][2]/clk
pin:tr_soc_top_mx/u_vpu/u_vecmul/b_reg_reg[1][3]/clk
pin:tr_soc_top_mx/u_vpu/u_vecmul/b_reg_reg[1][4]/clk
pin:tr_soc_top_mx/u_vpu/u_vecmul/b_reg_reg[1][5]/clk
pin:tr_soc_top_mx/u_vpu/u_vecmul/b_reg_reg[1][6]/clk
pin:tr_soc_top_mx/u_vpu/u_vecmul/b_reg_reg[1][7]/clk
pin:tr_soc_top_mx/u_vpu/u_vecmul/b_reg_reg[1][8]/clk
pin:tr_soc_top_mx/u_vpu/u_vecmul/b_reg_reg[1][9]/clk
pin:tr_soc_top_mx/u_vpu/u_vecmul/b_reg_reg[1][10]/clk
pin:tr_soc_top_mx/u_vpu/u_vecmul/b_reg_reg[1][11]/clk
pin:tr_soc_top_mx/u_vpu/u_vecmul/b_reg_reg[1][12]/clk
pin:tr_soc_top_mx/u_vpu/u_vecmul/b_reg_reg[1][13]/clk
pin:tr_soc_top_mx/u_vpu/u_vecmul/b_reg_reg[1][14]/clk
pin:tr_soc_top_mx/u_vpu/u_vecmul/b_reg_reg[1][15]/clk
pin:tr_soc_top_mx/u_vpu/u_vecmul/b_reg_reg[0][0]/clk
pin:tr_soc_top_mx/u_vpu/u_vecmul/b_reg_reg[0][1]/clk
pin:tr_soc_top_mx/u_vpu/u_vecmul/b_reg_reg[0][2]/clk
pin:tr_soc_top_mx/u_vpu/u_vecmul/b_reg_reg[0][3]/clk
pin:tr_soc_top_mx/u_vpu/u_vecmul/b_reg_reg[0][4]/clk
pin:tr_soc_top_mx/u_vpu/u_vecmul/b_reg_reg[0][5]/clk
pin:tr_soc_top_mx/u_vpu/u_vecmul/b_reg_reg[0][6]/clk
pin:tr_soc_top_mx/u_vpu/u_vecmul/b_reg_reg[0][7]/clk
pin:tr_soc_top_mx/u_vpu/u_vecmul/b_reg_reg[0][8]/clk
pin:tr_soc_top_mx/u_vpu/u_vecmul/b_reg_reg[0][9]/clk
pin:tr_soc_top_mx/u_vpu/u_vecmul/b_reg_reg[0][10]/clk
pin:tr_soc_top_mx/u_vpu/u_vecmul/b_reg_reg[0][11]/clk
pin:tr_soc_top_mx/u_vpu/u_vecmul/b_reg_reg[0][12]/clk
pin:tr_soc_top_mx/u_vpu/u_vecmul/b_reg_reg[0][13]/clk
pin:tr_soc_top_mx/u_vpu/u_vecmul/b_reg_reg[0][14]/clk
pin:tr_soc_top_mx/u_vpu/u_vecmul/b_reg_reg[0][15]/clk
pin:tr_soc_top_mx/u_vpu/u_vecmul/mode1_op_reg[0]/clk
pin:tr_soc_top_mx/u_vpu/u_vecmul/mode1_op_reg[1]/clk
pin:tr_soc_top_mx/u_vpu/u_vecmul/v1_reg/clk
pin:tr_soc_top_mx/u_vpu/u_vecmul/prod_reg_reg[7][0]/clk
pin:tr_soc_top_mx/u_vpu/u_vecmul/prod_reg_reg[7][1]/clk
pin:tr_soc_top_mx/u_vpu/u_vecmul/prod_reg_reg[7][2]/clk
pin:tr_soc_top_mx/u_vpu/u_vecmul/prod_reg_reg[7][3]/clk
pin:tr_soc_top_mx/u_vpu/u_vecmul/prod_reg_reg[7][4]/clk
pin:tr_soc_top_mx/u_vpu/u_vecmul/prod_reg_reg[7][5]/clk
pin:tr_soc_top_mx/u_vpu/u_vecmul/prod_reg_reg[7][6]/clk
pin:tr_soc_top_mx/u_vpu/u_vecmul/prod_reg_reg[7][7]/clk
pin:tr_soc_top_mx/u_vpu/u_vecmul/prod_reg_reg[7][8]/clk
pin:tr_soc_top_mx/u_vpu/u_vecmul/prod_reg_reg[7][9]/clk
pin:tr_soc_top_mx/u_vpu/u_vecmul/prod_reg_reg[7][10]/clk
pin:tr_soc_top_mx/u_vpu/u_vecmul/prod_reg_reg[7][11]/clk
pin:tr_soc_top_mx/u_vpu/u_vecmul/prod_reg_reg[7][12]/clk
pin:tr_soc_top_mx/u_vpu/u_vecmul/prod_reg_reg[7][13]/clk
pin:tr_soc_top_mx/u_vpu/u_vecmul/prod_reg_reg[7][14]/clk
pin:tr_soc_top_mx/u_vpu/u_vecmul/prod_reg_reg[7][15]/clk
pin:tr_soc_top_mx/u_vpu/u_vecmul/prod_reg_reg[7][16]/clk
pin:tr_soc_top_mx/u_vpu/u_vecmul/prod_reg_reg[7][17]/clk
pin:tr_soc_top_mx/u_vpu/u_vecmul/prod_reg_reg[7][18]/clk
pin:tr_soc_top_mx/u_vpu/u_vecmul/prod_reg_reg[7][19]/clk
pin:tr_soc_top_mx/u_vpu/u_vecmul/prod_reg_reg[7][20]/clk
pin:tr_soc_top_mx/u_vpu/u_vecmul/prod_reg_reg[7][21]/clk
pin:tr_soc_top_mx/u_vpu/u_vecmul/prod_reg_reg[7][22]/clk
pin:tr_soc_top_mx/u_vpu/u_vecmul/prod_reg_reg[7][23]/clk
pin:tr_soc_top_mx/u_vpu/u_vecmul/prod_reg_reg[7][24]/clk
pin:tr_soc_top_mx/u_vpu/u_vecmul/prod_reg_reg[7][25]/clk
pin:tr_soc_top_mx/u_vpu/u_vecmul/prod_reg_reg[7][26]/clk
pin:tr_soc_top_mx/u_vpu/u_vecmul/prod_reg_reg[7][27]/clk
pin:tr_soc_top_mx/u_vpu/u_vecmul/prod_reg_reg[7][28]/clk
pin:tr_soc_top_mx/u_vpu/u_vecmul/prod_reg_reg[7][29]/clk
pin:tr_soc_top_mx/u_vpu/u_vecmul/prod_reg_reg[7][30]/clk
pin:tr_soc_top_mx/u_vpu/u_vecmul/prod_reg_reg[7][31]/clk
pin:tr_soc_top_mx/u_vpu/u_vecmul/prod_reg_reg[6][0]/clk
pin:tr_soc_top_mx/u_vpu/u_vecmul/prod_reg_reg[6][1]/clk
pin:tr_soc_top_mx/u_vpu/u_vecmul/prod_reg_reg[6][2]/clk
pin:tr_soc_top_mx/u_vpu/u_vecmul/prod_reg_reg[6][3]/clk
pin:tr_soc_top_mx/u_vpu/u_vecmul/prod_reg_reg[6][4]/clk
pin:tr_soc_top_mx/u_vpu/u_vecmul/prod_reg_reg[6][5]/clk
pin:tr_soc_top_mx/u_vpu/u_vecmul/prod_reg_reg[6][6]/clk
pin:tr_soc_top_mx/u_vpu/u_vecmul/prod_reg_reg[6][7]/clk
pin:tr_soc_top_mx/u_vpu/u_vecmul/prod_reg_reg[6][8]/clk
pin:tr_soc_top_mx/u_vpu/u_vecmul/prod_reg_reg[6][9]/clk
pin:tr_soc_top_mx/u_vpu/u_vecmul/prod_reg_reg[6][10]/clk
pin:tr_soc_top_mx/u_vpu/u_vecmul/prod_reg_reg[6][11]/clk
pin:tr_soc_top_mx/u_vpu/u_vecmul/prod_reg_reg[6][12]/clk
pin:tr_soc_top_mx/u_vpu/u_vecmul/prod_reg_reg[6][13]/clk
pin:tr_soc_top_mx/u_vpu/u_vecmul/prod_reg_reg[6][14]/clk
pin:tr_soc_top_mx/u_vpu/u_vecmul/prod_reg_reg[6][15]/clk
pin:tr_soc_top_mx/u_vpu/u_vecmul/prod_reg_reg[6][16]/clk
pin:tr_soc_top_mx/u_vpu/u_vecmul/prod_reg_reg[6][17]/clk
pin:tr_soc_top_mx/u_vpu/u_vecmul/prod_reg_reg[6][18]/clk
pin:tr_soc_top_mx/u_vpu/u_vecmul/prod_reg_reg[6][19]/clk
pin:tr_soc_top_mx/u_vpu/u_vecmul/prod_reg_reg[6][20]/clk
pin:tr_soc_top_mx/u_vpu/u_vecmul/prod_reg_reg[6][21]/clk
pin:tr_soc_top_mx/u_vpu/u_vecmul/prod_reg_reg[6][22]/clk
pin:tr_soc_top_mx/u_vpu/u_vecmul/prod_reg_reg[6][23]/clk
pin:tr_soc_top_mx/u_vpu/u_vecmul/prod_reg_reg[6][24]/clk
pin:tr_soc_top_mx/u_vpu/u_vecmul/prod_reg_reg[6][25]/clk
pin:tr_soc_top_mx/u_vpu/u_vecmul/prod_reg_reg[6][26]/clk
pin:tr_soc_top_mx/u_vpu/u_vecmul/prod_reg_reg[6][27]/clk
pin:tr_soc_top_mx/u_vpu/u_vecmul/prod_reg_reg[6][28]/clk
pin:tr_soc_top_mx/u_vpu/u_vecmul/prod_reg_reg[6][29]/clk
pin:tr_soc_top_mx/u_vpu/u_vecmul/prod_reg_reg[6][30]/clk
pin:tr_soc_top_mx/u_vpu/u_vecmul/prod_reg_reg[6][31]/clk
pin:tr_soc_top_mx/u_vpu/u_vecmul/prod_reg_reg[5][0]/clk
pin:tr_soc_top_mx/u_vpu/u_vecmul/prod_reg_reg[5][1]/clk
pin:tr_soc_top_mx/u_vpu/u_vecmul/prod_reg_reg[5][2]/clk
pin:tr_soc_top_mx/u_vpu/u_vecmul/prod_reg_reg[5][3]/clk
pin:tr_soc_top_mx/u_vpu/u_vecmul/prod_reg_reg[5][4]/clk
pin:tr_soc_top_mx/u_vpu/u_vecmul/prod_reg_reg[5][5]/clk
pin:tr_soc_top_mx/u_vpu/u_vecmul/prod_reg_reg[5][6]/clk
pin:tr_soc_top_mx/u_vpu/u_vecmul/prod_reg_reg[5][7]/clk
pin:tr_soc_top_mx/u_vpu/u_vecmul/prod_reg_reg[5][8]/clk
pin:tr_soc_top_mx/u_vpu/u_vecmul/prod_reg_reg[5][9]/clk
pin:tr_soc_top_mx/u_vpu/u_vecmul/prod_reg_reg[5][10]/clk
pin:tr_soc_top_mx/u_vpu/u_vecmul/prod_reg_reg[5][11]/clk
pin:tr_soc_top_mx/u_vpu/u_vecmul/prod_reg_reg[5][12]/clk
pin:tr_soc_top_mx/u_vpu/u_vecmul/prod_reg_reg[5][13]/clk
pin:tr_soc_top_mx/u_vpu/u_vecmul/prod_reg_reg[5][14]/clk
pin:tr_soc_top_mx/u_vpu/u_vecmul/prod_reg_reg[5][15]/clk
pin:tr_soc_top_mx/u_vpu/u_vecmul/prod_reg_reg[5][16]/clk
pin:tr_soc_top_mx/u_vpu/u_vecmul/prod_reg_reg[5][17]/clk
pin:tr_soc_top_mx/u_vpu/u_vecmul/prod_reg_reg[5][18]/clk
pin:tr_soc_top_mx/u_vpu/u_vecmul/prod_reg_reg[5][19]/clk
pin:tr_soc_top_mx/u_vpu/u_vecmul/prod_reg_reg[5][20]/clk
pin:tr_soc_top_mx/u_vpu/u_vecmul/prod_reg_reg[5][21]/clk
pin:tr_soc_top_mx/u_vpu/u_vecmul/prod_reg_reg[5][22]/clk
pin:tr_soc_top_mx/u_vpu/u_vecmul/prod_reg_reg[5][23]/clk
pin:tr_soc_top_mx/u_vpu/u_vecmul/prod_reg_reg[5][24]/clk
pin:tr_soc_top_mx/u_vpu/u_vecmul/prod_reg_reg[5][25]/clk
pin:tr_soc_top_mx/u_vpu/u_vecmul/prod_reg_reg[5][26]/clk
pin:tr_soc_top_mx/u_vpu/u_vecmul/prod_reg_reg[5][27]/clk
pin:tr_soc_top_mx/u_vpu/u_vecmul/prod_reg_reg[5][28]/clk
pin:tr_soc_top_mx/u_vpu/u_vecmul/prod_reg_reg[5][29]/clk
pin:tr_soc_top_mx/u_vpu/u_vecmul/prod_reg_reg[5][30]/clk
pin:tr_soc_top_mx/u_vpu/u_vecmul/prod_reg_reg[5][31]/clk
pin:tr_soc_top_mx/u_vpu/u_vecmul/prod_reg_reg[4][0]/clk
pin:tr_soc_top_mx/u_vpu/u_vecmul/prod_reg_reg[4][1]/clk
pin:tr_soc_top_mx/u_vpu/u_vecmul/prod_reg_reg[4][2]/clk
pin:tr_soc_top_mx/u_vpu/u_vecmul/prod_reg_reg[4][3]/clk
pin:tr_soc_top_mx/u_vpu/u_vecmul/prod_reg_reg[4][4]/clk
pin:tr_soc_top_mx/u_vpu/u_vecmul/prod_reg_reg[4][5]/clk
pin:tr_soc_top_mx/u_vpu/u_vecmul/prod_reg_reg[4][6]/clk
pin:tr_soc_top_mx/u_vpu/u_vecmul/prod_reg_reg[4][7]/clk
pin:tr_soc_top_mx/u_vpu/u_vecmul/prod_reg_reg[4][8]/clk
pin:tr_soc_top_mx/u_vpu/u_vecmul/prod_reg_reg[4][9]/clk
pin:tr_soc_top_mx/u_vpu/u_vecmul/prod_reg_reg[4][10]/clk
pin:tr_soc_top_mx/u_vpu/u_vecmul/prod_reg_reg[4][11]/clk
pin:tr_soc_top_mx/u_vpu/u_vecmul/prod_reg_reg[4][12]/clk
pin:tr_soc_top_mx/u_vpu/u_vecmul/prod_reg_reg[4][13]/clk
pin:tr_soc_top_mx/u_vpu/u_vecmul/prod_reg_reg[4][14]/clk
pin:tr_soc_top_mx/u_vpu/u_vecmul/prod_reg_reg[4][15]/clk
pin:tr_soc_top_mx/u_vpu/u_vecmul/prod_reg_reg[4][16]/clk
pin:tr_soc_top_mx/u_vpu/u_vecmul/prod_reg_reg[4][17]/clk
pin:tr_soc_top_mx/u_vpu/u_vecmul/prod_reg_reg[4][18]/clk
pin:tr_soc_top_mx/u_vpu/u_vecmul/prod_reg_reg[4][19]/clk
pin:tr_soc_top_mx/u_vpu/u_vecmul/prod_reg_reg[4][20]/clk
pin:tr_soc_top_mx/u_vpu/u_vecmul/prod_reg_reg[4][21]/clk
pin:tr_soc_top_mx/u_vpu/u_vecmul/prod_reg_reg[4][22]/clk
pin:tr_soc_top_mx/u_vpu/u_vecmul/prod_reg_reg[4][23]/clk
pin:tr_soc_top_mx/u_vpu/u_vecmul/prod_reg_reg[4][24]/clk
pin:tr_soc_top_mx/u_vpu/u_vecmul/prod_reg_reg[4][25]/clk
pin:tr_soc_top_mx/u_vpu/u_vecmul/prod_reg_reg[4][26]/clk
pin:tr_soc_top_mx/u_vpu/u_vecmul/prod_reg_reg[4][27]/clk
pin:tr_soc_top_mx/u_vpu/u_vecmul/prod_reg_reg[4][28]/clk
pin:tr_soc_top_mx/u_vpu/u_vecmul/prod_reg_reg[4][29]/clk
pin:tr_soc_top_mx/u_vpu/u_vecmul/prod_reg_reg[4][30]/clk
pin:tr_soc_top_mx/u_vpu/u_vecmul/prod_reg_reg[4][31]/clk
pin:tr_soc_top_mx/u_vpu/u_vecmul/prod_reg_reg[3][0]/clk
pin:tr_soc_top_mx/u_vpu/u_vecmul/prod_reg_reg[3][1]/clk
pin:tr_soc_top_mx/u_vpu/u_vecmul/prod_reg_reg[3][2]/clk
pin:tr_soc_top_mx/u_vpu/u_vecmul/prod_reg_reg[3][3]/clk
pin:tr_soc_top_mx/u_vpu/u_vecmul/prod_reg_reg[3][4]/clk
pin:tr_soc_top_mx/u_vpu/u_vecmul/prod_reg_reg[3][5]/clk
pin:tr_soc_top_mx/u_vpu/u_vecmul/prod_reg_reg[3][6]/clk
pin:tr_soc_top_mx/u_vpu/u_vecmul/prod_reg_reg[3][7]/clk
pin:tr_soc_top_mx/u_vpu/u_vecmul/prod_reg_reg[3][8]/clk
pin:tr_soc_top_mx/u_vpu/u_vecmul/prod_reg_reg[3][9]/clk
pin:tr_soc_top_mx/u_vpu/u_vecmul/prod_reg_reg[3][10]/clk
pin:tr_soc_top_mx/u_vpu/u_vecmul/prod_reg_reg[3][11]/clk
pin:tr_soc_top_mx/u_vpu/u_vecmul/prod_reg_reg[3][12]/clk
pin:tr_soc_top_mx/u_vpu/u_vecmul/prod_reg_reg[3][13]/clk
pin:tr_soc_top_mx/u_vpu/u_vecmul/prod_reg_reg[3][14]/clk
pin:tr_soc_top_mx/u_vpu/u_vecmul/prod_reg_reg[3][15]/clk
pin:tr_soc_top_mx/u_vpu/u_vecmul/prod_reg_reg[3][16]/clk
pin:tr_soc_top_mx/u_vpu/u_vecmul/prod_reg_reg[3][17]/clk
pin:tr_soc_top_mx/u_vpu/u_vecmul/prod_reg_reg[3][18]/clk
pin:tr_soc_top_mx/u_vpu/u_vecmul/prod_reg_reg[3][19]/clk
pin:tr_soc_top_mx/u_vpu/u_vecmul/prod_reg_reg[3][20]/clk
pin:tr_soc_top_mx/u_vpu/u_vecmul/prod_reg_reg[3][21]/clk
pin:tr_soc_top_mx/u_vpu/u_vecmul/prod_reg_reg[3][22]/clk
pin:tr_soc_top_mx/u_vpu/u_vecmul/prod_reg_reg[3][23]/clk
pin:tr_soc_top_mx/u_vpu/u_vecmul/prod_reg_reg[3][24]/clk
pin:tr_soc_top_mx/u_vpu/u_vecmul/prod_reg_reg[3][25]/clk
pin:tr_soc_top_mx/u_vpu/u_vecmul/prod_reg_reg[3][26]/clk
pin:tr_soc_top_mx/u_vpu/u_vecmul/prod_reg_reg[3][27]/clk
pin:tr_soc_top_mx/u_vpu/u_vecmul/prod_reg_reg[3][28]/clk
pin:tr_soc_top_mx/u_vpu/u_vecmul/prod_reg_reg[3][29]/clk
pin:tr_soc_top_mx/u_vpu/u_vecmul/prod_reg_reg[3][30]/clk
pin:tr_soc_top_mx/u_vpu/u_vecmul/prod_reg_reg[3][31]/clk
pin:tr_soc_top_mx/u_vpu/u_vecmul/prod_reg_reg[2][0]/clk
pin:tr_soc_top_mx/u_vpu/u_vecmul/prod_reg_reg[2][1]/clk
pin:tr_soc_top_mx/u_vpu/u_vecmul/prod_reg_reg[2][2]/clk
pin:tr_soc_top_mx/u_vpu/u_vecmul/prod_reg_reg[2][3]/clk
pin:tr_soc_top_mx/u_vpu/u_vecmul/prod_reg_reg[2][4]/clk
pin:tr_soc_top_mx/u_vpu/u_vecmul/prod_reg_reg[2][5]/clk
pin:tr_soc_top_mx/u_vpu/u_vecmul/prod_reg_reg[2][6]/clk
pin:tr_soc_top_mx/u_vpu/u_vecmul/prod_reg_reg[2][7]/clk
pin:tr_soc_top_mx/u_vpu/u_vecmul/prod_reg_reg[2][8]/clk
pin:tr_soc_top_mx/u_vpu/u_vecmul/prod_reg_reg[2][9]/clk
pin:tr_soc_top_mx/u_vpu/u_vecmul/prod_reg_reg[2][10]/clk
pin:tr_soc_top_mx/u_vpu/u_vecmul/prod_reg_reg[2][11]/clk
pin:tr_soc_top_mx/u_vpu/u_vecmul/prod_reg_reg[2][12]/clk
pin:tr_soc_top_mx/u_vpu/u_vecmul/prod_reg_reg[2][13]/clk
pin:tr_soc_top_mx/u_vpu/u_vecmul/prod_reg_reg[2][14]/clk
pin:tr_soc_top_mx/u_vpu/u_vecmul/prod_reg_reg[2][15]/clk
pin:tr_soc_top_mx/u_vpu/u_vecmul/prod_reg_reg[2][16]/clk
pin:tr_soc_top_mx/u_vpu/u_vecmul/prod_reg_reg[2][17]/clk
pin:tr_soc_top_mx/u_vpu/u_vecmul/prod_reg_reg[2][18]/clk
pin:tr_soc_top_mx/u_vpu/u_vecmul/prod_reg_reg[2][19]/clk
pin:tr_soc_top_mx/u_vpu/u_vecmul/prod_reg_reg[2][20]/clk
pin:tr_soc_top_mx/u_vpu/u_vecmul/prod_reg_reg[2][21]/clk
pin:tr_soc_top_mx/u_vpu/u_vecmul/prod_reg_reg[2][22]/clk
pin:tr_soc_top_mx/u_vpu/u_vecmul/prod_reg_reg[2][23]/clk
pin:tr_soc_top_mx/u_vpu/u_vecmul/prod_reg_reg[2][24]/clk
pin:tr_soc_top_mx/u_vpu/u_vecmul/prod_reg_reg[2][25]/clk
pin:tr_soc_top_mx/u_vpu/u_vecmul/prod_reg_reg[2][26]/clk
pin:tr_soc_top_mx/u_vpu/u_vecmul/prod_reg_reg[2][27]/clk
pin:tr_soc_top_mx/u_vpu/u_vecmul/prod_reg_reg[2][28]/clk
pin:tr_soc_top_mx/u_vpu/u_vecmul/prod_reg_reg[2][29]/clk
pin:tr_soc_top_mx/u_vpu/u_vecmul/prod_reg_reg[2][30]/clk
pin:tr_soc_top_mx/u_vpu/u_vecmul/prod_reg_reg[2][31]/clk
pin:tr_soc_top_mx/u_vpu/u_vecmul/prod_reg_reg[1][0]/clk
pin:tr_soc_top_mx/u_vpu/u_vecmul/prod_reg_reg[1][1]/clk
pin:tr_soc_top_mx/u_vpu/u_vecmul/prod_reg_reg[1][2]/clk
pin:tr_soc_top_mx/u_vpu/u_vecmul/prod_reg_reg[1][3]/clk
pin:tr_soc_top_mx/u_vpu/u_vecmul/prod_reg_reg[1][4]/clk
pin:tr_soc_top_mx/u_vpu/u_vecmul/prod_reg_reg[1][5]/clk
pin:tr_soc_top_mx/u_vpu/u_vecmul/prod_reg_reg[1][6]/clk
pin:tr_soc_top_mx/u_vpu/u_vecmul/prod_reg_reg[1][7]/clk
pin:tr_soc_top_mx/u_vpu/u_vecmul/prod_reg_reg[1][8]/clk
pin:tr_soc_top_mx/u_vpu/u_vecmul/prod_reg_reg[1][9]/clk
pin:tr_soc_top_mx/u_vpu/u_vecmul/prod_reg_reg[1][10]/clk
pin:tr_soc_top_mx/u_vpu/u_vecmul/prod_reg_reg[1][11]/clk
pin:tr_soc_top_mx/u_vpu/u_vecmul/prod_reg_reg[1][12]/clk
pin:tr_soc_top_mx/u_vpu/u_vecmul/prod_reg_reg[1][13]/clk
pin:tr_soc_top_mx/u_vpu/u_vecmul/prod_reg_reg[1][14]/clk
pin:tr_soc_top_mx/u_vpu/u_vecmul/prod_reg_reg[1][15]/clk
pin:tr_soc_top_mx/u_vpu/u_vecmul/prod_reg_reg[1][16]/clk
pin:tr_soc_top_mx/u_vpu/u_vecmul/prod_reg_reg[1][17]/clk
pin:tr_soc_top_mx/u_vpu/u_vecmul/prod_reg_reg[1][18]/clk
pin:tr_soc_top_mx/u_vpu/u_vecmul/prod_reg_reg[1][19]/clk
pin:tr_soc_top_mx/u_vpu/u_vecmul/prod_reg_reg[1][20]/clk
pin:tr_soc_top_mx/u_vpu/u_vecmul/prod_reg_reg[1][21]/clk
pin:tr_soc_top_mx/u_vpu/u_vecmul/prod_reg_reg[1][22]/clk
pin:tr_soc_top_mx/u_vpu/u_vecmul/prod_reg_reg[1][23]/clk
pin:tr_soc_top_mx/u_vpu/u_vecmul/prod_reg_reg[1][24]/clk
pin:tr_soc_top_mx/u_vpu/u_vecmul/prod_reg_reg[1][25]/clk
pin:tr_soc_top_mx/u_vpu/u_vecmul/prod_reg_reg[1][26]/clk
pin:tr_soc_top_mx/u_vpu/u_vecmul/prod_reg_reg[1][27]/clk
pin:tr_soc_top_mx/u_vpu/u_vecmul/prod_reg_reg[1][28]/clk
pin:tr_soc_top_mx/u_vpu/u_vecmul/prod_reg_reg[1][29]/clk
pin:tr_soc_top_mx/u_vpu/u_vecmul/prod_reg_reg[1][30]/clk
pin:tr_soc_top_mx/u_vpu/u_vecmul/prod_reg_reg[1][31]/clk
pin:tr_soc_top_mx/u_vpu/u_vecmul/prod_reg_reg[0][0]/clk
pin:tr_soc_top_mx/u_vpu/u_vecmul/prod_reg_reg[0][1]/clk
pin:tr_soc_top_mx/u_vpu/u_vecmul/prod_reg_reg[0][2]/clk
pin:tr_soc_top_mx/u_vpu/u_vecmul/prod_reg_reg[0][3]/clk
pin:tr_soc_top_mx/u_vpu/u_vecmul/prod_reg_reg[0][4]/clk
pin:tr_soc_top_mx/u_vpu/u_vecmul/prod_reg_reg[0][5]/clk
pin:tr_soc_top_mx/u_vpu/u_vecmul/prod_reg_reg[0][6]/clk
pin:tr_soc_top_mx/u_vpu/u_vecmul/prod_reg_reg[0][7]/clk
pin:tr_soc_top_mx/u_vpu/u_vecmul/prod_reg_reg[0][8]/clk
pin:tr_soc_top_mx/u_vpu/u_vecmul/prod_reg_reg[0][9]/clk
pin:tr_soc_top_mx/u_vpu/u_vecmul/prod_reg_reg[0][10]/clk
pin:tr_soc_top_mx/u_vpu/u_vecmul/prod_reg_reg[0][11]/clk
pin:tr_soc_top_mx/u_vpu/u_vecmul/prod_reg_reg[0][12]/clk
pin:tr_soc_top_mx/u_vpu/u_vecmul/prod_reg_reg[0][13]/clk
pin:tr_soc_top_mx/u_vpu/u_vecmul/prod_reg_reg[0][14]/clk
pin:tr_soc_top_mx/u_vpu/u_vecmul/prod_reg_reg[0][15]/clk
pin:tr_soc_top_mx/u_vpu/u_vecmul/prod_reg_reg[0][16]/clk
pin:tr_soc_top_mx/u_vpu/u_vecmul/prod_reg_reg[0][17]/clk
pin:tr_soc_top_mx/u_vpu/u_vecmul/prod_reg_reg[0][18]/clk
pin:tr_soc_top_mx/u_vpu/u_vecmul/prod_reg_reg[0][19]/clk
pin:tr_soc_top_mx/u_vpu/u_vecmul/prod_reg_reg[0][20]/clk
pin:tr_soc_top_mx/u_vpu/u_vecmul/prod_reg_reg[0][21]/clk
pin:tr_soc_top_mx/u_vpu/u_vecmul/prod_reg_reg[0][22]/clk
pin:tr_soc_top_mx/u_vpu/u_vecmul/prod_reg_reg[0][23]/clk
pin:tr_soc_top_mx/u_vpu/u_vecmul/prod_reg_reg[0][24]/clk
pin:tr_soc_top_mx/u_vpu/u_vecmul/prod_reg_reg[0][25]/clk
pin:tr_soc_top_mx/u_vpu/u_vecmul/prod_reg_reg[0][26]/clk
pin:tr_soc_top_mx/u_vpu/u_vecmul/prod_reg_reg[0][27]/clk
pin:tr_soc_top_mx/u_vpu/u_vecmul/prod_reg_reg[0][28]/clk
pin:tr_soc_top_mx/u_vpu/u_vecmul/prod_reg_reg[0][29]/clk
pin:tr_soc_top_mx/u_vpu/u_vecmul/prod_reg_reg[0][30]/clk
pin:tr_soc_top_mx/u_vpu/u_vecmul/prod_reg_reg[0][31]/clk
pin:tr_soc_top_mx/u_vpu/u_vecmul/v2_reg/clk
pin:tr_soc_top_mx/u_vpu/u_vecmul/out_valid_reg/clk
pin:tr_soc_top_mx/u_vpu/u_vecmul/out_vec_reg[7][0]/clk
pin:tr_soc_top_mx/u_vpu/u_vecmul/out_vec_reg[7][1]/clk
pin:tr_soc_top_mx/u_vpu/u_vecmul/out_vec_reg[7][2]/clk
pin:tr_soc_top_mx/u_vpu/u_vecmul/out_vec_reg[7][3]/clk
pin:tr_soc_top_mx/u_vpu/u_vecmul/out_vec_reg[7][4]/clk
pin:tr_soc_top_mx/u_vpu/u_vecmul/out_vec_reg[7][5]/clk
pin:tr_soc_top_mx/u_vpu/u_vecmul/out_vec_reg[7][6]/clk
pin:tr_soc_top_mx/u_vpu/u_vecmul/out_vec_reg[7][7]/clk
pin:tr_soc_top_mx/u_vpu/u_vecmul/out_vec_reg[7][8]/clk
pin:tr_soc_top_mx/u_vpu/u_vecmul/out_vec_reg[7][9]/clk
pin:tr_soc_top_mx/u_vpu/u_vecmul/out_vec_reg[7][10]/clk
pin:tr_soc_top_mx/u_vpu/u_vecmul/out_vec_reg[7][11]/clk
pin:tr_soc_top_mx/u_vpu/u_vecmul/out_vec_reg[7][12]/clk
pin:tr_soc_top_mx/u_vpu/u_vecmul/out_vec_reg[7][13]/clk
pin:tr_soc_top_mx/u_vpu/u_vecmul/out_vec_reg[7][14]/clk
pin:tr_soc_top_mx/u_vpu/u_vecmul/out_vec_reg[7][15]/clk
pin:tr_soc_top_mx/u_vpu/u_vecmul/out_vec_reg[7][16]/clk
pin:tr_soc_top_mx/u_vpu/u_vecmul/out_vec_reg[7][17]/clk
pin:tr_soc_top_mx/u_vpu/u_vecmul/out_vec_reg[7][18]/clk
pin:tr_soc_top_mx/u_vpu/u_vecmul/out_vec_reg[7][19]/clk
pin:tr_soc_top_mx/u_vpu/u_vecmul/out_vec_reg[7][20]/clk
pin:tr_soc_top_mx/u_vpu/u_vecmul/out_vec_reg[7][21]/clk
pin:tr_soc_top_mx/u_vpu/u_vecmul/out_vec_reg[7][22]/clk
pin:tr_soc_top_mx/u_vpu/u_vecmul/out_vec_reg[7][23]/clk
pin:tr_soc_top_mx/u_vpu/u_vecmul/out_vec_reg[7][24]/clk
pin:tr_soc_top_mx/u_vpu/u_vecmul/out_vec_reg[7][25]/clk
pin:tr_soc_top_mx/u_vpu/u_vecmul/out_vec_reg[7][26]/clk
pin:tr_soc_top_mx/u_vpu/u_vecmul/out_vec_reg[7][27]/clk
pin:tr_soc_top_mx/u_vpu/u_vecmul/out_vec_reg[7][28]/clk
pin:tr_soc_top_mx/u_vpu/u_vecmul/out_vec_reg[7][29]/clk
pin:tr_soc_top_mx/u_vpu/u_vecmul/out_vec_reg[7][30]/clk
pin:tr_soc_top_mx/u_vpu/u_vecmul/out_vec_reg[7][31]/clk
pin:tr_soc_top_mx/u_vpu/u_vecmul/out_vec_reg[6][0]/clk
pin:tr_soc_top_mx/u_vpu/u_vecmul/out_vec_reg[6][1]/clk
pin:tr_soc_top_mx/u_vpu/u_vecmul/out_vec_reg[6][2]/clk
pin:tr_soc_top_mx/u_vpu/u_vecmul/out_vec_reg[6][3]/clk
pin:tr_soc_top_mx/u_vpu/u_vecmul/out_vec_reg[6][4]/clk
pin:tr_soc_top_mx/u_vpu/u_vecmul/out_vec_reg[6][5]/clk
pin:tr_soc_top_mx/u_vpu/u_vecmul/out_vec_reg[6][6]/clk
pin:tr_soc_top_mx/u_vpu/u_vecmul/out_vec_reg[6][7]/clk
pin:tr_soc_top_mx/u_vpu/u_vecmul/out_vec_reg[6][8]/clk
pin:tr_soc_top_mx/u_vpu/u_vecmul/out_vec_reg[6][9]/clk
pin:tr_soc_top_mx/u_vpu/u_vecmul/out_vec_reg[6][10]/clk
pin:tr_soc_top_mx/u_vpu/u_vecmul/out_vec_reg[6][11]/clk
pin:tr_soc_top_mx/u_vpu/u_vecmul/out_vec_reg[6][12]/clk
pin:tr_soc_top_mx/u_vpu/u_vecmul/out_vec_reg[6][13]/clk
pin:tr_soc_top_mx/u_vpu/u_vecmul/out_vec_reg[6][14]/clk
pin:tr_soc_top_mx/u_vpu/u_vecmul/out_vec_reg[6][15]/clk
pin:tr_soc_top_mx/u_vpu/u_vecmul/out_vec_reg[6][16]/clk
pin:tr_soc_top_mx/u_vpu/u_vecmul/out_vec_reg[6][17]/clk
pin:tr_soc_top_mx/u_vpu/u_vecmul/out_vec_reg[6][18]/clk
pin:tr_soc_top_mx/u_vpu/u_vecmul/out_vec_reg[6][19]/clk
pin:tr_soc_top_mx/u_vpu/u_vecmul/out_vec_reg[6][20]/clk
pin:tr_soc_top_mx/u_vpu/u_vecmul/out_vec_reg[6][21]/clk
pin:tr_soc_top_mx/u_vpu/u_vecmul/out_vec_reg[6][22]/clk
pin:tr_soc_top_mx/u_vpu/u_vecmul/out_vec_reg[6][23]/clk
pin:tr_soc_top_mx/u_vpu/u_vecmul/out_vec_reg[6][24]/clk
pin:tr_soc_top_mx/u_vpu/u_vecmul/out_vec_reg[6][25]/clk
pin:tr_soc_top_mx/u_vpu/u_vecmul/out_vec_reg[6][26]/clk
pin:tr_soc_top_mx/u_vpu/u_vecmul/out_vec_reg[6][27]/clk
pin:tr_soc_top_mx/u_vpu/u_vecmul/out_vec_reg[6][28]/clk
pin:tr_soc_top_mx/u_vpu/u_vecmul/out_vec_reg[6][29]/clk
pin:tr_soc_top_mx/u_vpu/u_vecmul/out_vec_reg[6][30]/clk
pin:tr_soc_top_mx/u_vpu/u_vecmul/out_vec_reg[6][31]/clk
pin:tr_soc_top_mx/u_vpu/u_vecmul/out_vec_reg[5][0]/clk
pin:tr_soc_top_mx/u_vpu/u_vecmul/out_vec_reg[5][1]/clk
pin:tr_soc_top_mx/u_vpu/u_vecmul/out_vec_reg[5][2]/clk
pin:tr_soc_top_mx/u_vpu/u_vecmul/out_vec_reg[5][3]/clk
pin:tr_soc_top_mx/u_vpu/u_vecmul/out_vec_reg[5][4]/clk
pin:tr_soc_top_mx/u_vpu/u_vecmul/out_vec_reg[5][5]/clk
pin:tr_soc_top_mx/u_vpu/u_vecmul/out_vec_reg[5][6]/clk
pin:tr_soc_top_mx/u_vpu/u_vecmul/out_vec_reg[5][7]/clk
pin:tr_soc_top_mx/u_vpu/u_vecmul/out_vec_reg[5][8]/clk
pin:tr_soc_top_mx/u_vpu/u_vecmul/out_vec_reg[5][9]/clk
pin:tr_soc_top_mx/u_vpu/u_vecmul/out_vec_reg[5][10]/clk
pin:tr_soc_top_mx/u_vpu/u_vecmul/out_vec_reg[5][11]/clk
pin:tr_soc_top_mx/u_vpu/u_vecmul/out_vec_reg[5][12]/clk
pin:tr_soc_top_mx/u_vpu/u_vecmul/out_vec_reg[5][13]/clk
pin:tr_soc_top_mx/u_vpu/u_vecmul/out_vec_reg[5][14]/clk
pin:tr_soc_top_mx/u_vpu/u_vecmul/out_vec_reg[5][15]/clk
pin:tr_soc_top_mx/u_vpu/u_vecmul/out_vec_reg[5][16]/clk
pin:tr_soc_top_mx/u_vpu/u_vecmul/out_vec_reg[5][17]/clk
pin:tr_soc_top_mx/u_vpu/u_vecmul/out_vec_reg[5][18]/clk
pin:tr_soc_top_mx/u_vpu/u_vecmul/out_vec_reg[5][19]/clk
pin:tr_soc_top_mx/u_vpu/u_vecmul/out_vec_reg[5][20]/clk
pin:tr_soc_top_mx/u_vpu/u_vecmul/out_vec_reg[5][21]/clk
pin:tr_soc_top_mx/u_vpu/u_vecmul/out_vec_reg[5][22]/clk
pin:tr_soc_top_mx/u_vpu/u_vecmul/out_vec_reg[5][23]/clk
pin:tr_soc_top_mx/u_vpu/u_vecmul/out_vec_reg[5][24]/clk
pin:tr_soc_top_mx/u_vpu/u_vecmul/out_vec_reg[5][25]/clk
pin:tr_soc_top_mx/u_vpu/u_vecmul/out_vec_reg[5][26]/clk
pin:tr_soc_top_mx/u_vpu/u_vecmul/out_vec_reg[5][27]/clk
pin:tr_soc_top_mx/u_vpu/u_vecmul/out_vec_reg[5][28]/clk
pin:tr_soc_top_mx/u_vpu/u_vecmul/out_vec_reg[5][29]/clk
pin:tr_soc_top_mx/u_vpu/u_vecmul/out_vec_reg[5][30]/clk
pin:tr_soc_top_mx/u_vpu/u_vecmul/out_vec_reg[5][31]/clk
pin:tr_soc_top_mx/u_vpu/u_vecmul/out_vec_reg[4][0]/clk
pin:tr_soc_top_mx/u_vpu/u_vecmul/out_vec_reg[4][1]/clk
pin:tr_soc_top_mx/u_vpu/u_vecmul/out_vec_reg[4][2]/clk
pin:tr_soc_top_mx/u_vpu/u_vecmul/out_vec_reg[4][3]/clk
pin:tr_soc_top_mx/u_vpu/u_vecmul/out_vec_reg[4][4]/clk
pin:tr_soc_top_mx/u_vpu/u_vecmul/out_vec_reg[4][5]/clk
pin:tr_soc_top_mx/u_vpu/u_vecmul/out_vec_reg[4][6]/clk
pin:tr_soc_top_mx/u_vpu/u_vecmul/out_vec_reg[4][7]/clk
pin:tr_soc_top_mx/u_vpu/u_vecmul/out_vec_reg[4][8]/clk
pin:tr_soc_top_mx/u_vpu/u_vecmul/out_vec_reg[4][9]/clk
pin:tr_soc_top_mx/u_vpu/u_vecmul/out_vec_reg[4][10]/clk
pin:tr_soc_top_mx/u_vpu/u_vecmul/out_vec_reg[4][11]/clk
pin:tr_soc_top_mx/u_vpu/u_vecmul/out_vec_reg[4][12]/clk
pin:tr_soc_top_mx/u_vpu/u_vecmul/out_vec_reg[4][13]/clk
pin:tr_soc_top_mx/u_vpu/u_vecmul/out_vec_reg[4][14]/clk
pin:tr_soc_top_mx/u_vpu/u_vecmul/out_vec_reg[4][15]/clk
pin:tr_soc_top_mx/u_vpu/u_vecmul/out_vec_reg[4][16]/clk
pin:tr_soc_top_mx/u_vpu/u_vecmul/out_vec_reg[4][17]/clk
pin:tr_soc_top_mx/u_vpu/u_vecmul/out_vec_reg[4][18]/clk
pin:tr_soc_top_mx/u_vpu/u_vecmul/out_vec_reg[4][19]/clk
pin:tr_soc_top_mx/u_vpu/u_vecmul/out_vec_reg[4][20]/clk
pin:tr_soc_top_mx/u_vpu/u_vecmul/out_vec_reg[4][21]/clk
pin:tr_soc_top_mx/u_vpu/u_vecmul/out_vec_reg[4][22]/clk
pin:tr_soc_top_mx/u_vpu/u_vecmul/out_vec_reg[4][23]/clk
pin:tr_soc_top_mx/u_vpu/u_vecmul/out_vec_reg[4][24]/clk
pin:tr_soc_top_mx/u_vpu/u_vecmul/out_vec_reg[4][25]/clk
pin:tr_soc_top_mx/u_vpu/u_vecmul/out_vec_reg[4][26]/clk
pin:tr_soc_top_mx/u_vpu/u_vecmul/out_vec_reg[4][27]/clk
pin:tr_soc_top_mx/u_vpu/u_vecmul/out_vec_reg[4][28]/clk
pin:tr_soc_top_mx/u_vpu/u_vecmul/out_vec_reg[4][29]/clk
pin:tr_soc_top_mx/u_vpu/u_vecmul/out_vec_reg[4][30]/clk
pin:tr_soc_top_mx/u_vpu/u_vecmul/out_vec_reg[4][31]/clk
pin:tr_soc_top_mx/u_vpu/u_vecmul/out_vec_reg[3][0]/clk
pin:tr_soc_top_mx/u_vpu/u_vecmul/out_vec_reg[3][1]/clk
pin:tr_soc_top_mx/u_vpu/u_vecmul/out_vec_reg[3][2]/clk
pin:tr_soc_top_mx/u_vpu/u_vecmul/out_vec_reg[3][3]/clk
pin:tr_soc_top_mx/u_vpu/u_vecmul/out_vec_reg[3][4]/clk
pin:tr_soc_top_mx/u_vpu/u_vecmul/out_vec_reg[3][5]/clk
pin:tr_soc_top_mx/u_vpu/u_vecmul/out_vec_reg[3][6]/clk
pin:tr_soc_top_mx/u_vpu/u_vecmul/out_vec_reg[3][7]/clk
pin:tr_soc_top_mx/u_vpu/u_vecmul/out_vec_reg[3][8]/clk
pin:tr_soc_top_mx/u_vpu/u_vecmul/out_vec_reg[3][9]/clk
pin:tr_soc_top_mx/u_vpu/u_vecmul/out_vec_reg[3][10]/clk
pin:tr_soc_top_mx/u_vpu/u_vecmul/out_vec_reg[3][11]/clk
pin:tr_soc_top_mx/u_vpu/u_vecmul/out_vec_reg[3][12]/clk
pin:tr_soc_top_mx/u_vpu/u_vecmul/out_vec_reg[3][13]/clk
pin:tr_soc_top_mx/u_vpu/u_vecmul/out_vec_reg[3][14]/clk
pin:tr_soc_top_mx/u_vpu/u_vecmul/out_vec_reg[3][15]/clk
pin:tr_soc_top_mx/u_vpu/u_vecmul/out_vec_reg[3][16]/clk
pin:tr_soc_top_mx/u_vpu/u_vecmul/out_vec_reg[3][17]/clk
pin:tr_soc_top_mx/u_vpu/u_vecmul/out_vec_reg[3][18]/clk
pin:tr_soc_top_mx/u_vpu/u_vecmul/out_vec_reg[3][19]/clk
pin:tr_soc_top_mx/u_vpu/u_vecmul/out_vec_reg[3][20]/clk
pin:tr_soc_top_mx/u_vpu/u_vecmul/out_vec_reg[3][21]/clk
pin:tr_soc_top_mx/u_vpu/u_vecmul/out_vec_reg[3][22]/clk
pin:tr_soc_top_mx/u_vpu/u_vecmul/out_vec_reg[3][23]/clk
pin:tr_soc_top_mx/u_vpu/u_vecmul/out_vec_reg[3][24]/clk
pin:tr_soc_top_mx/u_vpu/u_vecmul/out_vec_reg[3][25]/clk
pin:tr_soc_top_mx/u_vpu/u_vecmul/out_vec_reg[3][26]/clk
pin:tr_soc_top_mx/u_vpu/u_vecmul/out_vec_reg[3][27]/clk
pin:tr_soc_top_mx/u_vpu/u_vecmul/out_vec_reg[3][28]/clk
pin:tr_soc_top_mx/u_vpu/u_vecmul/out_vec_reg[3][29]/clk
pin:tr_soc_top_mx/u_vpu/u_vecmul/out_vec_reg[3][30]/clk
pin:tr_soc_top_mx/u_vpu/u_vecmul/out_vec_reg[3][31]/clk
pin:tr_soc_top_mx/u_vpu/u_vecmul/out_vec_reg[2][0]/clk
pin:tr_soc_top_mx/u_vpu/u_vecmul/out_vec_reg[2][1]/clk
pin:tr_soc_top_mx/u_vpu/u_vecmul/out_vec_reg[2][2]/clk
pin:tr_soc_top_mx/u_vpu/u_vecmul/out_vec_reg[2][3]/clk
pin:tr_soc_top_mx/u_vpu/u_vecmul/out_vec_reg[2][4]/clk
pin:tr_soc_top_mx/u_vpu/u_vecmul/out_vec_reg[2][5]/clk
pin:tr_soc_top_mx/u_vpu/u_vecmul/out_vec_reg[2][6]/clk
pin:tr_soc_top_mx/u_vpu/u_vecmul/out_vec_reg[2][7]/clk
pin:tr_soc_top_mx/u_vpu/u_vecmul/out_vec_reg[2][8]/clk
pin:tr_soc_top_mx/u_vpu/u_vecmul/out_vec_reg[2][9]/clk
pin:tr_soc_top_mx/u_vpu/u_vecmul/out_vec_reg[2][10]/clk
pin:tr_soc_top_mx/u_vpu/u_vecmul/out_vec_reg[2][11]/clk
pin:tr_soc_top_mx/u_vpu/u_vecmul/out_vec_reg[2][12]/clk
pin:tr_soc_top_mx/u_vpu/u_vecmul/out_vec_reg[2][13]/clk
pin:tr_soc_top_mx/u_vpu/u_vecmul/out_vec_reg[2][14]/clk
pin:tr_soc_top_mx/u_vpu/u_vecmul/out_vec_reg[2][15]/clk
pin:tr_soc_top_mx/u_vpu/u_vecmul/out_vec_reg[2][16]/clk
pin:tr_soc_top_mx/u_vpu/u_vecmul/out_vec_reg[2][17]/clk
pin:tr_soc_top_mx/u_vpu/u_vecmul/out_vec_reg[2][18]/clk
pin:tr_soc_top_mx/u_vpu/u_vecmul/out_vec_reg[2][19]/clk
pin:tr_soc_top_mx/u_vpu/u_vecmul/out_vec_reg[2][20]/clk
pin:tr_soc_top_mx/u_vpu/u_vecmul/out_vec_reg[2][21]/clk
pin:tr_soc_top_mx/u_vpu/u_vecmul/out_vec_reg[2][22]/clk
pin:tr_soc_top_mx/u_vpu/u_vecmul/out_vec_reg[2][23]/clk
pin:tr_soc_top_mx/u_vpu/u_vecmul/out_vec_reg[2][24]/clk
pin:tr_soc_top_mx/u_vpu/u_vecmul/out_vec_reg[2][25]/clk
pin:tr_soc_top_mx/u_vpu/u_vecmul/out_vec_reg[2][26]/clk
pin:tr_soc_top_mx/u_vpu/u_vecmul/out_vec_reg[2][27]/clk
pin:tr_soc_top_mx/u_vpu/u_vecmul/out_vec_reg[2][28]/clk
pin:tr_soc_top_mx/u_vpu/u_vecmul/out_vec_reg[2][29]/clk
pin:tr_soc_top_mx/u_vpu/u_vecmul/out_vec_reg[2][30]/clk
pin:tr_soc_top_mx/u_vpu/u_vecmul/out_vec_reg[2][31]/clk
pin:tr_soc_top_mx/u_vpu/u_vecmul/out_vec_reg[1][0]/clk
pin:tr_soc_top_mx/u_vpu/u_vecmul/out_vec_reg[1][1]/clk
pin:tr_soc_top_mx/u_vpu/u_vecmul/out_vec_reg[1][2]/clk
pin:tr_soc_top_mx/u_vpu/u_vecmul/out_vec_reg[1][3]/clk
pin:tr_soc_top_mx/u_vpu/u_vecmul/out_vec_reg[1][4]/clk
pin:tr_soc_top_mx/u_vpu/u_vecmul/out_vec_reg[1][5]/clk
pin:tr_soc_top_mx/u_vpu/u_vecmul/out_vec_reg[1][6]/clk
pin:tr_soc_top_mx/u_vpu/u_vecmul/out_vec_reg[1][7]/clk
pin:tr_soc_top_mx/u_vpu/u_vecmul/out_vec_reg[1][8]/clk
pin:tr_soc_top_mx/u_vpu/u_vecmul/out_vec_reg[1][9]/clk
pin:tr_soc_top_mx/u_vpu/u_vecmul/out_vec_reg[1][10]/clk
pin:tr_soc_top_mx/u_vpu/u_vecmul/out_vec_reg[1][11]/clk
pin:tr_soc_top_mx/u_vpu/u_vecmul/out_vec_reg[1][12]/clk
pin:tr_soc_top_mx/u_vpu/u_vecmul/out_vec_reg[1][13]/clk
pin:tr_soc_top_mx/u_vpu/u_vecmul/out_vec_reg[1][14]/clk
pin:tr_soc_top_mx/u_vpu/u_vecmul/out_vec_reg[1][15]/clk
pin:tr_soc_top_mx/u_vpu/u_vecmul/out_vec_reg[1][16]/clk
pin:tr_soc_top_mx/u_vpu/u_vecmul/out_vec_reg[1][17]/clk
pin:tr_soc_top_mx/u_vpu/u_vecmul/out_vec_reg[1][18]/clk
pin:tr_soc_top_mx/u_vpu/u_vecmul/out_vec_reg[1][19]/clk
pin:tr_soc_top_mx/u_vpu/u_vecmul/out_vec_reg[1][20]/clk
pin:tr_soc_top_mx/u_vpu/u_vecmul/out_vec_reg[1][21]/clk
pin:tr_soc_top_mx/u_vpu/u_vecmul/out_vec_reg[1][22]/clk
pin:tr_soc_top_mx/u_vpu/u_vecmul/out_vec_reg[1][23]/clk
pin:tr_soc_top_mx/u_vpu/u_vecmul/out_vec_reg[1][24]/clk
pin:tr_soc_top_mx/u_vpu/u_vecmul/out_vec_reg[1][25]/clk
pin:tr_soc_top_mx/u_vpu/u_vecmul/out_vec_reg[1][26]/clk
pin:tr_soc_top_mx/u_vpu/u_vecmul/out_vec_reg[1][27]/clk
pin:tr_soc_top_mx/u_vpu/u_vecmul/out_vec_reg[1][28]/clk
pin:tr_soc_top_mx/u_vpu/u_vecmul/out_vec_reg[1][29]/clk
pin:tr_soc_top_mx/u_vpu/u_vecmul/out_vec_reg[1][30]/clk
pin:tr_soc_top_mx/u_vpu/u_vecmul/out_vec_reg[1][31]/clk
pin:tr_soc_top_mx/u_vpu/u_vecmul/out_vec_reg[0][0]/clk
pin:tr_soc_top_mx/u_vpu/u_vecmul/out_vec_reg[0][1]/clk
pin:tr_soc_top_mx/u_vpu/u_vecmul/out_vec_reg[0][2]/clk
pin:tr_soc_top_mx/u_vpu/u_vecmul/out_vec_reg[0][3]/clk
pin:tr_soc_top_mx/u_vpu/u_vecmul/out_vec_reg[0][4]/clk
pin:tr_soc_top_mx/u_vpu/u_vecmul/out_vec_reg[0][5]/clk
pin:tr_soc_top_mx/u_vpu/u_vecmul/out_vec_reg[0][6]/clk
pin:tr_soc_top_mx/u_vpu/u_vecmul/out_vec_reg[0][7]/clk
pin:tr_soc_top_mx/u_vpu/u_vecmul/out_vec_reg[0][8]/clk
pin:tr_soc_top_mx/u_vpu/u_vecmul/out_vec_reg[0][9]/clk
pin:tr_soc_top_mx/u_vpu/u_vecmul/out_vec_reg[0][10]/clk
pin:tr_soc_top_mx/u_vpu/u_vecmul/out_vec_reg[0][11]/clk
pin:tr_soc_top_mx/u_vpu/u_vecmul/out_vec_reg[0][12]/clk
pin:tr_soc_top_mx/u_vpu/u_vecmul/out_vec_reg[0][13]/clk
pin:tr_soc_top_mx/u_vpu/u_vecmul/out_vec_reg[0][14]/clk
pin:tr_soc_top_mx/u_vpu/u_vecmul/out_vec_reg[0][15]/clk
pin:tr_soc_top_mx/u_vpu/u_vecmul/out_vec_reg[0][16]/clk
pin:tr_soc_top_mx/u_vpu/u_vecmul/out_vec_reg[0][17]/clk
pin:tr_soc_top_mx/u_vpu/u_vecmul/out_vec_reg[0][18]/clk
pin:tr_soc_top_mx/u_vpu/u_vecmul/out_vec_reg[0][19]/clk
pin:tr_soc_top_mx/u_vpu/u_vecmul/out_vec_reg[0][20]/clk
pin:tr_soc_top_mx/u_vpu/u_vecmul/out_vec_reg[0][21]/clk
pin:tr_soc_top_mx/u_vpu/u_vecmul/out_vec_reg[0][22]/clk
pin:tr_soc_top_mx/u_vpu/u_vecmul/out_vec_reg[0][23]/clk
pin:tr_soc_top_mx/u_vpu/u_vecmul/out_vec_reg[0][24]/clk
pin:tr_soc_top_mx/u_vpu/u_vecmul/out_vec_reg[0][25]/clk
pin:tr_soc_top_mx/u_vpu/u_vecmul/out_vec_reg[0][26]/clk
pin:tr_soc_top_mx/u_vpu/u_vecmul/out_vec_reg[0][27]/clk
pin:tr_soc_top_mx/u_vpu/u_vecmul/out_vec_reg[0][28]/clk
pin:tr_soc_top_mx/u_vpu/u_vecmul/out_vec_reg[0][29]/clk
pin:tr_soc_top_mx/u_vpu/u_vecmul/out_vec_reg[0][30]/clk
pin:tr_soc_top_mx/u_vpu/u_vecmul/out_vec_reg[0][31]/clk
pin:tr_soc_top_mx/u_vpu/vpu_data_out_reg[7][0]/clk
pin:tr_soc_top_mx/u_vpu/vpu_data_out_reg[7][1]/clk
pin:tr_soc_top_mx/u_vpu/vpu_data_out_reg[7][2]/clk
pin:tr_soc_top_mx/u_vpu/vpu_data_out_reg[7][3]/clk
pin:tr_soc_top_mx/u_vpu/vpu_data_out_reg[7][4]/clk
pin:tr_soc_top_mx/u_vpu/vpu_data_out_reg[7][5]/clk
pin:tr_soc_top_mx/u_vpu/vpu_data_out_reg[7][6]/clk
pin:tr_soc_top_mx/u_vpu/vpu_data_out_reg[7][7]/clk
pin:tr_soc_top_mx/u_vpu/vpu_data_out_reg[7][8]/clk
pin:tr_soc_top_mx/u_vpu/vpu_data_out_reg[7][9]/clk
pin:tr_soc_top_mx/u_vpu/vpu_data_out_reg[7][10]/clk
pin:tr_soc_top_mx/u_vpu/vpu_data_out_reg[7][11]/clk
pin:tr_soc_top_mx/u_vpu/vpu_data_out_reg[7][12]/clk
pin:tr_soc_top_mx/u_vpu/vpu_data_out_reg[7][13]/clk
pin:tr_soc_top_mx/u_vpu/vpu_data_out_reg[7][14]/clk
pin:tr_soc_top_mx/u_vpu/vpu_data_out_reg[7][15]/clk
pin:tr_soc_top_mx/u_vpu/vpu_data_out_reg[6][0]/clk
pin:tr_soc_top_mx/u_vpu/vpu_data_out_reg[6][1]/clk
pin:tr_soc_top_mx/u_vpu/vpu_data_out_reg[6][2]/clk
pin:tr_soc_top_mx/u_vpu/vpu_data_out_reg[6][3]/clk
pin:tr_soc_top_mx/u_vpu/vpu_data_out_reg[6][4]/clk
pin:tr_soc_top_mx/u_vpu/vpu_data_out_reg[6][5]/clk
pin:tr_soc_top_mx/u_vpu/vpu_data_out_reg[6][6]/clk
pin:tr_soc_top_mx/u_vpu/vpu_data_out_reg[6][7]/clk
pin:tr_soc_top_mx/u_vpu/vpu_data_out_reg[6][8]/clk
pin:tr_soc_top_mx/u_vpu/vpu_data_out_reg[6][9]/clk
pin:tr_soc_top_mx/u_vpu/vpu_data_out_reg[6][10]/clk
pin:tr_soc_top_mx/u_vpu/vpu_data_out_reg[6][11]/clk
pin:tr_soc_top_mx/u_vpu/vpu_data_out_reg[6][12]/clk
pin:tr_soc_top_mx/u_vpu/vpu_data_out_reg[6][13]/clk
pin:tr_soc_top_mx/u_vpu/vpu_data_out_reg[6][14]/clk
pin:tr_soc_top_mx/u_vpu/vpu_data_out_reg[6][15]/clk
pin:tr_soc_top_mx/u_vpu/vpu_data_out_reg[5][0]/clk
pin:tr_soc_top_mx/u_vpu/vpu_data_out_reg[5][1]/clk
pin:tr_soc_top_mx/u_vpu/vpu_data_out_reg[5][2]/clk
pin:tr_soc_top_mx/u_vpu/vpu_data_out_reg[5][3]/clk
pin:tr_soc_top_mx/u_vpu/vpu_data_out_reg[5][4]/clk
pin:tr_soc_top_mx/u_vpu/vpu_data_out_reg[5][5]/clk
pin:tr_soc_top_mx/u_vpu/vpu_data_out_reg[5][6]/clk
pin:tr_soc_top_mx/u_vpu/vpu_data_out_reg[5][7]/clk
pin:tr_soc_top_mx/u_vpu/vpu_data_out_reg[5][8]/clk
pin:tr_soc_top_mx/u_vpu/vpu_data_out_reg[5][9]/clk
pin:tr_soc_top_mx/u_vpu/vpu_data_out_reg[5][10]/clk
pin:tr_soc_top_mx/u_vpu/vpu_data_out_reg[5][11]/clk
pin:tr_soc_top_mx/u_vpu/vpu_data_out_reg[5][12]/clk
pin:tr_soc_top_mx/u_vpu/vpu_data_out_reg[5][13]/clk
pin:tr_soc_top_mx/u_vpu/vpu_data_out_reg[5][14]/clk
pin:tr_soc_top_mx/u_vpu/vpu_data_out_reg[5][15]/clk
pin:tr_soc_top_mx/u_vpu/vpu_data_out_reg[4][0]/clk
pin:tr_soc_top_mx/u_vpu/vpu_data_out_reg[4][1]/clk
pin:tr_soc_top_mx/u_vpu/vpu_data_out_reg[4][2]/clk
pin:tr_soc_top_mx/u_vpu/vpu_data_out_reg[4][3]/clk
pin:tr_soc_top_mx/u_vpu/vpu_data_out_reg[4][4]/clk
pin:tr_soc_top_mx/u_vpu/vpu_data_out_reg[4][5]/clk
pin:tr_soc_top_mx/u_vpu/vpu_data_out_reg[4][6]/clk
pin:tr_soc_top_mx/u_vpu/vpu_data_out_reg[4][7]/clk
pin:tr_soc_top_mx/u_vpu/vpu_data_out_reg[4][8]/clk
pin:tr_soc_top_mx/u_vpu/vpu_data_out_reg[4][9]/clk
pin:tr_soc_top_mx/u_vpu/vpu_data_out_reg[4][10]/clk
pin:tr_soc_top_mx/u_vpu/vpu_data_out_reg[4][11]/clk
pin:tr_soc_top_mx/u_vpu/vpu_data_out_reg[4][12]/clk
pin:tr_soc_top_mx/u_vpu/vpu_data_out_reg[4][13]/clk
pin:tr_soc_top_mx/u_vpu/vpu_data_out_reg[4][14]/clk
pin:tr_soc_top_mx/u_vpu/vpu_data_out_reg[4][15]/clk
pin:tr_soc_top_mx/u_vpu/vpu_data_out_reg[3][0]/clk
pin:tr_soc_top_mx/u_vpu/vpu_data_out_reg[3][1]/clk
pin:tr_soc_top_mx/u_vpu/vpu_data_out_reg[3][2]/clk
pin:tr_soc_top_mx/u_vpu/vpu_data_out_reg[3][3]/clk
pin:tr_soc_top_mx/u_vpu/vpu_data_out_reg[3][4]/clk
pin:tr_soc_top_mx/u_vpu/vpu_data_out_reg[3][5]/clk
pin:tr_soc_top_mx/u_vpu/vpu_data_out_reg[3][6]/clk
pin:tr_soc_top_mx/u_vpu/vpu_data_out_reg[3][7]/clk
pin:tr_soc_top_mx/u_vpu/vpu_data_out_reg[3][8]/clk
pin:tr_soc_top_mx/u_vpu/vpu_data_out_reg[3][9]/clk
pin:tr_soc_top_mx/u_vpu/vpu_data_out_reg[3][10]/clk
pin:tr_soc_top_mx/u_vpu/vpu_data_out_reg[3][11]/clk
pin:tr_soc_top_mx/u_vpu/vpu_data_out_reg[3][12]/clk
pin:tr_soc_top_mx/u_vpu/vpu_data_out_reg[3][13]/clk
pin:tr_soc_top_mx/u_vpu/vpu_data_out_reg[3][14]/clk
pin:tr_soc_top_mx/u_vpu/vpu_data_out_reg[3][15]/clk
pin:tr_soc_top_mx/u_vpu/vpu_data_out_reg[2][0]/clk
pin:tr_soc_top_mx/u_vpu/vpu_data_out_reg[2][1]/clk
pin:tr_soc_top_mx/u_vpu/vpu_data_out_reg[2][2]/clk
pin:tr_soc_top_mx/u_vpu/vpu_data_out_reg[2][3]/clk
pin:tr_soc_top_mx/u_vpu/vpu_data_out_reg[2][4]/clk
pin:tr_soc_top_mx/u_vpu/vpu_data_out_reg[2][5]/clk
pin:tr_soc_top_mx/u_vpu/vpu_data_out_reg[2][6]/clk
pin:tr_soc_top_mx/u_vpu/vpu_data_out_reg[2][7]/clk
pin:tr_soc_top_mx/u_vpu/vpu_data_out_reg[2][8]/clk
pin:tr_soc_top_mx/u_vpu/vpu_data_out_reg[2][9]/clk
pin:tr_soc_top_mx/u_vpu/vpu_data_out_reg[2][10]/clk
pin:tr_soc_top_mx/u_vpu/vpu_data_out_reg[2][11]/clk
pin:tr_soc_top_mx/u_vpu/vpu_data_out_reg[2][12]/clk
pin:tr_soc_top_mx/u_vpu/vpu_data_out_reg[2][13]/clk
pin:tr_soc_top_mx/u_vpu/vpu_data_out_reg[2][14]/clk
pin:tr_soc_top_mx/u_vpu/vpu_data_out_reg[2][15]/clk
pin:tr_soc_top_mx/u_vpu/vpu_data_out_reg[1][0]/clk
pin:tr_soc_top_mx/u_vpu/vpu_data_out_reg[1][1]/clk
pin:tr_soc_top_mx/u_vpu/vpu_data_out_reg[1][2]/clk
pin:tr_soc_top_mx/u_vpu/vpu_data_out_reg[1][3]/clk
pin:tr_soc_top_mx/u_vpu/vpu_data_out_reg[1][4]/clk
pin:tr_soc_top_mx/u_vpu/vpu_data_out_reg[1][5]/clk
pin:tr_soc_top_mx/u_vpu/vpu_data_out_reg[1][6]/clk
pin:tr_soc_top_mx/u_vpu/vpu_data_out_reg[1][7]/clk
pin:tr_soc_top_mx/u_vpu/vpu_data_out_reg[1][8]/clk
pin:tr_soc_top_mx/u_vpu/vpu_data_out_reg[1][9]/clk
pin:tr_soc_top_mx/u_vpu/vpu_data_out_reg[1][10]/clk
pin:tr_soc_top_mx/u_vpu/vpu_data_out_reg[1][11]/clk
pin:tr_soc_top_mx/u_vpu/vpu_data_out_reg[1][12]/clk
pin:tr_soc_top_mx/u_vpu/vpu_data_out_reg[1][13]/clk
pin:tr_soc_top_mx/u_vpu/vpu_data_out_reg[1][14]/clk
pin:tr_soc_top_mx/u_vpu/vpu_data_out_reg[1][15]/clk
pin:tr_soc_top_mx/u_vpu/vpu_data_out_reg[0][0]/clk
pin:tr_soc_top_mx/u_vpu/vpu_data_out_reg[0][1]/clk
pin:tr_soc_top_mx/u_vpu/vpu_data_out_reg[0][2]/clk
pin:tr_soc_top_mx/u_vpu/vpu_data_out_reg[0][3]/clk
pin:tr_soc_top_mx/u_vpu/vpu_data_out_reg[0][4]/clk
pin:tr_soc_top_mx/u_vpu/vpu_data_out_reg[0][5]/clk
pin:tr_soc_top_mx/u_vpu/vpu_data_out_reg[0][6]/clk
pin:tr_soc_top_mx/u_vpu/vpu_data_out_reg[0][7]/clk
pin:tr_soc_top_mx/u_vpu/vpu_data_out_reg[0][8]/clk
pin:tr_soc_top_mx/u_vpu/vpu_data_out_reg[0][9]/clk
pin:tr_soc_top_mx/u_vpu/vpu_data_out_reg[0][10]/clk
pin:tr_soc_top_mx/u_vpu/vpu_data_out_reg[0][11]/clk
pin:tr_soc_top_mx/u_vpu/vpu_data_out_reg[0][12]/clk
pin:tr_soc_top_mx/u_vpu/vpu_data_out_reg[0][13]/clk
pin:tr_soc_top_mx/u_vpu/vpu_data_out_reg[0][14]/clk
pin:tr_soc_top_mx/u_vpu/vpu_data_out_reg[0][15]/clk
pin:tr_soc_top_mx/u_vpu/vpu_bb_valid_out_reg/clk
pin:tr_soc_top_mx/u_vpu/vpu_vecmul_valid_out_reg/clk
pin:tr_soc_top_mx/u_vpu/vpu_mac_valid_out_reg/clk
pin:tr_soc_top_mx/u_vpu/vpu_max_valid_out_reg/clk
pin:tr_soc_top_mx/u_formatter/valid_out_reg/clk
pin:tr_soc_top_mx/u_formatter/mx_mantissas_reg[7][0]/clk
pin:tr_soc_top_mx/u_formatter/mx_mantissas_reg[7][1]/clk
pin:tr_soc_top_mx/u_formatter/mx_mantissas_reg[7][2]/clk
pin:tr_soc_top_mx/u_formatter/mx_mantissas_reg[7][3]/clk
pin:tr_soc_top_mx/u_formatter/mx_mantissas_reg[7][4]/clk
pin:tr_soc_top_mx/u_formatter/mx_mantissas_reg[7][5]/clk
pin:tr_soc_top_mx/u_formatter/mx_mantissas_reg[7][6]/clk
pin:tr_soc_top_mx/u_formatter/mx_mantissas_reg[7][7]/clk
pin:tr_soc_top_mx/u_formatter/mx_mantissas_reg[6][0]/clk
pin:tr_soc_top_mx/u_formatter/mx_mantissas_reg[6][1]/clk
pin:tr_soc_top_mx/u_formatter/mx_mantissas_reg[6][2]/clk
pin:tr_soc_top_mx/u_formatter/mx_mantissas_reg[6][3]/clk
pin:tr_soc_top_mx/u_formatter/mx_mantissas_reg[6][4]/clk
pin:tr_soc_top_mx/u_formatter/mx_mantissas_reg[6][5]/clk
pin:tr_soc_top_mx/u_formatter/mx_mantissas_reg[6][6]/clk
pin:tr_soc_top_mx/u_formatter/mx_mantissas_reg[6][7]/clk
pin:tr_soc_top_mx/u_formatter/mx_mantissas_reg[5][0]/clk
pin:tr_soc_top_mx/u_formatter/mx_mantissas_reg[5][1]/clk
pin:tr_soc_top_mx/u_formatter/mx_mantissas_reg[5][2]/clk
pin:tr_soc_top_mx/u_formatter/mx_mantissas_reg[5][3]/clk
pin:tr_soc_top_mx/u_formatter/mx_mantissas_reg[5][4]/clk
pin:tr_soc_top_mx/u_formatter/mx_mantissas_reg[5][5]/clk
pin:tr_soc_top_mx/u_formatter/mx_mantissas_reg[5][6]/clk
pin:tr_soc_top_mx/u_formatter/mx_mantissas_reg[5][7]/clk
pin:tr_soc_top_mx/u_formatter/mx_mantissas_reg[4][0]/clk
pin:tr_soc_top_mx/u_formatter/mx_mantissas_reg[4][1]/clk
pin:tr_soc_top_mx/u_formatter/mx_mantissas_reg[4][2]/clk
pin:tr_soc_top_mx/u_formatter/mx_mantissas_reg[4][3]/clk
pin:tr_soc_top_mx/u_formatter/mx_mantissas_reg[4][4]/clk
pin:tr_soc_top_mx/u_formatter/mx_mantissas_reg[4][5]/clk
pin:tr_soc_top_mx/u_formatter/mx_mantissas_reg[4][6]/clk
pin:tr_soc_top_mx/u_formatter/mx_mantissas_reg[4][7]/clk
pin:tr_soc_top_mx/u_formatter/mx_mantissas_reg[3][0]/clk
pin:tr_soc_top_mx/u_formatter/mx_mantissas_reg[3][1]/clk
pin:tr_soc_top_mx/u_formatter/mx_mantissas_reg[3][2]/clk
pin:tr_soc_top_mx/u_formatter/mx_mantissas_reg[3][3]/clk
pin:tr_soc_top_mx/u_formatter/mx_mantissas_reg[3][4]/clk
pin:tr_soc_top_mx/u_formatter/mx_mantissas_reg[3][5]/clk
pin:tr_soc_top_mx/u_formatter/mx_mantissas_reg[3][6]/clk
pin:tr_soc_top_mx/u_formatter/mx_mantissas_reg[3][7]/clk
pin:tr_soc_top_mx/u_formatter/mx_mantissas_reg[2][0]/clk
pin:tr_soc_top_mx/u_formatter/mx_mantissas_reg[2][1]/clk
pin:tr_soc_top_mx/u_formatter/mx_mantissas_reg[2][2]/clk
pin:tr_soc_top_mx/u_formatter/mx_mantissas_reg[2][3]/clk
pin:tr_soc_top_mx/u_formatter/mx_mantissas_reg[2][4]/clk
pin:tr_soc_top_mx/u_formatter/mx_mantissas_reg[2][5]/clk
pin:tr_soc_top_mx/u_formatter/mx_mantissas_reg[2][6]/clk
pin:tr_soc_top_mx/u_formatter/mx_mantissas_reg[2][7]/clk
pin:tr_soc_top_mx/u_formatter/mx_mantissas_reg[1][0]/clk
pin:tr_soc_top_mx/u_formatter/mx_mantissas_reg[1][1]/clk
pin:tr_soc_top_mx/u_formatter/mx_mantissas_reg[1][2]/clk
pin:tr_soc_top_mx/u_formatter/mx_mantissas_reg[1][3]/clk
pin:tr_soc_top_mx/u_formatter/mx_mantissas_reg[1][4]/clk
pin:tr_soc_top_mx/u_formatter/mx_mantissas_reg[1][5]/clk
pin:tr_soc_top_mx/u_formatter/mx_mantissas_reg[1][6]/clk
pin:tr_soc_top_mx/u_formatter/mx_mantissas_reg[1][7]/clk
pin:tr_soc_top_mx/u_formatter/mx_mantissas_reg[0][0]/clk
pin:tr_soc_top_mx/u_formatter/mx_mantissas_reg[0][1]/clk
pin:tr_soc_top_mx/u_formatter/mx_mantissas_reg[0][2]/clk
pin:tr_soc_top_mx/u_formatter/mx_mantissas_reg[0][3]/clk
pin:tr_soc_top_mx/u_formatter/mx_mantissas_reg[0][4]/clk
pin:tr_soc_top_mx/u_formatter/mx_mantissas_reg[0][5]/clk
pin:tr_soc_top_mx/u_formatter/mx_mantissas_reg[0][6]/clk
pin:tr_soc_top_mx/u_formatter/mx_mantissas_reg[0][7]/clk
pin:tr_soc_top_mx/u_formatter/mx_shared_exp_reg[0]/clk
pin:tr_soc_top_mx/u_formatter/mx_shared_exp_reg[1]/clk
pin:tr_soc_top_mx/u_formatter/mx_shared_exp_reg[2]/clk
pin:tr_soc_top_mx/u_formatter/mx_shared_exp_reg[3]/clk
pin:tr_soc_top_mx/u_formatter/mx_shared_exp_reg[4]/clk
pin:tr_soc_top_mx/u_formatter/mx_shared_exp_reg[5]/clk
pin:tr_soc_top_mx/u_formatter/mx_shared_exp_reg[6]/clk
pin:tr_soc_top_mx/u_formatter/mx_shared_exp_reg[7]/clk
Total number of sequential multidriven pin(s) in design 'tr_soc_top_mx' : 4531

The following hierarchical pin(s) in design 'tr_soc_top_mx' are multidriven
hpin:tr_soc_top_mx/u_ctrl/clk
hpin:tr_soc_top_mx/u_ctrl/rst_n
hpin:tr_soc_top_mx/u_dot/clk
hpin:tr_soc_top_mx/u_dot/rst_n
hpin:tr_soc_top_mx/u_req_mx/clk
hpin:tr_soc_top_mx/u_req_mx/rst_n
hpin:tr_soc_top_mx/u_vpu/clk
hpin:tr_soc_top_mx/u_vpu/rst_n
hpin:tr_soc_top_mx/u_formatter/clk
hpin:tr_soc_top_mx/u_formatter/rst_n
Total number of hierarchical multidriven pin(s) in design 'tr_soc_top_mx' : 10

No multidriven ports in 'tr_soc_top_mx'

No multidriven unloaded nets in 'tr_soc_top_mx'

  Constant Pin(s)
  ----------------
design 'tr_soc_top_mx' has the following constant input combinational pin(s)
pin:tr_soc_top_mx/u_dot/GEN_MAC_LANES[0].u_mac_lane/g71/in_1
pin:tr_soc_top_mx/u_dot/GEN_MAC_LANES[1].u_mac_lane/g71/in_1
pin:tr_soc_top_mx/u_dot/GEN_MAC_LANES[2].u_mac_lane/g71/in_1
pin:tr_soc_top_mx/u_dot/GEN_MAC_LANES[3].u_mac_lane/g71/in_1
pin:tr_soc_top_mx/u_vpu/u_mac/g71/in_1
pin:tr_soc_top_mx/u_vpu/u_vecmul/g76/in_1
Total number of constant combinational pins in design 'tr_soc_top_mx' : 6

No constant sequential pin(s) in design 'tr_soc_top_mx'

design 'tr_soc_top_mx' has the following constant input hierarchical pin(s)
hpin:tr_soc_top_mx/u_dot/op_mode[1] 	 (fanout : 4)
hpin:tr_soc_top_mx/u_dot/op_mode[0] 	 (fanout : 4)
hpin:tr_soc_top_mx/u_dot/out_ready 	 (fanout : 4)
hpin:tr_soc_top_mx/u_top_shifter/data_in[7][7] 	 (fanout : 18)
hpin:tr_soc_top_mx/u_top_shifter/data_in[7][6] 	 (fanout : 2)
hpin:tr_soc_top_mx/u_top_shifter/data_in[7][5] 	 (fanout : 2)
hpin:tr_soc_top_mx/u_top_shifter/data_in[7][4] 	 (fanout : 2)
hpin:tr_soc_top_mx/u_top_shifter/data_in[7][3] 	 (fanout : 2)
hpin:tr_soc_top_mx/u_top_shifter/data_in[7][2] 	 (fanout : 2)
hpin:tr_soc_top_mx/u_top_shifter/data_in[7][1] 	 (fanout : 2)
hpin:tr_soc_top_mx/u_top_shifter/data_in[7][0] 	 (fanout : 2)
hpin:tr_soc_top_mx/u_top_shifter/data_in[6][7] 	 (fanout : 18)
hpin:tr_soc_top_mx/u_top_shifter/data_in[6][6] 	 (fanout : 2)
hpin:tr_soc_top_mx/u_top_shifter/data_in[6][5] 	 (fanout : 2)
hpin:tr_soc_top_mx/u_top_shifter/data_in[6][4] 	 (fanout : 2)
hpin:tr_soc_top_mx/u_top_shifter/data_in[6][3] 	 (fanout : 2)
hpin:tr_soc_top_mx/u_top_shifter/data_in[6][2] 	 (fanout : 2)
hpin:tr_soc_top_mx/u_top_shifter/data_in[6][1] 	 (fanout : 2)
hpin:tr_soc_top_mx/u_top_shifter/data_in[6][0] 	 (fanout : 2)
hpin:tr_soc_top_mx/u_top_shifter/data_in[5][7] 	 (fanout : 18)
hpin:tr_soc_top_mx/u_top_shifter/data_in[5][6] 	 (fanout : 2)
hpin:tr_soc_top_mx/u_top_shifter/data_in[5][5] 	 (fanout : 2)
hpin:tr_soc_top_mx/u_top_shifter/data_in[5][4] 	 (fanout : 2)
hpin:tr_soc_top_mx/u_top_shifter/data_in[5][3] 	 (fanout : 2)
hpin:tr_soc_top_mx/u_top_shifter/data_in[5][2] 	 (fanout : 2)
hpin:tr_soc_top_mx/u_top_shifter/data_in[5][1] 	 (fanout : 2)
hpin:tr_soc_top_mx/u_top_shifter/data_in[5][0] 	 (fanout : 2)
hpin:tr_soc_top_mx/u_top_shifter/data_in[4][7] 	 (fanout : 18)
hpin:tr_soc_top_mx/u_top_shifter/data_in[4][6] 	 (fanout : 2)
hpin:tr_soc_top_mx/u_top_shifter/data_in[4][5] 	 (fanout : 2)
hpin:tr_soc_top_mx/u_top_shifter/data_in[4][4] 	 (fanout : 2)
hpin:tr_soc_top_mx/u_top_shifter/data_in[4][3] 	 (fanout : 2)
hpin:tr_soc_top_mx/u_top_shifter/data_in[4][2] 	 (fanout : 2)
hpin:tr_soc_top_mx/u_top_shifter/data_in[4][1] 	 (fanout : 2)
hpin:tr_soc_top_mx/u_top_shifter/data_in[4][0] 	 (fanout : 2)
hpin:tr_soc_top_mx/u_top_shifter/shift_dir 	 (fanout : 8)
hpin:tr_soc_top_mx/mux_dot_c_mux[3]_148_13/in_1[31] 	 (fanout : 1)
hpin:tr_soc_top_mx/mux_dot_c_mux[3]_148_13/in_1[30] 	 (fanout : 1)
hpin:tr_soc_top_mx/mux_dot_c_mux[3]_148_13/in_1[29] 	 (fanout : 1)
hpin:tr_soc_top_mx/mux_dot_c_mux[3]_148_13/in_1[28] 	 (fanout : 1)
hpin:tr_soc_top_mx/mux_dot_c_mux[3]_148_13/in_1[27] 	 (fanout : 1)
hpin:tr_soc_top_mx/mux_dot_c_mux[3]_148_13/in_1[26] 	 (fanout : 1)
hpin:tr_soc_top_mx/mux_dot_c_mux[3]_148_13/in_1[25] 	 (fanout : 1)
hpin:tr_soc_top_mx/mux_dot_c_mux[3]_148_13/in_1[24] 	 (fanout : 1)
hpin:tr_soc_top_mx/mux_dot_c_mux[3]_148_13/in_1[23] 	 (fanout : 1)
hpin:tr_soc_top_mx/mux_dot_c_mux[3]_148_13/in_1[22] 	 (fanout : 1)
hpin:tr_soc_top_mx/mux_dot_c_mux[3]_148_13/in_1[21] 	 (fanout : 1)
hpin:tr_soc_top_mx/mux_dot_c_mux[3]_148_13/in_1[20] 	 (fanout : 1)
hpin:tr_soc_top_mx/mux_dot_c_mux[3]_148_13/in_1[19] 	 (fanout : 1)
hpin:tr_soc_top_mx/mux_dot_c_mux[3]_148_13/in_1[18] 	 (fanout : 1)
hpin:tr_soc_top_mx/mux_dot_c_mux[3]_148_13/in_1[17] 	 (fanout : 1)
hpin:tr_soc_top_mx/mux_dot_c_mux[3]_148_13/in_1[16] 	 (fanout : 1)
hpin:tr_soc_top_mx/mux_dot_c_mux[3]_148_13/in_1[15] 	 (fanout : 1)
hpin:tr_soc_top_mx/mux_dot_c_mux[3]_148_13/in_1[14] 	 (fanout : 1)
hpin:tr_soc_top_mx/mux_dot_c_mux[3]_148_13/in_1[13] 	 (fanout : 1)
hpin:tr_soc_top_mx/mux_dot_c_mux[3]_148_13/in_1[12] 	 (fanout : 1)
hpin:tr_soc_top_mx/mux_dot_c_mux[3]_148_13/in_1[11] 	 (fanout : 1)
hpin:tr_soc_top_mx/mux_dot_c_mux[3]_148_13/in_1[10] 	 (fanout : 1)
hpin:tr_soc_top_mx/mux_dot_c_mux[3]_148_13/in_1[9] 	 (fanout : 1)
hpin:tr_soc_top_mx/mux_dot_c_mux[3]_148_13/in_1[8] 	 (fanout : 1)
hpin:tr_soc_top_mx/mux_dot_c_mux[3]_148_13/in_1[7] 	 (fanout : 1)
hpin:tr_soc_top_mx/mux_dot_c_mux[3]_148_13/in_1[6] 	 (fanout : 1)
hpin:tr_soc_top_mx/mux_dot_c_mux[3]_148_13/in_1[5] 	 (fanout : 1)
hpin:tr_soc_top_mx/mux_dot_c_mux[3]_148_13/in_1[4] 	 (fanout : 1)
hpin:tr_soc_top_mx/mux_dot_c_mux[3]_148_13/in_1[3] 	 (fanout : 1)
hpin:tr_soc_top_mx/mux_dot_c_mux[3]_148_13/in_1[2] 	 (fanout : 1)
hpin:tr_soc_top_mx/mux_dot_c_mux[3]_148_13/in_1[1] 	 (fanout : 1)
hpin:tr_soc_top_mx/mux_dot_c_mux[3]_148_13/in_1[0] 	 (fanout : 1)
hpin:tr_soc_top_mx/mux_dot_c_mux[2]_148_13/in_1[31] 	 (fanout : 1)
hpin:tr_soc_top_mx/mux_dot_c_mux[2]_148_13/in_1[30] 	 (fanout : 1)
hpin:tr_soc_top_mx/mux_dot_c_mux[2]_148_13/in_1[29] 	 (fanout : 1)
hpin:tr_soc_top_mx/mux_dot_c_mux[2]_148_13/in_1[28] 	 (fanout : 1)
hpin:tr_soc_top_mx/mux_dot_c_mux[2]_148_13/in_1[27] 	 (fanout : 1)
hpin:tr_soc_top_mx/mux_dot_c_mux[2]_148_13/in_1[26] 	 (fanout : 1)
hpin:tr_soc_top_mx/mux_dot_c_mux[2]_148_13/in_1[25] 	 (fanout : 1)
hpin:tr_soc_top_mx/mux_dot_c_mux[2]_148_13/in_1[24] 	 (fanout : 1)
hpin:tr_soc_top_mx/mux_dot_c_mux[2]_148_13/in_1[23] 	 (fanout : 1)
hpin:tr_soc_top_mx/mux_dot_c_mux[2]_148_13/in_1[22] 	 (fanout : 1)
hpin:tr_soc_top_mx/mux_dot_c_mux[2]_148_13/in_1[21] 	 (fanout : 1)
hpin:tr_soc_top_mx/mux_dot_c_mux[2]_148_13/in_1[20] 	 (fanout : 1)
hpin:tr_soc_top_mx/mux_dot_c_mux[2]_148_13/in_1[19] 	 (fanout : 1)
hpin:tr_soc_top_mx/mux_dot_c_mux[2]_148_13/in_1[18] 	 (fanout : 1)
hpin:tr_soc_top_mx/mux_dot_c_mux[2]_148_13/in_1[17] 	 (fanout : 1)
hpin:tr_soc_top_mx/mux_dot_c_mux[2]_148_13/in_1[16] 	 (fanout : 1)
hpin:tr_soc_top_mx/mux_dot_c_mux[2]_148_13/in_1[15] 	 (fanout : 1)
hpin:tr_soc_top_mx/mux_dot_c_mux[2]_148_13/in_1[14] 	 (fanout : 1)
hpin:tr_soc_top_mx/mux_dot_c_mux[2]_148_13/in_1[13] 	 (fanout : 1)
hpin:tr_soc_top_mx/mux_dot_c_mux[2]_148_13/in_1[12] 	 (fanout : 1)
hpin:tr_soc_top_mx/mux_dot_c_mux[2]_148_13/in_1[11] 	 (fanout : 1)
hpin:tr_soc_top_mx/mux_dot_c_mux[2]_148_13/in_1[10] 	 (fanout : 1)
hpin:tr_soc_top_mx/mux_dot_c_mux[2]_148_13/in_1[9] 	 (fanout : 1)
hpin:tr_soc_top_mx/mux_dot_c_mux[2]_148_13/in_1[8] 	 (fanout : 1)
hpin:tr_soc_top_mx/mux_dot_c_mux[2]_148_13/in_1[7] 	 (fanout : 1)
hpin:tr_soc_top_mx/mux_dot_c_mux[2]_148_13/in_1[6] 	 (fanout : 1)
hpin:tr_soc_top_mx/mux_dot_c_mux[2]_148_13/in_1[5] 	 (fanout : 1)
hpin:tr_soc_top_mx/mux_dot_c_mux[2]_148_13/in_1[4] 	 (fanout : 1)
hpin:tr_soc_top_mx/mux_dot_c_mux[2]_148_13/in_1[3] 	 (fanout : 1)
hpin:tr_soc_top_mx/mux_dot_c_mux[2]_148_13/in_1[2] 	 (fanout : 1)
hpin:tr_soc_top_mx/mux_dot_c_mux[2]_148_13/in_1[1] 	 (fanout : 1)
hpin:tr_soc_top_mx/mux_dot_c_mux[2]_148_13/in_1[0] 	 (fanout : 1)
hpin:tr_soc_top_mx/mux_dot_c_mux[1]_148_13/in_1[31] 	 (fanout : 1)
hpin:tr_soc_top_mx/mux_dot_c_mux[1]_148_13/in_1[30] 	 (fanout : 1)
hpin:tr_soc_top_mx/mux_dot_c_mux[1]_148_13/in_1[29] 	 (fanout : 1)
hpin:tr_soc_top_mx/mux_dot_c_mux[1]_148_13/in_1[28] 	 (fanout : 1)
hpin:tr_soc_top_mx/mux_dot_c_mux[1]_148_13/in_1[27] 	 (fanout : 1)
hpin:tr_soc_top_mx/mux_dot_c_mux[1]_148_13/in_1[26] 	 (fanout : 1)
hpin:tr_soc_top_mx/mux_dot_c_mux[1]_148_13/in_1[25] 	 (fanout : 1)
hpin:tr_soc_top_mx/mux_dot_c_mux[1]_148_13/in_1[24] 	 (fanout : 1)
hpin:tr_soc_top_mx/mux_dot_c_mux[1]_148_13/in_1[23] 	 (fanout : 1)
hpin:tr_soc_top_mx/mux_dot_c_mux[1]_148_13/in_1[22] 	 (fanout : 1)
hpin:tr_soc_top_mx/mux_dot_c_mux[1]_148_13/in_1[21] 	 (fanout : 1)
hpin:tr_soc_top_mx/mux_dot_c_mux[1]_148_13/in_1[20] 	 (fanout : 1)
hpin:tr_soc_top_mx/mux_dot_c_mux[1]_148_13/in_1[19] 	 (fanout : 1)
hpin:tr_soc_top_mx/mux_dot_c_mux[1]_148_13/in_1[18] 	 (fanout : 1)
hpin:tr_soc_top_mx/mux_dot_c_mux[1]_148_13/in_1[17] 	 (fanout : 1)
hpin:tr_soc_top_mx/mux_dot_c_mux[1]_148_13/in_1[16] 	 (fanout : 1)
hpin:tr_soc_top_mx/mux_dot_c_mux[1]_148_13/in_1[15] 	 (fanout : 1)
hpin:tr_soc_top_mx/mux_dot_c_mux[1]_148_13/in_1[14] 	 (fanout : 1)
hpin:tr_soc_top_mx/mux_dot_c_mux[1]_148_13/in_1[13] 	 (fanout : 1)
hpin:tr_soc_top_mx/mux_dot_c_mux[1]_148_13/in_1[12] 	 (fanout : 1)
hpin:tr_soc_top_mx/mux_dot_c_mux[1]_148_13/in_1[11] 	 (fanout : 1)
hpin:tr_soc_top_mx/mux_dot_c_mux[1]_148_13/in_1[10] 	 (fanout : 1)
hpin:tr_soc_top_mx/mux_dot_c_mux[1]_148_13/in_1[9] 	 (fanout : 1)
hpin:tr_soc_top_mx/mux_dot_c_mux[1]_148_13/in_1[8] 	 (fanout : 1)
hpin:tr_soc_top_mx/mux_dot_c_mux[1]_148_13/in_1[7] 	 (fanout : 1)
hpin:tr_soc_top_mx/mux_dot_c_mux[1]_148_13/in_1[6] 	 (fanout : 1)
hpin:tr_soc_top_mx/mux_dot_c_mux[1]_148_13/in_1[5] 	 (fanout : 1)
hpin:tr_soc_top_mx/mux_dot_c_mux[1]_148_13/in_1[4] 	 (fanout : 1)
hpin:tr_soc_top_mx/mux_dot_c_mux[1]_148_13/in_1[3] 	 (fanout : 1)
hpin:tr_soc_top_mx/mux_dot_c_mux[1]_148_13/in_1[2] 	 (fanout : 1)
hpin:tr_soc_top_mx/mux_dot_c_mux[1]_148_13/in_1[1] 	 (fanout : 1)
hpin:tr_soc_top_mx/mux_dot_c_mux[1]_148_13/in_1[0] 	 (fanout : 1)
hpin:tr_soc_top_mx/mux_dot_c_mux[0]_148_13/in_1[31] 	 (fanout : 1)
hpin:tr_soc_top_mx/mux_dot_c_mux[0]_148_13/in_1[30] 	 (fanout : 1)
hpin:tr_soc_top_mx/mux_dot_c_mux[0]_148_13/in_1[29] 	 (fanout : 1)
hpin:tr_soc_top_mx/mux_dot_c_mux[0]_148_13/in_1[28] 	 (fanout : 1)
hpin:tr_soc_top_mx/mux_dot_c_mux[0]_148_13/in_1[27] 	 (fanout : 1)
hpin:tr_soc_top_mx/mux_dot_c_mux[0]_148_13/in_1[26] 	 (fanout : 1)
hpin:tr_soc_top_mx/mux_dot_c_mux[0]_148_13/in_1[25] 	 (fanout : 1)
hpin:tr_soc_top_mx/mux_dot_c_mux[0]_148_13/in_1[24] 	 (fanout : 1)
hpin:tr_soc_top_mx/mux_dot_c_mux[0]_148_13/in_1[23] 	 (fanout : 1)
hpin:tr_soc_top_mx/mux_dot_c_mux[0]_148_13/in_1[22] 	 (fanout : 1)
hpin:tr_soc_top_mx/mux_dot_c_mux[0]_148_13/in_1[21] 	 (fanout : 1)
hpin:tr_soc_top_mx/mux_dot_c_mux[0]_148_13/in_1[20] 	 (fanout : 1)
hpin:tr_soc_top_mx/mux_dot_c_mux[0]_148_13/in_1[19] 	 (fanout : 1)
hpin:tr_soc_top_mx/mux_dot_c_mux[0]_148_13/in_1[18] 	 (fanout : 1)
hpin:tr_soc_top_mx/mux_dot_c_mux[0]_148_13/in_1[17] 	 (fanout : 1)
hpin:tr_soc_top_mx/mux_dot_c_mux[0]_148_13/in_1[16] 	 (fanout : 1)
hpin:tr_soc_top_mx/mux_dot_c_mux[0]_148_13/in_1[15] 	 (fanout : 1)
hpin:tr_soc_top_mx/mux_dot_c_mux[0]_148_13/in_1[14] 	 (fanout : 1)
hpin:tr_soc_top_mx/mux_dot_c_mux[0]_148_13/in_1[13] 	 (fanout : 1)
hpin:tr_soc_top_mx/mux_dot_c_mux[0]_148_13/in_1[12] 	 (fanout : 1)
hpin:tr_soc_top_mx/mux_dot_c_mux[0]_148_13/in_1[11] 	 (fanout : 1)
hpin:tr_soc_top_mx/mux_dot_c_mux[0]_148_13/in_1[10] 	 (fanout : 1)
hpin:tr_soc_top_mx/mux_dot_c_mux[0]_148_13/in_1[9] 	 (fanout : 1)
hpin:tr_soc_top_mx/mux_dot_c_mux[0]_148_13/in_1[8] 	 (fanout : 1)
hpin:tr_soc_top_mx/mux_dot_c_mux[0]_148_13/in_1[7] 	 (fanout : 1)
hpin:tr_soc_top_mx/mux_dot_c_mux[0]_148_13/in_1[6] 	 (fanout : 1)
hpin:tr_soc_top_mx/mux_dot_c_mux[0]_148_13/in_1[5] 	 (fanout : 1)
hpin:tr_soc_top_mx/mux_dot_c_mux[0]_148_13/in_1[4] 	 (fanout : 1)
hpin:tr_soc_top_mx/mux_dot_c_mux[0]_148_13/in_1[3] 	 (fanout : 1)
hpin:tr_soc_top_mx/mux_dot_c_mux[0]_148_13/in_1[2] 	 (fanout : 1)
hpin:tr_soc_top_mx/mux_dot_c_mux[0]_148_13/in_1[1] 	 (fanout : 1)
hpin:tr_soc_top_mx/mux_dot_c_mux[0]_148_13/in_1[0] 	 (fanout : 1)
hpin:tr_soc_top_mx/mux_235_28/in_0[15] 	 (fanout : 1)
hpin:tr_soc_top_mx/mux_235_28/in_0[14] 	 (fanout : 1)
hpin:tr_soc_top_mx/mux_235_28/in_0[13] 	 (fanout : 1)
hpin:tr_soc_top_mx/mux_235_28/in_0[12] 	 (fanout : 1)
hpin:tr_soc_top_mx/mux_235_28/in_0[11] 	 (fanout : 1)
hpin:tr_soc_top_mx/mux_235_28/in_0[10] 	 (fanout : 1)
hpin:tr_soc_top_mx/mux_235_28/in_0[9] 	 (fanout : 1)
hpin:tr_soc_top_mx/mux_235_28/in_0[8] 	 (fanout : 1)
hpin:tr_soc_top_mx/mux_235_28/in_0[7] 	 (fanout : 1)
hpin:tr_soc_top_mx/mux_235_28/in_0[6] 	 (fanout : 1)
hpin:tr_soc_top_mx/mux_235_28/in_0[5] 	 (fanout : 1)
hpin:tr_soc_top_mx/mux_235_28/in_0[4] 	 (fanout : 1)
hpin:tr_soc_top_mx/mux_235_28/in_0[3] 	 (fanout : 1)
hpin:tr_soc_top_mx/mux_235_28/in_0[2] 	 (fanout : 1)
hpin:tr_soc_top_mx/mux_235_28/in_0[1] 	 (fanout : 1)
hpin:tr_soc_top_mx/mux_235_28/in_0[0] 	 (fanout : 1)
hpin:tr_soc_top_mx/mux_235_13/in_0[15] 	 (fanout : 1)
hpin:tr_soc_top_mx/mux_235_13/in_0[14] 	 (fanout : 1)
hpin:tr_soc_top_mx/mux_235_13/in_0[13] 	 (fanout : 1)
hpin:tr_soc_top_mx/mux_235_13/in_0[12] 	 (fanout : 1)
hpin:tr_soc_top_mx/mux_235_13/in_0[11] 	 (fanout : 1)
hpin:tr_soc_top_mx/mux_235_13/in_0[10] 	 (fanout : 1)
hpin:tr_soc_top_mx/mux_235_13/in_0[9] 	 (fanout : 1)
hpin:tr_soc_top_mx/mux_235_13/in_0[8] 	 (fanout : 1)
hpin:tr_soc_top_mx/mux_235_13/in_0[7] 	 (fanout : 1)
hpin:tr_soc_top_mx/mux_235_13/in_0[6] 	 (fanout : 1)
hpin:tr_soc_top_mx/mux_235_13/in_0[5] 	 (fanout : 1)
hpin:tr_soc_top_mx/mux_235_13/in_0[4] 	 (fanout : 1)
hpin:tr_soc_top_mx/mux_235_13/in_0[3] 	 (fanout : 1)
hpin:tr_soc_top_mx/mux_235_13/in_0[2] 	 (fanout : 1)
hpin:tr_soc_top_mx/mux_235_13/in_0[1] 	 (fanout : 1)
hpin:tr_soc_top_mx/mux_235_13/in_0[0] 	 (fanout : 1)
hpin:tr_soc_top_mx/mux_235_15/in_0[15] 	 (fanout : 1)
hpin:tr_soc_top_mx/mux_235_15/in_0[14] 	 (fanout : 1)
hpin:tr_soc_top_mx/mux_235_15/in_0[13] 	 (fanout : 1)
hpin:tr_soc_top_mx/mux_235_15/in_0[12] 	 (fanout : 1)
hpin:tr_soc_top_mx/mux_235_15/in_0[11] 	 (fanout : 1)
hpin:tr_soc_top_mx/mux_235_15/in_0[10] 	 (fanout : 1)
hpin:tr_soc_top_mx/mux_235_15/in_0[9] 	 (fanout : 1)
hpin:tr_soc_top_mx/mux_235_15/in_0[8] 	 (fanout : 1)
hpin:tr_soc_top_mx/mux_235_15/in_0[7] 	 (fanout : 1)
hpin:tr_soc_top_mx/mux_235_15/in_0[6] 	 (fanout : 1)
hpin:tr_soc_top_mx/mux_235_15/in_0[5] 	 (fanout : 1)
hpin:tr_soc_top_mx/mux_235_15/in_0[4] 	 (fanout : 1)
hpin:tr_soc_top_mx/mux_235_15/in_0[3] 	 (fanout : 1)
hpin:tr_soc_top_mx/mux_235_15/in_0[2] 	 (fanout : 1)
hpin:tr_soc_top_mx/mux_235_15/in_0[1] 	 (fanout : 1)
hpin:tr_soc_top_mx/mux_235_15/in_0[0] 	 (fanout : 1)
hpin:tr_soc_top_mx/mux_235_17/in_0[15] 	 (fanout : 1)
hpin:tr_soc_top_mx/mux_235_17/in_0[14] 	 (fanout : 1)
hpin:tr_soc_top_mx/mux_235_17/in_0[13] 	 (fanout : 1)
hpin:tr_soc_top_mx/mux_235_17/in_0[12] 	 (fanout : 1)
hpin:tr_soc_top_mx/mux_235_17/in_0[11] 	 (fanout : 1)
hpin:tr_soc_top_mx/mux_235_17/in_0[10] 	 (fanout : 1)
hpin:tr_soc_top_mx/mux_235_17/in_0[9] 	 (fanout : 1)
hpin:tr_soc_top_mx/mux_235_17/in_0[8] 	 (fanout : 1)
hpin:tr_soc_top_mx/mux_235_17/in_0[7] 	 (fanout : 1)
hpin:tr_soc_top_mx/mux_235_17/in_0[6] 	 (fanout : 1)
hpin:tr_soc_top_mx/mux_235_17/in_0[5] 	 (fanout : 1)
hpin:tr_soc_top_mx/mux_235_17/in_0[4] 	 (fanout : 1)
hpin:tr_soc_top_mx/mux_235_17/in_0[3] 	 (fanout : 1)
hpin:tr_soc_top_mx/mux_235_17/in_0[2] 	 (fanout : 1)
hpin:tr_soc_top_mx/mux_235_17/in_0[1] 	 (fanout : 1)
hpin:tr_soc_top_mx/mux_235_17/in_0[0] 	 (fanout : 1)
hpin:tr_soc_top_mx/u_ctrl/eq_218_39/B[4] 	 (fanout : 1)
hpin:tr_soc_top_mx/u_ctrl/eq_218_39/B[3] 	 (fanout : 1)
hpin:tr_soc_top_mx/u_ctrl/eq_218_39/B[2] 	 (fanout : 1)
hpin:tr_soc_top_mx/u_ctrl/eq_218_39/B[1] 	 (fanout : 1)
hpin:tr_soc_top_mx/u_ctrl/eq_218_39/B[0] 	 (fanout : 1)
hpin:tr_soc_top_mx/u_ctrl/eq_219_39/B[4] 	 (fanout : 1)
hpin:tr_soc_top_mx/u_ctrl/eq_219_39/B[3] 	 (fanout : 1)
hpin:tr_soc_top_mx/u_ctrl/eq_219_39/B[2] 	 (fanout : 1)
hpin:tr_soc_top_mx/u_ctrl/eq_219_39/B[1] 	 (fanout : 1)
hpin:tr_soc_top_mx/u_ctrl/eq_219_39/B[0] 	 (fanout : 1)
hpin:tr_soc_top_mx/u_ctrl/eq_217_39/B 	 (fanout : 1)
hpin:tr_soc_top_mx/u_ctrl/eq_337_33/B[2] 	 (fanout : 1)
hpin:tr_soc_top_mx/u_ctrl/eq_337_33/B[1] 	 (fanout : 1)
hpin:tr_soc_top_mx/u_ctrl/eq_337_33/B[0] 	 (fanout : 1)
hpin:tr_soc_top_mx/u_ctrl/eq_336_33/B[1] 	 (fanout : 1)
hpin:tr_soc_top_mx/u_ctrl/eq_336_33/B[0] 	 (fanout : 1)
hpin:tr_soc_top_mx/u_ctrl/eq_335_33/B[1] 	 (fanout : 1)
hpin:tr_soc_top_mx/u_ctrl/eq_335_33/B[0] 	 (fanout : 1)
hpin:tr_soc_top_mx/u_ctrl/eq_334_33/B 	 (fanout : 1)
hpin:tr_soc_top_mx/u_ctrl/eq_358_27/B[1] 	 (fanout : 1)
hpin:tr_soc_top_mx/u_ctrl/eq_358_27/B[0] 	 (fanout : 1)
hpin:tr_soc_top_mx/u_ctrl/eq_359_32/B[2] 	 (fanout : 1)
hpin:tr_soc_top_mx/u_ctrl/eq_359_32/B[1] 	 (fanout : 1)
hpin:tr_soc_top_mx/u_ctrl/eq_359_32/B[0] 	 (fanout : 1)
hpin:tr_soc_top_mx/u_ctrl/eq_360_32/B[2] 	 (fanout : 1)
hpin:tr_soc_top_mx/u_ctrl/eq_360_32/B[1] 	 (fanout : 1)
hpin:tr_soc_top_mx/u_ctrl/eq_360_32/B[0] 	 (fanout : 1)
hpin:tr_soc_top_mx/u_ctrl/eq_374_27/B[2] 	 (fanout : 1)
hpin:tr_soc_top_mx/u_ctrl/eq_374_27/B[1] 	 (fanout : 1)
hpin:tr_soc_top_mx/u_ctrl/eq_374_27/B[0] 	 (fanout : 1)
hpin:tr_soc_top_mx/u_ctrl/eq_375_32/B[3] 	 (fanout : 1)
hpin:tr_soc_top_mx/u_ctrl/eq_375_32/B[2] 	 (fanout : 1)
hpin:tr_soc_top_mx/u_ctrl/eq_375_32/B[1] 	 (fanout : 1)
hpin:tr_soc_top_mx/u_ctrl/eq_375_32/B[0] 	 (fanout : 1)
hpin:tr_soc_top_mx/u_ctrl/eq_376_32/B[3] 	 (fanout : 1)
hpin:tr_soc_top_mx/u_ctrl/eq_376_32/B[2] 	 (fanout : 1)
hpin:tr_soc_top_mx/u_ctrl/eq_376_32/B[1] 	 (fanout : 1)
hpin:tr_soc_top_mx/u_ctrl/eq_376_32/B[0] 	 (fanout : 1)
hpin:tr_soc_top_mx/u_ctrl/eq_389_27/B[3] 	 (fanout : 1)
hpin:tr_soc_top_mx/u_ctrl/eq_389_27/B[2] 	 (fanout : 1)
hpin:tr_soc_top_mx/u_ctrl/eq_389_27/B[1] 	 (fanout : 1)
hpin:tr_soc_top_mx/u_ctrl/eq_389_27/B[0] 	 (fanout : 1)
hpin:tr_soc_top_mx/u_ctrl/eq_390_32/B[3] 	 (fanout : 1)
hpin:tr_soc_top_mx/u_ctrl/eq_390_32/B[2] 	 (fanout : 1)
hpin:tr_soc_top_mx/u_ctrl/eq_390_32/B[1] 	 (fanout : 1)
hpin:tr_soc_top_mx/u_ctrl/eq_390_32/B[0] 	 (fanout : 1)
hpin:tr_soc_top_mx/u_ctrl/eq_410_27/B[4] 	 (fanout : 1)
hpin:tr_soc_top_mx/u_ctrl/eq_410_27/B[3] 	 (fanout : 1)
hpin:tr_soc_top_mx/u_ctrl/eq_410_27/B[2] 	 (fanout : 1)
hpin:tr_soc_top_mx/u_ctrl/eq_410_27/B[1] 	 (fanout : 1)
hpin:tr_soc_top_mx/u_ctrl/eq_410_27/B[0] 	 (fanout : 1)
hpin:tr_soc_top_mx/u_ctrl/eq_411_32/B[4] 	 (fanout : 1)
hpin:tr_soc_top_mx/u_ctrl/eq_411_32/B[3] 	 (fanout : 1)
hpin:tr_soc_top_mx/u_ctrl/eq_411_32/B[2] 	 (fanout : 1)
hpin:tr_soc_top_mx/u_ctrl/eq_411_32/B[1] 	 (fanout : 1)
hpin:tr_soc_top_mx/u_ctrl/eq_411_32/B[0] 	 (fanout : 1)
hpin:tr_soc_top_mx/u_ctrl/eq_412_32/B[4] 	 (fanout : 1)
hpin:tr_soc_top_mx/u_ctrl/eq_412_32/B[3] 	 (fanout : 1)
hpin:tr_soc_top_mx/u_ctrl/eq_412_32/B[2] 	 (fanout : 1)
hpin:tr_soc_top_mx/u_ctrl/eq_412_32/B[1] 	 (fanout : 1)
hpin:tr_soc_top_mx/u_ctrl/eq_412_32/B[0] 	 (fanout : 1)
hpin:tr_soc_top_mx/u_ctrl/eq_420_27/B[4] 	 (fanout : 1)
hpin:tr_soc_top_mx/u_ctrl/eq_420_27/B[3] 	 (fanout : 1)
hpin:tr_soc_top_mx/u_ctrl/eq_420_27/B[2] 	 (fanout : 1)
hpin:tr_soc_top_mx/u_ctrl/eq_420_27/B[1] 	 (fanout : 1)
hpin:tr_soc_top_mx/u_ctrl/eq_420_27/B[0] 	 (fanout : 1)
hpin:tr_soc_top_mx/u_ctrl/eq_421_32/B[4] 	 (fanout : 1)
hpin:tr_soc_top_mx/u_ctrl/eq_421_32/B[3] 	 (fanout : 1)
hpin:tr_soc_top_mx/u_ctrl/eq_421_32/B[2] 	 (fanout : 1)
hpin:tr_soc_top_mx/u_ctrl/eq_421_32/B[1] 	 (fanout : 1)
hpin:tr_soc_top_mx/u_ctrl/eq_421_32/B[0] 	 (fanout : 1)
hpin:tr_soc_top_mx/u_ctrl/eq_433_27/B[4] 	 (fanout : 1)
hpin:tr_soc_top_mx/u_ctrl/eq_433_27/B[3] 	 (fanout : 1)
hpin:tr_soc_top_mx/u_ctrl/eq_433_27/B[2] 	 (fanout : 1)
hpin:tr_soc_top_mx/u_ctrl/eq_433_27/B[1] 	 (fanout : 1)
hpin:tr_soc_top_mx/u_ctrl/eq_433_27/B[0] 	 (fanout : 1)
hpin:tr_soc_top_mx/u_ctrl/eq_434_32/B[4] 	 (fanout : 1)
hpin:tr_soc_top_mx/u_ctrl/eq_434_32/B[3] 	 (fanout : 1)
hpin:tr_soc_top_mx/u_ctrl/eq_434_32/B[2] 	 (fanout : 1)
hpin:tr_soc_top_mx/u_ctrl/eq_434_32/B[1] 	 (fanout : 1)
hpin:tr_soc_top_mx/u_ctrl/eq_434_32/B[0] 	 (fanout : 1)
hpin:tr_soc_top_mx/u_ctrl/eq_435_32/B[4] 	 (fanout : 1)
hpin:tr_soc_top_mx/u_ctrl/eq_435_32/B[3] 	 (fanout : 1)
hpin:tr_soc_top_mx/u_ctrl/eq_435_32/B[2] 	 (fanout : 1)
hpin:tr_soc_top_mx/u_ctrl/eq_435_32/B[1] 	 (fanout : 1)
hpin:tr_soc_top_mx/u_ctrl/eq_435_32/B[0] 	 (fanout : 1)
hpin:tr_soc_top_mx/u_ctrl/eq_442_27/B[4] 	 (fanout : 1)
hpin:tr_soc_top_mx/u_ctrl/eq_442_27/B[3] 	 (fanout : 1)
hpin:tr_soc_top_mx/u_ctrl/eq_442_27/B[2] 	 (fanout : 1)
hpin:tr_soc_top_mx/u_ctrl/eq_442_27/B[1] 	 (fanout : 1)
hpin:tr_soc_top_mx/u_ctrl/eq_442_27/B[0] 	 (fanout : 1)
hpin:tr_soc_top_mx/u_ctrl/eq_443_32/B[4] 	 (fanout : 1)
hpin:tr_soc_top_mx/u_ctrl/eq_443_32/B[3] 	 (fanout : 1)
hpin:tr_soc_top_mx/u_ctrl/eq_443_32/B[2] 	 (fanout : 1)
hpin:tr_soc_top_mx/u_ctrl/eq_443_32/B[1] 	 (fanout : 1)
hpin:tr_soc_top_mx/u_ctrl/eq_443_32/B[0] 	 (fanout : 1)
hpin:tr_soc_top_mx/u_ctrl/eq_451_27/B[4] 	 (fanout : 1)
hpin:tr_soc_top_mx/u_ctrl/eq_451_27/B[3] 	 (fanout : 1)
hpin:tr_soc_top_mx/u_ctrl/eq_451_27/B[2] 	 (fanout : 1)
hpin:tr_soc_top_mx/u_ctrl/eq_451_27/B[1] 	 (fanout : 1)
hpin:tr_soc_top_mx/u_ctrl/eq_451_27/B[0] 	 (fanout : 1)
hpin:tr_soc_top_mx/u_ctrl/eq_452_32/B[4] 	 (fanout : 1)
hpin:tr_soc_top_mx/u_ctrl/eq_452_32/B[3] 	 (fanout : 1)
hpin:tr_soc_top_mx/u_ctrl/eq_452_32/B[2] 	 (fanout : 1)
hpin:tr_soc_top_mx/u_ctrl/eq_452_32/B[1] 	 (fanout : 1)
hpin:tr_soc_top_mx/u_ctrl/eq_452_32/B[0] 	 (fanout : 1)
hpin:tr_soc_top_mx/u_ctrl/eq_492_27/B[4] 	 (fanout : 1)
hpin:tr_soc_top_mx/u_ctrl/eq_492_27/B[3] 	 (fanout : 1)
hpin:tr_soc_top_mx/u_ctrl/eq_492_27/B[2] 	 (fanout : 1)
hpin:tr_soc_top_mx/u_ctrl/eq_492_27/B[1] 	 (fanout : 1)
hpin:tr_soc_top_mx/u_ctrl/eq_492_27/B[0] 	 (fanout : 1)
hpin:tr_soc_top_mx/u_ctrl/eq_493_32/B[5] 	 (fanout : 1)
hpin:tr_soc_top_mx/u_ctrl/eq_493_32/B[4] 	 (fanout : 1)
hpin:tr_soc_top_mx/u_ctrl/eq_493_32/B[3] 	 (fanout : 1)
hpin:tr_soc_top_mx/u_ctrl/eq_493_32/B[2] 	 (fanout : 1)
hpin:tr_soc_top_mx/u_ctrl/eq_493_32/B[1] 	 (fanout : 1)
hpin:tr_soc_top_mx/u_ctrl/eq_493_32/B[0] 	 (fanout : 1)
hpin:tr_soc_top_mx/u_ctrl/eq_494_32/B[5] 	 (fanout : 1)
hpin:tr_soc_top_mx/u_ctrl/eq_494_32/B[4] 	 (fanout : 1)
hpin:tr_soc_top_mx/u_ctrl/eq_494_32/B[3] 	 (fanout : 1)
hpin:tr_soc_top_mx/u_ctrl/eq_494_32/B[2] 	 (fanout : 1)
hpin:tr_soc_top_mx/u_ctrl/eq_494_32/B[1] 	 (fanout : 1)
hpin:tr_soc_top_mx/u_ctrl/eq_494_32/B[0] 	 (fanout : 1)
hpin:tr_soc_top_mx/u_ctrl/eq_504_27/B[5] 	 (fanout : 1)
hpin:tr_soc_top_mx/u_ctrl/eq_504_27/B[4] 	 (fanout : 1)
hpin:tr_soc_top_mx/u_ctrl/eq_504_27/B[3] 	 (fanout : 1)
hpin:tr_soc_top_mx/u_ctrl/eq_504_27/B[2] 	 (fanout : 1)
hpin:tr_soc_top_mx/u_ctrl/eq_504_27/B[1] 	 (fanout : 1)
hpin:tr_soc_top_mx/u_ctrl/eq_504_27/B[0] 	 (fanout : 1)
hpin:tr_soc_top_mx/u_ctrl/eq_505_32/B[5] 	 (fanout : 1)
hpin:tr_soc_top_mx/u_ctrl/eq_505_32/B[4] 	 (fanout : 1)
hpin:tr_soc_top_mx/u_ctrl/eq_505_32/B[3] 	 (fanout : 1)
hpin:tr_soc_top_mx/u_ctrl/eq_505_32/B[2] 	 (fanout : 1)
hpin:tr_soc_top_mx/u_ctrl/eq_505_32/B[1] 	 (fanout : 1)
hpin:tr_soc_top_mx/u_ctrl/eq_505_32/B[0] 	 (fanout : 1)
hpin:tr_soc_top_mx/u_ctrl/add_482_53/B[5] 	 (fanout : 21)
hpin:tr_soc_top_mx/u_ctrl/add_482_53/B[4] 	 (fanout : 2)
hpin:tr_soc_top_mx/u_ctrl/add_482_53/B[3] 	 (fanout : 2)
hpin:tr_soc_top_mx/u_ctrl/add_482_53/B[2] 	 (fanout : 2)
hpin:tr_soc_top_mx/u_ctrl/add_482_53/B[1] 	 (fanout : 2)
hpin:tr_soc_top_mx/u_ctrl/add_482_53/B[0] 	 (fanout : 2)
hpin:tr_soc_top_mx/u_ctrl/neq_483_94/B 	 (fanout : 1)
hpin:tr_soc_top_mx/u_ctrl/minus_484_72/A 	 (fanout : 30)
hpin:tr_soc_top_mx/u_ctrl/eq_114_23/B[2] 	 (fanout : 1)
hpin:tr_soc_top_mx/u_ctrl/eq_114_23/B[1] 	 (fanout : 1)
hpin:tr_soc_top_mx/u_ctrl/eq_114_23/B[0] 	 (fanout : 1)
hpin:tr_soc_top_mx/u_ctrl/ctl_337_33/in_0 	 (fanout : 4)
hpin:tr_soc_top_mx/u_ctrl/mux_next_state_337_33/in_0[5] 	 (fanout : 1)
hpin:tr_soc_top_mx/u_ctrl/mux_next_state_337_33/in_0[4] 	 (fanout : 1)
hpin:tr_soc_top_mx/u_ctrl/mux_next_state_337_33/in_0[3] 	 (fanout : 1)
hpin:tr_soc_top_mx/u_ctrl/mux_next_state_337_33/in_0[2] 	 (fanout : 1)
hpin:tr_soc_top_mx/u_ctrl/mux_next_state_337_33/in_0[1] 	 (fanout : 1)
hpin:tr_soc_top_mx/u_ctrl/mux_next_state_337_33/in_0[0] 	 (fanout : 1)
hpin:tr_soc_top_mx/u_ctrl/mux_next_state_337_33/in_1[5] 	 (fanout : 1)
hpin:tr_soc_top_mx/u_ctrl/mux_next_state_337_33/in_1[4] 	 (fanout : 1)
hpin:tr_soc_top_mx/u_ctrl/mux_next_state_337_33/in_1[3] 	 (fanout : 1)
hpin:tr_soc_top_mx/u_ctrl/mux_next_state_337_33/in_1[2] 	 (fanout : 1)
hpin:tr_soc_top_mx/u_ctrl/mux_next_state_337_33/in_1[1] 	 (fanout : 1)
hpin:tr_soc_top_mx/u_ctrl/mux_next_state_337_33/in_1[0] 	 (fanout : 1)
hpin:tr_soc_top_mx/u_ctrl/mux_next_state_337_33/in_2[5] 	 (fanout : 1)
hpin:tr_soc_top_mx/u_ctrl/mux_next_state_337_33/in_2[4] 	 (fanout : 1)
hpin:tr_soc_top_mx/u_ctrl/mux_next_state_337_33/in_2[3] 	 (fanout : 1)
hpin:tr_soc_top_mx/u_ctrl/mux_next_state_337_33/in_2[2] 	 (fanout : 1)
hpin:tr_soc_top_mx/u_ctrl/mux_next_state_337_33/in_2[1] 	 (fanout : 1)
hpin:tr_soc_top_mx/u_ctrl/mux_next_state_337_33/in_2[0] 	 (fanout : 1)
hpin:tr_soc_top_mx/u_ctrl/mux_next_state_337_33/in_3[5] 	 (fanout : 1)
hpin:tr_soc_top_mx/u_ctrl/mux_next_state_337_33/in_3[4] 	 (fanout : 1)
hpin:tr_soc_top_mx/u_ctrl/mux_next_state_337_33/in_3[3] 	 (fanout : 1)
hpin:tr_soc_top_mx/u_ctrl/mux_next_state_337_33/in_3[2] 	 (fanout : 1)
hpin:tr_soc_top_mx/u_ctrl/mux_next_state_337_33/in_3[1] 	 (fanout : 1)
hpin:tr_soc_top_mx/u_ctrl/mux_next_state_337_33/in_3[0] 	 (fanout : 1)
hpin:tr_soc_top_mx/u_ctrl/mux_next_state_346_21/in_1[5] 	 (fanout : 1)
hpin:tr_soc_top_mx/u_ctrl/mux_next_state_346_21/in_1[4] 	 (fanout : 1)
hpin:tr_soc_top_mx/u_ctrl/mux_next_state_346_21/in_1[3] 	 (fanout : 1)
hpin:tr_soc_top_mx/u_ctrl/mux_next_state_346_21/in_1[2] 	 (fanout : 1)
hpin:tr_soc_top_mx/u_ctrl/mux_next_state_346_21/in_1[1] 	 (fanout : 1)
hpin:tr_soc_top_mx/u_ctrl/mux_next_state_346_21/in_1[0] 	 (fanout : 1)
hpin:tr_soc_top_mx/u_ctrl/mux_next_state_360_47/in_1[5] 	 (fanout : 1)
hpin:tr_soc_top_mx/u_ctrl/mux_next_state_360_47/in_1[4] 	 (fanout : 1)
hpin:tr_soc_top_mx/u_ctrl/mux_next_state_360_47/in_1[3] 	 (fanout : 1)
hpin:tr_soc_top_mx/u_ctrl/mux_next_state_360_47/in_1[2] 	 (fanout : 1)
hpin:tr_soc_top_mx/u_ctrl/mux_next_state_360_47/in_1[1] 	 (fanout : 1)
hpin:tr_soc_top_mx/u_ctrl/mux_next_state_360_47/in_1[0] 	 (fanout : 1)
hpin:tr_soc_top_mx/u_ctrl/mux_next_state_359_43/in_1[5] 	 (fanout : 1)
hpin:tr_soc_top_mx/u_ctrl/mux_next_state_359_43/in_1[4] 	 (fanout : 1)
hpin:tr_soc_top_mx/u_ctrl/mux_next_state_359_43/in_1[3] 	 (fanout : 1)
hpin:tr_soc_top_mx/u_ctrl/mux_next_state_359_43/in_1[2] 	 (fanout : 1)
hpin:tr_soc_top_mx/u_ctrl/mux_next_state_359_43/in_1[1] 	 (fanout : 1)
hpin:tr_soc_top_mx/u_ctrl/mux_next_state_359_43/in_1[0] 	 (fanout : 1)
hpin:tr_soc_top_mx/u_ctrl/mux_next_state_358_27/in_1[5] 	 (fanout : 1)
hpin:tr_soc_top_mx/u_ctrl/mux_next_state_358_27/in_1[4] 	 (fanout : 1)
hpin:tr_soc_top_mx/u_ctrl/mux_next_state_358_27/in_1[3] 	 (fanout : 1)
hpin:tr_soc_top_mx/u_ctrl/mux_next_state_358_27/in_1[2] 	 (fanout : 1)
hpin:tr_soc_top_mx/u_ctrl/mux_next_state_358_27/in_1[1] 	 (fanout : 1)
hpin:tr_soc_top_mx/u_ctrl/mux_next_state_358_27/in_1[0] 	 (fanout : 1)
hpin:tr_soc_top_mx/u_ctrl/mux_next_state_376_47/in_1[5] 	 (fanout : 1)
hpin:tr_soc_top_mx/u_ctrl/mux_next_state_376_47/in_1[4] 	 (fanout : 1)
hpin:tr_soc_top_mx/u_ctrl/mux_next_state_376_47/in_1[3] 	 (fanout : 1)
hpin:tr_soc_top_mx/u_ctrl/mux_next_state_376_47/in_1[2] 	 (fanout : 1)
hpin:tr_soc_top_mx/u_ctrl/mux_next_state_376_47/in_1[1] 	 (fanout : 1)
hpin:tr_soc_top_mx/u_ctrl/mux_next_state_376_47/in_1[0] 	 (fanout : 1)
hpin:tr_soc_top_mx/u_ctrl/mux_next_state_375_43/in_1[5] 	 (fanout : 1)
hpin:tr_soc_top_mx/u_ctrl/mux_next_state_375_43/in_1[4] 	 (fanout : 1)
hpin:tr_soc_top_mx/u_ctrl/mux_next_state_375_43/in_1[3] 	 (fanout : 1)
hpin:tr_soc_top_mx/u_ctrl/mux_next_state_375_43/in_1[2] 	 (fanout : 1)
hpin:tr_soc_top_mx/u_ctrl/mux_next_state_375_43/in_1[1] 	 (fanout : 1)
hpin:tr_soc_top_mx/u_ctrl/mux_next_state_375_43/in_1[0] 	 (fanout : 1)
hpin:tr_soc_top_mx/u_ctrl/mux_next_state_374_27/in_1[5] 	 (fanout : 1)
hpin:tr_soc_top_mx/u_ctrl/mux_next_state_374_27/in_1[4] 	 (fanout : 1)
hpin:tr_soc_top_mx/u_ctrl/mux_next_state_374_27/in_1[3] 	 (fanout : 1)
hpin:tr_soc_top_mx/u_ctrl/mux_next_state_374_27/in_1[2] 	 (fanout : 1)
hpin:tr_soc_top_mx/u_ctrl/mux_next_state_374_27/in_1[1] 	 (fanout : 1)
hpin:tr_soc_top_mx/u_ctrl/mux_next_state_374_27/in_1[0] 	 (fanout : 1)
hpin:tr_soc_top_mx/u_ctrl/ctl_389_27/in_0 	 (fanout : 2)
hpin:tr_soc_top_mx/u_ctrl/mux_next_state_389_27/in_0[5] 	 (fanout : 1)
hpin:tr_soc_top_mx/u_ctrl/mux_next_state_389_27/in_0[4] 	 (fanout : 1)
hpin:tr_soc_top_mx/u_ctrl/mux_next_state_389_27/in_0[3] 	 (fanout : 1)
hpin:tr_soc_top_mx/u_ctrl/mux_next_state_389_27/in_0[2] 	 (fanout : 1)
hpin:tr_soc_top_mx/u_ctrl/mux_next_state_389_27/in_0[1] 	 (fanout : 1)
hpin:tr_soc_top_mx/u_ctrl/mux_next_state_389_27/in_0[0] 	 (fanout : 1)
hpin:tr_soc_top_mx/u_ctrl/mux_next_state_389_27/in_1[5] 	 (fanout : 1)
hpin:tr_soc_top_mx/u_ctrl/mux_next_state_389_27/in_1[4] 	 (fanout : 1)
hpin:tr_soc_top_mx/u_ctrl/mux_next_state_389_27/in_1[3] 	 (fanout : 1)
hpin:tr_soc_top_mx/u_ctrl/mux_next_state_389_27/in_1[2] 	 (fanout : 1)
hpin:tr_soc_top_mx/u_ctrl/mux_next_state_389_27/in_1[1] 	 (fanout : 1)
hpin:tr_soc_top_mx/u_ctrl/mux_next_state_389_27/in_1[0] 	 (fanout : 1)
hpin:tr_soc_top_mx/u_ctrl/mux_next_state_396_27/in_0[5] 	 (fanout : 1)
hpin:tr_soc_top_mx/u_ctrl/mux_next_state_396_27/in_0[4] 	 (fanout : 1)
hpin:tr_soc_top_mx/u_ctrl/mux_next_state_396_27/in_0[3] 	 (fanout : 1)
hpin:tr_soc_top_mx/u_ctrl/mux_next_state_396_27/in_0[2] 	 (fanout : 1)
hpin:tr_soc_top_mx/u_ctrl/mux_next_state_396_27/in_0[1] 	 (fanout : 1)
hpin:tr_soc_top_mx/u_ctrl/mux_next_state_396_27/in_0[0] 	 (fanout : 1)
hpin:tr_soc_top_mx/u_ctrl/mux_next_state_396_27/in_1[5] 	 (fanout : 1)
hpin:tr_soc_top_mx/u_ctrl/mux_next_state_396_27/in_1[4] 	 (fanout : 1)
hpin:tr_soc_top_mx/u_ctrl/mux_next_state_396_27/in_1[3] 	 (fanout : 1)
hpin:tr_soc_top_mx/u_ctrl/mux_next_state_396_27/in_1[2] 	 (fanout : 1)
hpin:tr_soc_top_mx/u_ctrl/mux_next_state_396_27/in_1[1] 	 (fanout : 1)
hpin:tr_soc_top_mx/u_ctrl/mux_next_state_396_27/in_1[0] 	 (fanout : 1)
hpin:tr_soc_top_mx/u_ctrl/mux_next_state_396_27/in_2[5] 	 (fanout : 1)
hpin:tr_soc_top_mx/u_ctrl/mux_next_state_396_27/in_2[4] 	 (fanout : 1)
hpin:tr_soc_top_mx/u_ctrl/mux_next_state_396_27/in_2[3] 	 (fanout : 1)
hpin:tr_soc_top_mx/u_ctrl/mux_next_state_396_27/in_2[2] 	 (fanout : 1)
hpin:tr_soc_top_mx/u_ctrl/mux_next_state_396_27/in_2[1] 	 (fanout : 1)
hpin:tr_soc_top_mx/u_ctrl/mux_next_state_396_27/in_2[0] 	 (fanout : 1)
hpin:tr_soc_top_mx/u_ctrl/mux_next_state_396_27/in_3[5] 	 (fanout : 1)
hpin:tr_soc_top_mx/u_ctrl/mux_next_state_396_27/in_3[4] 	 (fanout : 1)
hpin:tr_soc_top_mx/u_ctrl/mux_next_state_396_27/in_3[3] 	 (fanout : 1)
hpin:tr_soc_top_mx/u_ctrl/mux_next_state_396_27/in_3[2] 	 (fanout : 1)
hpin:tr_soc_top_mx/u_ctrl/mux_next_state_396_27/in_3[1] 	 (fanout : 1)
hpin:tr_soc_top_mx/u_ctrl/mux_next_state_396_27/in_3[0] 	 (fanout : 1)
hpin:tr_soc_top_mx/u_ctrl/mux_next_state_396_27/in_4[5] 	 (fanout : 1)
hpin:tr_soc_top_mx/u_ctrl/mux_next_state_396_86/in_1[5] 	 (fanout : 1)
hpin:tr_soc_top_mx/u_ctrl/mux_next_state_412_44/in_1[5] 	 (fanout : 1)
hpin:tr_soc_top_mx/u_ctrl/mux_next_state_412_44/in_1[4] 	 (fanout : 1)
hpin:tr_soc_top_mx/u_ctrl/mux_next_state_412_44/in_1[3] 	 (fanout : 1)
hpin:tr_soc_top_mx/u_ctrl/mux_next_state_412_44/in_1[2] 	 (fanout : 1)
hpin:tr_soc_top_mx/u_ctrl/mux_next_state_412_44/in_1[1] 	 (fanout : 1)
hpin:tr_soc_top_mx/u_ctrl/mux_next_state_412_44/in_1[0] 	 (fanout : 1)
hpin:tr_soc_top_mx/u_ctrl/mux_next_state_411_44/in_1[5] 	 (fanout : 1)
hpin:tr_soc_top_mx/u_ctrl/mux_next_state_411_44/in_1[4] 	 (fanout : 1)
hpin:tr_soc_top_mx/u_ctrl/mux_next_state_411_44/in_1[3] 	 (fanout : 1)
hpin:tr_soc_top_mx/u_ctrl/mux_next_state_411_44/in_1[2] 	 (fanout : 1)
hpin:tr_soc_top_mx/u_ctrl/mux_next_state_411_44/in_1[1] 	 (fanout : 1)
hpin:tr_soc_top_mx/u_ctrl/mux_next_state_411_44/in_1[0] 	 (fanout : 1)
hpin:tr_soc_top_mx/u_ctrl/mux_next_state_410_27/in_1[5] 	 (fanout : 1)
hpin:tr_soc_top_mx/u_ctrl/mux_next_state_410_27/in_1[4] 	 (fanout : 1)
hpin:tr_soc_top_mx/u_ctrl/mux_next_state_410_27/in_1[3] 	 (fanout : 1)
hpin:tr_soc_top_mx/u_ctrl/mux_next_state_410_27/in_1[2] 	 (fanout : 1)
hpin:tr_soc_top_mx/u_ctrl/mux_next_state_410_27/in_1[1] 	 (fanout : 1)
hpin:tr_soc_top_mx/u_ctrl/mux_next_state_410_27/in_1[0] 	 (fanout : 1)
hpin:tr_soc_top_mx/u_ctrl/ctl_420_27/in_0 	 (fanout : 2)
hpin:tr_soc_top_mx/u_ctrl/mux_next_state_420_27/in_0[5] 	 (fanout : 1)
hpin:tr_soc_top_mx/u_ctrl/mux_next_state_420_27/in_0[4] 	 (fanout : 1)
hpin:tr_soc_top_mx/u_ctrl/mux_next_state_420_27/in_0[3] 	 (fanout : 1)
hpin:tr_soc_top_mx/u_ctrl/mux_next_state_420_27/in_0[2] 	 (fanout : 1)
hpin:tr_soc_top_mx/u_ctrl/mux_next_state_420_27/in_0[1] 	 (fanout : 1)
hpin:tr_soc_top_mx/u_ctrl/mux_next_state_420_27/in_0[0] 	 (fanout : 1)
hpin:tr_soc_top_mx/u_ctrl/mux_next_state_420_27/in_1[5] 	 (fanout : 1)
hpin:tr_soc_top_mx/u_ctrl/mux_next_state_420_27/in_1[4] 	 (fanout : 1)
hpin:tr_soc_top_mx/u_ctrl/mux_next_state_420_27/in_1[3] 	 (fanout : 1)
hpin:tr_soc_top_mx/u_ctrl/mux_next_state_420_27/in_1[2] 	 (fanout : 1)
hpin:tr_soc_top_mx/u_ctrl/mux_next_state_420_27/in_1[1] 	 (fanout : 1)
hpin:tr_soc_top_mx/u_ctrl/mux_next_state_420_27/in_1[0] 	 (fanout : 1)
hpin:tr_soc_top_mx/u_ctrl/mux_next_state_435_47/in_1[5] 	 (fanout : 1)
hpin:tr_soc_top_mx/u_ctrl/mux_next_state_435_47/in_1[4] 	 (fanout : 1)
hpin:tr_soc_top_mx/u_ctrl/mux_next_state_435_47/in_1[3] 	 (fanout : 1)
hpin:tr_soc_top_mx/u_ctrl/mux_next_state_435_47/in_1[2] 	 (fanout : 1)
hpin:tr_soc_top_mx/u_ctrl/mux_next_state_435_47/in_1[1] 	 (fanout : 1)
hpin:tr_soc_top_mx/u_ctrl/mux_next_state_435_47/in_1[0] 	 (fanout : 1)
hpin:tr_soc_top_mx/u_ctrl/mux_next_state_434_43/in_1[5] 	 (fanout : 1)
hpin:tr_soc_top_mx/u_ctrl/mux_next_state_434_43/in_1[4] 	 (fanout : 1)
hpin:tr_soc_top_mx/u_ctrl/mux_next_state_434_43/in_1[3] 	 (fanout : 1)
hpin:tr_soc_top_mx/u_ctrl/mux_next_state_434_43/in_1[2] 	 (fanout : 1)
hpin:tr_soc_top_mx/u_ctrl/mux_next_state_434_43/in_1[1] 	 (fanout : 1)
hpin:tr_soc_top_mx/u_ctrl/mux_next_state_434_43/in_1[0] 	 (fanout : 1)
hpin:tr_soc_top_mx/u_ctrl/mux_next_state_433_27/in_1[5] 	 (fanout : 1)
hpin:tr_soc_top_mx/u_ctrl/mux_next_state_433_27/in_1[4] 	 (fanout : 1)
hpin:tr_soc_top_mx/u_ctrl/mux_next_state_433_27/in_1[3] 	 (fanout : 1)
hpin:tr_soc_top_mx/u_ctrl/mux_next_state_433_27/in_1[2] 	 (fanout : 1)
hpin:tr_soc_top_mx/u_ctrl/mux_next_state_433_27/in_1[1] 	 (fanout : 1)
hpin:tr_soc_top_mx/u_ctrl/mux_next_state_433_27/in_1[0] 	 (fanout : 1)
hpin:tr_soc_top_mx/u_ctrl/ctl_442_27/in_0 	 (fanout : 2)
hpin:tr_soc_top_mx/u_ctrl/mux_next_state_442_27/in_0[5] 	 (fanout : 1)
hpin:tr_soc_top_mx/u_ctrl/mux_next_state_442_27/in_0[4] 	 (fanout : 1)
hpin:tr_soc_top_mx/u_ctrl/mux_next_state_442_27/in_0[3] 	 (fanout : 1)
hpin:tr_soc_top_mx/u_ctrl/mux_next_state_442_27/in_0[2] 	 (fanout : 1)
hpin:tr_soc_top_mx/u_ctrl/mux_next_state_442_27/in_0[1] 	 (fanout : 1)
hpin:tr_soc_top_mx/u_ctrl/mux_next_state_442_27/in_0[0] 	 (fanout : 1)
hpin:tr_soc_top_mx/u_ctrl/mux_next_state_442_27/in_1[5] 	 (fanout : 1)
hpin:tr_soc_top_mx/u_ctrl/mux_next_state_442_27/in_1[4] 	 (fanout : 1)
hpin:tr_soc_top_mx/u_ctrl/mux_next_state_442_27/in_1[3] 	 (fanout : 1)
hpin:tr_soc_top_mx/u_ctrl/mux_next_state_442_27/in_1[2] 	 (fanout : 1)
hpin:tr_soc_top_mx/u_ctrl/mux_next_state_442_27/in_1[1] 	 (fanout : 1)
hpin:tr_soc_top_mx/u_ctrl/mux_next_state_442_27/in_1[0] 	 (fanout : 1)
hpin:tr_soc_top_mx/u_ctrl/ctl_451_27/in_0 	 (fanout : 2)
hpin:tr_soc_top_mx/u_ctrl/mux_next_state_451_27/in_0[5] 	 (fanout : 1)
hpin:tr_soc_top_mx/u_ctrl/mux_next_state_451_27/in_0[4] 	 (fanout : 1)
hpin:tr_soc_top_mx/u_ctrl/mux_next_state_451_27/in_0[3] 	 (fanout : 1)
hpin:tr_soc_top_mx/u_ctrl/mux_next_state_451_27/in_0[2] 	 (fanout : 1)
hpin:tr_soc_top_mx/u_ctrl/mux_next_state_451_27/in_0[1] 	 (fanout : 1)
hpin:tr_soc_top_mx/u_ctrl/mux_next_state_451_27/in_0[0] 	 (fanout : 1)
hpin:tr_soc_top_mx/u_ctrl/mux_next_state_451_27/in_1[5] 	 (fanout : 1)
hpin:tr_soc_top_mx/u_ctrl/mux_next_state_451_27/in_1[4] 	 (fanout : 1)
hpin:tr_soc_top_mx/u_ctrl/mux_next_state_451_27/in_1[3] 	 (fanout : 1)
hpin:tr_soc_top_mx/u_ctrl/mux_next_state_451_27/in_1[2] 	 (fanout : 1)
hpin:tr_soc_top_mx/u_ctrl/mux_next_state_451_27/in_1[1] 	 (fanout : 1)
hpin:tr_soc_top_mx/u_ctrl/mux_next_state_451_27/in_1[0] 	 (fanout : 1)
hpin:tr_soc_top_mx/u_ctrl/mux_next_state_494_47/in_1[5] 	 (fanout : 1)
hpin:tr_soc_top_mx/u_ctrl/mux_next_state_494_47/in_1[4] 	 (fanout : 1)
hpin:tr_soc_top_mx/u_ctrl/mux_next_state_494_47/in_1[3] 	 (fanout : 1)
hpin:tr_soc_top_mx/u_ctrl/mux_next_state_494_47/in_1[2] 	 (fanout : 1)
hpin:tr_soc_top_mx/u_ctrl/mux_next_state_494_47/in_1[1] 	 (fanout : 1)
hpin:tr_soc_top_mx/u_ctrl/mux_next_state_494_47/in_1[0] 	 (fanout : 1)
hpin:tr_soc_top_mx/u_ctrl/mux_next_state_493_43/in_1[5] 	 (fanout : 1)
hpin:tr_soc_top_mx/u_ctrl/mux_next_state_493_43/in_1[4] 	 (fanout : 1)
hpin:tr_soc_top_mx/u_ctrl/mux_next_state_493_43/in_1[3] 	 (fanout : 1)
hpin:tr_soc_top_mx/u_ctrl/mux_next_state_493_43/in_1[2] 	 (fanout : 1)
hpin:tr_soc_top_mx/u_ctrl/mux_next_state_493_43/in_1[1] 	 (fanout : 1)
hpin:tr_soc_top_mx/u_ctrl/mux_next_state_493_43/in_1[0] 	 (fanout : 1)
hpin:tr_soc_top_mx/u_ctrl/mux_next_state_492_27/in_1[5] 	 (fanout : 1)
hpin:tr_soc_top_mx/u_ctrl/mux_next_state_492_27/in_1[4] 	 (fanout : 1)
hpin:tr_soc_top_mx/u_ctrl/mux_next_state_492_27/in_1[3] 	 (fanout : 1)
hpin:tr_soc_top_mx/u_ctrl/mux_next_state_492_27/in_1[2] 	 (fanout : 1)
hpin:tr_soc_top_mx/u_ctrl/mux_next_state_492_27/in_1[1] 	 (fanout : 1)
hpin:tr_soc_top_mx/u_ctrl/mux_next_state_492_27/in_1[0] 	 (fanout : 1)
hpin:tr_soc_top_mx/u_ctrl/ctl_504_27/in_0 	 (fanout : 2)
hpin:tr_soc_top_mx/u_ctrl/mux_next_state_504_27/in_0[5] 	 (fanout : 1)
hpin:tr_soc_top_mx/u_ctrl/mux_next_state_504_27/in_0[4] 	 (fanout : 1)
hpin:tr_soc_top_mx/u_ctrl/mux_next_state_504_27/in_0[3] 	 (fanout : 1)
hpin:tr_soc_top_mx/u_ctrl/mux_next_state_504_27/in_0[2] 	 (fanout : 1)
hpin:tr_soc_top_mx/u_ctrl/mux_next_state_504_27/in_0[1] 	 (fanout : 1)
hpin:tr_soc_top_mx/u_ctrl/mux_next_state_504_27/in_0[0] 	 (fanout : 1)
hpin:tr_soc_top_mx/u_ctrl/mux_next_state_504_27/in_1[5] 	 (fanout : 1)
hpin:tr_soc_top_mx/u_ctrl/mux_next_state_504_27/in_1[4] 	 (fanout : 1)
hpin:tr_soc_top_mx/u_ctrl/mux_next_state_504_27/in_1[3] 	 (fanout : 1)
hpin:tr_soc_top_mx/u_ctrl/mux_next_state_504_27/in_1[2] 	 (fanout : 1)
hpin:tr_soc_top_mx/u_ctrl/mux_next_state_504_27/in_1[1] 	 (fanout : 1)
hpin:tr_soc_top_mx/u_ctrl/mux_next_state_504_27/in_1[0] 	 (fanout : 1)
hpin:tr_soc_top_mx/u_ctrl/mux_nxt_latch_log_420_27/in_0 	 (fanout : 1)
hpin:tr_soc_top_mx/u_ctrl/mux_nxt_latch_log_420_27/in_1 	 (fanout : 1)
hpin:tr_soc_top_mx/u_ctrl/mux_nxt_latch_log_420_27/in_2 	 (fanout : 1)
hpin:tr_soc_top_mx/u_ctrl/mux_nxt_latch_log_451_27/in_0 	 (fanout : 1)
hpin:tr_soc_top_mx/u_ctrl/mux_nxt_latch_log_451_27/in_1 	 (fanout : 1)
hpin:tr_soc_top_mx/u_ctrl/mux_nxt_latch_log_451_27/in_2 	 (fanout : 1)
hpin:tr_soc_top_mx/u_ctrl/mux_nxt_latch_log_331_15/in_2 	 (fanout : 1)
hpin:tr_soc_top_mx/u_ctrl/mux_nxt_rm_offset_was_positive_331_15/in_1 	 (fanout : 1)
hpin:tr_soc_top_mx/u_ctrl/mux_nxt_latch_max_396_27/in_0 	 (fanout : 1)
hpin:tr_soc_top_mx/u_ctrl/mux_nxt_latch_max_396_27/in_1 	 (fanout : 1)
hpin:tr_soc_top_mx/u_ctrl/mux_nxt_latch_max_396_27/in_2 	 (fanout : 1)
hpin:tr_soc_top_mx/u_ctrl/mux_nxt_latch_max_396_27/in_3 	 (fanout : 1)
hpin:tr_soc_top_mx/u_ctrl/mux_nxt_latch_max_396_27/in_4 	 (fanout : 1)
hpin:tr_soc_top_mx/u_ctrl/mux_nxt_latch_max_331_15/in_1 	 (fanout : 1)
hpin:tr_soc_top_mx/u_ctrl/mux_nxt_write_scratch_b_376_47/in_0 	 (fanout : 1)
hpin:tr_soc_top_mx/u_ctrl/mux_nxt_write_scratch_b_376_47/in_1 	 (fanout : 1)
hpin:tr_soc_top_mx/u_ctrl/mux_nxt_write_scratch_b_375_43/in_1 	 (fanout : 1)
hpin:tr_soc_top_mx/u_ctrl/mux_nxt_write_scratch_b_374_27/in_1 	 (fanout : 1)
hpin:tr_soc_top_mx/u_ctrl/mux_nxt_write_scratch_b_494_47/in_0 	 (fanout : 1)
hpin:tr_soc_top_mx/u_ctrl/mux_nxt_write_scratch_b_494_47/in_1 	 (fanout : 1)
hpin:tr_soc_top_mx/u_ctrl/mux_nxt_write_scratch_b_493_43/in_1 	 (fanout : 1)
hpin:tr_soc_top_mx/u_ctrl/mux_nxt_write_scratch_b_492_27/in_1 	 (fanout : 1)
hpin:tr_soc_top_mx/u_ctrl/mux_nxt_write_scratch_b_331_15/in_2 	 (fanout : 1)
hpin:tr_soc_top_mx/u_ctrl/mux_nxt_write_scratch_a_360_47/in_0 	 (fanout : 1)
hpin:tr_soc_top_mx/u_ctrl/mux_nxt_write_scratch_a_360_47/in_1 	 (fanout : 1)
hpin:tr_soc_top_mx/u_ctrl/mux_nxt_write_scratch_a_359_43/in_1 	 (fanout : 1)
hpin:tr_soc_top_mx/u_ctrl/mux_nxt_write_scratch_a_358_27/in_1 	 (fanout : 1)
hpin:tr_soc_top_mx/u_ctrl/mux_nxt_write_scratch_a_331_15/in_1 	 (fanout : 1)
hpin:tr_soc_top_mx/u_ctrl/mux_cmbsop_nxt_reg_busy_331_15/in_0[28] 	 (fanout : 1)
hpin:tr_soc_top_mx/u_ctrl/mux_cmbsop_nxt_reg_busy_331_15/in_0[27] 	 (fanout : 1)
hpin:tr_soc_top_mx/u_ctrl/mux_cmbsop_nxt_reg_busy_331_15/in_0[26] 	 (fanout : 1)
hpin:tr_soc_top_mx/u_ctrl/mux_cmbsop_nxt_reg_busy_331_15/in_0[25] 	 (fanout : 1)
hpin:tr_soc_top_mx/u_ctrl/mux_cmbsop_nxt_reg_busy_331_15/in_0[24] 	 (fanout : 1)
hpin:tr_soc_top_mx/u_ctrl/mux_cmbsop_nxt_reg_busy_331_15/in_0[23] 	 (fanout : 1)
hpin:tr_soc_top_mx/u_ctrl/mux_cmbsop_nxt_reg_busy_331_15/in_0[22] 	 (fanout : 1)
hpin:tr_soc_top_mx/u_ctrl/mux_cmbsop_nxt_reg_busy_331_15/in_0[21] 	 (fanout : 1)
hpin:tr_soc_top_mx/u_ctrl/mux_cmbsop_nxt_reg_busy_331_15/in_0[20] 	 (fanout : 1)
hpin:tr_soc_top_mx/u_ctrl/mux_cmbsop_nxt_reg_busy_331_15/in_0[19] 	 (fanout : 1)
hpin:tr_soc_top_mx/u_ctrl/mux_cmbsop_nxt_reg_busy_331_15/in_0[18] 	 (fanout : 1)
hpin:tr_soc_top_mx/u_ctrl/mux_cmbsop_nxt_reg_busy_331_15/in_0[17] 	 (fanout : 1)
hpin:tr_soc_top_mx/u_ctrl/mux_cmbsop_nxt_reg_busy_331_15/in_0[16] 	 (fanout : 1)
hpin:tr_soc_top_mx/u_ctrl/mux_cmbsop_nxt_reg_busy_331_15/in_0[15] 	 (fanout : 1)
hpin:tr_soc_top_mx/u_ctrl/mux_cmbsop_nxt_reg_busy_331_15/in_0[14] 	 (fanout : 1)
hpin:tr_soc_top_mx/u_ctrl/mux_cmbsop_nxt_reg_busy_331_15/in_0[13] 	 (fanout : 1)
hpin:tr_soc_top_mx/u_ctrl/mux_cmbsop_nxt_reg_busy_331_15/in_0[12] 	 (fanout : 1)
hpin:tr_soc_top_mx/u_ctrl/mux_cmbsop_nxt_reg_busy_331_15/in_0[11] 	 (fanout : 1)
hpin:tr_soc_top_mx/u_ctrl/mux_cmbsop_nxt_reg_busy_331_15/in_0[10] 	 (fanout : 1)
hpin:tr_soc_top_mx/u_ctrl/mux_cmbsop_nxt_reg_busy_331_15/in_0[9] 	 (fanout : 1)
hpin:tr_soc_top_mx/u_ctrl/mux_cmbsop_nxt_reg_busy_331_15/in_0[8] 	 (fanout : 1)
hpin:tr_soc_top_mx/u_ctrl/mux_cmbsop_nxt_reg_busy_331_15/in_0[7] 	 (fanout : 1)
hpin:tr_soc_top_mx/u_ctrl/mux_cmbsop_nxt_reg_busy_331_15/in_0[6] 	 (fanout : 1)
hpin:tr_soc_top_mx/u_ctrl/mux_cmbsop_nxt_reg_busy_331_15/in_0[5] 	 (fanout : 1)
hpin:tr_soc_top_mx/u_ctrl/mux_cmbsop_nxt_reg_busy_331_15/in_0[4] 	 (fanout : 1)
hpin:tr_soc_top_mx/u_ctrl/mux_cmbsop_nxt_reg_busy_331_15/in_0[3] 	 (fanout : 1)
hpin:tr_soc_top_mx/u_ctrl/mux_cmbsop_nxt_reg_busy_331_15/in_0[2] 	 (fanout : 1)
hpin:tr_soc_top_mx/u_ctrl/mux_cmbsop_nxt_reg_busy_331_15/in_0[1] 	 (fanout : 1)
hpin:tr_soc_top_mx/u_ctrl/mux_cmbsop_nxt_reg_busy_331_15/in_0[0] 	 (fanout : 1)
hpin:tr_soc_top_mx/u_ctrl/mux_cmbsop_nxt_reg_busy_331_15/in_1[28] 	 (fanout : 1)
hpin:tr_soc_top_mx/u_ctrl/mux_cmbsop_nxt_reg_busy_331_15/in_1[27] 	 (fanout : 1)
hpin:tr_soc_top_mx/u_ctrl/mux_cmbsop_nxt_reg_busy_331_15/in_1[26] 	 (fanout : 1)
hpin:tr_soc_top_mx/u_ctrl/mux_cmbsop_nxt_reg_busy_331_15/in_1[25] 	 (fanout : 1)
hpin:tr_soc_top_mx/u_ctrl/mux_cmbsop_nxt_reg_busy_331_15/in_1[24] 	 (fanout : 1)
hpin:tr_soc_top_mx/u_ctrl/mux_cmbsop_nxt_reg_busy_331_15/in_1[23] 	 (fanout : 1)
hpin:tr_soc_top_mx/u_ctrl/mux_cmbsop_nxt_reg_busy_331_15/in_1[22] 	 (fanout : 1)
hpin:tr_soc_top_mx/u_ctrl/mux_cmbsop_nxt_reg_busy_331_15/in_1[21] 	 (fanout : 1)
hpin:tr_soc_top_mx/u_ctrl/mux_cmbsop_nxt_reg_busy_331_15/in_1[20] 	 (fanout : 1)
hpin:tr_soc_top_mx/u_ctrl/mux_cmbsop_nxt_reg_busy_331_15/in_1[19] 	 (fanout : 1)
hpin:tr_soc_top_mx/u_ctrl/mux_cmbsop_nxt_reg_busy_331_15/in_1[18] 	 (fanout : 1)
hpin:tr_soc_top_mx/u_ctrl/mux_cmbsop_nxt_reg_busy_331_15/in_1[17] 	 (fanout : 1)
hpin:tr_soc_top_mx/u_ctrl/mux_cmbsop_nxt_reg_busy_331_15/in_1[16] 	 (fanout : 1)
hpin:tr_soc_top_mx/u_ctrl/mux_cmbsop_nxt_reg_busy_331_15/in_1[15] 	 (fanout : 1)
hpin:tr_soc_top_mx/u_ctrl/mux_cmbsop_nxt_reg_busy_331_15/in_1[14] 	 (fanout : 1)
hpin:tr_soc_top_mx/u_ctrl/mux_cmbsop_nxt_reg_busy_331_15/in_1[13] 	 (fanout : 1)
hpin:tr_soc_top_mx/u_ctrl/mux_cmbsop_nxt_reg_busy_331_15/in_1[12] 	 (fanout : 1)
hpin:tr_soc_top_mx/u_ctrl/mux_cmbsop_nxt_reg_busy_331_15/in_1[11] 	 (fanout : 1)
hpin:tr_soc_top_mx/u_ctrl/mux_cmbsop_nxt_reg_busy_331_15/in_1[10] 	 (fanout : 1)
hpin:tr_soc_top_mx/u_ctrl/mux_cmbsop_nxt_reg_busy_331_15/in_1[9] 	 (fanout : 1)
hpin:tr_soc_top_mx/u_ctrl/mux_cmbsop_nxt_reg_busy_331_15/in_1[8] 	 (fanout : 1)
hpin:tr_soc_top_mx/u_ctrl/mux_cmbsop_nxt_reg_busy_331_15/in_1[7] 	 (fanout : 1)
hpin:tr_soc_top_mx/u_ctrl/mux_cmbsop_nxt_reg_busy_331_15/in_1[6] 	 (fanout : 1)
hpin:tr_soc_top_mx/u_ctrl/mux_cmbsop_nxt_reg_busy_331_15/in_1[5] 	 (fanout : 1)
hpin:tr_soc_top_mx/u_ctrl/mux_cmbsop_nxt_reg_busy_331_15/in_1[4] 	 (fanout : 1)
hpin:tr_soc_top_mx/u_ctrl/mux_cmbsop_nxt_reg_busy_331_15/in_1[3] 	 (fanout : 1)
hpin:tr_soc_top_mx/u_ctrl/mux_cmbsop_nxt_reg_busy_331_15/in_1[2] 	 (fanout : 1)
hpin:tr_soc_top_mx/u_ctrl/mux_cmbsop_nxt_reg_busy_331_15/in_1[1] 	 (fanout : 1)
hpin:tr_soc_top_mx/u_ctrl/mux_cmbsop_nxt_reg_busy_331_15/in_1[0] 	 (fanout : 1)
hpin:tr_soc_top_mx/u_ctrl/mux_cmbsop_nxt_reg_busy_331_15/in_2[28] 	 (fanout : 1)
hpin:tr_soc_top_mx/u_ctrl/mux_cmbsop_nxt_reg_busy_331_15/in_2[27] 	 (fanout : 1)
hpin:tr_soc_top_mx/u_ctrl/mux_cmbsop_nxt_reg_busy_331_15/in_2[26] 	 (fanout : 1)
hpin:tr_soc_top_mx/u_ctrl/mux_cmbsop_nxt_reg_busy_331_15/in_2[25] 	 (fanout : 1)
hpin:tr_soc_top_mx/u_ctrl/mux_cmbsop_nxt_reg_busy_331_15/in_2[24] 	 (fanout : 1)
hpin:tr_soc_top_mx/u_ctrl/mux_cmbsop_nxt_reg_busy_331_15/in_2[23] 	 (fanout : 1)
hpin:tr_soc_top_mx/u_ctrl/mux_cmbsop_nxt_reg_busy_331_15/in_2[22] 	 (fanout : 1)
hpin:tr_soc_top_mx/u_ctrl/mux_cmbsop_nxt_reg_busy_331_15/in_2[21] 	 (fanout : 1)
hpin:tr_soc_top_mx/u_ctrl/mux_cmbsop_nxt_reg_busy_331_15/in_2[20] 	 (fanout : 1)
hpin:tr_soc_top_mx/u_ctrl/mux_cmbsop_nxt_reg_busy_331_15/in_2[19] 	 (fanout : 1)
hpin:tr_soc_top_mx/u_ctrl/mux_cmbsop_nxt_reg_busy_331_15/in_2[18] 	 (fanout : 1)
hpin:tr_soc_top_mx/u_ctrl/mux_cmbsop_nxt_reg_busy_331_15/in_2[17] 	 (fanout : 1)
hpin:tr_soc_top_mx/u_ctrl/mux_cmbsop_nxt_reg_busy_331_15/in_2[16] 	 (fanout : 1)
hpin:tr_soc_top_mx/u_ctrl/mux_cmbsop_nxt_reg_busy_331_15/in_2[15] 	 (fanout : 1)
hpin:tr_soc_top_mx/u_ctrl/mux_cmbsop_nxt_reg_busy_331_15/in_2[14] 	 (fanout : 1)
hpin:tr_soc_top_mx/u_ctrl/mux_cmbsop_nxt_reg_busy_331_15/in_2[13] 	 (fanout : 1)
hpin:tr_soc_top_mx/u_ctrl/mux_cmbsop_nxt_reg_busy_331_15/in_2[12] 	 (fanout : 1)
hpin:tr_soc_top_mx/u_ctrl/mux_cmbsop_nxt_reg_busy_331_15/in_2[11] 	 (fanout : 1)
hpin:tr_soc_top_mx/u_ctrl/mux_cmbsop_nxt_reg_busy_331_15/in_2[10] 	 (fanout : 1)
hpin:tr_soc_top_mx/u_ctrl/mux_cmbsop_nxt_reg_busy_331_15/in_2[9] 	 (fanout : 1)
hpin:tr_soc_top_mx/u_ctrl/mux_cmbsop_nxt_reg_busy_331_15/in_2[8] 	 (fanout : 1)
hpin:tr_soc_top_mx/u_ctrl/mux_cmbsop_nxt_reg_busy_331_15/in_2[7] 	 (fanout : 1)
hpin:tr_soc_top_mx/u_ctrl/mux_cmbsop_nxt_reg_busy_331_15/in_2[6] 	 (fanout : 1)
hpin:tr_soc_top_mx/u_ctrl/mux_cmbsop_nxt_reg_busy_331_15/in_2[5] 	 (fanout : 1)
hpin:tr_soc_top_mx/u_ctrl/mux_cmbsop_nxt_reg_busy_331_15/in_2[4] 	 (fanout : 1)
hpin:tr_soc_top_mx/u_ctrl/mux_cmbsop_nxt_reg_busy_331_15/in_2[3] 	 (fanout : 1)
hpin:tr_soc_top_mx/u_ctrl/mux_cmbsop_nxt_reg_busy_331_15/in_2[2] 	 (fanout : 1)
hpin:tr_soc_top_mx/u_ctrl/mux_cmbsop_nxt_reg_busy_331_15/in_2[1] 	 (fanout : 1)
hpin:tr_soc_top_mx/u_ctrl/mux_cmbsop_nxt_reg_busy_331_15/in_2[0] 	 (fanout : 1)
hpin:tr_soc_top_mx/u_ctrl/mux_cmbsop_nxt_reg_busy_331_15/in_3[28] 	 (fanout : 1)
hpin:tr_soc_top_mx/u_ctrl/mux_cmbsop_nxt_reg_busy_331_15/in_3[27] 	 (fanout : 1)
hpin:tr_soc_top_mx/u_ctrl/mux_cmbsop_nxt_reg_busy_331_15/in_3[26] 	 (fanout : 1)
hpin:tr_soc_top_mx/u_ctrl/mux_cmbsop_nxt_reg_busy_331_15/in_3[25] 	 (fanout : 1)
hpin:tr_soc_top_mx/u_ctrl/mux_cmbsop_nxt_reg_busy_331_15/in_3[24] 	 (fanout : 1)
hpin:tr_soc_top_mx/u_ctrl/mux_cmbsop_nxt_reg_busy_331_15/in_3[23] 	 (fanout : 1)
hpin:tr_soc_top_mx/u_ctrl/mux_cmbsop_nxt_reg_busy_331_15/in_3[22] 	 (fanout : 1)
hpin:tr_soc_top_mx/u_ctrl/mux_cmbsop_nxt_reg_busy_331_15/in_3[21] 	 (fanout : 1)
hpin:tr_soc_top_mx/u_ctrl/mux_cmbsop_nxt_reg_busy_331_15/in_3[20] 	 (fanout : 1)
hpin:tr_soc_top_mx/u_ctrl/mux_cmbsop_nxt_reg_busy_331_15/in_3[19] 	 (fanout : 1)
hpin:tr_soc_top_mx/u_ctrl/mux_cmbsop_nxt_reg_busy_331_15/in_3[18] 	 (fanout : 1)
hpin:tr_soc_top_mx/u_ctrl/mux_cmbsop_nxt_reg_busy_331_15/in_3[17] 	 (fanout : 1)
hpin:tr_soc_top_mx/u_ctrl/mux_cmbsop_nxt_reg_busy_331_15/in_3[16] 	 (fanout : 1)
hpin:tr_soc_top_mx/u_ctrl/mux_cmbsop_nxt_reg_busy_331_15/in_3[15] 	 (fanout : 1)
hpin:tr_soc_top_mx/u_ctrl/mux_cmbsop_nxt_reg_busy_331_15/in_3[14] 	 (fanout : 1)
hpin:tr_soc_top_mx/u_ctrl/mux_cmbsop_nxt_reg_busy_331_15/in_3[13] 	 (fanout : 1)
hpin:tr_soc_top_mx/u_ctrl/mux_cmbsop_nxt_reg_busy_331_15/in_3[12] 	 (fanout : 1)
hpin:tr_soc_top_mx/u_ctrl/mux_cmbsop_nxt_reg_busy_331_15/in_3[11] 	 (fanout : 1)
hpin:tr_soc_top_mx/u_ctrl/mux_cmbsop_nxt_reg_busy_331_15/in_3[10] 	 (fanout : 1)
hpin:tr_soc_top_mx/u_ctrl/mux_cmbsop_nxt_reg_busy_331_15/in_3[9] 	 (fanout : 1)
hpin:tr_soc_top_mx/u_ctrl/mux_cmbsop_nxt_reg_busy_331_15/in_3[8] 	 (fanout : 1)
hpin:tr_soc_top_mx/u_ctrl/mux_cmbsop_nxt_reg_busy_331_15/in_3[7] 	 (fanout : 1)
hpin:tr_soc_top_mx/u_ctrl/mux_cmbsop_nxt_reg_busy_331_15/in_3[6] 	 (fanout : 1)
hpin:tr_soc_top_mx/u_ctrl/mux_cmbsop_nxt_reg_busy_331_15/in_3[5] 	 (fanout : 1)
hpin:tr_soc_top_mx/u_ctrl/mux_cmbsop_nxt_reg_busy_331_15/in_3[4] 	 (fanout : 1)
hpin:tr_soc_top_mx/u_ctrl/mux_cmbsop_nxt_reg_busy_331_15/in_3[3] 	 (fanout : 1)
hpin:tr_soc_top_mx/u_ctrl/mux_cmbsop_nxt_reg_busy_331_15/in_3[2] 	 (fanout : 1)
hpin:tr_soc_top_mx/u_ctrl/mux_cmbsop_nxt_reg_busy_331_15/in_3[1] 	 (fanout : 1)
hpin:tr_soc_top_mx/u_ctrl/mux_cmbsop_nxt_reg_busy_331_15/in_3[0] 	 (fanout : 1)
hpin:tr_soc_top_mx/u_ctrl/mux_cmbsop_nxt_reg_busy_331_15/in_4[28] 	 (fanout : 1)
hpin:tr_soc_top_mx/u_ctrl/mux_cmbsop_nxt_reg_busy_331_15/in_4[27] 	 (fanout : 1)
hpin:tr_soc_top_mx/u_ctrl/mux_cmbsop_nxt_reg_busy_331_15/in_4[26] 	 (fanout : 1)
hpin:tr_soc_top_mx/u_ctrl/mux_cmbsop_nxt_reg_busy_331_15/in_4[25] 	 (fanout : 1)
hpin:tr_soc_top_mx/u_ctrl/mux_cmbsop_nxt_reg_busy_331_15/in_4[24] 	 (fanout : 1)
hpin:tr_soc_top_mx/u_ctrl/mux_cmbsop_nxt_reg_busy_331_15/in_4[23] 	 (fanout : 1)
hpin:tr_soc_top_mx/u_ctrl/mux_cmbsop_nxt_reg_busy_331_15/in_4[22] 	 (fanout : 1)
hpin:tr_soc_top_mx/u_ctrl/mux_cmbsop_nxt_reg_busy_331_15/in_4[21] 	 (fanout : 1)
hpin:tr_soc_top_mx/u_ctrl/mux_cmbsop_nxt_reg_busy_331_15/in_4[20] 	 (fanout : 1)
hpin:tr_soc_top_mx/u_ctrl/mux_cmbsop_nxt_reg_busy_331_15/in_4[19] 	 (fanout : 1)
hpin:tr_soc_top_mx/u_ctrl/mux_cmbsop_nxt_reg_busy_331_15/in_4[18] 	 (fanout : 1)
hpin:tr_soc_top_mx/u_ctrl/mux_cmbsop_nxt_reg_busy_331_15/in_4[17] 	 (fanout : 1)
hpin:tr_soc_top_mx/u_ctrl/mux_cmbsop_nxt_reg_busy_331_15/in_4[16] 	 (fanout : 1)
hpin:tr_soc_top_mx/u_ctrl/mux_cmbsop_nxt_reg_busy_331_15/in_4[15] 	 (fanout : 1)
hpin:tr_soc_top_mx/u_ctrl/mux_cmbsop_nxt_reg_busy_331_15/in_4[14] 	 (fanout : 1)
hpin:tr_soc_top_mx/u_ctrl/mux_cmbsop_nxt_reg_busy_331_15/in_4[13] 	 (fanout : 1)
hpin:tr_soc_top_mx/u_ctrl/mux_cmbsop_nxt_reg_busy_331_15/in_4[12] 	 (fanout : 1)
hpin:tr_soc_top_mx/u_ctrl/mux_cmbsop_nxt_reg_busy_331_15/in_4[11] 	 (fanout : 1)
hpin:tr_soc_top_mx/u_ctrl/mux_cmbsop_nxt_reg_busy_331_15/in_4[10] 	 (fanout : 1)
hpin:tr_soc_top_mx/u_ctrl/mux_cmbsop_nxt_reg_busy_331_15/in_4[9] 	 (fanout : 1)
hpin:tr_soc_top_mx/u_ctrl/mux_cmbsop_nxt_reg_busy_331_15/in_4[8] 	 (fanout : 1)
hpin:tr_soc_top_mx/u_ctrl/mux_cmbsop_nxt_reg_busy_331_15/in_4[7] 	 (fanout : 1)
hpin:tr_soc_top_mx/u_ctrl/mux_cmbsop_nxt_reg_busy_331_15/in_4[6] 	 (fanout : 1)
hpin:tr_soc_top_mx/u_ctrl/mux_cmbsop_nxt_reg_busy_331_15/in_4[5] 	 (fanout : 1)
hpin:tr_soc_top_mx/u_ctrl/mux_cmbsop_nxt_reg_busy_331_15/in_4[4] 	 (fanout : 1)
hpin:tr_soc_top_mx/u_ctrl/mux_cmbsop_nxt_reg_busy_331_15/in_4[3] 	 (fanout : 1)
hpin:tr_soc_top_mx/u_ctrl/mux_cmbsop_nxt_reg_busy_331_15/in_4[2] 	 (fanout : 1)
hpin:tr_soc_top_mx/u_ctrl/mux_cmbsop_nxt_reg_busy_331_15/in_4[1] 	 (fanout : 1)
hpin:tr_soc_top_mx/u_ctrl/mux_cmbsop_nxt_reg_busy_331_15/in_4[0] 	 (fanout : 1)
hpin:tr_soc_top_mx/u_ctrl/mux_cmbsop_nxt_reg_busy_331_15/in_5[28] 	 (fanout : 1)
hpin:tr_soc_top_mx/u_ctrl/mux_cmbsop_nxt_reg_busy_331_15/in_5[27] 	 (fanout : 1)
hpin:tr_soc_top_mx/u_ctrl/mux_cmbsop_nxt_reg_busy_331_15/in_5[26] 	 (fanout : 1)
hpin:tr_soc_top_mx/u_ctrl/mux_cmbsop_nxt_reg_busy_331_15/in_5[25] 	 (fanout : 1)
hpin:tr_soc_top_mx/u_ctrl/mux_cmbsop_nxt_reg_busy_331_15/in_5[24] 	 (fanout : 1)
hpin:tr_soc_top_mx/u_ctrl/mux_cmbsop_nxt_reg_busy_331_15/in_5[23] 	 (fanout : 1)
hpin:tr_soc_top_mx/u_ctrl/mux_cmbsop_nxt_reg_busy_331_15/in_5[22] 	 (fanout : 1)
hpin:tr_soc_top_mx/u_ctrl/mux_cmbsop_nxt_reg_busy_331_15/in_5[21] 	 (fanout : 1)
hpin:tr_soc_top_mx/u_ctrl/mux_cmbsop_nxt_reg_busy_331_15/in_5[20] 	 (fanout : 1)
hpin:tr_soc_top_mx/u_ctrl/mux_cmbsop_nxt_reg_busy_331_15/in_5[19] 	 (fanout : 1)
hpin:tr_soc_top_mx/u_ctrl/mux_cmbsop_nxt_reg_busy_331_15/in_5[18] 	 (fanout : 1)
hpin:tr_soc_top_mx/u_ctrl/mux_cmbsop_nxt_reg_busy_331_15/in_5[17] 	 (fanout : 1)
hpin:tr_soc_top_mx/u_ctrl/mux_cmbsop_nxt_reg_busy_331_15/in_5[16] 	 (fanout : 1)
hpin:tr_soc_top_mx/u_ctrl/mux_cmbsop_nxt_reg_busy_331_15/in_5[15] 	 (fanout : 1)
hpin:tr_soc_top_mx/u_ctrl/mux_cmbsop_nxt_reg_busy_331_15/in_5[14] 	 (fanout : 1)
hpin:tr_soc_top_mx/u_ctrl/mux_cmbsop_nxt_reg_busy_331_15/in_5[13] 	 (fanout : 1)
hpin:tr_soc_top_mx/u_ctrl/mux_cmbsop_nxt_reg_busy_331_15/in_5[12] 	 (fanout : 1)
hpin:tr_soc_top_mx/u_ctrl/mux_cmbsop_nxt_reg_busy_331_15/in_5[11] 	 (fanout : 1)
hpin:tr_soc_top_mx/u_ctrl/mux_cmbsop_nxt_reg_busy_331_15/in_5[10] 	 (fanout : 1)
hpin:tr_soc_top_mx/u_ctrl/mux_cmbsop_nxt_reg_busy_331_15/in_5[9] 	 (fanout : 1)
hpin:tr_soc_top_mx/u_ctrl/mux_cmbsop_nxt_reg_busy_331_15/in_5[8] 	 (fanout : 1)
hpin:tr_soc_top_mx/u_ctrl/mux_cmbsop_nxt_reg_busy_331_15/in_5[7] 	 (fanout : 1)
hpin:tr_soc_top_mx/u_ctrl/mux_cmbsop_nxt_reg_busy_331_15/in_5[6] 	 (fanout : 1)
hpin:tr_soc_top_mx/u_ctrl/mux_cmbsop_nxt_reg_busy_331_15/in_5[5] 	 (fanout : 1)
hpin:tr_soc_top_mx/u_ctrl/mux_cmbsop_nxt_reg_busy_331_15/in_5[4] 	 (fanout : 1)
hpin:tr_soc_top_mx/u_ctrl/mux_cmbsop_nxt_reg_busy_331_15/in_5[3] 	 (fanout : 1)
hpin:tr_soc_top_mx/u_ctrl/mux_cmbsop_nxt_reg_busy_331_15/in_5[2] 	 (fanout : 1)
hpin:tr_soc_top_mx/u_ctrl/mux_cmbsop_nxt_reg_busy_331_15/in_5[1] 	 (fanout : 1)
hpin:tr_soc_top_mx/u_ctrl/mux_cmbsop_nxt_reg_busy_331_15/in_5[0] 	 (fanout : 1)
hpin:tr_soc_top_mx/u_ctrl/mux_cmbsop_nxt_reg_busy_331_15/in_6[28] 	 (fanout : 1)
hpin:tr_soc_top_mx/u_ctrl/mux_cmbsop_nxt_reg_busy_331_15/in_6[27] 	 (fanout : 1)
hpin:tr_soc_top_mx/u_ctrl/mux_cmbsop_nxt_reg_busy_331_15/in_6[26] 	 (fanout : 1)
hpin:tr_soc_top_mx/u_ctrl/mux_cmbsop_nxt_reg_busy_331_15/in_6[25] 	 (fanout : 1)
hpin:tr_soc_top_mx/u_ctrl/mux_cmbsop_nxt_reg_busy_331_15/in_6[24] 	 (fanout : 1)
hpin:tr_soc_top_mx/u_ctrl/mux_cmbsop_nxt_reg_busy_331_15/in_6[23] 	 (fanout : 1)
hpin:tr_soc_top_mx/u_ctrl/mux_cmbsop_nxt_reg_busy_331_15/in_6[22] 	 (fanout : 1)
hpin:tr_soc_top_mx/u_ctrl/mux_cmbsop_nxt_reg_busy_331_15/in_6[21] 	 (fanout : 1)
hpin:tr_soc_top_mx/u_ctrl/mux_cmbsop_nxt_reg_busy_331_15/in_6[20] 	 (fanout : 1)
hpin:tr_soc_top_mx/u_ctrl/mux_cmbsop_nxt_reg_busy_331_15/in_6[19] 	 (fanout : 1)
hpin:tr_soc_top_mx/u_ctrl/mux_cmbsop_nxt_reg_busy_331_15/in_6[18] 	 (fanout : 1)
hpin:tr_soc_top_mx/u_ctrl/mux_cmbsop_nxt_reg_busy_331_15/in_6[17] 	 (fanout : 1)
hpin:tr_soc_top_mx/u_ctrl/mux_cmbsop_nxt_reg_busy_331_15/in_6[16] 	 (fanout : 1)
hpin:tr_soc_top_mx/u_ctrl/mux_cmbsop_nxt_reg_busy_331_15/in_6[15] 	 (fanout : 1)
hpin:tr_soc_top_mx/u_ctrl/mux_cmbsop_nxt_reg_busy_331_15/in_6[14] 	 (fanout : 1)
hpin:tr_soc_top_mx/u_ctrl/mux_cmbsop_nxt_reg_busy_331_15/in_6[13] 	 (fanout : 1)
hpin:tr_soc_top_mx/u_ctrl/mux_cmbsop_nxt_reg_busy_331_15/in_6[12] 	 (fanout : 1)
hpin:tr_soc_top_mx/u_ctrl/mux_cmbsop_nxt_reg_busy_331_15/in_6[11] 	 (fanout : 1)
hpin:tr_soc_top_mx/u_ctrl/mux_cmbsop_nxt_reg_busy_331_15/in_6[10] 	 (fanout : 1)
hpin:tr_soc_top_mx/u_ctrl/mux_cmbsop_nxt_reg_busy_331_15/in_6[9] 	 (fanout : 1)
hpin:tr_soc_top_mx/u_ctrl/mux_cmbsop_nxt_reg_busy_331_15/in_6[8] 	 (fanout : 1)
hpin:tr_soc_top_mx/u_ctrl/mux_cmbsop_nxt_reg_busy_331_15/in_6[7] 	 (fanout : 1)
hpin:tr_soc_top_mx/u_ctrl/mux_cmbsop_nxt_reg_busy_331_15/in_6[6] 	 (fanout : 1)
hpin:tr_soc_top_mx/u_ctrl/mux_cmbsop_nxt_reg_busy_331_15/in_6[5] 	 (fanout : 1)
hpin:tr_soc_top_mx/u_ctrl/mux_cmbsop_nxt_reg_busy_331_15/in_6[4] 	 (fanout : 1)
hpin:tr_soc_top_mx/u_ctrl/mux_cmbsop_nxt_reg_busy_331_15/in_6[3] 	 (fanout : 1)
hpin:tr_soc_top_mx/u_ctrl/mux_cmbsop_nxt_reg_busy_331_15/in_6[2] 	 (fanout : 1)
hpin:tr_soc_top_mx/u_ctrl/mux_cmbsop_nxt_reg_busy_331_15/in_6[1] 	 (fanout : 1)
hpin:tr_soc_top_mx/u_ctrl/mux_cmbsop_nxt_reg_busy_331_15/in_6[0] 	 (fanout : 1)
hpin:tr_soc_top_mx/u_ctrl/mux_cmbsop_nxt_reg_busy_331_15/in_7[28] 	 (fanout : 1)
hpin:tr_soc_top_mx/u_ctrl/mux_cmbsop_nxt_reg_busy_331_15/in_7[27] 	 (fanout : 1)
hpin:tr_soc_top_mx/u_ctrl/mux_cmbsop_nxt_reg_busy_331_15/in_7[26] 	 (fanout : 1)
hpin:tr_soc_top_mx/u_ctrl/mux_cmbsop_nxt_reg_busy_331_15/in_7[25] 	 (fanout : 1)
hpin:tr_soc_top_mx/u_ctrl/mux_cmbsop_nxt_reg_busy_331_15/in_7[24] 	 (fanout : 1)
hpin:tr_soc_top_mx/u_ctrl/mux_cmbsop_nxt_reg_busy_331_15/in_7[23] 	 (fanout : 1)
hpin:tr_soc_top_mx/u_ctrl/mux_cmbsop_nxt_reg_busy_331_15/in_7[22] 	 (fanout : 1)
hpin:tr_soc_top_mx/u_ctrl/mux_cmbsop_nxt_reg_busy_331_15/in_7[21] 	 (fanout : 1)
hpin:tr_soc_top_mx/u_ctrl/mux_cmbsop_nxt_reg_busy_331_15/in_7[20] 	 (fanout : 1)
hpin:tr_soc_top_mx/u_ctrl/mux_cmbsop_nxt_reg_busy_331_15/in_7[19] 	 (fanout : 1)
hpin:tr_soc_top_mx/u_ctrl/mux_cmbsop_nxt_reg_busy_331_15/in_7[18] 	 (fanout : 1)
hpin:tr_soc_top_mx/u_ctrl/mux_cmbsop_nxt_reg_busy_331_15/in_7[17] 	 (fanout : 1)
hpin:tr_soc_top_mx/u_ctrl/mux_cmbsop_nxt_reg_busy_331_15/in_7[16] 	 (fanout : 1)
hpin:tr_soc_top_mx/u_ctrl/mux_cmbsop_nxt_reg_busy_331_15/in_7[15] 	 (fanout : 1)
hpin:tr_soc_top_mx/u_ctrl/mux_cmbsop_nxt_reg_busy_331_15/in_7[14] 	 (fanout : 1)
hpin:tr_soc_top_mx/u_ctrl/mux_cmbsop_nxt_reg_busy_331_15/in_7[13] 	 (fanout : 1)
hpin:tr_soc_top_mx/u_ctrl/mux_cmbsop_nxt_reg_busy_331_15/in_7[12] 	 (fanout : 1)
hpin:tr_soc_top_mx/u_ctrl/mux_cmbsop_nxt_reg_busy_331_15/in_7[11] 	 (fanout : 1)
hpin:tr_soc_top_mx/u_ctrl/mux_cmbsop_nxt_reg_busy_331_15/in_7[10] 	 (fanout : 1)
hpin:tr_soc_top_mx/u_ctrl/mux_cmbsop_nxt_reg_busy_331_15/in_7[9] 	 (fanout : 1)
hpin:tr_soc_top_mx/u_ctrl/mux_cmbsop_nxt_reg_busy_331_15/in_7[8] 	 (fanout : 1)
hpin:tr_soc_top_mx/u_ctrl/mux_cmbsop_nxt_reg_busy_331_15/in_7[7] 	 (fanout : 1)
hpin:tr_soc_top_mx/u_ctrl/mux_cmbsop_nxt_reg_busy_331_15/in_7[6] 	 (fanout : 1)
hpin:tr_soc_top_mx/u_ctrl/mux_cmbsop_nxt_reg_busy_331_15/in_7[5] 	 (fanout : 1)
hpin:tr_soc_top_mx/u_ctrl/mux_cmbsop_nxt_reg_busy_331_15/in_7[4] 	 (fanout : 1)
hpin:tr_soc_top_mx/u_ctrl/mux_cmbsop_nxt_reg_busy_331_15/in_7[3] 	 (fanout : 1)
hpin:tr_soc_top_mx/u_ctrl/mux_cmbsop_nxt_reg_busy_331_15/in_7[2] 	 (fanout : 1)
hpin:tr_soc_top_mx/u_ctrl/mux_cmbsop_nxt_reg_busy_331_15/in_7[1] 	 (fanout : 1)
hpin:tr_soc_top_mx/u_ctrl/mux_cmbsop_nxt_reg_busy_331_15/in_7[0] 	 (fanout : 1)
hpin:tr_soc_top_mx/u_ctrl/mux_cmbsop_nxt_reg_busy_331_15/in_8[28] 	 (fanout : 1)
hpin:tr_soc_top_mx/u_ctrl/mux_cmbsop_nxt_reg_busy_331_15/in_8[27] 	 (fanout : 1)
hpin:tr_soc_top_mx/u_ctrl/mux_cmbsop_nxt_reg_busy_331_15/in_8[26] 	 (fanout : 1)
hpin:tr_soc_top_mx/u_ctrl/mux_cmbsop_nxt_reg_busy_331_15/in_8[25] 	 (fanout : 1)
hpin:tr_soc_top_mx/u_ctrl/mux_cmbsop_nxt_reg_busy_331_15/in_8[24] 	 (fanout : 1)
hpin:tr_soc_top_mx/u_ctrl/mux_cmbsop_nxt_reg_busy_331_15/in_8[23] 	 (fanout : 1)
hpin:tr_soc_top_mx/u_ctrl/mux_cmbsop_nxt_reg_busy_331_15/in_8[22] 	 (fanout : 1)
hpin:tr_soc_top_mx/u_ctrl/mux_cmbsop_nxt_reg_busy_331_15/in_8[21] 	 (fanout : 1)
hpin:tr_soc_top_mx/u_ctrl/mux_cmbsop_nxt_reg_busy_331_15/in_8[20] 	 (fanout : 1)
hpin:tr_soc_top_mx/u_ctrl/mux_cmbsop_nxt_reg_busy_331_15/in_8[19] 	 (fanout : 1)
hpin:tr_soc_top_mx/u_ctrl/mux_cmbsop_nxt_reg_busy_331_15/in_8[18] 	 (fanout : 1)
hpin:tr_soc_top_mx/u_ctrl/mux_cmbsop_nxt_reg_busy_331_15/in_8[17] 	 (fanout : 1)
hpin:tr_soc_top_mx/u_ctrl/mux_cmbsop_nxt_reg_busy_331_15/in_8[16] 	 (fanout : 1)
hpin:tr_soc_top_mx/u_ctrl/mux_cmbsop_nxt_reg_busy_331_15/in_8[15] 	 (fanout : 1)
hpin:tr_soc_top_mx/u_ctrl/mux_cmbsop_nxt_reg_busy_331_15/in_8[14] 	 (fanout : 1)
hpin:tr_soc_top_mx/u_ctrl/mux_cmbsop_nxt_reg_busy_331_15/in_8[13] 	 (fanout : 1)
hpin:tr_soc_top_mx/u_ctrl/mux_cmbsop_nxt_reg_busy_331_15/in_8[12] 	 (fanout : 1)
hpin:tr_soc_top_mx/u_ctrl/mux_cmbsop_nxt_reg_busy_331_15/in_8[11] 	 (fanout : 1)
hpin:tr_soc_top_mx/u_ctrl/mux_cmbsop_nxt_reg_busy_331_15/in_8[10] 	 (fanout : 1)
hpin:tr_soc_top_mx/u_ctrl/mux_cmbsop_nxt_reg_busy_331_15/in_8[9] 	 (fanout : 1)
hpin:tr_soc_top_mx/u_ctrl/mux_cmbsop_nxt_reg_busy_331_15/in_8[8] 	 (fanout : 1)
hpin:tr_soc_top_mx/u_ctrl/mux_cmbsop_nxt_reg_busy_331_15/in_8[7] 	 (fanout : 1)
hpin:tr_soc_top_mx/u_ctrl/mux_cmbsop_nxt_reg_busy_331_15/in_8[6] 	 (fanout : 1)
hpin:tr_soc_top_mx/u_ctrl/mux_cmbsop_nxt_reg_busy_331_15/in_8[5] 	 (fanout : 1)
hpin:tr_soc_top_mx/u_ctrl/mux_cmbsop_nxt_reg_busy_331_15/in_8[4] 	 (fanout : 1)
hpin:tr_soc_top_mx/u_ctrl/mux_cmbsop_nxt_reg_busy_331_15/in_8[3] 	 (fanout : 1)
hpin:tr_soc_top_mx/u_ctrl/mux_cmbsop_nxt_reg_busy_331_15/in_8[2] 	 (fanout : 1)
hpin:tr_soc_top_mx/u_ctrl/mux_cmbsop_nxt_reg_busy_331_15/in_8[1] 	 (fanout : 1)
hpin:tr_soc_top_mx/u_ctrl/mux_cmbsop_nxt_reg_busy_331_15/in_8[0] 	 (fanout : 1)
hpin:tr_soc_top_mx/u_ctrl/mux_cmbsop_nxt_reg_busy_331_15/in_9[28] 	 (fanout : 1)
hpin:tr_soc_top_mx/u_ctrl/mux_cmbsop_nxt_reg_busy_331_15/in_9[27] 	 (fanout : 1)
hpin:tr_soc_top_mx/u_ctrl/mux_cmbsop_nxt_reg_busy_331_15/in_9[26] 	 (fanout : 1)
hpin:tr_soc_top_mx/u_ctrl/mux_cmbsop_nxt_reg_busy_331_15/in_9[25] 	 (fanout : 1)
hpin:tr_soc_top_mx/u_ctrl/mux_cmbsop_nxt_reg_busy_331_15/in_9[24] 	 (fanout : 1)
hpin:tr_soc_top_mx/u_ctrl/mux_cmbsop_nxt_reg_busy_331_15/in_9[23] 	 (fanout : 1)
hpin:tr_soc_top_mx/u_ctrl/mux_cmbsop_nxt_reg_busy_331_15/in_9[22] 	 (fanout : 1)
hpin:tr_soc_top_mx/u_ctrl/mux_cmbsop_nxt_reg_busy_331_15/in_9[21] 	 (fanout : 1)
hpin:tr_soc_top_mx/u_ctrl/mux_cmbsop_nxt_reg_busy_331_15/in_9[20] 	 (fanout : 1)
hpin:tr_soc_top_mx/u_ctrl/mux_cmbsop_nxt_reg_busy_331_15/in_9[19] 	 (fanout : 1)
hpin:tr_soc_top_mx/u_ctrl/mux_cmbsop_nxt_reg_busy_331_15/in_9[18] 	 (fanout : 1)
hpin:tr_soc_top_mx/u_ctrl/mux_cmbsop_nxt_reg_busy_331_15/in_9[17] 	 (fanout : 1)
hpin:tr_soc_top_mx/u_ctrl/mux_cmbsop_nxt_reg_busy_331_15/in_9[16] 	 (fanout : 1)
hpin:tr_soc_top_mx/u_ctrl/mux_cmbsop_nxt_reg_busy_331_15/in_9[15] 	 (fanout : 1)
hpin:tr_soc_top_mx/u_ctrl/mux_cmbsop_nxt_reg_busy_331_15/in_9[14] 	 (fanout : 1)
hpin:tr_soc_top_mx/u_ctrl/mux_cmbsop_nxt_reg_busy_331_15/in_9[13] 	 (fanout : 1)
hpin:tr_soc_top_mx/u_ctrl/mux_cmbsop_nxt_reg_busy_331_15/in_9[12] 	 (fanout : 1)
hpin:tr_soc_top_mx/u_ctrl/mux_cmbsop_nxt_reg_busy_331_15/in_9[11] 	 (fanout : 1)
hpin:tr_soc_top_mx/u_ctrl/mux_cmbsop_nxt_reg_busy_331_15/in_9[10] 	 (fanout : 1)
hpin:tr_soc_top_mx/u_ctrl/mux_cmbsop_nxt_reg_busy_331_15/in_9[9] 	 (fanout : 1)
hpin:tr_soc_top_mx/u_ctrl/mux_cmbsop_nxt_reg_busy_331_15/in_9[8] 	 (fanout : 1)
hpin:tr_soc_top_mx/u_ctrl/mux_cmbsop_nxt_reg_busy_331_15/in_9[7] 	 (fanout : 1)
hpin:tr_soc_top_mx/u_ctrl/mux_cmbsop_nxt_reg_busy_331_15/in_9[6] 	 (fanout : 1)
hpin:tr_soc_top_mx/u_ctrl/mux_cmbsop_nxt_reg_busy_331_15/in_9[5] 	 (fanout : 1)
hpin:tr_soc_top_mx/u_ctrl/mux_cmbsop_nxt_reg_busy_331_15/in_9[4] 	 (fanout : 1)
hpin:tr_soc_top_mx/u_ctrl/mux_cmbsop_nxt_reg_busy_331_15/in_9[3] 	 (fanout : 1)
hpin:tr_soc_top_mx/u_ctrl/mux_cmbsop_nxt_reg_busy_331_15/in_9[2] 	 (fanout : 1)
hpin:tr_soc_top_mx/u_ctrl/mux_cmbsop_nxt_reg_busy_331_15/in_9[1] 	 (fanout : 1)
hpin:tr_soc_top_mx/u_ctrl/mux_cmbsop_nxt_reg_busy_331_15/in_9[0] 	 (fanout : 1)
hpin:tr_soc_top_mx/u_ctrl/mux_cmbsop_nxt_reg_busy_331_15/in_10[28] 	 (fanout : 1)
hpin:tr_soc_top_mx/u_ctrl/mux_cmbsop_nxt_reg_busy_331_15/in_10[27] 	 (fanout : 1)
hpin:tr_soc_top_mx/u_ctrl/mux_cmbsop_nxt_reg_busy_331_15/in_10[26] 	 (fanout : 1)
hpin:tr_soc_top_mx/u_ctrl/mux_cmbsop_nxt_reg_busy_331_15/in_10[25] 	 (fanout : 1)
hpin:tr_soc_top_mx/u_ctrl/mux_cmbsop_nxt_reg_busy_331_15/in_10[24] 	 (fanout : 1)
hpin:tr_soc_top_mx/u_ctrl/mux_cmbsop_nxt_reg_busy_331_15/in_10[23] 	 (fanout : 1)
hpin:tr_soc_top_mx/u_ctrl/mux_cmbsop_nxt_reg_busy_331_15/in_10[22] 	 (fanout : 1)
hpin:tr_soc_top_mx/u_ctrl/mux_cmbsop_nxt_reg_busy_331_15/in_10[21] 	 (fanout : 1)
hpin:tr_soc_top_mx/u_ctrl/mux_cmbsop_nxt_reg_busy_331_15/in_10[20] 	 (fanout : 1)
hpin:tr_soc_top_mx/u_ctrl/mux_cmbsop_nxt_reg_busy_331_15/in_10[19] 	 (fanout : 1)
hpin:tr_soc_top_mx/u_ctrl/mux_cmbsop_nxt_reg_busy_331_15/in_10[18] 	 (fanout : 1)
hpin:tr_soc_top_mx/u_ctrl/mux_cmbsop_nxt_reg_busy_331_15/in_10[17] 	 (fanout : 1)
hpin:tr_soc_top_mx/u_ctrl/mux_cmbsop_nxt_reg_busy_331_15/in_10[16] 	 (fanout : 1)
hpin:tr_soc_top_mx/u_ctrl/mux_cmbsop_nxt_reg_busy_331_15/in_10[15] 	 (fanout : 1)
hpin:tr_soc_top_mx/u_ctrl/mux_cmbsop_nxt_reg_busy_331_15/in_10[14] 	 (fanout : 1)
hpin:tr_soc_top_mx/u_ctrl/mux_cmbsop_nxt_reg_busy_331_15/in_10[13] 	 (fanout : 1)
hpin:tr_soc_top_mx/u_ctrl/mux_cmbsop_nxt_reg_busy_331_15/in_10[12] 	 (fanout : 1)
hpin:tr_soc_top_mx/u_ctrl/mux_cmbsop_nxt_reg_busy_331_15/in_10[11] 	 (fanout : 1)
hpin:tr_soc_top_mx/u_ctrl/mux_cmbsop_nxt_reg_busy_331_15/in_10[10] 	 (fanout : 1)
hpin:tr_soc_top_mx/u_ctrl/mux_cmbsop_nxt_reg_busy_331_15/in_10[9] 	 (fanout : 1)
hpin:tr_soc_top_mx/u_ctrl/mux_cmbsop_nxt_reg_busy_331_15/in_10[8] 	 (fanout : 1)
hpin:tr_soc_top_mx/u_ctrl/mux_cmbsop_nxt_reg_busy_331_15/in_10[7] 	 (fanout : 1)
hpin:tr_soc_top_mx/u_ctrl/mux_cmbsop_nxt_reg_busy_331_15/in_10[6] 	 (fanout : 1)
hpin:tr_soc_top_mx/u_ctrl/mux_cmbsop_nxt_reg_busy_331_15/in_10[5] 	 (fanout : 1)
hpin:tr_soc_top_mx/u_ctrl/mux_cmbsop_nxt_reg_busy_331_15/in_10[4] 	 (fanout : 1)
hpin:tr_soc_top_mx/u_ctrl/mux_cmbsop_nxt_reg_busy_331_15/in_10[3] 	 (fanout : 1)
hpin:tr_soc_top_mx/u_ctrl/mux_cmbsop_nxt_reg_busy_331_15/in_10[2] 	 (fanout : 1)
hpin:tr_soc_top_mx/u_ctrl/mux_cmbsop_nxt_reg_busy_331_15/in_10[1] 	 (fanout : 1)
hpin:tr_soc_top_mx/u_ctrl/mux_cmbsop_nxt_reg_busy_331_15/in_10[0] 	 (fanout : 1)
hpin:tr_soc_top_mx/u_ctrl/mux_cmbsop_nxt_reg_busy_331_15/in_11[28] 	 (fanout : 1)
hpin:tr_soc_top_mx/u_ctrl/mux_cmbsop_nxt_reg_busy_331_15/in_11[27] 	 (fanout : 1)
hpin:tr_soc_top_mx/u_ctrl/mux_cmbsop_nxt_reg_busy_331_15/in_11[26] 	 (fanout : 1)
hpin:tr_soc_top_mx/u_ctrl/mux_cmbsop_nxt_reg_busy_331_15/in_11[25] 	 (fanout : 1)
hpin:tr_soc_top_mx/u_ctrl/mux_cmbsop_nxt_reg_busy_331_15/in_11[24] 	 (fanout : 1)
hpin:tr_soc_top_mx/u_ctrl/mux_cmbsop_nxt_reg_busy_331_15/in_11[23] 	 (fanout : 1)
hpin:tr_soc_top_mx/u_ctrl/mux_cmbsop_nxt_reg_busy_331_15/in_11[22] 	 (fanout : 1)
hpin:tr_soc_top_mx/u_ctrl/mux_cmbsop_nxt_reg_busy_331_15/in_11[21] 	 (fanout : 1)
hpin:tr_soc_top_mx/u_ctrl/mux_cmbsop_nxt_reg_busy_331_15/in_11[20] 	 (fanout : 1)
hpin:tr_soc_top_mx/u_ctrl/mux_cmbsop_nxt_reg_busy_331_15/in_11[19] 	 (fanout : 1)
hpin:tr_soc_top_mx/u_ctrl/mux_cmbsop_nxt_reg_busy_331_15/in_11[18] 	 (fanout : 1)
hpin:tr_soc_top_mx/u_ctrl/mux_cmbsop_nxt_reg_busy_331_15/in_11[17] 	 (fanout : 1)
hpin:tr_soc_top_mx/u_ctrl/mux_cmbsop_nxt_reg_busy_331_15/in_11[16] 	 (fanout : 1)
hpin:tr_soc_top_mx/u_ctrl/mux_cmbsop_nxt_reg_busy_331_15/in_11[15] 	 (fanout : 1)
hpin:tr_soc_top_mx/u_ctrl/mux_cmbsop_nxt_reg_busy_331_15/in_11[14] 	 (fanout : 1)
hpin:tr_soc_top_mx/u_ctrl/mux_cmbsop_nxt_reg_busy_331_15/in_11[13] 	 (fanout : 1)
hpin:tr_soc_top_mx/u_ctrl/mux_cmbsop_nxt_reg_busy_331_15/in_11[12] 	 (fanout : 1)
hpin:tr_soc_top_mx/u_ctrl/mux_cmbsop_nxt_reg_busy_331_15/in_11[11] 	 (fanout : 1)
hpin:tr_soc_top_mx/u_ctrl/mux_cmbsop_nxt_reg_busy_331_15/in_11[10] 	 (fanout : 1)
hpin:tr_soc_top_mx/u_ctrl/mux_cmbsop_nxt_reg_busy_331_15/in_11[9] 	 (fanout : 1)
hpin:tr_soc_top_mx/u_ctrl/mux_cmbsop_nxt_reg_busy_331_15/in_11[8] 	 (fanout : 1)
hpin:tr_soc_top_mx/u_ctrl/mux_cmbsop_nxt_reg_busy_331_15/in_11[7] 	 (fanout : 1)
hpin:tr_soc_top_mx/u_ctrl/mux_cmbsop_nxt_reg_busy_331_15/in_11[6] 	 (fanout : 1)
hpin:tr_soc_top_mx/u_ctrl/mux_cmbsop_nxt_reg_busy_331_15/in_11[5] 	 (fanout : 1)
hpin:tr_soc_top_mx/u_ctrl/mux_cmbsop_nxt_reg_busy_331_15/in_11[4] 	 (fanout : 1)
hpin:tr_soc_top_mx/u_ctrl/mux_cmbsop_nxt_reg_busy_331_15/in_11[3] 	 (fanout : 1)
hpin:tr_soc_top_mx/u_ctrl/mux_cmbsop_nxt_reg_busy_331_15/in_11[2] 	 (fanout : 1)
hpin:tr_soc_top_mx/u_ctrl/mux_cmbsop_nxt_reg_busy_331_15/in_11[1] 	 (fanout : 1)
hpin:tr_soc_top_mx/u_ctrl/mux_cmbsop_nxt_reg_busy_331_15/in_11[0] 	 (fanout : 1)
hpin:tr_soc_top_mx/u_ctrl/mux_cmbsop_nxt_reg_busy_331_15/in_12[28] 	 (fanout : 1)
hpin:tr_soc_top_mx/u_ctrl/mux_cmbsop_nxt_reg_busy_331_15/in_12[27] 	 (fanout : 1)
hpin:tr_soc_top_mx/u_ctrl/mux_cmbsop_nxt_reg_busy_331_15/in_12[26] 	 (fanout : 1)
hpin:tr_soc_top_mx/u_ctrl/mux_cmbsop_nxt_reg_busy_331_15/in_12[25] 	 (fanout : 1)
hpin:tr_soc_top_mx/u_ctrl/mux_cmbsop_nxt_reg_busy_331_15/in_12[24] 	 (fanout : 1)
hpin:tr_soc_top_mx/u_ctrl/mux_cmbsop_nxt_reg_busy_331_15/in_12[23] 	 (fanout : 1)
hpin:tr_soc_top_mx/u_ctrl/mux_cmbsop_nxt_reg_busy_331_15/in_12[22] 	 (fanout : 1)
hpin:tr_soc_top_mx/u_ctrl/mux_cmbsop_nxt_reg_busy_331_15/in_12[21] 	 (fanout : 1)
hpin:tr_soc_top_mx/u_ctrl/mux_cmbsop_nxt_reg_busy_331_15/in_12[20] 	 (fanout : 1)
hpin:tr_soc_top_mx/u_ctrl/mux_cmbsop_nxt_reg_busy_331_15/in_12[19] 	 (fanout : 1)
hpin:tr_soc_top_mx/u_ctrl/mux_cmbsop_nxt_reg_busy_331_15/in_12[18] 	 (fanout : 1)
hpin:tr_soc_top_mx/u_ctrl/mux_cmbsop_nxt_reg_busy_331_15/in_12[17] 	 (fanout : 1)
hpin:tr_soc_top_mx/u_ctrl/mux_cmbsop_nxt_reg_busy_331_15/in_12[16] 	 (fanout : 1)
hpin:tr_soc_top_mx/u_ctrl/mux_cmbsop_nxt_reg_busy_331_15/in_12[15] 	 (fanout : 1)
hpin:tr_soc_top_mx/u_ctrl/mux_cmbsop_nxt_reg_busy_331_15/in_12[14] 	 (fanout : 1)
hpin:tr_soc_top_mx/u_ctrl/mux_cmbsop_nxt_reg_busy_331_15/in_12[13] 	 (fanout : 1)
hpin:tr_soc_top_mx/u_ctrl/mux_cmbsop_nxt_reg_busy_331_15/in_12[12] 	 (fanout : 1)
hpin:tr_soc_top_mx/u_ctrl/mux_cmbsop_nxt_reg_busy_331_15/in_12[11] 	 (fanout : 1)
hpin:tr_soc_top_mx/u_ctrl/mux_cmbsop_nxt_reg_busy_331_15/in_12[10] 	 (fanout : 1)
hpin:tr_soc_top_mx/u_ctrl/mux_cmbsop_nxt_reg_busy_331_15/in_12[9] 	 (fanout : 1)
hpin:tr_soc_top_mx/u_ctrl/mux_cmbsop_nxt_reg_busy_331_15/in_12[8] 	 (fanout : 1)
hpin:tr_soc_top_mx/u_ctrl/mux_cmbsop_nxt_reg_busy_331_15/in_12[7] 	 (fanout : 1)
hpin:tr_soc_top_mx/u_ctrl/mux_cmbsop_nxt_reg_busy_331_15/in_12[6] 	 (fanout : 1)
hpin:tr_soc_top_mx/u_ctrl/mux_cmbsop_nxt_reg_busy_331_15/in_12[5] 	 (fanout : 1)
hpin:tr_soc_top_mx/u_ctrl/mux_cmbsop_nxt_reg_busy_331_15/in_12[4] 	 (fanout : 1)
hpin:tr_soc_top_mx/u_ctrl/mux_cmbsop_nxt_reg_busy_331_15/in_12[3] 	 (fanout : 1)
hpin:tr_soc_top_mx/u_ctrl/mux_cmbsop_nxt_reg_busy_331_15/in_12[2] 	 (fanout : 1)
hpin:tr_soc_top_mx/u_ctrl/mux_cmbsop_nxt_reg_busy_331_15/in_12[1] 	 (fanout : 1)
hpin:tr_soc_top_mx/u_ctrl/mux_cmbsop_nxt_reg_busy_331_15/in_12[0] 	 (fanout : 1)
hpin:tr_soc_top_mx/u_ctrl/mux_cmbsop_nxt_reg_busy_331_15/in_13[28] 	 (fanout : 1)
hpin:tr_soc_top_mx/u_ctrl/mux_cmbsop_nxt_reg_busy_331_15/in_13[27] 	 (fanout : 1)
hpin:tr_soc_top_mx/u_ctrl/mux_cmbsop_nxt_reg_busy_331_15/in_13[26] 	 (fanout : 1)
hpin:tr_soc_top_mx/u_ctrl/mux_cmbsop_nxt_reg_busy_331_15/in_13[25] 	 (fanout : 1)
hpin:tr_soc_top_mx/u_ctrl/mux_cmbsop_nxt_reg_busy_331_15/in_13[24] 	 (fanout : 1)
hpin:tr_soc_top_mx/u_ctrl/mux_cmbsop_nxt_reg_busy_331_15/in_13[23] 	 (fanout : 1)
hpin:tr_soc_top_mx/u_ctrl/mux_cmbsop_nxt_reg_busy_331_15/in_13[22] 	 (fanout : 1)
hpin:tr_soc_top_mx/u_ctrl/mux_cmbsop_nxt_reg_busy_331_15/in_13[21] 	 (fanout : 1)
hpin:tr_soc_top_mx/u_ctrl/mux_cmbsop_nxt_reg_busy_331_15/in_13[20] 	 (fanout : 1)
hpin:tr_soc_top_mx/u_ctrl/mux_cmbsop_nxt_reg_busy_331_15/in_13[19] 	 (fanout : 1)
hpin:tr_soc_top_mx/u_ctrl/mux_cmbsop_nxt_reg_busy_331_15/in_13[18] 	 (fanout : 1)
hpin:tr_soc_top_mx/u_ctrl/mux_cmbsop_nxt_reg_busy_331_15/in_13[17] 	 (fanout : 1)
hpin:tr_soc_top_mx/u_ctrl/mux_cmbsop_nxt_reg_busy_331_15/in_13[16] 	 (fanout : 1)
hpin:tr_soc_top_mx/u_ctrl/mux_cmbsop_nxt_reg_busy_331_15/in_13[15] 	 (fanout : 1)
hpin:tr_soc_top_mx/u_ctrl/mux_cmbsop_nxt_reg_busy_331_15/in_13[14] 	 (fanout : 1)
hpin:tr_soc_top_mx/u_ctrl/mux_cmbsop_nxt_reg_busy_331_15/in_13[13] 	 (fanout : 1)
hpin:tr_soc_top_mx/u_ctrl/mux_cmbsop_nxt_reg_busy_331_15/in_13[12] 	 (fanout : 1)
hpin:tr_soc_top_mx/u_ctrl/mux_cmbsop_nxt_reg_busy_331_15/in_13[11] 	 (fanout : 1)
hpin:tr_soc_top_mx/u_ctrl/mux_cmbsop_nxt_reg_busy_331_15/in_13[10] 	 (fanout : 1)
hpin:tr_soc_top_mx/u_ctrl/mux_cmbsop_nxt_reg_busy_331_15/in_13[9] 	 (fanout : 1)
hpin:tr_soc_top_mx/u_ctrl/mux_cmbsop_nxt_reg_busy_331_15/in_13[8] 	 (fanout : 1)
hpin:tr_soc_top_mx/u_ctrl/mux_cmbsop_nxt_reg_busy_331_15/in_13[7] 	 (fanout : 1)
hpin:tr_soc_top_mx/u_ctrl/mux_cmbsop_nxt_reg_busy_331_15/in_13[6] 	 (fanout : 1)
hpin:tr_soc_top_mx/u_ctrl/mux_cmbsop_nxt_reg_busy_331_15/in_13[5] 	 (fanout : 1)
hpin:tr_soc_top_mx/u_ctrl/mux_cmbsop_nxt_reg_busy_331_15/in_13[4] 	 (fanout : 1)
hpin:tr_soc_top_mx/u_ctrl/mux_cmbsop_nxt_reg_busy_331_15/in_13[3] 	 (fanout : 1)
hpin:tr_soc_top_mx/u_ctrl/mux_cmbsop_nxt_reg_busy_331_15/in_13[2] 	 (fanout : 1)
hpin:tr_soc_top_mx/u_ctrl/mux_cmbsop_nxt_reg_busy_331_15/in_13[1] 	 (fanout : 1)
hpin:tr_soc_top_mx/u_ctrl/mux_cmbsop_nxt_reg_busy_331_15/in_13[0] 	 (fanout : 1)
hpin:tr_soc_top_mx/u_ctrl/mux_cmbsop_nxt_reg_busy_331_15/in_14[28] 	 (fanout : 1)
hpin:tr_soc_top_mx/u_ctrl/mux_cmbsop_nxt_reg_busy_331_15/in_14[27] 	 (fanout : 1)
hpin:tr_soc_top_mx/u_ctrl/mux_cmbsop_nxt_reg_busy_331_15/in_14[26] 	 (fanout : 1)
hpin:tr_soc_top_mx/u_ctrl/mux_cmbsop_nxt_reg_busy_331_15/in_14[25] 	 (fanout : 1)
hpin:tr_soc_top_mx/u_ctrl/mux_cmbsop_nxt_reg_busy_331_15/in_14[24] 	 (fanout : 1)
hpin:tr_soc_top_mx/u_ctrl/mux_cmbsop_nxt_reg_busy_331_15/in_14[23] 	 (fanout : 1)
hpin:tr_soc_top_mx/u_ctrl/mux_cmbsop_nxt_reg_busy_331_15/in_14[22] 	 (fanout : 1)
hpin:tr_soc_top_mx/u_ctrl/mux_cmbsop_nxt_reg_busy_331_15/in_14[21] 	 (fanout : 1)
hpin:tr_soc_top_mx/u_ctrl/mux_cmbsop_nxt_reg_busy_331_15/in_14[20] 	 (fanout : 1)
hpin:tr_soc_top_mx/u_ctrl/mux_cmbsop_nxt_reg_busy_331_15/in_14[19] 	 (fanout : 1)
hpin:tr_soc_top_mx/u_ctrl/mux_cmbsop_nxt_reg_busy_331_15/in_14[18] 	 (fanout : 1)
hpin:tr_soc_top_mx/u_ctrl/mux_cmbsop_nxt_reg_busy_331_15/in_14[17] 	 (fanout : 1)
hpin:tr_soc_top_mx/u_ctrl/mux_cmbsop_nxt_reg_busy_331_15/in_14[16] 	 (fanout : 1)
hpin:tr_soc_top_mx/u_ctrl/mux_cmbsop_nxt_reg_busy_331_15/in_14[15] 	 (fanout : 1)
hpin:tr_soc_top_mx/u_ctrl/mux_cmbsop_nxt_reg_busy_331_15/in_14[14] 	 (fanout : 1)
hpin:tr_soc_top_mx/u_ctrl/mux_cmbsop_nxt_reg_busy_331_15/in_14[13] 	 (fanout : 1)
hpin:tr_soc_top_mx/u_ctrl/mux_cmbsop_nxt_reg_busy_331_15/in_14[12] 	 (fanout : 1)
hpin:tr_soc_top_mx/u_ctrl/mux_cmbsop_nxt_reg_busy_331_15/in_14[11] 	 (fanout : 1)
hpin:tr_soc_top_mx/u_ctrl/mux_cmbsop_nxt_reg_busy_331_15/in_14[10] 	 (fanout : 1)
hpin:tr_soc_top_mx/u_ctrl/mux_cmbsop_nxt_reg_busy_331_15/in_14[9] 	 (fanout : 1)
hpin:tr_soc_top_mx/u_ctrl/mux_cmbsop_nxt_reg_busy_331_15/in_14[8] 	 (fanout : 1)
hpin:tr_soc_top_mx/u_ctrl/mux_cmbsop_nxt_reg_busy_331_15/in_14[7] 	 (fanout : 1)
hpin:tr_soc_top_mx/u_ctrl/mux_cmbsop_nxt_reg_busy_331_15/in_14[6] 	 (fanout : 1)
hpin:tr_soc_top_mx/u_ctrl/mux_cmbsop_nxt_reg_busy_331_15/in_14[5] 	 (fanout : 1)
hpin:tr_soc_top_mx/u_ctrl/mux_cmbsop_nxt_reg_busy_331_15/in_14[4] 	 (fanout : 1)
hpin:tr_soc_top_mx/u_ctrl/mux_cmbsop_nxt_reg_busy_331_15/in_14[3] 	 (fanout : 1)
hpin:tr_soc_top_mx/u_ctrl/mux_cmbsop_nxt_reg_busy_331_15/in_14[2] 	 (fanout : 1)
hpin:tr_soc_top_mx/u_ctrl/mux_cmbsop_nxt_reg_busy_331_15/in_14[1] 	 (fanout : 1)
hpin:tr_soc_top_mx/u_ctrl/mux_cmbsop_nxt_reg_busy_331_15/in_14[0] 	 (fanout : 1)
hpin:tr_soc_top_mx/u_ctrl/mux_cmbsop_nxt_reg_busy_331_15/in_15[28] 	 (fanout : 1)
hpin:tr_soc_top_mx/u_ctrl/mux_cmbsop_nxt_reg_busy_331_15/in_15[27] 	 (fanout : 1)
hpin:tr_soc_top_mx/u_ctrl/mux_cmbsop_nxt_reg_busy_331_15/in_15[26] 	 (fanout : 1)
hpin:tr_soc_top_mx/u_ctrl/mux_cmbsop_nxt_reg_busy_331_15/in_15[25] 	 (fanout : 1)
hpin:tr_soc_top_mx/u_ctrl/mux_cmbsop_nxt_reg_busy_331_15/in_15[24] 	 (fanout : 1)
hpin:tr_soc_top_mx/u_ctrl/mux_cmbsop_nxt_reg_busy_331_15/in_15[23] 	 (fanout : 1)
hpin:tr_soc_top_mx/u_ctrl/mux_cmbsop_nxt_reg_busy_331_15/in_15[22] 	 (fanout : 1)
hpin:tr_soc_top_mx/u_ctrl/mux_cmbsop_nxt_reg_busy_331_15/in_15[21] 	 (fanout : 1)
hpin:tr_soc_top_mx/u_ctrl/mux_cmbsop_nxt_reg_busy_331_15/in_15[20] 	 (fanout : 1)
hpin:tr_soc_top_mx/u_ctrl/mux_cmbsop_nxt_reg_busy_331_15/in_15[19] 	 (fanout : 1)
hpin:tr_soc_top_mx/u_ctrl/mux_cmbsop_nxt_reg_busy_331_15/in_15[18] 	 (fanout : 1)
hpin:tr_soc_top_mx/u_ctrl/mux_cmbsop_nxt_reg_busy_331_15/in_15[17] 	 (fanout : 1)
hpin:tr_soc_top_mx/u_ctrl/mux_cmbsop_nxt_reg_busy_331_15/in_15[16] 	 (fanout : 1)
hpin:tr_soc_top_mx/u_ctrl/mux_cmbsop_nxt_reg_busy_331_15/in_15[15] 	 (fanout : 1)
hpin:tr_soc_top_mx/u_ctrl/mux_cmbsop_nxt_reg_busy_331_15/in_15[14] 	 (fanout : 1)
hpin:tr_soc_top_mx/u_ctrl/mux_cmbsop_nxt_reg_busy_331_15/in_15[13] 	 (fanout : 1)
hpin:tr_soc_top_mx/u_ctrl/mux_cmbsop_nxt_reg_busy_331_15/in_15[12] 	 (fanout : 1)
hpin:tr_soc_top_mx/u_ctrl/mux_cmbsop_nxt_reg_busy_331_15/in_15[11] 	 (fanout : 1)
hpin:tr_soc_top_mx/u_ctrl/mux_cmbsop_nxt_reg_busy_331_15/in_15[10] 	 (fanout : 1)
hpin:tr_soc_top_mx/u_ctrl/mux_cmbsop_nxt_reg_busy_331_15/in_15[9] 	 (fanout : 1)
hpin:tr_soc_top_mx/u_ctrl/mux_cmbsop_nxt_reg_busy_331_15/in_15[8] 	 (fanout : 1)
hpin:tr_soc_top_mx/u_ctrl/mux_cmbsop_nxt_reg_busy_331_15/in_15[7] 	 (fanout : 1)
hpin:tr_soc_top_mx/u_ctrl/mux_cmbsop_nxt_reg_busy_331_15/in_15[6] 	 (fanout : 1)
hpin:tr_soc_top_mx/u_ctrl/mux_cmbsop_nxt_reg_busy_331_15/in_15[5] 	 (fanout : 1)
hpin:tr_soc_top_mx/u_ctrl/mux_cmbsop_nxt_reg_busy_331_15/in_15[4] 	 (fanout : 1)
hpin:tr_soc_top_mx/u_ctrl/mux_cmbsop_nxt_reg_busy_331_15/in_15[3] 	 (fanout : 1)
hpin:tr_soc_top_mx/u_ctrl/mux_cmbsop_nxt_reg_busy_331_15/in_15[2] 	 (fanout : 1)
hpin:tr_soc_top_mx/u_ctrl/mux_cmbsop_nxt_reg_busy_331_15/in_15[1] 	 (fanout : 1)
hpin:tr_soc_top_mx/u_ctrl/mux_cmbsop_nxt_reg_busy_331_15/in_15[0] 	 (fanout : 1)
hpin:tr_soc_top_mx/u_ctrl/mux_cmbsop_nxt_reg_busy_331_15/in_16[28] 	 (fanout : 1)
hpin:tr_soc_top_mx/u_ctrl/mux_cmbsop_nxt_reg_busy_331_15/in_16[27] 	 (fanout : 1)
hpin:tr_soc_top_mx/u_ctrl/mux_cmbsop_nxt_reg_busy_331_15/in_16[26] 	 (fanout : 1)
hpin:tr_soc_top_mx/u_ctrl/mux_cmbsop_nxt_reg_busy_331_15/in_16[25] 	 (fanout : 1)
hpin:tr_soc_top_mx/u_ctrl/mux_cmbsop_nxt_reg_busy_331_15/in_16[24] 	 (fanout : 1)
hpin:tr_soc_top_mx/u_ctrl/mux_cmbsop_nxt_reg_busy_331_15/in_16[23] 	 (fanout : 1)
hpin:tr_soc_top_mx/u_ctrl/mux_cmbsop_nxt_reg_busy_331_15/in_16[22] 	 (fanout : 1)
hpin:tr_soc_top_mx/u_ctrl/mux_cmbsop_nxt_reg_busy_331_15/in_16[21] 	 (fanout : 1)
hpin:tr_soc_top_mx/u_ctrl/mux_cmbsop_nxt_reg_busy_331_15/in_16[20] 	 (fanout : 1)
hpin:tr_soc_top_mx/u_ctrl/mux_cmbsop_nxt_reg_busy_331_15/in_16[19] 	 (fanout : 1)
hpin:tr_soc_top_mx/u_ctrl/mux_cmbsop_nxt_reg_busy_331_15/in_16[18] 	 (fanout : 1)
hpin:tr_soc_top_mx/u_ctrl/mux_cmbsop_nxt_reg_busy_331_15/in_16[17] 	 (fanout : 1)
hpin:tr_soc_top_mx/u_ctrl/mux_cmbsop_nxt_reg_busy_331_15/in_16[16] 	 (fanout : 1)
hpin:tr_soc_top_mx/u_ctrl/mux_cmbsop_nxt_reg_busy_331_15/in_16[15] 	 (fanout : 1)
hpin:tr_soc_top_mx/u_ctrl/mux_cmbsop_nxt_reg_busy_331_15/in_16[14] 	 (fanout : 1)
hpin:tr_soc_top_mx/u_ctrl/mux_cmbsop_nxt_reg_busy_331_15/in_16[13] 	 (fanout : 1)
hpin:tr_soc_top_mx/u_ctrl/mux_cmbsop_nxt_reg_busy_331_15/in_16[12] 	 (fanout : 1)
hpin:tr_soc_top_mx/u_ctrl/mux_cmbsop_nxt_reg_busy_331_15/in_16[11] 	 (fanout : 1)
hpin:tr_soc_top_mx/u_ctrl/mux_cmbsop_nxt_reg_busy_331_15/in_16[10] 	 (fanout : 1)
hpin:tr_soc_top_mx/u_ctrl/mux_cmbsop_nxt_reg_busy_331_15/in_16[9] 	 (fanout : 1)
hpin:tr_soc_top_mx/u_ctrl/mux_cmbsop_nxt_reg_busy_331_15/in_16[8] 	 (fanout : 1)
hpin:tr_soc_top_mx/u_ctrl/mux_cmbsop_nxt_reg_busy_331_15/in_16[7] 	 (fanout : 1)
hpin:tr_soc_top_mx/u_ctrl/mux_cmbsop_nxt_reg_busy_331_15/in_16[6] 	 (fanout : 1)
hpin:tr_soc_top_mx/u_ctrl/mux_cmbsop_nxt_reg_busy_331_15/in_16[5] 	 (fanout : 1)
hpin:tr_soc_top_mx/u_ctrl/mux_cmbsop_nxt_reg_busy_331_15/in_16[4] 	 (fanout : 1)
hpin:tr_soc_top_mx/u_ctrl/mux_cmbsop_nxt_reg_busy_331_15/in_16[3] 	 (fanout : 1)
hpin:tr_soc_top_mx/u_ctrl/mux_cmbsop_nxt_reg_busy_331_15/in_16[2] 	 (fanout : 1)
hpin:tr_soc_top_mx/u_ctrl/mux_cmbsop_nxt_reg_busy_331_15/in_16[1] 	 (fanout : 1)
hpin:tr_soc_top_mx/u_ctrl/mux_cmbsop_nxt_reg_busy_331_15/in_16[0] 	 (fanout : 1)
hpin:tr_soc_top_mx/u_ctrl/mux_cmbsop_nxt_reg_busy_331_15/in_17[28] 	 (fanout : 1)
hpin:tr_soc_top_mx/u_ctrl/mux_cmbsop_nxt_reg_busy_331_15/in_17[27] 	 (fanout : 1)
hpin:tr_soc_top_mx/u_ctrl/mux_cmbsop_nxt_reg_busy_331_15/in_17[26] 	 (fanout : 1)
hpin:tr_soc_top_mx/u_ctrl/mux_cmbsop_nxt_reg_busy_331_15/in_17[25] 	 (fanout : 1)
hpin:tr_soc_top_mx/u_ctrl/mux_cmbsop_nxt_reg_busy_331_15/in_17[24] 	 (fanout : 1)
hpin:tr_soc_top_mx/u_ctrl/mux_cmbsop_nxt_reg_busy_331_15/in_17[23] 	 (fanout : 1)
hpin:tr_soc_top_mx/u_ctrl/mux_cmbsop_nxt_reg_busy_331_15/in_17[22] 	 (fanout : 1)
hpin:tr_soc_top_mx/u_ctrl/mux_cmbsop_nxt_reg_busy_331_15/in_17[21] 	 (fanout : 1)
hpin:tr_soc_top_mx/u_ctrl/mux_cmbsop_nxt_reg_busy_331_15/in_17[20] 	 (fanout : 1)
hpin:tr_soc_top_mx/u_ctrl/mux_cmbsop_nxt_reg_busy_331_15/in_17[19] 	 (fanout : 1)
hpin:tr_soc_top_mx/u_ctrl/mux_cmbsop_nxt_reg_busy_331_15/in_17[18] 	 (fanout : 1)
hpin:tr_soc_top_mx/u_ctrl/mux_cmbsop_nxt_reg_busy_331_15/in_17[17] 	 (fanout : 1)
hpin:tr_soc_top_mx/u_ctrl/mux_cmbsop_nxt_reg_busy_331_15/in_17[16] 	 (fanout : 1)
hpin:tr_soc_top_mx/u_ctrl/mux_cmbsop_nxt_reg_busy_331_15/in_17[15] 	 (fanout : 1)
hpin:tr_soc_top_mx/u_ctrl/mux_cmbsop_nxt_reg_busy_331_15/in_17[14] 	 (fanout : 1)
hpin:tr_soc_top_mx/u_ctrl/mux_cmbsop_nxt_reg_busy_331_15/in_17[13] 	 (fanout : 1)
hpin:tr_soc_top_mx/u_ctrl/mux_cmbsop_nxt_reg_busy_331_15/in_17[12] 	 (fanout : 1)
hpin:tr_soc_top_mx/u_ctrl/mux_cmbsop_nxt_reg_busy_331_15/in_17[11] 	 (fanout : 1)
hpin:tr_soc_top_mx/u_ctrl/mux_cmbsop_nxt_reg_busy_331_15/in_17[10] 	 (fanout : 1)
hpin:tr_soc_top_mx/u_ctrl/mux_cmbsop_nxt_reg_busy_331_15/in_17[9] 	 (fanout : 1)
hpin:tr_soc_top_mx/u_ctrl/mux_cmbsop_nxt_reg_busy_331_15/in_17[8] 	 (fanout : 1)
hpin:tr_soc_top_mx/u_ctrl/mux_cmbsop_nxt_reg_busy_331_15/in_17[7] 	 (fanout : 1)
hpin:tr_soc_top_mx/u_ctrl/mux_cmbsop_nxt_reg_busy_331_15/in_17[6] 	 (fanout : 1)
hpin:tr_soc_top_mx/u_ctrl/mux_cmbsop_nxt_reg_busy_331_15/in_17[5] 	 (fanout : 1)
hpin:tr_soc_top_mx/u_ctrl/mux_cmbsop_nxt_reg_busy_331_15/in_17[4] 	 (fanout : 1)
hpin:tr_soc_top_mx/u_ctrl/mux_cmbsop_nxt_reg_busy_331_15/in_17[3] 	 (fanout : 1)
hpin:tr_soc_top_mx/u_ctrl/mux_cmbsop_nxt_reg_busy_331_15/in_17[2] 	 (fanout : 1)
hpin:tr_soc_top_mx/u_ctrl/mux_cmbsop_nxt_reg_busy_331_15/in_17[1] 	 (fanout : 1)
hpin:tr_soc_top_mx/u_ctrl/mux_cmbsop_nxt_reg_busy_331_15/in_17[0] 	 (fanout : 1)
hpin:tr_soc_top_mx/u_ctrl/mux_cmbsop_nxt_reg_busy_331_15/in_18[28] 	 (fanout : 1)
hpin:tr_soc_top_mx/u_ctrl/mux_cmbsop_nxt_reg_busy_331_15/in_18[27] 	 (fanout : 1)
hpin:tr_soc_top_mx/u_ctrl/mux_cmbsop_nxt_reg_busy_331_15/in_18[26] 	 (fanout : 1)
hpin:tr_soc_top_mx/u_ctrl/mux_cmbsop_nxt_reg_busy_331_15/in_18[25] 	 (fanout : 1)
hpin:tr_soc_top_mx/u_ctrl/mux_cmbsop_nxt_reg_busy_331_15/in_18[24] 	 (fanout : 1)
hpin:tr_soc_top_mx/u_ctrl/mux_cmbsop_nxt_reg_busy_331_15/in_18[23] 	 (fanout : 1)
hpin:tr_soc_top_mx/u_ctrl/mux_cmbsop_nxt_reg_busy_331_15/in_18[22] 	 (fanout : 1)
hpin:tr_soc_top_mx/u_ctrl/mux_cmbsop_nxt_reg_busy_331_15/in_18[21] 	 (fanout : 1)
hpin:tr_soc_top_mx/u_ctrl/mux_cmbsop_nxt_reg_busy_331_15/in_18[20] 	 (fanout : 1)
hpin:tr_soc_top_mx/u_ctrl/mux_cmbsop_nxt_reg_busy_331_15/in_18[19] 	 (fanout : 1)
hpin:tr_soc_top_mx/u_ctrl/mux_cmbsop_nxt_reg_busy_331_15/in_18[18] 	 (fanout : 1)
hpin:tr_soc_top_mx/u_ctrl/mux_cmbsop_nxt_reg_busy_331_15/in_18[17] 	 (fanout : 1)
hpin:tr_soc_top_mx/u_ctrl/mux_cmbsop_nxt_reg_busy_331_15/in_18[16] 	 (fanout : 1)
hpin:tr_soc_top_mx/u_ctrl/mux_cmbsop_nxt_reg_busy_331_15/in_18[15] 	 (fanout : 1)
hpin:tr_soc_top_mx/u_ctrl/mux_cmbsop_nxt_reg_busy_331_15/in_18[14] 	 (fanout : 1)
hpin:tr_soc_top_mx/u_ctrl/mux_cmbsop_nxt_reg_busy_331_15/in_18[13] 	 (fanout : 1)
hpin:tr_soc_top_mx/u_ctrl/mux_cmbsop_nxt_reg_busy_331_15/in_18[12] 	 (fanout : 1)
hpin:tr_soc_top_mx/u_ctrl/mux_cmbsop_nxt_reg_busy_331_15/in_18[11] 	 (fanout : 1)
hpin:tr_soc_top_mx/u_ctrl/mux_cmbsop_nxt_reg_busy_331_15/in_18[10] 	 (fanout : 1)
hpin:tr_soc_top_mx/u_ctrl/mux_cmbsop_nxt_reg_busy_331_15/in_18[9] 	 (fanout : 1)
hpin:tr_soc_top_mx/u_ctrl/mux_cmbsop_nxt_reg_busy_331_15/in_18[8] 	 (fanout : 1)
hpin:tr_soc_top_mx/u_ctrl/mux_cmbsop_nxt_reg_busy_331_15/in_18[7] 	 (fanout : 1)
hpin:tr_soc_top_mx/u_ctrl/mux_cmbsop_nxt_reg_busy_331_15/in_18[6] 	 (fanout : 1)
hpin:tr_soc_top_mx/u_ctrl/mux_cmbsop_nxt_reg_busy_331_15/in_18[5] 	 (fanout : 1)
hpin:tr_soc_top_mx/u_ctrl/mux_cmbsop_nxt_reg_busy_331_15/in_18[4] 	 (fanout : 1)
hpin:tr_soc_top_mx/u_ctrl/mux_cmbsop_nxt_reg_busy_331_15/in_18[3] 	 (fanout : 1)
hpin:tr_soc_top_mx/u_ctrl/mux_cmbsop_nxt_reg_busy_331_15/in_18[2] 	 (fanout : 1)
hpin:tr_soc_top_mx/u_ctrl/mux_cmbsop_nxt_reg_busy_331_15/in_18[1] 	 (fanout : 1)
hpin:tr_soc_top_mx/u_ctrl/mux_cmbsop_nxt_reg_busy_331_15/in_18[0] 	 (fanout : 1)
hpin:tr_soc_top_mx/u_ctrl/mux_cmbsop_nxt_reg_busy_331_15/in_19[28] 	 (fanout : 1)
hpin:tr_soc_top_mx/u_ctrl/mux_cmbsop_nxt_reg_busy_331_15/in_19[27] 	 (fanout : 1)
hpin:tr_soc_top_mx/u_ctrl/mux_cmbsop_nxt_reg_busy_331_15/in_19[26] 	 (fanout : 1)
hpin:tr_soc_top_mx/u_ctrl/mux_cmbsop_nxt_reg_busy_331_15/in_19[25] 	 (fanout : 1)
hpin:tr_soc_top_mx/u_ctrl/mux_cmbsop_nxt_reg_busy_331_15/in_19[24] 	 (fanout : 1)
hpin:tr_soc_top_mx/u_ctrl/mux_cmbsop_nxt_reg_busy_331_15/in_19[23] 	 (fanout : 1)
hpin:tr_soc_top_mx/u_ctrl/mux_cmbsop_nxt_reg_busy_331_15/in_19[22] 	 (fanout : 1)
hpin:tr_soc_top_mx/u_ctrl/mux_cmbsop_nxt_reg_busy_331_15/in_19[21] 	 (fanout : 1)
hpin:tr_soc_top_mx/u_ctrl/mux_cmbsop_nxt_reg_busy_331_15/in_19[20] 	 (fanout : 1)
hpin:tr_soc_top_mx/u_ctrl/mux_cmbsop_nxt_reg_busy_331_15/in_19[19] 	 (fanout : 1)
hpin:tr_soc_top_mx/u_ctrl/mux_cmbsop_nxt_reg_busy_331_15/in_19[18] 	 (fanout : 1)
hpin:tr_soc_top_mx/u_ctrl/mux_cmbsop_nxt_reg_busy_331_15/in_19[17] 	 (fanout : 1)
hpin:tr_soc_top_mx/u_ctrl/mux_cmbsop_nxt_reg_busy_331_15/in_19[16] 	 (fanout : 1)
hpin:tr_soc_top_mx/u_ctrl/mux_cmbsop_nxt_reg_busy_331_15/in_19[15] 	 (fanout : 1)
hpin:tr_soc_top_mx/u_ctrl/mux_cmbsop_nxt_reg_busy_331_15/in_19[14] 	 (fanout : 1)
hpin:tr_soc_top_mx/u_ctrl/mux_cmbsop_nxt_reg_busy_331_15/in_19[13] 	 (fanout : 1)
hpin:tr_soc_top_mx/u_ctrl/mux_cmbsop_nxt_reg_busy_331_15/in_19[12] 	 (fanout : 1)
hpin:tr_soc_top_mx/u_ctrl/mux_cmbsop_nxt_reg_busy_331_15/in_19[11] 	 (fanout : 1)
hpin:tr_soc_top_mx/u_ctrl/mux_cmbsop_nxt_reg_busy_331_15/in_19[10] 	 (fanout : 1)
hpin:tr_soc_top_mx/u_ctrl/mux_cmbsop_nxt_reg_busy_331_15/in_19[9] 	 (fanout : 1)
hpin:tr_soc_top_mx/u_ctrl/mux_cmbsop_nxt_reg_busy_331_15/in_19[8] 	 (fanout : 1)
hpin:tr_soc_top_mx/u_ctrl/mux_cmbsop_nxt_reg_busy_331_15/in_19[7] 	 (fanout : 1)
hpin:tr_soc_top_mx/u_ctrl/mux_cmbsop_nxt_reg_busy_331_15/in_19[6] 	 (fanout : 1)
hpin:tr_soc_top_mx/u_ctrl/mux_cmbsop_nxt_reg_busy_331_15/in_19[5] 	 (fanout : 1)
hpin:tr_soc_top_mx/u_ctrl/mux_cmbsop_nxt_reg_busy_331_15/in_19[4] 	 (fanout : 1)
hpin:tr_soc_top_mx/u_ctrl/mux_cmbsop_nxt_reg_busy_331_15/in_19[3] 	 (fanout : 1)
hpin:tr_soc_top_mx/u_ctrl/mux_cmbsop_nxt_reg_busy_331_15/in_19[2] 	 (fanout : 1)
hpin:tr_soc_top_mx/u_ctrl/mux_cmbsop_nxt_reg_busy_331_15/in_19[1] 	 (fanout : 1)
hpin:tr_soc_top_mx/u_ctrl/mux_cmbsop_nxt_reg_busy_331_15/in_19[0] 	 (fanout : 1)
hpin:tr_soc_top_mx/u_ctrl/mux_cmbsop_nxt_reg_busy_331_15/in_20[28] 	 (fanout : 1)
hpin:tr_soc_top_mx/u_ctrl/mux_cmbsop_nxt_reg_busy_331_15/in_20[27] 	 (fanout : 1)
hpin:tr_soc_top_mx/u_ctrl/mux_cmbsop_nxt_reg_busy_331_15/in_20[26] 	 (fanout : 1)
hpin:tr_soc_top_mx/u_ctrl/mux_cmbsop_nxt_reg_busy_331_15/in_20[25] 	 (fanout : 1)
hpin:tr_soc_top_mx/u_ctrl/mux_cmbsop_nxt_reg_busy_331_15/in_20[24] 	 (fanout : 1)
hpin:tr_soc_top_mx/u_ctrl/mux_cmbsop_nxt_reg_busy_331_15/in_20[23] 	 (fanout : 1)
hpin:tr_soc_top_mx/u_ctrl/mux_cmbsop_nxt_reg_busy_331_15/in_20[22] 	 (fanout : 1)
hpin:tr_soc_top_mx/u_ctrl/mux_cmbsop_nxt_reg_busy_331_15/in_20[21] 	 (fanout : 1)
hpin:tr_soc_top_mx/u_ctrl/mux_cmbsop_nxt_reg_busy_331_15/in_20[20] 	 (fanout : 1)
hpin:tr_soc_top_mx/u_ctrl/mux_cmbsop_nxt_reg_busy_331_15/in_20[19] 	 (fanout : 1)
hpin:tr_soc_top_mx/u_ctrl/mux_cmbsop_nxt_reg_busy_331_15/in_20[18] 	 (fanout : 1)
hpin:tr_soc_top_mx/u_ctrl/mux_cmbsop_nxt_reg_busy_331_15/in_20[17] 	 (fanout : 1)
hpin:tr_soc_top_mx/u_ctrl/mux_cmbsop_nxt_reg_busy_331_15/in_20[16] 	 (fanout : 1)
hpin:tr_soc_top_mx/u_ctrl/mux_cmbsop_nxt_reg_busy_331_15/in_20[15] 	 (fanout : 1)
hpin:tr_soc_top_mx/u_ctrl/mux_cmbsop_nxt_reg_busy_331_15/in_20[14] 	 (fanout : 1)
hpin:tr_soc_top_mx/u_ctrl/mux_cmbsop_nxt_reg_busy_331_15/in_20[13] 	 (fanout : 1)
hpin:tr_soc_top_mx/u_ctrl/mux_cmbsop_nxt_reg_busy_331_15/in_20[12] 	 (fanout : 1)
hpin:tr_soc_top_mx/u_ctrl/mux_cmbsop_nxt_reg_busy_331_15/in_20[11] 	 (fanout : 1)
hpin:tr_soc_top_mx/u_ctrl/mux_cmbsop_nxt_reg_busy_331_15/in_20[10] 	 (fanout : 1)
hpin:tr_soc_top_mx/u_ctrl/mux_cmbsop_nxt_reg_busy_331_15/in_20[9] 	 (fanout : 1)
hpin:tr_soc_top_mx/u_ctrl/mux_cmbsop_nxt_reg_busy_331_15/in_20[8] 	 (fanout : 1)
hpin:tr_soc_top_mx/u_ctrl/mux_cmbsop_nxt_reg_busy_331_15/in_20[7] 	 (fanout : 1)
hpin:tr_soc_top_mx/u_ctrl/mux_cmbsop_nxt_reg_busy_331_15/in_20[6] 	 (fanout : 1)
hpin:tr_soc_top_mx/u_ctrl/mux_cmbsop_nxt_reg_busy_331_15/in_20[5] 	 (fanout : 1)
hpin:tr_soc_top_mx/u_ctrl/mux_cmbsop_nxt_reg_busy_331_15/in_20[4] 	 (fanout : 1)
hpin:tr_soc_top_mx/u_ctrl/mux_cmbsop_nxt_reg_busy_331_15/in_20[3] 	 (fanout : 1)
hpin:tr_soc_top_mx/u_ctrl/mux_cmbsop_nxt_reg_busy_331_15/in_20[2] 	 (fanout : 1)
hpin:tr_soc_top_mx/u_ctrl/mux_cmbsop_nxt_reg_busy_331_15/in_20[1] 	 (fanout : 1)
hpin:tr_soc_top_mx/u_ctrl/mux_cmbsop_nxt_reg_busy_331_15/in_20[0] 	 (fanout : 1)
hpin:tr_soc_top_mx/u_ctrl/mux_cmbsop_nxt_reg_busy_331_15/in_21[28] 	 (fanout : 1)
hpin:tr_soc_top_mx/u_ctrl/mux_cmbsop_nxt_reg_busy_331_15/in_21[27] 	 (fanout : 1)
hpin:tr_soc_top_mx/u_ctrl/mux_cmbsop_nxt_reg_busy_331_15/in_21[26] 	 (fanout : 1)
hpin:tr_soc_top_mx/u_ctrl/mux_cmbsop_nxt_reg_busy_331_15/in_21[25] 	 (fanout : 1)
hpin:tr_soc_top_mx/u_ctrl/mux_cmbsop_nxt_reg_busy_331_15/in_21[24] 	 (fanout : 1)
hpin:tr_soc_top_mx/u_ctrl/mux_cmbsop_nxt_reg_busy_331_15/in_21[23] 	 (fanout : 1)
hpin:tr_soc_top_mx/u_ctrl/mux_cmbsop_nxt_reg_busy_331_15/in_21[22] 	 (fanout : 1)
hpin:tr_soc_top_mx/u_ctrl/mux_cmbsop_nxt_reg_busy_331_15/in_21[21] 	 (fanout : 1)
hpin:tr_soc_top_mx/u_ctrl/mux_cmbsop_nxt_reg_busy_331_15/in_21[20] 	 (fanout : 1)
hpin:tr_soc_top_mx/u_ctrl/mux_cmbsop_nxt_reg_busy_331_15/in_21[19] 	 (fanout : 1)
hpin:tr_soc_top_mx/u_ctrl/mux_cmbsop_nxt_reg_busy_331_15/in_21[18] 	 (fanout : 1)
hpin:tr_soc_top_mx/u_ctrl/mux_cmbsop_nxt_reg_busy_331_15/in_21[17] 	 (fanout : 1)
hpin:tr_soc_top_mx/u_ctrl/mux_cmbsop_nxt_reg_busy_331_15/in_21[16] 	 (fanout : 1)
hpin:tr_soc_top_mx/u_ctrl/mux_cmbsop_nxt_reg_busy_331_15/in_21[15] 	 (fanout : 1)
hpin:tr_soc_top_mx/u_ctrl/mux_cmbsop_nxt_reg_busy_331_15/in_21[14] 	 (fanout : 1)
hpin:tr_soc_top_mx/u_ctrl/mux_cmbsop_nxt_reg_busy_331_15/in_21[13] 	 (fanout : 1)
hpin:tr_soc_top_mx/u_ctrl/mux_cmbsop_nxt_reg_busy_331_15/in_21[12] 	 (fanout : 1)
hpin:tr_soc_top_mx/u_ctrl/mux_cmbsop_nxt_reg_busy_331_15/in_21[11] 	 (fanout : 1)
hpin:tr_soc_top_mx/u_ctrl/mux_cmbsop_nxt_reg_busy_331_15/in_21[10] 	 (fanout : 1)
hpin:tr_soc_top_mx/u_ctrl/mux_cmbsop_nxt_reg_busy_331_15/in_21[9] 	 (fanout : 1)
hpin:tr_soc_top_mx/u_ctrl/mux_cmbsop_nxt_reg_busy_331_15/in_21[8] 	 (fanout : 1)
hpin:tr_soc_top_mx/u_ctrl/mux_cmbsop_nxt_reg_busy_331_15/in_21[7] 	 (fanout : 1)
hpin:tr_soc_top_mx/u_ctrl/mux_cmbsop_nxt_reg_busy_331_15/in_21[6] 	 (fanout : 1)
hpin:tr_soc_top_mx/u_ctrl/mux_cmbsop_nxt_reg_busy_331_15/in_21[5] 	 (fanout : 1)
hpin:tr_soc_top_mx/u_ctrl/mux_cmbsop_nxt_reg_busy_331_15/in_21[4] 	 (fanout : 1)
hpin:tr_soc_top_mx/u_ctrl/mux_cmbsop_nxt_reg_busy_331_15/in_21[3] 	 (fanout : 1)
hpin:tr_soc_top_mx/u_ctrl/mux_cmbsop_nxt_reg_busy_331_15/in_21[2] 	 (fanout : 1)
hpin:tr_soc_top_mx/u_ctrl/mux_cmbsop_nxt_reg_busy_331_15/in_21[1] 	 (fanout : 1)
hpin:tr_soc_top_mx/u_ctrl/mux_cmbsop_nxt_reg_busy_331_15/in_21[0] 	 (fanout : 1)
hpin:tr_soc_top_mx/u_ctrl/mux_cmbsop_nxt_reg_busy_331_15/in_22[28] 	 (fanout : 1)
hpin:tr_soc_top_mx/u_ctrl/mux_cmbsop_nxt_reg_busy_331_15/in_22[27] 	 (fanout : 1)
hpin:tr_soc_top_mx/u_ctrl/mux_cmbsop_nxt_reg_busy_331_15/in_22[26] 	 (fanout : 1)
hpin:tr_soc_top_mx/u_ctrl/mux_cmbsop_nxt_reg_busy_331_15/in_22[25] 	 (fanout : 1)
hpin:tr_soc_top_mx/u_ctrl/mux_cmbsop_nxt_reg_busy_331_15/in_22[24] 	 (fanout : 1)
hpin:tr_soc_top_mx/u_ctrl/mux_cmbsop_nxt_reg_busy_331_15/in_22[23] 	 (fanout : 1)
hpin:tr_soc_top_mx/u_ctrl/mux_cmbsop_nxt_reg_busy_331_15/in_22[22] 	 (fanout : 1)
hpin:tr_soc_top_mx/u_ctrl/mux_cmbsop_nxt_reg_busy_331_15/in_22[21] 	 (fanout : 1)
hpin:tr_soc_top_mx/u_ctrl/mux_cmbsop_nxt_reg_busy_331_15/in_22[20] 	 (fanout : 1)
hpin:tr_soc_top_mx/u_ctrl/mux_cmbsop_nxt_reg_busy_331_15/in_22[19] 	 (fanout : 1)
hpin:tr_soc_top_mx/u_ctrl/mux_cmbsop_nxt_reg_busy_331_15/in_22[18] 	 (fanout : 1)
hpin:tr_soc_top_mx/u_ctrl/mux_cmbsop_nxt_reg_busy_331_15/in_22[17] 	 (fanout : 1)
hpin:tr_soc_top_mx/u_ctrl/mux_cmbsop_nxt_reg_busy_331_15/in_22[16] 	 (fanout : 1)
hpin:tr_soc_top_mx/u_ctrl/mux_cmbsop_nxt_reg_busy_331_15/in_22[15] 	 (fanout : 1)
hpin:tr_soc_top_mx/u_ctrl/mux_cmbsop_nxt_reg_busy_331_15/in_22[14] 	 (fanout : 1)
hpin:tr_soc_top_mx/u_ctrl/mux_cmbsop_nxt_reg_busy_331_15/in_22[13] 	 (fanout : 1)
hpin:tr_soc_top_mx/u_ctrl/mux_cmbsop_nxt_reg_busy_331_15/in_22[12] 	 (fanout : 1)
hpin:tr_soc_top_mx/u_ctrl/mux_cmbsop_nxt_reg_busy_331_15/in_22[11] 	 (fanout : 1)
hpin:tr_soc_top_mx/u_ctrl/mux_cmbsop_nxt_reg_busy_331_15/in_22[10] 	 (fanout : 1)
hpin:tr_soc_top_mx/u_ctrl/mux_cmbsop_nxt_reg_busy_331_15/in_22[9] 	 (fanout : 1)
hpin:tr_soc_top_mx/u_ctrl/mux_cmbsop_nxt_reg_busy_331_15/in_22[8] 	 (fanout : 1)
hpin:tr_soc_top_mx/u_ctrl/mux_cmbsop_nxt_reg_busy_331_15/in_22[7] 	 (fanout : 1)
hpin:tr_soc_top_mx/u_ctrl/mux_cmbsop_nxt_reg_busy_331_15/in_22[6] 	 (fanout : 1)
hpin:tr_soc_top_mx/u_ctrl/mux_cmbsop_nxt_reg_busy_331_15/in_22[5] 	 (fanout : 1)
hpin:tr_soc_top_mx/u_ctrl/mux_cmbsop_nxt_reg_busy_331_15/in_22[4] 	 (fanout : 1)
hpin:tr_soc_top_mx/u_ctrl/mux_cmbsop_nxt_reg_busy_331_15/in_22[3] 	 (fanout : 1)
hpin:tr_soc_top_mx/u_ctrl/mux_cmbsop_nxt_reg_busy_331_15/in_22[2] 	 (fanout : 1)
hpin:tr_soc_top_mx/u_ctrl/mux_cmbsop_nxt_reg_busy_331_15/in_22[1] 	 (fanout : 1)
hpin:tr_soc_top_mx/u_ctrl/mux_cmbsop_nxt_reg_busy_331_15/in_22[0] 	 (fanout : 1)
hpin:tr_soc_top_mx/u_ctrl/mux_cmbsop_nxt_reg_busy_331_15/in_23[28] 	 (fanout : 1)
hpin:tr_soc_top_mx/u_ctrl/mux_cmbsop_nxt_reg_busy_331_15/in_23[27] 	 (fanout : 1)
hpin:tr_soc_top_mx/u_ctrl/mux_cmbsop_nxt_reg_busy_331_15/in_23[26] 	 (fanout : 1)
hpin:tr_soc_top_mx/u_ctrl/mux_cmbsop_nxt_reg_busy_331_15/in_23[25] 	 (fanout : 1)
hpin:tr_soc_top_mx/u_ctrl/mux_cmbsop_nxt_reg_busy_331_15/in_23[24] 	 (fanout : 1)
hpin:tr_soc_top_mx/u_ctrl/mux_cmbsop_nxt_reg_busy_331_15/in_23[23] 	 (fanout : 1)
hpin:tr_soc_top_mx/u_ctrl/mux_cmbsop_nxt_reg_busy_331_15/in_23[22] 	 (fanout : 1)
hpin:tr_soc_top_mx/u_ctrl/mux_cmbsop_nxt_reg_busy_331_15/in_23[21] 	 (fanout : 1)
hpin:tr_soc_top_mx/u_ctrl/mux_cmbsop_nxt_reg_busy_331_15/in_23[20] 	 (fanout : 1)
hpin:tr_soc_top_mx/u_ctrl/mux_cmbsop_nxt_reg_busy_331_15/in_23[19] 	 (fanout : 1)
hpin:tr_soc_top_mx/u_ctrl/mux_cmbsop_nxt_reg_busy_331_15/in_23[18] 	 (fanout : 1)
hpin:tr_soc_top_mx/u_ctrl/mux_cmbsop_nxt_reg_busy_331_15/in_23[17] 	 (fanout : 1)
hpin:tr_soc_top_mx/u_ctrl/mux_cmbsop_nxt_reg_busy_331_15/in_23[16] 	 (fanout : 1)
hpin:tr_soc_top_mx/u_ctrl/mux_cmbsop_nxt_reg_busy_331_15/in_23[15] 	 (fanout : 1)
hpin:tr_soc_top_mx/u_ctrl/mux_cmbsop_nxt_reg_busy_331_15/in_23[14] 	 (fanout : 1)
hpin:tr_soc_top_mx/u_ctrl/mux_cmbsop_nxt_reg_busy_331_15/in_23[13] 	 (fanout : 1)
hpin:tr_soc_top_mx/u_ctrl/mux_cmbsop_nxt_reg_busy_331_15/in_23[12] 	 (fanout : 1)
hpin:tr_soc_top_mx/u_ctrl/mux_cmbsop_nxt_reg_busy_331_15/in_23[11] 	 (fanout : 1)
hpin:tr_soc_top_mx/u_ctrl/mux_cmbsop_nxt_reg_busy_331_15/in_23[10] 	 (fanout : 1)
hpin:tr_soc_top_mx/u_ctrl/mux_cmbsop_nxt_reg_busy_331_15/in_23[9] 	 (fanout : 1)
hpin:tr_soc_top_mx/u_ctrl/mux_cmbsop_nxt_reg_busy_331_15/in_23[8] 	 (fanout : 1)
hpin:tr_soc_top_mx/u_ctrl/mux_cmbsop_nxt_reg_busy_331_15/in_23[7] 	 (fanout : 1)
hpin:tr_soc_top_mx/u_ctrl/mux_cmbsop_nxt_reg_busy_331_15/in_23[6] 	 (fanout : 1)
hpin:tr_soc_top_mx/u_ctrl/mux_cmbsop_nxt_reg_busy_331_15/in_23[5] 	 (fanout : 1)
hpin:tr_soc_top_mx/u_ctrl/mux_cmbsop_nxt_reg_busy_331_15/in_23[4] 	 (fanout : 1)
hpin:tr_soc_top_mx/u_ctrl/mux_cmbsop_nxt_reg_busy_331_15/in_23[3] 	 (fanout : 1)
hpin:tr_soc_top_mx/u_ctrl/mux_cmbsop_nxt_reg_busy_331_15/in_23[2] 	 (fanout : 1)
hpin:tr_soc_top_mx/u_ctrl/mux_cmbsop_nxt_reg_busy_331_15/in_23[1] 	 (fanout : 1)
hpin:tr_soc_top_mx/u_ctrl/mux_cmbsop_nxt_reg_busy_331_15/in_23[0] 	 (fanout : 1)
hpin:tr_soc_top_mx/u_ctrl/mux_cmbsop_nxt_reg_busy_331_15/in_24[28] 	 (fanout : 1)
hpin:tr_soc_top_mx/u_ctrl/mux_cmbsop_nxt_reg_busy_331_15/in_24[27] 	 (fanout : 1)
hpin:tr_soc_top_mx/u_ctrl/mux_cmbsop_nxt_reg_busy_331_15/in_24[26] 	 (fanout : 1)
hpin:tr_soc_top_mx/u_ctrl/mux_cmbsop_nxt_reg_busy_331_15/in_24[25] 	 (fanout : 1)
hpin:tr_soc_top_mx/u_ctrl/mux_cmbsop_nxt_reg_busy_331_15/in_24[24] 	 (fanout : 1)
hpin:tr_soc_top_mx/u_ctrl/mux_cmbsop_nxt_reg_busy_331_15/in_24[23] 	 (fanout : 1)
hpin:tr_soc_top_mx/u_ctrl/mux_cmbsop_nxt_reg_busy_331_15/in_24[22] 	 (fanout : 1)
hpin:tr_soc_top_mx/u_ctrl/mux_cmbsop_nxt_reg_busy_331_15/in_24[21] 	 (fanout : 1)
hpin:tr_soc_top_mx/u_ctrl/mux_cmbsop_nxt_reg_busy_331_15/in_24[20] 	 (fanout : 1)
hpin:tr_soc_top_mx/u_ctrl/mux_cmbsop_nxt_reg_busy_331_15/in_24[19] 	 (fanout : 1)
hpin:tr_soc_top_mx/u_ctrl/mux_cmbsop_nxt_reg_busy_331_15/in_24[18] 	 (fanout : 1)
hpin:tr_soc_top_mx/u_ctrl/mux_cmbsop_nxt_reg_busy_331_15/in_24[17] 	 (fanout : 1)
hpin:tr_soc_top_mx/u_ctrl/mux_cmbsop_nxt_reg_busy_331_15/in_24[16] 	 (fanout : 1)
hpin:tr_soc_top_mx/u_ctrl/mux_cmbsop_nxt_reg_busy_331_15/in_24[15] 	 (fanout : 1)
hpin:tr_soc_top_mx/u_ctrl/mux_cmbsop_nxt_reg_busy_331_15/in_24[14] 	 (fanout : 1)
hpin:tr_soc_top_mx/u_ctrl/mux_cmbsop_nxt_reg_busy_331_15/in_24[13] 	 (fanout : 1)
hpin:tr_soc_top_mx/u_ctrl/mux_cmbsop_nxt_reg_busy_331_15/in_24[12] 	 (fanout : 1)
hpin:tr_soc_top_mx/u_ctrl/mux_cmbsop_nxt_reg_busy_331_15/in_24[11] 	 (fanout : 1)
hpin:tr_soc_top_mx/u_ctrl/mux_cmbsop_nxt_reg_busy_331_15/in_24[10] 	 (fanout : 1)
hpin:tr_soc_top_mx/u_ctrl/mux_cmbsop_nxt_reg_busy_331_15/in_24[9] 	 (fanout : 1)
hpin:tr_soc_top_mx/u_ctrl/mux_cmbsop_nxt_reg_busy_331_15/in_24[8] 	 (fanout : 1)
hpin:tr_soc_top_mx/u_ctrl/mux_cmbsop_nxt_reg_busy_331_15/in_24[7] 	 (fanout : 1)
hpin:tr_soc_top_mx/u_ctrl/mux_cmbsop_nxt_reg_busy_331_15/in_24[6] 	 (fanout : 1)
hpin:tr_soc_top_mx/u_ctrl/mux_cmbsop_nxt_reg_busy_331_15/in_24[5] 	 (fanout : 1)
hpin:tr_soc_top_mx/u_ctrl/mux_cmbsop_nxt_reg_busy_331_15/in_24[4] 	 (fanout : 1)
hpin:tr_soc_top_mx/u_ctrl/mux_cmbsop_nxt_reg_busy_331_15/in_24[3] 	 (fanout : 1)
hpin:tr_soc_top_mx/u_ctrl/mux_cmbsop_nxt_reg_busy_331_15/in_24[2] 	 (fanout : 1)
hpin:tr_soc_top_mx/u_ctrl/mux_cmbsop_nxt_reg_busy_331_15/in_24[1] 	 (fanout : 1)
hpin:tr_soc_top_mx/u_ctrl/mux_cmbsop_nxt_reg_busy_331_15/in_24[0] 	 (fanout : 1)
hpin:tr_soc_top_mx/u_ctrl/mux_cmbsop_nxt_reg_busy_331_15/in_25[28] 	 (fanout : 1)
hpin:tr_soc_top_mx/u_ctrl/mux_cmbsop_nxt_reg_busy_331_15/in_25[27] 	 (fanout : 1)
hpin:tr_soc_top_mx/u_ctrl/mux_cmbsop_nxt_reg_busy_331_15/in_25[26] 	 (fanout : 1)
hpin:tr_soc_top_mx/u_ctrl/mux_cmbsop_nxt_reg_busy_331_15/in_25[25] 	 (fanout : 1)
hpin:tr_soc_top_mx/u_ctrl/mux_cmbsop_nxt_reg_busy_331_15/in_25[24] 	 (fanout : 1)
hpin:tr_soc_top_mx/u_ctrl/mux_cmbsop_nxt_reg_busy_331_15/in_25[23] 	 (fanout : 1)
hpin:tr_soc_top_mx/u_ctrl/mux_cmbsop_nxt_reg_busy_331_15/in_25[22] 	 (fanout : 1)
hpin:tr_soc_top_mx/u_ctrl/mux_cmbsop_nxt_reg_busy_331_15/in_25[21] 	 (fanout : 1)
hpin:tr_soc_top_mx/u_ctrl/mux_cmbsop_nxt_reg_busy_331_15/in_25[20] 	 (fanout : 1)
hpin:tr_soc_top_mx/u_ctrl/mux_cmbsop_nxt_reg_busy_331_15/in_25[19] 	 (fanout : 1)
hpin:tr_soc_top_mx/u_ctrl/mux_cmbsop_nxt_reg_busy_331_15/in_25[18] 	 (fanout : 1)
hpin:tr_soc_top_mx/u_ctrl/mux_cmbsop_nxt_reg_busy_331_15/in_25[17] 	 (fanout : 1)
hpin:tr_soc_top_mx/u_ctrl/mux_cmbsop_nxt_reg_busy_331_15/in_25[16] 	 (fanout : 1)
hpin:tr_soc_top_mx/u_ctrl/mux_cmbsop_nxt_reg_busy_331_15/in_25[15] 	 (fanout : 1)
hpin:tr_soc_top_mx/u_ctrl/mux_cmbsop_nxt_reg_busy_331_15/in_25[14] 	 (fanout : 1)
hpin:tr_soc_top_mx/u_ctrl/mux_cmbsop_nxt_reg_busy_331_15/in_25[13] 	 (fanout : 1)
hpin:tr_soc_top_mx/u_ctrl/mux_cmbsop_nxt_reg_busy_331_15/in_25[12] 	 (fanout : 1)
hpin:tr_soc_top_mx/u_ctrl/mux_cmbsop_nxt_reg_busy_331_15/in_25[11] 	 (fanout : 1)
hpin:tr_soc_top_mx/u_ctrl/mux_cmbsop_nxt_reg_busy_331_15/in_25[10] 	 (fanout : 1)
hpin:tr_soc_top_mx/u_ctrl/mux_cmbsop_nxt_reg_busy_331_15/in_25[9] 	 (fanout : 1)
hpin:tr_soc_top_mx/u_ctrl/mux_cmbsop_nxt_reg_busy_331_15/in_25[8] 	 (fanout : 1)
hpin:tr_soc_top_mx/u_ctrl/mux_cmbsop_nxt_reg_busy_331_15/in_25[7] 	 (fanout : 1)
hpin:tr_soc_top_mx/u_ctrl/mux_cmbsop_nxt_reg_busy_331_15/in_25[6] 	 (fanout : 1)
hpin:tr_soc_top_mx/u_ctrl/mux_cmbsop_nxt_reg_busy_331_15/in_25[5] 	 (fanout : 1)
hpin:tr_soc_top_mx/u_ctrl/mux_cmbsop_nxt_reg_busy_331_15/in_25[4] 	 (fanout : 1)
hpin:tr_soc_top_mx/u_ctrl/mux_cmbsop_nxt_reg_busy_331_15/in_25[3] 	 (fanout : 1)
hpin:tr_soc_top_mx/u_ctrl/mux_cmbsop_nxt_reg_busy_331_15/in_25[2] 	 (fanout : 1)
hpin:tr_soc_top_mx/u_ctrl/mux_cmbsop_nxt_reg_busy_331_15/in_25[1] 	 (fanout : 1)
hpin:tr_soc_top_mx/u_ctrl/mux_cmbsop_nxt_reg_busy_331_15/in_25[0] 	 (fanout : 1)
hpin:tr_soc_top_mx/u_ctrl/mux_cmbsop_nxt_reg_busy_331_15/in_26[28] 	 (fanout : 1)
hpin:tr_soc_top_mx/u_ctrl/mux_cmbsop_nxt_reg_busy_331_15/in_26[27] 	 (fanout : 1)
hpin:tr_soc_top_mx/u_ctrl/mux_cmbsop_nxt_reg_busy_331_15/in_26[26] 	 (fanout : 1)
hpin:tr_soc_top_mx/u_ctrl/mux_cmbsop_nxt_reg_busy_331_15/in_26[25] 	 (fanout : 1)
hpin:tr_soc_top_mx/u_ctrl/mux_cmbsop_nxt_reg_busy_331_15/in_26[24] 	 (fanout : 1)
hpin:tr_soc_top_mx/u_ctrl/mux_cmbsop_nxt_reg_busy_331_15/in_26[23] 	 (fanout : 1)
hpin:tr_soc_top_mx/u_ctrl/mux_cmbsop_nxt_reg_busy_331_15/in_26[22] 	 (fanout : 1)
hpin:tr_soc_top_mx/u_ctrl/mux_cmbsop_nxt_reg_busy_331_15/in_26[21] 	 (fanout : 1)
hpin:tr_soc_top_mx/u_ctrl/mux_cmbsop_nxt_reg_busy_331_15/in_26[20] 	 (fanout : 1)
hpin:tr_soc_top_mx/u_ctrl/mux_cmbsop_nxt_reg_busy_331_15/in_26[19] 	 (fanout : 1)
hpin:tr_soc_top_mx/u_ctrl/mux_cmbsop_nxt_reg_busy_331_15/in_26[18] 	 (fanout : 1)
hpin:tr_soc_top_mx/u_ctrl/mux_cmbsop_nxt_reg_busy_331_15/in_26[17] 	 (fanout : 1)
hpin:tr_soc_top_mx/u_ctrl/mux_cmbsop_nxt_reg_busy_331_15/in_26[16] 	 (fanout : 1)
hpin:tr_soc_top_mx/u_ctrl/mux_cmbsop_nxt_reg_busy_331_15/in_26[15] 	 (fanout : 1)
hpin:tr_soc_top_mx/u_ctrl/mux_cmbsop_nxt_reg_busy_331_15/in_26[14] 	 (fanout : 1)
hpin:tr_soc_top_mx/u_ctrl/mux_cmbsop_nxt_reg_busy_331_15/in_26[13] 	 (fanout : 1)
hpin:tr_soc_top_mx/u_ctrl/mux_cmbsop_nxt_reg_busy_331_15/in_26[12] 	 (fanout : 1)
hpin:tr_soc_top_mx/u_ctrl/mux_cmbsop_nxt_reg_busy_331_15/in_26[11] 	 (fanout : 1)
hpin:tr_soc_top_mx/u_ctrl/mux_cmbsop_nxt_reg_busy_331_15/in_26[10] 	 (fanout : 1)
hpin:tr_soc_top_mx/u_ctrl/mux_cmbsop_nxt_reg_busy_331_15/in_26[9] 	 (fanout : 1)
hpin:tr_soc_top_mx/u_ctrl/mux_cmbsop_nxt_reg_busy_331_15/in_26[8] 	 (fanout : 1)
hpin:tr_soc_top_mx/u_ctrl/mux_cmbsop_nxt_reg_busy_331_15/in_26[7] 	 (fanout : 1)
hpin:tr_soc_top_mx/u_ctrl/mux_cmbsop_nxt_reg_busy_331_15/in_26[6] 	 (fanout : 1)
hpin:tr_soc_top_mx/u_ctrl/mux_cmbsop_nxt_reg_busy_331_15/in_26[5] 	 (fanout : 1)
hpin:tr_soc_top_mx/u_ctrl/mux_cmbsop_nxt_reg_busy_331_15/in_26[4] 	 (fanout : 1)
hpin:tr_soc_top_mx/u_ctrl/mux_cmbsop_nxt_reg_busy_331_15/in_26[3] 	 (fanout : 1)
hpin:tr_soc_top_mx/u_ctrl/mux_cmbsop_nxt_reg_busy_331_15/in_26[2] 	 (fanout : 1)
hpin:tr_soc_top_mx/u_ctrl/mux_cmbsop_nxt_reg_busy_331_15/in_26[1] 	 (fanout : 1)
hpin:tr_soc_top_mx/u_ctrl/mux_cmbsop_nxt_reg_busy_331_15/in_26[0] 	 (fanout : 1)
hpin:tr_soc_top_mx/u_ctrl/mux_cmbsop_nxt_reg_busy_331_15/in_27[28] 	 (fanout : 1)
hpin:tr_soc_top_mx/u_ctrl/mux_cmbsop_nxt_reg_busy_331_15/in_27[27] 	 (fanout : 1)
hpin:tr_soc_top_mx/u_ctrl/mux_cmbsop_nxt_reg_busy_331_15/in_27[26] 	 (fanout : 1)
hpin:tr_soc_top_mx/u_ctrl/mux_cmbsop_nxt_reg_busy_331_15/in_27[25] 	 (fanout : 1)
hpin:tr_soc_top_mx/u_ctrl/mux_cmbsop_nxt_reg_busy_331_15/in_27[24] 	 (fanout : 1)
hpin:tr_soc_top_mx/u_ctrl/mux_cmbsop_nxt_reg_busy_331_15/in_27[23] 	 (fanout : 1)
hpin:tr_soc_top_mx/u_ctrl/mux_cmbsop_nxt_reg_busy_331_15/in_27[22] 	 (fanout : 1)
hpin:tr_soc_top_mx/u_ctrl/mux_cmbsop_nxt_reg_busy_331_15/in_27[21] 	 (fanout : 1)
hpin:tr_soc_top_mx/u_ctrl/mux_cmbsop_nxt_reg_busy_331_15/in_27[20] 	 (fanout : 1)
hpin:tr_soc_top_mx/u_ctrl/mux_cmbsop_nxt_reg_busy_331_15/in_27[19] 	 (fanout : 1)
hpin:tr_soc_top_mx/u_ctrl/mux_cmbsop_nxt_reg_busy_331_15/in_27[18] 	 (fanout : 1)
hpin:tr_soc_top_mx/u_ctrl/mux_cmbsop_nxt_reg_busy_331_15/in_27[17] 	 (fanout : 1)
hpin:tr_soc_top_mx/u_ctrl/mux_cmbsop_nxt_reg_busy_331_15/in_27[16] 	 (fanout : 1)
hpin:tr_soc_top_mx/u_ctrl/mux_cmbsop_nxt_reg_busy_331_15/in_27[15] 	 (fanout : 1)
hpin:tr_soc_top_mx/u_ctrl/mux_cmbsop_nxt_reg_busy_331_15/in_27[14] 	 (fanout : 1)
hpin:tr_soc_top_mx/u_ctrl/mux_cmbsop_nxt_reg_busy_331_15/in_27[13] 	 (fanout : 1)
hpin:tr_soc_top_mx/u_ctrl/mux_cmbsop_nxt_reg_busy_331_15/in_27[12] 	 (fanout : 1)
hpin:tr_soc_top_mx/u_ctrl/mux_cmbsop_nxt_reg_busy_331_15/in_27[11] 	 (fanout : 1)
hpin:tr_soc_top_mx/u_ctrl/mux_cmbsop_nxt_reg_busy_331_15/in_27[10] 	 (fanout : 1)
hpin:tr_soc_top_mx/u_ctrl/mux_cmbsop_nxt_reg_busy_331_15/in_27[9] 	 (fanout : 1)
hpin:tr_soc_top_mx/u_ctrl/mux_cmbsop_nxt_reg_busy_331_15/in_27[8] 	 (fanout : 1)
hpin:tr_soc_top_mx/u_ctrl/mux_cmbsop_nxt_reg_busy_331_15/in_27[7] 	 (fanout : 1)
hpin:tr_soc_top_mx/u_ctrl/mux_cmbsop_nxt_reg_busy_331_15/in_27[6] 	 (fanout : 1)
hpin:tr_soc_top_mx/u_ctrl/mux_cmbsop_nxt_reg_busy_331_15/in_27[5] 	 (fanout : 1)
hpin:tr_soc_top_mx/u_ctrl/mux_cmbsop_nxt_reg_busy_331_15/in_27[4] 	 (fanout : 1)
hpin:tr_soc_top_mx/u_ctrl/mux_cmbsop_nxt_reg_busy_331_15/in_27[3] 	 (fanout : 1)
hpin:tr_soc_top_mx/u_ctrl/mux_cmbsop_nxt_reg_busy_331_15/in_27[2] 	 (fanout : 1)
hpin:tr_soc_top_mx/u_ctrl/mux_cmbsop_nxt_reg_busy_331_15/in_27[1] 	 (fanout : 1)
hpin:tr_soc_top_mx/u_ctrl/mux_cmbsop_nxt_reg_busy_331_15/in_27[0] 	 (fanout : 1)
hpin:tr_soc_top_mx/u_ctrl/mux_cmbsop_nxt_reg_busy_331_15/in_28[28] 	 (fanout : 1)
hpin:tr_soc_top_mx/u_ctrl/mux_cmbsop_nxt_reg_busy_331_15/in_28[27] 	 (fanout : 1)
hpin:tr_soc_top_mx/u_ctrl/mux_cmbsop_nxt_reg_busy_331_15/in_28[26] 	 (fanout : 1)
hpin:tr_soc_top_mx/u_ctrl/mux_cmbsop_nxt_reg_busy_331_15/in_28[25] 	 (fanout : 1)
hpin:tr_soc_top_mx/u_ctrl/mux_cmbsop_nxt_reg_busy_331_15/in_28[24] 	 (fanout : 1)
hpin:tr_soc_top_mx/u_ctrl/mux_cmbsop_nxt_reg_busy_331_15/in_28[23] 	 (fanout : 1)
hpin:tr_soc_top_mx/u_ctrl/mux_cmbsop_nxt_reg_busy_331_15/in_28[22] 	 (fanout : 1)
hpin:tr_soc_top_mx/u_ctrl/mux_cmbsop_nxt_reg_busy_331_15/in_28[21] 	 (fanout : 1)
hpin:tr_soc_top_mx/u_ctrl/mux_cmbsop_nxt_reg_busy_331_15/in_28[20] 	 (fanout : 1)
hpin:tr_soc_top_mx/u_ctrl/mux_cmbsop_nxt_reg_busy_331_15/in_28[19] 	 (fanout : 1)
hpin:tr_soc_top_mx/u_ctrl/mux_cmbsop_nxt_reg_busy_331_15/in_28[18] 	 (fanout : 1)
hpin:tr_soc_top_mx/u_ctrl/mux_cmbsop_nxt_reg_busy_331_15/in_28[17] 	 (fanout : 1)
hpin:tr_soc_top_mx/u_ctrl/mux_cmbsop_nxt_reg_busy_331_15/in_28[16] 	 (fanout : 1)
hpin:tr_soc_top_mx/u_ctrl/mux_cmbsop_nxt_reg_busy_331_15/in_28[15] 	 (fanout : 1)
hpin:tr_soc_top_mx/u_ctrl/mux_cmbsop_nxt_reg_busy_331_15/in_28[14] 	 (fanout : 1)
hpin:tr_soc_top_mx/u_ctrl/mux_cmbsop_nxt_reg_busy_331_15/in_28[13] 	 (fanout : 1)
hpin:tr_soc_top_mx/u_ctrl/mux_cmbsop_nxt_reg_busy_331_15/in_28[12] 	 (fanout : 1)
hpin:tr_soc_top_mx/u_ctrl/mux_cmbsop_nxt_reg_busy_331_15/in_28[11] 	 (fanout : 1)
hpin:tr_soc_top_mx/u_ctrl/mux_cmbsop_nxt_reg_busy_331_15/in_28[10] 	 (fanout : 1)
hpin:tr_soc_top_mx/u_ctrl/mux_cmbsop_nxt_reg_busy_331_15/in_28[9] 	 (fanout : 1)
hpin:tr_soc_top_mx/u_ctrl/mux_cmbsop_nxt_reg_busy_331_15/in_28[8] 	 (fanout : 1)
hpin:tr_soc_top_mx/u_ctrl/mux_cmbsop_nxt_reg_busy_331_15/in_28[7] 	 (fanout : 1)
hpin:tr_soc_top_mx/u_ctrl/mux_cmbsop_nxt_reg_busy_331_15/in_28[6] 	 (fanout : 1)
hpin:tr_soc_top_mx/u_ctrl/mux_cmbsop_nxt_reg_busy_331_15/in_28[5] 	 (fanout : 1)
hpin:tr_soc_top_mx/u_ctrl/mux_cmbsop_nxt_reg_busy_331_15/in_28[4] 	 (fanout : 1)
hpin:tr_soc_top_mx/u_ctrl/mux_cmbsop_nxt_reg_busy_331_15/in_28[3] 	 (fanout : 1)
hpin:tr_soc_top_mx/u_ctrl/mux_cmbsop_nxt_reg_busy_331_15/in_28[2] 	 (fanout : 1)
hpin:tr_soc_top_mx/u_ctrl/mux_cmbsop_nxt_reg_busy_331_15/in_28[1] 	 (fanout : 1)
hpin:tr_soc_top_mx/u_ctrl/mux_cmbsop_nxt_reg_busy_331_15/in_28[0] 	 (fanout : 1)
hpin:tr_soc_top_mx/u_ctrl/mux_cmbsop_nxt_reg_busy_331_15/in_29[28] 	 (fanout : 1)
hpin:tr_soc_top_mx/u_ctrl/mux_cmbsop_nxt_reg_busy_331_15/in_29[27] 	 (fanout : 1)
hpin:tr_soc_top_mx/u_ctrl/mux_cmbsop_nxt_reg_busy_331_15/in_29[26] 	 (fanout : 1)
hpin:tr_soc_top_mx/u_ctrl/mux_cmbsop_nxt_reg_busy_331_15/in_29[25] 	 (fanout : 1)
hpin:tr_soc_top_mx/u_ctrl/mux_cmbsop_nxt_reg_busy_331_15/in_29[24] 	 (fanout : 1)
hpin:tr_soc_top_mx/u_ctrl/mux_cmbsop_nxt_reg_busy_331_15/in_29[23] 	 (fanout : 1)
hpin:tr_soc_top_mx/u_ctrl/mux_cmbsop_nxt_reg_busy_331_15/in_29[22] 	 (fanout : 1)
hpin:tr_soc_top_mx/u_ctrl/mux_cmbsop_nxt_reg_busy_331_15/in_29[21] 	 (fanout : 1)
hpin:tr_soc_top_mx/u_ctrl/mux_cmbsop_nxt_reg_busy_331_15/in_29[20] 	 (fanout : 1)
hpin:tr_soc_top_mx/u_ctrl/mux_cmbsop_nxt_reg_busy_331_15/in_29[19] 	 (fanout : 1)
hpin:tr_soc_top_mx/u_ctrl/mux_cmbsop_nxt_reg_busy_331_15/in_29[18] 	 (fanout : 1)
hpin:tr_soc_top_mx/u_ctrl/mux_cmbsop_nxt_reg_busy_331_15/in_29[17] 	 (fanout : 1)
hpin:tr_soc_top_mx/u_ctrl/mux_cmbsop_nxt_reg_busy_331_15/in_29[16] 	 (fanout : 1)
hpin:tr_soc_top_mx/u_ctrl/mux_cmbsop_nxt_reg_busy_331_15/in_29[15] 	 (fanout : 1)
hpin:tr_soc_top_mx/u_ctrl/mux_cmbsop_nxt_reg_busy_331_15/in_29[14] 	 (fanout : 1)
hpin:tr_soc_top_mx/u_ctrl/mux_cmbsop_nxt_reg_busy_331_15/in_29[13] 	 (fanout : 1)
hpin:tr_soc_top_mx/u_ctrl/mux_cmbsop_nxt_reg_busy_331_15/in_29[12] 	 (fanout : 1)
hpin:tr_soc_top_mx/u_ctrl/mux_cmbsop_nxt_reg_busy_331_15/in_29[11] 	 (fanout : 1)
hpin:tr_soc_top_mx/u_ctrl/mux_cmbsop_nxt_reg_busy_331_15/in_29[10] 	 (fanout : 1)
hpin:tr_soc_top_mx/u_ctrl/mux_cmbsop_nxt_reg_busy_331_15/in_29[9] 	 (fanout : 1)
hpin:tr_soc_top_mx/u_ctrl/mux_cmbsop_nxt_reg_busy_331_15/in_29[8] 	 (fanout : 1)
hpin:tr_soc_top_mx/u_ctrl/mux_cmbsop_nxt_reg_busy_331_15/in_29[7] 	 (fanout : 1)
hpin:tr_soc_top_mx/u_ctrl/mux_cmbsop_nxt_reg_busy_331_15/in_29[6] 	 (fanout : 1)
hpin:tr_soc_top_mx/u_ctrl/mux_cmbsop_nxt_reg_busy_331_15/in_29[5] 	 (fanout : 1)
hpin:tr_soc_top_mx/u_ctrl/mux_cmbsop_nxt_reg_busy_331_15/in_29[4] 	 (fanout : 1)
hpin:tr_soc_top_mx/u_ctrl/mux_cmbsop_nxt_reg_busy_331_15/in_29[3] 	 (fanout : 1)
hpin:tr_soc_top_mx/u_ctrl/mux_cmbsop_nxt_reg_busy_331_15/in_29[2] 	 (fanout : 1)
hpin:tr_soc_top_mx/u_ctrl/mux_cmbsop_nxt_reg_busy_331_15/in_29[1] 	 (fanout : 1)
hpin:tr_soc_top_mx/u_ctrl/mux_cmbsop_nxt_reg_busy_331_15/in_29[0] 	 (fanout : 1)
hpin:tr_soc_top_mx/u_ctrl/mux_cmbsop_nxt_reg_busy_331_15/in_30[28] 	 (fanout : 1)
hpin:tr_soc_top_mx/u_ctrl/mux_cmbsop_nxt_reg_busy_331_15/in_30[27] 	 (fanout : 1)
hpin:tr_soc_top_mx/u_ctrl/mux_cmbsop_nxt_reg_busy_331_15/in_30[26] 	 (fanout : 1)
hpin:tr_soc_top_mx/u_ctrl/mux_cmbsop_nxt_reg_busy_331_15/in_30[25] 	 (fanout : 1)
hpin:tr_soc_top_mx/u_ctrl/mux_cmbsop_nxt_reg_busy_331_15/in_30[24] 	 (fanout : 1)
hpin:tr_soc_top_mx/u_ctrl/mux_cmbsop_nxt_reg_busy_331_15/in_30[23] 	 (fanout : 1)
hpin:tr_soc_top_mx/u_ctrl/mux_cmbsop_nxt_reg_busy_331_15/in_30[22] 	 (fanout : 1)
hpin:tr_soc_top_mx/u_ctrl/mux_cmbsop_nxt_reg_busy_331_15/in_30[21] 	 (fanout : 1)
hpin:tr_soc_top_mx/u_ctrl/mux_cmbsop_nxt_reg_busy_331_15/in_30[20] 	 (fanout : 1)
hpin:tr_soc_top_mx/u_ctrl/mux_cmbsop_nxt_reg_busy_331_15/in_30[19] 	 (fanout : 1)
hpin:tr_soc_top_mx/u_ctrl/mux_cmbsop_nxt_reg_busy_331_15/in_30[18] 	 (fanout : 1)
hpin:tr_soc_top_mx/u_ctrl/mux_cmbsop_nxt_reg_busy_331_15/in_30[17] 	 (fanout : 1)
hpin:tr_soc_top_mx/u_ctrl/mux_cmbsop_nxt_reg_busy_331_15/in_30[16] 	 (fanout : 1)
hpin:tr_soc_top_mx/u_ctrl/mux_cmbsop_nxt_reg_busy_331_15/in_30[15] 	 (fanout : 1)
hpin:tr_soc_top_mx/u_ctrl/mux_cmbsop_nxt_reg_busy_331_15/in_30[14] 	 (fanout : 1)
hpin:tr_soc_top_mx/u_ctrl/mux_cmbsop_nxt_reg_busy_331_15/in_30[13] 	 (fanout : 1)
hpin:tr_soc_top_mx/u_ctrl/mux_cmbsop_nxt_reg_busy_331_15/in_30[12] 	 (fanout : 1)
hpin:tr_soc_top_mx/u_ctrl/mux_cmbsop_nxt_reg_busy_331_15/in_30[11] 	 (fanout : 1)
hpin:tr_soc_top_mx/u_ctrl/mux_cmbsop_nxt_reg_busy_331_15/in_30[10] 	 (fanout : 1)
hpin:tr_soc_top_mx/u_ctrl/mux_cmbsop_nxt_reg_busy_331_15/in_30[9] 	 (fanout : 1)
hpin:tr_soc_top_mx/u_ctrl/mux_cmbsop_nxt_reg_busy_331_15/in_30[8] 	 (fanout : 1)
hpin:tr_soc_top_mx/u_ctrl/mux_cmbsop_nxt_reg_busy_331_15/in_30[7] 	 (fanout : 1)
hpin:tr_soc_top_mx/u_ctrl/mux_cmbsop_nxt_reg_busy_331_15/in_30[6] 	 (fanout : 1)
hpin:tr_soc_top_mx/u_ctrl/mux_cmbsop_nxt_reg_busy_331_15/in_30[5] 	 (fanout : 1)
hpin:tr_soc_top_mx/u_ctrl/mux_cmbsop_nxt_reg_busy_331_15/in_30[4] 	 (fanout : 1)
hpin:tr_soc_top_mx/u_ctrl/mux_cmbsop_nxt_reg_busy_331_15/in_30[3] 	 (fanout : 1)
hpin:tr_soc_top_mx/u_ctrl/mux_cmbsop_nxt_reg_busy_331_15/in_30[2] 	 (fanout : 1)
hpin:tr_soc_top_mx/u_ctrl/mux_cmbsop_nxt_reg_busy_331_15/in_30[1] 	 (fanout : 1)
hpin:tr_soc_top_mx/u_ctrl/mux_cmbsop_nxt_reg_busy_331_15/in_30[0] 	 (fanout : 1)
hpin:tr_soc_top_mx/u_ctrl/mux_cmbsop_nxt_reg_busy_331_15/in_31[28] 	 (fanout : 1)
hpin:tr_soc_top_mx/u_ctrl/mux_cmbsop_nxt_reg_busy_331_15/in_31[27] 	 (fanout : 1)
hpin:tr_soc_top_mx/u_ctrl/mux_cmbsop_nxt_reg_busy_331_15/in_31[26] 	 (fanout : 1)
hpin:tr_soc_top_mx/u_ctrl/mux_cmbsop_nxt_reg_busy_331_15/in_31[25] 	 (fanout : 1)
hpin:tr_soc_top_mx/u_ctrl/mux_cmbsop_nxt_reg_busy_331_15/in_31[24] 	 (fanout : 1)
hpin:tr_soc_top_mx/u_ctrl/mux_cmbsop_nxt_reg_busy_331_15/in_31[23] 	 (fanout : 1)
hpin:tr_soc_top_mx/u_ctrl/mux_cmbsop_nxt_reg_busy_331_15/in_31[22] 	 (fanout : 1)
hpin:tr_soc_top_mx/u_ctrl/mux_cmbsop_nxt_reg_busy_331_15/in_31[21] 	 (fanout : 1)
hpin:tr_soc_top_mx/u_ctrl/mux_cmbsop_nxt_reg_busy_331_15/in_31[20] 	 (fanout : 1)
hpin:tr_soc_top_mx/u_ctrl/mux_cmbsop_nxt_reg_busy_331_15/in_31[19] 	 (fanout : 1)
hpin:tr_soc_top_mx/u_ctrl/mux_cmbsop_nxt_reg_busy_331_15/in_31[18] 	 (fanout : 1)
hpin:tr_soc_top_mx/u_ctrl/mux_cmbsop_nxt_reg_busy_331_15/in_31[17] 	 (fanout : 1)
hpin:tr_soc_top_mx/u_ctrl/mux_cmbsop_nxt_reg_busy_331_15/in_31[16] 	 (fanout : 1)
hpin:tr_soc_top_mx/u_ctrl/mux_cmbsop_nxt_reg_busy_331_15/in_31[15] 	 (fanout : 1)
hpin:tr_soc_top_mx/u_ctrl/mux_cmbsop_nxt_reg_busy_331_15/in_31[14] 	 (fanout : 1)
hpin:tr_soc_top_mx/u_ctrl/mux_cmbsop_nxt_reg_busy_331_15/in_31[13] 	 (fanout : 1)
hpin:tr_soc_top_mx/u_ctrl/mux_cmbsop_nxt_reg_busy_331_15/in_31[12] 	 (fanout : 1)
hpin:tr_soc_top_mx/u_ctrl/mux_cmbsop_nxt_reg_busy_331_15/in_31[11] 	 (fanout : 1)
hpin:tr_soc_top_mx/u_ctrl/mux_cmbsop_nxt_reg_busy_331_15/in_31[10] 	 (fanout : 1)
hpin:tr_soc_top_mx/u_ctrl/mux_cmbsop_nxt_reg_busy_331_15/in_31[9] 	 (fanout : 1)
hpin:tr_soc_top_mx/u_ctrl/mux_cmbsop_nxt_reg_busy_331_15/in_31[8] 	 (fanout : 1)
hpin:tr_soc_top_mx/u_ctrl/mux_cmbsop_nxt_reg_busy_331_15/in_31[7] 	 (fanout : 1)
hpin:tr_soc_top_mx/u_ctrl/mux_cmbsop_nxt_reg_busy_331_15/in_31[6] 	 (fanout : 1)
hpin:tr_soc_top_mx/u_ctrl/mux_cmbsop_nxt_reg_busy_331_15/in_31[5] 	 (fanout : 1)
hpin:tr_soc_top_mx/u_ctrl/mux_cmbsop_nxt_reg_busy_331_15/in_31[4] 	 (fanout : 1)
hpin:tr_soc_top_mx/u_ctrl/mux_cmbsop_nxt_reg_busy_331_15/in_31[3] 	 (fanout : 1)
hpin:tr_soc_top_mx/u_ctrl/mux_cmbsop_nxt_reg_busy_331_15/in_31[2] 	 (fanout : 1)
hpin:tr_soc_top_mx/u_ctrl/mux_cmbsop_nxt_reg_busy_331_15/in_31[1] 	 (fanout : 1)
hpin:tr_soc_top_mx/u_ctrl/mux_cmbsop_nxt_reg_busy_331_15/in_31[0] 	 (fanout : 1)
hpin:tr_soc_top_mx/u_ctrl/mux_cmbsop_nxt_reg_busy_331_15/in_32[28] 	 (fanout : 1)
hpin:tr_soc_top_mx/u_ctrl/mux_cmbsop_nxt_reg_busy_331_15/in_32[27] 	 (fanout : 1)
hpin:tr_soc_top_mx/u_ctrl/mux_cmbsop_nxt_reg_busy_331_15/in_32[26] 	 (fanout : 1)
hpin:tr_soc_top_mx/u_ctrl/mux_cmbsop_nxt_reg_busy_331_15/in_32[25] 	 (fanout : 1)
hpin:tr_soc_top_mx/u_ctrl/mux_cmbsop_nxt_reg_busy_331_15/in_32[24] 	 (fanout : 1)
hpin:tr_soc_top_mx/u_ctrl/mux_cmbsop_nxt_reg_busy_331_15/in_32[23] 	 (fanout : 1)
hpin:tr_soc_top_mx/u_ctrl/mux_cmbsop_nxt_reg_busy_331_15/in_32[22] 	 (fanout : 1)
hpin:tr_soc_top_mx/u_ctrl/mux_cmbsop_nxt_reg_busy_331_15/in_32[21] 	 (fanout : 1)
hpin:tr_soc_top_mx/u_ctrl/mux_cmbsop_nxt_reg_busy_331_15/in_32[20] 	 (fanout : 1)
hpin:tr_soc_top_mx/u_ctrl/mux_cmbsop_nxt_reg_busy_331_15/in_32[19] 	 (fanout : 1)
hpin:tr_soc_top_mx/u_ctrl/mux_cmbsop_nxt_reg_busy_331_15/in_32[18] 	 (fanout : 1)
hpin:tr_soc_top_mx/u_ctrl/mux_cmbsop_nxt_reg_busy_331_15/in_32[17] 	 (fanout : 1)
hpin:tr_soc_top_mx/u_ctrl/mux_cmbsop_nxt_reg_busy_331_15/in_32[16] 	 (fanout : 1)
hpin:tr_soc_top_mx/u_ctrl/mux_cmbsop_nxt_reg_busy_331_15/in_32[15] 	 (fanout : 1)
hpin:tr_soc_top_mx/u_ctrl/mux_cmbsop_nxt_reg_busy_331_15/in_32[14] 	 (fanout : 1)
hpin:tr_soc_top_mx/u_ctrl/mux_cmbsop_nxt_reg_busy_331_15/in_32[13] 	 (fanout : 1)
hpin:tr_soc_top_mx/u_ctrl/mux_cmbsop_nxt_reg_busy_331_15/in_32[12] 	 (fanout : 1)
hpin:tr_soc_top_mx/u_ctrl/mux_cmbsop_nxt_reg_busy_331_15/in_32[11] 	 (fanout : 1)
hpin:tr_soc_top_mx/u_ctrl/mux_cmbsop_nxt_reg_busy_331_15/in_32[10] 	 (fanout : 1)
hpin:tr_soc_top_mx/u_ctrl/mux_cmbsop_nxt_reg_busy_331_15/in_32[9] 	 (fanout : 1)
hpin:tr_soc_top_mx/u_ctrl/mux_cmbsop_nxt_reg_busy_331_15/in_32[8] 	 (fanout : 1)
hpin:tr_soc_top_mx/u_ctrl/mux_cmbsop_nxt_reg_busy_331_15/in_32[7] 	 (fanout : 1)
hpin:tr_soc_top_mx/u_ctrl/mux_cmbsop_nxt_reg_busy_331_15/in_32[6] 	 (fanout : 1)
hpin:tr_soc_top_mx/u_ctrl/mux_cmbsop_nxt_reg_busy_331_15/in_32[5] 	 (fanout : 1)
hpin:tr_soc_top_mx/u_ctrl/mux_cmbsop_nxt_reg_busy_331_15/in_32[4] 	 (fanout : 1)
hpin:tr_soc_top_mx/u_ctrl/mux_cmbsop_nxt_reg_busy_331_15/in_32[3] 	 (fanout : 1)
hpin:tr_soc_top_mx/u_ctrl/mux_cmbsop_nxt_reg_busy_331_15/in_32[2] 	 (fanout : 1)
hpin:tr_soc_top_mx/u_ctrl/mux_cmbsop_nxt_reg_busy_331_15/in_32[1] 	 (fanout : 1)
hpin:tr_soc_top_mx/u_ctrl/mux_cmbsop_nxt_reg_busy_331_15/in_32[0] 	 (fanout : 1)
hpin:tr_soc_top_mx/u_ctrl/mux_nxt_write_ext_sram_389_27/in_0 	 (fanout : 1)
hpin:tr_soc_top_mx/u_ctrl/mux_nxt_write_ext_sram_389_27/in_1 	 (fanout : 1)
hpin:tr_soc_top_mx/u_ctrl/mux_nxt_write_ext_sram_389_27/in_2 	 (fanout : 1)
hpin:tr_soc_top_mx/u_ctrl/mux_nxt_write_ext_sram_435_47/in_0 	 (fanout : 1)
hpin:tr_soc_top_mx/u_ctrl/mux_nxt_write_ext_sram_435_47/in_1 	 (fanout : 1)
hpin:tr_soc_top_mx/u_ctrl/mux_nxt_write_ext_sram_434_43/in_1 	 (fanout : 1)
hpin:tr_soc_top_mx/u_ctrl/mux_nxt_write_ext_sram_433_27/in_1 	 (fanout : 1)
hpin:tr_soc_top_mx/u_ctrl/mux_nxt_write_ext_sram_504_27/in_0 	 (fanout : 1)
hpin:tr_soc_top_mx/u_ctrl/mux_nxt_write_ext_sram_504_27/in_1 	 (fanout : 1)
hpin:tr_soc_top_mx/u_ctrl/mux_nxt_write_ext_sram_504_27/in_2 	 (fanout : 1)
hpin:tr_soc_top_mx/u_ctrl/mux_nxt_write_ext_sram_331_15/in_3 	 (fanout : 1)
hpin:tr_soc_top_mx/u_ctrl/mux_nxt_ctrl_scalar_sub_val_331_15/in_3[15] 	 (fanout : 1)
hpin:tr_soc_top_mx/u_ctrl/mux_nxt_ctrl_scalar_sub_val_331_15/in_3[14] 	 (fanout : 1)
hpin:tr_soc_top_mx/u_ctrl/mux_nxt_ctrl_scalar_sub_val_331_15/in_3[13] 	 (fanout : 1)
hpin:tr_soc_top_mx/u_ctrl/mux_nxt_ctrl_scalar_sub_val_331_15/in_3[12] 	 (fanout : 1)
hpin:tr_soc_top_mx/u_ctrl/mux_nxt_ctrl_scalar_sub_val_331_15/in_3[11] 	 (fanout : 1)
hpin:tr_soc_top_mx/u_ctrl/mux_nxt_ctrl_scalar_sub_val_331_15/in_3[10] 	 (fanout : 1)
hpin:tr_soc_top_mx/u_ctrl/mux_nxt_ctrl_scalar_sub_val_331_15/in_3[9] 	 (fanout : 1)
hpin:tr_soc_top_mx/u_ctrl/mux_nxt_ctrl_scalar_sub_val_331_15/in_3[8] 	 (fanout : 1)
hpin:tr_soc_top_mx/u_ctrl/mux_nxt_ctrl_scalar_sub_val_331_15/in_3[7] 	 (fanout : 1)
hpin:tr_soc_top_mx/u_ctrl/mux_nxt_ctrl_scalar_sub_val_331_15/in_3[6] 	 (fanout : 1)
hpin:tr_soc_top_mx/u_ctrl/mux_nxt_ctrl_scalar_sub_val_331_15/in_3[5] 	 (fanout : 1)
hpin:tr_soc_top_mx/u_ctrl/mux_nxt_ctrl_scalar_sub_val_331_15/in_3[4] 	 (fanout : 1)
hpin:tr_soc_top_mx/u_ctrl/mux_nxt_ctrl_scalar_sub_val_331_15/in_3[3] 	 (fanout : 1)
hpin:tr_soc_top_mx/u_ctrl/mux_nxt_ctrl_scalar_sub_val_331_15/in_3[2] 	 (fanout : 1)
hpin:tr_soc_top_mx/u_ctrl/mux_nxt_ctrl_scalar_sub_val_331_15/in_3[1] 	 (fanout : 1)
hpin:tr_soc_top_mx/u_ctrl/mux_nxt_ctrl_scalar_sub_val_331_15/in_3[0] 	 (fanout : 1)
hpin:tr_soc_top_mx/u_ctrl/ctl_410_27/in_0 	 (fanout : 2)
hpin:tr_soc_top_mx/u_ctrl/mux_nxt_mac_clear_acc_410_27/in_0 	 (fanout : 1)
hpin:tr_soc_top_mx/u_ctrl/mux_nxt_mac_clear_acc_410_27/in_1 	 (fanout : 1)
hpin:tr_soc_top_mx/u_ctrl/mux_nxt_mac_clear_acc_410_27/in_2 	 (fanout : 1)
hpin:tr_soc_top_mx/u_ctrl/mux_nxt_mac_clear_acc_442_27/in_0 	 (fanout : 1)
hpin:tr_soc_top_mx/u_ctrl/mux_nxt_mac_clear_acc_442_27/in_1 	 (fanout : 1)
hpin:tr_soc_top_mx/u_ctrl/mux_nxt_mac_clear_acc_331_15/in_2 	 (fanout : 1)
hpin:tr_soc_top_mx/u_ctrl/mux_nxt_en_bb_valid_358_27/in_0 	 (fanout : 1)
hpin:tr_soc_top_mx/u_ctrl/mux_nxt_en_bb_valid_358_27/in_1 	 (fanout : 1)
hpin:tr_soc_top_mx/u_ctrl/mux_nxt_en_bb_valid_374_27/in_0 	 (fanout : 1)
hpin:tr_soc_top_mx/u_ctrl/mux_nxt_en_bb_valid_374_27/in_1 	 (fanout : 1)
hpin:tr_soc_top_mx/u_ctrl/mux_nxt_en_bb_valid_410_27/in_0 	 (fanout : 1)
hpin:tr_soc_top_mx/u_ctrl/mux_nxt_en_bb_valid_410_27/in_1 	 (fanout : 1)
hpin:tr_soc_top_mx/u_ctrl/mux_nxt_en_bb_valid_420_27/in_0 	 (fanout : 1)
hpin:tr_soc_top_mx/u_ctrl/mux_nxt_en_bb_valid_420_27/in_1 	 (fanout : 1)
hpin:tr_soc_top_mx/u_ctrl/mux_nxt_en_bb_valid_433_27/in_0 	 (fanout : 1)
hpin:tr_soc_top_mx/u_ctrl/mux_nxt_en_bb_valid_433_27/in_1 	 (fanout : 1)
hpin:tr_soc_top_mx/u_ctrl/mux_nxt_en_bb_valid_451_27/in_0 	 (fanout : 1)
hpin:tr_soc_top_mx/u_ctrl/mux_nxt_en_bb_valid_451_27/in_1 	 (fanout : 1)
hpin:tr_soc_top_mx/u_ctrl/mux_nxt_en_bb_valid_492_27/in_0 	 (fanout : 1)
hpin:tr_soc_top_mx/u_ctrl/mux_nxt_en_bb_valid_492_27/in_1 	 (fanout : 1)
hpin:tr_soc_top_mx/u_ctrl/mux_nxt_en_bb_valid_331_15/in_7 	 (fanout : 1)
hpin:tr_soc_top_mx/u_ctrl/ctl_358_123/in_0 	 (fanout : 2)
hpin:tr_soc_top_mx/u_ctrl/mux_nxt_en_vecmul_valid_358_27/in_0 	 (fanout : 1)
hpin:tr_soc_top_mx/u_ctrl/mux_nxt_en_vecmul_valid_358_27/in_1 	 (fanout : 1)
hpin:tr_soc_top_mx/u_ctrl/mux_nxt_en_vecmul_valid_358_27/in_2 	 (fanout : 1)
hpin:tr_soc_top_mx/u_ctrl/ctl_374_124/in_0 	 (fanout : 2)
hpin:tr_soc_top_mx/u_ctrl/mux_nxt_en_vecmul_valid_374_27/in_0 	 (fanout : 1)
hpin:tr_soc_top_mx/u_ctrl/mux_nxt_en_vecmul_valid_374_27/in_1 	 (fanout : 1)
hpin:tr_soc_top_mx/u_ctrl/mux_nxt_en_vecmul_valid_374_27/in_2 	 (fanout : 1)
hpin:tr_soc_top_mx/u_ctrl/mux_nxt_en_vecmul_valid_389_27/in_0 	 (fanout : 1)
hpin:tr_soc_top_mx/u_ctrl/mux_nxt_en_vecmul_valid_389_27/in_1 	 (fanout : 1)
hpin:tr_soc_top_mx/u_ctrl/ctl_433_126/in_0 	 (fanout : 2)
hpin:tr_soc_top_mx/u_ctrl/mux_nxt_en_vecmul_valid_433_27/in_0 	 (fanout : 1)
hpin:tr_soc_top_mx/u_ctrl/mux_nxt_en_vecmul_valid_433_27/in_1 	 (fanout : 1)
hpin:tr_soc_top_mx/u_ctrl/mux_nxt_en_vecmul_valid_433_27/in_2 	 (fanout : 1)
hpin:tr_soc_top_mx/u_ctrl/ctl_492_127/in_0 	 (fanout : 2)
hpin:tr_soc_top_mx/u_ctrl/mux_nxt_en_vecmul_valid_492_27/in_0 	 (fanout : 1)
hpin:tr_soc_top_mx/u_ctrl/mux_nxt_en_vecmul_valid_492_27/in_1 	 (fanout : 1)
hpin:tr_soc_top_mx/u_ctrl/mux_nxt_en_vecmul_valid_492_27/in_2 	 (fanout : 1)
hpin:tr_soc_top_mx/u_ctrl/mux_nxt_en_vecmul_valid_504_27/in_0 	 (fanout : 1)
hpin:tr_soc_top_mx/u_ctrl/mux_nxt_en_vecmul_valid_504_27/in_1 	 (fanout : 1)
hpin:tr_soc_top_mx/u_ctrl/mux_nxt_en_vecmul_valid_331_15/in_6 	 (fanout : 1)
hpin:tr_soc_top_mx/u_ctrl/mux_scratch_b[0]_165_17/in_1[15] 	 (fanout : 1)
hpin:tr_soc_top_mx/u_ctrl/mux_scratch_b[0]_165_17/in_1[14] 	 (fanout : 1)
hpin:tr_soc_top_mx/u_ctrl/mux_scratch_b[0]_165_17/in_1[13] 	 (fanout : 1)
hpin:tr_soc_top_mx/u_ctrl/mux_scratch_b[0]_165_17/in_1[12] 	 (fanout : 1)
hpin:tr_soc_top_mx/u_ctrl/mux_scratch_b[0]_165_17/in_1[11] 	 (fanout : 1)
hpin:tr_soc_top_mx/u_ctrl/mux_scratch_b[0]_165_17/in_1[10] 	 (fanout : 1)
hpin:tr_soc_top_mx/u_ctrl/mux_scratch_b[0]_165_17/in_1[9] 	 (fanout : 1)
hpin:tr_soc_top_mx/u_ctrl/mux_scratch_b[0]_165_17/in_1[8] 	 (fanout : 1)
hpin:tr_soc_top_mx/u_ctrl/mux_scratch_b[0]_165_17/in_1[7] 	 (fanout : 1)
hpin:tr_soc_top_mx/u_ctrl/mux_scratch_b[1]_165_17/in_1[15] 	 (fanout : 1)
hpin:tr_soc_top_mx/u_ctrl/mux_scratch_b[1]_165_17/in_1[14] 	 (fanout : 1)
hpin:tr_soc_top_mx/u_ctrl/mux_scratch_b[1]_165_17/in_1[13] 	 (fanout : 1)
hpin:tr_soc_top_mx/u_ctrl/mux_scratch_b[1]_165_17/in_1[12] 	 (fanout : 1)
hpin:tr_soc_top_mx/u_ctrl/mux_scratch_b[1]_165_17/in_1[11] 	 (fanout : 1)
hpin:tr_soc_top_mx/u_ctrl/mux_scratch_b[1]_165_17/in_1[10] 	 (fanout : 1)
hpin:tr_soc_top_mx/u_ctrl/mux_scratch_b[1]_165_17/in_1[9] 	 (fanout : 1)
hpin:tr_soc_top_mx/u_ctrl/mux_scratch_b[1]_165_17/in_1[8] 	 (fanout : 1)
hpin:tr_soc_top_mx/u_ctrl/mux_scratch_b[1]_165_17/in_1[7] 	 (fanout : 1)
hpin:tr_soc_top_mx/u_ctrl/mux_scratch_b[2]_165_17/in_1[15] 	 (fanout : 1)
hpin:tr_soc_top_mx/u_ctrl/mux_scratch_b[2]_165_17/in_1[14] 	 (fanout : 1)
hpin:tr_soc_top_mx/u_ctrl/mux_scratch_b[2]_165_17/in_1[13] 	 (fanout : 1)
hpin:tr_soc_top_mx/u_ctrl/mux_scratch_b[2]_165_17/in_1[12] 	 (fanout : 1)
hpin:tr_soc_top_mx/u_ctrl/mux_scratch_b[2]_165_17/in_1[11] 	 (fanout : 1)
hpin:tr_soc_top_mx/u_ctrl/mux_scratch_b[2]_165_17/in_1[10] 	 (fanout : 1)
hpin:tr_soc_top_mx/u_ctrl/mux_scratch_b[2]_165_17/in_1[9] 	 (fanout : 1)
hpin:tr_soc_top_mx/u_ctrl/mux_scratch_b[2]_165_17/in_1[8] 	 (fanout : 1)
hpin:tr_soc_top_mx/u_ctrl/mux_scratch_b[2]_165_17/in_1[7] 	 (fanout : 1)
hpin:tr_soc_top_mx/u_ctrl/mux_scratch_b[3]_165_17/in_1[15] 	 (fanout : 1)
hpin:tr_soc_top_mx/u_ctrl/mux_scratch_b[3]_165_17/in_1[14] 	 (fanout : 1)
hpin:tr_soc_top_mx/u_ctrl/mux_scratch_b[3]_165_17/in_1[13] 	 (fanout : 1)
hpin:tr_soc_top_mx/u_ctrl/mux_scratch_b[3]_165_17/in_1[12] 	 (fanout : 1)
hpin:tr_soc_top_mx/u_ctrl/mux_scratch_b[3]_165_17/in_1[11] 	 (fanout : 1)
hpin:tr_soc_top_mx/u_ctrl/mux_scratch_b[3]_165_17/in_1[10] 	 (fanout : 1)
hpin:tr_soc_top_mx/u_ctrl/mux_scratch_b[3]_165_17/in_1[9] 	 (fanout : 1)
hpin:tr_soc_top_mx/u_ctrl/mux_scratch_b[3]_165_17/in_1[8] 	 (fanout : 1)
hpin:tr_soc_top_mx/u_ctrl/mux_scratch_b[3]_165_17/in_1[7] 	 (fanout : 1)
hpin:tr_soc_top_mx/u_ctrl/mux_scratch_b[4]_165_17/in_1[15] 	 (fanout : 1)
hpin:tr_soc_top_mx/u_ctrl/mux_scratch_b[4]_165_17/in_1[14] 	 (fanout : 1)
hpin:tr_soc_top_mx/u_ctrl/mux_scratch_b[4]_165_17/in_1[13] 	 (fanout : 1)
hpin:tr_soc_top_mx/u_ctrl/mux_scratch_b[4]_165_17/in_1[12] 	 (fanout : 1)
hpin:tr_soc_top_mx/u_ctrl/mux_scratch_b[4]_165_17/in_1[11] 	 (fanout : 1)
hpin:tr_soc_top_mx/u_ctrl/mux_scratch_b[4]_165_17/in_1[10] 	 (fanout : 1)
hpin:tr_soc_top_mx/u_ctrl/mux_scratch_b[4]_165_17/in_1[9] 	 (fanout : 1)
hpin:tr_soc_top_mx/u_ctrl/mux_scratch_b[4]_165_17/in_1[8] 	 (fanout : 1)
hpin:tr_soc_top_mx/u_ctrl/mux_scratch_b[4]_165_17/in_1[7] 	 (fanout : 1)
hpin:tr_soc_top_mx/u_ctrl/mux_scratch_b[5]_165_17/in_1[15] 	 (fanout : 1)
hpin:tr_soc_top_mx/u_ctrl/mux_scratch_b[5]_165_17/in_1[14] 	 (fanout : 1)
hpin:tr_soc_top_mx/u_ctrl/mux_scratch_b[5]_165_17/in_1[13] 	 (fanout : 1)
hpin:tr_soc_top_mx/u_ctrl/mux_scratch_b[5]_165_17/in_1[12] 	 (fanout : 1)
hpin:tr_soc_top_mx/u_ctrl/mux_scratch_b[5]_165_17/in_1[11] 	 (fanout : 1)
hpin:tr_soc_top_mx/u_ctrl/mux_scratch_b[5]_165_17/in_1[10] 	 (fanout : 1)
hpin:tr_soc_top_mx/u_ctrl/mux_scratch_b[5]_165_17/in_1[9] 	 (fanout : 1)
hpin:tr_soc_top_mx/u_ctrl/mux_scratch_b[5]_165_17/in_1[8] 	 (fanout : 1)
hpin:tr_soc_top_mx/u_ctrl/mux_scratch_b[5]_165_17/in_1[7] 	 (fanout : 1)
hpin:tr_soc_top_mx/u_ctrl/mux_scratch_b[6]_165_17/in_1[15] 	 (fanout : 1)
hpin:tr_soc_top_mx/u_ctrl/mux_scratch_b[6]_165_17/in_1[14] 	 (fanout : 1)
hpin:tr_soc_top_mx/u_ctrl/mux_scratch_b[6]_165_17/in_1[13] 	 (fanout : 1)
hpin:tr_soc_top_mx/u_ctrl/mux_scratch_b[6]_165_17/in_1[12] 	 (fanout : 1)
hpin:tr_soc_top_mx/u_ctrl/mux_scratch_b[6]_165_17/in_1[11] 	 (fanout : 1)
hpin:tr_soc_top_mx/u_ctrl/mux_scratch_b[6]_165_17/in_1[10] 	 (fanout : 1)
hpin:tr_soc_top_mx/u_ctrl/mux_scratch_b[6]_165_17/in_1[9] 	 (fanout : 1)
hpin:tr_soc_top_mx/u_ctrl/mux_scratch_b[6]_165_17/in_1[8] 	 (fanout : 1)
hpin:tr_soc_top_mx/u_ctrl/mux_scratch_b[6]_165_17/in_1[7] 	 (fanout : 1)
hpin:tr_soc_top_mx/u_ctrl/mux_scratch_b[7]_165_17/in_1[15] 	 (fanout : 1)
hpin:tr_soc_top_mx/u_ctrl/mux_scratch_b[7]_165_17/in_1[14] 	 (fanout : 1)
hpin:tr_soc_top_mx/u_ctrl/mux_scratch_b[7]_165_17/in_1[13] 	 (fanout : 1)
hpin:tr_soc_top_mx/u_ctrl/mux_scratch_b[7]_165_17/in_1[12] 	 (fanout : 1)
hpin:tr_soc_top_mx/u_ctrl/mux_scratch_b[7]_165_17/in_1[11] 	 (fanout : 1)
hpin:tr_soc_top_mx/u_ctrl/mux_scratch_b[7]_165_17/in_1[10] 	 (fanout : 1)
hpin:tr_soc_top_mx/u_ctrl/mux_scratch_b[7]_165_17/in_1[9] 	 (fanout : 1)
hpin:tr_soc_top_mx/u_ctrl/mux_scratch_b[7]_165_17/in_1[8] 	 (fanout : 1)
hpin:tr_soc_top_mx/u_ctrl/mux_scratch_b[7]_165_17/in_1[7] 	 (fanout : 1)
hpin:tr_soc_top_mx/u_ctrl/mux_mmio_rdata_114_23/in_0[1] 	 (fanout : 1)
hpin:tr_soc_top_mx/u_ctrl/mux_mmio_rdata_114_23/in_0[0] 	 (fanout : 1)
hpin:tr_soc_top_mx/u_ctrl/mux_next_state_331_15/in_1[5] 	 (fanout : 1)
hpin:tr_soc_top_mx/u_ctrl/mux_next_state_331_15/in_1[4] 	 (fanout : 1)
hpin:tr_soc_top_mx/u_ctrl/mux_next_state_331_15/in_1[3] 	 (fanout : 1)
hpin:tr_soc_top_mx/u_ctrl/mux_next_state_331_15/in_1[2] 	 (fanout : 1)
hpin:tr_soc_top_mx/u_ctrl/mux_next_state_331_15/in_1[1] 	 (fanout : 1)
hpin:tr_soc_top_mx/u_ctrl/mux_next_state_331_15/in_1[0] 	 (fanout : 1)
hpin:tr_soc_top_mx/u_ctrl/mux_next_state_331_15/in_14[5] 	 (fanout : 1)
hpin:tr_soc_top_mx/u_ctrl/mux_next_state_331_15/in_14[4] 	 (fanout : 1)
hpin:tr_soc_top_mx/u_ctrl/mux_next_state_331_15/in_14[3] 	 (fanout : 1)
hpin:tr_soc_top_mx/u_ctrl/mux_next_state_331_15/in_14[2] 	 (fanout : 1)
hpin:tr_soc_top_mx/u_ctrl/mux_next_state_331_15/in_14[1] 	 (fanout : 1)
hpin:tr_soc_top_mx/u_ctrl/mux_next_state_331_15/in_14[0] 	 (fanout : 1)
hpin:tr_soc_top_mx/u_ctrl/recip_lut_166_61_I1:mux_recip_lut_126_15/in_0[6] 	 (fanout : 1)
hpin:tr_soc_top_mx/u_ctrl/recip_lut_166_61_I1:mux_recip_lut_126_15/in_0[5] 	 (fanout : 1)
hpin:tr_soc_top_mx/u_ctrl/recip_lut_166_61_I1:mux_recip_lut_126_15/in_0[4] 	 (fanout : 1)
hpin:tr_soc_top_mx/u_ctrl/recip_lut_166_61_I1:mux_recip_lut_126_15/in_0[3] 	 (fanout : 1)
hpin:tr_soc_top_mx/u_ctrl/recip_lut_166_61_I1:mux_recip_lut_126_15/in_0[2] 	 (fanout : 1)
hpin:tr_soc_top_mx/u_ctrl/recip_lut_166_61_I1:mux_recip_lut_126_15/in_0[1] 	 (fanout : 1)
hpin:tr_soc_top_mx/u_ctrl/recip_lut_166_61_I1:mux_recip_lut_126_15/in_0[0] 	 (fanout : 1)
hpin:tr_soc_top_mx/u_ctrl/recip_lut_166_61_I1:mux_recip_lut_126_15/in_1[6] 	 (fanout : 1)
hpin:tr_soc_top_mx/u_ctrl/recip_lut_166_61_I1:mux_recip_lut_126_15/in_1[5] 	 (fanout : 1)
hpin:tr_soc_top_mx/u_ctrl/recip_lut_166_61_I1:mux_recip_lut_126_15/in_1[4] 	 (fanout : 1)
hpin:tr_soc_top_mx/u_ctrl/recip_lut_166_61_I1:mux_recip_lut_126_15/in_1[3] 	 (fanout : 1)
hpin:tr_soc_top_mx/u_ctrl/recip_lut_166_61_I1:mux_recip_lut_126_15/in_1[2] 	 (fanout : 1)
hpin:tr_soc_top_mx/u_ctrl/recip_lut_166_61_I1:mux_recip_lut_126_15/in_1[1] 	 (fanout : 1)
hpin:tr_soc_top_mx/u_ctrl/recip_lut_166_61_I1:mux_recip_lut_126_15/in_1[0] 	 (fanout : 1)
hpin:tr_soc_top_mx/u_ctrl/recip_lut_166_61_I1:mux_recip_lut_126_15/in_2[6] 	 (fanout : 1)
hpin:tr_soc_top_mx/u_ctrl/recip_lut_166_61_I1:mux_recip_lut_126_15/in_2[5] 	 (fanout : 1)
hpin:tr_soc_top_mx/u_ctrl/recip_lut_166_61_I1:mux_recip_lut_126_15/in_2[4] 	 (fanout : 1)
hpin:tr_soc_top_mx/u_ctrl/recip_lut_166_61_I1:mux_recip_lut_126_15/in_2[3] 	 (fanout : 1)
hpin:tr_soc_top_mx/u_ctrl/recip_lut_166_61_I1:mux_recip_lut_126_15/in_2[2] 	 (fanout : 1)
hpin:tr_soc_top_mx/u_ctrl/recip_lut_166_61_I1:mux_recip_lut_126_15/in_2[1] 	 (fanout : 1)
hpin:tr_soc_top_mx/u_ctrl/recip_lut_166_61_I1:mux_recip_lut_126_15/in_2[0] 	 (fanout : 1)
hpin:tr_soc_top_mx/u_ctrl/recip_lut_166_61_I1:mux_recip_lut_126_15/in_3[6] 	 (fanout : 1)
hpin:tr_soc_top_mx/u_ctrl/recip_lut_166_61_I1:mux_recip_lut_126_15/in_3[5] 	 (fanout : 1)
hpin:tr_soc_top_mx/u_ctrl/recip_lut_166_61_I1:mux_recip_lut_126_15/in_3[4] 	 (fanout : 1)
hpin:tr_soc_top_mx/u_ctrl/recip_lut_166_61_I1:mux_recip_lut_126_15/in_3[3] 	 (fanout : 1)
hpin:tr_soc_top_mx/u_ctrl/recip_lut_166_61_I1:mux_recip_lut_126_15/in_3[2] 	 (fanout : 1)
hpin:tr_soc_top_mx/u_ctrl/recip_lut_166_61_I1:mux_recip_lut_126_15/in_3[1] 	 (fanout : 1)
hpin:tr_soc_top_mx/u_ctrl/recip_lut_166_61_I1:mux_recip_lut_126_15/in_3[0] 	 (fanout : 1)
hpin:tr_soc_top_mx/u_ctrl/recip_lut_166_61_I1:mux_recip_lut_126_15/in_4[6] 	 (fanout : 1)
hpin:tr_soc_top_mx/u_ctrl/recip_lut_166_61_I1:mux_recip_lut_126_15/in_4[5] 	 (fanout : 1)
hpin:tr_soc_top_mx/u_ctrl/recip_lut_166_61_I1:mux_recip_lut_126_15/in_4[4] 	 (fanout : 1)
hpin:tr_soc_top_mx/u_ctrl/recip_lut_166_61_I1:mux_recip_lut_126_15/in_4[3] 	 (fanout : 1)
hpin:tr_soc_top_mx/u_ctrl/recip_lut_166_61_I1:mux_recip_lut_126_15/in_4[2] 	 (fanout : 1)
hpin:tr_soc_top_mx/u_ctrl/recip_lut_166_61_I1:mux_recip_lut_126_15/in_4[1] 	 (fanout : 1)
hpin:tr_soc_top_mx/u_ctrl/recip_lut_166_61_I1:mux_recip_lut_126_15/in_4[0] 	 (fanout : 1)
hpin:tr_soc_top_mx/u_ctrl/recip_lut_166_61_I1:mux_recip_lut_126_15/in_5[6] 	 (fanout : 1)
hpin:tr_soc_top_mx/u_ctrl/recip_lut_166_61_I1:mux_recip_lut_126_15/in_5[5] 	 (fanout : 1)
hpin:tr_soc_top_mx/u_ctrl/recip_lut_166_61_I1:mux_recip_lut_126_15/in_5[4] 	 (fanout : 1)
hpin:tr_soc_top_mx/u_ctrl/recip_lut_166_61_I1:mux_recip_lut_126_15/in_5[3] 	 (fanout : 1)
hpin:tr_soc_top_mx/u_ctrl/recip_lut_166_61_I1:mux_recip_lut_126_15/in_5[2] 	 (fanout : 1)
hpin:tr_soc_top_mx/u_ctrl/recip_lut_166_61_I1:mux_recip_lut_126_15/in_5[1] 	 (fanout : 1)
hpin:tr_soc_top_mx/u_ctrl/recip_lut_166_61_I1:mux_recip_lut_126_15/in_5[0] 	 (fanout : 1)
hpin:tr_soc_top_mx/u_ctrl/recip_lut_166_61_I1:mux_recip_lut_126_15/in_6[6] 	 (fanout : 1)
hpin:tr_soc_top_mx/u_ctrl/recip_lut_166_61_I1:mux_recip_lut_126_15/in_6[5] 	 (fanout : 1)
hpin:tr_soc_top_mx/u_ctrl/recip_lut_166_61_I1:mux_recip_lut_126_15/in_6[4] 	 (fanout : 1)
hpin:tr_soc_top_mx/u_ctrl/recip_lut_166_61_I1:mux_recip_lut_126_15/in_6[3] 	 (fanout : 1)
hpin:tr_soc_top_mx/u_ctrl/recip_lut_166_61_I1:mux_recip_lut_126_15/in_6[2] 	 (fanout : 1)
hpin:tr_soc_top_mx/u_ctrl/recip_lut_166_61_I1:mux_recip_lut_126_15/in_6[1] 	 (fanout : 1)
hpin:tr_soc_top_mx/u_ctrl/recip_lut_166_61_I1:mux_recip_lut_126_15/in_6[0] 	 (fanout : 1)
hpin:tr_soc_top_mx/u_ctrl/recip_lut_166_61_I1:mux_recip_lut_126_15/in_7[6] 	 (fanout : 1)
hpin:tr_soc_top_mx/u_ctrl/recip_lut_166_61_I1:mux_recip_lut_126_15/in_7[5] 	 (fanout : 1)
hpin:tr_soc_top_mx/u_ctrl/recip_lut_166_61_I1:mux_recip_lut_126_15/in_7[4] 	 (fanout : 1)
hpin:tr_soc_top_mx/u_ctrl/recip_lut_166_61_I1:mux_recip_lut_126_15/in_7[3] 	 (fanout : 1)
hpin:tr_soc_top_mx/u_ctrl/recip_lut_166_61_I1:mux_recip_lut_126_15/in_7[2] 	 (fanout : 1)
hpin:tr_soc_top_mx/u_ctrl/recip_lut_166_61_I1:mux_recip_lut_126_15/in_7[1] 	 (fanout : 1)
hpin:tr_soc_top_mx/u_ctrl/recip_lut_166_61_I1:mux_recip_lut_126_15/in_7[0] 	 (fanout : 1)
hpin:tr_soc_top_mx/u_ctrl/recip_lut_166_61_I1:mux_recip_lut_126_15/in_8[6] 	 (fanout : 1)
hpin:tr_soc_top_mx/u_ctrl/recip_lut_166_61_I1:mux_recip_lut_126_15/in_8[5] 	 (fanout : 1)
hpin:tr_soc_top_mx/u_ctrl/recip_lut_166_61_I1:mux_recip_lut_126_15/in_8[4] 	 (fanout : 1)
hpin:tr_soc_top_mx/u_ctrl/recip_lut_166_61_I1:mux_recip_lut_126_15/in_8[3] 	 (fanout : 1)
hpin:tr_soc_top_mx/u_ctrl/recip_lut_166_61_I1:mux_recip_lut_126_15/in_8[2] 	 (fanout : 1)
hpin:tr_soc_top_mx/u_ctrl/recip_lut_166_61_I1:mux_recip_lut_126_15/in_8[1] 	 (fanout : 1)
hpin:tr_soc_top_mx/u_ctrl/recip_lut_166_61_I1:mux_recip_lut_126_15/in_8[0] 	 (fanout : 1)
hpin:tr_soc_top_mx/u_ctrl/recip_lut_166_61_I1:mux_recip_lut_126_15/in_9[6] 	 (fanout : 1)
hpin:tr_soc_top_mx/u_ctrl/recip_lut_166_61_I1:mux_recip_lut_126_15/in_9[5] 	 (fanout : 1)
hpin:tr_soc_top_mx/u_ctrl/recip_lut_166_61_I1:mux_recip_lut_126_15/in_9[4] 	 (fanout : 1)
hpin:tr_soc_top_mx/u_ctrl/recip_lut_166_61_I1:mux_recip_lut_126_15/in_9[3] 	 (fanout : 1)
hpin:tr_soc_top_mx/u_ctrl/recip_lut_166_61_I1:mux_recip_lut_126_15/in_9[2] 	 (fanout : 1)
hpin:tr_soc_top_mx/u_ctrl/recip_lut_166_61_I1:mux_recip_lut_126_15/in_9[1] 	 (fanout : 1)
hpin:tr_soc_top_mx/u_ctrl/recip_lut_166_61_I1:mux_recip_lut_126_15/in_9[0] 	 (fanout : 1)
hpin:tr_soc_top_mx/u_ctrl/recip_lut_166_61_I1:mux_recip_lut_126_15/in_10[6] 	 (fanout : 1)
hpin:tr_soc_top_mx/u_ctrl/recip_lut_166_61_I1:mux_recip_lut_126_15/in_10[5] 	 (fanout : 1)
hpin:tr_soc_top_mx/u_ctrl/recip_lut_166_61_I1:mux_recip_lut_126_15/in_10[4] 	 (fanout : 1)
hpin:tr_soc_top_mx/u_ctrl/recip_lut_166_61_I1:mux_recip_lut_126_15/in_10[3] 	 (fanout : 1)
hpin:tr_soc_top_mx/u_ctrl/recip_lut_166_61_I1:mux_recip_lut_126_15/in_10[2] 	 (fanout : 1)
hpin:tr_soc_top_mx/u_ctrl/recip_lut_166_61_I1:mux_recip_lut_126_15/in_10[1] 	 (fanout : 1)
hpin:tr_soc_top_mx/u_ctrl/recip_lut_166_61_I1:mux_recip_lut_126_15/in_10[0] 	 (fanout : 1)
hpin:tr_soc_top_mx/u_ctrl/recip_lut_166_61_I1:mux_recip_lut_126_15/in_11[6] 	 (fanout : 1)
hpin:tr_soc_top_mx/u_ctrl/recip_lut_166_61_I1:mux_recip_lut_126_15/in_11[5] 	 (fanout : 1)
hpin:tr_soc_top_mx/u_ctrl/recip_lut_166_61_I1:mux_recip_lut_126_15/in_11[4] 	 (fanout : 1)
hpin:tr_soc_top_mx/u_ctrl/recip_lut_166_61_I1:mux_recip_lut_126_15/in_11[3] 	 (fanout : 1)
hpin:tr_soc_top_mx/u_ctrl/recip_lut_166_61_I1:mux_recip_lut_126_15/in_11[2] 	 (fanout : 1)
hpin:tr_soc_top_mx/u_ctrl/recip_lut_166_61_I1:mux_recip_lut_126_15/in_11[1] 	 (fanout : 1)
hpin:tr_soc_top_mx/u_ctrl/recip_lut_166_61_I1:mux_recip_lut_126_15/in_11[0] 	 (fanout : 1)
hpin:tr_soc_top_mx/u_ctrl/recip_lut_166_61_I1:mux_recip_lut_126_15/in_12[6] 	 (fanout : 1)
hpin:tr_soc_top_mx/u_ctrl/recip_lut_166_61_I1:mux_recip_lut_126_15/in_12[5] 	 (fanout : 1)
hpin:tr_soc_top_mx/u_ctrl/recip_lut_166_61_I1:mux_recip_lut_126_15/in_12[4] 	 (fanout : 1)
hpin:tr_soc_top_mx/u_ctrl/recip_lut_166_61_I1:mux_recip_lut_126_15/in_12[3] 	 (fanout : 1)
hpin:tr_soc_top_mx/u_ctrl/recip_lut_166_61_I1:mux_recip_lut_126_15/in_12[2] 	 (fanout : 1)
hpin:tr_soc_top_mx/u_ctrl/recip_lut_166_61_I1:mux_recip_lut_126_15/in_12[1] 	 (fanout : 1)
hpin:tr_soc_top_mx/u_ctrl/recip_lut_166_61_I1:mux_recip_lut_126_15/in_12[0] 	 (fanout : 1)
hpin:tr_soc_top_mx/u_ctrl/recip_lut_166_61_I1:mux_recip_lut_126_15/in_13[6] 	 (fanout : 1)
hpin:tr_soc_top_mx/u_ctrl/recip_lut_166_61_I1:mux_recip_lut_126_15/in_13[5] 	 (fanout : 1)
hpin:tr_soc_top_mx/u_ctrl/recip_lut_166_61_I1:mux_recip_lut_126_15/in_13[4] 	 (fanout : 1)
hpin:tr_soc_top_mx/u_ctrl/recip_lut_166_61_I1:mux_recip_lut_126_15/in_13[3] 	 (fanout : 1)
hpin:tr_soc_top_mx/u_ctrl/recip_lut_166_61_I1:mux_recip_lut_126_15/in_13[2] 	 (fanout : 1)
hpin:tr_soc_top_mx/u_ctrl/recip_lut_166_61_I1:mux_recip_lut_126_15/in_13[1] 	 (fanout : 1)
hpin:tr_soc_top_mx/u_ctrl/recip_lut_166_61_I1:mux_recip_lut_126_15/in_13[0] 	 (fanout : 1)
hpin:tr_soc_top_mx/u_ctrl/recip_lut_166_61_I1:mux_recip_lut_126_15/in_14[6] 	 (fanout : 1)
hpin:tr_soc_top_mx/u_ctrl/recip_lut_166_61_I1:mux_recip_lut_126_15/in_14[5] 	 (fanout : 1)
hpin:tr_soc_top_mx/u_ctrl/recip_lut_166_61_I1:mux_recip_lut_126_15/in_14[4] 	 (fanout : 1)
hpin:tr_soc_top_mx/u_ctrl/recip_lut_166_61_I1:mux_recip_lut_126_15/in_14[3] 	 (fanout : 1)
hpin:tr_soc_top_mx/u_ctrl/recip_lut_166_61_I1:mux_recip_lut_126_15/in_14[2] 	 (fanout : 1)
hpin:tr_soc_top_mx/u_ctrl/recip_lut_166_61_I1:mux_recip_lut_126_15/in_14[1] 	 (fanout : 1)
hpin:tr_soc_top_mx/u_ctrl/recip_lut_166_61_I1:mux_recip_lut_126_15/in_14[0] 	 (fanout : 1)
hpin:tr_soc_top_mx/u_ctrl/recip_lut_166_61_I1:mux_recip_lut_126_15/in_15[6] 	 (fanout : 1)
hpin:tr_soc_top_mx/u_ctrl/recip_lut_166_61_I1:mux_recip_lut_126_15/in_15[5] 	 (fanout : 1)
hpin:tr_soc_top_mx/u_ctrl/recip_lut_166_61_I1:mux_recip_lut_126_15/in_15[4] 	 (fanout : 1)
hpin:tr_soc_top_mx/u_ctrl/recip_lut_166_61_I1:mux_recip_lut_126_15/in_15[3] 	 (fanout : 1)
hpin:tr_soc_top_mx/u_ctrl/recip_lut_166_61_I1:mux_recip_lut_126_15/in_15[2] 	 (fanout : 1)
hpin:tr_soc_top_mx/u_ctrl/recip_lut_166_61_I1:mux_recip_lut_126_15/in_15[1] 	 (fanout : 1)
hpin:tr_soc_top_mx/u_ctrl/recip_lut_166_61_I1:mux_recip_lut_126_15/in_15[0] 	 (fanout : 1)
hpin:tr_soc_top_mx/u_ctrl/recip_lut_166_61_I1:mux_recip_lut_126_15/in_16[6] 	 (fanout : 1)
hpin:tr_soc_top_mx/u_ctrl/recip_lut_166_61_I1:mux_recip_lut_126_15/in_16[5] 	 (fanout : 1)
hpin:tr_soc_top_mx/u_ctrl/recip_lut_166_61_I1:mux_recip_lut_126_15/in_16[4] 	 (fanout : 1)
hpin:tr_soc_top_mx/u_ctrl/recip_lut_166_61_I1:mux_recip_lut_126_15/in_16[3] 	 (fanout : 1)
hpin:tr_soc_top_mx/u_ctrl/recip_lut_166_61_I1:mux_recip_lut_126_15/in_16[2] 	 (fanout : 1)
hpin:tr_soc_top_mx/u_ctrl/recip_lut_166_61_I1:mux_recip_lut_126_15/in_16[1] 	 (fanout : 1)
hpin:tr_soc_top_mx/u_ctrl/recip_lut_166_61_I1:mux_recip_lut_126_15/in_16[0] 	 (fanout : 1)
hpin:tr_soc_top_mx/u_ctrl/recip_lut_166_61_I1:mux_recip_lut_126_15/in_17[6] 	 (fanout : 1)
hpin:tr_soc_top_mx/u_ctrl/recip_lut_166_61_I1:mux_recip_lut_126_15/in_17[5] 	 (fanout : 1)
hpin:tr_soc_top_mx/u_ctrl/recip_lut_166_61_I1:mux_recip_lut_126_15/in_17[4] 	 (fanout : 1)
hpin:tr_soc_top_mx/u_ctrl/recip_lut_166_61_I1:mux_recip_lut_126_15/in_17[3] 	 (fanout : 1)
hpin:tr_soc_top_mx/u_ctrl/recip_lut_166_61_I1:mux_recip_lut_126_15/in_17[2] 	 (fanout : 1)
hpin:tr_soc_top_mx/u_ctrl/recip_lut_166_61_I1:mux_recip_lut_126_15/in_17[1] 	 (fanout : 1)
hpin:tr_soc_top_mx/u_ctrl/recip_lut_166_61_I1:mux_recip_lut_126_15/in_17[0] 	 (fanout : 1)
hpin:tr_soc_top_mx/u_ctrl/recip_lut_166_61_I1:mux_recip_lut_126_15/in_18[6] 	 (fanout : 1)
hpin:tr_soc_top_mx/u_ctrl/recip_lut_166_61_I1:mux_recip_lut_126_15/in_18[5] 	 (fanout : 1)
hpin:tr_soc_top_mx/u_ctrl/recip_lut_166_61_I1:mux_recip_lut_126_15/in_18[4] 	 (fanout : 1)
hpin:tr_soc_top_mx/u_ctrl/recip_lut_166_61_I1:mux_recip_lut_126_15/in_18[3] 	 (fanout : 1)
hpin:tr_soc_top_mx/u_ctrl/recip_lut_166_61_I1:mux_recip_lut_126_15/in_18[2] 	 (fanout : 1)
hpin:tr_soc_top_mx/u_ctrl/recip_lut_166_61_I1:mux_recip_lut_126_15/in_18[1] 	 (fanout : 1)
hpin:tr_soc_top_mx/u_ctrl/recip_lut_166_61_I1:mux_recip_lut_126_15/in_18[0] 	 (fanout : 1)
hpin:tr_soc_top_mx/u_ctrl/recip_lut_166_61_I1:mux_recip_lut_126_15/in_19[6] 	 (fanout : 1)
hpin:tr_soc_top_mx/u_ctrl/recip_lut_166_61_I1:mux_recip_lut_126_15/in_19[5] 	 (fanout : 1)
hpin:tr_soc_top_mx/u_ctrl/recip_lut_166_61_I1:mux_recip_lut_126_15/in_19[4] 	 (fanout : 1)
hpin:tr_soc_top_mx/u_ctrl/recip_lut_166_61_I1:mux_recip_lut_126_15/in_19[3] 	 (fanout : 1)
hpin:tr_soc_top_mx/u_ctrl/recip_lut_166_61_I1:mux_recip_lut_126_15/in_19[2] 	 (fanout : 1)
hpin:tr_soc_top_mx/u_ctrl/recip_lut_166_61_I1:mux_recip_lut_126_15/in_19[1] 	 (fanout : 1)
hpin:tr_soc_top_mx/u_ctrl/recip_lut_166_61_I1:mux_recip_lut_126_15/in_19[0] 	 (fanout : 1)
hpin:tr_soc_top_mx/u_ctrl/recip_lut_166_61_I1:mux_recip_lut_126_15/in_20[6] 	 (fanout : 1)
hpin:tr_soc_top_mx/u_ctrl/recip_lut_166_61_I1:mux_recip_lut_126_15/in_20[5] 	 (fanout : 1)
hpin:tr_soc_top_mx/u_ctrl/recip_lut_166_61_I1:mux_recip_lut_126_15/in_20[4] 	 (fanout : 1)
hpin:tr_soc_top_mx/u_ctrl/recip_lut_166_61_I1:mux_recip_lut_126_15/in_20[3] 	 (fanout : 1)
hpin:tr_soc_top_mx/u_ctrl/recip_lut_166_61_I1:mux_recip_lut_126_15/in_20[2] 	 (fanout : 1)
hpin:tr_soc_top_mx/u_ctrl/recip_lut_166_61_I1:mux_recip_lut_126_15/in_20[1] 	 (fanout : 1)
hpin:tr_soc_top_mx/u_ctrl/recip_lut_166_61_I1:mux_recip_lut_126_15/in_20[0] 	 (fanout : 1)
hpin:tr_soc_top_mx/u_ctrl/recip_lut_166_61_I1:mux_recip_lut_126_15/in_21[6] 	 (fanout : 1)
hpin:tr_soc_top_mx/u_ctrl/recip_lut_166_61_I1:mux_recip_lut_126_15/in_21[5] 	 (fanout : 1)
hpin:tr_soc_top_mx/u_ctrl/recip_lut_166_61_I1:mux_recip_lut_126_15/in_21[4] 	 (fanout : 1)
hpin:tr_soc_top_mx/u_ctrl/recip_lut_166_61_I1:mux_recip_lut_126_15/in_21[3] 	 (fanout : 1)
hpin:tr_soc_top_mx/u_ctrl/recip_lut_166_61_I1:mux_recip_lut_126_15/in_21[2] 	 (fanout : 1)
hpin:tr_soc_top_mx/u_ctrl/recip_lut_166_61_I1:mux_recip_lut_126_15/in_21[1] 	 (fanout : 1)
hpin:tr_soc_top_mx/u_ctrl/recip_lut_166_61_I1:mux_recip_lut_126_15/in_21[0] 	 (fanout : 1)
hpin:tr_soc_top_mx/u_ctrl/recip_lut_166_61_I1:mux_recip_lut_126_15/in_22[6] 	 (fanout : 1)
hpin:tr_soc_top_mx/u_ctrl/recip_lut_166_61_I1:mux_recip_lut_126_15/in_22[5] 	 (fanout : 1)
hpin:tr_soc_top_mx/u_ctrl/recip_lut_166_61_I1:mux_recip_lut_126_15/in_22[4] 	 (fanout : 1)
hpin:tr_soc_top_mx/u_ctrl/recip_lut_166_61_I1:mux_recip_lut_126_15/in_22[3] 	 (fanout : 1)
hpin:tr_soc_top_mx/u_ctrl/recip_lut_166_61_I1:mux_recip_lut_126_15/in_22[2] 	 (fanout : 1)
hpin:tr_soc_top_mx/u_ctrl/recip_lut_166_61_I1:mux_recip_lut_126_15/in_22[1] 	 (fanout : 1)
hpin:tr_soc_top_mx/u_ctrl/recip_lut_166_61_I1:mux_recip_lut_126_15/in_22[0] 	 (fanout : 1)
hpin:tr_soc_top_mx/u_ctrl/recip_lut_166_61_I1:mux_recip_lut_126_15/in_23[6] 	 (fanout : 1)
hpin:tr_soc_top_mx/u_ctrl/recip_lut_166_61_I1:mux_recip_lut_126_15/in_23[5] 	 (fanout : 1)
hpin:tr_soc_top_mx/u_ctrl/recip_lut_166_61_I1:mux_recip_lut_126_15/in_23[4] 	 (fanout : 1)
hpin:tr_soc_top_mx/u_ctrl/recip_lut_166_61_I1:mux_recip_lut_126_15/in_23[3] 	 (fanout : 1)
hpin:tr_soc_top_mx/u_ctrl/recip_lut_166_61_I1:mux_recip_lut_126_15/in_23[2] 	 (fanout : 1)
hpin:tr_soc_top_mx/u_ctrl/recip_lut_166_61_I1:mux_recip_lut_126_15/in_23[1] 	 (fanout : 1)
hpin:tr_soc_top_mx/u_ctrl/recip_lut_166_61_I1:mux_recip_lut_126_15/in_23[0] 	 (fanout : 1)
hpin:tr_soc_top_mx/u_ctrl/recip_lut_166_61_I1:mux_recip_lut_126_15/in_24[6] 	 (fanout : 1)
hpin:tr_soc_top_mx/u_ctrl/recip_lut_166_61_I1:mux_recip_lut_126_15/in_24[5] 	 (fanout : 1)
hpin:tr_soc_top_mx/u_ctrl/recip_lut_166_61_I1:mux_recip_lut_126_15/in_24[4] 	 (fanout : 1)
hpin:tr_soc_top_mx/u_ctrl/recip_lut_166_61_I1:mux_recip_lut_126_15/in_24[3] 	 (fanout : 1)
hpin:tr_soc_top_mx/u_ctrl/recip_lut_166_61_I1:mux_recip_lut_126_15/in_24[2] 	 (fanout : 1)
hpin:tr_soc_top_mx/u_ctrl/recip_lut_166_61_I1:mux_recip_lut_126_15/in_24[1] 	 (fanout : 1)
hpin:tr_soc_top_mx/u_ctrl/recip_lut_166_61_I1:mux_recip_lut_126_15/in_24[0] 	 (fanout : 1)
hpin:tr_soc_top_mx/u_ctrl/recip_lut_166_61_I1:mux_recip_lut_126_15/in_25[6] 	 (fanout : 1)
hpin:tr_soc_top_mx/u_ctrl/recip_lut_166_61_I1:mux_recip_lut_126_15/in_25[5] 	 (fanout : 1)
hpin:tr_soc_top_mx/u_ctrl/recip_lut_166_61_I1:mux_recip_lut_126_15/in_25[4] 	 (fanout : 1)
hpin:tr_soc_top_mx/u_ctrl/recip_lut_166_61_I1:mux_recip_lut_126_15/in_25[3] 	 (fanout : 1)
hpin:tr_soc_top_mx/u_ctrl/recip_lut_166_61_I1:mux_recip_lut_126_15/in_25[2] 	 (fanout : 1)
hpin:tr_soc_top_mx/u_ctrl/recip_lut_166_61_I1:mux_recip_lut_126_15/in_25[1] 	 (fanout : 1)
hpin:tr_soc_top_mx/u_ctrl/recip_lut_166_61_I1:mux_recip_lut_126_15/in_25[0] 	 (fanout : 1)
hpin:tr_soc_top_mx/u_ctrl/recip_lut_166_61_I1:mux_recip_lut_126_15/in_26[6] 	 (fanout : 1)
hpin:tr_soc_top_mx/u_ctrl/recip_lut_166_61_I1:mux_recip_lut_126_15/in_26[5] 	 (fanout : 1)
hpin:tr_soc_top_mx/u_ctrl/recip_lut_166_61_I1:mux_recip_lut_126_15/in_26[4] 	 (fanout : 1)
hpin:tr_soc_top_mx/u_ctrl/recip_lut_166_61_I1:mux_recip_lut_126_15/in_26[3] 	 (fanout : 1)
hpin:tr_soc_top_mx/u_ctrl/recip_lut_166_61_I1:mux_recip_lut_126_15/in_26[2] 	 (fanout : 1)
hpin:tr_soc_top_mx/u_ctrl/recip_lut_166_61_I1:mux_recip_lut_126_15/in_26[1] 	 (fanout : 1)
hpin:tr_soc_top_mx/u_ctrl/recip_lut_166_61_I1:mux_recip_lut_126_15/in_26[0] 	 (fanout : 1)
hpin:tr_soc_top_mx/u_ctrl/recip_lut_166_61_I1:mux_recip_lut_126_15/in_27[6] 	 (fanout : 1)
hpin:tr_soc_top_mx/u_ctrl/recip_lut_166_61_I1:mux_recip_lut_126_15/in_27[5] 	 (fanout : 1)
hpin:tr_soc_top_mx/u_ctrl/recip_lut_166_61_I1:mux_recip_lut_126_15/in_27[4] 	 (fanout : 1)
hpin:tr_soc_top_mx/u_ctrl/recip_lut_166_61_I1:mux_recip_lut_126_15/in_27[3] 	 (fanout : 1)
hpin:tr_soc_top_mx/u_ctrl/recip_lut_166_61_I1:mux_recip_lut_126_15/in_27[2] 	 (fanout : 1)
hpin:tr_soc_top_mx/u_ctrl/recip_lut_166_61_I1:mux_recip_lut_126_15/in_27[1] 	 (fanout : 1)
hpin:tr_soc_top_mx/u_ctrl/recip_lut_166_61_I1:mux_recip_lut_126_15/in_27[0] 	 (fanout : 1)
hpin:tr_soc_top_mx/u_ctrl/recip_lut_166_61_I1:mux_recip_lut_126_15/in_28[6] 	 (fanout : 1)
hpin:tr_soc_top_mx/u_ctrl/recip_lut_166_61_I1:mux_recip_lut_126_15/in_28[5] 	 (fanout : 1)
hpin:tr_soc_top_mx/u_ctrl/recip_lut_166_61_I1:mux_recip_lut_126_15/in_28[4] 	 (fanout : 1)
hpin:tr_soc_top_mx/u_ctrl/recip_lut_166_61_I1:mux_recip_lut_126_15/in_28[3] 	 (fanout : 1)
hpin:tr_soc_top_mx/u_ctrl/recip_lut_166_61_I1:mux_recip_lut_126_15/in_28[2] 	 (fanout : 1)
hpin:tr_soc_top_mx/u_ctrl/recip_lut_166_61_I1:mux_recip_lut_126_15/in_28[1] 	 (fanout : 1)
hpin:tr_soc_top_mx/u_ctrl/recip_lut_166_61_I1:mux_recip_lut_126_15/in_28[0] 	 (fanout : 1)
hpin:tr_soc_top_mx/u_ctrl/recip_lut_166_61_I1:mux_recip_lut_126_15/in_29[6] 	 (fanout : 1)
hpin:tr_soc_top_mx/u_ctrl/recip_lut_166_61_I1:mux_recip_lut_126_15/in_29[5] 	 (fanout : 1)
hpin:tr_soc_top_mx/u_ctrl/recip_lut_166_61_I1:mux_recip_lut_126_15/in_29[4] 	 (fanout : 1)
hpin:tr_soc_top_mx/u_ctrl/recip_lut_166_61_I1:mux_recip_lut_126_15/in_29[3] 	 (fanout : 1)
hpin:tr_soc_top_mx/u_ctrl/recip_lut_166_61_I1:mux_recip_lut_126_15/in_29[2] 	 (fanout : 1)
hpin:tr_soc_top_mx/u_ctrl/recip_lut_166_61_I1:mux_recip_lut_126_15/in_29[1] 	 (fanout : 1)
hpin:tr_soc_top_mx/u_ctrl/recip_lut_166_61_I1:mux_recip_lut_126_15/in_29[0] 	 (fanout : 1)
hpin:tr_soc_top_mx/u_ctrl/recip_lut_166_61_I1:mux_recip_lut_126_15/in_30[6] 	 (fanout : 1)
hpin:tr_soc_top_mx/u_ctrl/recip_lut_166_61_I1:mux_recip_lut_126_15/in_30[5] 	 (fanout : 1)
hpin:tr_soc_top_mx/u_ctrl/recip_lut_166_61_I1:mux_recip_lut_126_15/in_30[4] 	 (fanout : 1)
hpin:tr_soc_top_mx/u_ctrl/recip_lut_166_61_I1:mux_recip_lut_126_15/in_30[3] 	 (fanout : 1)
hpin:tr_soc_top_mx/u_ctrl/recip_lut_166_61_I1:mux_recip_lut_126_15/in_30[2] 	 (fanout : 1)
hpin:tr_soc_top_mx/u_ctrl/recip_lut_166_61_I1:mux_recip_lut_126_15/in_30[1] 	 (fanout : 1)
hpin:tr_soc_top_mx/u_ctrl/recip_lut_166_61_I1:mux_recip_lut_126_15/in_30[0] 	 (fanout : 1)
hpin:tr_soc_top_mx/u_ctrl/recip_lut_166_61_I1:mux_recip_lut_126_15/in_31[6] 	 (fanout : 1)
hpin:tr_soc_top_mx/u_ctrl/recip_lut_166_61_I1:mux_recip_lut_126_15/in_31[5] 	 (fanout : 1)
hpin:tr_soc_top_mx/u_ctrl/recip_lut_166_61_I1:mux_recip_lut_126_15/in_31[4] 	 (fanout : 1)
hpin:tr_soc_top_mx/u_ctrl/recip_lut_166_61_I1:mux_recip_lut_126_15/in_31[3] 	 (fanout : 1)
hpin:tr_soc_top_mx/u_ctrl/recip_lut_166_61_I1:mux_recip_lut_126_15/in_31[2] 	 (fanout : 1)
hpin:tr_soc_top_mx/u_ctrl/recip_lut_166_61_I1:mux_recip_lut_126_15/in_31[1] 	 (fanout : 1)
hpin:tr_soc_top_mx/u_ctrl/recip_lut_166_61_I1:mux_recip_lut_126_15/in_31[0] 	 (fanout : 1)
hpin:tr_soc_top_mx/u_ctrl/recip_lut_166_61_I2:mux_recip_lut_126_15/in_0[6] 	 (fanout : 1)
hpin:tr_soc_top_mx/u_ctrl/recip_lut_166_61_I2:mux_recip_lut_126_15/in_0[5] 	 (fanout : 1)
hpin:tr_soc_top_mx/u_ctrl/recip_lut_166_61_I2:mux_recip_lut_126_15/in_0[4] 	 (fanout : 1)
hpin:tr_soc_top_mx/u_ctrl/recip_lut_166_61_I2:mux_recip_lut_126_15/in_0[3] 	 (fanout : 1)
hpin:tr_soc_top_mx/u_ctrl/recip_lut_166_61_I2:mux_recip_lut_126_15/in_0[2] 	 (fanout : 1)
hpin:tr_soc_top_mx/u_ctrl/recip_lut_166_61_I2:mux_recip_lut_126_15/in_0[1] 	 (fanout : 1)
hpin:tr_soc_top_mx/u_ctrl/recip_lut_166_61_I2:mux_recip_lut_126_15/in_0[0] 	 (fanout : 1)
hpin:tr_soc_top_mx/u_ctrl/recip_lut_166_61_I2:mux_recip_lut_126_15/in_1[6] 	 (fanout : 1)
hpin:tr_soc_top_mx/u_ctrl/recip_lut_166_61_I2:mux_recip_lut_126_15/in_1[5] 	 (fanout : 1)
hpin:tr_soc_top_mx/u_ctrl/recip_lut_166_61_I2:mux_recip_lut_126_15/in_1[4] 	 (fanout : 1)
hpin:tr_soc_top_mx/u_ctrl/recip_lut_166_61_I2:mux_recip_lut_126_15/in_1[3] 	 (fanout : 1)
hpin:tr_soc_top_mx/u_ctrl/recip_lut_166_61_I2:mux_recip_lut_126_15/in_1[2] 	 (fanout : 1)
hpin:tr_soc_top_mx/u_ctrl/recip_lut_166_61_I2:mux_recip_lut_126_15/in_1[1] 	 (fanout : 1)
hpin:tr_soc_top_mx/u_ctrl/recip_lut_166_61_I2:mux_recip_lut_126_15/in_1[0] 	 (fanout : 1)
hpin:tr_soc_top_mx/u_ctrl/recip_lut_166_61_I2:mux_recip_lut_126_15/in_2[6] 	 (fanout : 1)
hpin:tr_soc_top_mx/u_ctrl/recip_lut_166_61_I2:mux_recip_lut_126_15/in_2[5] 	 (fanout : 1)
hpin:tr_soc_top_mx/u_ctrl/recip_lut_166_61_I2:mux_recip_lut_126_15/in_2[4] 	 (fanout : 1)
hpin:tr_soc_top_mx/u_ctrl/recip_lut_166_61_I2:mux_recip_lut_126_15/in_2[3] 	 (fanout : 1)
hpin:tr_soc_top_mx/u_ctrl/recip_lut_166_61_I2:mux_recip_lut_126_15/in_2[2] 	 (fanout : 1)
hpin:tr_soc_top_mx/u_ctrl/recip_lut_166_61_I2:mux_recip_lut_126_15/in_2[1] 	 (fanout : 1)
hpin:tr_soc_top_mx/u_ctrl/recip_lut_166_61_I2:mux_recip_lut_126_15/in_2[0] 	 (fanout : 1)
hpin:tr_soc_top_mx/u_ctrl/recip_lut_166_61_I2:mux_recip_lut_126_15/in_3[6] 	 (fanout : 1)
hpin:tr_soc_top_mx/u_ctrl/recip_lut_166_61_I2:mux_recip_lut_126_15/in_3[5] 	 (fanout : 1)
hpin:tr_soc_top_mx/u_ctrl/recip_lut_166_61_I2:mux_recip_lut_126_15/in_3[4] 	 (fanout : 1)
hpin:tr_soc_top_mx/u_ctrl/recip_lut_166_61_I2:mux_recip_lut_126_15/in_3[3] 	 (fanout : 1)
hpin:tr_soc_top_mx/u_ctrl/recip_lut_166_61_I2:mux_recip_lut_126_15/in_3[2] 	 (fanout : 1)
hpin:tr_soc_top_mx/u_ctrl/recip_lut_166_61_I2:mux_recip_lut_126_15/in_3[1] 	 (fanout : 1)
hpin:tr_soc_top_mx/u_ctrl/recip_lut_166_61_I2:mux_recip_lut_126_15/in_3[0] 	 (fanout : 1)
hpin:tr_soc_top_mx/u_ctrl/recip_lut_166_61_I2:mux_recip_lut_126_15/in_4[6] 	 (fanout : 1)
hpin:tr_soc_top_mx/u_ctrl/recip_lut_166_61_I2:mux_recip_lut_126_15/in_4[5] 	 (fanout : 1)
hpin:tr_soc_top_mx/u_ctrl/recip_lut_166_61_I2:mux_recip_lut_126_15/in_4[4] 	 (fanout : 1)
hpin:tr_soc_top_mx/u_ctrl/recip_lut_166_61_I2:mux_recip_lut_126_15/in_4[3] 	 (fanout : 1)
hpin:tr_soc_top_mx/u_ctrl/recip_lut_166_61_I2:mux_recip_lut_126_15/in_4[2] 	 (fanout : 1)
hpin:tr_soc_top_mx/u_ctrl/recip_lut_166_61_I2:mux_recip_lut_126_15/in_4[1] 	 (fanout : 1)
hpin:tr_soc_top_mx/u_ctrl/recip_lut_166_61_I2:mux_recip_lut_126_15/in_4[0] 	 (fanout : 1)
hpin:tr_soc_top_mx/u_ctrl/recip_lut_166_61_I2:mux_recip_lut_126_15/in_5[6] 	 (fanout : 1)
hpin:tr_soc_top_mx/u_ctrl/recip_lut_166_61_I2:mux_recip_lut_126_15/in_5[5] 	 (fanout : 1)
hpin:tr_soc_top_mx/u_ctrl/recip_lut_166_61_I2:mux_recip_lut_126_15/in_5[4] 	 (fanout : 1)
hpin:tr_soc_top_mx/u_ctrl/recip_lut_166_61_I2:mux_recip_lut_126_15/in_5[3] 	 (fanout : 1)
hpin:tr_soc_top_mx/u_ctrl/recip_lut_166_61_I2:mux_recip_lut_126_15/in_5[2] 	 (fanout : 1)
hpin:tr_soc_top_mx/u_ctrl/recip_lut_166_61_I2:mux_recip_lut_126_15/in_5[1] 	 (fanout : 1)
hpin:tr_soc_top_mx/u_ctrl/recip_lut_166_61_I2:mux_recip_lut_126_15/in_5[0] 	 (fanout : 1)
hpin:tr_soc_top_mx/u_ctrl/recip_lut_166_61_I2:mux_recip_lut_126_15/in_6[6] 	 (fanout : 1)
hpin:tr_soc_top_mx/u_ctrl/recip_lut_166_61_I2:mux_recip_lut_126_15/in_6[5] 	 (fanout : 1)
hpin:tr_soc_top_mx/u_ctrl/recip_lut_166_61_I2:mux_recip_lut_126_15/in_6[4] 	 (fanout : 1)
hpin:tr_soc_top_mx/u_ctrl/recip_lut_166_61_I2:mux_recip_lut_126_15/in_6[3] 	 (fanout : 1)
hpin:tr_soc_top_mx/u_ctrl/recip_lut_166_61_I2:mux_recip_lut_126_15/in_6[2] 	 (fanout : 1)
hpin:tr_soc_top_mx/u_ctrl/recip_lut_166_61_I2:mux_recip_lut_126_15/in_6[1] 	 (fanout : 1)
hpin:tr_soc_top_mx/u_ctrl/recip_lut_166_61_I2:mux_recip_lut_126_15/in_6[0] 	 (fanout : 1)
hpin:tr_soc_top_mx/u_ctrl/recip_lut_166_61_I2:mux_recip_lut_126_15/in_7[6] 	 (fanout : 1)
hpin:tr_soc_top_mx/u_ctrl/recip_lut_166_61_I2:mux_recip_lut_126_15/in_7[5] 	 (fanout : 1)
hpin:tr_soc_top_mx/u_ctrl/recip_lut_166_61_I2:mux_recip_lut_126_15/in_7[4] 	 (fanout : 1)
hpin:tr_soc_top_mx/u_ctrl/recip_lut_166_61_I2:mux_recip_lut_126_15/in_7[3] 	 (fanout : 1)
hpin:tr_soc_top_mx/u_ctrl/recip_lut_166_61_I2:mux_recip_lut_126_15/in_7[2] 	 (fanout : 1)
hpin:tr_soc_top_mx/u_ctrl/recip_lut_166_61_I2:mux_recip_lut_126_15/in_7[1] 	 (fanout : 1)
hpin:tr_soc_top_mx/u_ctrl/recip_lut_166_61_I2:mux_recip_lut_126_15/in_7[0] 	 (fanout : 1)
hpin:tr_soc_top_mx/u_ctrl/recip_lut_166_61_I2:mux_recip_lut_126_15/in_8[6] 	 (fanout : 1)
hpin:tr_soc_top_mx/u_ctrl/recip_lut_166_61_I2:mux_recip_lut_126_15/in_8[5] 	 (fanout : 1)
hpin:tr_soc_top_mx/u_ctrl/recip_lut_166_61_I2:mux_recip_lut_126_15/in_8[4] 	 (fanout : 1)
hpin:tr_soc_top_mx/u_ctrl/recip_lut_166_61_I2:mux_recip_lut_126_15/in_8[3] 	 (fanout : 1)
hpin:tr_soc_top_mx/u_ctrl/recip_lut_166_61_I2:mux_recip_lut_126_15/in_8[2] 	 (fanout : 1)
hpin:tr_soc_top_mx/u_ctrl/recip_lut_166_61_I2:mux_recip_lut_126_15/in_8[1] 	 (fanout : 1)
hpin:tr_soc_top_mx/u_ctrl/recip_lut_166_61_I2:mux_recip_lut_126_15/in_8[0] 	 (fanout : 1)
hpin:tr_soc_top_mx/u_ctrl/recip_lut_166_61_I2:mux_recip_lut_126_15/in_9[6] 	 (fanout : 1)
hpin:tr_soc_top_mx/u_ctrl/recip_lut_166_61_I2:mux_recip_lut_126_15/in_9[5] 	 (fanout : 1)
hpin:tr_soc_top_mx/u_ctrl/recip_lut_166_61_I2:mux_recip_lut_126_15/in_9[4] 	 (fanout : 1)
hpin:tr_soc_top_mx/u_ctrl/recip_lut_166_61_I2:mux_recip_lut_126_15/in_9[3] 	 (fanout : 1)
hpin:tr_soc_top_mx/u_ctrl/recip_lut_166_61_I2:mux_recip_lut_126_15/in_9[2] 	 (fanout : 1)
hpin:tr_soc_top_mx/u_ctrl/recip_lut_166_61_I2:mux_recip_lut_126_15/in_9[1] 	 (fanout : 1)
hpin:tr_soc_top_mx/u_ctrl/recip_lut_166_61_I2:mux_recip_lut_126_15/in_9[0] 	 (fanout : 1)
hpin:tr_soc_top_mx/u_ctrl/recip_lut_166_61_I2:mux_recip_lut_126_15/in_10[6] 	 (fanout : 1)
hpin:tr_soc_top_mx/u_ctrl/recip_lut_166_61_I2:mux_recip_lut_126_15/in_10[5] 	 (fanout : 1)
hpin:tr_soc_top_mx/u_ctrl/recip_lut_166_61_I2:mux_recip_lut_126_15/in_10[4] 	 (fanout : 1)
hpin:tr_soc_top_mx/u_ctrl/recip_lut_166_61_I2:mux_recip_lut_126_15/in_10[3] 	 (fanout : 1)
hpin:tr_soc_top_mx/u_ctrl/recip_lut_166_61_I2:mux_recip_lut_126_15/in_10[2] 	 (fanout : 1)
hpin:tr_soc_top_mx/u_ctrl/recip_lut_166_61_I2:mux_recip_lut_126_15/in_10[1] 	 (fanout : 1)
hpin:tr_soc_top_mx/u_ctrl/recip_lut_166_61_I2:mux_recip_lut_126_15/in_10[0] 	 (fanout : 1)
hpin:tr_soc_top_mx/u_ctrl/recip_lut_166_61_I2:mux_recip_lut_126_15/in_11[6] 	 (fanout : 1)
hpin:tr_soc_top_mx/u_ctrl/recip_lut_166_61_I2:mux_recip_lut_126_15/in_11[5] 	 (fanout : 1)
hpin:tr_soc_top_mx/u_ctrl/recip_lut_166_61_I2:mux_recip_lut_126_15/in_11[4] 	 (fanout : 1)
hpin:tr_soc_top_mx/u_ctrl/recip_lut_166_61_I2:mux_recip_lut_126_15/in_11[3] 	 (fanout : 1)
hpin:tr_soc_top_mx/u_ctrl/recip_lut_166_61_I2:mux_recip_lut_126_15/in_11[2] 	 (fanout : 1)
hpin:tr_soc_top_mx/u_ctrl/recip_lut_166_61_I2:mux_recip_lut_126_15/in_11[1] 	 (fanout : 1)
hpin:tr_soc_top_mx/u_ctrl/recip_lut_166_61_I2:mux_recip_lut_126_15/in_11[0] 	 (fanout : 1)
hpin:tr_soc_top_mx/u_ctrl/recip_lut_166_61_I2:mux_recip_lut_126_15/in_12[6] 	 (fanout : 1)
hpin:tr_soc_top_mx/u_ctrl/recip_lut_166_61_I2:mux_recip_lut_126_15/in_12[5] 	 (fanout : 1)
hpin:tr_soc_top_mx/u_ctrl/recip_lut_166_61_I2:mux_recip_lut_126_15/in_12[4] 	 (fanout : 1)
hpin:tr_soc_top_mx/u_ctrl/recip_lut_166_61_I2:mux_recip_lut_126_15/in_12[3] 	 (fanout : 1)
hpin:tr_soc_top_mx/u_ctrl/recip_lut_166_61_I2:mux_recip_lut_126_15/in_12[2] 	 (fanout : 1)
hpin:tr_soc_top_mx/u_ctrl/recip_lut_166_61_I2:mux_recip_lut_126_15/in_12[1] 	 (fanout : 1)
hpin:tr_soc_top_mx/u_ctrl/recip_lut_166_61_I2:mux_recip_lut_126_15/in_12[0] 	 (fanout : 1)
hpin:tr_soc_top_mx/u_ctrl/recip_lut_166_61_I2:mux_recip_lut_126_15/in_13[6] 	 (fanout : 1)
hpin:tr_soc_top_mx/u_ctrl/recip_lut_166_61_I2:mux_recip_lut_126_15/in_13[5] 	 (fanout : 1)
hpin:tr_soc_top_mx/u_ctrl/recip_lut_166_61_I2:mux_recip_lut_126_15/in_13[4] 	 (fanout : 1)
hpin:tr_soc_top_mx/u_ctrl/recip_lut_166_61_I2:mux_recip_lut_126_15/in_13[3] 	 (fanout : 1)
hpin:tr_soc_top_mx/u_ctrl/recip_lut_166_61_I2:mux_recip_lut_126_15/in_13[2] 	 (fanout : 1)
hpin:tr_soc_top_mx/u_ctrl/recip_lut_166_61_I2:mux_recip_lut_126_15/in_13[1] 	 (fanout : 1)
hpin:tr_soc_top_mx/u_ctrl/recip_lut_166_61_I2:mux_recip_lut_126_15/in_13[0] 	 (fanout : 1)
hpin:tr_soc_top_mx/u_ctrl/recip_lut_166_61_I2:mux_recip_lut_126_15/in_14[6] 	 (fanout : 1)
hpin:tr_soc_top_mx/u_ctrl/recip_lut_166_61_I2:mux_recip_lut_126_15/in_14[5] 	 (fanout : 1)
hpin:tr_soc_top_mx/u_ctrl/recip_lut_166_61_I2:mux_recip_lut_126_15/in_14[4] 	 (fanout : 1)
hpin:tr_soc_top_mx/u_ctrl/recip_lut_166_61_I2:mux_recip_lut_126_15/in_14[3] 	 (fanout : 1)
hpin:tr_soc_top_mx/u_ctrl/recip_lut_166_61_I2:mux_recip_lut_126_15/in_14[2] 	 (fanout : 1)
hpin:tr_soc_top_mx/u_ctrl/recip_lut_166_61_I2:mux_recip_lut_126_15/in_14[1] 	 (fanout : 1)
hpin:tr_soc_top_mx/u_ctrl/recip_lut_166_61_I2:mux_recip_lut_126_15/in_14[0] 	 (fanout : 1)
hpin:tr_soc_top_mx/u_ctrl/recip_lut_166_61_I2:mux_recip_lut_126_15/in_15[6] 	 (fanout : 1)
hpin:tr_soc_top_mx/u_ctrl/recip_lut_166_61_I2:mux_recip_lut_126_15/in_15[5] 	 (fanout : 1)
hpin:tr_soc_top_mx/u_ctrl/recip_lut_166_61_I2:mux_recip_lut_126_15/in_15[4] 	 (fanout : 1)
hpin:tr_soc_top_mx/u_ctrl/recip_lut_166_61_I2:mux_recip_lut_126_15/in_15[3] 	 (fanout : 1)
hpin:tr_soc_top_mx/u_ctrl/recip_lut_166_61_I2:mux_recip_lut_126_15/in_15[2] 	 (fanout : 1)
hpin:tr_soc_top_mx/u_ctrl/recip_lut_166_61_I2:mux_recip_lut_126_15/in_15[1] 	 (fanout : 1)
hpin:tr_soc_top_mx/u_ctrl/recip_lut_166_61_I2:mux_recip_lut_126_15/in_15[0] 	 (fanout : 1)
hpin:tr_soc_top_mx/u_ctrl/recip_lut_166_61_I2:mux_recip_lut_126_15/in_16[6] 	 (fanout : 1)
hpin:tr_soc_top_mx/u_ctrl/recip_lut_166_61_I2:mux_recip_lut_126_15/in_16[5] 	 (fanout : 1)
hpin:tr_soc_top_mx/u_ctrl/recip_lut_166_61_I2:mux_recip_lut_126_15/in_16[4] 	 (fanout : 1)
hpin:tr_soc_top_mx/u_ctrl/recip_lut_166_61_I2:mux_recip_lut_126_15/in_16[3] 	 (fanout : 1)
hpin:tr_soc_top_mx/u_ctrl/recip_lut_166_61_I2:mux_recip_lut_126_15/in_16[2] 	 (fanout : 1)
hpin:tr_soc_top_mx/u_ctrl/recip_lut_166_61_I2:mux_recip_lut_126_15/in_16[1] 	 (fanout : 1)
hpin:tr_soc_top_mx/u_ctrl/recip_lut_166_61_I2:mux_recip_lut_126_15/in_16[0] 	 (fanout : 1)
hpin:tr_soc_top_mx/u_ctrl/recip_lut_166_61_I2:mux_recip_lut_126_15/in_17[6] 	 (fanout : 1)
hpin:tr_soc_top_mx/u_ctrl/recip_lut_166_61_I2:mux_recip_lut_126_15/in_17[5] 	 (fanout : 1)
hpin:tr_soc_top_mx/u_ctrl/recip_lut_166_61_I2:mux_recip_lut_126_15/in_17[4] 	 (fanout : 1)
hpin:tr_soc_top_mx/u_ctrl/recip_lut_166_61_I2:mux_recip_lut_126_15/in_17[3] 	 (fanout : 1)
hpin:tr_soc_top_mx/u_ctrl/recip_lut_166_61_I2:mux_recip_lut_126_15/in_17[2] 	 (fanout : 1)
hpin:tr_soc_top_mx/u_ctrl/recip_lut_166_61_I2:mux_recip_lut_126_15/in_17[1] 	 (fanout : 1)
hpin:tr_soc_top_mx/u_ctrl/recip_lut_166_61_I2:mux_recip_lut_126_15/in_17[0] 	 (fanout : 1)
hpin:tr_soc_top_mx/u_ctrl/recip_lut_166_61_I2:mux_recip_lut_126_15/in_18[6] 	 (fanout : 1)
hpin:tr_soc_top_mx/u_ctrl/recip_lut_166_61_I2:mux_recip_lut_126_15/in_18[5] 	 (fanout : 1)
hpin:tr_soc_top_mx/u_ctrl/recip_lut_166_61_I2:mux_recip_lut_126_15/in_18[4] 	 (fanout : 1)
hpin:tr_soc_top_mx/u_ctrl/recip_lut_166_61_I2:mux_recip_lut_126_15/in_18[3] 	 (fanout : 1)
hpin:tr_soc_top_mx/u_ctrl/recip_lut_166_61_I2:mux_recip_lut_126_15/in_18[2] 	 (fanout : 1)
hpin:tr_soc_top_mx/u_ctrl/recip_lut_166_61_I2:mux_recip_lut_126_15/in_18[1] 	 (fanout : 1)
hpin:tr_soc_top_mx/u_ctrl/recip_lut_166_61_I2:mux_recip_lut_126_15/in_18[0] 	 (fanout : 1)
hpin:tr_soc_top_mx/u_ctrl/recip_lut_166_61_I2:mux_recip_lut_126_15/in_19[6] 	 (fanout : 1)
hpin:tr_soc_top_mx/u_ctrl/recip_lut_166_61_I2:mux_recip_lut_126_15/in_19[5] 	 (fanout : 1)
hpin:tr_soc_top_mx/u_ctrl/recip_lut_166_61_I2:mux_recip_lut_126_15/in_19[4] 	 (fanout : 1)
hpin:tr_soc_top_mx/u_ctrl/recip_lut_166_61_I2:mux_recip_lut_126_15/in_19[3] 	 (fanout : 1)
hpin:tr_soc_top_mx/u_ctrl/recip_lut_166_61_I2:mux_recip_lut_126_15/in_19[2] 	 (fanout : 1)
hpin:tr_soc_top_mx/u_ctrl/recip_lut_166_61_I2:mux_recip_lut_126_15/in_19[1] 	 (fanout : 1)
hpin:tr_soc_top_mx/u_ctrl/recip_lut_166_61_I2:mux_recip_lut_126_15/in_19[0] 	 (fanout : 1)
hpin:tr_soc_top_mx/u_ctrl/recip_lut_166_61_I2:mux_recip_lut_126_15/in_20[6] 	 (fanout : 1)
hpin:tr_soc_top_mx/u_ctrl/recip_lut_166_61_I2:mux_recip_lut_126_15/in_20[5] 	 (fanout : 1)
hpin:tr_soc_top_mx/u_ctrl/recip_lut_166_61_I2:mux_recip_lut_126_15/in_20[4] 	 (fanout : 1)
hpin:tr_soc_top_mx/u_ctrl/recip_lut_166_61_I2:mux_recip_lut_126_15/in_20[3] 	 (fanout : 1)
hpin:tr_soc_top_mx/u_ctrl/recip_lut_166_61_I2:mux_recip_lut_126_15/in_20[2] 	 (fanout : 1)
hpin:tr_soc_top_mx/u_ctrl/recip_lut_166_61_I2:mux_recip_lut_126_15/in_20[1] 	 (fanout : 1)
hpin:tr_soc_top_mx/u_ctrl/recip_lut_166_61_I2:mux_recip_lut_126_15/in_20[0] 	 (fanout : 1)
hpin:tr_soc_top_mx/u_ctrl/recip_lut_166_61_I2:mux_recip_lut_126_15/in_21[6] 	 (fanout : 1)
hpin:tr_soc_top_mx/u_ctrl/recip_lut_166_61_I2:mux_recip_lut_126_15/in_21[5] 	 (fanout : 1)
hpin:tr_soc_top_mx/u_ctrl/recip_lut_166_61_I2:mux_recip_lut_126_15/in_21[4] 	 (fanout : 1)
hpin:tr_soc_top_mx/u_ctrl/recip_lut_166_61_I2:mux_recip_lut_126_15/in_21[3] 	 (fanout : 1)
hpin:tr_soc_top_mx/u_ctrl/recip_lut_166_61_I2:mux_recip_lut_126_15/in_21[2] 	 (fanout : 1)
hpin:tr_soc_top_mx/u_ctrl/recip_lut_166_61_I2:mux_recip_lut_126_15/in_21[1] 	 (fanout : 1)
hpin:tr_soc_top_mx/u_ctrl/recip_lut_166_61_I2:mux_recip_lut_126_15/in_21[0] 	 (fanout : 1)
hpin:tr_soc_top_mx/u_ctrl/recip_lut_166_61_I2:mux_recip_lut_126_15/in_22[6] 	 (fanout : 1)
hpin:tr_soc_top_mx/u_ctrl/recip_lut_166_61_I2:mux_recip_lut_126_15/in_22[5] 	 (fanout : 1)
hpin:tr_soc_top_mx/u_ctrl/recip_lut_166_61_I2:mux_recip_lut_126_15/in_22[4] 	 (fanout : 1)
hpin:tr_soc_top_mx/u_ctrl/recip_lut_166_61_I2:mux_recip_lut_126_15/in_22[3] 	 (fanout : 1)
hpin:tr_soc_top_mx/u_ctrl/recip_lut_166_61_I2:mux_recip_lut_126_15/in_22[2] 	 (fanout : 1)
hpin:tr_soc_top_mx/u_ctrl/recip_lut_166_61_I2:mux_recip_lut_126_15/in_22[1] 	 (fanout : 1)
hpin:tr_soc_top_mx/u_ctrl/recip_lut_166_61_I2:mux_recip_lut_126_15/in_22[0] 	 (fanout : 1)
hpin:tr_soc_top_mx/u_ctrl/recip_lut_166_61_I2:mux_recip_lut_126_15/in_23[6] 	 (fanout : 1)
hpin:tr_soc_top_mx/u_ctrl/recip_lut_166_61_I2:mux_recip_lut_126_15/in_23[5] 	 (fanout : 1)
hpin:tr_soc_top_mx/u_ctrl/recip_lut_166_61_I2:mux_recip_lut_126_15/in_23[4] 	 (fanout : 1)
hpin:tr_soc_top_mx/u_ctrl/recip_lut_166_61_I2:mux_recip_lut_126_15/in_23[3] 	 (fanout : 1)
hpin:tr_soc_top_mx/u_ctrl/recip_lut_166_61_I2:mux_recip_lut_126_15/in_23[2] 	 (fanout : 1)
hpin:tr_soc_top_mx/u_ctrl/recip_lut_166_61_I2:mux_recip_lut_126_15/in_23[1] 	 (fanout : 1)
hpin:tr_soc_top_mx/u_ctrl/recip_lut_166_61_I2:mux_recip_lut_126_15/in_23[0] 	 (fanout : 1)
hpin:tr_soc_top_mx/u_ctrl/recip_lut_166_61_I2:mux_recip_lut_126_15/in_24[6] 	 (fanout : 1)
hpin:tr_soc_top_mx/u_ctrl/recip_lut_166_61_I2:mux_recip_lut_126_15/in_24[5] 	 (fanout : 1)
hpin:tr_soc_top_mx/u_ctrl/recip_lut_166_61_I2:mux_recip_lut_126_15/in_24[4] 	 (fanout : 1)
hpin:tr_soc_top_mx/u_ctrl/recip_lut_166_61_I2:mux_recip_lut_126_15/in_24[3] 	 (fanout : 1)
hpin:tr_soc_top_mx/u_ctrl/recip_lut_166_61_I2:mux_recip_lut_126_15/in_24[2] 	 (fanout : 1)
hpin:tr_soc_top_mx/u_ctrl/recip_lut_166_61_I2:mux_recip_lut_126_15/in_24[1] 	 (fanout : 1)
hpin:tr_soc_top_mx/u_ctrl/recip_lut_166_61_I2:mux_recip_lut_126_15/in_24[0] 	 (fanout : 1)
hpin:tr_soc_top_mx/u_ctrl/recip_lut_166_61_I2:mux_recip_lut_126_15/in_25[6] 	 (fanout : 1)
hpin:tr_soc_top_mx/u_ctrl/recip_lut_166_61_I2:mux_recip_lut_126_15/in_25[5] 	 (fanout : 1)
hpin:tr_soc_top_mx/u_ctrl/recip_lut_166_61_I2:mux_recip_lut_126_15/in_25[4] 	 (fanout : 1)
hpin:tr_soc_top_mx/u_ctrl/recip_lut_166_61_I2:mux_recip_lut_126_15/in_25[3] 	 (fanout : 1)
hpin:tr_soc_top_mx/u_ctrl/recip_lut_166_61_I2:mux_recip_lut_126_15/in_25[2] 	 (fanout : 1)
hpin:tr_soc_top_mx/u_ctrl/recip_lut_166_61_I2:mux_recip_lut_126_15/in_25[1] 	 (fanout : 1)
hpin:tr_soc_top_mx/u_ctrl/recip_lut_166_61_I2:mux_recip_lut_126_15/in_25[0] 	 (fanout : 1)
hpin:tr_soc_top_mx/u_ctrl/recip_lut_166_61_I2:mux_recip_lut_126_15/in_26[6] 	 (fanout : 1)
hpin:tr_soc_top_mx/u_ctrl/recip_lut_166_61_I2:mux_recip_lut_126_15/in_26[5] 	 (fanout : 1)
hpin:tr_soc_top_mx/u_ctrl/recip_lut_166_61_I2:mux_recip_lut_126_15/in_26[4] 	 (fanout : 1)
hpin:tr_soc_top_mx/u_ctrl/recip_lut_166_61_I2:mux_recip_lut_126_15/in_26[3] 	 (fanout : 1)
hpin:tr_soc_top_mx/u_ctrl/recip_lut_166_61_I2:mux_recip_lut_126_15/in_26[2] 	 (fanout : 1)
hpin:tr_soc_top_mx/u_ctrl/recip_lut_166_61_I2:mux_recip_lut_126_15/in_26[1] 	 (fanout : 1)
hpin:tr_soc_top_mx/u_ctrl/recip_lut_166_61_I2:mux_recip_lut_126_15/in_26[0] 	 (fanout : 1)
hpin:tr_soc_top_mx/u_ctrl/recip_lut_166_61_I2:mux_recip_lut_126_15/in_27[6] 	 (fanout : 1)
hpin:tr_soc_top_mx/u_ctrl/recip_lut_166_61_I2:mux_recip_lut_126_15/in_27[5] 	 (fanout : 1)
hpin:tr_soc_top_mx/u_ctrl/recip_lut_166_61_I2:mux_recip_lut_126_15/in_27[4] 	 (fanout : 1)
hpin:tr_soc_top_mx/u_ctrl/recip_lut_166_61_I2:mux_recip_lut_126_15/in_27[3] 	 (fanout : 1)
hpin:tr_soc_top_mx/u_ctrl/recip_lut_166_61_I2:mux_recip_lut_126_15/in_27[2] 	 (fanout : 1)
hpin:tr_soc_top_mx/u_ctrl/recip_lut_166_61_I2:mux_recip_lut_126_15/in_27[1] 	 (fanout : 1)
hpin:tr_soc_top_mx/u_ctrl/recip_lut_166_61_I2:mux_recip_lut_126_15/in_27[0] 	 (fanout : 1)
hpin:tr_soc_top_mx/u_ctrl/recip_lut_166_61_I2:mux_recip_lut_126_15/in_28[6] 	 (fanout : 1)
hpin:tr_soc_top_mx/u_ctrl/recip_lut_166_61_I2:mux_recip_lut_126_15/in_28[5] 	 (fanout : 1)
hpin:tr_soc_top_mx/u_ctrl/recip_lut_166_61_I2:mux_recip_lut_126_15/in_28[4] 	 (fanout : 1)
hpin:tr_soc_top_mx/u_ctrl/recip_lut_166_61_I2:mux_recip_lut_126_15/in_28[3] 	 (fanout : 1)
hpin:tr_soc_top_mx/u_ctrl/recip_lut_166_61_I2:mux_recip_lut_126_15/in_28[2] 	 (fanout : 1)
hpin:tr_soc_top_mx/u_ctrl/recip_lut_166_61_I2:mux_recip_lut_126_15/in_28[1] 	 (fanout : 1)
hpin:tr_soc_top_mx/u_ctrl/recip_lut_166_61_I2:mux_recip_lut_126_15/in_28[0] 	 (fanout : 1)
hpin:tr_soc_top_mx/u_ctrl/recip_lut_166_61_I2:mux_recip_lut_126_15/in_29[6] 	 (fanout : 1)
hpin:tr_soc_top_mx/u_ctrl/recip_lut_166_61_I2:mux_recip_lut_126_15/in_29[5] 	 (fanout : 1)
hpin:tr_soc_top_mx/u_ctrl/recip_lut_166_61_I2:mux_recip_lut_126_15/in_29[4] 	 (fanout : 1)
hpin:tr_soc_top_mx/u_ctrl/recip_lut_166_61_I2:mux_recip_lut_126_15/in_29[3] 	 (fanout : 1)
hpin:tr_soc_top_mx/u_ctrl/recip_lut_166_61_I2:mux_recip_lut_126_15/in_29[2] 	 (fanout : 1)
hpin:tr_soc_top_mx/u_ctrl/recip_lut_166_61_I2:mux_recip_lut_126_15/in_29[1] 	 (fanout : 1)
hpin:tr_soc_top_mx/u_ctrl/recip_lut_166_61_I2:mux_recip_lut_126_15/in_29[0] 	 (fanout : 1)
hpin:tr_soc_top_mx/u_ctrl/recip_lut_166_61_I2:mux_recip_lut_126_15/in_30[6] 	 (fanout : 1)
hpin:tr_soc_top_mx/u_ctrl/recip_lut_166_61_I2:mux_recip_lut_126_15/in_30[5] 	 (fanout : 1)
hpin:tr_soc_top_mx/u_ctrl/recip_lut_166_61_I2:mux_recip_lut_126_15/in_30[4] 	 (fanout : 1)
hpin:tr_soc_top_mx/u_ctrl/recip_lut_166_61_I2:mux_recip_lut_126_15/in_30[3] 	 (fanout : 1)
hpin:tr_soc_top_mx/u_ctrl/recip_lut_166_61_I2:mux_recip_lut_126_15/in_30[2] 	 (fanout : 1)
hpin:tr_soc_top_mx/u_ctrl/recip_lut_166_61_I2:mux_recip_lut_126_15/in_30[1] 	 (fanout : 1)
hpin:tr_soc_top_mx/u_ctrl/recip_lut_166_61_I2:mux_recip_lut_126_15/in_30[0] 	 (fanout : 1)
hpin:tr_soc_top_mx/u_ctrl/recip_lut_166_61_I2:mux_recip_lut_126_15/in_31[6] 	 (fanout : 1)
hpin:tr_soc_top_mx/u_ctrl/recip_lut_166_61_I2:mux_recip_lut_126_15/in_31[5] 	 (fanout : 1)
hpin:tr_soc_top_mx/u_ctrl/recip_lut_166_61_I2:mux_recip_lut_126_15/in_31[4] 	 (fanout : 1)
hpin:tr_soc_top_mx/u_ctrl/recip_lut_166_61_I2:mux_recip_lut_126_15/in_31[3] 	 (fanout : 1)
hpin:tr_soc_top_mx/u_ctrl/recip_lut_166_61_I2:mux_recip_lut_126_15/in_31[2] 	 (fanout : 1)
hpin:tr_soc_top_mx/u_ctrl/recip_lut_166_61_I2:mux_recip_lut_126_15/in_31[1] 	 (fanout : 1)
hpin:tr_soc_top_mx/u_ctrl/recip_lut_166_61_I2:mux_recip_lut_126_15/in_31[0] 	 (fanout : 1)
hpin:tr_soc_top_mx/u_ctrl/recip_lut_166_61_I3:mux_recip_lut_126_15/in_0[6] 	 (fanout : 1)
hpin:tr_soc_top_mx/u_ctrl/recip_lut_166_61_I3:mux_recip_lut_126_15/in_0[5] 	 (fanout : 1)
hpin:tr_soc_top_mx/u_ctrl/recip_lut_166_61_I3:mux_recip_lut_126_15/in_0[4] 	 (fanout : 1)
hpin:tr_soc_top_mx/u_ctrl/recip_lut_166_61_I3:mux_recip_lut_126_15/in_0[3] 	 (fanout : 1)
hpin:tr_soc_top_mx/u_ctrl/recip_lut_166_61_I3:mux_recip_lut_126_15/in_0[2] 	 (fanout : 1)
hpin:tr_soc_top_mx/u_ctrl/recip_lut_166_61_I3:mux_recip_lut_126_15/in_0[1] 	 (fanout : 1)
hpin:tr_soc_top_mx/u_ctrl/recip_lut_166_61_I3:mux_recip_lut_126_15/in_0[0] 	 (fanout : 1)
hpin:tr_soc_top_mx/u_ctrl/recip_lut_166_61_I3:mux_recip_lut_126_15/in_1[6] 	 (fanout : 1)
hpin:tr_soc_top_mx/u_ctrl/recip_lut_166_61_I3:mux_recip_lut_126_15/in_1[5] 	 (fanout : 1)
hpin:tr_soc_top_mx/u_ctrl/recip_lut_166_61_I3:mux_recip_lut_126_15/in_1[4] 	 (fanout : 1)
hpin:tr_soc_top_mx/u_ctrl/recip_lut_166_61_I3:mux_recip_lut_126_15/in_1[3] 	 (fanout : 1)
hpin:tr_soc_top_mx/u_ctrl/recip_lut_166_61_I3:mux_recip_lut_126_15/in_1[2] 	 (fanout : 1)
hpin:tr_soc_top_mx/u_ctrl/recip_lut_166_61_I3:mux_recip_lut_126_15/in_1[1] 	 (fanout : 1)
hpin:tr_soc_top_mx/u_ctrl/recip_lut_166_61_I3:mux_recip_lut_126_15/in_1[0] 	 (fanout : 1)
hpin:tr_soc_top_mx/u_ctrl/recip_lut_166_61_I3:mux_recip_lut_126_15/in_2[6] 	 (fanout : 1)
hpin:tr_soc_top_mx/u_ctrl/recip_lut_166_61_I3:mux_recip_lut_126_15/in_2[5] 	 (fanout : 1)
hpin:tr_soc_top_mx/u_ctrl/recip_lut_166_61_I3:mux_recip_lut_126_15/in_2[4] 	 (fanout : 1)
hpin:tr_soc_top_mx/u_ctrl/recip_lut_166_61_I3:mux_recip_lut_126_15/in_2[3] 	 (fanout : 1)
hpin:tr_soc_top_mx/u_ctrl/recip_lut_166_61_I3:mux_recip_lut_126_15/in_2[2] 	 (fanout : 1)
hpin:tr_soc_top_mx/u_ctrl/recip_lut_166_61_I3:mux_recip_lut_126_15/in_2[1] 	 (fanout : 1)
hpin:tr_soc_top_mx/u_ctrl/recip_lut_166_61_I3:mux_recip_lut_126_15/in_2[0] 	 (fanout : 1)
hpin:tr_soc_top_mx/u_ctrl/recip_lut_166_61_I3:mux_recip_lut_126_15/in_3[6] 	 (fanout : 1)
hpin:tr_soc_top_mx/u_ctrl/recip_lut_166_61_I3:mux_recip_lut_126_15/in_3[5] 	 (fanout : 1)
hpin:tr_soc_top_mx/u_ctrl/recip_lut_166_61_I3:mux_recip_lut_126_15/in_3[4] 	 (fanout : 1)
hpin:tr_soc_top_mx/u_ctrl/recip_lut_166_61_I3:mux_recip_lut_126_15/in_3[3] 	 (fanout : 1)
hpin:tr_soc_top_mx/u_ctrl/recip_lut_166_61_I3:mux_recip_lut_126_15/in_3[2] 	 (fanout : 1)
hpin:tr_soc_top_mx/u_ctrl/recip_lut_166_61_I3:mux_recip_lut_126_15/in_3[1] 	 (fanout : 1)
hpin:tr_soc_top_mx/u_ctrl/recip_lut_166_61_I3:mux_recip_lut_126_15/in_3[0] 	 (fanout : 1)
hpin:tr_soc_top_mx/u_ctrl/recip_lut_166_61_I3:mux_recip_lut_126_15/in_4[6] 	 (fanout : 1)
hpin:tr_soc_top_mx/u_ctrl/recip_lut_166_61_I3:mux_recip_lut_126_15/in_4[5] 	 (fanout : 1)
hpin:tr_soc_top_mx/u_ctrl/recip_lut_166_61_I3:mux_recip_lut_126_15/in_4[4] 	 (fanout : 1)
hpin:tr_soc_top_mx/u_ctrl/recip_lut_166_61_I3:mux_recip_lut_126_15/in_4[3] 	 (fanout : 1)
hpin:tr_soc_top_mx/u_ctrl/recip_lut_166_61_I3:mux_recip_lut_126_15/in_4[2] 	 (fanout : 1)
hpin:tr_soc_top_mx/u_ctrl/recip_lut_166_61_I3:mux_recip_lut_126_15/in_4[1] 	 (fanout : 1)
hpin:tr_soc_top_mx/u_ctrl/recip_lut_166_61_I3:mux_recip_lut_126_15/in_4[0] 	 (fanout : 1)
hpin:tr_soc_top_mx/u_ctrl/recip_lut_166_61_I3:mux_recip_lut_126_15/in_5[6] 	 (fanout : 1)
hpin:tr_soc_top_mx/u_ctrl/recip_lut_166_61_I3:mux_recip_lut_126_15/in_5[5] 	 (fanout : 1)
hpin:tr_soc_top_mx/u_ctrl/recip_lut_166_61_I3:mux_recip_lut_126_15/in_5[4] 	 (fanout : 1)
hpin:tr_soc_top_mx/u_ctrl/recip_lut_166_61_I3:mux_recip_lut_126_15/in_5[3] 	 (fanout : 1)
hpin:tr_soc_top_mx/u_ctrl/recip_lut_166_61_I3:mux_recip_lut_126_15/in_5[2] 	 (fanout : 1)
hpin:tr_soc_top_mx/u_ctrl/recip_lut_166_61_I3:mux_recip_lut_126_15/in_5[1] 	 (fanout : 1)
hpin:tr_soc_top_mx/u_ctrl/recip_lut_166_61_I3:mux_recip_lut_126_15/in_5[0] 	 (fanout : 1)
hpin:tr_soc_top_mx/u_ctrl/recip_lut_166_61_I3:mux_recip_lut_126_15/in_6[6] 	 (fanout : 1)
hpin:tr_soc_top_mx/u_ctrl/recip_lut_166_61_I3:mux_recip_lut_126_15/in_6[5] 	 (fanout : 1)
hpin:tr_soc_top_mx/u_ctrl/recip_lut_166_61_I3:mux_recip_lut_126_15/in_6[4] 	 (fanout : 1)
hpin:tr_soc_top_mx/u_ctrl/recip_lut_166_61_I3:mux_recip_lut_126_15/in_6[3] 	 (fanout : 1)
hpin:tr_soc_top_mx/u_ctrl/recip_lut_166_61_I3:mux_recip_lut_126_15/in_6[2] 	 (fanout : 1)
hpin:tr_soc_top_mx/u_ctrl/recip_lut_166_61_I3:mux_recip_lut_126_15/in_6[1] 	 (fanout : 1)
hpin:tr_soc_top_mx/u_ctrl/recip_lut_166_61_I3:mux_recip_lut_126_15/in_6[0] 	 (fanout : 1)
hpin:tr_soc_top_mx/u_ctrl/recip_lut_166_61_I3:mux_recip_lut_126_15/in_7[6] 	 (fanout : 1)
hpin:tr_soc_top_mx/u_ctrl/recip_lut_166_61_I3:mux_recip_lut_126_15/in_7[5] 	 (fanout : 1)
hpin:tr_soc_top_mx/u_ctrl/recip_lut_166_61_I3:mux_recip_lut_126_15/in_7[4] 	 (fanout : 1)
hpin:tr_soc_top_mx/u_ctrl/recip_lut_166_61_I3:mux_recip_lut_126_15/in_7[3] 	 (fanout : 1)
hpin:tr_soc_top_mx/u_ctrl/recip_lut_166_61_I3:mux_recip_lut_126_15/in_7[2] 	 (fanout : 1)
hpin:tr_soc_top_mx/u_ctrl/recip_lut_166_61_I3:mux_recip_lut_126_15/in_7[1] 	 (fanout : 1)
hpin:tr_soc_top_mx/u_ctrl/recip_lut_166_61_I3:mux_recip_lut_126_15/in_7[0] 	 (fanout : 1)
hpin:tr_soc_top_mx/u_ctrl/recip_lut_166_61_I3:mux_recip_lut_126_15/in_8[6] 	 (fanout : 1)
hpin:tr_soc_top_mx/u_ctrl/recip_lut_166_61_I3:mux_recip_lut_126_15/in_8[5] 	 (fanout : 1)
hpin:tr_soc_top_mx/u_ctrl/recip_lut_166_61_I3:mux_recip_lut_126_15/in_8[4] 	 (fanout : 1)
hpin:tr_soc_top_mx/u_ctrl/recip_lut_166_61_I3:mux_recip_lut_126_15/in_8[3] 	 (fanout : 1)
hpin:tr_soc_top_mx/u_ctrl/recip_lut_166_61_I3:mux_recip_lut_126_15/in_8[2] 	 (fanout : 1)
hpin:tr_soc_top_mx/u_ctrl/recip_lut_166_61_I3:mux_recip_lut_126_15/in_8[1] 	 (fanout : 1)
hpin:tr_soc_top_mx/u_ctrl/recip_lut_166_61_I3:mux_recip_lut_126_15/in_8[0] 	 (fanout : 1)
hpin:tr_soc_top_mx/u_ctrl/recip_lut_166_61_I3:mux_recip_lut_126_15/in_9[6] 	 (fanout : 1)
hpin:tr_soc_top_mx/u_ctrl/recip_lut_166_61_I3:mux_recip_lut_126_15/in_9[5] 	 (fanout : 1)
hpin:tr_soc_top_mx/u_ctrl/recip_lut_166_61_I3:mux_recip_lut_126_15/in_9[4] 	 (fanout : 1)
hpin:tr_soc_top_mx/u_ctrl/recip_lut_166_61_I3:mux_recip_lut_126_15/in_9[3] 	 (fanout : 1)
hpin:tr_soc_top_mx/u_ctrl/recip_lut_166_61_I3:mux_recip_lut_126_15/in_9[2] 	 (fanout : 1)
hpin:tr_soc_top_mx/u_ctrl/recip_lut_166_61_I3:mux_recip_lut_126_15/in_9[1] 	 (fanout : 1)
hpin:tr_soc_top_mx/u_ctrl/recip_lut_166_61_I3:mux_recip_lut_126_15/in_9[0] 	 (fanout : 1)
hpin:tr_soc_top_mx/u_ctrl/recip_lut_166_61_I3:mux_recip_lut_126_15/in_10[6] 	 (fanout : 1)
hpin:tr_soc_top_mx/u_ctrl/recip_lut_166_61_I3:mux_recip_lut_126_15/in_10[5] 	 (fanout : 1)
hpin:tr_soc_top_mx/u_ctrl/recip_lut_166_61_I3:mux_recip_lut_126_15/in_10[4] 	 (fanout : 1)
hpin:tr_soc_top_mx/u_ctrl/recip_lut_166_61_I3:mux_recip_lut_126_15/in_10[3] 	 (fanout : 1)
hpin:tr_soc_top_mx/u_ctrl/recip_lut_166_61_I3:mux_recip_lut_126_15/in_10[2] 	 (fanout : 1)
hpin:tr_soc_top_mx/u_ctrl/recip_lut_166_61_I3:mux_recip_lut_126_15/in_10[1] 	 (fanout : 1)
hpin:tr_soc_top_mx/u_ctrl/recip_lut_166_61_I3:mux_recip_lut_126_15/in_10[0] 	 (fanout : 1)
hpin:tr_soc_top_mx/u_ctrl/recip_lut_166_61_I3:mux_recip_lut_126_15/in_11[6] 	 (fanout : 1)
hpin:tr_soc_top_mx/u_ctrl/recip_lut_166_61_I3:mux_recip_lut_126_15/in_11[5] 	 (fanout : 1)
hpin:tr_soc_top_mx/u_ctrl/recip_lut_166_61_I3:mux_recip_lut_126_15/in_11[4] 	 (fanout : 1)
hpin:tr_soc_top_mx/u_ctrl/recip_lut_166_61_I3:mux_recip_lut_126_15/in_11[3] 	 (fanout : 1)
hpin:tr_soc_top_mx/u_ctrl/recip_lut_166_61_I3:mux_recip_lut_126_15/in_11[2] 	 (fanout : 1)
hpin:tr_soc_top_mx/u_ctrl/recip_lut_166_61_I3:mux_recip_lut_126_15/in_11[1] 	 (fanout : 1)
hpin:tr_soc_top_mx/u_ctrl/recip_lut_166_61_I3:mux_recip_lut_126_15/in_11[0] 	 (fanout : 1)
hpin:tr_soc_top_mx/u_ctrl/recip_lut_166_61_I3:mux_recip_lut_126_15/in_12[6] 	 (fanout : 1)
hpin:tr_soc_top_mx/u_ctrl/recip_lut_166_61_I3:mux_recip_lut_126_15/in_12[5] 	 (fanout : 1)
hpin:tr_soc_top_mx/u_ctrl/recip_lut_166_61_I3:mux_recip_lut_126_15/in_12[4] 	 (fanout : 1)
hpin:tr_soc_top_mx/u_ctrl/recip_lut_166_61_I3:mux_recip_lut_126_15/in_12[3] 	 (fanout : 1)
hpin:tr_soc_top_mx/u_ctrl/recip_lut_166_61_I3:mux_recip_lut_126_15/in_12[2] 	 (fanout : 1)
hpin:tr_soc_top_mx/u_ctrl/recip_lut_166_61_I3:mux_recip_lut_126_15/in_12[1] 	 (fanout : 1)
hpin:tr_soc_top_mx/u_ctrl/recip_lut_166_61_I3:mux_recip_lut_126_15/in_12[0] 	 (fanout : 1)
hpin:tr_soc_top_mx/u_ctrl/recip_lut_166_61_I3:mux_recip_lut_126_15/in_13[6] 	 (fanout : 1)
hpin:tr_soc_top_mx/u_ctrl/recip_lut_166_61_I3:mux_recip_lut_126_15/in_13[5] 	 (fanout : 1)
hpin:tr_soc_top_mx/u_ctrl/recip_lut_166_61_I3:mux_recip_lut_126_15/in_13[4] 	 (fanout : 1)
hpin:tr_soc_top_mx/u_ctrl/recip_lut_166_61_I3:mux_recip_lut_126_15/in_13[3] 	 (fanout : 1)
hpin:tr_soc_top_mx/u_ctrl/recip_lut_166_61_I3:mux_recip_lut_126_15/in_13[2] 	 (fanout : 1)
hpin:tr_soc_top_mx/u_ctrl/recip_lut_166_61_I3:mux_recip_lut_126_15/in_13[1] 	 (fanout : 1)
hpin:tr_soc_top_mx/u_ctrl/recip_lut_166_61_I3:mux_recip_lut_126_15/in_13[0] 	 (fanout : 1)
hpin:tr_soc_top_mx/u_ctrl/recip_lut_166_61_I3:mux_recip_lut_126_15/in_14[6] 	 (fanout : 1)
hpin:tr_soc_top_mx/u_ctrl/recip_lut_166_61_I3:mux_recip_lut_126_15/in_14[5] 	 (fanout : 1)
hpin:tr_soc_top_mx/u_ctrl/recip_lut_166_61_I3:mux_recip_lut_126_15/in_14[4] 	 (fanout : 1)
hpin:tr_soc_top_mx/u_ctrl/recip_lut_166_61_I3:mux_recip_lut_126_15/in_14[3] 	 (fanout : 1)
hpin:tr_soc_top_mx/u_ctrl/recip_lut_166_61_I3:mux_recip_lut_126_15/in_14[2] 	 (fanout : 1)
hpin:tr_soc_top_mx/u_ctrl/recip_lut_166_61_I3:mux_recip_lut_126_15/in_14[1] 	 (fanout : 1)
hpin:tr_soc_top_mx/u_ctrl/recip_lut_166_61_I3:mux_recip_lut_126_15/in_14[0] 	 (fanout : 1)
hpin:tr_soc_top_mx/u_ctrl/recip_lut_166_61_I3:mux_recip_lut_126_15/in_15[6] 	 (fanout : 1)
hpin:tr_soc_top_mx/u_ctrl/recip_lut_166_61_I3:mux_recip_lut_126_15/in_15[5] 	 (fanout : 1)
hpin:tr_soc_top_mx/u_ctrl/recip_lut_166_61_I3:mux_recip_lut_126_15/in_15[4] 	 (fanout : 1)
hpin:tr_soc_top_mx/u_ctrl/recip_lut_166_61_I3:mux_recip_lut_126_15/in_15[3] 	 (fanout : 1)
hpin:tr_soc_top_mx/u_ctrl/recip_lut_166_61_I3:mux_recip_lut_126_15/in_15[2] 	 (fanout : 1)
hpin:tr_soc_top_mx/u_ctrl/recip_lut_166_61_I3:mux_recip_lut_126_15/in_15[1] 	 (fanout : 1)
hpin:tr_soc_top_mx/u_ctrl/recip_lut_166_61_I3:mux_recip_lut_126_15/in_15[0] 	 (fanout : 1)
hpin:tr_soc_top_mx/u_ctrl/recip_lut_166_61_I3:mux_recip_lut_126_15/in_16[6] 	 (fanout : 1)
hpin:tr_soc_top_mx/u_ctrl/recip_lut_166_61_I3:mux_recip_lut_126_15/in_16[5] 	 (fanout : 1)
hpin:tr_soc_top_mx/u_ctrl/recip_lut_166_61_I3:mux_recip_lut_126_15/in_16[4] 	 (fanout : 1)
hpin:tr_soc_top_mx/u_ctrl/recip_lut_166_61_I3:mux_recip_lut_126_15/in_16[3] 	 (fanout : 1)
hpin:tr_soc_top_mx/u_ctrl/recip_lut_166_61_I3:mux_recip_lut_126_15/in_16[2] 	 (fanout : 1)
hpin:tr_soc_top_mx/u_ctrl/recip_lut_166_61_I3:mux_recip_lut_126_15/in_16[1] 	 (fanout : 1)
hpin:tr_soc_top_mx/u_ctrl/recip_lut_166_61_I3:mux_recip_lut_126_15/in_16[0] 	 (fanout : 1)
hpin:tr_soc_top_mx/u_ctrl/recip_lut_166_61_I3:mux_recip_lut_126_15/in_17[6] 	 (fanout : 1)
hpin:tr_soc_top_mx/u_ctrl/recip_lut_166_61_I3:mux_recip_lut_126_15/in_17[5] 	 (fanout : 1)
hpin:tr_soc_top_mx/u_ctrl/recip_lut_166_61_I3:mux_recip_lut_126_15/in_17[4] 	 (fanout : 1)
hpin:tr_soc_top_mx/u_ctrl/recip_lut_166_61_I3:mux_recip_lut_126_15/in_17[3] 	 (fanout : 1)
hpin:tr_soc_top_mx/u_ctrl/recip_lut_166_61_I3:mux_recip_lut_126_15/in_17[2] 	 (fanout : 1)
hpin:tr_soc_top_mx/u_ctrl/recip_lut_166_61_I3:mux_recip_lut_126_15/in_17[1] 	 (fanout : 1)
hpin:tr_soc_top_mx/u_ctrl/recip_lut_166_61_I3:mux_recip_lut_126_15/in_17[0] 	 (fanout : 1)
hpin:tr_soc_top_mx/u_ctrl/recip_lut_166_61_I3:mux_recip_lut_126_15/in_18[6] 	 (fanout : 1)
hpin:tr_soc_top_mx/u_ctrl/recip_lut_166_61_I3:mux_recip_lut_126_15/in_18[5] 	 (fanout : 1)
hpin:tr_soc_top_mx/u_ctrl/recip_lut_166_61_I3:mux_recip_lut_126_15/in_18[4] 	 (fanout : 1)
hpin:tr_soc_top_mx/u_ctrl/recip_lut_166_61_I3:mux_recip_lut_126_15/in_18[3] 	 (fanout : 1)
hpin:tr_soc_top_mx/u_ctrl/recip_lut_166_61_I3:mux_recip_lut_126_15/in_18[2] 	 (fanout : 1)
hpin:tr_soc_top_mx/u_ctrl/recip_lut_166_61_I3:mux_recip_lut_126_15/in_18[1] 	 (fanout : 1)
hpin:tr_soc_top_mx/u_ctrl/recip_lut_166_61_I3:mux_recip_lut_126_15/in_18[0] 	 (fanout : 1)
hpin:tr_soc_top_mx/u_ctrl/recip_lut_166_61_I3:mux_recip_lut_126_15/in_19[6] 	 (fanout : 1)
hpin:tr_soc_top_mx/u_ctrl/recip_lut_166_61_I3:mux_recip_lut_126_15/in_19[5] 	 (fanout : 1)
hpin:tr_soc_top_mx/u_ctrl/recip_lut_166_61_I3:mux_recip_lut_126_15/in_19[4] 	 (fanout : 1)
hpin:tr_soc_top_mx/u_ctrl/recip_lut_166_61_I3:mux_recip_lut_126_15/in_19[3] 	 (fanout : 1)
hpin:tr_soc_top_mx/u_ctrl/recip_lut_166_61_I3:mux_recip_lut_126_15/in_19[2] 	 (fanout : 1)
hpin:tr_soc_top_mx/u_ctrl/recip_lut_166_61_I3:mux_recip_lut_126_15/in_19[1] 	 (fanout : 1)
hpin:tr_soc_top_mx/u_ctrl/recip_lut_166_61_I3:mux_recip_lut_126_15/in_19[0] 	 (fanout : 1)
hpin:tr_soc_top_mx/u_ctrl/recip_lut_166_61_I3:mux_recip_lut_126_15/in_20[6] 	 (fanout : 1)
hpin:tr_soc_top_mx/u_ctrl/recip_lut_166_61_I3:mux_recip_lut_126_15/in_20[5] 	 (fanout : 1)
hpin:tr_soc_top_mx/u_ctrl/recip_lut_166_61_I3:mux_recip_lut_126_15/in_20[4] 	 (fanout : 1)
hpin:tr_soc_top_mx/u_ctrl/recip_lut_166_61_I3:mux_recip_lut_126_15/in_20[3] 	 (fanout : 1)
hpin:tr_soc_top_mx/u_ctrl/recip_lut_166_61_I3:mux_recip_lut_126_15/in_20[2] 	 (fanout : 1)
hpin:tr_soc_top_mx/u_ctrl/recip_lut_166_61_I3:mux_recip_lut_126_15/in_20[1] 	 (fanout : 1)
hpin:tr_soc_top_mx/u_ctrl/recip_lut_166_61_I3:mux_recip_lut_126_15/in_20[0] 	 (fanout : 1)
hpin:tr_soc_top_mx/u_ctrl/recip_lut_166_61_I3:mux_recip_lut_126_15/in_21[6] 	 (fanout : 1)
hpin:tr_soc_top_mx/u_ctrl/recip_lut_166_61_I3:mux_recip_lut_126_15/in_21[5] 	 (fanout : 1)
hpin:tr_soc_top_mx/u_ctrl/recip_lut_166_61_I3:mux_recip_lut_126_15/in_21[4] 	 (fanout : 1)
hpin:tr_soc_top_mx/u_ctrl/recip_lut_166_61_I3:mux_recip_lut_126_15/in_21[3] 	 (fanout : 1)
hpin:tr_soc_top_mx/u_ctrl/recip_lut_166_61_I3:mux_recip_lut_126_15/in_21[2] 	 (fanout : 1)
hpin:tr_soc_top_mx/u_ctrl/recip_lut_166_61_I3:mux_recip_lut_126_15/in_21[1] 	 (fanout : 1)
hpin:tr_soc_top_mx/u_ctrl/recip_lut_166_61_I3:mux_recip_lut_126_15/in_21[0] 	 (fanout : 1)
hpin:tr_soc_top_mx/u_ctrl/recip_lut_166_61_I3:mux_recip_lut_126_15/in_22[6] 	 (fanout : 1)
hpin:tr_soc_top_mx/u_ctrl/recip_lut_166_61_I3:mux_recip_lut_126_15/in_22[5] 	 (fanout : 1)
hpin:tr_soc_top_mx/u_ctrl/recip_lut_166_61_I3:mux_recip_lut_126_15/in_22[4] 	 (fanout : 1)
hpin:tr_soc_top_mx/u_ctrl/recip_lut_166_61_I3:mux_recip_lut_126_15/in_22[3] 	 (fanout : 1)
hpin:tr_soc_top_mx/u_ctrl/recip_lut_166_61_I3:mux_recip_lut_126_15/in_22[2] 	 (fanout : 1)
hpin:tr_soc_top_mx/u_ctrl/recip_lut_166_61_I3:mux_recip_lut_126_15/in_22[1] 	 (fanout : 1)
hpin:tr_soc_top_mx/u_ctrl/recip_lut_166_61_I3:mux_recip_lut_126_15/in_22[0] 	 (fanout : 1)
hpin:tr_soc_top_mx/u_ctrl/recip_lut_166_61_I3:mux_recip_lut_126_15/in_23[6] 	 (fanout : 1)
hpin:tr_soc_top_mx/u_ctrl/recip_lut_166_61_I3:mux_recip_lut_126_15/in_23[5] 	 (fanout : 1)
hpin:tr_soc_top_mx/u_ctrl/recip_lut_166_61_I3:mux_recip_lut_126_15/in_23[4] 	 (fanout : 1)
hpin:tr_soc_top_mx/u_ctrl/recip_lut_166_61_I3:mux_recip_lut_126_15/in_23[3] 	 (fanout : 1)
hpin:tr_soc_top_mx/u_ctrl/recip_lut_166_61_I3:mux_recip_lut_126_15/in_23[2] 	 (fanout : 1)
hpin:tr_soc_top_mx/u_ctrl/recip_lut_166_61_I3:mux_recip_lut_126_15/in_23[1] 	 (fanout : 1)
hpin:tr_soc_top_mx/u_ctrl/recip_lut_166_61_I3:mux_recip_lut_126_15/in_23[0] 	 (fanout : 1)
hpin:tr_soc_top_mx/u_ctrl/recip_lut_166_61_I3:mux_recip_lut_126_15/in_24[6] 	 (fanout : 1)
hpin:tr_soc_top_mx/u_ctrl/recip_lut_166_61_I3:mux_recip_lut_126_15/in_24[5] 	 (fanout : 1)
hpin:tr_soc_top_mx/u_ctrl/recip_lut_166_61_I3:mux_recip_lut_126_15/in_24[4] 	 (fanout : 1)
hpin:tr_soc_top_mx/u_ctrl/recip_lut_166_61_I3:mux_recip_lut_126_15/in_24[3] 	 (fanout : 1)
hpin:tr_soc_top_mx/u_ctrl/recip_lut_166_61_I3:mux_recip_lut_126_15/in_24[2] 	 (fanout : 1)
hpin:tr_soc_top_mx/u_ctrl/recip_lut_166_61_I3:mux_recip_lut_126_15/in_24[1] 	 (fanout : 1)
hpin:tr_soc_top_mx/u_ctrl/recip_lut_166_61_I3:mux_recip_lut_126_15/in_24[0] 	 (fanout : 1)
hpin:tr_soc_top_mx/u_ctrl/recip_lut_166_61_I3:mux_recip_lut_126_15/in_25[6] 	 (fanout : 1)
hpin:tr_soc_top_mx/u_ctrl/recip_lut_166_61_I3:mux_recip_lut_126_15/in_25[5] 	 (fanout : 1)
hpin:tr_soc_top_mx/u_ctrl/recip_lut_166_61_I3:mux_recip_lut_126_15/in_25[4] 	 (fanout : 1)
hpin:tr_soc_top_mx/u_ctrl/recip_lut_166_61_I3:mux_recip_lut_126_15/in_25[3] 	 (fanout : 1)
hpin:tr_soc_top_mx/u_ctrl/recip_lut_166_61_I3:mux_recip_lut_126_15/in_25[2] 	 (fanout : 1)
hpin:tr_soc_top_mx/u_ctrl/recip_lut_166_61_I3:mux_recip_lut_126_15/in_25[1] 	 (fanout : 1)
hpin:tr_soc_top_mx/u_ctrl/recip_lut_166_61_I3:mux_recip_lut_126_15/in_25[0] 	 (fanout : 1)
hpin:tr_soc_top_mx/u_ctrl/recip_lut_166_61_I3:mux_recip_lut_126_15/in_26[6] 	 (fanout : 1)
hpin:tr_soc_top_mx/u_ctrl/recip_lut_166_61_I3:mux_recip_lut_126_15/in_26[5] 	 (fanout : 1)
hpin:tr_soc_top_mx/u_ctrl/recip_lut_166_61_I3:mux_recip_lut_126_15/in_26[4] 	 (fanout : 1)
hpin:tr_soc_top_mx/u_ctrl/recip_lut_166_61_I3:mux_recip_lut_126_15/in_26[3] 	 (fanout : 1)
hpin:tr_soc_top_mx/u_ctrl/recip_lut_166_61_I3:mux_recip_lut_126_15/in_26[2] 	 (fanout : 1)
hpin:tr_soc_top_mx/u_ctrl/recip_lut_166_61_I3:mux_recip_lut_126_15/in_26[1] 	 (fanout : 1)
hpin:tr_soc_top_mx/u_ctrl/recip_lut_166_61_I3:mux_recip_lut_126_15/in_26[0] 	 (fanout : 1)
hpin:tr_soc_top_mx/u_ctrl/recip_lut_166_61_I3:mux_recip_lut_126_15/in_27[6] 	 (fanout : 1)
hpin:tr_soc_top_mx/u_ctrl/recip_lut_166_61_I3:mux_recip_lut_126_15/in_27[5] 	 (fanout : 1)
hpin:tr_soc_top_mx/u_ctrl/recip_lut_166_61_I3:mux_recip_lut_126_15/in_27[4] 	 (fanout : 1)
hpin:tr_soc_top_mx/u_ctrl/recip_lut_166_61_I3:mux_recip_lut_126_15/in_27[3] 	 (fanout : 1)
hpin:tr_soc_top_mx/u_ctrl/recip_lut_166_61_I3:mux_recip_lut_126_15/in_27[2] 	 (fanout : 1)
hpin:tr_soc_top_mx/u_ctrl/recip_lut_166_61_I3:mux_recip_lut_126_15/in_27[1] 	 (fanout : 1)
hpin:tr_soc_top_mx/u_ctrl/recip_lut_166_61_I3:mux_recip_lut_126_15/in_27[0] 	 (fanout : 1)
hpin:tr_soc_top_mx/u_ctrl/recip_lut_166_61_I3:mux_recip_lut_126_15/in_28[6] 	 (fanout : 1)
hpin:tr_soc_top_mx/u_ctrl/recip_lut_166_61_I3:mux_recip_lut_126_15/in_28[5] 	 (fanout : 1)
hpin:tr_soc_top_mx/u_ctrl/recip_lut_166_61_I3:mux_recip_lut_126_15/in_28[4] 	 (fanout : 1)
hpin:tr_soc_top_mx/u_ctrl/recip_lut_166_61_I3:mux_recip_lut_126_15/in_28[3] 	 (fanout : 1)
hpin:tr_soc_top_mx/u_ctrl/recip_lut_166_61_I3:mux_recip_lut_126_15/in_28[2] 	 (fanout : 1)
hpin:tr_soc_top_mx/u_ctrl/recip_lut_166_61_I3:mux_recip_lut_126_15/in_28[1] 	 (fanout : 1)
hpin:tr_soc_top_mx/u_ctrl/recip_lut_166_61_I3:mux_recip_lut_126_15/in_28[0] 	 (fanout : 1)
hpin:tr_soc_top_mx/u_ctrl/recip_lut_166_61_I3:mux_recip_lut_126_15/in_29[6] 	 (fanout : 1)
hpin:tr_soc_top_mx/u_ctrl/recip_lut_166_61_I3:mux_recip_lut_126_15/in_29[5] 	 (fanout : 1)
hpin:tr_soc_top_mx/u_ctrl/recip_lut_166_61_I3:mux_recip_lut_126_15/in_29[4] 	 (fanout : 1)
hpin:tr_soc_top_mx/u_ctrl/recip_lut_166_61_I3:mux_recip_lut_126_15/in_29[3] 	 (fanout : 1)
hpin:tr_soc_top_mx/u_ctrl/recip_lut_166_61_I3:mux_recip_lut_126_15/in_29[2] 	 (fanout : 1)
hpin:tr_soc_top_mx/u_ctrl/recip_lut_166_61_I3:mux_recip_lut_126_15/in_29[1] 	 (fanout : 1)
hpin:tr_soc_top_mx/u_ctrl/recip_lut_166_61_I3:mux_recip_lut_126_15/in_29[0] 	 (fanout : 1)
hpin:tr_soc_top_mx/u_ctrl/recip_lut_166_61_I3:mux_recip_lut_126_15/in_30[6] 	 (fanout : 1)
hpin:tr_soc_top_mx/u_ctrl/recip_lut_166_61_I3:mux_recip_lut_126_15/in_30[5] 	 (fanout : 1)
hpin:tr_soc_top_mx/u_ctrl/recip_lut_166_61_I3:mux_recip_lut_126_15/in_30[4] 	 (fanout : 1)
hpin:tr_soc_top_mx/u_ctrl/recip_lut_166_61_I3:mux_recip_lut_126_15/in_30[3] 	 (fanout : 1)
hpin:tr_soc_top_mx/u_ctrl/recip_lut_166_61_I3:mux_recip_lut_126_15/in_30[2] 	 (fanout : 1)
hpin:tr_soc_top_mx/u_ctrl/recip_lut_166_61_I3:mux_recip_lut_126_15/in_30[1] 	 (fanout : 1)
hpin:tr_soc_top_mx/u_ctrl/recip_lut_166_61_I3:mux_recip_lut_126_15/in_30[0] 	 (fanout : 1)
hpin:tr_soc_top_mx/u_ctrl/recip_lut_166_61_I3:mux_recip_lut_126_15/in_31[6] 	 (fanout : 1)
hpin:tr_soc_top_mx/u_ctrl/recip_lut_166_61_I3:mux_recip_lut_126_15/in_31[5] 	 (fanout : 1)
hpin:tr_soc_top_mx/u_ctrl/recip_lut_166_61_I3:mux_recip_lut_126_15/in_31[4] 	 (fanout : 1)
hpin:tr_soc_top_mx/u_ctrl/recip_lut_166_61_I3:mux_recip_lut_126_15/in_31[3] 	 (fanout : 1)
hpin:tr_soc_top_mx/u_ctrl/recip_lut_166_61_I3:mux_recip_lut_126_15/in_31[2] 	 (fanout : 1)
hpin:tr_soc_top_mx/u_ctrl/recip_lut_166_61_I3:mux_recip_lut_126_15/in_31[1] 	 (fanout : 1)
hpin:tr_soc_top_mx/u_ctrl/recip_lut_166_61_I3:mux_recip_lut_126_15/in_31[0] 	 (fanout : 1)
hpin:tr_soc_top_mx/u_ctrl/recip_lut_166_61_I4:mux_recip_lut_126_15/in_0[6] 	 (fanout : 1)
hpin:tr_soc_top_mx/u_ctrl/recip_lut_166_61_I4:mux_recip_lut_126_15/in_0[5] 	 (fanout : 1)
hpin:tr_soc_top_mx/u_ctrl/recip_lut_166_61_I4:mux_recip_lut_126_15/in_0[4] 	 (fanout : 1)
hpin:tr_soc_top_mx/u_ctrl/recip_lut_166_61_I4:mux_recip_lut_126_15/in_0[3] 	 (fanout : 1)
hpin:tr_soc_top_mx/u_ctrl/recip_lut_166_61_I4:mux_recip_lut_126_15/in_0[2] 	 (fanout : 1)
hpin:tr_soc_top_mx/u_ctrl/recip_lut_166_61_I4:mux_recip_lut_126_15/in_0[1] 	 (fanout : 1)
hpin:tr_soc_top_mx/u_ctrl/recip_lut_166_61_I4:mux_recip_lut_126_15/in_0[0] 	 (fanout : 1)
hpin:tr_soc_top_mx/u_ctrl/recip_lut_166_61_I4:mux_recip_lut_126_15/in_1[6] 	 (fanout : 1)
hpin:tr_soc_top_mx/u_ctrl/recip_lut_166_61_I4:mux_recip_lut_126_15/in_1[5] 	 (fanout : 1)
hpin:tr_soc_top_mx/u_ctrl/recip_lut_166_61_I4:mux_recip_lut_126_15/in_1[4] 	 (fanout : 1)
hpin:tr_soc_top_mx/u_ctrl/recip_lut_166_61_I4:mux_recip_lut_126_15/in_1[3] 	 (fanout : 1)
hpin:tr_soc_top_mx/u_ctrl/recip_lut_166_61_I4:mux_recip_lut_126_15/in_1[2] 	 (fanout : 1)
hpin:tr_soc_top_mx/u_ctrl/recip_lut_166_61_I4:mux_recip_lut_126_15/in_1[1] 	 (fanout : 1)
hpin:tr_soc_top_mx/u_ctrl/recip_lut_166_61_I4:mux_recip_lut_126_15/in_1[0] 	 (fanout : 1)
hpin:tr_soc_top_mx/u_ctrl/recip_lut_166_61_I4:mux_recip_lut_126_15/in_2[6] 	 (fanout : 1)
hpin:tr_soc_top_mx/u_ctrl/recip_lut_166_61_I4:mux_recip_lut_126_15/in_2[5] 	 (fanout : 1)
hpin:tr_soc_top_mx/u_ctrl/recip_lut_166_61_I4:mux_recip_lut_126_15/in_2[4] 	 (fanout : 1)
hpin:tr_soc_top_mx/u_ctrl/recip_lut_166_61_I4:mux_recip_lut_126_15/in_2[3] 	 (fanout : 1)
hpin:tr_soc_top_mx/u_ctrl/recip_lut_166_61_I4:mux_recip_lut_126_15/in_2[2] 	 (fanout : 1)
hpin:tr_soc_top_mx/u_ctrl/recip_lut_166_61_I4:mux_recip_lut_126_15/in_2[1] 	 (fanout : 1)
hpin:tr_soc_top_mx/u_ctrl/recip_lut_166_61_I4:mux_recip_lut_126_15/in_2[0] 	 (fanout : 1)
hpin:tr_soc_top_mx/u_ctrl/recip_lut_166_61_I4:mux_recip_lut_126_15/in_3[6] 	 (fanout : 1)
hpin:tr_soc_top_mx/u_ctrl/recip_lut_166_61_I4:mux_recip_lut_126_15/in_3[5] 	 (fanout : 1)
hpin:tr_soc_top_mx/u_ctrl/recip_lut_166_61_I4:mux_recip_lut_126_15/in_3[4] 	 (fanout : 1)
hpin:tr_soc_top_mx/u_ctrl/recip_lut_166_61_I4:mux_recip_lut_126_15/in_3[3] 	 (fanout : 1)
hpin:tr_soc_top_mx/u_ctrl/recip_lut_166_61_I4:mux_recip_lut_126_15/in_3[2] 	 (fanout : 1)
hpin:tr_soc_top_mx/u_ctrl/recip_lut_166_61_I4:mux_recip_lut_126_15/in_3[1] 	 (fanout : 1)
hpin:tr_soc_top_mx/u_ctrl/recip_lut_166_61_I4:mux_recip_lut_126_15/in_3[0] 	 (fanout : 1)
hpin:tr_soc_top_mx/u_ctrl/recip_lut_166_61_I4:mux_recip_lut_126_15/in_4[6] 	 (fanout : 1)
hpin:tr_soc_top_mx/u_ctrl/recip_lut_166_61_I4:mux_recip_lut_126_15/in_4[5] 	 (fanout : 1)
hpin:tr_soc_top_mx/u_ctrl/recip_lut_166_61_I4:mux_recip_lut_126_15/in_4[4] 	 (fanout : 1)
hpin:tr_soc_top_mx/u_ctrl/recip_lut_166_61_I4:mux_recip_lut_126_15/in_4[3] 	 (fanout : 1)
hpin:tr_soc_top_mx/u_ctrl/recip_lut_166_61_I4:mux_recip_lut_126_15/in_4[2] 	 (fanout : 1)
hpin:tr_soc_top_mx/u_ctrl/recip_lut_166_61_I4:mux_recip_lut_126_15/in_4[1] 	 (fanout : 1)
hpin:tr_soc_top_mx/u_ctrl/recip_lut_166_61_I4:mux_recip_lut_126_15/in_4[0] 	 (fanout : 1)
hpin:tr_soc_top_mx/u_ctrl/recip_lut_166_61_I4:mux_recip_lut_126_15/in_5[6] 	 (fanout : 1)
hpin:tr_soc_top_mx/u_ctrl/recip_lut_166_61_I4:mux_recip_lut_126_15/in_5[5] 	 (fanout : 1)
hpin:tr_soc_top_mx/u_ctrl/recip_lut_166_61_I4:mux_recip_lut_126_15/in_5[4] 	 (fanout : 1)
hpin:tr_soc_top_mx/u_ctrl/recip_lut_166_61_I4:mux_recip_lut_126_15/in_5[3] 	 (fanout : 1)
hpin:tr_soc_top_mx/u_ctrl/recip_lut_166_61_I4:mux_recip_lut_126_15/in_5[2] 	 (fanout : 1)
hpin:tr_soc_top_mx/u_ctrl/recip_lut_166_61_I4:mux_recip_lut_126_15/in_5[1] 	 (fanout : 1)
hpin:tr_soc_top_mx/u_ctrl/recip_lut_166_61_I4:mux_recip_lut_126_15/in_5[0] 	 (fanout : 1)
hpin:tr_soc_top_mx/u_ctrl/recip_lut_166_61_I4:mux_recip_lut_126_15/in_6[6] 	 (fanout : 1)
hpin:tr_soc_top_mx/u_ctrl/recip_lut_166_61_I4:mux_recip_lut_126_15/in_6[5] 	 (fanout : 1)
hpin:tr_soc_top_mx/u_ctrl/recip_lut_166_61_I4:mux_recip_lut_126_15/in_6[4] 	 (fanout : 1)
hpin:tr_soc_top_mx/u_ctrl/recip_lut_166_61_I4:mux_recip_lut_126_15/in_6[3] 	 (fanout : 1)
hpin:tr_soc_top_mx/u_ctrl/recip_lut_166_61_I4:mux_recip_lut_126_15/in_6[2] 	 (fanout : 1)
hpin:tr_soc_top_mx/u_ctrl/recip_lut_166_61_I4:mux_recip_lut_126_15/in_6[1] 	 (fanout : 1)
hpin:tr_soc_top_mx/u_ctrl/recip_lut_166_61_I4:mux_recip_lut_126_15/in_6[0] 	 (fanout : 1)
hpin:tr_soc_top_mx/u_ctrl/recip_lut_166_61_I4:mux_recip_lut_126_15/in_7[6] 	 (fanout : 1)
hpin:tr_soc_top_mx/u_ctrl/recip_lut_166_61_I4:mux_recip_lut_126_15/in_7[5] 	 (fanout : 1)
hpin:tr_soc_top_mx/u_ctrl/recip_lut_166_61_I4:mux_recip_lut_126_15/in_7[4] 	 (fanout : 1)
hpin:tr_soc_top_mx/u_ctrl/recip_lut_166_61_I4:mux_recip_lut_126_15/in_7[3] 	 (fanout : 1)
hpin:tr_soc_top_mx/u_ctrl/recip_lut_166_61_I4:mux_recip_lut_126_15/in_7[2] 	 (fanout : 1)
hpin:tr_soc_top_mx/u_ctrl/recip_lut_166_61_I4:mux_recip_lut_126_15/in_7[1] 	 (fanout : 1)
hpin:tr_soc_top_mx/u_ctrl/recip_lut_166_61_I4:mux_recip_lut_126_15/in_7[0] 	 (fanout : 1)
hpin:tr_soc_top_mx/u_ctrl/recip_lut_166_61_I4:mux_recip_lut_126_15/in_8[6] 	 (fanout : 1)
hpin:tr_soc_top_mx/u_ctrl/recip_lut_166_61_I4:mux_recip_lut_126_15/in_8[5] 	 (fanout : 1)
hpin:tr_soc_top_mx/u_ctrl/recip_lut_166_61_I4:mux_recip_lut_126_15/in_8[4] 	 (fanout : 1)
hpin:tr_soc_top_mx/u_ctrl/recip_lut_166_61_I4:mux_recip_lut_126_15/in_8[3] 	 (fanout : 1)
hpin:tr_soc_top_mx/u_ctrl/recip_lut_166_61_I4:mux_recip_lut_126_15/in_8[2] 	 (fanout : 1)
hpin:tr_soc_top_mx/u_ctrl/recip_lut_166_61_I4:mux_recip_lut_126_15/in_8[1] 	 (fanout : 1)
hpin:tr_soc_top_mx/u_ctrl/recip_lut_166_61_I4:mux_recip_lut_126_15/in_8[0] 	 (fanout : 1)
hpin:tr_soc_top_mx/u_ctrl/recip_lut_166_61_I4:mux_recip_lut_126_15/in_9[6] 	 (fanout : 1)
hpin:tr_soc_top_mx/u_ctrl/recip_lut_166_61_I4:mux_recip_lut_126_15/in_9[5] 	 (fanout : 1)
hpin:tr_soc_top_mx/u_ctrl/recip_lut_166_61_I4:mux_recip_lut_126_15/in_9[4] 	 (fanout : 1)
hpin:tr_soc_top_mx/u_ctrl/recip_lut_166_61_I4:mux_recip_lut_126_15/in_9[3] 	 (fanout : 1)
hpin:tr_soc_top_mx/u_ctrl/recip_lut_166_61_I4:mux_recip_lut_126_15/in_9[2] 	 (fanout : 1)
hpin:tr_soc_top_mx/u_ctrl/recip_lut_166_61_I4:mux_recip_lut_126_15/in_9[1] 	 (fanout : 1)
hpin:tr_soc_top_mx/u_ctrl/recip_lut_166_61_I4:mux_recip_lut_126_15/in_9[0] 	 (fanout : 1)
hpin:tr_soc_top_mx/u_ctrl/recip_lut_166_61_I4:mux_recip_lut_126_15/in_10[6] 	 (fanout : 1)
hpin:tr_soc_top_mx/u_ctrl/recip_lut_166_61_I4:mux_recip_lut_126_15/in_10[5] 	 (fanout : 1)
hpin:tr_soc_top_mx/u_ctrl/recip_lut_166_61_I4:mux_recip_lut_126_15/in_10[4] 	 (fanout : 1)
hpin:tr_soc_top_mx/u_ctrl/recip_lut_166_61_I4:mux_recip_lut_126_15/in_10[3] 	 (fanout : 1)
hpin:tr_soc_top_mx/u_ctrl/recip_lut_166_61_I4:mux_recip_lut_126_15/in_10[2] 	 (fanout : 1)
hpin:tr_soc_top_mx/u_ctrl/recip_lut_166_61_I4:mux_recip_lut_126_15/in_10[1] 	 (fanout : 1)
hpin:tr_soc_top_mx/u_ctrl/recip_lut_166_61_I4:mux_recip_lut_126_15/in_10[0] 	 (fanout : 1)
hpin:tr_soc_top_mx/u_ctrl/recip_lut_166_61_I4:mux_recip_lut_126_15/in_11[6] 	 (fanout : 1)
hpin:tr_soc_top_mx/u_ctrl/recip_lut_166_61_I4:mux_recip_lut_126_15/in_11[5] 	 (fanout : 1)
hpin:tr_soc_top_mx/u_ctrl/recip_lut_166_61_I4:mux_recip_lut_126_15/in_11[4] 	 (fanout : 1)
hpin:tr_soc_top_mx/u_ctrl/recip_lut_166_61_I4:mux_recip_lut_126_15/in_11[3] 	 (fanout : 1)
hpin:tr_soc_top_mx/u_ctrl/recip_lut_166_61_I4:mux_recip_lut_126_15/in_11[2] 	 (fanout : 1)
hpin:tr_soc_top_mx/u_ctrl/recip_lut_166_61_I4:mux_recip_lut_126_15/in_11[1] 	 (fanout : 1)
hpin:tr_soc_top_mx/u_ctrl/recip_lut_166_61_I4:mux_recip_lut_126_15/in_11[0] 	 (fanout : 1)
hpin:tr_soc_top_mx/u_ctrl/recip_lut_166_61_I4:mux_recip_lut_126_15/in_12[6] 	 (fanout : 1)
hpin:tr_soc_top_mx/u_ctrl/recip_lut_166_61_I4:mux_recip_lut_126_15/in_12[5] 	 (fanout : 1)
hpin:tr_soc_top_mx/u_ctrl/recip_lut_166_61_I4:mux_recip_lut_126_15/in_12[4] 	 (fanout : 1)
hpin:tr_soc_top_mx/u_ctrl/recip_lut_166_61_I4:mux_recip_lut_126_15/in_12[3] 	 (fanout : 1)
hpin:tr_soc_top_mx/u_ctrl/recip_lut_166_61_I4:mux_recip_lut_126_15/in_12[2] 	 (fanout : 1)
hpin:tr_soc_top_mx/u_ctrl/recip_lut_166_61_I4:mux_recip_lut_126_15/in_12[1] 	 (fanout : 1)
hpin:tr_soc_top_mx/u_ctrl/recip_lut_166_61_I4:mux_recip_lut_126_15/in_12[0] 	 (fanout : 1)
hpin:tr_soc_top_mx/u_ctrl/recip_lut_166_61_I4:mux_recip_lut_126_15/in_13[6] 	 (fanout : 1)
hpin:tr_soc_top_mx/u_ctrl/recip_lut_166_61_I4:mux_recip_lut_126_15/in_13[5] 	 (fanout : 1)
hpin:tr_soc_top_mx/u_ctrl/recip_lut_166_61_I4:mux_recip_lut_126_15/in_13[4] 	 (fanout : 1)
hpin:tr_soc_top_mx/u_ctrl/recip_lut_166_61_I4:mux_recip_lut_126_15/in_13[3] 	 (fanout : 1)
hpin:tr_soc_top_mx/u_ctrl/recip_lut_166_61_I4:mux_recip_lut_126_15/in_13[2] 	 (fanout : 1)
hpin:tr_soc_top_mx/u_ctrl/recip_lut_166_61_I4:mux_recip_lut_126_15/in_13[1] 	 (fanout : 1)
hpin:tr_soc_top_mx/u_ctrl/recip_lut_166_61_I4:mux_recip_lut_126_15/in_13[0] 	 (fanout : 1)
hpin:tr_soc_top_mx/u_ctrl/recip_lut_166_61_I4:mux_recip_lut_126_15/in_14[6] 	 (fanout : 1)
hpin:tr_soc_top_mx/u_ctrl/recip_lut_166_61_I4:mux_recip_lut_126_15/in_14[5] 	 (fanout : 1)
hpin:tr_soc_top_mx/u_ctrl/recip_lut_166_61_I4:mux_recip_lut_126_15/in_14[4] 	 (fanout : 1)
hpin:tr_soc_top_mx/u_ctrl/recip_lut_166_61_I4:mux_recip_lut_126_15/in_14[3] 	 (fanout : 1)
hpin:tr_soc_top_mx/u_ctrl/recip_lut_166_61_I4:mux_recip_lut_126_15/in_14[2] 	 (fanout : 1)
hpin:tr_soc_top_mx/u_ctrl/recip_lut_166_61_I4:mux_recip_lut_126_15/in_14[1] 	 (fanout : 1)
hpin:tr_soc_top_mx/u_ctrl/recip_lut_166_61_I4:mux_recip_lut_126_15/in_14[0] 	 (fanout : 1)
hpin:tr_soc_top_mx/u_ctrl/recip_lut_166_61_I4:mux_recip_lut_126_15/in_15[6] 	 (fanout : 1)
hpin:tr_soc_top_mx/u_ctrl/recip_lut_166_61_I4:mux_recip_lut_126_15/in_15[5] 	 (fanout : 1)
hpin:tr_soc_top_mx/u_ctrl/recip_lut_166_61_I4:mux_recip_lut_126_15/in_15[4] 	 (fanout : 1)
hpin:tr_soc_top_mx/u_ctrl/recip_lut_166_61_I4:mux_recip_lut_126_15/in_15[3] 	 (fanout : 1)
hpin:tr_soc_top_mx/u_ctrl/recip_lut_166_61_I4:mux_recip_lut_126_15/in_15[2] 	 (fanout : 1)
hpin:tr_soc_top_mx/u_ctrl/recip_lut_166_61_I4:mux_recip_lut_126_15/in_15[1] 	 (fanout : 1)
hpin:tr_soc_top_mx/u_ctrl/recip_lut_166_61_I4:mux_recip_lut_126_15/in_15[0] 	 (fanout : 1)
hpin:tr_soc_top_mx/u_ctrl/recip_lut_166_61_I4:mux_recip_lut_126_15/in_16[6] 	 (fanout : 1)
hpin:tr_soc_top_mx/u_ctrl/recip_lut_166_61_I4:mux_recip_lut_126_15/in_16[5] 	 (fanout : 1)
hpin:tr_soc_top_mx/u_ctrl/recip_lut_166_61_I4:mux_recip_lut_126_15/in_16[4] 	 (fanout : 1)
hpin:tr_soc_top_mx/u_ctrl/recip_lut_166_61_I4:mux_recip_lut_126_15/in_16[3] 	 (fanout : 1)
hpin:tr_soc_top_mx/u_ctrl/recip_lut_166_61_I4:mux_recip_lut_126_15/in_16[2] 	 (fanout : 1)
hpin:tr_soc_top_mx/u_ctrl/recip_lut_166_61_I4:mux_recip_lut_126_15/in_16[1] 	 (fanout : 1)
hpin:tr_soc_top_mx/u_ctrl/recip_lut_166_61_I4:mux_recip_lut_126_15/in_16[0] 	 (fanout : 1)
hpin:tr_soc_top_mx/u_ctrl/recip_lut_166_61_I4:mux_recip_lut_126_15/in_17[6] 	 (fanout : 1)
hpin:tr_soc_top_mx/u_ctrl/recip_lut_166_61_I4:mux_recip_lut_126_15/in_17[5] 	 (fanout : 1)
hpin:tr_soc_top_mx/u_ctrl/recip_lut_166_61_I4:mux_recip_lut_126_15/in_17[4] 	 (fanout : 1)
hpin:tr_soc_top_mx/u_ctrl/recip_lut_166_61_I4:mux_recip_lut_126_15/in_17[3] 	 (fanout : 1)
hpin:tr_soc_top_mx/u_ctrl/recip_lut_166_61_I4:mux_recip_lut_126_15/in_17[2] 	 (fanout : 1)
hpin:tr_soc_top_mx/u_ctrl/recip_lut_166_61_I4:mux_recip_lut_126_15/in_17[1] 	 (fanout : 1)
hpin:tr_soc_top_mx/u_ctrl/recip_lut_166_61_I4:mux_recip_lut_126_15/in_17[0] 	 (fanout : 1)
hpin:tr_soc_top_mx/u_ctrl/recip_lut_166_61_I4:mux_recip_lut_126_15/in_18[6] 	 (fanout : 1)
hpin:tr_soc_top_mx/u_ctrl/recip_lut_166_61_I4:mux_recip_lut_126_15/in_18[5] 	 (fanout : 1)
hpin:tr_soc_top_mx/u_ctrl/recip_lut_166_61_I4:mux_recip_lut_126_15/in_18[4] 	 (fanout : 1)
hpin:tr_soc_top_mx/u_ctrl/recip_lut_166_61_I4:mux_recip_lut_126_15/in_18[3] 	 (fanout : 1)
hpin:tr_soc_top_mx/u_ctrl/recip_lut_166_61_I4:mux_recip_lut_126_15/in_18[2] 	 (fanout : 1)
hpin:tr_soc_top_mx/u_ctrl/recip_lut_166_61_I4:mux_recip_lut_126_15/in_18[1] 	 (fanout : 1)
hpin:tr_soc_top_mx/u_ctrl/recip_lut_166_61_I4:mux_recip_lut_126_15/in_18[0] 	 (fanout : 1)
hpin:tr_soc_top_mx/u_ctrl/recip_lut_166_61_I4:mux_recip_lut_126_15/in_19[6] 	 (fanout : 1)
hpin:tr_soc_top_mx/u_ctrl/recip_lut_166_61_I4:mux_recip_lut_126_15/in_19[5] 	 (fanout : 1)
hpin:tr_soc_top_mx/u_ctrl/recip_lut_166_61_I4:mux_recip_lut_126_15/in_19[4] 	 (fanout : 1)
hpin:tr_soc_top_mx/u_ctrl/recip_lut_166_61_I4:mux_recip_lut_126_15/in_19[3] 	 (fanout : 1)
hpin:tr_soc_top_mx/u_ctrl/recip_lut_166_61_I4:mux_recip_lut_126_15/in_19[2] 	 (fanout : 1)
hpin:tr_soc_top_mx/u_ctrl/recip_lut_166_61_I4:mux_recip_lut_126_15/in_19[1] 	 (fanout : 1)
hpin:tr_soc_top_mx/u_ctrl/recip_lut_166_61_I4:mux_recip_lut_126_15/in_19[0] 	 (fanout : 1)
hpin:tr_soc_top_mx/u_ctrl/recip_lut_166_61_I4:mux_recip_lut_126_15/in_20[6] 	 (fanout : 1)
hpin:tr_soc_top_mx/u_ctrl/recip_lut_166_61_I4:mux_recip_lut_126_15/in_20[5] 	 (fanout : 1)
hpin:tr_soc_top_mx/u_ctrl/recip_lut_166_61_I4:mux_recip_lut_126_15/in_20[4] 	 (fanout : 1)
hpin:tr_soc_top_mx/u_ctrl/recip_lut_166_61_I4:mux_recip_lut_126_15/in_20[3] 	 (fanout : 1)
hpin:tr_soc_top_mx/u_ctrl/recip_lut_166_61_I4:mux_recip_lut_126_15/in_20[2] 	 (fanout : 1)
hpin:tr_soc_top_mx/u_ctrl/recip_lut_166_61_I4:mux_recip_lut_126_15/in_20[1] 	 (fanout : 1)
hpin:tr_soc_top_mx/u_ctrl/recip_lut_166_61_I4:mux_recip_lut_126_15/in_20[0] 	 (fanout : 1)
hpin:tr_soc_top_mx/u_ctrl/recip_lut_166_61_I4:mux_recip_lut_126_15/in_21[6] 	 (fanout : 1)
hpin:tr_soc_top_mx/u_ctrl/recip_lut_166_61_I4:mux_recip_lut_126_15/in_21[5] 	 (fanout : 1)
hpin:tr_soc_top_mx/u_ctrl/recip_lut_166_61_I4:mux_recip_lut_126_15/in_21[4] 	 (fanout : 1)
hpin:tr_soc_top_mx/u_ctrl/recip_lut_166_61_I4:mux_recip_lut_126_15/in_21[3] 	 (fanout : 1)
hpin:tr_soc_top_mx/u_ctrl/recip_lut_166_61_I4:mux_recip_lut_126_15/in_21[2] 	 (fanout : 1)
hpin:tr_soc_top_mx/u_ctrl/recip_lut_166_61_I4:mux_recip_lut_126_15/in_21[1] 	 (fanout : 1)
hpin:tr_soc_top_mx/u_ctrl/recip_lut_166_61_I4:mux_recip_lut_126_15/in_21[0] 	 (fanout : 1)
hpin:tr_soc_top_mx/u_ctrl/recip_lut_166_61_I4:mux_recip_lut_126_15/in_22[6] 	 (fanout : 1)
hpin:tr_soc_top_mx/u_ctrl/recip_lut_166_61_I4:mux_recip_lut_126_15/in_22[5] 	 (fanout : 1)
hpin:tr_soc_top_mx/u_ctrl/recip_lut_166_61_I4:mux_recip_lut_126_15/in_22[4] 	 (fanout : 1)
hpin:tr_soc_top_mx/u_ctrl/recip_lut_166_61_I4:mux_recip_lut_126_15/in_22[3] 	 (fanout : 1)
hpin:tr_soc_top_mx/u_ctrl/recip_lut_166_61_I4:mux_recip_lut_126_15/in_22[2] 	 (fanout : 1)
hpin:tr_soc_top_mx/u_ctrl/recip_lut_166_61_I4:mux_recip_lut_126_15/in_22[1] 	 (fanout : 1)
hpin:tr_soc_top_mx/u_ctrl/recip_lut_166_61_I4:mux_recip_lut_126_15/in_22[0] 	 (fanout : 1)
hpin:tr_soc_top_mx/u_ctrl/recip_lut_166_61_I4:mux_recip_lut_126_15/in_23[6] 	 (fanout : 1)
hpin:tr_soc_top_mx/u_ctrl/recip_lut_166_61_I4:mux_recip_lut_126_15/in_23[5] 	 (fanout : 1)
hpin:tr_soc_top_mx/u_ctrl/recip_lut_166_61_I4:mux_recip_lut_126_15/in_23[4] 	 (fanout : 1)
hpin:tr_soc_top_mx/u_ctrl/recip_lut_166_61_I4:mux_recip_lut_126_15/in_23[3] 	 (fanout : 1)
hpin:tr_soc_top_mx/u_ctrl/recip_lut_166_61_I4:mux_recip_lut_126_15/in_23[2] 	 (fanout : 1)
hpin:tr_soc_top_mx/u_ctrl/recip_lut_166_61_I4:mux_recip_lut_126_15/in_23[1] 	 (fanout : 1)
hpin:tr_soc_top_mx/u_ctrl/recip_lut_166_61_I4:mux_recip_lut_126_15/in_23[0] 	 (fanout : 1)
hpin:tr_soc_top_mx/u_ctrl/recip_lut_166_61_I4:mux_recip_lut_126_15/in_24[6] 	 (fanout : 1)
hpin:tr_soc_top_mx/u_ctrl/recip_lut_166_61_I4:mux_recip_lut_126_15/in_24[5] 	 (fanout : 1)
hpin:tr_soc_top_mx/u_ctrl/recip_lut_166_61_I4:mux_recip_lut_126_15/in_24[4] 	 (fanout : 1)
hpin:tr_soc_top_mx/u_ctrl/recip_lut_166_61_I4:mux_recip_lut_126_15/in_24[3] 	 (fanout : 1)
hpin:tr_soc_top_mx/u_ctrl/recip_lut_166_61_I4:mux_recip_lut_126_15/in_24[2] 	 (fanout : 1)
hpin:tr_soc_top_mx/u_ctrl/recip_lut_166_61_I4:mux_recip_lut_126_15/in_24[1] 	 (fanout : 1)
hpin:tr_soc_top_mx/u_ctrl/recip_lut_166_61_I4:mux_recip_lut_126_15/in_24[0] 	 (fanout : 1)
hpin:tr_soc_top_mx/u_ctrl/recip_lut_166_61_I4:mux_recip_lut_126_15/in_25[6] 	 (fanout : 1)
hpin:tr_soc_top_mx/u_ctrl/recip_lut_166_61_I4:mux_recip_lut_126_15/in_25[5] 	 (fanout : 1)
hpin:tr_soc_top_mx/u_ctrl/recip_lut_166_61_I4:mux_recip_lut_126_15/in_25[4] 	 (fanout : 1)
hpin:tr_soc_top_mx/u_ctrl/recip_lut_166_61_I4:mux_recip_lut_126_15/in_25[3] 	 (fanout : 1)
hpin:tr_soc_top_mx/u_ctrl/recip_lut_166_61_I4:mux_recip_lut_126_15/in_25[2] 	 (fanout : 1)
hpin:tr_soc_top_mx/u_ctrl/recip_lut_166_61_I4:mux_recip_lut_126_15/in_25[1] 	 (fanout : 1)
hpin:tr_soc_top_mx/u_ctrl/recip_lut_166_61_I4:mux_recip_lut_126_15/in_25[0] 	 (fanout : 1)
hpin:tr_soc_top_mx/u_ctrl/recip_lut_166_61_I4:mux_recip_lut_126_15/in_26[6] 	 (fanout : 1)
hpin:tr_soc_top_mx/u_ctrl/recip_lut_166_61_I4:mux_recip_lut_126_15/in_26[5] 	 (fanout : 1)
hpin:tr_soc_top_mx/u_ctrl/recip_lut_166_61_I4:mux_recip_lut_126_15/in_26[4] 	 (fanout : 1)
hpin:tr_soc_top_mx/u_ctrl/recip_lut_166_61_I4:mux_recip_lut_126_15/in_26[3] 	 (fanout : 1)
hpin:tr_soc_top_mx/u_ctrl/recip_lut_166_61_I4:mux_recip_lut_126_15/in_26[2] 	 (fanout : 1)
hpin:tr_soc_top_mx/u_ctrl/recip_lut_166_61_I4:mux_recip_lut_126_15/in_26[1] 	 (fanout : 1)
hpin:tr_soc_top_mx/u_ctrl/recip_lut_166_61_I4:mux_recip_lut_126_15/in_26[0] 	 (fanout : 1)
hpin:tr_soc_top_mx/u_ctrl/recip_lut_166_61_I4:mux_recip_lut_126_15/in_27[6] 	 (fanout : 1)
hpin:tr_soc_top_mx/u_ctrl/recip_lut_166_61_I4:mux_recip_lut_126_15/in_27[5] 	 (fanout : 1)
hpin:tr_soc_top_mx/u_ctrl/recip_lut_166_61_I4:mux_recip_lut_126_15/in_27[4] 	 (fanout : 1)
hpin:tr_soc_top_mx/u_ctrl/recip_lut_166_61_I4:mux_recip_lut_126_15/in_27[3] 	 (fanout : 1)
hpin:tr_soc_top_mx/u_ctrl/recip_lut_166_61_I4:mux_recip_lut_126_15/in_27[2] 	 (fanout : 1)
hpin:tr_soc_top_mx/u_ctrl/recip_lut_166_61_I4:mux_recip_lut_126_15/in_27[1] 	 (fanout : 1)
hpin:tr_soc_top_mx/u_ctrl/recip_lut_166_61_I4:mux_recip_lut_126_15/in_27[0] 	 (fanout : 1)
hpin:tr_soc_top_mx/u_ctrl/recip_lut_166_61_I4:mux_recip_lut_126_15/in_28[6] 	 (fanout : 1)
hpin:tr_soc_top_mx/u_ctrl/recip_lut_166_61_I4:mux_recip_lut_126_15/in_28[5] 	 (fanout : 1)
hpin:tr_soc_top_mx/u_ctrl/recip_lut_166_61_I4:mux_recip_lut_126_15/in_28[4] 	 (fanout : 1)
hpin:tr_soc_top_mx/u_ctrl/recip_lut_166_61_I4:mux_recip_lut_126_15/in_28[3] 	 (fanout : 1)
hpin:tr_soc_top_mx/u_ctrl/recip_lut_166_61_I4:mux_recip_lut_126_15/in_28[2] 	 (fanout : 1)
hpin:tr_soc_top_mx/u_ctrl/recip_lut_166_61_I4:mux_recip_lut_126_15/in_28[1] 	 (fanout : 1)
hpin:tr_soc_top_mx/u_ctrl/recip_lut_166_61_I4:mux_recip_lut_126_15/in_28[0] 	 (fanout : 1)
hpin:tr_soc_top_mx/u_ctrl/recip_lut_166_61_I4:mux_recip_lut_126_15/in_29[6] 	 (fanout : 1)
hpin:tr_soc_top_mx/u_ctrl/recip_lut_166_61_I4:mux_recip_lut_126_15/in_29[5] 	 (fanout : 1)
hpin:tr_soc_top_mx/u_ctrl/recip_lut_166_61_I4:mux_recip_lut_126_15/in_29[4] 	 (fanout : 1)
hpin:tr_soc_top_mx/u_ctrl/recip_lut_166_61_I4:mux_recip_lut_126_15/in_29[3] 	 (fanout : 1)
hpin:tr_soc_top_mx/u_ctrl/recip_lut_166_61_I4:mux_recip_lut_126_15/in_29[2] 	 (fanout : 1)
hpin:tr_soc_top_mx/u_ctrl/recip_lut_166_61_I4:mux_recip_lut_126_15/in_29[1] 	 (fanout : 1)
hpin:tr_soc_top_mx/u_ctrl/recip_lut_166_61_I4:mux_recip_lut_126_15/in_29[0] 	 (fanout : 1)
hpin:tr_soc_top_mx/u_ctrl/recip_lut_166_61_I4:mux_recip_lut_126_15/in_30[6] 	 (fanout : 1)
hpin:tr_soc_top_mx/u_ctrl/recip_lut_166_61_I4:mux_recip_lut_126_15/in_30[5] 	 (fanout : 1)
hpin:tr_soc_top_mx/u_ctrl/recip_lut_166_61_I4:mux_recip_lut_126_15/in_30[4] 	 (fanout : 1)
hpin:tr_soc_top_mx/u_ctrl/recip_lut_166_61_I4:mux_recip_lut_126_15/in_30[3] 	 (fanout : 1)
hpin:tr_soc_top_mx/u_ctrl/recip_lut_166_61_I4:mux_recip_lut_126_15/in_30[2] 	 (fanout : 1)
hpin:tr_soc_top_mx/u_ctrl/recip_lut_166_61_I4:mux_recip_lut_126_15/in_30[1] 	 (fanout : 1)
hpin:tr_soc_top_mx/u_ctrl/recip_lut_166_61_I4:mux_recip_lut_126_15/in_30[0] 	 (fanout : 1)
hpin:tr_soc_top_mx/u_ctrl/recip_lut_166_61_I4:mux_recip_lut_126_15/in_31[6] 	 (fanout : 1)
hpin:tr_soc_top_mx/u_ctrl/recip_lut_166_61_I4:mux_recip_lut_126_15/in_31[5] 	 (fanout : 1)
hpin:tr_soc_top_mx/u_ctrl/recip_lut_166_61_I4:mux_recip_lut_126_15/in_31[4] 	 (fanout : 1)
hpin:tr_soc_top_mx/u_ctrl/recip_lut_166_61_I4:mux_recip_lut_126_15/in_31[3] 	 (fanout : 1)
hpin:tr_soc_top_mx/u_ctrl/recip_lut_166_61_I4:mux_recip_lut_126_15/in_31[2] 	 (fanout : 1)
hpin:tr_soc_top_mx/u_ctrl/recip_lut_166_61_I4:mux_recip_lut_126_15/in_31[1] 	 (fanout : 1)
hpin:tr_soc_top_mx/u_ctrl/recip_lut_166_61_I4:mux_recip_lut_126_15/in_31[0] 	 (fanout : 1)
hpin:tr_soc_top_mx/u_ctrl/recip_lut_166_61_I5:mux_recip_lut_126_15/in_0[6] 	 (fanout : 1)
hpin:tr_soc_top_mx/u_ctrl/recip_lut_166_61_I5:mux_recip_lut_126_15/in_0[5] 	 (fanout : 1)
hpin:tr_soc_top_mx/u_ctrl/recip_lut_166_61_I5:mux_recip_lut_126_15/in_0[4] 	 (fanout : 1)
hpin:tr_soc_top_mx/u_ctrl/recip_lut_166_61_I5:mux_recip_lut_126_15/in_0[3] 	 (fanout : 1)
hpin:tr_soc_top_mx/u_ctrl/recip_lut_166_61_I5:mux_recip_lut_126_15/in_0[2] 	 (fanout : 1)
hpin:tr_soc_top_mx/u_ctrl/recip_lut_166_61_I5:mux_recip_lut_126_15/in_0[1] 	 (fanout : 1)
hpin:tr_soc_top_mx/u_ctrl/recip_lut_166_61_I5:mux_recip_lut_126_15/in_0[0] 	 (fanout : 1)
hpin:tr_soc_top_mx/u_ctrl/recip_lut_166_61_I5:mux_recip_lut_126_15/in_1[6] 	 (fanout : 1)
hpin:tr_soc_top_mx/u_ctrl/recip_lut_166_61_I5:mux_recip_lut_126_15/in_1[5] 	 (fanout : 1)
hpin:tr_soc_top_mx/u_ctrl/recip_lut_166_61_I5:mux_recip_lut_126_15/in_1[4] 	 (fanout : 1)
hpin:tr_soc_top_mx/u_ctrl/recip_lut_166_61_I5:mux_recip_lut_126_15/in_1[3] 	 (fanout : 1)
hpin:tr_soc_top_mx/u_ctrl/recip_lut_166_61_I5:mux_recip_lut_126_15/in_1[2] 	 (fanout : 1)
hpin:tr_soc_top_mx/u_ctrl/recip_lut_166_61_I5:mux_recip_lut_126_15/in_1[1] 	 (fanout : 1)
hpin:tr_soc_top_mx/u_ctrl/recip_lut_166_61_I5:mux_recip_lut_126_15/in_1[0] 	 (fanout : 1)
hpin:tr_soc_top_mx/u_ctrl/recip_lut_166_61_I5:mux_recip_lut_126_15/in_2[6] 	 (fanout : 1)
hpin:tr_soc_top_mx/u_ctrl/recip_lut_166_61_I5:mux_recip_lut_126_15/in_2[5] 	 (fanout : 1)
hpin:tr_soc_top_mx/u_ctrl/recip_lut_166_61_I5:mux_recip_lut_126_15/in_2[4] 	 (fanout : 1)
hpin:tr_soc_top_mx/u_ctrl/recip_lut_166_61_I5:mux_recip_lut_126_15/in_2[3] 	 (fanout : 1)
hpin:tr_soc_top_mx/u_ctrl/recip_lut_166_61_I5:mux_recip_lut_126_15/in_2[2] 	 (fanout : 1)
hpin:tr_soc_top_mx/u_ctrl/recip_lut_166_61_I5:mux_recip_lut_126_15/in_2[1] 	 (fanout : 1)
hpin:tr_soc_top_mx/u_ctrl/recip_lut_166_61_I5:mux_recip_lut_126_15/in_2[0] 	 (fanout : 1)
hpin:tr_soc_top_mx/u_ctrl/recip_lut_166_61_I5:mux_recip_lut_126_15/in_3[6] 	 (fanout : 1)
hpin:tr_soc_top_mx/u_ctrl/recip_lut_166_61_I5:mux_recip_lut_126_15/in_3[5] 	 (fanout : 1)
hpin:tr_soc_top_mx/u_ctrl/recip_lut_166_61_I5:mux_recip_lut_126_15/in_3[4] 	 (fanout : 1)
hpin:tr_soc_top_mx/u_ctrl/recip_lut_166_61_I5:mux_recip_lut_126_15/in_3[3] 	 (fanout : 1)
hpin:tr_soc_top_mx/u_ctrl/recip_lut_166_61_I5:mux_recip_lut_126_15/in_3[2] 	 (fanout : 1)
hpin:tr_soc_top_mx/u_ctrl/recip_lut_166_61_I5:mux_recip_lut_126_15/in_3[1] 	 (fanout : 1)
hpin:tr_soc_top_mx/u_ctrl/recip_lut_166_61_I5:mux_recip_lut_126_15/in_3[0] 	 (fanout : 1)
hpin:tr_soc_top_mx/u_ctrl/recip_lut_166_61_I5:mux_recip_lut_126_15/in_4[6] 	 (fanout : 1)
hpin:tr_soc_top_mx/u_ctrl/recip_lut_166_61_I5:mux_recip_lut_126_15/in_4[5] 	 (fanout : 1)
hpin:tr_soc_top_mx/u_ctrl/recip_lut_166_61_I5:mux_recip_lut_126_15/in_4[4] 	 (fanout : 1)
hpin:tr_soc_top_mx/u_ctrl/recip_lut_166_61_I5:mux_recip_lut_126_15/in_4[3] 	 (fanout : 1)
hpin:tr_soc_top_mx/u_ctrl/recip_lut_166_61_I5:mux_recip_lut_126_15/in_4[2] 	 (fanout : 1)
hpin:tr_soc_top_mx/u_ctrl/recip_lut_166_61_I5:mux_recip_lut_126_15/in_4[1] 	 (fanout : 1)
hpin:tr_soc_top_mx/u_ctrl/recip_lut_166_61_I5:mux_recip_lut_126_15/in_4[0] 	 (fanout : 1)
hpin:tr_soc_top_mx/u_ctrl/recip_lut_166_61_I5:mux_recip_lut_126_15/in_5[6] 	 (fanout : 1)
hpin:tr_soc_top_mx/u_ctrl/recip_lut_166_61_I5:mux_recip_lut_126_15/in_5[5] 	 (fanout : 1)
hpin:tr_soc_top_mx/u_ctrl/recip_lut_166_61_I5:mux_recip_lut_126_15/in_5[4] 	 (fanout : 1)
hpin:tr_soc_top_mx/u_ctrl/recip_lut_166_61_I5:mux_recip_lut_126_15/in_5[3] 	 (fanout : 1)
hpin:tr_soc_top_mx/u_ctrl/recip_lut_166_61_I5:mux_recip_lut_126_15/in_5[2] 	 (fanout : 1)
hpin:tr_soc_top_mx/u_ctrl/recip_lut_166_61_I5:mux_recip_lut_126_15/in_5[1] 	 (fanout : 1)
hpin:tr_soc_top_mx/u_ctrl/recip_lut_166_61_I5:mux_recip_lut_126_15/in_5[0] 	 (fanout : 1)
hpin:tr_soc_top_mx/u_ctrl/recip_lut_166_61_I5:mux_recip_lut_126_15/in_6[6] 	 (fanout : 1)
hpin:tr_soc_top_mx/u_ctrl/recip_lut_166_61_I5:mux_recip_lut_126_15/in_6[5] 	 (fanout : 1)
hpin:tr_soc_top_mx/u_ctrl/recip_lut_166_61_I5:mux_recip_lut_126_15/in_6[4] 	 (fanout : 1)
hpin:tr_soc_top_mx/u_ctrl/recip_lut_166_61_I5:mux_recip_lut_126_15/in_6[3] 	 (fanout : 1)
hpin:tr_soc_top_mx/u_ctrl/recip_lut_166_61_I5:mux_recip_lut_126_15/in_6[2] 	 (fanout : 1)
hpin:tr_soc_top_mx/u_ctrl/recip_lut_166_61_I5:mux_recip_lut_126_15/in_6[1] 	 (fanout : 1)
hpin:tr_soc_top_mx/u_ctrl/recip_lut_166_61_I5:mux_recip_lut_126_15/in_6[0] 	 (fanout : 1)
hpin:tr_soc_top_mx/u_ctrl/recip_lut_166_61_I5:mux_recip_lut_126_15/in_7[6] 	 (fanout : 1)
hpin:tr_soc_top_mx/u_ctrl/recip_lut_166_61_I5:mux_recip_lut_126_15/in_7[5] 	 (fanout : 1)
hpin:tr_soc_top_mx/u_ctrl/recip_lut_166_61_I5:mux_recip_lut_126_15/in_7[4] 	 (fanout : 1)
hpin:tr_soc_top_mx/u_ctrl/recip_lut_166_61_I5:mux_recip_lut_126_15/in_7[3] 	 (fanout : 1)
hpin:tr_soc_top_mx/u_ctrl/recip_lut_166_61_I5:mux_recip_lut_126_15/in_7[2] 	 (fanout : 1)
hpin:tr_soc_top_mx/u_ctrl/recip_lut_166_61_I5:mux_recip_lut_126_15/in_7[1] 	 (fanout : 1)
hpin:tr_soc_top_mx/u_ctrl/recip_lut_166_61_I5:mux_recip_lut_126_15/in_7[0] 	 (fanout : 1)
hpin:tr_soc_top_mx/u_ctrl/recip_lut_166_61_I5:mux_recip_lut_126_15/in_8[6] 	 (fanout : 1)
hpin:tr_soc_top_mx/u_ctrl/recip_lut_166_61_I5:mux_recip_lut_126_15/in_8[5] 	 (fanout : 1)
hpin:tr_soc_top_mx/u_ctrl/recip_lut_166_61_I5:mux_recip_lut_126_15/in_8[4] 	 (fanout : 1)
hpin:tr_soc_top_mx/u_ctrl/recip_lut_166_61_I5:mux_recip_lut_126_15/in_8[3] 	 (fanout : 1)
hpin:tr_soc_top_mx/u_ctrl/recip_lut_166_61_I5:mux_recip_lut_126_15/in_8[2] 	 (fanout : 1)
hpin:tr_soc_top_mx/u_ctrl/recip_lut_166_61_I5:mux_recip_lut_126_15/in_8[1] 	 (fanout : 1)
hpin:tr_soc_top_mx/u_ctrl/recip_lut_166_61_I5:mux_recip_lut_126_15/in_8[0] 	 (fanout : 1)
hpin:tr_soc_top_mx/u_ctrl/recip_lut_166_61_I5:mux_recip_lut_126_15/in_9[6] 	 (fanout : 1)
hpin:tr_soc_top_mx/u_ctrl/recip_lut_166_61_I5:mux_recip_lut_126_15/in_9[5] 	 (fanout : 1)
hpin:tr_soc_top_mx/u_ctrl/recip_lut_166_61_I5:mux_recip_lut_126_15/in_9[4] 	 (fanout : 1)
hpin:tr_soc_top_mx/u_ctrl/recip_lut_166_61_I5:mux_recip_lut_126_15/in_9[3] 	 (fanout : 1)
hpin:tr_soc_top_mx/u_ctrl/recip_lut_166_61_I5:mux_recip_lut_126_15/in_9[2] 	 (fanout : 1)
hpin:tr_soc_top_mx/u_ctrl/recip_lut_166_61_I5:mux_recip_lut_126_15/in_9[1] 	 (fanout : 1)
hpin:tr_soc_top_mx/u_ctrl/recip_lut_166_61_I5:mux_recip_lut_126_15/in_9[0] 	 (fanout : 1)
hpin:tr_soc_top_mx/u_ctrl/recip_lut_166_61_I5:mux_recip_lut_126_15/in_10[6] 	 (fanout : 1)
hpin:tr_soc_top_mx/u_ctrl/recip_lut_166_61_I5:mux_recip_lut_126_15/in_10[5] 	 (fanout : 1)
hpin:tr_soc_top_mx/u_ctrl/recip_lut_166_61_I5:mux_recip_lut_126_15/in_10[4] 	 (fanout : 1)
hpin:tr_soc_top_mx/u_ctrl/recip_lut_166_61_I5:mux_recip_lut_126_15/in_10[3] 	 (fanout : 1)
hpin:tr_soc_top_mx/u_ctrl/recip_lut_166_61_I5:mux_recip_lut_126_15/in_10[2] 	 (fanout : 1)
hpin:tr_soc_top_mx/u_ctrl/recip_lut_166_61_I5:mux_recip_lut_126_15/in_10[1] 	 (fanout : 1)
hpin:tr_soc_top_mx/u_ctrl/recip_lut_166_61_I5:mux_recip_lut_126_15/in_10[0] 	 (fanout : 1)
hpin:tr_soc_top_mx/u_ctrl/recip_lut_166_61_I5:mux_recip_lut_126_15/in_11[6] 	 (fanout : 1)
hpin:tr_soc_top_mx/u_ctrl/recip_lut_166_61_I5:mux_recip_lut_126_15/in_11[5] 	 (fanout : 1)
hpin:tr_soc_top_mx/u_ctrl/recip_lut_166_61_I5:mux_recip_lut_126_15/in_11[4] 	 (fanout : 1)
hpin:tr_soc_top_mx/u_ctrl/recip_lut_166_61_I5:mux_recip_lut_126_15/in_11[3] 	 (fanout : 1)
hpin:tr_soc_top_mx/u_ctrl/recip_lut_166_61_I5:mux_recip_lut_126_15/in_11[2] 	 (fanout : 1)
hpin:tr_soc_top_mx/u_ctrl/recip_lut_166_61_I5:mux_recip_lut_126_15/in_11[1] 	 (fanout : 1)
hpin:tr_soc_top_mx/u_ctrl/recip_lut_166_61_I5:mux_recip_lut_126_15/in_11[0] 	 (fanout : 1)
hpin:tr_soc_top_mx/u_ctrl/recip_lut_166_61_I5:mux_recip_lut_126_15/in_12[6] 	 (fanout : 1)
hpin:tr_soc_top_mx/u_ctrl/recip_lut_166_61_I5:mux_recip_lut_126_15/in_12[5] 	 (fanout : 1)
hpin:tr_soc_top_mx/u_ctrl/recip_lut_166_61_I5:mux_recip_lut_126_15/in_12[4] 	 (fanout : 1)
hpin:tr_soc_top_mx/u_ctrl/recip_lut_166_61_I5:mux_recip_lut_126_15/in_12[3] 	 (fanout : 1)
hpin:tr_soc_top_mx/u_ctrl/recip_lut_166_61_I5:mux_recip_lut_126_15/in_12[2] 	 (fanout : 1)
hpin:tr_soc_top_mx/u_ctrl/recip_lut_166_61_I5:mux_recip_lut_126_15/in_12[1] 	 (fanout : 1)
hpin:tr_soc_top_mx/u_ctrl/recip_lut_166_61_I5:mux_recip_lut_126_15/in_12[0] 	 (fanout : 1)
hpin:tr_soc_top_mx/u_ctrl/recip_lut_166_61_I5:mux_recip_lut_126_15/in_13[6] 	 (fanout : 1)
hpin:tr_soc_top_mx/u_ctrl/recip_lut_166_61_I5:mux_recip_lut_126_15/in_13[5] 	 (fanout : 1)
hpin:tr_soc_top_mx/u_ctrl/recip_lut_166_61_I5:mux_recip_lut_126_15/in_13[4] 	 (fanout : 1)
hpin:tr_soc_top_mx/u_ctrl/recip_lut_166_61_I5:mux_recip_lut_126_15/in_13[3] 	 (fanout : 1)
hpin:tr_soc_top_mx/u_ctrl/recip_lut_166_61_I5:mux_recip_lut_126_15/in_13[2] 	 (fanout : 1)
hpin:tr_soc_top_mx/u_ctrl/recip_lut_166_61_I5:mux_recip_lut_126_15/in_13[1] 	 (fanout : 1)
hpin:tr_soc_top_mx/u_ctrl/recip_lut_166_61_I5:mux_recip_lut_126_15/in_13[0] 	 (fanout : 1)
hpin:tr_soc_top_mx/u_ctrl/recip_lut_166_61_I5:mux_recip_lut_126_15/in_14[6] 	 (fanout : 1)
hpin:tr_soc_top_mx/u_ctrl/recip_lut_166_61_I5:mux_recip_lut_126_15/in_14[5] 	 (fanout : 1)
hpin:tr_soc_top_mx/u_ctrl/recip_lut_166_61_I5:mux_recip_lut_126_15/in_14[4] 	 (fanout : 1)
hpin:tr_soc_top_mx/u_ctrl/recip_lut_166_61_I5:mux_recip_lut_126_15/in_14[3] 	 (fanout : 1)
hpin:tr_soc_top_mx/u_ctrl/recip_lut_166_61_I5:mux_recip_lut_126_15/in_14[2] 	 (fanout : 1)
hpin:tr_soc_top_mx/u_ctrl/recip_lut_166_61_I5:mux_recip_lut_126_15/in_14[1] 	 (fanout : 1)
hpin:tr_soc_top_mx/u_ctrl/recip_lut_166_61_I5:mux_recip_lut_126_15/in_14[0] 	 (fanout : 1)
hpin:tr_soc_top_mx/u_ctrl/recip_lut_166_61_I5:mux_recip_lut_126_15/in_15[6] 	 (fanout : 1)
hpin:tr_soc_top_mx/u_ctrl/recip_lut_166_61_I5:mux_recip_lut_126_15/in_15[5] 	 (fanout : 1)
hpin:tr_soc_top_mx/u_ctrl/recip_lut_166_61_I5:mux_recip_lut_126_15/in_15[4] 	 (fanout : 1)
hpin:tr_soc_top_mx/u_ctrl/recip_lut_166_61_I5:mux_recip_lut_126_15/in_15[3] 	 (fanout : 1)
hpin:tr_soc_top_mx/u_ctrl/recip_lut_166_61_I5:mux_recip_lut_126_15/in_15[2] 	 (fanout : 1)
hpin:tr_soc_top_mx/u_ctrl/recip_lut_166_61_I5:mux_recip_lut_126_15/in_15[1] 	 (fanout : 1)
hpin:tr_soc_top_mx/u_ctrl/recip_lut_166_61_I5:mux_recip_lut_126_15/in_15[0] 	 (fanout : 1)
hpin:tr_soc_top_mx/u_ctrl/recip_lut_166_61_I5:mux_recip_lut_126_15/in_16[6] 	 (fanout : 1)
hpin:tr_soc_top_mx/u_ctrl/recip_lut_166_61_I5:mux_recip_lut_126_15/in_16[5] 	 (fanout : 1)
hpin:tr_soc_top_mx/u_ctrl/recip_lut_166_61_I5:mux_recip_lut_126_15/in_16[4] 	 (fanout : 1)
hpin:tr_soc_top_mx/u_ctrl/recip_lut_166_61_I5:mux_recip_lut_126_15/in_16[3] 	 (fanout : 1)
hpin:tr_soc_top_mx/u_ctrl/recip_lut_166_61_I5:mux_recip_lut_126_15/in_16[2] 	 (fanout : 1)
hpin:tr_soc_top_mx/u_ctrl/recip_lut_166_61_I5:mux_recip_lut_126_15/in_16[1] 	 (fanout : 1)
hpin:tr_soc_top_mx/u_ctrl/recip_lut_166_61_I5:mux_recip_lut_126_15/in_16[0] 	 (fanout : 1)
hpin:tr_soc_top_mx/u_ctrl/recip_lut_166_61_I5:mux_recip_lut_126_15/in_17[6] 	 (fanout : 1)
hpin:tr_soc_top_mx/u_ctrl/recip_lut_166_61_I5:mux_recip_lut_126_15/in_17[5] 	 (fanout : 1)
hpin:tr_soc_top_mx/u_ctrl/recip_lut_166_61_I5:mux_recip_lut_126_15/in_17[4] 	 (fanout : 1)
hpin:tr_soc_top_mx/u_ctrl/recip_lut_166_61_I5:mux_recip_lut_126_15/in_17[3] 	 (fanout : 1)
hpin:tr_soc_top_mx/u_ctrl/recip_lut_166_61_I5:mux_recip_lut_126_15/in_17[2] 	 (fanout : 1)
hpin:tr_soc_top_mx/u_ctrl/recip_lut_166_61_I5:mux_recip_lut_126_15/in_17[1] 	 (fanout : 1)
hpin:tr_soc_top_mx/u_ctrl/recip_lut_166_61_I5:mux_recip_lut_126_15/in_17[0] 	 (fanout : 1)
hpin:tr_soc_top_mx/u_ctrl/recip_lut_166_61_I5:mux_recip_lut_126_15/in_18[6] 	 (fanout : 1)
hpin:tr_soc_top_mx/u_ctrl/recip_lut_166_61_I5:mux_recip_lut_126_15/in_18[5] 	 (fanout : 1)
hpin:tr_soc_top_mx/u_ctrl/recip_lut_166_61_I5:mux_recip_lut_126_15/in_18[4] 	 (fanout : 1)
hpin:tr_soc_top_mx/u_ctrl/recip_lut_166_61_I5:mux_recip_lut_126_15/in_18[3] 	 (fanout : 1)
hpin:tr_soc_top_mx/u_ctrl/recip_lut_166_61_I5:mux_recip_lut_126_15/in_18[2] 	 (fanout : 1)
hpin:tr_soc_top_mx/u_ctrl/recip_lut_166_61_I5:mux_recip_lut_126_15/in_18[1] 	 (fanout : 1)
hpin:tr_soc_top_mx/u_ctrl/recip_lut_166_61_I5:mux_recip_lut_126_15/in_18[0] 	 (fanout : 1)
hpin:tr_soc_top_mx/u_ctrl/recip_lut_166_61_I5:mux_recip_lut_126_15/in_19[6] 	 (fanout : 1)
hpin:tr_soc_top_mx/u_ctrl/recip_lut_166_61_I5:mux_recip_lut_126_15/in_19[5] 	 (fanout : 1)
hpin:tr_soc_top_mx/u_ctrl/recip_lut_166_61_I5:mux_recip_lut_126_15/in_19[4] 	 (fanout : 1)
hpin:tr_soc_top_mx/u_ctrl/recip_lut_166_61_I5:mux_recip_lut_126_15/in_19[3] 	 (fanout : 1)
hpin:tr_soc_top_mx/u_ctrl/recip_lut_166_61_I5:mux_recip_lut_126_15/in_19[2] 	 (fanout : 1)
hpin:tr_soc_top_mx/u_ctrl/recip_lut_166_61_I5:mux_recip_lut_126_15/in_19[1] 	 (fanout : 1)
hpin:tr_soc_top_mx/u_ctrl/recip_lut_166_61_I5:mux_recip_lut_126_15/in_19[0] 	 (fanout : 1)
hpin:tr_soc_top_mx/u_ctrl/recip_lut_166_61_I5:mux_recip_lut_126_15/in_20[6] 	 (fanout : 1)
hpin:tr_soc_top_mx/u_ctrl/recip_lut_166_61_I5:mux_recip_lut_126_15/in_20[5] 	 (fanout : 1)
hpin:tr_soc_top_mx/u_ctrl/recip_lut_166_61_I5:mux_recip_lut_126_15/in_20[4] 	 (fanout : 1)
hpin:tr_soc_top_mx/u_ctrl/recip_lut_166_61_I5:mux_recip_lut_126_15/in_20[3] 	 (fanout : 1)
hpin:tr_soc_top_mx/u_ctrl/recip_lut_166_61_I5:mux_recip_lut_126_15/in_20[2] 	 (fanout : 1)
hpin:tr_soc_top_mx/u_ctrl/recip_lut_166_61_I5:mux_recip_lut_126_15/in_20[1] 	 (fanout : 1)
hpin:tr_soc_top_mx/u_ctrl/recip_lut_166_61_I5:mux_recip_lut_126_15/in_20[0] 	 (fanout : 1)
hpin:tr_soc_top_mx/u_ctrl/recip_lut_166_61_I5:mux_recip_lut_126_15/in_21[6] 	 (fanout : 1)
hpin:tr_soc_top_mx/u_ctrl/recip_lut_166_61_I5:mux_recip_lut_126_15/in_21[5] 	 (fanout : 1)
hpin:tr_soc_top_mx/u_ctrl/recip_lut_166_61_I5:mux_recip_lut_126_15/in_21[4] 	 (fanout : 1)
hpin:tr_soc_top_mx/u_ctrl/recip_lut_166_61_I5:mux_recip_lut_126_15/in_21[3] 	 (fanout : 1)
hpin:tr_soc_top_mx/u_ctrl/recip_lut_166_61_I5:mux_recip_lut_126_15/in_21[2] 	 (fanout : 1)
hpin:tr_soc_top_mx/u_ctrl/recip_lut_166_61_I5:mux_recip_lut_126_15/in_21[1] 	 (fanout : 1)
hpin:tr_soc_top_mx/u_ctrl/recip_lut_166_61_I5:mux_recip_lut_126_15/in_21[0] 	 (fanout : 1)
hpin:tr_soc_top_mx/u_ctrl/recip_lut_166_61_I5:mux_recip_lut_126_15/in_22[6] 	 (fanout : 1)
hpin:tr_soc_top_mx/u_ctrl/recip_lut_166_61_I5:mux_recip_lut_126_15/in_22[5] 	 (fanout : 1)
hpin:tr_soc_top_mx/u_ctrl/recip_lut_166_61_I5:mux_recip_lut_126_15/in_22[4] 	 (fanout : 1)
hpin:tr_soc_top_mx/u_ctrl/recip_lut_166_61_I5:mux_recip_lut_126_15/in_22[3] 	 (fanout : 1)
hpin:tr_soc_top_mx/u_ctrl/recip_lut_166_61_I5:mux_recip_lut_126_15/in_22[2] 	 (fanout : 1)
hpin:tr_soc_top_mx/u_ctrl/recip_lut_166_61_I5:mux_recip_lut_126_15/in_22[1] 	 (fanout : 1)
hpin:tr_soc_top_mx/u_ctrl/recip_lut_166_61_I5:mux_recip_lut_126_15/in_22[0] 	 (fanout : 1)
hpin:tr_soc_top_mx/u_ctrl/recip_lut_166_61_I5:mux_recip_lut_126_15/in_23[6] 	 (fanout : 1)
hpin:tr_soc_top_mx/u_ctrl/recip_lut_166_61_I5:mux_recip_lut_126_15/in_23[5] 	 (fanout : 1)
hpin:tr_soc_top_mx/u_ctrl/recip_lut_166_61_I5:mux_recip_lut_126_15/in_23[4] 	 (fanout : 1)
hpin:tr_soc_top_mx/u_ctrl/recip_lut_166_61_I5:mux_recip_lut_126_15/in_23[3] 	 (fanout : 1)
hpin:tr_soc_top_mx/u_ctrl/recip_lut_166_61_I5:mux_recip_lut_126_15/in_23[2] 	 (fanout : 1)
hpin:tr_soc_top_mx/u_ctrl/recip_lut_166_61_I5:mux_recip_lut_126_15/in_23[1] 	 (fanout : 1)
hpin:tr_soc_top_mx/u_ctrl/recip_lut_166_61_I5:mux_recip_lut_126_15/in_23[0] 	 (fanout : 1)
hpin:tr_soc_top_mx/u_ctrl/recip_lut_166_61_I5:mux_recip_lut_126_15/in_24[6] 	 (fanout : 1)
hpin:tr_soc_top_mx/u_ctrl/recip_lut_166_61_I5:mux_recip_lut_126_15/in_24[5] 	 (fanout : 1)
hpin:tr_soc_top_mx/u_ctrl/recip_lut_166_61_I5:mux_recip_lut_126_15/in_24[4] 	 (fanout : 1)
hpin:tr_soc_top_mx/u_ctrl/recip_lut_166_61_I5:mux_recip_lut_126_15/in_24[3] 	 (fanout : 1)
hpin:tr_soc_top_mx/u_ctrl/recip_lut_166_61_I5:mux_recip_lut_126_15/in_24[2] 	 (fanout : 1)
hpin:tr_soc_top_mx/u_ctrl/recip_lut_166_61_I5:mux_recip_lut_126_15/in_24[1] 	 (fanout : 1)
hpin:tr_soc_top_mx/u_ctrl/recip_lut_166_61_I5:mux_recip_lut_126_15/in_24[0] 	 (fanout : 1)
hpin:tr_soc_top_mx/u_ctrl/recip_lut_166_61_I5:mux_recip_lut_126_15/in_25[6] 	 (fanout : 1)
hpin:tr_soc_top_mx/u_ctrl/recip_lut_166_61_I5:mux_recip_lut_126_15/in_25[5] 	 (fanout : 1)
hpin:tr_soc_top_mx/u_ctrl/recip_lut_166_61_I5:mux_recip_lut_126_15/in_25[4] 	 (fanout : 1)
hpin:tr_soc_top_mx/u_ctrl/recip_lut_166_61_I5:mux_recip_lut_126_15/in_25[3] 	 (fanout : 1)
hpin:tr_soc_top_mx/u_ctrl/recip_lut_166_61_I5:mux_recip_lut_126_15/in_25[2] 	 (fanout : 1)
hpin:tr_soc_top_mx/u_ctrl/recip_lut_166_61_I5:mux_recip_lut_126_15/in_25[1] 	 (fanout : 1)
hpin:tr_soc_top_mx/u_ctrl/recip_lut_166_61_I5:mux_recip_lut_126_15/in_25[0] 	 (fanout : 1)
hpin:tr_soc_top_mx/u_ctrl/recip_lut_166_61_I5:mux_recip_lut_126_15/in_26[6] 	 (fanout : 1)
hpin:tr_soc_top_mx/u_ctrl/recip_lut_166_61_I5:mux_recip_lut_126_15/in_26[5] 	 (fanout : 1)
hpin:tr_soc_top_mx/u_ctrl/recip_lut_166_61_I5:mux_recip_lut_126_15/in_26[4] 	 (fanout : 1)
hpin:tr_soc_top_mx/u_ctrl/recip_lut_166_61_I5:mux_recip_lut_126_15/in_26[3] 	 (fanout : 1)
hpin:tr_soc_top_mx/u_ctrl/recip_lut_166_61_I5:mux_recip_lut_126_15/in_26[2] 	 (fanout : 1)
hpin:tr_soc_top_mx/u_ctrl/recip_lut_166_61_I5:mux_recip_lut_126_15/in_26[1] 	 (fanout : 1)
hpin:tr_soc_top_mx/u_ctrl/recip_lut_166_61_I5:mux_recip_lut_126_15/in_26[0] 	 (fanout : 1)
hpin:tr_soc_top_mx/u_ctrl/recip_lut_166_61_I5:mux_recip_lut_126_15/in_27[6] 	 (fanout : 1)
hpin:tr_soc_top_mx/u_ctrl/recip_lut_166_61_I5:mux_recip_lut_126_15/in_27[5] 	 (fanout : 1)
hpin:tr_soc_top_mx/u_ctrl/recip_lut_166_61_I5:mux_recip_lut_126_15/in_27[4] 	 (fanout : 1)
hpin:tr_soc_top_mx/u_ctrl/recip_lut_166_61_I5:mux_recip_lut_126_15/in_27[3] 	 (fanout : 1)
hpin:tr_soc_top_mx/u_ctrl/recip_lut_166_61_I5:mux_recip_lut_126_15/in_27[2] 	 (fanout : 1)
hpin:tr_soc_top_mx/u_ctrl/recip_lut_166_61_I5:mux_recip_lut_126_15/in_27[1] 	 (fanout : 1)
hpin:tr_soc_top_mx/u_ctrl/recip_lut_166_61_I5:mux_recip_lut_126_15/in_27[0] 	 (fanout : 1)
hpin:tr_soc_top_mx/u_ctrl/recip_lut_166_61_I5:mux_recip_lut_126_15/in_28[6] 	 (fanout : 1)
hpin:tr_soc_top_mx/u_ctrl/recip_lut_166_61_I5:mux_recip_lut_126_15/in_28[5] 	 (fanout : 1)
hpin:tr_soc_top_mx/u_ctrl/recip_lut_166_61_I5:mux_recip_lut_126_15/in_28[4] 	 (fanout : 1)
hpin:tr_soc_top_mx/u_ctrl/recip_lut_166_61_I5:mux_recip_lut_126_15/in_28[3] 	 (fanout : 1)
hpin:tr_soc_top_mx/u_ctrl/recip_lut_166_61_I5:mux_recip_lut_126_15/in_28[2] 	 (fanout : 1)
hpin:tr_soc_top_mx/u_ctrl/recip_lut_166_61_I5:mux_recip_lut_126_15/in_28[1] 	 (fanout : 1)
hpin:tr_soc_top_mx/u_ctrl/recip_lut_166_61_I5:mux_recip_lut_126_15/in_28[0] 	 (fanout : 1)
hpin:tr_soc_top_mx/u_ctrl/recip_lut_166_61_I5:mux_recip_lut_126_15/in_29[6] 	 (fanout : 1)
hpin:tr_soc_top_mx/u_ctrl/recip_lut_166_61_I5:mux_recip_lut_126_15/in_29[5] 	 (fanout : 1)
hpin:tr_soc_top_mx/u_ctrl/recip_lut_166_61_I5:mux_recip_lut_126_15/in_29[4] 	 (fanout : 1)
hpin:tr_soc_top_mx/u_ctrl/recip_lut_166_61_I5:mux_recip_lut_126_15/in_29[3] 	 (fanout : 1)
hpin:tr_soc_top_mx/u_ctrl/recip_lut_166_61_I5:mux_recip_lut_126_15/in_29[2] 	 (fanout : 1)
hpin:tr_soc_top_mx/u_ctrl/recip_lut_166_61_I5:mux_recip_lut_126_15/in_29[1] 	 (fanout : 1)
hpin:tr_soc_top_mx/u_ctrl/recip_lut_166_61_I5:mux_recip_lut_126_15/in_29[0] 	 (fanout : 1)
hpin:tr_soc_top_mx/u_ctrl/recip_lut_166_61_I5:mux_recip_lut_126_15/in_30[6] 	 (fanout : 1)
hpin:tr_soc_top_mx/u_ctrl/recip_lut_166_61_I5:mux_recip_lut_126_15/in_30[5] 	 (fanout : 1)
hpin:tr_soc_top_mx/u_ctrl/recip_lut_166_61_I5:mux_recip_lut_126_15/in_30[4] 	 (fanout : 1)
hpin:tr_soc_top_mx/u_ctrl/recip_lut_166_61_I5:mux_recip_lut_126_15/in_30[3] 	 (fanout : 1)
hpin:tr_soc_top_mx/u_ctrl/recip_lut_166_61_I5:mux_recip_lut_126_15/in_30[2] 	 (fanout : 1)
hpin:tr_soc_top_mx/u_ctrl/recip_lut_166_61_I5:mux_recip_lut_126_15/in_30[1] 	 (fanout : 1)
hpin:tr_soc_top_mx/u_ctrl/recip_lut_166_61_I5:mux_recip_lut_126_15/in_30[0] 	 (fanout : 1)
hpin:tr_soc_top_mx/u_ctrl/recip_lut_166_61_I5:mux_recip_lut_126_15/in_31[6] 	 (fanout : 1)
hpin:tr_soc_top_mx/u_ctrl/recip_lut_166_61_I5:mux_recip_lut_126_15/in_31[5] 	 (fanout : 1)
hpin:tr_soc_top_mx/u_ctrl/recip_lut_166_61_I5:mux_recip_lut_126_15/in_31[4] 	 (fanout : 1)
hpin:tr_soc_top_mx/u_ctrl/recip_lut_166_61_I5:mux_recip_lut_126_15/in_31[3] 	 (fanout : 1)
hpin:tr_soc_top_mx/u_ctrl/recip_lut_166_61_I5:mux_recip_lut_126_15/in_31[2] 	 (fanout : 1)
hpin:tr_soc_top_mx/u_ctrl/recip_lut_166_61_I5:mux_recip_lut_126_15/in_31[1] 	 (fanout : 1)
hpin:tr_soc_top_mx/u_ctrl/recip_lut_166_61_I5:mux_recip_lut_126_15/in_31[0] 	 (fanout : 1)
hpin:tr_soc_top_mx/u_ctrl/recip_lut_166_61_I6:mux_recip_lut_126_15/in_0[6] 	 (fanout : 1)
hpin:tr_soc_top_mx/u_ctrl/recip_lut_166_61_I6:mux_recip_lut_126_15/in_0[5] 	 (fanout : 1)
hpin:tr_soc_top_mx/u_ctrl/recip_lut_166_61_I6:mux_recip_lut_126_15/in_0[4] 	 (fanout : 1)
hpin:tr_soc_top_mx/u_ctrl/recip_lut_166_61_I6:mux_recip_lut_126_15/in_0[3] 	 (fanout : 1)
hpin:tr_soc_top_mx/u_ctrl/recip_lut_166_61_I6:mux_recip_lut_126_15/in_0[2] 	 (fanout : 1)
hpin:tr_soc_top_mx/u_ctrl/recip_lut_166_61_I6:mux_recip_lut_126_15/in_0[1] 	 (fanout : 1)
hpin:tr_soc_top_mx/u_ctrl/recip_lut_166_61_I6:mux_recip_lut_126_15/in_0[0] 	 (fanout : 1)
hpin:tr_soc_top_mx/u_ctrl/recip_lut_166_61_I6:mux_recip_lut_126_15/in_1[6] 	 (fanout : 1)
hpin:tr_soc_top_mx/u_ctrl/recip_lut_166_61_I6:mux_recip_lut_126_15/in_1[5] 	 (fanout : 1)
hpin:tr_soc_top_mx/u_ctrl/recip_lut_166_61_I6:mux_recip_lut_126_15/in_1[4] 	 (fanout : 1)
hpin:tr_soc_top_mx/u_ctrl/recip_lut_166_61_I6:mux_recip_lut_126_15/in_1[3] 	 (fanout : 1)
hpin:tr_soc_top_mx/u_ctrl/recip_lut_166_61_I6:mux_recip_lut_126_15/in_1[2] 	 (fanout : 1)
hpin:tr_soc_top_mx/u_ctrl/recip_lut_166_61_I6:mux_recip_lut_126_15/in_1[1] 	 (fanout : 1)
hpin:tr_soc_top_mx/u_ctrl/recip_lut_166_61_I6:mux_recip_lut_126_15/in_1[0] 	 (fanout : 1)
hpin:tr_soc_top_mx/u_ctrl/recip_lut_166_61_I6:mux_recip_lut_126_15/in_2[6] 	 (fanout : 1)
hpin:tr_soc_top_mx/u_ctrl/recip_lut_166_61_I6:mux_recip_lut_126_15/in_2[5] 	 (fanout : 1)
hpin:tr_soc_top_mx/u_ctrl/recip_lut_166_61_I6:mux_recip_lut_126_15/in_2[4] 	 (fanout : 1)
hpin:tr_soc_top_mx/u_ctrl/recip_lut_166_61_I6:mux_recip_lut_126_15/in_2[3] 	 (fanout : 1)
hpin:tr_soc_top_mx/u_ctrl/recip_lut_166_61_I6:mux_recip_lut_126_15/in_2[2] 	 (fanout : 1)
hpin:tr_soc_top_mx/u_ctrl/recip_lut_166_61_I6:mux_recip_lut_126_15/in_2[1] 	 (fanout : 1)
hpin:tr_soc_top_mx/u_ctrl/recip_lut_166_61_I6:mux_recip_lut_126_15/in_2[0] 	 (fanout : 1)
hpin:tr_soc_top_mx/u_ctrl/recip_lut_166_61_I6:mux_recip_lut_126_15/in_3[6] 	 (fanout : 1)
hpin:tr_soc_top_mx/u_ctrl/recip_lut_166_61_I6:mux_recip_lut_126_15/in_3[5] 	 (fanout : 1)
hpin:tr_soc_top_mx/u_ctrl/recip_lut_166_61_I6:mux_recip_lut_126_15/in_3[4] 	 (fanout : 1)
hpin:tr_soc_top_mx/u_ctrl/recip_lut_166_61_I6:mux_recip_lut_126_15/in_3[3] 	 (fanout : 1)
hpin:tr_soc_top_mx/u_ctrl/recip_lut_166_61_I6:mux_recip_lut_126_15/in_3[2] 	 (fanout : 1)
hpin:tr_soc_top_mx/u_ctrl/recip_lut_166_61_I6:mux_recip_lut_126_15/in_3[1] 	 (fanout : 1)
hpin:tr_soc_top_mx/u_ctrl/recip_lut_166_61_I6:mux_recip_lut_126_15/in_3[0] 	 (fanout : 1)
hpin:tr_soc_top_mx/u_ctrl/recip_lut_166_61_I6:mux_recip_lut_126_15/in_4[6] 	 (fanout : 1)
hpin:tr_soc_top_mx/u_ctrl/recip_lut_166_61_I6:mux_recip_lut_126_15/in_4[5] 	 (fanout : 1)
hpin:tr_soc_top_mx/u_ctrl/recip_lut_166_61_I6:mux_recip_lut_126_15/in_4[4] 	 (fanout : 1)
hpin:tr_soc_top_mx/u_ctrl/recip_lut_166_61_I6:mux_recip_lut_126_15/in_4[3] 	 (fanout : 1)
hpin:tr_soc_top_mx/u_ctrl/recip_lut_166_61_I6:mux_recip_lut_126_15/in_4[2] 	 (fanout : 1)
hpin:tr_soc_top_mx/u_ctrl/recip_lut_166_61_I6:mux_recip_lut_126_15/in_4[1] 	 (fanout : 1)
hpin:tr_soc_top_mx/u_ctrl/recip_lut_166_61_I6:mux_recip_lut_126_15/in_4[0] 	 (fanout : 1)
hpin:tr_soc_top_mx/u_ctrl/recip_lut_166_61_I6:mux_recip_lut_126_15/in_5[6] 	 (fanout : 1)
hpin:tr_soc_top_mx/u_ctrl/recip_lut_166_61_I6:mux_recip_lut_126_15/in_5[5] 	 (fanout : 1)
hpin:tr_soc_top_mx/u_ctrl/recip_lut_166_61_I6:mux_recip_lut_126_15/in_5[4] 	 (fanout : 1)
hpin:tr_soc_top_mx/u_ctrl/recip_lut_166_61_I6:mux_recip_lut_126_15/in_5[3] 	 (fanout : 1)
hpin:tr_soc_top_mx/u_ctrl/recip_lut_166_61_I6:mux_recip_lut_126_15/in_5[2] 	 (fanout : 1)
hpin:tr_soc_top_mx/u_ctrl/recip_lut_166_61_I6:mux_recip_lut_126_15/in_5[1] 	 (fanout : 1)
hpin:tr_soc_top_mx/u_ctrl/recip_lut_166_61_I6:mux_recip_lut_126_15/in_5[0] 	 (fanout : 1)
hpin:tr_soc_top_mx/u_ctrl/recip_lut_166_61_I6:mux_recip_lut_126_15/in_6[6] 	 (fanout : 1)
hpin:tr_soc_top_mx/u_ctrl/recip_lut_166_61_I6:mux_recip_lut_126_15/in_6[5] 	 (fanout : 1)
hpin:tr_soc_top_mx/u_ctrl/recip_lut_166_61_I6:mux_recip_lut_126_15/in_6[4] 	 (fanout : 1)
hpin:tr_soc_top_mx/u_ctrl/recip_lut_166_61_I6:mux_recip_lut_126_15/in_6[3] 	 (fanout : 1)
hpin:tr_soc_top_mx/u_ctrl/recip_lut_166_61_I6:mux_recip_lut_126_15/in_6[2] 	 (fanout : 1)
hpin:tr_soc_top_mx/u_ctrl/recip_lut_166_61_I6:mux_recip_lut_126_15/in_6[1] 	 (fanout : 1)
hpin:tr_soc_top_mx/u_ctrl/recip_lut_166_61_I6:mux_recip_lut_126_15/in_6[0] 	 (fanout : 1)
hpin:tr_soc_top_mx/u_ctrl/recip_lut_166_61_I6:mux_recip_lut_126_15/in_7[6] 	 (fanout : 1)
hpin:tr_soc_top_mx/u_ctrl/recip_lut_166_61_I6:mux_recip_lut_126_15/in_7[5] 	 (fanout : 1)
hpin:tr_soc_top_mx/u_ctrl/recip_lut_166_61_I6:mux_recip_lut_126_15/in_7[4] 	 (fanout : 1)
hpin:tr_soc_top_mx/u_ctrl/recip_lut_166_61_I6:mux_recip_lut_126_15/in_7[3] 	 (fanout : 1)
hpin:tr_soc_top_mx/u_ctrl/recip_lut_166_61_I6:mux_recip_lut_126_15/in_7[2] 	 (fanout : 1)
hpin:tr_soc_top_mx/u_ctrl/recip_lut_166_61_I6:mux_recip_lut_126_15/in_7[1] 	 (fanout : 1)
hpin:tr_soc_top_mx/u_ctrl/recip_lut_166_61_I6:mux_recip_lut_126_15/in_7[0] 	 (fanout : 1)
hpin:tr_soc_top_mx/u_ctrl/recip_lut_166_61_I6:mux_recip_lut_126_15/in_8[6] 	 (fanout : 1)
hpin:tr_soc_top_mx/u_ctrl/recip_lut_166_61_I6:mux_recip_lut_126_15/in_8[5] 	 (fanout : 1)
hpin:tr_soc_top_mx/u_ctrl/recip_lut_166_61_I6:mux_recip_lut_126_15/in_8[4] 	 (fanout : 1)
hpin:tr_soc_top_mx/u_ctrl/recip_lut_166_61_I6:mux_recip_lut_126_15/in_8[3] 	 (fanout : 1)
hpin:tr_soc_top_mx/u_ctrl/recip_lut_166_61_I6:mux_recip_lut_126_15/in_8[2] 	 (fanout : 1)
hpin:tr_soc_top_mx/u_ctrl/recip_lut_166_61_I6:mux_recip_lut_126_15/in_8[1] 	 (fanout : 1)
hpin:tr_soc_top_mx/u_ctrl/recip_lut_166_61_I6:mux_recip_lut_126_15/in_8[0] 	 (fanout : 1)
hpin:tr_soc_top_mx/u_ctrl/recip_lut_166_61_I6:mux_recip_lut_126_15/in_9[6] 	 (fanout : 1)
hpin:tr_soc_top_mx/u_ctrl/recip_lut_166_61_I6:mux_recip_lut_126_15/in_9[5] 	 (fanout : 1)
hpin:tr_soc_top_mx/u_ctrl/recip_lut_166_61_I6:mux_recip_lut_126_15/in_9[4] 	 (fanout : 1)
hpin:tr_soc_top_mx/u_ctrl/recip_lut_166_61_I6:mux_recip_lut_126_15/in_9[3] 	 (fanout : 1)
hpin:tr_soc_top_mx/u_ctrl/recip_lut_166_61_I6:mux_recip_lut_126_15/in_9[2] 	 (fanout : 1)
hpin:tr_soc_top_mx/u_ctrl/recip_lut_166_61_I6:mux_recip_lut_126_15/in_9[1] 	 (fanout : 1)
hpin:tr_soc_top_mx/u_ctrl/recip_lut_166_61_I6:mux_recip_lut_126_15/in_9[0] 	 (fanout : 1)
hpin:tr_soc_top_mx/u_ctrl/recip_lut_166_61_I6:mux_recip_lut_126_15/in_10[6] 	 (fanout : 1)
hpin:tr_soc_top_mx/u_ctrl/recip_lut_166_61_I6:mux_recip_lut_126_15/in_10[5] 	 (fanout : 1)
hpin:tr_soc_top_mx/u_ctrl/recip_lut_166_61_I6:mux_recip_lut_126_15/in_10[4] 	 (fanout : 1)
hpin:tr_soc_top_mx/u_ctrl/recip_lut_166_61_I6:mux_recip_lut_126_15/in_10[3] 	 (fanout : 1)
hpin:tr_soc_top_mx/u_ctrl/recip_lut_166_61_I6:mux_recip_lut_126_15/in_10[2] 	 (fanout : 1)
hpin:tr_soc_top_mx/u_ctrl/recip_lut_166_61_I6:mux_recip_lut_126_15/in_10[1] 	 (fanout : 1)
hpin:tr_soc_top_mx/u_ctrl/recip_lut_166_61_I6:mux_recip_lut_126_15/in_10[0] 	 (fanout : 1)
hpin:tr_soc_top_mx/u_ctrl/recip_lut_166_61_I6:mux_recip_lut_126_15/in_11[6] 	 (fanout : 1)
hpin:tr_soc_top_mx/u_ctrl/recip_lut_166_61_I6:mux_recip_lut_126_15/in_11[5] 	 (fanout : 1)
hpin:tr_soc_top_mx/u_ctrl/recip_lut_166_61_I6:mux_recip_lut_126_15/in_11[4] 	 (fanout : 1)
hpin:tr_soc_top_mx/u_ctrl/recip_lut_166_61_I6:mux_recip_lut_126_15/in_11[3] 	 (fanout : 1)
hpin:tr_soc_top_mx/u_ctrl/recip_lut_166_61_I6:mux_recip_lut_126_15/in_11[2] 	 (fanout : 1)
hpin:tr_soc_top_mx/u_ctrl/recip_lut_166_61_I6:mux_recip_lut_126_15/in_11[1] 	 (fanout : 1)
hpin:tr_soc_top_mx/u_ctrl/recip_lut_166_61_I6:mux_recip_lut_126_15/in_11[0] 	 (fanout : 1)
hpin:tr_soc_top_mx/u_ctrl/recip_lut_166_61_I6:mux_recip_lut_126_15/in_12[6] 	 (fanout : 1)
hpin:tr_soc_top_mx/u_ctrl/recip_lut_166_61_I6:mux_recip_lut_126_15/in_12[5] 	 (fanout : 1)
hpin:tr_soc_top_mx/u_ctrl/recip_lut_166_61_I6:mux_recip_lut_126_15/in_12[4] 	 (fanout : 1)
hpin:tr_soc_top_mx/u_ctrl/recip_lut_166_61_I6:mux_recip_lut_126_15/in_12[3] 	 (fanout : 1)
hpin:tr_soc_top_mx/u_ctrl/recip_lut_166_61_I6:mux_recip_lut_126_15/in_12[2] 	 (fanout : 1)
hpin:tr_soc_top_mx/u_ctrl/recip_lut_166_61_I6:mux_recip_lut_126_15/in_12[1] 	 (fanout : 1)
hpin:tr_soc_top_mx/u_ctrl/recip_lut_166_61_I6:mux_recip_lut_126_15/in_12[0] 	 (fanout : 1)
hpin:tr_soc_top_mx/u_ctrl/recip_lut_166_61_I6:mux_recip_lut_126_15/in_13[6] 	 (fanout : 1)
hpin:tr_soc_top_mx/u_ctrl/recip_lut_166_61_I6:mux_recip_lut_126_15/in_13[5] 	 (fanout : 1)
hpin:tr_soc_top_mx/u_ctrl/recip_lut_166_61_I6:mux_recip_lut_126_15/in_13[4] 	 (fanout : 1)
hpin:tr_soc_top_mx/u_ctrl/recip_lut_166_61_I6:mux_recip_lut_126_15/in_13[3] 	 (fanout : 1)
hpin:tr_soc_top_mx/u_ctrl/recip_lut_166_61_I6:mux_recip_lut_126_15/in_13[2] 	 (fanout : 1)
hpin:tr_soc_top_mx/u_ctrl/recip_lut_166_61_I6:mux_recip_lut_126_15/in_13[1] 	 (fanout : 1)
hpin:tr_soc_top_mx/u_ctrl/recip_lut_166_61_I6:mux_recip_lut_126_15/in_13[0] 	 (fanout : 1)
hpin:tr_soc_top_mx/u_ctrl/recip_lut_166_61_I6:mux_recip_lut_126_15/in_14[6] 	 (fanout : 1)
hpin:tr_soc_top_mx/u_ctrl/recip_lut_166_61_I6:mux_recip_lut_126_15/in_14[5] 	 (fanout : 1)
hpin:tr_soc_top_mx/u_ctrl/recip_lut_166_61_I6:mux_recip_lut_126_15/in_14[4] 	 (fanout : 1)
hpin:tr_soc_top_mx/u_ctrl/recip_lut_166_61_I6:mux_recip_lut_126_15/in_14[3] 	 (fanout : 1)
hpin:tr_soc_top_mx/u_ctrl/recip_lut_166_61_I6:mux_recip_lut_126_15/in_14[2] 	 (fanout : 1)
hpin:tr_soc_top_mx/u_ctrl/recip_lut_166_61_I6:mux_recip_lut_126_15/in_14[1] 	 (fanout : 1)
hpin:tr_soc_top_mx/u_ctrl/recip_lut_166_61_I6:mux_recip_lut_126_15/in_14[0] 	 (fanout : 1)
hpin:tr_soc_top_mx/u_ctrl/recip_lut_166_61_I6:mux_recip_lut_126_15/in_15[6] 	 (fanout : 1)
hpin:tr_soc_top_mx/u_ctrl/recip_lut_166_61_I6:mux_recip_lut_126_15/in_15[5] 	 (fanout : 1)
hpin:tr_soc_top_mx/u_ctrl/recip_lut_166_61_I6:mux_recip_lut_126_15/in_15[4] 	 (fanout : 1)
hpin:tr_soc_top_mx/u_ctrl/recip_lut_166_61_I6:mux_recip_lut_126_15/in_15[3] 	 (fanout : 1)
hpin:tr_soc_top_mx/u_ctrl/recip_lut_166_61_I6:mux_recip_lut_126_15/in_15[2] 	 (fanout : 1)
hpin:tr_soc_top_mx/u_ctrl/recip_lut_166_61_I6:mux_recip_lut_126_15/in_15[1] 	 (fanout : 1)
hpin:tr_soc_top_mx/u_ctrl/recip_lut_166_61_I6:mux_recip_lut_126_15/in_15[0] 	 (fanout : 1)
hpin:tr_soc_top_mx/u_ctrl/recip_lut_166_61_I6:mux_recip_lut_126_15/in_16[6] 	 (fanout : 1)
hpin:tr_soc_top_mx/u_ctrl/recip_lut_166_61_I6:mux_recip_lut_126_15/in_16[5] 	 (fanout : 1)
hpin:tr_soc_top_mx/u_ctrl/recip_lut_166_61_I6:mux_recip_lut_126_15/in_16[4] 	 (fanout : 1)
hpin:tr_soc_top_mx/u_ctrl/recip_lut_166_61_I6:mux_recip_lut_126_15/in_16[3] 	 (fanout : 1)
hpin:tr_soc_top_mx/u_ctrl/recip_lut_166_61_I6:mux_recip_lut_126_15/in_16[2] 	 (fanout : 1)
hpin:tr_soc_top_mx/u_ctrl/recip_lut_166_61_I6:mux_recip_lut_126_15/in_16[1] 	 (fanout : 1)
hpin:tr_soc_top_mx/u_ctrl/recip_lut_166_61_I6:mux_recip_lut_126_15/in_16[0] 	 (fanout : 1)
hpin:tr_soc_top_mx/u_ctrl/recip_lut_166_61_I6:mux_recip_lut_126_15/in_17[6] 	 (fanout : 1)
hpin:tr_soc_top_mx/u_ctrl/recip_lut_166_61_I6:mux_recip_lut_126_15/in_17[5] 	 (fanout : 1)
hpin:tr_soc_top_mx/u_ctrl/recip_lut_166_61_I6:mux_recip_lut_126_15/in_17[4] 	 (fanout : 1)
hpin:tr_soc_top_mx/u_ctrl/recip_lut_166_61_I6:mux_recip_lut_126_15/in_17[3] 	 (fanout : 1)
hpin:tr_soc_top_mx/u_ctrl/recip_lut_166_61_I6:mux_recip_lut_126_15/in_17[2] 	 (fanout : 1)
hpin:tr_soc_top_mx/u_ctrl/recip_lut_166_61_I6:mux_recip_lut_126_15/in_17[1] 	 (fanout : 1)
hpin:tr_soc_top_mx/u_ctrl/recip_lut_166_61_I6:mux_recip_lut_126_15/in_17[0] 	 (fanout : 1)
hpin:tr_soc_top_mx/u_ctrl/recip_lut_166_61_I6:mux_recip_lut_126_15/in_18[6] 	 (fanout : 1)
hpin:tr_soc_top_mx/u_ctrl/recip_lut_166_61_I6:mux_recip_lut_126_15/in_18[5] 	 (fanout : 1)
hpin:tr_soc_top_mx/u_ctrl/recip_lut_166_61_I6:mux_recip_lut_126_15/in_18[4] 	 (fanout : 1)
hpin:tr_soc_top_mx/u_ctrl/recip_lut_166_61_I6:mux_recip_lut_126_15/in_18[3] 	 (fanout : 1)
hpin:tr_soc_top_mx/u_ctrl/recip_lut_166_61_I6:mux_recip_lut_126_15/in_18[2] 	 (fanout : 1)
hpin:tr_soc_top_mx/u_ctrl/recip_lut_166_61_I6:mux_recip_lut_126_15/in_18[1] 	 (fanout : 1)
hpin:tr_soc_top_mx/u_ctrl/recip_lut_166_61_I6:mux_recip_lut_126_15/in_18[0] 	 (fanout : 1)
hpin:tr_soc_top_mx/u_ctrl/recip_lut_166_61_I6:mux_recip_lut_126_15/in_19[6] 	 (fanout : 1)
hpin:tr_soc_top_mx/u_ctrl/recip_lut_166_61_I6:mux_recip_lut_126_15/in_19[5] 	 (fanout : 1)
hpin:tr_soc_top_mx/u_ctrl/recip_lut_166_61_I6:mux_recip_lut_126_15/in_19[4] 	 (fanout : 1)
hpin:tr_soc_top_mx/u_ctrl/recip_lut_166_61_I6:mux_recip_lut_126_15/in_19[3] 	 (fanout : 1)
hpin:tr_soc_top_mx/u_ctrl/recip_lut_166_61_I6:mux_recip_lut_126_15/in_19[2] 	 (fanout : 1)
hpin:tr_soc_top_mx/u_ctrl/recip_lut_166_61_I6:mux_recip_lut_126_15/in_19[1] 	 (fanout : 1)
hpin:tr_soc_top_mx/u_ctrl/recip_lut_166_61_I6:mux_recip_lut_126_15/in_19[0] 	 (fanout : 1)
hpin:tr_soc_top_mx/u_ctrl/recip_lut_166_61_I6:mux_recip_lut_126_15/in_20[6] 	 (fanout : 1)
hpin:tr_soc_top_mx/u_ctrl/recip_lut_166_61_I6:mux_recip_lut_126_15/in_20[5] 	 (fanout : 1)
hpin:tr_soc_top_mx/u_ctrl/recip_lut_166_61_I6:mux_recip_lut_126_15/in_20[4] 	 (fanout : 1)
hpin:tr_soc_top_mx/u_ctrl/recip_lut_166_61_I6:mux_recip_lut_126_15/in_20[3] 	 (fanout : 1)
hpin:tr_soc_top_mx/u_ctrl/recip_lut_166_61_I6:mux_recip_lut_126_15/in_20[2] 	 (fanout : 1)
hpin:tr_soc_top_mx/u_ctrl/recip_lut_166_61_I6:mux_recip_lut_126_15/in_20[1] 	 (fanout : 1)
hpin:tr_soc_top_mx/u_ctrl/recip_lut_166_61_I6:mux_recip_lut_126_15/in_20[0] 	 (fanout : 1)
hpin:tr_soc_top_mx/u_ctrl/recip_lut_166_61_I6:mux_recip_lut_126_15/in_21[6] 	 (fanout : 1)
hpin:tr_soc_top_mx/u_ctrl/recip_lut_166_61_I6:mux_recip_lut_126_15/in_21[5] 	 (fanout : 1)
hpin:tr_soc_top_mx/u_ctrl/recip_lut_166_61_I6:mux_recip_lut_126_15/in_21[4] 	 (fanout : 1)
hpin:tr_soc_top_mx/u_ctrl/recip_lut_166_61_I6:mux_recip_lut_126_15/in_21[3] 	 (fanout : 1)
hpin:tr_soc_top_mx/u_ctrl/recip_lut_166_61_I6:mux_recip_lut_126_15/in_21[2] 	 (fanout : 1)
hpin:tr_soc_top_mx/u_ctrl/recip_lut_166_61_I6:mux_recip_lut_126_15/in_21[1] 	 (fanout : 1)
hpin:tr_soc_top_mx/u_ctrl/recip_lut_166_61_I6:mux_recip_lut_126_15/in_21[0] 	 (fanout : 1)
hpin:tr_soc_top_mx/u_ctrl/recip_lut_166_61_I6:mux_recip_lut_126_15/in_22[6] 	 (fanout : 1)
hpin:tr_soc_top_mx/u_ctrl/recip_lut_166_61_I6:mux_recip_lut_126_15/in_22[5] 	 (fanout : 1)
hpin:tr_soc_top_mx/u_ctrl/recip_lut_166_61_I6:mux_recip_lut_126_15/in_22[4] 	 (fanout : 1)
hpin:tr_soc_top_mx/u_ctrl/recip_lut_166_61_I6:mux_recip_lut_126_15/in_22[3] 	 (fanout : 1)
hpin:tr_soc_top_mx/u_ctrl/recip_lut_166_61_I6:mux_recip_lut_126_15/in_22[2] 	 (fanout : 1)
hpin:tr_soc_top_mx/u_ctrl/recip_lut_166_61_I6:mux_recip_lut_126_15/in_22[1] 	 (fanout : 1)
hpin:tr_soc_top_mx/u_ctrl/recip_lut_166_61_I6:mux_recip_lut_126_15/in_22[0] 	 (fanout : 1)
hpin:tr_soc_top_mx/u_ctrl/recip_lut_166_61_I6:mux_recip_lut_126_15/in_23[6] 	 (fanout : 1)
hpin:tr_soc_top_mx/u_ctrl/recip_lut_166_61_I6:mux_recip_lut_126_15/in_23[5] 	 (fanout : 1)
hpin:tr_soc_top_mx/u_ctrl/recip_lut_166_61_I6:mux_recip_lut_126_15/in_23[4] 	 (fanout : 1)
hpin:tr_soc_top_mx/u_ctrl/recip_lut_166_61_I6:mux_recip_lut_126_15/in_23[3] 	 (fanout : 1)
hpin:tr_soc_top_mx/u_ctrl/recip_lut_166_61_I6:mux_recip_lut_126_15/in_23[2] 	 (fanout : 1)
hpin:tr_soc_top_mx/u_ctrl/recip_lut_166_61_I6:mux_recip_lut_126_15/in_23[1] 	 (fanout : 1)
hpin:tr_soc_top_mx/u_ctrl/recip_lut_166_61_I6:mux_recip_lut_126_15/in_23[0] 	 (fanout : 1)
hpin:tr_soc_top_mx/u_ctrl/recip_lut_166_61_I6:mux_recip_lut_126_15/in_24[6] 	 (fanout : 1)
hpin:tr_soc_top_mx/u_ctrl/recip_lut_166_61_I6:mux_recip_lut_126_15/in_24[5] 	 (fanout : 1)
hpin:tr_soc_top_mx/u_ctrl/recip_lut_166_61_I6:mux_recip_lut_126_15/in_24[4] 	 (fanout : 1)
hpin:tr_soc_top_mx/u_ctrl/recip_lut_166_61_I6:mux_recip_lut_126_15/in_24[3] 	 (fanout : 1)
hpin:tr_soc_top_mx/u_ctrl/recip_lut_166_61_I6:mux_recip_lut_126_15/in_24[2] 	 (fanout : 1)
hpin:tr_soc_top_mx/u_ctrl/recip_lut_166_61_I6:mux_recip_lut_126_15/in_24[1] 	 (fanout : 1)
hpin:tr_soc_top_mx/u_ctrl/recip_lut_166_61_I6:mux_recip_lut_126_15/in_24[0] 	 (fanout : 1)
hpin:tr_soc_top_mx/u_ctrl/recip_lut_166_61_I6:mux_recip_lut_126_15/in_25[6] 	 (fanout : 1)
hpin:tr_soc_top_mx/u_ctrl/recip_lut_166_61_I6:mux_recip_lut_126_15/in_25[5] 	 (fanout : 1)
hpin:tr_soc_top_mx/u_ctrl/recip_lut_166_61_I6:mux_recip_lut_126_15/in_25[4] 	 (fanout : 1)
hpin:tr_soc_top_mx/u_ctrl/recip_lut_166_61_I6:mux_recip_lut_126_15/in_25[3] 	 (fanout : 1)
hpin:tr_soc_top_mx/u_ctrl/recip_lut_166_61_I6:mux_recip_lut_126_15/in_25[2] 	 (fanout : 1)
hpin:tr_soc_top_mx/u_ctrl/recip_lut_166_61_I6:mux_recip_lut_126_15/in_25[1] 	 (fanout : 1)
hpin:tr_soc_top_mx/u_ctrl/recip_lut_166_61_I6:mux_recip_lut_126_15/in_25[0] 	 (fanout : 1)
hpin:tr_soc_top_mx/u_ctrl/recip_lut_166_61_I6:mux_recip_lut_126_15/in_26[6] 	 (fanout : 1)
hpin:tr_soc_top_mx/u_ctrl/recip_lut_166_61_I6:mux_recip_lut_126_15/in_26[5] 	 (fanout : 1)
hpin:tr_soc_top_mx/u_ctrl/recip_lut_166_61_I6:mux_recip_lut_126_15/in_26[4] 	 (fanout : 1)
hpin:tr_soc_top_mx/u_ctrl/recip_lut_166_61_I6:mux_recip_lut_126_15/in_26[3] 	 (fanout : 1)
hpin:tr_soc_top_mx/u_ctrl/recip_lut_166_61_I6:mux_recip_lut_126_15/in_26[2] 	 (fanout : 1)
hpin:tr_soc_top_mx/u_ctrl/recip_lut_166_61_I6:mux_recip_lut_126_15/in_26[1] 	 (fanout : 1)
hpin:tr_soc_top_mx/u_ctrl/recip_lut_166_61_I6:mux_recip_lut_126_15/in_26[0] 	 (fanout : 1)
hpin:tr_soc_top_mx/u_ctrl/recip_lut_166_61_I6:mux_recip_lut_126_15/in_27[6] 	 (fanout : 1)
hpin:tr_soc_top_mx/u_ctrl/recip_lut_166_61_I6:mux_recip_lut_126_15/in_27[5] 	 (fanout : 1)
hpin:tr_soc_top_mx/u_ctrl/recip_lut_166_61_I6:mux_recip_lut_126_15/in_27[4] 	 (fanout : 1)
hpin:tr_soc_top_mx/u_ctrl/recip_lut_166_61_I6:mux_recip_lut_126_15/in_27[3] 	 (fanout : 1)
hpin:tr_soc_top_mx/u_ctrl/recip_lut_166_61_I6:mux_recip_lut_126_15/in_27[2] 	 (fanout : 1)
hpin:tr_soc_top_mx/u_ctrl/recip_lut_166_61_I6:mux_recip_lut_126_15/in_27[1] 	 (fanout : 1)
hpin:tr_soc_top_mx/u_ctrl/recip_lut_166_61_I6:mux_recip_lut_126_15/in_27[0] 	 (fanout : 1)
hpin:tr_soc_top_mx/u_ctrl/recip_lut_166_61_I6:mux_recip_lut_126_15/in_28[6] 	 (fanout : 1)
hpin:tr_soc_top_mx/u_ctrl/recip_lut_166_61_I6:mux_recip_lut_126_15/in_28[5] 	 (fanout : 1)
hpin:tr_soc_top_mx/u_ctrl/recip_lut_166_61_I6:mux_recip_lut_126_15/in_28[4] 	 (fanout : 1)
hpin:tr_soc_top_mx/u_ctrl/recip_lut_166_61_I6:mux_recip_lut_126_15/in_28[3] 	 (fanout : 1)
hpin:tr_soc_top_mx/u_ctrl/recip_lut_166_61_I6:mux_recip_lut_126_15/in_28[2] 	 (fanout : 1)
hpin:tr_soc_top_mx/u_ctrl/recip_lut_166_61_I6:mux_recip_lut_126_15/in_28[1] 	 (fanout : 1)
hpin:tr_soc_top_mx/u_ctrl/recip_lut_166_61_I6:mux_recip_lut_126_15/in_28[0] 	 (fanout : 1)
hpin:tr_soc_top_mx/u_ctrl/recip_lut_166_61_I6:mux_recip_lut_126_15/in_29[6] 	 (fanout : 1)
hpin:tr_soc_top_mx/u_ctrl/recip_lut_166_61_I6:mux_recip_lut_126_15/in_29[5] 	 (fanout : 1)
hpin:tr_soc_top_mx/u_ctrl/recip_lut_166_61_I6:mux_recip_lut_126_15/in_29[4] 	 (fanout : 1)
hpin:tr_soc_top_mx/u_ctrl/recip_lut_166_61_I6:mux_recip_lut_126_15/in_29[3] 	 (fanout : 1)
hpin:tr_soc_top_mx/u_ctrl/recip_lut_166_61_I6:mux_recip_lut_126_15/in_29[2] 	 (fanout : 1)
hpin:tr_soc_top_mx/u_ctrl/recip_lut_166_61_I6:mux_recip_lut_126_15/in_29[1] 	 (fanout : 1)
hpin:tr_soc_top_mx/u_ctrl/recip_lut_166_61_I6:mux_recip_lut_126_15/in_29[0] 	 (fanout : 1)
hpin:tr_soc_top_mx/u_ctrl/recip_lut_166_61_I6:mux_recip_lut_126_15/in_30[6] 	 (fanout : 1)
hpin:tr_soc_top_mx/u_ctrl/recip_lut_166_61_I6:mux_recip_lut_126_15/in_30[5] 	 (fanout : 1)
hpin:tr_soc_top_mx/u_ctrl/recip_lut_166_61_I6:mux_recip_lut_126_15/in_30[4] 	 (fanout : 1)
hpin:tr_soc_top_mx/u_ctrl/recip_lut_166_61_I6:mux_recip_lut_126_15/in_30[3] 	 (fanout : 1)
hpin:tr_soc_top_mx/u_ctrl/recip_lut_166_61_I6:mux_recip_lut_126_15/in_30[2] 	 (fanout : 1)
hpin:tr_soc_top_mx/u_ctrl/recip_lut_166_61_I6:mux_recip_lut_126_15/in_30[1] 	 (fanout : 1)
hpin:tr_soc_top_mx/u_ctrl/recip_lut_166_61_I6:mux_recip_lut_126_15/in_30[0] 	 (fanout : 1)
hpin:tr_soc_top_mx/u_ctrl/recip_lut_166_61_I6:mux_recip_lut_126_15/in_31[6] 	 (fanout : 1)
hpin:tr_soc_top_mx/u_ctrl/recip_lut_166_61_I6:mux_recip_lut_126_15/in_31[5] 	 (fanout : 1)
hpin:tr_soc_top_mx/u_ctrl/recip_lut_166_61_I6:mux_recip_lut_126_15/in_31[4] 	 (fanout : 1)
hpin:tr_soc_top_mx/u_ctrl/recip_lut_166_61_I6:mux_recip_lut_126_15/in_31[3] 	 (fanout : 1)
hpin:tr_soc_top_mx/u_ctrl/recip_lut_166_61_I6:mux_recip_lut_126_15/in_31[2] 	 (fanout : 1)
hpin:tr_soc_top_mx/u_ctrl/recip_lut_166_61_I6:mux_recip_lut_126_15/in_31[1] 	 (fanout : 1)
hpin:tr_soc_top_mx/u_ctrl/recip_lut_166_61_I6:mux_recip_lut_126_15/in_31[0] 	 (fanout : 1)
hpin:tr_soc_top_mx/u_ctrl/recip_lut_166_61_I7:mux_recip_lut_126_15/in_0[6] 	 (fanout : 1)
hpin:tr_soc_top_mx/u_ctrl/recip_lut_166_61_I7:mux_recip_lut_126_15/in_0[5] 	 (fanout : 1)
hpin:tr_soc_top_mx/u_ctrl/recip_lut_166_61_I7:mux_recip_lut_126_15/in_0[4] 	 (fanout : 1)
hpin:tr_soc_top_mx/u_ctrl/recip_lut_166_61_I7:mux_recip_lut_126_15/in_0[3] 	 (fanout : 1)
hpin:tr_soc_top_mx/u_ctrl/recip_lut_166_61_I7:mux_recip_lut_126_15/in_0[2] 	 (fanout : 1)
hpin:tr_soc_top_mx/u_ctrl/recip_lut_166_61_I7:mux_recip_lut_126_15/in_0[1] 	 (fanout : 1)
hpin:tr_soc_top_mx/u_ctrl/recip_lut_166_61_I7:mux_recip_lut_126_15/in_0[0] 	 (fanout : 1)
hpin:tr_soc_top_mx/u_ctrl/recip_lut_166_61_I7:mux_recip_lut_126_15/in_1[6] 	 (fanout : 1)
hpin:tr_soc_top_mx/u_ctrl/recip_lut_166_61_I7:mux_recip_lut_126_15/in_1[5] 	 (fanout : 1)
hpin:tr_soc_top_mx/u_ctrl/recip_lut_166_61_I7:mux_recip_lut_126_15/in_1[4] 	 (fanout : 1)
hpin:tr_soc_top_mx/u_ctrl/recip_lut_166_61_I7:mux_recip_lut_126_15/in_1[3] 	 (fanout : 1)
hpin:tr_soc_top_mx/u_ctrl/recip_lut_166_61_I7:mux_recip_lut_126_15/in_1[2] 	 (fanout : 1)
hpin:tr_soc_top_mx/u_ctrl/recip_lut_166_61_I7:mux_recip_lut_126_15/in_1[1] 	 (fanout : 1)
hpin:tr_soc_top_mx/u_ctrl/recip_lut_166_61_I7:mux_recip_lut_126_15/in_1[0] 	 (fanout : 1)
hpin:tr_soc_top_mx/u_ctrl/recip_lut_166_61_I7:mux_recip_lut_126_15/in_2[6] 	 (fanout : 1)
hpin:tr_soc_top_mx/u_ctrl/recip_lut_166_61_I7:mux_recip_lut_126_15/in_2[5] 	 (fanout : 1)
hpin:tr_soc_top_mx/u_ctrl/recip_lut_166_61_I7:mux_recip_lut_126_15/in_2[4] 	 (fanout : 1)
hpin:tr_soc_top_mx/u_ctrl/recip_lut_166_61_I7:mux_recip_lut_126_15/in_2[3] 	 (fanout : 1)
hpin:tr_soc_top_mx/u_ctrl/recip_lut_166_61_I7:mux_recip_lut_126_15/in_2[2] 	 (fanout : 1)
hpin:tr_soc_top_mx/u_ctrl/recip_lut_166_61_I7:mux_recip_lut_126_15/in_2[1] 	 (fanout : 1)
hpin:tr_soc_top_mx/u_ctrl/recip_lut_166_61_I7:mux_recip_lut_126_15/in_2[0] 	 (fanout : 1)
hpin:tr_soc_top_mx/u_ctrl/recip_lut_166_61_I7:mux_recip_lut_126_15/in_3[6] 	 (fanout : 1)
hpin:tr_soc_top_mx/u_ctrl/recip_lut_166_61_I7:mux_recip_lut_126_15/in_3[5] 	 (fanout : 1)
hpin:tr_soc_top_mx/u_ctrl/recip_lut_166_61_I7:mux_recip_lut_126_15/in_3[4] 	 (fanout : 1)
hpin:tr_soc_top_mx/u_ctrl/recip_lut_166_61_I7:mux_recip_lut_126_15/in_3[3] 	 (fanout : 1)
hpin:tr_soc_top_mx/u_ctrl/recip_lut_166_61_I7:mux_recip_lut_126_15/in_3[2] 	 (fanout : 1)
hpin:tr_soc_top_mx/u_ctrl/recip_lut_166_61_I7:mux_recip_lut_126_15/in_3[1] 	 (fanout : 1)
hpin:tr_soc_top_mx/u_ctrl/recip_lut_166_61_I7:mux_recip_lut_126_15/in_3[0] 	 (fanout : 1)
hpin:tr_soc_top_mx/u_ctrl/recip_lut_166_61_I7:mux_recip_lut_126_15/in_4[6] 	 (fanout : 1)
hpin:tr_soc_top_mx/u_ctrl/recip_lut_166_61_I7:mux_recip_lut_126_15/in_4[5] 	 (fanout : 1)
hpin:tr_soc_top_mx/u_ctrl/recip_lut_166_61_I7:mux_recip_lut_126_15/in_4[4] 	 (fanout : 1)
hpin:tr_soc_top_mx/u_ctrl/recip_lut_166_61_I7:mux_recip_lut_126_15/in_4[3] 	 (fanout : 1)
hpin:tr_soc_top_mx/u_ctrl/recip_lut_166_61_I7:mux_recip_lut_126_15/in_4[2] 	 (fanout : 1)
hpin:tr_soc_top_mx/u_ctrl/recip_lut_166_61_I7:mux_recip_lut_126_15/in_4[1] 	 (fanout : 1)
hpin:tr_soc_top_mx/u_ctrl/recip_lut_166_61_I7:mux_recip_lut_126_15/in_4[0] 	 (fanout : 1)
hpin:tr_soc_top_mx/u_ctrl/recip_lut_166_61_I7:mux_recip_lut_126_15/in_5[6] 	 (fanout : 1)
hpin:tr_soc_top_mx/u_ctrl/recip_lut_166_61_I7:mux_recip_lut_126_15/in_5[5] 	 (fanout : 1)
hpin:tr_soc_top_mx/u_ctrl/recip_lut_166_61_I7:mux_recip_lut_126_15/in_5[4] 	 (fanout : 1)
hpin:tr_soc_top_mx/u_ctrl/recip_lut_166_61_I7:mux_recip_lut_126_15/in_5[3] 	 (fanout : 1)
hpin:tr_soc_top_mx/u_ctrl/recip_lut_166_61_I7:mux_recip_lut_126_15/in_5[2] 	 (fanout : 1)
hpin:tr_soc_top_mx/u_ctrl/recip_lut_166_61_I7:mux_recip_lut_126_15/in_5[1] 	 (fanout : 1)
hpin:tr_soc_top_mx/u_ctrl/recip_lut_166_61_I7:mux_recip_lut_126_15/in_5[0] 	 (fanout : 1)
hpin:tr_soc_top_mx/u_ctrl/recip_lut_166_61_I7:mux_recip_lut_126_15/in_6[6] 	 (fanout : 1)
hpin:tr_soc_top_mx/u_ctrl/recip_lut_166_61_I7:mux_recip_lut_126_15/in_6[5] 	 (fanout : 1)
hpin:tr_soc_top_mx/u_ctrl/recip_lut_166_61_I7:mux_recip_lut_126_15/in_6[4] 	 (fanout : 1)
hpin:tr_soc_top_mx/u_ctrl/recip_lut_166_61_I7:mux_recip_lut_126_15/in_6[3] 	 (fanout : 1)
hpin:tr_soc_top_mx/u_ctrl/recip_lut_166_61_I7:mux_recip_lut_126_15/in_6[2] 	 (fanout : 1)
hpin:tr_soc_top_mx/u_ctrl/recip_lut_166_61_I7:mux_recip_lut_126_15/in_6[1] 	 (fanout : 1)
hpin:tr_soc_top_mx/u_ctrl/recip_lut_166_61_I7:mux_recip_lut_126_15/in_6[0] 	 (fanout : 1)
hpin:tr_soc_top_mx/u_ctrl/recip_lut_166_61_I7:mux_recip_lut_126_15/in_7[6] 	 (fanout : 1)
hpin:tr_soc_top_mx/u_ctrl/recip_lut_166_61_I7:mux_recip_lut_126_15/in_7[5] 	 (fanout : 1)
hpin:tr_soc_top_mx/u_ctrl/recip_lut_166_61_I7:mux_recip_lut_126_15/in_7[4] 	 (fanout : 1)
hpin:tr_soc_top_mx/u_ctrl/recip_lut_166_61_I7:mux_recip_lut_126_15/in_7[3] 	 (fanout : 1)
hpin:tr_soc_top_mx/u_ctrl/recip_lut_166_61_I7:mux_recip_lut_126_15/in_7[2] 	 (fanout : 1)
hpin:tr_soc_top_mx/u_ctrl/recip_lut_166_61_I7:mux_recip_lut_126_15/in_7[1] 	 (fanout : 1)
hpin:tr_soc_top_mx/u_ctrl/recip_lut_166_61_I7:mux_recip_lut_126_15/in_7[0] 	 (fanout : 1)
hpin:tr_soc_top_mx/u_ctrl/recip_lut_166_61_I7:mux_recip_lut_126_15/in_8[6] 	 (fanout : 1)
hpin:tr_soc_top_mx/u_ctrl/recip_lut_166_61_I7:mux_recip_lut_126_15/in_8[5] 	 (fanout : 1)
hpin:tr_soc_top_mx/u_ctrl/recip_lut_166_61_I7:mux_recip_lut_126_15/in_8[4] 	 (fanout : 1)
hpin:tr_soc_top_mx/u_ctrl/recip_lut_166_61_I7:mux_recip_lut_126_15/in_8[3] 	 (fanout : 1)
hpin:tr_soc_top_mx/u_ctrl/recip_lut_166_61_I7:mux_recip_lut_126_15/in_8[2] 	 (fanout : 1)
hpin:tr_soc_top_mx/u_ctrl/recip_lut_166_61_I7:mux_recip_lut_126_15/in_8[1] 	 (fanout : 1)
hpin:tr_soc_top_mx/u_ctrl/recip_lut_166_61_I7:mux_recip_lut_126_15/in_8[0] 	 (fanout : 1)
hpin:tr_soc_top_mx/u_ctrl/recip_lut_166_61_I7:mux_recip_lut_126_15/in_9[6] 	 (fanout : 1)
hpin:tr_soc_top_mx/u_ctrl/recip_lut_166_61_I7:mux_recip_lut_126_15/in_9[5] 	 (fanout : 1)
hpin:tr_soc_top_mx/u_ctrl/recip_lut_166_61_I7:mux_recip_lut_126_15/in_9[4] 	 (fanout : 1)
hpin:tr_soc_top_mx/u_ctrl/recip_lut_166_61_I7:mux_recip_lut_126_15/in_9[3] 	 (fanout : 1)
hpin:tr_soc_top_mx/u_ctrl/recip_lut_166_61_I7:mux_recip_lut_126_15/in_9[2] 	 (fanout : 1)
hpin:tr_soc_top_mx/u_ctrl/recip_lut_166_61_I7:mux_recip_lut_126_15/in_9[1] 	 (fanout : 1)
hpin:tr_soc_top_mx/u_ctrl/recip_lut_166_61_I7:mux_recip_lut_126_15/in_9[0] 	 (fanout : 1)
hpin:tr_soc_top_mx/u_ctrl/recip_lut_166_61_I7:mux_recip_lut_126_15/in_10[6] 	 (fanout : 1)
hpin:tr_soc_top_mx/u_ctrl/recip_lut_166_61_I7:mux_recip_lut_126_15/in_10[5] 	 (fanout : 1)
hpin:tr_soc_top_mx/u_ctrl/recip_lut_166_61_I7:mux_recip_lut_126_15/in_10[4] 	 (fanout : 1)
hpin:tr_soc_top_mx/u_ctrl/recip_lut_166_61_I7:mux_recip_lut_126_15/in_10[3] 	 (fanout : 1)
hpin:tr_soc_top_mx/u_ctrl/recip_lut_166_61_I7:mux_recip_lut_126_15/in_10[2] 	 (fanout : 1)
hpin:tr_soc_top_mx/u_ctrl/recip_lut_166_61_I7:mux_recip_lut_126_15/in_10[1] 	 (fanout : 1)
hpin:tr_soc_top_mx/u_ctrl/recip_lut_166_61_I7:mux_recip_lut_126_15/in_10[0] 	 (fanout : 1)
hpin:tr_soc_top_mx/u_ctrl/recip_lut_166_61_I7:mux_recip_lut_126_15/in_11[6] 	 (fanout : 1)
hpin:tr_soc_top_mx/u_ctrl/recip_lut_166_61_I7:mux_recip_lut_126_15/in_11[5] 	 (fanout : 1)
hpin:tr_soc_top_mx/u_ctrl/recip_lut_166_61_I7:mux_recip_lut_126_15/in_11[4] 	 (fanout : 1)
hpin:tr_soc_top_mx/u_ctrl/recip_lut_166_61_I7:mux_recip_lut_126_15/in_11[3] 	 (fanout : 1)
hpin:tr_soc_top_mx/u_ctrl/recip_lut_166_61_I7:mux_recip_lut_126_15/in_11[2] 	 (fanout : 1)
hpin:tr_soc_top_mx/u_ctrl/recip_lut_166_61_I7:mux_recip_lut_126_15/in_11[1] 	 (fanout : 1)
hpin:tr_soc_top_mx/u_ctrl/recip_lut_166_61_I7:mux_recip_lut_126_15/in_11[0] 	 (fanout : 1)
hpin:tr_soc_top_mx/u_ctrl/recip_lut_166_61_I7:mux_recip_lut_126_15/in_12[6] 	 (fanout : 1)
hpin:tr_soc_top_mx/u_ctrl/recip_lut_166_61_I7:mux_recip_lut_126_15/in_12[5] 	 (fanout : 1)
hpin:tr_soc_top_mx/u_ctrl/recip_lut_166_61_I7:mux_recip_lut_126_15/in_12[4] 	 (fanout : 1)
hpin:tr_soc_top_mx/u_ctrl/recip_lut_166_61_I7:mux_recip_lut_126_15/in_12[3] 	 (fanout : 1)
hpin:tr_soc_top_mx/u_ctrl/recip_lut_166_61_I7:mux_recip_lut_126_15/in_12[2] 	 (fanout : 1)
hpin:tr_soc_top_mx/u_ctrl/recip_lut_166_61_I7:mux_recip_lut_126_15/in_12[1] 	 (fanout : 1)
hpin:tr_soc_top_mx/u_ctrl/recip_lut_166_61_I7:mux_recip_lut_126_15/in_12[0] 	 (fanout : 1)
hpin:tr_soc_top_mx/u_ctrl/recip_lut_166_61_I7:mux_recip_lut_126_15/in_13[6] 	 (fanout : 1)
hpin:tr_soc_top_mx/u_ctrl/recip_lut_166_61_I7:mux_recip_lut_126_15/in_13[5] 	 (fanout : 1)
hpin:tr_soc_top_mx/u_ctrl/recip_lut_166_61_I7:mux_recip_lut_126_15/in_13[4] 	 (fanout : 1)
hpin:tr_soc_top_mx/u_ctrl/recip_lut_166_61_I7:mux_recip_lut_126_15/in_13[3] 	 (fanout : 1)
hpin:tr_soc_top_mx/u_ctrl/recip_lut_166_61_I7:mux_recip_lut_126_15/in_13[2] 	 (fanout : 1)
hpin:tr_soc_top_mx/u_ctrl/recip_lut_166_61_I7:mux_recip_lut_126_15/in_13[1] 	 (fanout : 1)
hpin:tr_soc_top_mx/u_ctrl/recip_lut_166_61_I7:mux_recip_lut_126_15/in_13[0] 	 (fanout : 1)
hpin:tr_soc_top_mx/u_ctrl/recip_lut_166_61_I7:mux_recip_lut_126_15/in_14[6] 	 (fanout : 1)
hpin:tr_soc_top_mx/u_ctrl/recip_lut_166_61_I7:mux_recip_lut_126_15/in_14[5] 	 (fanout : 1)
hpin:tr_soc_top_mx/u_ctrl/recip_lut_166_61_I7:mux_recip_lut_126_15/in_14[4] 	 (fanout : 1)
hpin:tr_soc_top_mx/u_ctrl/recip_lut_166_61_I7:mux_recip_lut_126_15/in_14[3] 	 (fanout : 1)
hpin:tr_soc_top_mx/u_ctrl/recip_lut_166_61_I7:mux_recip_lut_126_15/in_14[2] 	 (fanout : 1)
hpin:tr_soc_top_mx/u_ctrl/recip_lut_166_61_I7:mux_recip_lut_126_15/in_14[1] 	 (fanout : 1)
hpin:tr_soc_top_mx/u_ctrl/recip_lut_166_61_I7:mux_recip_lut_126_15/in_14[0] 	 (fanout : 1)
hpin:tr_soc_top_mx/u_ctrl/recip_lut_166_61_I7:mux_recip_lut_126_15/in_15[6] 	 (fanout : 1)
hpin:tr_soc_top_mx/u_ctrl/recip_lut_166_61_I7:mux_recip_lut_126_15/in_15[5] 	 (fanout : 1)
hpin:tr_soc_top_mx/u_ctrl/recip_lut_166_61_I7:mux_recip_lut_126_15/in_15[4] 	 (fanout : 1)
hpin:tr_soc_top_mx/u_ctrl/recip_lut_166_61_I7:mux_recip_lut_126_15/in_15[3] 	 (fanout : 1)
hpin:tr_soc_top_mx/u_ctrl/recip_lut_166_61_I7:mux_recip_lut_126_15/in_15[2] 	 (fanout : 1)
hpin:tr_soc_top_mx/u_ctrl/recip_lut_166_61_I7:mux_recip_lut_126_15/in_15[1] 	 (fanout : 1)
hpin:tr_soc_top_mx/u_ctrl/recip_lut_166_61_I7:mux_recip_lut_126_15/in_15[0] 	 (fanout : 1)
hpin:tr_soc_top_mx/u_ctrl/recip_lut_166_61_I7:mux_recip_lut_126_15/in_16[6] 	 (fanout : 1)
hpin:tr_soc_top_mx/u_ctrl/recip_lut_166_61_I7:mux_recip_lut_126_15/in_16[5] 	 (fanout : 1)
hpin:tr_soc_top_mx/u_ctrl/recip_lut_166_61_I7:mux_recip_lut_126_15/in_16[4] 	 (fanout : 1)
hpin:tr_soc_top_mx/u_ctrl/recip_lut_166_61_I7:mux_recip_lut_126_15/in_16[3] 	 (fanout : 1)
hpin:tr_soc_top_mx/u_ctrl/recip_lut_166_61_I7:mux_recip_lut_126_15/in_16[2] 	 (fanout : 1)
hpin:tr_soc_top_mx/u_ctrl/recip_lut_166_61_I7:mux_recip_lut_126_15/in_16[1] 	 (fanout : 1)
hpin:tr_soc_top_mx/u_ctrl/recip_lut_166_61_I7:mux_recip_lut_126_15/in_16[0] 	 (fanout : 1)
hpin:tr_soc_top_mx/u_ctrl/recip_lut_166_61_I7:mux_recip_lut_126_15/in_17[6] 	 (fanout : 1)
hpin:tr_soc_top_mx/u_ctrl/recip_lut_166_61_I7:mux_recip_lut_126_15/in_17[5] 	 (fanout : 1)
hpin:tr_soc_top_mx/u_ctrl/recip_lut_166_61_I7:mux_recip_lut_126_15/in_17[4] 	 (fanout : 1)
hpin:tr_soc_top_mx/u_ctrl/recip_lut_166_61_I7:mux_recip_lut_126_15/in_17[3] 	 (fanout : 1)
hpin:tr_soc_top_mx/u_ctrl/recip_lut_166_61_I7:mux_recip_lut_126_15/in_17[2] 	 (fanout : 1)
hpin:tr_soc_top_mx/u_ctrl/recip_lut_166_61_I7:mux_recip_lut_126_15/in_17[1] 	 (fanout : 1)
hpin:tr_soc_top_mx/u_ctrl/recip_lut_166_61_I7:mux_recip_lut_126_15/in_17[0] 	 (fanout : 1)
hpin:tr_soc_top_mx/u_ctrl/recip_lut_166_61_I7:mux_recip_lut_126_15/in_18[6] 	 (fanout : 1)
hpin:tr_soc_top_mx/u_ctrl/recip_lut_166_61_I7:mux_recip_lut_126_15/in_18[5] 	 (fanout : 1)
hpin:tr_soc_top_mx/u_ctrl/recip_lut_166_61_I7:mux_recip_lut_126_15/in_18[4] 	 (fanout : 1)
hpin:tr_soc_top_mx/u_ctrl/recip_lut_166_61_I7:mux_recip_lut_126_15/in_18[3] 	 (fanout : 1)
hpin:tr_soc_top_mx/u_ctrl/recip_lut_166_61_I7:mux_recip_lut_126_15/in_18[2] 	 (fanout : 1)
hpin:tr_soc_top_mx/u_ctrl/recip_lut_166_61_I7:mux_recip_lut_126_15/in_18[1] 	 (fanout : 1)
hpin:tr_soc_top_mx/u_ctrl/recip_lut_166_61_I7:mux_recip_lut_126_15/in_18[0] 	 (fanout : 1)
hpin:tr_soc_top_mx/u_ctrl/recip_lut_166_61_I7:mux_recip_lut_126_15/in_19[6] 	 (fanout : 1)
hpin:tr_soc_top_mx/u_ctrl/recip_lut_166_61_I7:mux_recip_lut_126_15/in_19[5] 	 (fanout : 1)
hpin:tr_soc_top_mx/u_ctrl/recip_lut_166_61_I7:mux_recip_lut_126_15/in_19[4] 	 (fanout : 1)
hpin:tr_soc_top_mx/u_ctrl/recip_lut_166_61_I7:mux_recip_lut_126_15/in_19[3] 	 (fanout : 1)
hpin:tr_soc_top_mx/u_ctrl/recip_lut_166_61_I7:mux_recip_lut_126_15/in_19[2] 	 (fanout : 1)
hpin:tr_soc_top_mx/u_ctrl/recip_lut_166_61_I7:mux_recip_lut_126_15/in_19[1] 	 (fanout : 1)
hpin:tr_soc_top_mx/u_ctrl/recip_lut_166_61_I7:mux_recip_lut_126_15/in_19[0] 	 (fanout : 1)
hpin:tr_soc_top_mx/u_ctrl/recip_lut_166_61_I7:mux_recip_lut_126_15/in_20[6] 	 (fanout : 1)
hpin:tr_soc_top_mx/u_ctrl/recip_lut_166_61_I7:mux_recip_lut_126_15/in_20[5] 	 (fanout : 1)
hpin:tr_soc_top_mx/u_ctrl/recip_lut_166_61_I7:mux_recip_lut_126_15/in_20[4] 	 (fanout : 1)
hpin:tr_soc_top_mx/u_ctrl/recip_lut_166_61_I7:mux_recip_lut_126_15/in_20[3] 	 (fanout : 1)
hpin:tr_soc_top_mx/u_ctrl/recip_lut_166_61_I7:mux_recip_lut_126_15/in_20[2] 	 (fanout : 1)
hpin:tr_soc_top_mx/u_ctrl/recip_lut_166_61_I7:mux_recip_lut_126_15/in_20[1] 	 (fanout : 1)
hpin:tr_soc_top_mx/u_ctrl/recip_lut_166_61_I7:mux_recip_lut_126_15/in_20[0] 	 (fanout : 1)
hpin:tr_soc_top_mx/u_ctrl/recip_lut_166_61_I7:mux_recip_lut_126_15/in_21[6] 	 (fanout : 1)
hpin:tr_soc_top_mx/u_ctrl/recip_lut_166_61_I7:mux_recip_lut_126_15/in_21[5] 	 (fanout : 1)
hpin:tr_soc_top_mx/u_ctrl/recip_lut_166_61_I7:mux_recip_lut_126_15/in_21[4] 	 (fanout : 1)
hpin:tr_soc_top_mx/u_ctrl/recip_lut_166_61_I7:mux_recip_lut_126_15/in_21[3] 	 (fanout : 1)
hpin:tr_soc_top_mx/u_ctrl/recip_lut_166_61_I7:mux_recip_lut_126_15/in_21[2] 	 (fanout : 1)
hpin:tr_soc_top_mx/u_ctrl/recip_lut_166_61_I7:mux_recip_lut_126_15/in_21[1] 	 (fanout : 1)
hpin:tr_soc_top_mx/u_ctrl/recip_lut_166_61_I7:mux_recip_lut_126_15/in_21[0] 	 (fanout : 1)
hpin:tr_soc_top_mx/u_ctrl/recip_lut_166_61_I7:mux_recip_lut_126_15/in_22[6] 	 (fanout : 1)
hpin:tr_soc_top_mx/u_ctrl/recip_lut_166_61_I7:mux_recip_lut_126_15/in_22[5] 	 (fanout : 1)
hpin:tr_soc_top_mx/u_ctrl/recip_lut_166_61_I7:mux_recip_lut_126_15/in_22[4] 	 (fanout : 1)
hpin:tr_soc_top_mx/u_ctrl/recip_lut_166_61_I7:mux_recip_lut_126_15/in_22[3] 	 (fanout : 1)
hpin:tr_soc_top_mx/u_ctrl/recip_lut_166_61_I7:mux_recip_lut_126_15/in_22[2] 	 (fanout : 1)
hpin:tr_soc_top_mx/u_ctrl/recip_lut_166_61_I7:mux_recip_lut_126_15/in_22[1] 	 (fanout : 1)
hpin:tr_soc_top_mx/u_ctrl/recip_lut_166_61_I7:mux_recip_lut_126_15/in_22[0] 	 (fanout : 1)
hpin:tr_soc_top_mx/u_ctrl/recip_lut_166_61_I7:mux_recip_lut_126_15/in_23[6] 	 (fanout : 1)
hpin:tr_soc_top_mx/u_ctrl/recip_lut_166_61_I7:mux_recip_lut_126_15/in_23[5] 	 (fanout : 1)
hpin:tr_soc_top_mx/u_ctrl/recip_lut_166_61_I7:mux_recip_lut_126_15/in_23[4] 	 (fanout : 1)
hpin:tr_soc_top_mx/u_ctrl/recip_lut_166_61_I7:mux_recip_lut_126_15/in_23[3] 	 (fanout : 1)
hpin:tr_soc_top_mx/u_ctrl/recip_lut_166_61_I7:mux_recip_lut_126_15/in_23[2] 	 (fanout : 1)
hpin:tr_soc_top_mx/u_ctrl/recip_lut_166_61_I7:mux_recip_lut_126_15/in_23[1] 	 (fanout : 1)
hpin:tr_soc_top_mx/u_ctrl/recip_lut_166_61_I7:mux_recip_lut_126_15/in_23[0] 	 (fanout : 1)
hpin:tr_soc_top_mx/u_ctrl/recip_lut_166_61_I7:mux_recip_lut_126_15/in_24[6] 	 (fanout : 1)
hpin:tr_soc_top_mx/u_ctrl/recip_lut_166_61_I7:mux_recip_lut_126_15/in_24[5] 	 (fanout : 1)
hpin:tr_soc_top_mx/u_ctrl/recip_lut_166_61_I7:mux_recip_lut_126_15/in_24[4] 	 (fanout : 1)
hpin:tr_soc_top_mx/u_ctrl/recip_lut_166_61_I7:mux_recip_lut_126_15/in_24[3] 	 (fanout : 1)
hpin:tr_soc_top_mx/u_ctrl/recip_lut_166_61_I7:mux_recip_lut_126_15/in_24[2] 	 (fanout : 1)
hpin:tr_soc_top_mx/u_ctrl/recip_lut_166_61_I7:mux_recip_lut_126_15/in_24[1] 	 (fanout : 1)
hpin:tr_soc_top_mx/u_ctrl/recip_lut_166_61_I7:mux_recip_lut_126_15/in_24[0] 	 (fanout : 1)
hpin:tr_soc_top_mx/u_ctrl/recip_lut_166_61_I7:mux_recip_lut_126_15/in_25[6] 	 (fanout : 1)
hpin:tr_soc_top_mx/u_ctrl/recip_lut_166_61_I7:mux_recip_lut_126_15/in_25[5] 	 (fanout : 1)
hpin:tr_soc_top_mx/u_ctrl/recip_lut_166_61_I7:mux_recip_lut_126_15/in_25[4] 	 (fanout : 1)
hpin:tr_soc_top_mx/u_ctrl/recip_lut_166_61_I7:mux_recip_lut_126_15/in_25[3] 	 (fanout : 1)
hpin:tr_soc_top_mx/u_ctrl/recip_lut_166_61_I7:mux_recip_lut_126_15/in_25[2] 	 (fanout : 1)
hpin:tr_soc_top_mx/u_ctrl/recip_lut_166_61_I7:mux_recip_lut_126_15/in_25[1] 	 (fanout : 1)
hpin:tr_soc_top_mx/u_ctrl/recip_lut_166_61_I7:mux_recip_lut_126_15/in_25[0] 	 (fanout : 1)
hpin:tr_soc_top_mx/u_ctrl/recip_lut_166_61_I7:mux_recip_lut_126_15/in_26[6] 	 (fanout : 1)
hpin:tr_soc_top_mx/u_ctrl/recip_lut_166_61_I7:mux_recip_lut_126_15/in_26[5] 	 (fanout : 1)
hpin:tr_soc_top_mx/u_ctrl/recip_lut_166_61_I7:mux_recip_lut_126_15/in_26[4] 	 (fanout : 1)
hpin:tr_soc_top_mx/u_ctrl/recip_lut_166_61_I7:mux_recip_lut_126_15/in_26[3] 	 (fanout : 1)
hpin:tr_soc_top_mx/u_ctrl/recip_lut_166_61_I7:mux_recip_lut_126_15/in_26[2] 	 (fanout : 1)
hpin:tr_soc_top_mx/u_ctrl/recip_lut_166_61_I7:mux_recip_lut_126_15/in_26[1] 	 (fanout : 1)
hpin:tr_soc_top_mx/u_ctrl/recip_lut_166_61_I7:mux_recip_lut_126_15/in_26[0] 	 (fanout : 1)
hpin:tr_soc_top_mx/u_ctrl/recip_lut_166_61_I7:mux_recip_lut_126_15/in_27[6] 	 (fanout : 1)
hpin:tr_soc_top_mx/u_ctrl/recip_lut_166_61_I7:mux_recip_lut_126_15/in_27[5] 	 (fanout : 1)
hpin:tr_soc_top_mx/u_ctrl/recip_lut_166_61_I7:mux_recip_lut_126_15/in_27[4] 	 (fanout : 1)
hpin:tr_soc_top_mx/u_ctrl/recip_lut_166_61_I7:mux_recip_lut_126_15/in_27[3] 	 (fanout : 1)
hpin:tr_soc_top_mx/u_ctrl/recip_lut_166_61_I7:mux_recip_lut_126_15/in_27[2] 	 (fanout : 1)
hpin:tr_soc_top_mx/u_ctrl/recip_lut_166_61_I7:mux_recip_lut_126_15/in_27[1] 	 (fanout : 1)
hpin:tr_soc_top_mx/u_ctrl/recip_lut_166_61_I7:mux_recip_lut_126_15/in_27[0] 	 (fanout : 1)
hpin:tr_soc_top_mx/u_ctrl/recip_lut_166_61_I7:mux_recip_lut_126_15/in_28[6] 	 (fanout : 1)
hpin:tr_soc_top_mx/u_ctrl/recip_lut_166_61_I7:mux_recip_lut_126_15/in_28[5] 	 (fanout : 1)
hpin:tr_soc_top_mx/u_ctrl/recip_lut_166_61_I7:mux_recip_lut_126_15/in_28[4] 	 (fanout : 1)
hpin:tr_soc_top_mx/u_ctrl/recip_lut_166_61_I7:mux_recip_lut_126_15/in_28[3] 	 (fanout : 1)
hpin:tr_soc_top_mx/u_ctrl/recip_lut_166_61_I7:mux_recip_lut_126_15/in_28[2] 	 (fanout : 1)
hpin:tr_soc_top_mx/u_ctrl/recip_lut_166_61_I7:mux_recip_lut_126_15/in_28[1] 	 (fanout : 1)
hpin:tr_soc_top_mx/u_ctrl/recip_lut_166_61_I7:mux_recip_lut_126_15/in_28[0] 	 (fanout : 1)
hpin:tr_soc_top_mx/u_ctrl/recip_lut_166_61_I7:mux_recip_lut_126_15/in_29[6] 	 (fanout : 1)
hpin:tr_soc_top_mx/u_ctrl/recip_lut_166_61_I7:mux_recip_lut_126_15/in_29[5] 	 (fanout : 1)
hpin:tr_soc_top_mx/u_ctrl/recip_lut_166_61_I7:mux_recip_lut_126_15/in_29[4] 	 (fanout : 1)
hpin:tr_soc_top_mx/u_ctrl/recip_lut_166_61_I7:mux_recip_lut_126_15/in_29[3] 	 (fanout : 1)
hpin:tr_soc_top_mx/u_ctrl/recip_lut_166_61_I7:mux_recip_lut_126_15/in_29[2] 	 (fanout : 1)
hpin:tr_soc_top_mx/u_ctrl/recip_lut_166_61_I7:mux_recip_lut_126_15/in_29[1] 	 (fanout : 1)
hpin:tr_soc_top_mx/u_ctrl/recip_lut_166_61_I7:mux_recip_lut_126_15/in_29[0] 	 (fanout : 1)
hpin:tr_soc_top_mx/u_ctrl/recip_lut_166_61_I7:mux_recip_lut_126_15/in_30[6] 	 (fanout : 1)
hpin:tr_soc_top_mx/u_ctrl/recip_lut_166_61_I7:mux_recip_lut_126_15/in_30[5] 	 (fanout : 1)
hpin:tr_soc_top_mx/u_ctrl/recip_lut_166_61_I7:mux_recip_lut_126_15/in_30[4] 	 (fanout : 1)
hpin:tr_soc_top_mx/u_ctrl/recip_lut_166_61_I7:mux_recip_lut_126_15/in_30[3] 	 (fanout : 1)
hpin:tr_soc_top_mx/u_ctrl/recip_lut_166_61_I7:mux_recip_lut_126_15/in_30[2] 	 (fanout : 1)
hpin:tr_soc_top_mx/u_ctrl/recip_lut_166_61_I7:mux_recip_lut_126_15/in_30[1] 	 (fanout : 1)
hpin:tr_soc_top_mx/u_ctrl/recip_lut_166_61_I7:mux_recip_lut_126_15/in_30[0] 	 (fanout : 1)
hpin:tr_soc_top_mx/u_ctrl/recip_lut_166_61_I7:mux_recip_lut_126_15/in_31[6] 	 (fanout : 1)
hpin:tr_soc_top_mx/u_ctrl/recip_lut_166_61_I7:mux_recip_lut_126_15/in_31[5] 	 (fanout : 1)
hpin:tr_soc_top_mx/u_ctrl/recip_lut_166_61_I7:mux_recip_lut_126_15/in_31[4] 	 (fanout : 1)
hpin:tr_soc_top_mx/u_ctrl/recip_lut_166_61_I7:mux_recip_lut_126_15/in_31[3] 	 (fanout : 1)
hpin:tr_soc_top_mx/u_ctrl/recip_lut_166_61_I7:mux_recip_lut_126_15/in_31[2] 	 (fanout : 1)
hpin:tr_soc_top_mx/u_ctrl/recip_lut_166_61_I7:mux_recip_lut_126_15/in_31[1] 	 (fanout : 1)
hpin:tr_soc_top_mx/u_ctrl/recip_lut_166_61_I7:mux_recip_lut_126_15/in_31[0] 	 (fanout : 1)
hpin:tr_soc_top_mx/u_ctrl/recip_lut_166_61_I8:mux_recip_lut_126_15/in_0[6] 	 (fanout : 1)
hpin:tr_soc_top_mx/u_ctrl/recip_lut_166_61_I8:mux_recip_lut_126_15/in_0[5] 	 (fanout : 1)
hpin:tr_soc_top_mx/u_ctrl/recip_lut_166_61_I8:mux_recip_lut_126_15/in_0[4] 	 (fanout : 1)
hpin:tr_soc_top_mx/u_ctrl/recip_lut_166_61_I8:mux_recip_lut_126_15/in_0[3] 	 (fanout : 1)
hpin:tr_soc_top_mx/u_ctrl/recip_lut_166_61_I8:mux_recip_lut_126_15/in_0[2] 	 (fanout : 1)
hpin:tr_soc_top_mx/u_ctrl/recip_lut_166_61_I8:mux_recip_lut_126_15/in_0[1] 	 (fanout : 1)
hpin:tr_soc_top_mx/u_ctrl/recip_lut_166_61_I8:mux_recip_lut_126_15/in_0[0] 	 (fanout : 1)
hpin:tr_soc_top_mx/u_ctrl/recip_lut_166_61_I8:mux_recip_lut_126_15/in_1[6] 	 (fanout : 1)
hpin:tr_soc_top_mx/u_ctrl/recip_lut_166_61_I8:mux_recip_lut_126_15/in_1[5] 	 (fanout : 1)
hpin:tr_soc_top_mx/u_ctrl/recip_lut_166_61_I8:mux_recip_lut_126_15/in_1[4] 	 (fanout : 1)
hpin:tr_soc_top_mx/u_ctrl/recip_lut_166_61_I8:mux_recip_lut_126_15/in_1[3] 	 (fanout : 1)
hpin:tr_soc_top_mx/u_ctrl/recip_lut_166_61_I8:mux_recip_lut_126_15/in_1[2] 	 (fanout : 1)
hpin:tr_soc_top_mx/u_ctrl/recip_lut_166_61_I8:mux_recip_lut_126_15/in_1[1] 	 (fanout : 1)
hpin:tr_soc_top_mx/u_ctrl/recip_lut_166_61_I8:mux_recip_lut_126_15/in_1[0] 	 (fanout : 1)
hpin:tr_soc_top_mx/u_ctrl/recip_lut_166_61_I8:mux_recip_lut_126_15/in_2[6] 	 (fanout : 1)
hpin:tr_soc_top_mx/u_ctrl/recip_lut_166_61_I8:mux_recip_lut_126_15/in_2[5] 	 (fanout : 1)
hpin:tr_soc_top_mx/u_ctrl/recip_lut_166_61_I8:mux_recip_lut_126_15/in_2[4] 	 (fanout : 1)
hpin:tr_soc_top_mx/u_ctrl/recip_lut_166_61_I8:mux_recip_lut_126_15/in_2[3] 	 (fanout : 1)
hpin:tr_soc_top_mx/u_ctrl/recip_lut_166_61_I8:mux_recip_lut_126_15/in_2[2] 	 (fanout : 1)
hpin:tr_soc_top_mx/u_ctrl/recip_lut_166_61_I8:mux_recip_lut_126_15/in_2[1] 	 (fanout : 1)
hpin:tr_soc_top_mx/u_ctrl/recip_lut_166_61_I8:mux_recip_lut_126_15/in_2[0] 	 (fanout : 1)
hpin:tr_soc_top_mx/u_ctrl/recip_lut_166_61_I8:mux_recip_lut_126_15/in_3[6] 	 (fanout : 1)
hpin:tr_soc_top_mx/u_ctrl/recip_lut_166_61_I8:mux_recip_lut_126_15/in_3[5] 	 (fanout : 1)
hpin:tr_soc_top_mx/u_ctrl/recip_lut_166_61_I8:mux_recip_lut_126_15/in_3[4] 	 (fanout : 1)
hpin:tr_soc_top_mx/u_ctrl/recip_lut_166_61_I8:mux_recip_lut_126_15/in_3[3] 	 (fanout : 1)
hpin:tr_soc_top_mx/u_ctrl/recip_lut_166_61_I8:mux_recip_lut_126_15/in_3[2] 	 (fanout : 1)
hpin:tr_soc_top_mx/u_ctrl/recip_lut_166_61_I8:mux_recip_lut_126_15/in_3[1] 	 (fanout : 1)
hpin:tr_soc_top_mx/u_ctrl/recip_lut_166_61_I8:mux_recip_lut_126_15/in_3[0] 	 (fanout : 1)
hpin:tr_soc_top_mx/u_ctrl/recip_lut_166_61_I8:mux_recip_lut_126_15/in_4[6] 	 (fanout : 1)
hpin:tr_soc_top_mx/u_ctrl/recip_lut_166_61_I8:mux_recip_lut_126_15/in_4[5] 	 (fanout : 1)
hpin:tr_soc_top_mx/u_ctrl/recip_lut_166_61_I8:mux_recip_lut_126_15/in_4[4] 	 (fanout : 1)
hpin:tr_soc_top_mx/u_ctrl/recip_lut_166_61_I8:mux_recip_lut_126_15/in_4[3] 	 (fanout : 1)
hpin:tr_soc_top_mx/u_ctrl/recip_lut_166_61_I8:mux_recip_lut_126_15/in_4[2] 	 (fanout : 1)
hpin:tr_soc_top_mx/u_ctrl/recip_lut_166_61_I8:mux_recip_lut_126_15/in_4[1] 	 (fanout : 1)
hpin:tr_soc_top_mx/u_ctrl/recip_lut_166_61_I8:mux_recip_lut_126_15/in_4[0] 	 (fanout : 1)
hpin:tr_soc_top_mx/u_ctrl/recip_lut_166_61_I8:mux_recip_lut_126_15/in_5[6] 	 (fanout : 1)
hpin:tr_soc_top_mx/u_ctrl/recip_lut_166_61_I8:mux_recip_lut_126_15/in_5[5] 	 (fanout : 1)
hpin:tr_soc_top_mx/u_ctrl/recip_lut_166_61_I8:mux_recip_lut_126_15/in_5[4] 	 (fanout : 1)
hpin:tr_soc_top_mx/u_ctrl/recip_lut_166_61_I8:mux_recip_lut_126_15/in_5[3] 	 (fanout : 1)
hpin:tr_soc_top_mx/u_ctrl/recip_lut_166_61_I8:mux_recip_lut_126_15/in_5[2] 	 (fanout : 1)
hpin:tr_soc_top_mx/u_ctrl/recip_lut_166_61_I8:mux_recip_lut_126_15/in_5[1] 	 (fanout : 1)
hpin:tr_soc_top_mx/u_ctrl/recip_lut_166_61_I8:mux_recip_lut_126_15/in_5[0] 	 (fanout : 1)
hpin:tr_soc_top_mx/u_ctrl/recip_lut_166_61_I8:mux_recip_lut_126_15/in_6[6] 	 (fanout : 1)
hpin:tr_soc_top_mx/u_ctrl/recip_lut_166_61_I8:mux_recip_lut_126_15/in_6[5] 	 (fanout : 1)
hpin:tr_soc_top_mx/u_ctrl/recip_lut_166_61_I8:mux_recip_lut_126_15/in_6[4] 	 (fanout : 1)
hpin:tr_soc_top_mx/u_ctrl/recip_lut_166_61_I8:mux_recip_lut_126_15/in_6[3] 	 (fanout : 1)
hpin:tr_soc_top_mx/u_ctrl/recip_lut_166_61_I8:mux_recip_lut_126_15/in_6[2] 	 (fanout : 1)
hpin:tr_soc_top_mx/u_ctrl/recip_lut_166_61_I8:mux_recip_lut_126_15/in_6[1] 	 (fanout : 1)
hpin:tr_soc_top_mx/u_ctrl/recip_lut_166_61_I8:mux_recip_lut_126_15/in_6[0] 	 (fanout : 1)
hpin:tr_soc_top_mx/u_ctrl/recip_lut_166_61_I8:mux_recip_lut_126_15/in_7[6] 	 (fanout : 1)
hpin:tr_soc_top_mx/u_ctrl/recip_lut_166_61_I8:mux_recip_lut_126_15/in_7[5] 	 (fanout : 1)
hpin:tr_soc_top_mx/u_ctrl/recip_lut_166_61_I8:mux_recip_lut_126_15/in_7[4] 	 (fanout : 1)
hpin:tr_soc_top_mx/u_ctrl/recip_lut_166_61_I8:mux_recip_lut_126_15/in_7[3] 	 (fanout : 1)
hpin:tr_soc_top_mx/u_ctrl/recip_lut_166_61_I8:mux_recip_lut_126_15/in_7[2] 	 (fanout : 1)
hpin:tr_soc_top_mx/u_ctrl/recip_lut_166_61_I8:mux_recip_lut_126_15/in_7[1] 	 (fanout : 1)
hpin:tr_soc_top_mx/u_ctrl/recip_lut_166_61_I8:mux_recip_lut_126_15/in_7[0] 	 (fanout : 1)
hpin:tr_soc_top_mx/u_ctrl/recip_lut_166_61_I8:mux_recip_lut_126_15/in_8[6] 	 (fanout : 1)
hpin:tr_soc_top_mx/u_ctrl/recip_lut_166_61_I8:mux_recip_lut_126_15/in_8[5] 	 (fanout : 1)
hpin:tr_soc_top_mx/u_ctrl/recip_lut_166_61_I8:mux_recip_lut_126_15/in_8[4] 	 (fanout : 1)
hpin:tr_soc_top_mx/u_ctrl/recip_lut_166_61_I8:mux_recip_lut_126_15/in_8[3] 	 (fanout : 1)
hpin:tr_soc_top_mx/u_ctrl/recip_lut_166_61_I8:mux_recip_lut_126_15/in_8[2] 	 (fanout : 1)
hpin:tr_soc_top_mx/u_ctrl/recip_lut_166_61_I8:mux_recip_lut_126_15/in_8[1] 	 (fanout : 1)
hpin:tr_soc_top_mx/u_ctrl/recip_lut_166_61_I8:mux_recip_lut_126_15/in_8[0] 	 (fanout : 1)
hpin:tr_soc_top_mx/u_ctrl/recip_lut_166_61_I8:mux_recip_lut_126_15/in_9[6] 	 (fanout : 1)
hpin:tr_soc_top_mx/u_ctrl/recip_lut_166_61_I8:mux_recip_lut_126_15/in_9[5] 	 (fanout : 1)
hpin:tr_soc_top_mx/u_ctrl/recip_lut_166_61_I8:mux_recip_lut_126_15/in_9[4] 	 (fanout : 1)
hpin:tr_soc_top_mx/u_ctrl/recip_lut_166_61_I8:mux_recip_lut_126_15/in_9[3] 	 (fanout : 1)
hpin:tr_soc_top_mx/u_ctrl/recip_lut_166_61_I8:mux_recip_lut_126_15/in_9[2] 	 (fanout : 1)
hpin:tr_soc_top_mx/u_ctrl/recip_lut_166_61_I8:mux_recip_lut_126_15/in_9[1] 	 (fanout : 1)
hpin:tr_soc_top_mx/u_ctrl/recip_lut_166_61_I8:mux_recip_lut_126_15/in_9[0] 	 (fanout : 1)
hpin:tr_soc_top_mx/u_ctrl/recip_lut_166_61_I8:mux_recip_lut_126_15/in_10[6] 	 (fanout : 1)
hpin:tr_soc_top_mx/u_ctrl/recip_lut_166_61_I8:mux_recip_lut_126_15/in_10[5] 	 (fanout : 1)
hpin:tr_soc_top_mx/u_ctrl/recip_lut_166_61_I8:mux_recip_lut_126_15/in_10[4] 	 (fanout : 1)
hpin:tr_soc_top_mx/u_ctrl/recip_lut_166_61_I8:mux_recip_lut_126_15/in_10[3] 	 (fanout : 1)
hpin:tr_soc_top_mx/u_ctrl/recip_lut_166_61_I8:mux_recip_lut_126_15/in_10[2] 	 (fanout : 1)
hpin:tr_soc_top_mx/u_ctrl/recip_lut_166_61_I8:mux_recip_lut_126_15/in_10[1] 	 (fanout : 1)
hpin:tr_soc_top_mx/u_ctrl/recip_lut_166_61_I8:mux_recip_lut_126_15/in_10[0] 	 (fanout : 1)
hpin:tr_soc_top_mx/u_ctrl/recip_lut_166_61_I8:mux_recip_lut_126_15/in_11[6] 	 (fanout : 1)
hpin:tr_soc_top_mx/u_ctrl/recip_lut_166_61_I8:mux_recip_lut_126_15/in_11[5] 	 (fanout : 1)
hpin:tr_soc_top_mx/u_ctrl/recip_lut_166_61_I8:mux_recip_lut_126_15/in_11[4] 	 (fanout : 1)
hpin:tr_soc_top_mx/u_ctrl/recip_lut_166_61_I8:mux_recip_lut_126_15/in_11[3] 	 (fanout : 1)
hpin:tr_soc_top_mx/u_ctrl/recip_lut_166_61_I8:mux_recip_lut_126_15/in_11[2] 	 (fanout : 1)
hpin:tr_soc_top_mx/u_ctrl/recip_lut_166_61_I8:mux_recip_lut_126_15/in_11[1] 	 (fanout : 1)
hpin:tr_soc_top_mx/u_ctrl/recip_lut_166_61_I8:mux_recip_lut_126_15/in_11[0] 	 (fanout : 1)
hpin:tr_soc_top_mx/u_ctrl/recip_lut_166_61_I8:mux_recip_lut_126_15/in_12[6] 	 (fanout : 1)
hpin:tr_soc_top_mx/u_ctrl/recip_lut_166_61_I8:mux_recip_lut_126_15/in_12[5] 	 (fanout : 1)
hpin:tr_soc_top_mx/u_ctrl/recip_lut_166_61_I8:mux_recip_lut_126_15/in_12[4] 	 (fanout : 1)
hpin:tr_soc_top_mx/u_ctrl/recip_lut_166_61_I8:mux_recip_lut_126_15/in_12[3] 	 (fanout : 1)
hpin:tr_soc_top_mx/u_ctrl/recip_lut_166_61_I8:mux_recip_lut_126_15/in_12[2] 	 (fanout : 1)
hpin:tr_soc_top_mx/u_ctrl/recip_lut_166_61_I8:mux_recip_lut_126_15/in_12[1] 	 (fanout : 1)
hpin:tr_soc_top_mx/u_ctrl/recip_lut_166_61_I8:mux_recip_lut_126_15/in_12[0] 	 (fanout : 1)
hpin:tr_soc_top_mx/u_ctrl/recip_lut_166_61_I8:mux_recip_lut_126_15/in_13[6] 	 (fanout : 1)
hpin:tr_soc_top_mx/u_ctrl/recip_lut_166_61_I8:mux_recip_lut_126_15/in_13[5] 	 (fanout : 1)
hpin:tr_soc_top_mx/u_ctrl/recip_lut_166_61_I8:mux_recip_lut_126_15/in_13[4] 	 (fanout : 1)
hpin:tr_soc_top_mx/u_ctrl/recip_lut_166_61_I8:mux_recip_lut_126_15/in_13[3] 	 (fanout : 1)
hpin:tr_soc_top_mx/u_ctrl/recip_lut_166_61_I8:mux_recip_lut_126_15/in_13[2] 	 (fanout : 1)
hpin:tr_soc_top_mx/u_ctrl/recip_lut_166_61_I8:mux_recip_lut_126_15/in_13[1] 	 (fanout : 1)
hpin:tr_soc_top_mx/u_ctrl/recip_lut_166_61_I8:mux_recip_lut_126_15/in_13[0] 	 (fanout : 1)
hpin:tr_soc_top_mx/u_ctrl/recip_lut_166_61_I8:mux_recip_lut_126_15/in_14[6] 	 (fanout : 1)
hpin:tr_soc_top_mx/u_ctrl/recip_lut_166_61_I8:mux_recip_lut_126_15/in_14[5] 	 (fanout : 1)
hpin:tr_soc_top_mx/u_ctrl/recip_lut_166_61_I8:mux_recip_lut_126_15/in_14[4] 	 (fanout : 1)
hpin:tr_soc_top_mx/u_ctrl/recip_lut_166_61_I8:mux_recip_lut_126_15/in_14[3] 	 (fanout : 1)
hpin:tr_soc_top_mx/u_ctrl/recip_lut_166_61_I8:mux_recip_lut_126_15/in_14[2] 	 (fanout : 1)
hpin:tr_soc_top_mx/u_ctrl/recip_lut_166_61_I8:mux_recip_lut_126_15/in_14[1] 	 (fanout : 1)
hpin:tr_soc_top_mx/u_ctrl/recip_lut_166_61_I8:mux_recip_lut_126_15/in_14[0] 	 (fanout : 1)
hpin:tr_soc_top_mx/u_ctrl/recip_lut_166_61_I8:mux_recip_lut_126_15/in_15[6] 	 (fanout : 1)
hpin:tr_soc_top_mx/u_ctrl/recip_lut_166_61_I8:mux_recip_lut_126_15/in_15[5] 	 (fanout : 1)
hpin:tr_soc_top_mx/u_ctrl/recip_lut_166_61_I8:mux_recip_lut_126_15/in_15[4] 	 (fanout : 1)
hpin:tr_soc_top_mx/u_ctrl/recip_lut_166_61_I8:mux_recip_lut_126_15/in_15[3] 	 (fanout : 1)
hpin:tr_soc_top_mx/u_ctrl/recip_lut_166_61_I8:mux_recip_lut_126_15/in_15[2] 	 (fanout : 1)
hpin:tr_soc_top_mx/u_ctrl/recip_lut_166_61_I8:mux_recip_lut_126_15/in_15[1] 	 (fanout : 1)
hpin:tr_soc_top_mx/u_ctrl/recip_lut_166_61_I8:mux_recip_lut_126_15/in_15[0] 	 (fanout : 1)
hpin:tr_soc_top_mx/u_ctrl/recip_lut_166_61_I8:mux_recip_lut_126_15/in_16[6] 	 (fanout : 1)
hpin:tr_soc_top_mx/u_ctrl/recip_lut_166_61_I8:mux_recip_lut_126_15/in_16[5] 	 (fanout : 1)
hpin:tr_soc_top_mx/u_ctrl/recip_lut_166_61_I8:mux_recip_lut_126_15/in_16[4] 	 (fanout : 1)
hpin:tr_soc_top_mx/u_ctrl/recip_lut_166_61_I8:mux_recip_lut_126_15/in_16[3] 	 (fanout : 1)
hpin:tr_soc_top_mx/u_ctrl/recip_lut_166_61_I8:mux_recip_lut_126_15/in_16[2] 	 (fanout : 1)
hpin:tr_soc_top_mx/u_ctrl/recip_lut_166_61_I8:mux_recip_lut_126_15/in_16[1] 	 (fanout : 1)
hpin:tr_soc_top_mx/u_ctrl/recip_lut_166_61_I8:mux_recip_lut_126_15/in_16[0] 	 (fanout : 1)
hpin:tr_soc_top_mx/u_ctrl/recip_lut_166_61_I8:mux_recip_lut_126_15/in_17[6] 	 (fanout : 1)
hpin:tr_soc_top_mx/u_ctrl/recip_lut_166_61_I8:mux_recip_lut_126_15/in_17[5] 	 (fanout : 1)
hpin:tr_soc_top_mx/u_ctrl/recip_lut_166_61_I8:mux_recip_lut_126_15/in_17[4] 	 (fanout : 1)
hpin:tr_soc_top_mx/u_ctrl/recip_lut_166_61_I8:mux_recip_lut_126_15/in_17[3] 	 (fanout : 1)
hpin:tr_soc_top_mx/u_ctrl/recip_lut_166_61_I8:mux_recip_lut_126_15/in_17[2] 	 (fanout : 1)
hpin:tr_soc_top_mx/u_ctrl/recip_lut_166_61_I8:mux_recip_lut_126_15/in_17[1] 	 (fanout : 1)
hpin:tr_soc_top_mx/u_ctrl/recip_lut_166_61_I8:mux_recip_lut_126_15/in_17[0] 	 (fanout : 1)
hpin:tr_soc_top_mx/u_ctrl/recip_lut_166_61_I8:mux_recip_lut_126_15/in_18[6] 	 (fanout : 1)
hpin:tr_soc_top_mx/u_ctrl/recip_lut_166_61_I8:mux_recip_lut_126_15/in_18[5] 	 (fanout : 1)
hpin:tr_soc_top_mx/u_ctrl/recip_lut_166_61_I8:mux_recip_lut_126_15/in_18[4] 	 (fanout : 1)
hpin:tr_soc_top_mx/u_ctrl/recip_lut_166_61_I8:mux_recip_lut_126_15/in_18[3] 	 (fanout : 1)
hpin:tr_soc_top_mx/u_ctrl/recip_lut_166_61_I8:mux_recip_lut_126_15/in_18[2] 	 (fanout : 1)
hpin:tr_soc_top_mx/u_ctrl/recip_lut_166_61_I8:mux_recip_lut_126_15/in_18[1] 	 (fanout : 1)
hpin:tr_soc_top_mx/u_ctrl/recip_lut_166_61_I8:mux_recip_lut_126_15/in_18[0] 	 (fanout : 1)
hpin:tr_soc_top_mx/u_ctrl/recip_lut_166_61_I8:mux_recip_lut_126_15/in_19[6] 	 (fanout : 1)
hpin:tr_soc_top_mx/u_ctrl/recip_lut_166_61_I8:mux_recip_lut_126_15/in_19[5] 	 (fanout : 1)
hpin:tr_soc_top_mx/u_ctrl/recip_lut_166_61_I8:mux_recip_lut_126_15/in_19[4] 	 (fanout : 1)
hpin:tr_soc_top_mx/u_ctrl/recip_lut_166_61_I8:mux_recip_lut_126_15/in_19[3] 	 (fanout : 1)
hpin:tr_soc_top_mx/u_ctrl/recip_lut_166_61_I8:mux_recip_lut_126_15/in_19[2] 	 (fanout : 1)
hpin:tr_soc_top_mx/u_ctrl/recip_lut_166_61_I8:mux_recip_lut_126_15/in_19[1] 	 (fanout : 1)
hpin:tr_soc_top_mx/u_ctrl/recip_lut_166_61_I8:mux_recip_lut_126_15/in_19[0] 	 (fanout : 1)
hpin:tr_soc_top_mx/u_ctrl/recip_lut_166_61_I8:mux_recip_lut_126_15/in_20[6] 	 (fanout : 1)
hpin:tr_soc_top_mx/u_ctrl/recip_lut_166_61_I8:mux_recip_lut_126_15/in_20[5] 	 (fanout : 1)
hpin:tr_soc_top_mx/u_ctrl/recip_lut_166_61_I8:mux_recip_lut_126_15/in_20[4] 	 (fanout : 1)
hpin:tr_soc_top_mx/u_ctrl/recip_lut_166_61_I8:mux_recip_lut_126_15/in_20[3] 	 (fanout : 1)
hpin:tr_soc_top_mx/u_ctrl/recip_lut_166_61_I8:mux_recip_lut_126_15/in_20[2] 	 (fanout : 1)
hpin:tr_soc_top_mx/u_ctrl/recip_lut_166_61_I8:mux_recip_lut_126_15/in_20[1] 	 (fanout : 1)
hpin:tr_soc_top_mx/u_ctrl/recip_lut_166_61_I8:mux_recip_lut_126_15/in_20[0] 	 (fanout : 1)
hpin:tr_soc_top_mx/u_ctrl/recip_lut_166_61_I8:mux_recip_lut_126_15/in_21[6] 	 (fanout : 1)
hpin:tr_soc_top_mx/u_ctrl/recip_lut_166_61_I8:mux_recip_lut_126_15/in_21[5] 	 (fanout : 1)
hpin:tr_soc_top_mx/u_ctrl/recip_lut_166_61_I8:mux_recip_lut_126_15/in_21[4] 	 (fanout : 1)
hpin:tr_soc_top_mx/u_ctrl/recip_lut_166_61_I8:mux_recip_lut_126_15/in_21[3] 	 (fanout : 1)
hpin:tr_soc_top_mx/u_ctrl/recip_lut_166_61_I8:mux_recip_lut_126_15/in_21[2] 	 (fanout : 1)
hpin:tr_soc_top_mx/u_ctrl/recip_lut_166_61_I8:mux_recip_lut_126_15/in_21[1] 	 (fanout : 1)
hpin:tr_soc_top_mx/u_ctrl/recip_lut_166_61_I8:mux_recip_lut_126_15/in_21[0] 	 (fanout : 1)
hpin:tr_soc_top_mx/u_ctrl/recip_lut_166_61_I8:mux_recip_lut_126_15/in_22[6] 	 (fanout : 1)
hpin:tr_soc_top_mx/u_ctrl/recip_lut_166_61_I8:mux_recip_lut_126_15/in_22[5] 	 (fanout : 1)
hpin:tr_soc_top_mx/u_ctrl/recip_lut_166_61_I8:mux_recip_lut_126_15/in_22[4] 	 (fanout : 1)
hpin:tr_soc_top_mx/u_ctrl/recip_lut_166_61_I8:mux_recip_lut_126_15/in_22[3] 	 (fanout : 1)
hpin:tr_soc_top_mx/u_ctrl/recip_lut_166_61_I8:mux_recip_lut_126_15/in_22[2] 	 (fanout : 1)
hpin:tr_soc_top_mx/u_ctrl/recip_lut_166_61_I8:mux_recip_lut_126_15/in_22[1] 	 (fanout : 1)
hpin:tr_soc_top_mx/u_ctrl/recip_lut_166_61_I8:mux_recip_lut_126_15/in_22[0] 	 (fanout : 1)
hpin:tr_soc_top_mx/u_ctrl/recip_lut_166_61_I8:mux_recip_lut_126_15/in_23[6] 	 (fanout : 1)
hpin:tr_soc_top_mx/u_ctrl/recip_lut_166_61_I8:mux_recip_lut_126_15/in_23[5] 	 (fanout : 1)
hpin:tr_soc_top_mx/u_ctrl/recip_lut_166_61_I8:mux_recip_lut_126_15/in_23[4] 	 (fanout : 1)
hpin:tr_soc_top_mx/u_ctrl/recip_lut_166_61_I8:mux_recip_lut_126_15/in_23[3] 	 (fanout : 1)
hpin:tr_soc_top_mx/u_ctrl/recip_lut_166_61_I8:mux_recip_lut_126_15/in_23[2] 	 (fanout : 1)
hpin:tr_soc_top_mx/u_ctrl/recip_lut_166_61_I8:mux_recip_lut_126_15/in_23[1] 	 (fanout : 1)
hpin:tr_soc_top_mx/u_ctrl/recip_lut_166_61_I8:mux_recip_lut_126_15/in_23[0] 	 (fanout : 1)
hpin:tr_soc_top_mx/u_ctrl/recip_lut_166_61_I8:mux_recip_lut_126_15/in_24[6] 	 (fanout : 1)
hpin:tr_soc_top_mx/u_ctrl/recip_lut_166_61_I8:mux_recip_lut_126_15/in_24[5] 	 (fanout : 1)
hpin:tr_soc_top_mx/u_ctrl/recip_lut_166_61_I8:mux_recip_lut_126_15/in_24[4] 	 (fanout : 1)
hpin:tr_soc_top_mx/u_ctrl/recip_lut_166_61_I8:mux_recip_lut_126_15/in_24[3] 	 (fanout : 1)
hpin:tr_soc_top_mx/u_ctrl/recip_lut_166_61_I8:mux_recip_lut_126_15/in_24[2] 	 (fanout : 1)
hpin:tr_soc_top_mx/u_ctrl/recip_lut_166_61_I8:mux_recip_lut_126_15/in_24[1] 	 (fanout : 1)
hpin:tr_soc_top_mx/u_ctrl/recip_lut_166_61_I8:mux_recip_lut_126_15/in_24[0] 	 (fanout : 1)
hpin:tr_soc_top_mx/u_ctrl/recip_lut_166_61_I8:mux_recip_lut_126_15/in_25[6] 	 (fanout : 1)
hpin:tr_soc_top_mx/u_ctrl/recip_lut_166_61_I8:mux_recip_lut_126_15/in_25[5] 	 (fanout : 1)
hpin:tr_soc_top_mx/u_ctrl/recip_lut_166_61_I8:mux_recip_lut_126_15/in_25[4] 	 (fanout : 1)
hpin:tr_soc_top_mx/u_ctrl/recip_lut_166_61_I8:mux_recip_lut_126_15/in_25[3] 	 (fanout : 1)
hpin:tr_soc_top_mx/u_ctrl/recip_lut_166_61_I8:mux_recip_lut_126_15/in_25[2] 	 (fanout : 1)
hpin:tr_soc_top_mx/u_ctrl/recip_lut_166_61_I8:mux_recip_lut_126_15/in_25[1] 	 (fanout : 1)
hpin:tr_soc_top_mx/u_ctrl/recip_lut_166_61_I8:mux_recip_lut_126_15/in_25[0] 	 (fanout : 1)
hpin:tr_soc_top_mx/u_ctrl/recip_lut_166_61_I8:mux_recip_lut_126_15/in_26[6] 	 (fanout : 1)
hpin:tr_soc_top_mx/u_ctrl/recip_lut_166_61_I8:mux_recip_lut_126_15/in_26[5] 	 (fanout : 1)
hpin:tr_soc_top_mx/u_ctrl/recip_lut_166_61_I8:mux_recip_lut_126_15/in_26[4] 	 (fanout : 1)
hpin:tr_soc_top_mx/u_ctrl/recip_lut_166_61_I8:mux_recip_lut_126_15/in_26[3] 	 (fanout : 1)
hpin:tr_soc_top_mx/u_ctrl/recip_lut_166_61_I8:mux_recip_lut_126_15/in_26[2] 	 (fanout : 1)
hpin:tr_soc_top_mx/u_ctrl/recip_lut_166_61_I8:mux_recip_lut_126_15/in_26[1] 	 (fanout : 1)
hpin:tr_soc_top_mx/u_ctrl/recip_lut_166_61_I8:mux_recip_lut_126_15/in_26[0] 	 (fanout : 1)
hpin:tr_soc_top_mx/u_ctrl/recip_lut_166_61_I8:mux_recip_lut_126_15/in_27[6] 	 (fanout : 1)
hpin:tr_soc_top_mx/u_ctrl/recip_lut_166_61_I8:mux_recip_lut_126_15/in_27[5] 	 (fanout : 1)
hpin:tr_soc_top_mx/u_ctrl/recip_lut_166_61_I8:mux_recip_lut_126_15/in_27[4] 	 (fanout : 1)
hpin:tr_soc_top_mx/u_ctrl/recip_lut_166_61_I8:mux_recip_lut_126_15/in_27[3] 	 (fanout : 1)
hpin:tr_soc_top_mx/u_ctrl/recip_lut_166_61_I8:mux_recip_lut_126_15/in_27[2] 	 (fanout : 1)
hpin:tr_soc_top_mx/u_ctrl/recip_lut_166_61_I8:mux_recip_lut_126_15/in_27[1] 	 (fanout : 1)
hpin:tr_soc_top_mx/u_ctrl/recip_lut_166_61_I8:mux_recip_lut_126_15/in_27[0] 	 (fanout : 1)
hpin:tr_soc_top_mx/u_ctrl/recip_lut_166_61_I8:mux_recip_lut_126_15/in_28[6] 	 (fanout : 1)
hpin:tr_soc_top_mx/u_ctrl/recip_lut_166_61_I8:mux_recip_lut_126_15/in_28[5] 	 (fanout : 1)
hpin:tr_soc_top_mx/u_ctrl/recip_lut_166_61_I8:mux_recip_lut_126_15/in_28[4] 	 (fanout : 1)
hpin:tr_soc_top_mx/u_ctrl/recip_lut_166_61_I8:mux_recip_lut_126_15/in_28[3] 	 (fanout : 1)
hpin:tr_soc_top_mx/u_ctrl/recip_lut_166_61_I8:mux_recip_lut_126_15/in_28[2] 	 (fanout : 1)
hpin:tr_soc_top_mx/u_ctrl/recip_lut_166_61_I8:mux_recip_lut_126_15/in_28[1] 	 (fanout : 1)
hpin:tr_soc_top_mx/u_ctrl/recip_lut_166_61_I8:mux_recip_lut_126_15/in_28[0] 	 (fanout : 1)
hpin:tr_soc_top_mx/u_ctrl/recip_lut_166_61_I8:mux_recip_lut_126_15/in_29[6] 	 (fanout : 1)
hpin:tr_soc_top_mx/u_ctrl/recip_lut_166_61_I8:mux_recip_lut_126_15/in_29[5] 	 (fanout : 1)
hpin:tr_soc_top_mx/u_ctrl/recip_lut_166_61_I8:mux_recip_lut_126_15/in_29[4] 	 (fanout : 1)
hpin:tr_soc_top_mx/u_ctrl/recip_lut_166_61_I8:mux_recip_lut_126_15/in_29[3] 	 (fanout : 1)
hpin:tr_soc_top_mx/u_ctrl/recip_lut_166_61_I8:mux_recip_lut_126_15/in_29[2] 	 (fanout : 1)
hpin:tr_soc_top_mx/u_ctrl/recip_lut_166_61_I8:mux_recip_lut_126_15/in_29[1] 	 (fanout : 1)
hpin:tr_soc_top_mx/u_ctrl/recip_lut_166_61_I8:mux_recip_lut_126_15/in_29[0] 	 (fanout : 1)
hpin:tr_soc_top_mx/u_ctrl/recip_lut_166_61_I8:mux_recip_lut_126_15/in_30[6] 	 (fanout : 1)
hpin:tr_soc_top_mx/u_ctrl/recip_lut_166_61_I8:mux_recip_lut_126_15/in_30[5] 	 (fanout : 1)
hpin:tr_soc_top_mx/u_ctrl/recip_lut_166_61_I8:mux_recip_lut_126_15/in_30[4] 	 (fanout : 1)
hpin:tr_soc_top_mx/u_ctrl/recip_lut_166_61_I8:mux_recip_lut_126_15/in_30[3] 	 (fanout : 1)
hpin:tr_soc_top_mx/u_ctrl/recip_lut_166_61_I8:mux_recip_lut_126_15/in_30[2] 	 (fanout : 1)
hpin:tr_soc_top_mx/u_ctrl/recip_lut_166_61_I8:mux_recip_lut_126_15/in_30[1] 	 (fanout : 1)
hpin:tr_soc_top_mx/u_ctrl/recip_lut_166_61_I8:mux_recip_lut_126_15/in_30[0] 	 (fanout : 1)
hpin:tr_soc_top_mx/u_ctrl/recip_lut_166_61_I8:mux_recip_lut_126_15/in_31[6] 	 (fanout : 1)
hpin:tr_soc_top_mx/u_ctrl/recip_lut_166_61_I8:mux_recip_lut_126_15/in_31[5] 	 (fanout : 1)
hpin:tr_soc_top_mx/u_ctrl/recip_lut_166_61_I8:mux_recip_lut_126_15/in_31[4] 	 (fanout : 1)
hpin:tr_soc_top_mx/u_ctrl/recip_lut_166_61_I8:mux_recip_lut_126_15/in_31[3] 	 (fanout : 1)
hpin:tr_soc_top_mx/u_ctrl/recip_lut_166_61_I8:mux_recip_lut_126_15/in_31[2] 	 (fanout : 1)
hpin:tr_soc_top_mx/u_ctrl/recip_lut_166_61_I8:mux_recip_lut_126_15/in_31[1] 	 (fanout : 1)
hpin:tr_soc_top_mx/u_ctrl/recip_lut_166_61_I8:mux_recip_lut_126_15/in_31[0] 	 (fanout : 1)
hpin:tr_soc_top_mx/u_dot/GEN_MAC_LANES[0].u_mac_lane/mul_90_60_I8/B[8] 	 (fanout : 8)
hpin:tr_soc_top_mx/u_dot/GEN_MAC_LANES[0].u_mac_lane/mul_91_71_I8/A[8] 	 (fanout : 9)
hpin:tr_soc_top_mx/u_dot/GEN_MAC_LANES[0].u_mac_lane/mul_91_71_I8/B[8] 	 (fanout : 9)
hpin:tr_soc_top_mx/u_dot/GEN_MAC_LANES[0].u_mac_lane/mul_90_60_I7/B[8] 	 (fanout : 8)
hpin:tr_soc_top_mx/u_dot/GEN_MAC_LANES[0].u_mac_lane/mul_91_71_I7/A[8] 	 (fanout : 9)
hpin:tr_soc_top_mx/u_dot/GEN_MAC_LANES[0].u_mac_lane/mul_91_71_I7/B[8] 	 (fanout : 9)
hpin:tr_soc_top_mx/u_dot/GEN_MAC_LANES[0].u_mac_lane/mul_90_60_I6/B[8] 	 (fanout : 8)
hpin:tr_soc_top_mx/u_dot/GEN_MAC_LANES[0].u_mac_lane/mul_91_71_I6/A[8] 	 (fanout : 9)
hpin:tr_soc_top_mx/u_dot/GEN_MAC_LANES[0].u_mac_lane/mul_91_71_I6/B[8] 	 (fanout : 9)
hpin:tr_soc_top_mx/u_dot/GEN_MAC_LANES[0].u_mac_lane/mul_90_60_I5/B[8] 	 (fanout : 8)
hpin:tr_soc_top_mx/u_dot/GEN_MAC_LANES[0].u_mac_lane/mul_91_71_I5/A[8] 	 (fanout : 9)
hpin:tr_soc_top_mx/u_dot/GEN_MAC_LANES[0].u_mac_lane/mul_91_71_I5/B[8] 	 (fanout : 9)
hpin:tr_soc_top_mx/u_dot/GEN_MAC_LANES[0].u_mac_lane/mul_90_60_I4/B[8] 	 (fanout : 8)
hpin:tr_soc_top_mx/u_dot/GEN_MAC_LANES[0].u_mac_lane/mul_91_71_I4/A[8] 	 (fanout : 9)
hpin:tr_soc_top_mx/u_dot/GEN_MAC_LANES[0].u_mac_lane/mul_91_71_I4/B[8] 	 (fanout : 9)
hpin:tr_soc_top_mx/u_dot/GEN_MAC_LANES[0].u_mac_lane/mul_90_60_I3/B[8] 	 (fanout : 8)
hpin:tr_soc_top_mx/u_dot/GEN_MAC_LANES[0].u_mac_lane/mul_91_71_I3/A[8] 	 (fanout : 9)
hpin:tr_soc_top_mx/u_dot/GEN_MAC_LANES[0].u_mac_lane/mul_91_71_I3/B[8] 	 (fanout : 9)
hpin:tr_soc_top_mx/u_dot/GEN_MAC_LANES[0].u_mac_lane/mul_90_60_I2/B[8] 	 (fanout : 8)
hpin:tr_soc_top_mx/u_dot/GEN_MAC_LANES[0].u_mac_lane/mul_91_71_I2/A[8] 	 (fanout : 9)
hpin:tr_soc_top_mx/u_dot/GEN_MAC_LANES[0].u_mac_lane/mul_91_71_I2/B[8] 	 (fanout : 9)
hpin:tr_soc_top_mx/u_dot/GEN_MAC_LANES[0].u_mac_lane/mul_90_60_I1/B[8] 	 (fanout : 8)
hpin:tr_soc_top_mx/u_dot/GEN_MAC_LANES[0].u_mac_lane/mul_91_71_I1/A[8] 	 (fanout : 9)
hpin:tr_soc_top_mx/u_dot/GEN_MAC_LANES[0].u_mac_lane/mul_91_71_I1/B[8] 	 (fanout : 9)
hpin:tr_soc_top_mx/u_dot/GEN_MAC_LANES[1].u_mac_lane/mul_90_60_I8/B[8] 	 (fanout : 8)
hpin:tr_soc_top_mx/u_dot/GEN_MAC_LANES[1].u_mac_lane/mul_91_71_I8/A[8] 	 (fanout : 9)
hpin:tr_soc_top_mx/u_dot/GEN_MAC_LANES[1].u_mac_lane/mul_91_71_I8/B[8] 	 (fanout : 9)
hpin:tr_soc_top_mx/u_dot/GEN_MAC_LANES[1].u_mac_lane/mul_90_60_I7/B[8] 	 (fanout : 8)
hpin:tr_soc_top_mx/u_dot/GEN_MAC_LANES[1].u_mac_lane/mul_91_71_I7/A[8] 	 (fanout : 9)
hpin:tr_soc_top_mx/u_dot/GEN_MAC_LANES[1].u_mac_lane/mul_91_71_I7/B[8] 	 (fanout : 9)
hpin:tr_soc_top_mx/u_dot/GEN_MAC_LANES[1].u_mac_lane/mul_90_60_I6/B[8] 	 (fanout : 8)
hpin:tr_soc_top_mx/u_dot/GEN_MAC_LANES[1].u_mac_lane/mul_91_71_I6/A[8] 	 (fanout : 9)
hpin:tr_soc_top_mx/u_dot/GEN_MAC_LANES[1].u_mac_lane/mul_91_71_I6/B[8] 	 (fanout : 9)
hpin:tr_soc_top_mx/u_dot/GEN_MAC_LANES[1].u_mac_lane/mul_90_60_I5/B[8] 	 (fanout : 8)
hpin:tr_soc_top_mx/u_dot/GEN_MAC_LANES[1].u_mac_lane/mul_91_71_I5/A[8] 	 (fanout : 9)
hpin:tr_soc_top_mx/u_dot/GEN_MAC_LANES[1].u_mac_lane/mul_91_71_I5/B[8] 	 (fanout : 9)
hpin:tr_soc_top_mx/u_dot/GEN_MAC_LANES[1].u_mac_lane/mul_90_60_I4/B[8] 	 (fanout : 8)
hpin:tr_soc_top_mx/u_dot/GEN_MAC_LANES[1].u_mac_lane/mul_91_71_I4/A[8] 	 (fanout : 9)
hpin:tr_soc_top_mx/u_dot/GEN_MAC_LANES[1].u_mac_lane/mul_91_71_I4/B[8] 	 (fanout : 9)
hpin:tr_soc_top_mx/u_dot/GEN_MAC_LANES[1].u_mac_lane/mul_90_60_I3/B[8] 	 (fanout : 8)
hpin:tr_soc_top_mx/u_dot/GEN_MAC_LANES[1].u_mac_lane/mul_91_71_I3/A[8] 	 (fanout : 9)
hpin:tr_soc_top_mx/u_dot/GEN_MAC_LANES[1].u_mac_lane/mul_91_71_I3/B[8] 	 (fanout : 9)
hpin:tr_soc_top_mx/u_dot/GEN_MAC_LANES[1].u_mac_lane/mul_90_60_I2/B[8] 	 (fanout : 8)
hpin:tr_soc_top_mx/u_dot/GEN_MAC_LANES[1].u_mac_lane/mul_91_71_I2/A[8] 	 (fanout : 9)
hpin:tr_soc_top_mx/u_dot/GEN_MAC_LANES[1].u_mac_lane/mul_91_71_I2/B[8] 	 (fanout : 9)
hpin:tr_soc_top_mx/u_dot/GEN_MAC_LANES[1].u_mac_lane/mul_90_60_I1/B[8] 	 (fanout : 8)
hpin:tr_soc_top_mx/u_dot/GEN_MAC_LANES[1].u_mac_lane/mul_91_71_I1/A[8] 	 (fanout : 9)
hpin:tr_soc_top_mx/u_dot/GEN_MAC_LANES[1].u_mac_lane/mul_91_71_I1/B[8] 	 (fanout : 9)
hpin:tr_soc_top_mx/u_dot/GEN_MAC_LANES[2].u_mac_lane/mul_90_60_I8/B[8] 	 (fanout : 8)
hpin:tr_soc_top_mx/u_dot/GEN_MAC_LANES[2].u_mac_lane/mul_91_71_I8/A[8] 	 (fanout : 9)
hpin:tr_soc_top_mx/u_dot/GEN_MAC_LANES[2].u_mac_lane/mul_91_71_I8/B[8] 	 (fanout : 9)
hpin:tr_soc_top_mx/u_dot/GEN_MAC_LANES[2].u_mac_lane/mul_90_60_I7/B[8] 	 (fanout : 8)
hpin:tr_soc_top_mx/u_dot/GEN_MAC_LANES[2].u_mac_lane/mul_91_71_I7/A[8] 	 (fanout : 9)
hpin:tr_soc_top_mx/u_dot/GEN_MAC_LANES[2].u_mac_lane/mul_91_71_I7/B[8] 	 (fanout : 9)
hpin:tr_soc_top_mx/u_dot/GEN_MAC_LANES[2].u_mac_lane/mul_90_60_I6/B[8] 	 (fanout : 8)
hpin:tr_soc_top_mx/u_dot/GEN_MAC_LANES[2].u_mac_lane/mul_91_71_I6/A[8] 	 (fanout : 9)
hpin:tr_soc_top_mx/u_dot/GEN_MAC_LANES[2].u_mac_lane/mul_91_71_I6/B[8] 	 (fanout : 9)
hpin:tr_soc_top_mx/u_dot/GEN_MAC_LANES[2].u_mac_lane/mul_90_60_I5/B[8] 	 (fanout : 8)
hpin:tr_soc_top_mx/u_dot/GEN_MAC_LANES[2].u_mac_lane/mul_91_71_I5/A[8] 	 (fanout : 9)
hpin:tr_soc_top_mx/u_dot/GEN_MAC_LANES[2].u_mac_lane/mul_91_71_I5/B[8] 	 (fanout : 9)
hpin:tr_soc_top_mx/u_dot/GEN_MAC_LANES[2].u_mac_lane/mul_90_60_I4/B[8] 	 (fanout : 8)
hpin:tr_soc_top_mx/u_dot/GEN_MAC_LANES[2].u_mac_lane/mul_91_71_I4/A[8] 	 (fanout : 9)
hpin:tr_soc_top_mx/u_dot/GEN_MAC_LANES[2].u_mac_lane/mul_91_71_I4/B[8] 	 (fanout : 9)
hpin:tr_soc_top_mx/u_dot/GEN_MAC_LANES[2].u_mac_lane/mul_90_60_I3/B[8] 	 (fanout : 8)
hpin:tr_soc_top_mx/u_dot/GEN_MAC_LANES[2].u_mac_lane/mul_91_71_I3/A[8] 	 (fanout : 9)
hpin:tr_soc_top_mx/u_dot/GEN_MAC_LANES[2].u_mac_lane/mul_91_71_I3/B[8] 	 (fanout : 9)
hpin:tr_soc_top_mx/u_dot/GEN_MAC_LANES[2].u_mac_lane/mul_90_60_I2/B[8] 	 (fanout : 8)
hpin:tr_soc_top_mx/u_dot/GEN_MAC_LANES[2].u_mac_lane/mul_91_71_I2/A[8] 	 (fanout : 9)
hpin:tr_soc_top_mx/u_dot/GEN_MAC_LANES[2].u_mac_lane/mul_91_71_I2/B[8] 	 (fanout : 9)
hpin:tr_soc_top_mx/u_dot/GEN_MAC_LANES[2].u_mac_lane/mul_90_60_I1/B[8] 	 (fanout : 8)
hpin:tr_soc_top_mx/u_dot/GEN_MAC_LANES[2].u_mac_lane/mul_91_71_I1/A[8] 	 (fanout : 9)
hpin:tr_soc_top_mx/u_dot/GEN_MAC_LANES[2].u_mac_lane/mul_91_71_I1/B[8] 	 (fanout : 9)
hpin:tr_soc_top_mx/u_dot/GEN_MAC_LANES[3].u_mac_lane/mul_90_60_I8/B[8] 	 (fanout : 8)
hpin:tr_soc_top_mx/u_dot/GEN_MAC_LANES[3].u_mac_lane/mul_91_71_I8/A[8] 	 (fanout : 9)
hpin:tr_soc_top_mx/u_dot/GEN_MAC_LANES[3].u_mac_lane/mul_91_71_I8/B[8] 	 (fanout : 9)
hpin:tr_soc_top_mx/u_dot/GEN_MAC_LANES[3].u_mac_lane/mul_90_60_I7/B[8] 	 (fanout : 8)
hpin:tr_soc_top_mx/u_dot/GEN_MAC_LANES[3].u_mac_lane/mul_91_71_I7/A[8] 	 (fanout : 9)
hpin:tr_soc_top_mx/u_dot/GEN_MAC_LANES[3].u_mac_lane/mul_91_71_I7/B[8] 	 (fanout : 9)
hpin:tr_soc_top_mx/u_dot/GEN_MAC_LANES[3].u_mac_lane/mul_90_60_I6/B[8] 	 (fanout : 8)
hpin:tr_soc_top_mx/u_dot/GEN_MAC_LANES[3].u_mac_lane/mul_91_71_I6/A[8] 	 (fanout : 9)
hpin:tr_soc_top_mx/u_dot/GEN_MAC_LANES[3].u_mac_lane/mul_91_71_I6/B[8] 	 (fanout : 9)
hpin:tr_soc_top_mx/u_dot/GEN_MAC_LANES[3].u_mac_lane/mul_90_60_I5/B[8] 	 (fanout : 8)
hpin:tr_soc_top_mx/u_dot/GEN_MAC_LANES[3].u_mac_lane/mul_91_71_I5/A[8] 	 (fanout : 9)
hpin:tr_soc_top_mx/u_dot/GEN_MAC_LANES[3].u_mac_lane/mul_91_71_I5/B[8] 	 (fanout : 9)
hpin:tr_soc_top_mx/u_dot/GEN_MAC_LANES[3].u_mac_lane/mul_90_60_I4/B[8] 	 (fanout : 8)
hpin:tr_soc_top_mx/u_dot/GEN_MAC_LANES[3].u_mac_lane/mul_91_71_I4/A[8] 	 (fanout : 9)
hpin:tr_soc_top_mx/u_dot/GEN_MAC_LANES[3].u_mac_lane/mul_91_71_I4/B[8] 	 (fanout : 9)
hpin:tr_soc_top_mx/u_dot/GEN_MAC_LANES[3].u_mac_lane/mul_90_60_I3/B[8] 	 (fanout : 8)
hpin:tr_soc_top_mx/u_dot/GEN_MAC_LANES[3].u_mac_lane/mul_91_71_I3/A[8] 	 (fanout : 9)
hpin:tr_soc_top_mx/u_dot/GEN_MAC_LANES[3].u_mac_lane/mul_91_71_I3/B[8] 	 (fanout : 9)
hpin:tr_soc_top_mx/u_dot/GEN_MAC_LANES[3].u_mac_lane/mul_90_60_I2/B[8] 	 (fanout : 8)
hpin:tr_soc_top_mx/u_dot/GEN_MAC_LANES[3].u_mac_lane/mul_91_71_I2/A[8] 	 (fanout : 9)
hpin:tr_soc_top_mx/u_dot/GEN_MAC_LANES[3].u_mac_lane/mul_91_71_I2/B[8] 	 (fanout : 9)
hpin:tr_soc_top_mx/u_dot/GEN_MAC_LANES[3].u_mac_lane/mul_90_60_I1/B[8] 	 (fanout : 8)
hpin:tr_soc_top_mx/u_dot/GEN_MAC_LANES[3].u_mac_lane/mul_91_71_I1/A[8] 	 (fanout : 9)
hpin:tr_soc_top_mx/u_dot/GEN_MAC_LANES[3].u_mac_lane/mul_91_71_I1/B[8] 	 (fanout : 9)
hpin:tr_soc_top_mx/u_req_mx/minus_43_54_I4/A 	 (fanout : 62)
hpin:tr_soc_top_mx/u_req_mx/minus_43_54_I3/A 	 (fanout : 62)
hpin:tr_soc_top_mx/u_req_mx/minus_43_54_I2/A 	 (fanout : 62)
hpin:tr_soc_top_mx/u_req_mx/gt_44_33_I1/B 	 (fanout : 1)
hpin:tr_soc_top_mx/u_req_mx/minus_43_54_I1/A 	 (fanout : 62)
hpin:tr_soc_top_mx/u_req_mx/gt_80_23/B[2] 	 (fanout : 2)
hpin:tr_soc_top_mx/u_req_mx/gt_80_23/B[1] 	 (fanout : 2)
hpin:tr_soc_top_mx/u_req_mx/gt_80_23/B[0] 	 (fanout : 1)
hpin:tr_soc_top_mx/u_req_mx/sub_80_61/B[2] 	 (fanout : 1)
hpin:tr_soc_top_mx/u_req_mx/sub_80_61/B[1] 	 (fanout : 1)
hpin:tr_soc_top_mx/u_req_mx/sub_80_61/B[0] 	 (fanout : 2)
hpin:tr_soc_top_mx/u_req_mx/mux_comb_max_abs_44_33/in_0[31] 	 (fanout : 1)
hpin:tr_soc_top_mx/u_req_mx/mux_comb_max_abs_44_33/in_0[30] 	 (fanout : 1)
hpin:tr_soc_top_mx/u_req_mx/mux_comb_max_abs_44_33/in_0[29] 	 (fanout : 1)
hpin:tr_soc_top_mx/u_req_mx/mux_comb_max_abs_44_33/in_0[28] 	 (fanout : 1)
hpin:tr_soc_top_mx/u_req_mx/mux_comb_max_abs_44_33/in_0[27] 	 (fanout : 1)
hpin:tr_soc_top_mx/u_req_mx/mux_comb_max_abs_44_33/in_0[26] 	 (fanout : 1)
hpin:tr_soc_top_mx/u_req_mx/mux_comb_max_abs_44_33/in_0[25] 	 (fanout : 1)
hpin:tr_soc_top_mx/u_req_mx/mux_comb_max_abs_44_33/in_0[24] 	 (fanout : 1)
hpin:tr_soc_top_mx/u_req_mx/mux_comb_max_abs_44_33/in_0[23] 	 (fanout : 1)
hpin:tr_soc_top_mx/u_req_mx/mux_comb_max_abs_44_33/in_0[22] 	 (fanout : 1)
hpin:tr_soc_top_mx/u_req_mx/mux_comb_max_abs_44_33/in_0[21] 	 (fanout : 1)
hpin:tr_soc_top_mx/u_req_mx/mux_comb_max_abs_44_33/in_0[20] 	 (fanout : 1)
hpin:tr_soc_top_mx/u_req_mx/mux_comb_max_abs_44_33/in_0[19] 	 (fanout : 1)
hpin:tr_soc_top_mx/u_req_mx/mux_comb_max_abs_44_33/in_0[18] 	 (fanout : 1)
hpin:tr_soc_top_mx/u_req_mx/mux_comb_max_abs_44_33/in_0[17] 	 (fanout : 1)
hpin:tr_soc_top_mx/u_req_mx/mux_comb_max_abs_44_33/in_0[16] 	 (fanout : 1)
hpin:tr_soc_top_mx/u_req_mx/mux_comb_max_abs_44_33/in_0[15] 	 (fanout : 1)
hpin:tr_soc_top_mx/u_req_mx/mux_comb_max_abs_44_33/in_0[14] 	 (fanout : 1)
hpin:tr_soc_top_mx/u_req_mx/mux_comb_max_abs_44_33/in_0[13] 	 (fanout : 1)
hpin:tr_soc_top_mx/u_req_mx/mux_comb_max_abs_44_33/in_0[12] 	 (fanout : 1)
hpin:tr_soc_top_mx/u_req_mx/mux_comb_max_abs_44_33/in_0[11] 	 (fanout : 1)
hpin:tr_soc_top_mx/u_req_mx/mux_comb_max_abs_44_33/in_0[10] 	 (fanout : 1)
hpin:tr_soc_top_mx/u_req_mx/mux_comb_max_abs_44_33/in_0[9] 	 (fanout : 1)
hpin:tr_soc_top_mx/u_req_mx/mux_comb_max_abs_44_33/in_0[8] 	 (fanout : 1)
hpin:tr_soc_top_mx/u_req_mx/mux_comb_max_abs_44_33/in_0[7] 	 (fanout : 1)
hpin:tr_soc_top_mx/u_req_mx/mux_comb_max_abs_44_33/in_0[6] 	 (fanout : 1)
hpin:tr_soc_top_mx/u_req_mx/mux_comb_max_abs_44_33/in_0[5] 	 (fanout : 1)
hpin:tr_soc_top_mx/u_req_mx/mux_comb_max_abs_44_33/in_0[4] 	 (fanout : 1)
hpin:tr_soc_top_mx/u_req_mx/mux_comb_max_abs_44_33/in_0[3] 	 (fanout : 1)
hpin:tr_soc_top_mx/u_req_mx/mux_comb_max_abs_44_33/in_0[2] 	 (fanout : 1)
hpin:tr_soc_top_mx/u_req_mx/mux_comb_max_abs_44_33/in_0[1] 	 (fanout : 1)
hpin:tr_soc_top_mx/u_req_mx/mux_comb_max_abs_44_33/in_0[0] 	 (fanout : 1)
hpin:tr_soc_top_mx/u_req_mx/mux_bit_width_75_40/in_0[5] 	 (fanout : 1)
hpin:tr_soc_top_mx/u_req_mx/mux_bit_width_75_40/in_0[4] 	 (fanout : 1)
hpin:tr_soc_top_mx/u_req_mx/mux_bit_width_75_40/in_0[3] 	 (fanout : 1)
hpin:tr_soc_top_mx/u_req_mx/mux_bit_width_75_40/in_0[2] 	 (fanout : 1)
hpin:tr_soc_top_mx/u_req_mx/mux_bit_width_75_40/in_0[1] 	 (fanout : 1)
hpin:tr_soc_top_mx/u_req_mx/mux_bit_width_75_40/in_0[0] 	 (fanout : 1)
hpin:tr_soc_top_mx/u_req_mx/mux_bit_width_75_40/in_1[5] 	 (fanout : 1)
hpin:tr_soc_top_mx/u_req_mx/mux_bit_width_75_40/in_1[4] 	 (fanout : 1)
hpin:tr_soc_top_mx/u_req_mx/mux_bit_width_75_40/in_1[3] 	 (fanout : 1)
hpin:tr_soc_top_mx/u_req_mx/mux_bit_width_75_40/in_1[2] 	 (fanout : 1)
hpin:tr_soc_top_mx/u_req_mx/mux_bit_width_75_40/in_1[1] 	 (fanout : 1)
hpin:tr_soc_top_mx/u_req_mx/mux_bit_width_75_40/in_1[0] 	 (fanout : 1)
hpin:tr_soc_top_mx/u_req_mx/mux_bit_width_75_40/in_2[5] 	 (fanout : 1)
hpin:tr_soc_top_mx/u_req_mx/mux_bit_width_75_40/in_2[4] 	 (fanout : 1)
hpin:tr_soc_top_mx/u_req_mx/mux_bit_width_75_40/in_2[3] 	 (fanout : 1)
hpin:tr_soc_top_mx/u_req_mx/mux_bit_width_75_40/in_2[2] 	 (fanout : 1)
hpin:tr_soc_top_mx/u_req_mx/mux_bit_width_75_40/in_2[1] 	 (fanout : 1)
hpin:tr_soc_top_mx/u_req_mx/mux_bit_width_75_40/in_2[0] 	 (fanout : 1)
hpin:tr_soc_top_mx/u_req_mx/mux_bit_width_75_40/in_3[5] 	 (fanout : 1)
hpin:tr_soc_top_mx/u_req_mx/mux_bit_width_75_40/in_3[4] 	 (fanout : 1)
hpin:tr_soc_top_mx/u_req_mx/mux_bit_width_75_40/in_3[3] 	 (fanout : 1)
hpin:tr_soc_top_mx/u_req_mx/mux_bit_width_75_40/in_3[2] 	 (fanout : 1)
hpin:tr_soc_top_mx/u_req_mx/mux_bit_width_75_40/in_3[1] 	 (fanout : 1)
hpin:tr_soc_top_mx/u_req_mx/mux_bit_width_75_40/in_3[0] 	 (fanout : 1)
hpin:tr_soc_top_mx/u_req_mx/mux_bit_width_75_40/in_4[5] 	 (fanout : 1)
hpin:tr_soc_top_mx/u_req_mx/mux_bit_width_75_40/in_4[4] 	 (fanout : 1)
hpin:tr_soc_top_mx/u_req_mx/mux_bit_width_75_40/in_4[3] 	 (fanout : 1)
hpin:tr_soc_top_mx/u_req_mx/mux_bit_width_75_40/in_4[2] 	 (fanout : 1)
hpin:tr_soc_top_mx/u_req_mx/mux_bit_width_75_40/in_4[1] 	 (fanout : 1)
hpin:tr_soc_top_mx/u_req_mx/mux_bit_width_75_40/in_4[0] 	 (fanout : 1)
hpin:tr_soc_top_mx/u_req_mx/mux_bit_width_75_40/in_5[5] 	 (fanout : 1)
hpin:tr_soc_top_mx/u_req_mx/mux_bit_width_75_40/in_5[4] 	 (fanout : 1)
hpin:tr_soc_top_mx/u_req_mx/mux_bit_width_75_40/in_5[3] 	 (fanout : 1)
hpin:tr_soc_top_mx/u_req_mx/mux_bit_width_75_40/in_5[2] 	 (fanout : 1)
hpin:tr_soc_top_mx/u_req_mx/mux_bit_width_75_40/in_5[1] 	 (fanout : 1)
hpin:tr_soc_top_mx/u_req_mx/mux_bit_width_75_40/in_5[0] 	 (fanout : 1)
hpin:tr_soc_top_mx/u_req_mx/mux_bit_width_75_40/in_6[5] 	 (fanout : 1)
hpin:tr_soc_top_mx/u_req_mx/mux_bit_width_75_40/in_6[4] 	 (fanout : 1)
hpin:tr_soc_top_mx/u_req_mx/mux_bit_width_75_40/in_6[3] 	 (fanout : 1)
hpin:tr_soc_top_mx/u_req_mx/mux_bit_width_75_40/in_6[2] 	 (fanout : 1)
hpin:tr_soc_top_mx/u_req_mx/mux_bit_width_75_40/in_6[1] 	 (fanout : 1)
hpin:tr_soc_top_mx/u_req_mx/mux_bit_width_75_40/in_6[0] 	 (fanout : 1)
hpin:tr_soc_top_mx/u_req_mx/mux_bit_width_75_40/in_7[5] 	 (fanout : 1)
hpin:tr_soc_top_mx/u_req_mx/mux_bit_width_75_40/in_7[4] 	 (fanout : 1)
hpin:tr_soc_top_mx/u_req_mx/mux_bit_width_75_40/in_7[3] 	 (fanout : 1)
hpin:tr_soc_top_mx/u_req_mx/mux_bit_width_75_40/in_7[2] 	 (fanout : 1)
hpin:tr_soc_top_mx/u_req_mx/mux_bit_width_75_40/in_7[1] 	 (fanout : 1)
hpin:tr_soc_top_mx/u_req_mx/mux_bit_width_75_40/in_7[0] 	 (fanout : 1)
hpin:tr_soc_top_mx/u_req_mx/mux_bit_width_75_40/in_8[5] 	 (fanout : 1)
hpin:tr_soc_top_mx/u_req_mx/mux_bit_width_75_40/in_8[4] 	 (fanout : 1)
hpin:tr_soc_top_mx/u_req_mx/mux_bit_width_75_40/in_8[3] 	 (fanout : 1)
hpin:tr_soc_top_mx/u_req_mx/mux_bit_width_75_40/in_8[2] 	 (fanout : 1)
hpin:tr_soc_top_mx/u_req_mx/mux_bit_width_75_40/in_8[1] 	 (fanout : 1)
hpin:tr_soc_top_mx/u_req_mx/mux_bit_width_75_40/in_8[0] 	 (fanout : 1)
hpin:tr_soc_top_mx/u_req_mx/mux_bit_width_75_40/in_9[5] 	 (fanout : 1)
hpin:tr_soc_top_mx/u_req_mx/mux_bit_width_75_40/in_9[4] 	 (fanout : 1)
hpin:tr_soc_top_mx/u_req_mx/mux_bit_width_75_40/in_9[3] 	 (fanout : 1)
hpin:tr_soc_top_mx/u_req_mx/mux_bit_width_75_40/in_9[2] 	 (fanout : 1)
hpin:tr_soc_top_mx/u_req_mx/mux_bit_width_75_40/in_9[1] 	 (fanout : 1)
hpin:tr_soc_top_mx/u_req_mx/mux_bit_width_75_40/in_9[0] 	 (fanout : 1)
hpin:tr_soc_top_mx/u_req_mx/mux_bit_width_75_40/in_10[5] 	 (fanout : 1)
hpin:tr_soc_top_mx/u_req_mx/mux_bit_width_75_40/in_10[4] 	 (fanout : 1)
hpin:tr_soc_top_mx/u_req_mx/mux_bit_width_75_40/in_10[3] 	 (fanout : 1)
hpin:tr_soc_top_mx/u_req_mx/mux_bit_width_75_40/in_10[2] 	 (fanout : 1)
hpin:tr_soc_top_mx/u_req_mx/mux_bit_width_75_40/in_10[1] 	 (fanout : 1)
hpin:tr_soc_top_mx/u_req_mx/mux_bit_width_75_40/in_10[0] 	 (fanout : 1)
hpin:tr_soc_top_mx/u_req_mx/mux_bit_width_75_40/in_11[5] 	 (fanout : 1)
hpin:tr_soc_top_mx/u_req_mx/mux_bit_width_75_40/in_11[4] 	 (fanout : 1)
hpin:tr_soc_top_mx/u_req_mx/mux_bit_width_75_40/in_11[3] 	 (fanout : 1)
hpin:tr_soc_top_mx/u_req_mx/mux_bit_width_75_40/in_11[2] 	 (fanout : 1)
hpin:tr_soc_top_mx/u_req_mx/mux_bit_width_75_40/in_11[1] 	 (fanout : 1)
hpin:tr_soc_top_mx/u_req_mx/mux_bit_width_75_40/in_11[0] 	 (fanout : 1)
hpin:tr_soc_top_mx/u_req_mx/mux_bit_width_75_40/in_12[5] 	 (fanout : 1)
hpin:tr_soc_top_mx/u_req_mx/mux_bit_width_75_40/in_12[4] 	 (fanout : 1)
hpin:tr_soc_top_mx/u_req_mx/mux_bit_width_75_40/in_12[3] 	 (fanout : 1)
hpin:tr_soc_top_mx/u_req_mx/mux_bit_width_75_40/in_12[2] 	 (fanout : 1)
hpin:tr_soc_top_mx/u_req_mx/mux_bit_width_75_40/in_12[1] 	 (fanout : 1)
hpin:tr_soc_top_mx/u_req_mx/mux_bit_width_75_40/in_12[0] 	 (fanout : 1)
hpin:tr_soc_top_mx/u_req_mx/mux_bit_width_75_40/in_13[5] 	 (fanout : 1)
hpin:tr_soc_top_mx/u_req_mx/mux_bit_width_75_40/in_13[4] 	 (fanout : 1)
hpin:tr_soc_top_mx/u_req_mx/mux_bit_width_75_40/in_13[3] 	 (fanout : 1)
hpin:tr_soc_top_mx/u_req_mx/mux_bit_width_75_40/in_13[2] 	 (fanout : 1)
hpin:tr_soc_top_mx/u_req_mx/mux_bit_width_75_40/in_13[1] 	 (fanout : 1)
hpin:tr_soc_top_mx/u_req_mx/mux_bit_width_75_40/in_13[0] 	 (fanout : 1)
hpin:tr_soc_top_mx/u_req_mx/mux_bit_width_75_40/in_14[5] 	 (fanout : 1)
hpin:tr_soc_top_mx/u_req_mx/mux_bit_width_75_40/in_14[4] 	 (fanout : 1)
hpin:tr_soc_top_mx/u_req_mx/mux_bit_width_75_40/in_14[3] 	 (fanout : 1)
hpin:tr_soc_top_mx/u_req_mx/mux_bit_width_75_40/in_14[2] 	 (fanout : 1)
hpin:tr_soc_top_mx/u_req_mx/mux_bit_width_75_40/in_14[1] 	 (fanout : 1)
hpin:tr_soc_top_mx/u_req_mx/mux_bit_width_75_40/in_14[0] 	 (fanout : 1)
hpin:tr_soc_top_mx/u_req_mx/mux_bit_width_75_40/in_15[5] 	 (fanout : 1)
hpin:tr_soc_top_mx/u_req_mx/mux_bit_width_75_40/in_15[4] 	 (fanout : 1)
hpin:tr_soc_top_mx/u_req_mx/mux_bit_width_75_40/in_15[3] 	 (fanout : 1)
hpin:tr_soc_top_mx/u_req_mx/mux_bit_width_75_40/in_15[2] 	 (fanout : 1)
hpin:tr_soc_top_mx/u_req_mx/mux_bit_width_75_40/in_15[1] 	 (fanout : 1)
hpin:tr_soc_top_mx/u_req_mx/mux_bit_width_75_40/in_15[0] 	 (fanout : 1)
hpin:tr_soc_top_mx/u_req_mx/mux_bit_width_75_40/in_16[5] 	 (fanout : 1)
hpin:tr_soc_top_mx/u_req_mx/mux_bit_width_75_40/in_16[4] 	 (fanout : 1)
hpin:tr_soc_top_mx/u_req_mx/mux_bit_width_75_40/in_16[3] 	 (fanout : 1)
hpin:tr_soc_top_mx/u_req_mx/mux_bit_width_75_40/in_16[2] 	 (fanout : 1)
hpin:tr_soc_top_mx/u_req_mx/mux_bit_width_75_40/in_16[1] 	 (fanout : 1)
hpin:tr_soc_top_mx/u_req_mx/mux_bit_width_75_40/in_16[0] 	 (fanout : 1)
hpin:tr_soc_top_mx/u_req_mx/mux_bit_width_75_40/in_17[5] 	 (fanout : 1)
hpin:tr_soc_top_mx/u_req_mx/mux_bit_width_75_40/in_17[4] 	 (fanout : 1)
hpin:tr_soc_top_mx/u_req_mx/mux_bit_width_75_40/in_17[3] 	 (fanout : 1)
hpin:tr_soc_top_mx/u_req_mx/mux_bit_width_75_40/in_17[2] 	 (fanout : 1)
hpin:tr_soc_top_mx/u_req_mx/mux_bit_width_75_40/in_17[1] 	 (fanout : 1)
hpin:tr_soc_top_mx/u_req_mx/mux_bit_width_75_40/in_17[0] 	 (fanout : 1)
hpin:tr_soc_top_mx/u_req_mx/mux_bit_width_75_40/in_18[5] 	 (fanout : 1)
hpin:tr_soc_top_mx/u_req_mx/mux_bit_width_75_40/in_18[4] 	 (fanout : 1)
hpin:tr_soc_top_mx/u_req_mx/mux_bit_width_75_40/in_18[3] 	 (fanout : 1)
hpin:tr_soc_top_mx/u_req_mx/mux_bit_width_75_40/in_18[2] 	 (fanout : 1)
hpin:tr_soc_top_mx/u_req_mx/mux_bit_width_75_40/in_18[1] 	 (fanout : 1)
hpin:tr_soc_top_mx/u_req_mx/mux_bit_width_75_40/in_18[0] 	 (fanout : 1)
hpin:tr_soc_top_mx/u_req_mx/mux_bit_width_75_40/in_19[5] 	 (fanout : 1)
hpin:tr_soc_top_mx/u_req_mx/mux_bit_width_75_40/in_19[4] 	 (fanout : 1)
hpin:tr_soc_top_mx/u_req_mx/mux_bit_width_75_40/in_19[3] 	 (fanout : 1)
hpin:tr_soc_top_mx/u_req_mx/mux_bit_width_75_40/in_19[2] 	 (fanout : 1)
hpin:tr_soc_top_mx/u_req_mx/mux_bit_width_75_40/in_19[1] 	 (fanout : 1)
hpin:tr_soc_top_mx/u_req_mx/mux_bit_width_75_40/in_19[0] 	 (fanout : 1)
hpin:tr_soc_top_mx/u_req_mx/mux_bit_width_75_40/in_20[5] 	 (fanout : 1)
hpin:tr_soc_top_mx/u_req_mx/mux_bit_width_75_40/in_20[4] 	 (fanout : 1)
hpin:tr_soc_top_mx/u_req_mx/mux_bit_width_75_40/in_20[3] 	 (fanout : 1)
hpin:tr_soc_top_mx/u_req_mx/mux_bit_width_75_40/in_20[2] 	 (fanout : 1)
hpin:tr_soc_top_mx/u_req_mx/mux_bit_width_75_40/in_20[1] 	 (fanout : 1)
hpin:tr_soc_top_mx/u_req_mx/mux_bit_width_75_40/in_20[0] 	 (fanout : 1)
hpin:tr_soc_top_mx/u_req_mx/mux_bit_width_75_40/in_21[5] 	 (fanout : 1)
hpin:tr_soc_top_mx/u_req_mx/mux_bit_width_75_40/in_21[4] 	 (fanout : 1)
hpin:tr_soc_top_mx/u_req_mx/mux_bit_width_75_40/in_21[3] 	 (fanout : 1)
hpin:tr_soc_top_mx/u_req_mx/mux_bit_width_75_40/in_21[2] 	 (fanout : 1)
hpin:tr_soc_top_mx/u_req_mx/mux_bit_width_75_40/in_21[1] 	 (fanout : 1)
hpin:tr_soc_top_mx/u_req_mx/mux_bit_width_75_40/in_21[0] 	 (fanout : 1)
hpin:tr_soc_top_mx/u_req_mx/mux_bit_width_75_40/in_22[5] 	 (fanout : 1)
hpin:tr_soc_top_mx/u_req_mx/mux_bit_width_75_40/in_22[4] 	 (fanout : 1)
hpin:tr_soc_top_mx/u_req_mx/mux_bit_width_75_40/in_22[3] 	 (fanout : 1)
hpin:tr_soc_top_mx/u_req_mx/mux_bit_width_75_40/in_22[2] 	 (fanout : 1)
hpin:tr_soc_top_mx/u_req_mx/mux_bit_width_75_40/in_22[1] 	 (fanout : 1)
hpin:tr_soc_top_mx/u_req_mx/mux_bit_width_75_40/in_22[0] 	 (fanout : 1)
hpin:tr_soc_top_mx/u_req_mx/mux_bit_width_75_40/in_23[5] 	 (fanout : 1)
hpin:tr_soc_top_mx/u_req_mx/mux_bit_width_75_40/in_23[4] 	 (fanout : 1)
hpin:tr_soc_top_mx/u_req_mx/mux_bit_width_75_40/in_23[3] 	 (fanout : 1)
hpin:tr_soc_top_mx/u_req_mx/mux_bit_width_75_40/in_23[2] 	 (fanout : 1)
hpin:tr_soc_top_mx/u_req_mx/mux_bit_width_75_40/in_23[1] 	 (fanout : 1)
hpin:tr_soc_top_mx/u_req_mx/mux_bit_width_75_40/in_23[0] 	 (fanout : 1)
hpin:tr_soc_top_mx/u_req_mx/mux_bit_width_75_40/in_24[5] 	 (fanout : 1)
hpin:tr_soc_top_mx/u_req_mx/mux_bit_width_75_40/in_24[4] 	 (fanout : 1)
hpin:tr_soc_top_mx/u_req_mx/mux_bit_width_75_40/in_24[3] 	 (fanout : 1)
hpin:tr_soc_top_mx/u_req_mx/mux_bit_width_75_40/in_24[2] 	 (fanout : 1)
hpin:tr_soc_top_mx/u_req_mx/mux_bit_width_75_40/in_24[1] 	 (fanout : 1)
hpin:tr_soc_top_mx/u_req_mx/mux_bit_width_75_40/in_24[0] 	 (fanout : 1)
hpin:tr_soc_top_mx/u_req_mx/mux_bit_width_75_40/in_25[5] 	 (fanout : 1)
hpin:tr_soc_top_mx/u_req_mx/mux_bit_width_75_40/in_25[4] 	 (fanout : 1)
hpin:tr_soc_top_mx/u_req_mx/mux_bit_width_75_40/in_25[3] 	 (fanout : 1)
hpin:tr_soc_top_mx/u_req_mx/mux_bit_width_75_40/in_25[2] 	 (fanout : 1)
hpin:tr_soc_top_mx/u_req_mx/mux_bit_width_75_40/in_25[1] 	 (fanout : 1)
hpin:tr_soc_top_mx/u_req_mx/mux_bit_width_75_40/in_25[0] 	 (fanout : 1)
hpin:tr_soc_top_mx/u_req_mx/mux_bit_width_75_40/in_26[5] 	 (fanout : 1)
hpin:tr_soc_top_mx/u_req_mx/mux_bit_width_75_40/in_26[4] 	 (fanout : 1)
hpin:tr_soc_top_mx/u_req_mx/mux_bit_width_75_40/in_26[3] 	 (fanout : 1)
hpin:tr_soc_top_mx/u_req_mx/mux_bit_width_75_40/in_26[2] 	 (fanout : 1)
hpin:tr_soc_top_mx/u_req_mx/mux_bit_width_75_40/in_26[1] 	 (fanout : 1)
hpin:tr_soc_top_mx/u_req_mx/mux_bit_width_75_40/in_26[0] 	 (fanout : 1)
hpin:tr_soc_top_mx/u_req_mx/mux_bit_width_75_40/in_27[5] 	 (fanout : 1)
hpin:tr_soc_top_mx/u_req_mx/mux_bit_width_75_40/in_27[4] 	 (fanout : 1)
hpin:tr_soc_top_mx/u_req_mx/mux_bit_width_75_40/in_27[3] 	 (fanout : 1)
hpin:tr_soc_top_mx/u_req_mx/mux_bit_width_75_40/in_27[2] 	 (fanout : 1)
hpin:tr_soc_top_mx/u_req_mx/mux_bit_width_75_40/in_27[1] 	 (fanout : 1)
hpin:tr_soc_top_mx/u_req_mx/mux_bit_width_75_40/in_27[0] 	 (fanout : 1)
hpin:tr_soc_top_mx/u_req_mx/mux_bit_width_75_40/in_28[5] 	 (fanout : 1)
hpin:tr_soc_top_mx/u_req_mx/mux_bit_width_75_40/in_28[4] 	 (fanout : 1)
hpin:tr_soc_top_mx/u_req_mx/mux_bit_width_75_40/in_28[3] 	 (fanout : 1)
hpin:tr_soc_top_mx/u_req_mx/mux_bit_width_75_40/in_28[2] 	 (fanout : 1)
hpin:tr_soc_top_mx/u_req_mx/mux_bit_width_75_40/in_28[1] 	 (fanout : 1)
hpin:tr_soc_top_mx/u_req_mx/mux_bit_width_75_40/in_28[0] 	 (fanout : 1)
hpin:tr_soc_top_mx/u_req_mx/mux_bit_width_75_40/in_29[5] 	 (fanout : 1)
hpin:tr_soc_top_mx/u_req_mx/mux_bit_width_75_40/in_29[4] 	 (fanout : 1)
hpin:tr_soc_top_mx/u_req_mx/mux_bit_width_75_40/in_29[3] 	 (fanout : 1)
hpin:tr_soc_top_mx/u_req_mx/mux_bit_width_75_40/in_29[2] 	 (fanout : 1)
hpin:tr_soc_top_mx/u_req_mx/mux_bit_width_75_40/in_29[1] 	 (fanout : 1)
hpin:tr_soc_top_mx/u_req_mx/mux_bit_width_75_40/in_29[0] 	 (fanout : 1)
hpin:tr_soc_top_mx/u_req_mx/mux_bit_width_75_40/in_30[5] 	 (fanout : 1)
hpin:tr_soc_top_mx/u_req_mx/mux_bit_width_75_40/in_30[4] 	 (fanout : 1)
hpin:tr_soc_top_mx/u_req_mx/mux_bit_width_75_40/in_30[3] 	 (fanout : 1)
hpin:tr_soc_top_mx/u_req_mx/mux_bit_width_75_40/in_30[2] 	 (fanout : 1)
hpin:tr_soc_top_mx/u_req_mx/mux_bit_width_75_40/in_30[1] 	 (fanout : 1)
hpin:tr_soc_top_mx/u_req_mx/mux_bit_width_75_40/in_30[0] 	 (fanout : 1)
hpin:tr_soc_top_mx/u_req_mx/mux_bit_width_75_40/in_31[5] 	 (fanout : 1)
hpin:tr_soc_top_mx/u_req_mx/mux_bit_width_75_40/in_31[4] 	 (fanout : 1)
hpin:tr_soc_top_mx/u_req_mx/mux_bit_width_75_40/in_31[3] 	 (fanout : 1)
hpin:tr_soc_top_mx/u_req_mx/mux_bit_width_75_40/in_31[2] 	 (fanout : 1)
hpin:tr_soc_top_mx/u_req_mx/mux_bit_width_75_40/in_31[1] 	 (fanout : 1)
hpin:tr_soc_top_mx/u_req_mx/mux_bit_width_75_40/in_31[0] 	 (fanout : 1)
hpin:tr_soc_top_mx/u_req_mx/mux_bit_width_75_40/in_32[5] 	 (fanout : 1)
hpin:tr_soc_top_mx/u_req_mx/mux_bit_width_75_40/in_32[4] 	 (fanout : 1)
hpin:tr_soc_top_mx/u_req_mx/mux_bit_width_75_40/in_32[3] 	 (fanout : 1)
hpin:tr_soc_top_mx/u_req_mx/mux_bit_width_75_40/in_32[2] 	 (fanout : 1)
hpin:tr_soc_top_mx/u_req_mx/mux_bit_width_75_40/in_32[1] 	 (fanout : 1)
hpin:tr_soc_top_mx/u_req_mx/mux_bit_width_75_40/in_32[0] 	 (fanout : 1)
hpin:tr_soc_top_mx/u_req_mx/mux_comp_shift_80_23/in_0[7] 	 (fanout : 1)
hpin:tr_soc_top_mx/u_req_mx/mux_comp_shift_80_23/in_0[6] 	 (fanout : 1)
hpin:tr_soc_top_mx/u_req_mx/mux_comp_shift_80_23/in_0[5] 	 (fanout : 1)
hpin:tr_soc_top_mx/u_req_mx/mux_comp_shift_80_23/in_0[4] 	 (fanout : 1)
hpin:tr_soc_top_mx/u_req_mx/mux_comp_shift_80_23/in_0[3] 	 (fanout : 1)
hpin:tr_soc_top_mx/u_req_mx/mux_comp_shift_80_23/in_0[2] 	 (fanout : 1)
hpin:tr_soc_top_mx/u_req_mx/mux_comp_shift_80_23/in_0[1] 	 (fanout : 1)
hpin:tr_soc_top_mx/u_req_mx/mux_comp_shift_80_23/in_0[0] 	 (fanout : 1)
hpin:tr_soc_top_mx/u_vpu/u_sub/lt_32_22_I8/B[15] 	 (fanout : 3)
hpin:tr_soc_top_mx/u_vpu/u_sub/lt_32_22_I8/B[14] 	 (fanout : 1)
hpin:tr_soc_top_mx/u_vpu/u_sub/lt_32_22_I8/B[13] 	 (fanout : 1)
hpin:tr_soc_top_mx/u_vpu/u_sub/lt_32_22_I8/B[12] 	 (fanout : 1)
hpin:tr_soc_top_mx/u_vpu/u_sub/lt_32_22_I8/B[11] 	 (fanout : 1)
hpin:tr_soc_top_mx/u_vpu/u_sub/lt_32_22_I8/B[10] 	 (fanout : 1)
hpin:tr_soc_top_mx/u_vpu/u_sub/lt_32_22_I8/B[9] 	 (fanout : 1)
hpin:tr_soc_top_mx/u_vpu/u_sub/lt_32_22_I8/B[8] 	 (fanout : 1)
hpin:tr_soc_top_mx/u_vpu/u_sub/lt_32_22_I8/B[7] 	 (fanout : 1)
hpin:tr_soc_top_mx/u_vpu/u_sub/lt_32_22_I8/B[6] 	 (fanout : 1)
hpin:tr_soc_top_mx/u_vpu/u_sub/lt_32_22_I8/B[5] 	 (fanout : 1)
hpin:tr_soc_top_mx/u_vpu/u_sub/lt_32_22_I8/B[4] 	 (fanout : 1)
hpin:tr_soc_top_mx/u_vpu/u_sub/lt_32_22_I8/B[3] 	 (fanout : 1)
hpin:tr_soc_top_mx/u_vpu/u_sub/lt_32_22_I8/B[2] 	 (fanout : 1)
hpin:tr_soc_top_mx/u_vpu/u_sub/lt_32_22_I8/B[1] 	 (fanout : 1)
hpin:tr_soc_top_mx/u_vpu/u_sub/lt_32_22_I8/B[0] 	 (fanout : 1)
hpin:tr_soc_top_mx/u_vpu/u_sub/gt_34_31_I8/B[15] 	 (fanout : 3)
hpin:tr_soc_top_mx/u_vpu/u_sub/gt_34_31_I8/B[14] 	 (fanout : 2)
hpin:tr_soc_top_mx/u_vpu/u_sub/gt_34_31_I8/B[13] 	 (fanout : 2)
hpin:tr_soc_top_mx/u_vpu/u_sub/gt_34_31_I8/B[12] 	 (fanout : 2)
hpin:tr_soc_top_mx/u_vpu/u_sub/gt_34_31_I8/B[11] 	 (fanout : 2)
hpin:tr_soc_top_mx/u_vpu/u_sub/gt_34_31_I8/B[10] 	 (fanout : 2)
hpin:tr_soc_top_mx/u_vpu/u_sub/gt_34_31_I8/B[9] 	 (fanout : 2)
hpin:tr_soc_top_mx/u_vpu/u_sub/gt_34_31_I8/B[8] 	 (fanout : 2)
hpin:tr_soc_top_mx/u_vpu/u_sub/gt_34_31_I8/B[7] 	 (fanout : 2)
hpin:tr_soc_top_mx/u_vpu/u_sub/gt_34_31_I8/B[6] 	 (fanout : 2)
hpin:tr_soc_top_mx/u_vpu/u_sub/gt_34_31_I8/B[5] 	 (fanout : 2)
hpin:tr_soc_top_mx/u_vpu/u_sub/gt_34_31_I8/B[4] 	 (fanout : 2)
hpin:tr_soc_top_mx/u_vpu/u_sub/gt_34_31_I8/B[3] 	 (fanout : 2)
hpin:tr_soc_top_mx/u_vpu/u_sub/gt_34_31_I8/B[2] 	 (fanout : 2)
hpin:tr_soc_top_mx/u_vpu/u_sub/gt_34_31_I8/B[1] 	 (fanout : 2)
hpin:tr_soc_top_mx/u_vpu/u_sub/gt_34_31_I8/B[0] 	 (fanout : 1)
hpin:tr_soc_top_mx/u_vpu/u_sub/lt_32_22_I7/B[15] 	 (fanout : 3)
hpin:tr_soc_top_mx/u_vpu/u_sub/lt_32_22_I7/B[14] 	 (fanout : 1)
hpin:tr_soc_top_mx/u_vpu/u_sub/lt_32_22_I7/B[13] 	 (fanout : 1)
hpin:tr_soc_top_mx/u_vpu/u_sub/lt_32_22_I7/B[12] 	 (fanout : 1)
hpin:tr_soc_top_mx/u_vpu/u_sub/lt_32_22_I7/B[11] 	 (fanout : 1)
hpin:tr_soc_top_mx/u_vpu/u_sub/lt_32_22_I7/B[10] 	 (fanout : 1)
hpin:tr_soc_top_mx/u_vpu/u_sub/lt_32_22_I7/B[9] 	 (fanout : 1)
hpin:tr_soc_top_mx/u_vpu/u_sub/lt_32_22_I7/B[8] 	 (fanout : 1)
hpin:tr_soc_top_mx/u_vpu/u_sub/lt_32_22_I7/B[7] 	 (fanout : 1)
hpin:tr_soc_top_mx/u_vpu/u_sub/lt_32_22_I7/B[6] 	 (fanout : 1)
hpin:tr_soc_top_mx/u_vpu/u_sub/lt_32_22_I7/B[5] 	 (fanout : 1)
hpin:tr_soc_top_mx/u_vpu/u_sub/lt_32_22_I7/B[4] 	 (fanout : 1)
hpin:tr_soc_top_mx/u_vpu/u_sub/lt_32_22_I7/B[3] 	 (fanout : 1)
hpin:tr_soc_top_mx/u_vpu/u_sub/lt_32_22_I7/B[2] 	 (fanout : 1)
hpin:tr_soc_top_mx/u_vpu/u_sub/lt_32_22_I7/B[1] 	 (fanout : 1)
hpin:tr_soc_top_mx/u_vpu/u_sub/lt_32_22_I7/B[0] 	 (fanout : 1)
hpin:tr_soc_top_mx/u_vpu/u_sub/gt_34_31_I7/B[15] 	 (fanout : 3)
hpin:tr_soc_top_mx/u_vpu/u_sub/gt_34_31_I7/B[14] 	 (fanout : 2)
hpin:tr_soc_top_mx/u_vpu/u_sub/gt_34_31_I7/B[13] 	 (fanout : 2)
hpin:tr_soc_top_mx/u_vpu/u_sub/gt_34_31_I7/B[12] 	 (fanout : 2)
hpin:tr_soc_top_mx/u_vpu/u_sub/gt_34_31_I7/B[11] 	 (fanout : 2)
hpin:tr_soc_top_mx/u_vpu/u_sub/gt_34_31_I7/B[10] 	 (fanout : 2)
hpin:tr_soc_top_mx/u_vpu/u_sub/gt_34_31_I7/B[9] 	 (fanout : 2)
hpin:tr_soc_top_mx/u_vpu/u_sub/gt_34_31_I7/B[8] 	 (fanout : 2)
hpin:tr_soc_top_mx/u_vpu/u_sub/gt_34_31_I7/B[7] 	 (fanout : 2)
hpin:tr_soc_top_mx/u_vpu/u_sub/gt_34_31_I7/B[6] 	 (fanout : 2)
hpin:tr_soc_top_mx/u_vpu/u_sub/gt_34_31_I7/B[5] 	 (fanout : 2)
hpin:tr_soc_top_mx/u_vpu/u_sub/gt_34_31_I7/B[4] 	 (fanout : 2)
hpin:tr_soc_top_mx/u_vpu/u_sub/gt_34_31_I7/B[3] 	 (fanout : 2)
hpin:tr_soc_top_mx/u_vpu/u_sub/gt_34_31_I7/B[2] 	 (fanout : 2)
hpin:tr_soc_top_mx/u_vpu/u_sub/gt_34_31_I7/B[1] 	 (fanout : 2)
hpin:tr_soc_top_mx/u_vpu/u_sub/gt_34_31_I7/B[0] 	 (fanout : 1)
hpin:tr_soc_top_mx/u_vpu/u_sub/lt_32_22_I6/B[15] 	 (fanout : 3)
hpin:tr_soc_top_mx/u_vpu/u_sub/lt_32_22_I6/B[14] 	 (fanout : 1)
hpin:tr_soc_top_mx/u_vpu/u_sub/lt_32_22_I6/B[13] 	 (fanout : 1)
hpin:tr_soc_top_mx/u_vpu/u_sub/lt_32_22_I6/B[12] 	 (fanout : 1)
hpin:tr_soc_top_mx/u_vpu/u_sub/lt_32_22_I6/B[11] 	 (fanout : 1)
hpin:tr_soc_top_mx/u_vpu/u_sub/lt_32_22_I6/B[10] 	 (fanout : 1)
hpin:tr_soc_top_mx/u_vpu/u_sub/lt_32_22_I6/B[9] 	 (fanout : 1)
hpin:tr_soc_top_mx/u_vpu/u_sub/lt_32_22_I6/B[8] 	 (fanout : 1)
hpin:tr_soc_top_mx/u_vpu/u_sub/lt_32_22_I6/B[7] 	 (fanout : 1)
hpin:tr_soc_top_mx/u_vpu/u_sub/lt_32_22_I6/B[6] 	 (fanout : 1)
hpin:tr_soc_top_mx/u_vpu/u_sub/lt_32_22_I6/B[5] 	 (fanout : 1)
hpin:tr_soc_top_mx/u_vpu/u_sub/lt_32_22_I6/B[4] 	 (fanout : 1)
hpin:tr_soc_top_mx/u_vpu/u_sub/lt_32_22_I6/B[3] 	 (fanout : 1)
hpin:tr_soc_top_mx/u_vpu/u_sub/lt_32_22_I6/B[2] 	 (fanout : 1)
hpin:tr_soc_top_mx/u_vpu/u_sub/lt_32_22_I6/B[1] 	 (fanout : 1)
hpin:tr_soc_top_mx/u_vpu/u_sub/lt_32_22_I6/B[0] 	 (fanout : 1)
hpin:tr_soc_top_mx/u_vpu/u_sub/gt_34_31_I6/B[15] 	 (fanout : 3)
hpin:tr_soc_top_mx/u_vpu/u_sub/gt_34_31_I6/B[14] 	 (fanout : 2)
hpin:tr_soc_top_mx/u_vpu/u_sub/gt_34_31_I6/B[13] 	 (fanout : 2)
hpin:tr_soc_top_mx/u_vpu/u_sub/gt_34_31_I6/B[12] 	 (fanout : 2)
hpin:tr_soc_top_mx/u_vpu/u_sub/gt_34_31_I6/B[11] 	 (fanout : 2)
hpin:tr_soc_top_mx/u_vpu/u_sub/gt_34_31_I6/B[10] 	 (fanout : 2)
hpin:tr_soc_top_mx/u_vpu/u_sub/gt_34_31_I6/B[9] 	 (fanout : 2)
hpin:tr_soc_top_mx/u_vpu/u_sub/gt_34_31_I6/B[8] 	 (fanout : 2)
hpin:tr_soc_top_mx/u_vpu/u_sub/gt_34_31_I6/B[7] 	 (fanout : 2)
hpin:tr_soc_top_mx/u_vpu/u_sub/gt_34_31_I6/B[6] 	 (fanout : 2)
hpin:tr_soc_top_mx/u_vpu/u_sub/gt_34_31_I6/B[5] 	 (fanout : 2)
hpin:tr_soc_top_mx/u_vpu/u_sub/gt_34_31_I6/B[4] 	 (fanout : 2)
hpin:tr_soc_top_mx/u_vpu/u_sub/gt_34_31_I6/B[3] 	 (fanout : 2)
hpin:tr_soc_top_mx/u_vpu/u_sub/gt_34_31_I6/B[2] 	 (fanout : 2)
hpin:tr_soc_top_mx/u_vpu/u_sub/gt_34_31_I6/B[1] 	 (fanout : 2)
hpin:tr_soc_top_mx/u_vpu/u_sub/gt_34_31_I6/B[0] 	 (fanout : 1)
hpin:tr_soc_top_mx/u_vpu/u_sub/lt_32_22_I5/B[15] 	 (fanout : 3)
hpin:tr_soc_top_mx/u_vpu/u_sub/lt_32_22_I5/B[14] 	 (fanout : 1)
hpin:tr_soc_top_mx/u_vpu/u_sub/lt_32_22_I5/B[13] 	 (fanout : 1)
hpin:tr_soc_top_mx/u_vpu/u_sub/lt_32_22_I5/B[12] 	 (fanout : 1)
hpin:tr_soc_top_mx/u_vpu/u_sub/lt_32_22_I5/B[11] 	 (fanout : 1)
hpin:tr_soc_top_mx/u_vpu/u_sub/lt_32_22_I5/B[10] 	 (fanout : 1)
hpin:tr_soc_top_mx/u_vpu/u_sub/lt_32_22_I5/B[9] 	 (fanout : 1)
hpin:tr_soc_top_mx/u_vpu/u_sub/lt_32_22_I5/B[8] 	 (fanout : 1)
hpin:tr_soc_top_mx/u_vpu/u_sub/lt_32_22_I5/B[7] 	 (fanout : 1)
hpin:tr_soc_top_mx/u_vpu/u_sub/lt_32_22_I5/B[6] 	 (fanout : 1)
hpin:tr_soc_top_mx/u_vpu/u_sub/lt_32_22_I5/B[5] 	 (fanout : 1)
hpin:tr_soc_top_mx/u_vpu/u_sub/lt_32_22_I5/B[4] 	 (fanout : 1)
hpin:tr_soc_top_mx/u_vpu/u_sub/lt_32_22_I5/B[3] 	 (fanout : 1)
hpin:tr_soc_top_mx/u_vpu/u_sub/lt_32_22_I5/B[2] 	 (fanout : 1)
hpin:tr_soc_top_mx/u_vpu/u_sub/lt_32_22_I5/B[1] 	 (fanout : 1)
hpin:tr_soc_top_mx/u_vpu/u_sub/lt_32_22_I5/B[0] 	 (fanout : 1)
hpin:tr_soc_top_mx/u_vpu/u_sub/gt_34_31_I5/B[15] 	 (fanout : 3)
hpin:tr_soc_top_mx/u_vpu/u_sub/gt_34_31_I5/B[14] 	 (fanout : 2)
hpin:tr_soc_top_mx/u_vpu/u_sub/gt_34_31_I5/B[13] 	 (fanout : 2)
hpin:tr_soc_top_mx/u_vpu/u_sub/gt_34_31_I5/B[12] 	 (fanout : 2)
hpin:tr_soc_top_mx/u_vpu/u_sub/gt_34_31_I5/B[11] 	 (fanout : 2)
hpin:tr_soc_top_mx/u_vpu/u_sub/gt_34_31_I5/B[10] 	 (fanout : 2)
hpin:tr_soc_top_mx/u_vpu/u_sub/gt_34_31_I5/B[9] 	 (fanout : 2)
hpin:tr_soc_top_mx/u_vpu/u_sub/gt_34_31_I5/B[8] 	 (fanout : 2)
hpin:tr_soc_top_mx/u_vpu/u_sub/gt_34_31_I5/B[7] 	 (fanout : 2)
hpin:tr_soc_top_mx/u_vpu/u_sub/gt_34_31_I5/B[6] 	 (fanout : 2)
hpin:tr_soc_top_mx/u_vpu/u_sub/gt_34_31_I5/B[5] 	 (fanout : 2)
hpin:tr_soc_top_mx/u_vpu/u_sub/gt_34_31_I5/B[4] 	 (fanout : 2)
hpin:tr_soc_top_mx/u_vpu/u_sub/gt_34_31_I5/B[3] 	 (fanout : 2)
hpin:tr_soc_top_mx/u_vpu/u_sub/gt_34_31_I5/B[2] 	 (fanout : 2)
hpin:tr_soc_top_mx/u_vpu/u_sub/gt_34_31_I5/B[1] 	 (fanout : 2)
hpin:tr_soc_top_mx/u_vpu/u_sub/gt_34_31_I5/B[0] 	 (fanout : 1)
hpin:tr_soc_top_mx/u_vpu/u_sub/lt_32_22_I4/B[15] 	 (fanout : 3)
hpin:tr_soc_top_mx/u_vpu/u_sub/lt_32_22_I4/B[14] 	 (fanout : 1)
hpin:tr_soc_top_mx/u_vpu/u_sub/lt_32_22_I4/B[13] 	 (fanout : 1)
hpin:tr_soc_top_mx/u_vpu/u_sub/lt_32_22_I4/B[12] 	 (fanout : 1)
hpin:tr_soc_top_mx/u_vpu/u_sub/lt_32_22_I4/B[11] 	 (fanout : 1)
hpin:tr_soc_top_mx/u_vpu/u_sub/lt_32_22_I4/B[10] 	 (fanout : 1)
hpin:tr_soc_top_mx/u_vpu/u_sub/lt_32_22_I4/B[9] 	 (fanout : 1)
hpin:tr_soc_top_mx/u_vpu/u_sub/lt_32_22_I4/B[8] 	 (fanout : 1)
hpin:tr_soc_top_mx/u_vpu/u_sub/lt_32_22_I4/B[7] 	 (fanout : 1)
hpin:tr_soc_top_mx/u_vpu/u_sub/lt_32_22_I4/B[6] 	 (fanout : 1)
hpin:tr_soc_top_mx/u_vpu/u_sub/lt_32_22_I4/B[5] 	 (fanout : 1)
hpin:tr_soc_top_mx/u_vpu/u_sub/lt_32_22_I4/B[4] 	 (fanout : 1)
hpin:tr_soc_top_mx/u_vpu/u_sub/lt_32_22_I4/B[3] 	 (fanout : 1)
hpin:tr_soc_top_mx/u_vpu/u_sub/lt_32_22_I4/B[2] 	 (fanout : 1)
hpin:tr_soc_top_mx/u_vpu/u_sub/lt_32_22_I4/B[1] 	 (fanout : 1)
hpin:tr_soc_top_mx/u_vpu/u_sub/lt_32_22_I4/B[0] 	 (fanout : 1)
hpin:tr_soc_top_mx/u_vpu/u_sub/gt_34_31_I4/B[15] 	 (fanout : 3)
hpin:tr_soc_top_mx/u_vpu/u_sub/gt_34_31_I4/B[14] 	 (fanout : 2)
hpin:tr_soc_top_mx/u_vpu/u_sub/gt_34_31_I4/B[13] 	 (fanout : 2)
hpin:tr_soc_top_mx/u_vpu/u_sub/gt_34_31_I4/B[12] 	 (fanout : 2)
hpin:tr_soc_top_mx/u_vpu/u_sub/gt_34_31_I4/B[11] 	 (fanout : 2)
hpin:tr_soc_top_mx/u_vpu/u_sub/gt_34_31_I4/B[10] 	 (fanout : 2)
hpin:tr_soc_top_mx/u_vpu/u_sub/gt_34_31_I4/B[9] 	 (fanout : 2)
hpin:tr_soc_top_mx/u_vpu/u_sub/gt_34_31_I4/B[8] 	 (fanout : 2)
hpin:tr_soc_top_mx/u_vpu/u_sub/gt_34_31_I4/B[7] 	 (fanout : 2)
hpin:tr_soc_top_mx/u_vpu/u_sub/gt_34_31_I4/B[6] 	 (fanout : 2)
hpin:tr_soc_top_mx/u_vpu/u_sub/gt_34_31_I4/B[5] 	 (fanout : 2)
hpin:tr_soc_top_mx/u_vpu/u_sub/gt_34_31_I4/B[4] 	 (fanout : 2)
hpin:tr_soc_top_mx/u_vpu/u_sub/gt_34_31_I4/B[3] 	 (fanout : 2)
hpin:tr_soc_top_mx/u_vpu/u_sub/gt_34_31_I4/B[2] 	 (fanout : 2)
hpin:tr_soc_top_mx/u_vpu/u_sub/gt_34_31_I4/B[1] 	 (fanout : 2)
hpin:tr_soc_top_mx/u_vpu/u_sub/gt_34_31_I4/B[0] 	 (fanout : 1)
hpin:tr_soc_top_mx/u_vpu/u_sub/lt_32_22_I3/B[15] 	 (fanout : 3)
hpin:tr_soc_top_mx/u_vpu/u_sub/lt_32_22_I3/B[14] 	 (fanout : 1)
hpin:tr_soc_top_mx/u_vpu/u_sub/lt_32_22_I3/B[13] 	 (fanout : 1)
hpin:tr_soc_top_mx/u_vpu/u_sub/lt_32_22_I3/B[12] 	 (fanout : 1)
hpin:tr_soc_top_mx/u_vpu/u_sub/lt_32_22_I3/B[11] 	 (fanout : 1)
hpin:tr_soc_top_mx/u_vpu/u_sub/lt_32_22_I3/B[10] 	 (fanout : 1)
hpin:tr_soc_top_mx/u_vpu/u_sub/lt_32_22_I3/B[9] 	 (fanout : 1)
hpin:tr_soc_top_mx/u_vpu/u_sub/lt_32_22_I3/B[8] 	 (fanout : 1)
hpin:tr_soc_top_mx/u_vpu/u_sub/lt_32_22_I3/B[7] 	 (fanout : 1)
hpin:tr_soc_top_mx/u_vpu/u_sub/lt_32_22_I3/B[6] 	 (fanout : 1)
hpin:tr_soc_top_mx/u_vpu/u_sub/lt_32_22_I3/B[5] 	 (fanout : 1)
hpin:tr_soc_top_mx/u_vpu/u_sub/lt_32_22_I3/B[4] 	 (fanout : 1)
hpin:tr_soc_top_mx/u_vpu/u_sub/lt_32_22_I3/B[3] 	 (fanout : 1)
hpin:tr_soc_top_mx/u_vpu/u_sub/lt_32_22_I3/B[2] 	 (fanout : 1)
hpin:tr_soc_top_mx/u_vpu/u_sub/lt_32_22_I3/B[1] 	 (fanout : 1)
hpin:tr_soc_top_mx/u_vpu/u_sub/lt_32_22_I3/B[0] 	 (fanout : 1)
hpin:tr_soc_top_mx/u_vpu/u_sub/gt_34_31_I3/B[15] 	 (fanout : 3)
hpin:tr_soc_top_mx/u_vpu/u_sub/gt_34_31_I3/B[14] 	 (fanout : 2)
hpin:tr_soc_top_mx/u_vpu/u_sub/gt_34_31_I3/B[13] 	 (fanout : 2)
hpin:tr_soc_top_mx/u_vpu/u_sub/gt_34_31_I3/B[12] 	 (fanout : 2)
hpin:tr_soc_top_mx/u_vpu/u_sub/gt_34_31_I3/B[11] 	 (fanout : 2)
hpin:tr_soc_top_mx/u_vpu/u_sub/gt_34_31_I3/B[10] 	 (fanout : 2)
hpin:tr_soc_top_mx/u_vpu/u_sub/gt_34_31_I3/B[9] 	 (fanout : 2)
hpin:tr_soc_top_mx/u_vpu/u_sub/gt_34_31_I3/B[8] 	 (fanout : 2)
hpin:tr_soc_top_mx/u_vpu/u_sub/gt_34_31_I3/B[7] 	 (fanout : 2)
hpin:tr_soc_top_mx/u_vpu/u_sub/gt_34_31_I3/B[6] 	 (fanout : 2)
hpin:tr_soc_top_mx/u_vpu/u_sub/gt_34_31_I3/B[5] 	 (fanout : 2)
hpin:tr_soc_top_mx/u_vpu/u_sub/gt_34_31_I3/B[4] 	 (fanout : 2)
hpin:tr_soc_top_mx/u_vpu/u_sub/gt_34_31_I3/B[3] 	 (fanout : 2)
hpin:tr_soc_top_mx/u_vpu/u_sub/gt_34_31_I3/B[2] 	 (fanout : 2)
hpin:tr_soc_top_mx/u_vpu/u_sub/gt_34_31_I3/B[1] 	 (fanout : 2)
hpin:tr_soc_top_mx/u_vpu/u_sub/gt_34_31_I3/B[0] 	 (fanout : 1)
hpin:tr_soc_top_mx/u_vpu/u_sub/lt_32_22_I2/B[15] 	 (fanout : 3)
hpin:tr_soc_top_mx/u_vpu/u_sub/lt_32_22_I2/B[14] 	 (fanout : 1)
hpin:tr_soc_top_mx/u_vpu/u_sub/lt_32_22_I2/B[13] 	 (fanout : 1)
hpin:tr_soc_top_mx/u_vpu/u_sub/lt_32_22_I2/B[12] 	 (fanout : 1)
hpin:tr_soc_top_mx/u_vpu/u_sub/lt_32_22_I2/B[11] 	 (fanout : 1)
hpin:tr_soc_top_mx/u_vpu/u_sub/lt_32_22_I2/B[10] 	 (fanout : 1)
hpin:tr_soc_top_mx/u_vpu/u_sub/lt_32_22_I2/B[9] 	 (fanout : 1)
hpin:tr_soc_top_mx/u_vpu/u_sub/lt_32_22_I2/B[8] 	 (fanout : 1)
hpin:tr_soc_top_mx/u_vpu/u_sub/lt_32_22_I2/B[7] 	 (fanout : 1)
hpin:tr_soc_top_mx/u_vpu/u_sub/lt_32_22_I2/B[6] 	 (fanout : 1)
hpin:tr_soc_top_mx/u_vpu/u_sub/lt_32_22_I2/B[5] 	 (fanout : 1)
hpin:tr_soc_top_mx/u_vpu/u_sub/lt_32_22_I2/B[4] 	 (fanout : 1)
hpin:tr_soc_top_mx/u_vpu/u_sub/lt_32_22_I2/B[3] 	 (fanout : 1)
hpin:tr_soc_top_mx/u_vpu/u_sub/lt_32_22_I2/B[2] 	 (fanout : 1)
hpin:tr_soc_top_mx/u_vpu/u_sub/lt_32_22_I2/B[1] 	 (fanout : 1)
hpin:tr_soc_top_mx/u_vpu/u_sub/lt_32_22_I2/B[0] 	 (fanout : 1)
hpin:tr_soc_top_mx/u_vpu/u_sub/gt_34_31_I2/B[15] 	 (fanout : 3)
hpin:tr_soc_top_mx/u_vpu/u_sub/gt_34_31_I2/B[14] 	 (fanout : 2)
hpin:tr_soc_top_mx/u_vpu/u_sub/gt_34_31_I2/B[13] 	 (fanout : 2)
hpin:tr_soc_top_mx/u_vpu/u_sub/gt_34_31_I2/B[12] 	 (fanout : 2)
hpin:tr_soc_top_mx/u_vpu/u_sub/gt_34_31_I2/B[11] 	 (fanout : 2)
hpin:tr_soc_top_mx/u_vpu/u_sub/gt_34_31_I2/B[10] 	 (fanout : 2)
hpin:tr_soc_top_mx/u_vpu/u_sub/gt_34_31_I2/B[9] 	 (fanout : 2)
hpin:tr_soc_top_mx/u_vpu/u_sub/gt_34_31_I2/B[8] 	 (fanout : 2)
hpin:tr_soc_top_mx/u_vpu/u_sub/gt_34_31_I2/B[7] 	 (fanout : 2)
hpin:tr_soc_top_mx/u_vpu/u_sub/gt_34_31_I2/B[6] 	 (fanout : 2)
hpin:tr_soc_top_mx/u_vpu/u_sub/gt_34_31_I2/B[5] 	 (fanout : 2)
hpin:tr_soc_top_mx/u_vpu/u_sub/gt_34_31_I2/B[4] 	 (fanout : 2)
hpin:tr_soc_top_mx/u_vpu/u_sub/gt_34_31_I2/B[3] 	 (fanout : 2)
hpin:tr_soc_top_mx/u_vpu/u_sub/gt_34_31_I2/B[2] 	 (fanout : 2)
hpin:tr_soc_top_mx/u_vpu/u_sub/gt_34_31_I2/B[1] 	 (fanout : 2)
hpin:tr_soc_top_mx/u_vpu/u_sub/gt_34_31_I2/B[0] 	 (fanout : 1)
hpin:tr_soc_top_mx/u_vpu/u_sub/lt_32_22_I1/B[15] 	 (fanout : 3)
hpin:tr_soc_top_mx/u_vpu/u_sub/lt_32_22_I1/B[14] 	 (fanout : 1)
hpin:tr_soc_top_mx/u_vpu/u_sub/lt_32_22_I1/B[13] 	 (fanout : 1)
hpin:tr_soc_top_mx/u_vpu/u_sub/lt_32_22_I1/B[12] 	 (fanout : 1)
hpin:tr_soc_top_mx/u_vpu/u_sub/lt_32_22_I1/B[11] 	 (fanout : 1)
hpin:tr_soc_top_mx/u_vpu/u_sub/lt_32_22_I1/B[10] 	 (fanout : 1)
hpin:tr_soc_top_mx/u_vpu/u_sub/lt_32_22_I1/B[9] 	 (fanout : 1)
hpin:tr_soc_top_mx/u_vpu/u_sub/lt_32_22_I1/B[8] 	 (fanout : 1)
hpin:tr_soc_top_mx/u_vpu/u_sub/lt_32_22_I1/B[7] 	 (fanout : 1)
hpin:tr_soc_top_mx/u_vpu/u_sub/lt_32_22_I1/B[6] 	 (fanout : 1)
hpin:tr_soc_top_mx/u_vpu/u_sub/lt_32_22_I1/B[5] 	 (fanout : 1)
hpin:tr_soc_top_mx/u_vpu/u_sub/lt_32_22_I1/B[4] 	 (fanout : 1)
hpin:tr_soc_top_mx/u_vpu/u_sub/lt_32_22_I1/B[3] 	 (fanout : 1)
hpin:tr_soc_top_mx/u_vpu/u_sub/lt_32_22_I1/B[2] 	 (fanout : 1)
hpin:tr_soc_top_mx/u_vpu/u_sub/lt_32_22_I1/B[1] 	 (fanout : 1)
hpin:tr_soc_top_mx/u_vpu/u_sub/lt_32_22_I1/B[0] 	 (fanout : 1)
hpin:tr_soc_top_mx/u_vpu/u_sub/gt_34_31_I1/B[15] 	 (fanout : 3)
hpin:tr_soc_top_mx/u_vpu/u_sub/gt_34_31_I1/B[14] 	 (fanout : 2)
hpin:tr_soc_top_mx/u_vpu/u_sub/gt_34_31_I1/B[13] 	 (fanout : 2)
hpin:tr_soc_top_mx/u_vpu/u_sub/gt_34_31_I1/B[12] 	 (fanout : 2)
hpin:tr_soc_top_mx/u_vpu/u_sub/gt_34_31_I1/B[11] 	 (fanout : 2)
hpin:tr_soc_top_mx/u_vpu/u_sub/gt_34_31_I1/B[10] 	 (fanout : 2)
hpin:tr_soc_top_mx/u_vpu/u_sub/gt_34_31_I1/B[9] 	 (fanout : 2)
hpin:tr_soc_top_mx/u_vpu/u_sub/gt_34_31_I1/B[8] 	 (fanout : 2)
hpin:tr_soc_top_mx/u_vpu/u_sub/gt_34_31_I1/B[7] 	 (fanout : 2)
hpin:tr_soc_top_mx/u_vpu/u_sub/gt_34_31_I1/B[6] 	 (fanout : 2)
hpin:tr_soc_top_mx/u_vpu/u_sub/gt_34_31_I1/B[5] 	 (fanout : 2)
hpin:tr_soc_top_mx/u_vpu/u_sub/gt_34_31_I1/B[4] 	 (fanout : 2)
hpin:tr_soc_top_mx/u_vpu/u_sub/gt_34_31_I1/B[3] 	 (fanout : 2)
hpin:tr_soc_top_mx/u_vpu/u_sub/gt_34_31_I1/B[2] 	 (fanout : 2)
hpin:tr_soc_top_mx/u_vpu/u_sub/gt_34_31_I1/B[1] 	 (fanout : 2)
hpin:tr_soc_top_mx/u_vpu/u_sub/gt_34_31_I1/B[0] 	 (fanout : 1)
hpin:tr_soc_top_mx/u_vpu/u_sub/mux_out_data[0]_34_31/in_1[15] 	 (fanout : 1)
hpin:tr_soc_top_mx/u_vpu/u_sub/mux_out_data[0]_34_31/in_1[14] 	 (fanout : 1)
hpin:tr_soc_top_mx/u_vpu/u_sub/mux_out_data[0]_34_31/in_1[13] 	 (fanout : 1)
hpin:tr_soc_top_mx/u_vpu/u_sub/mux_out_data[0]_34_31/in_1[12] 	 (fanout : 1)
hpin:tr_soc_top_mx/u_vpu/u_sub/mux_out_data[0]_34_31/in_1[11] 	 (fanout : 1)
hpin:tr_soc_top_mx/u_vpu/u_sub/mux_out_data[0]_34_31/in_1[10] 	 (fanout : 1)
hpin:tr_soc_top_mx/u_vpu/u_sub/mux_out_data[0]_34_31/in_1[9] 	 (fanout : 1)
hpin:tr_soc_top_mx/u_vpu/u_sub/mux_out_data[0]_34_31/in_1[8] 	 (fanout : 1)
hpin:tr_soc_top_mx/u_vpu/u_sub/mux_out_data[0]_34_31/in_1[7] 	 (fanout : 1)
hpin:tr_soc_top_mx/u_vpu/u_sub/mux_out_data[0]_34_31/in_1[6] 	 (fanout : 1)
hpin:tr_soc_top_mx/u_vpu/u_sub/mux_out_data[0]_34_31/in_1[5] 	 (fanout : 1)
hpin:tr_soc_top_mx/u_vpu/u_sub/mux_out_data[0]_34_31/in_1[4] 	 (fanout : 1)
hpin:tr_soc_top_mx/u_vpu/u_sub/mux_out_data[0]_34_31/in_1[3] 	 (fanout : 1)
hpin:tr_soc_top_mx/u_vpu/u_sub/mux_out_data[0]_34_31/in_1[2] 	 (fanout : 1)
hpin:tr_soc_top_mx/u_vpu/u_sub/mux_out_data[0]_34_31/in_1[1] 	 (fanout : 1)
hpin:tr_soc_top_mx/u_vpu/u_sub/mux_out_data[0]_34_31/in_1[0] 	 (fanout : 1)
hpin:tr_soc_top_mx/u_vpu/u_sub/mux_out_data[0]_32_22/in_1[15] 	 (fanout : 1)
hpin:tr_soc_top_mx/u_vpu/u_sub/mux_out_data[0]_32_22/in_1[14] 	 (fanout : 1)
hpin:tr_soc_top_mx/u_vpu/u_sub/mux_out_data[0]_32_22/in_1[13] 	 (fanout : 1)
hpin:tr_soc_top_mx/u_vpu/u_sub/mux_out_data[0]_32_22/in_1[12] 	 (fanout : 1)
hpin:tr_soc_top_mx/u_vpu/u_sub/mux_out_data[0]_32_22/in_1[11] 	 (fanout : 1)
hpin:tr_soc_top_mx/u_vpu/u_sub/mux_out_data[0]_32_22/in_1[10] 	 (fanout : 1)
hpin:tr_soc_top_mx/u_vpu/u_sub/mux_out_data[0]_32_22/in_1[9] 	 (fanout : 1)
hpin:tr_soc_top_mx/u_vpu/u_sub/mux_out_data[0]_32_22/in_1[8] 	 (fanout : 1)
hpin:tr_soc_top_mx/u_vpu/u_sub/mux_out_data[0]_32_22/in_1[7] 	 (fanout : 1)
hpin:tr_soc_top_mx/u_vpu/u_sub/mux_out_data[0]_32_22/in_1[6] 	 (fanout : 1)
hpin:tr_soc_top_mx/u_vpu/u_sub/mux_out_data[0]_32_22/in_1[5] 	 (fanout : 1)
hpin:tr_soc_top_mx/u_vpu/u_sub/mux_out_data[0]_32_22/in_1[4] 	 (fanout : 1)
hpin:tr_soc_top_mx/u_vpu/u_sub/mux_out_data[0]_32_22/in_1[3] 	 (fanout : 1)
hpin:tr_soc_top_mx/u_vpu/u_sub/mux_out_data[0]_32_22/in_1[2] 	 (fanout : 1)
hpin:tr_soc_top_mx/u_vpu/u_sub/mux_out_data[0]_32_22/in_1[1] 	 (fanout : 1)
hpin:tr_soc_top_mx/u_vpu/u_sub/mux_out_data[0]_32_22/in_1[0] 	 (fanout : 1)
hpin:tr_soc_top_mx/u_vpu/u_sub/mux_out_data[1]_34_31/in_1[15] 	 (fanout : 1)
hpin:tr_soc_top_mx/u_vpu/u_sub/mux_out_data[1]_34_31/in_1[14] 	 (fanout : 1)
hpin:tr_soc_top_mx/u_vpu/u_sub/mux_out_data[1]_34_31/in_1[13] 	 (fanout : 1)
hpin:tr_soc_top_mx/u_vpu/u_sub/mux_out_data[1]_34_31/in_1[12] 	 (fanout : 1)
hpin:tr_soc_top_mx/u_vpu/u_sub/mux_out_data[1]_34_31/in_1[11] 	 (fanout : 1)
hpin:tr_soc_top_mx/u_vpu/u_sub/mux_out_data[1]_34_31/in_1[10] 	 (fanout : 1)
hpin:tr_soc_top_mx/u_vpu/u_sub/mux_out_data[1]_34_31/in_1[9] 	 (fanout : 1)
hpin:tr_soc_top_mx/u_vpu/u_sub/mux_out_data[1]_34_31/in_1[8] 	 (fanout : 1)
hpin:tr_soc_top_mx/u_vpu/u_sub/mux_out_data[1]_34_31/in_1[7] 	 (fanout : 1)
hpin:tr_soc_top_mx/u_vpu/u_sub/mux_out_data[1]_34_31/in_1[6] 	 (fanout : 1)
hpin:tr_soc_top_mx/u_vpu/u_sub/mux_out_data[1]_34_31/in_1[5] 	 (fanout : 1)
hpin:tr_soc_top_mx/u_vpu/u_sub/mux_out_data[1]_34_31/in_1[4] 	 (fanout : 1)
hpin:tr_soc_top_mx/u_vpu/u_sub/mux_out_data[1]_34_31/in_1[3] 	 (fanout : 1)
hpin:tr_soc_top_mx/u_vpu/u_sub/mux_out_data[1]_34_31/in_1[2] 	 (fanout : 1)
hpin:tr_soc_top_mx/u_vpu/u_sub/mux_out_data[1]_34_31/in_1[1] 	 (fanout : 1)
hpin:tr_soc_top_mx/u_vpu/u_sub/mux_out_data[1]_34_31/in_1[0] 	 (fanout : 1)
hpin:tr_soc_top_mx/u_vpu/u_sub/mux_out_data[1]_32_22/in_1[15] 	 (fanout : 1)
hpin:tr_soc_top_mx/u_vpu/u_sub/mux_out_data[1]_32_22/in_1[14] 	 (fanout : 1)
hpin:tr_soc_top_mx/u_vpu/u_sub/mux_out_data[1]_32_22/in_1[13] 	 (fanout : 1)
hpin:tr_soc_top_mx/u_vpu/u_sub/mux_out_data[1]_32_22/in_1[12] 	 (fanout : 1)
hpin:tr_soc_top_mx/u_vpu/u_sub/mux_out_data[1]_32_22/in_1[11] 	 (fanout : 1)
hpin:tr_soc_top_mx/u_vpu/u_sub/mux_out_data[1]_32_22/in_1[10] 	 (fanout : 1)
hpin:tr_soc_top_mx/u_vpu/u_sub/mux_out_data[1]_32_22/in_1[9] 	 (fanout : 1)
hpin:tr_soc_top_mx/u_vpu/u_sub/mux_out_data[1]_32_22/in_1[8] 	 (fanout : 1)
hpin:tr_soc_top_mx/u_vpu/u_sub/mux_out_data[1]_32_22/in_1[7] 	 (fanout : 1)
hpin:tr_soc_top_mx/u_vpu/u_sub/mux_out_data[1]_32_22/in_1[6] 	 (fanout : 1)
hpin:tr_soc_top_mx/u_vpu/u_sub/mux_out_data[1]_32_22/in_1[5] 	 (fanout : 1)
hpin:tr_soc_top_mx/u_vpu/u_sub/mux_out_data[1]_32_22/in_1[4] 	 (fanout : 1)
hpin:tr_soc_top_mx/u_vpu/u_sub/mux_out_data[1]_32_22/in_1[3] 	 (fanout : 1)
hpin:tr_soc_top_mx/u_vpu/u_sub/mux_out_data[1]_32_22/in_1[2] 	 (fanout : 1)
hpin:tr_soc_top_mx/u_vpu/u_sub/mux_out_data[1]_32_22/in_1[1] 	 (fanout : 1)
hpin:tr_soc_top_mx/u_vpu/u_sub/mux_out_data[1]_32_22/in_1[0] 	 (fanout : 1)
hpin:tr_soc_top_mx/u_vpu/u_sub/mux_out_data[2]_34_31/in_1[15] 	 (fanout : 1)
hpin:tr_soc_top_mx/u_vpu/u_sub/mux_out_data[2]_34_31/in_1[14] 	 (fanout : 1)
hpin:tr_soc_top_mx/u_vpu/u_sub/mux_out_data[2]_34_31/in_1[13] 	 (fanout : 1)
hpin:tr_soc_top_mx/u_vpu/u_sub/mux_out_data[2]_34_31/in_1[12] 	 (fanout : 1)
hpin:tr_soc_top_mx/u_vpu/u_sub/mux_out_data[2]_34_31/in_1[11] 	 (fanout : 1)
hpin:tr_soc_top_mx/u_vpu/u_sub/mux_out_data[2]_34_31/in_1[10] 	 (fanout : 1)
hpin:tr_soc_top_mx/u_vpu/u_sub/mux_out_data[2]_34_31/in_1[9] 	 (fanout : 1)
hpin:tr_soc_top_mx/u_vpu/u_sub/mux_out_data[2]_34_31/in_1[8] 	 (fanout : 1)
hpin:tr_soc_top_mx/u_vpu/u_sub/mux_out_data[2]_34_31/in_1[7] 	 (fanout : 1)
hpin:tr_soc_top_mx/u_vpu/u_sub/mux_out_data[2]_34_31/in_1[6] 	 (fanout : 1)
hpin:tr_soc_top_mx/u_vpu/u_sub/mux_out_data[2]_34_31/in_1[5] 	 (fanout : 1)
hpin:tr_soc_top_mx/u_vpu/u_sub/mux_out_data[2]_34_31/in_1[4] 	 (fanout : 1)
hpin:tr_soc_top_mx/u_vpu/u_sub/mux_out_data[2]_34_31/in_1[3] 	 (fanout : 1)
hpin:tr_soc_top_mx/u_vpu/u_sub/mux_out_data[2]_34_31/in_1[2] 	 (fanout : 1)
hpin:tr_soc_top_mx/u_vpu/u_sub/mux_out_data[2]_34_31/in_1[1] 	 (fanout : 1)
hpin:tr_soc_top_mx/u_vpu/u_sub/mux_out_data[2]_34_31/in_1[0] 	 (fanout : 1)
hpin:tr_soc_top_mx/u_vpu/u_sub/mux_out_data[2]_32_22/in_1[15] 	 (fanout : 1)
hpin:tr_soc_top_mx/u_vpu/u_sub/mux_out_data[2]_32_22/in_1[14] 	 (fanout : 1)
hpin:tr_soc_top_mx/u_vpu/u_sub/mux_out_data[2]_32_22/in_1[13] 	 (fanout : 1)
hpin:tr_soc_top_mx/u_vpu/u_sub/mux_out_data[2]_32_22/in_1[12] 	 (fanout : 1)
hpin:tr_soc_top_mx/u_vpu/u_sub/mux_out_data[2]_32_22/in_1[11] 	 (fanout : 1)
hpin:tr_soc_top_mx/u_vpu/u_sub/mux_out_data[2]_32_22/in_1[10] 	 (fanout : 1)
hpin:tr_soc_top_mx/u_vpu/u_sub/mux_out_data[2]_32_22/in_1[9] 	 (fanout : 1)
hpin:tr_soc_top_mx/u_vpu/u_sub/mux_out_data[2]_32_22/in_1[8] 	 (fanout : 1)
hpin:tr_soc_top_mx/u_vpu/u_sub/mux_out_data[2]_32_22/in_1[7] 	 (fanout : 1)
hpin:tr_soc_top_mx/u_vpu/u_sub/mux_out_data[2]_32_22/in_1[6] 	 (fanout : 1)
hpin:tr_soc_top_mx/u_vpu/u_sub/mux_out_data[2]_32_22/in_1[5] 	 (fanout : 1)
hpin:tr_soc_top_mx/u_vpu/u_sub/mux_out_data[2]_32_22/in_1[4] 	 (fanout : 1)
hpin:tr_soc_top_mx/u_vpu/u_sub/mux_out_data[2]_32_22/in_1[3] 	 (fanout : 1)
hpin:tr_soc_top_mx/u_vpu/u_sub/mux_out_data[2]_32_22/in_1[2] 	 (fanout : 1)
hpin:tr_soc_top_mx/u_vpu/u_sub/mux_out_data[2]_32_22/in_1[1] 	 (fanout : 1)
hpin:tr_soc_top_mx/u_vpu/u_sub/mux_out_data[2]_32_22/in_1[0] 	 (fanout : 1)
hpin:tr_soc_top_mx/u_vpu/u_sub/mux_out_data[3]_34_31/in_1[15] 	 (fanout : 1)
hpin:tr_soc_top_mx/u_vpu/u_sub/mux_out_data[3]_34_31/in_1[14] 	 (fanout : 1)
hpin:tr_soc_top_mx/u_vpu/u_sub/mux_out_data[3]_34_31/in_1[13] 	 (fanout : 1)
hpin:tr_soc_top_mx/u_vpu/u_sub/mux_out_data[3]_34_31/in_1[12] 	 (fanout : 1)
hpin:tr_soc_top_mx/u_vpu/u_sub/mux_out_data[3]_34_31/in_1[11] 	 (fanout : 1)
hpin:tr_soc_top_mx/u_vpu/u_sub/mux_out_data[3]_34_31/in_1[10] 	 (fanout : 1)
hpin:tr_soc_top_mx/u_vpu/u_sub/mux_out_data[3]_34_31/in_1[9] 	 (fanout : 1)
hpin:tr_soc_top_mx/u_vpu/u_sub/mux_out_data[3]_34_31/in_1[8] 	 (fanout : 1)
hpin:tr_soc_top_mx/u_vpu/u_sub/mux_out_data[3]_34_31/in_1[7] 	 (fanout : 1)
hpin:tr_soc_top_mx/u_vpu/u_sub/mux_out_data[3]_34_31/in_1[6] 	 (fanout : 1)
hpin:tr_soc_top_mx/u_vpu/u_sub/mux_out_data[3]_34_31/in_1[5] 	 (fanout : 1)
hpin:tr_soc_top_mx/u_vpu/u_sub/mux_out_data[3]_34_31/in_1[4] 	 (fanout : 1)
hpin:tr_soc_top_mx/u_vpu/u_sub/mux_out_data[3]_34_31/in_1[3] 	 (fanout : 1)
hpin:tr_soc_top_mx/u_vpu/u_sub/mux_out_data[3]_34_31/in_1[2] 	 (fanout : 1)
hpin:tr_soc_top_mx/u_vpu/u_sub/mux_out_data[3]_34_31/in_1[1] 	 (fanout : 1)
hpin:tr_soc_top_mx/u_vpu/u_sub/mux_out_data[3]_34_31/in_1[0] 	 (fanout : 1)
hpin:tr_soc_top_mx/u_vpu/u_sub/mux_out_data[3]_32_22/in_1[15] 	 (fanout : 1)
hpin:tr_soc_top_mx/u_vpu/u_sub/mux_out_data[3]_32_22/in_1[14] 	 (fanout : 1)
hpin:tr_soc_top_mx/u_vpu/u_sub/mux_out_data[3]_32_22/in_1[13] 	 (fanout : 1)
hpin:tr_soc_top_mx/u_vpu/u_sub/mux_out_data[3]_32_22/in_1[12] 	 (fanout : 1)
hpin:tr_soc_top_mx/u_vpu/u_sub/mux_out_data[3]_32_22/in_1[11] 	 (fanout : 1)
hpin:tr_soc_top_mx/u_vpu/u_sub/mux_out_data[3]_32_22/in_1[10] 	 (fanout : 1)
hpin:tr_soc_top_mx/u_vpu/u_sub/mux_out_data[3]_32_22/in_1[9] 	 (fanout : 1)
hpin:tr_soc_top_mx/u_vpu/u_sub/mux_out_data[3]_32_22/in_1[8] 	 (fanout : 1)
hpin:tr_soc_top_mx/u_vpu/u_sub/mux_out_data[3]_32_22/in_1[7] 	 (fanout : 1)
hpin:tr_soc_top_mx/u_vpu/u_sub/mux_out_data[3]_32_22/in_1[6] 	 (fanout : 1)
hpin:tr_soc_top_mx/u_vpu/u_sub/mux_out_data[3]_32_22/in_1[5] 	 (fanout : 1)
hpin:tr_soc_top_mx/u_vpu/u_sub/mux_out_data[3]_32_22/in_1[4] 	 (fanout : 1)
hpin:tr_soc_top_mx/u_vpu/u_sub/mux_out_data[3]_32_22/in_1[3] 	 (fanout : 1)
hpin:tr_soc_top_mx/u_vpu/u_sub/mux_out_data[3]_32_22/in_1[2] 	 (fanout : 1)
hpin:tr_soc_top_mx/u_vpu/u_sub/mux_out_data[3]_32_22/in_1[1] 	 (fanout : 1)
hpin:tr_soc_top_mx/u_vpu/u_sub/mux_out_data[3]_32_22/in_1[0] 	 (fanout : 1)
hpin:tr_soc_top_mx/u_vpu/u_sub/mux_out_data[4]_34_31/in_1[15] 	 (fanout : 1)
hpin:tr_soc_top_mx/u_vpu/u_sub/mux_out_data[4]_34_31/in_1[14] 	 (fanout : 1)
hpin:tr_soc_top_mx/u_vpu/u_sub/mux_out_data[4]_34_31/in_1[13] 	 (fanout : 1)
hpin:tr_soc_top_mx/u_vpu/u_sub/mux_out_data[4]_34_31/in_1[12] 	 (fanout : 1)
hpin:tr_soc_top_mx/u_vpu/u_sub/mux_out_data[4]_34_31/in_1[11] 	 (fanout : 1)
hpin:tr_soc_top_mx/u_vpu/u_sub/mux_out_data[4]_34_31/in_1[10] 	 (fanout : 1)
hpin:tr_soc_top_mx/u_vpu/u_sub/mux_out_data[4]_34_31/in_1[9] 	 (fanout : 1)
hpin:tr_soc_top_mx/u_vpu/u_sub/mux_out_data[4]_34_31/in_1[8] 	 (fanout : 1)
hpin:tr_soc_top_mx/u_vpu/u_sub/mux_out_data[4]_34_31/in_1[7] 	 (fanout : 1)
hpin:tr_soc_top_mx/u_vpu/u_sub/mux_out_data[4]_34_31/in_1[6] 	 (fanout : 1)
hpin:tr_soc_top_mx/u_vpu/u_sub/mux_out_data[4]_34_31/in_1[5] 	 (fanout : 1)
hpin:tr_soc_top_mx/u_vpu/u_sub/mux_out_data[4]_34_31/in_1[4] 	 (fanout : 1)
hpin:tr_soc_top_mx/u_vpu/u_sub/mux_out_data[4]_34_31/in_1[3] 	 (fanout : 1)
hpin:tr_soc_top_mx/u_vpu/u_sub/mux_out_data[4]_34_31/in_1[2] 	 (fanout : 1)
hpin:tr_soc_top_mx/u_vpu/u_sub/mux_out_data[4]_34_31/in_1[1] 	 (fanout : 1)
hpin:tr_soc_top_mx/u_vpu/u_sub/mux_out_data[4]_34_31/in_1[0] 	 (fanout : 1)
hpin:tr_soc_top_mx/u_vpu/u_sub/mux_out_data[4]_32_22/in_1[15] 	 (fanout : 1)
hpin:tr_soc_top_mx/u_vpu/u_sub/mux_out_data[4]_32_22/in_1[14] 	 (fanout : 1)
hpin:tr_soc_top_mx/u_vpu/u_sub/mux_out_data[4]_32_22/in_1[13] 	 (fanout : 1)
hpin:tr_soc_top_mx/u_vpu/u_sub/mux_out_data[4]_32_22/in_1[12] 	 (fanout : 1)
hpin:tr_soc_top_mx/u_vpu/u_sub/mux_out_data[4]_32_22/in_1[11] 	 (fanout : 1)
hpin:tr_soc_top_mx/u_vpu/u_sub/mux_out_data[4]_32_22/in_1[10] 	 (fanout : 1)
hpin:tr_soc_top_mx/u_vpu/u_sub/mux_out_data[4]_32_22/in_1[9] 	 (fanout : 1)
hpin:tr_soc_top_mx/u_vpu/u_sub/mux_out_data[4]_32_22/in_1[8] 	 (fanout : 1)
hpin:tr_soc_top_mx/u_vpu/u_sub/mux_out_data[4]_32_22/in_1[7] 	 (fanout : 1)
hpin:tr_soc_top_mx/u_vpu/u_sub/mux_out_data[4]_32_22/in_1[6] 	 (fanout : 1)
hpin:tr_soc_top_mx/u_vpu/u_sub/mux_out_data[4]_32_22/in_1[5] 	 (fanout : 1)
hpin:tr_soc_top_mx/u_vpu/u_sub/mux_out_data[4]_32_22/in_1[4] 	 (fanout : 1)
hpin:tr_soc_top_mx/u_vpu/u_sub/mux_out_data[4]_32_22/in_1[3] 	 (fanout : 1)
hpin:tr_soc_top_mx/u_vpu/u_sub/mux_out_data[4]_32_22/in_1[2] 	 (fanout : 1)
hpin:tr_soc_top_mx/u_vpu/u_sub/mux_out_data[4]_32_22/in_1[1] 	 (fanout : 1)
hpin:tr_soc_top_mx/u_vpu/u_sub/mux_out_data[4]_32_22/in_1[0] 	 (fanout : 1)
hpin:tr_soc_top_mx/u_vpu/u_sub/mux_out_data[5]_34_31/in_1[15] 	 (fanout : 1)
hpin:tr_soc_top_mx/u_vpu/u_sub/mux_out_data[5]_34_31/in_1[14] 	 (fanout : 1)
hpin:tr_soc_top_mx/u_vpu/u_sub/mux_out_data[5]_34_31/in_1[13] 	 (fanout : 1)
hpin:tr_soc_top_mx/u_vpu/u_sub/mux_out_data[5]_34_31/in_1[12] 	 (fanout : 1)
hpin:tr_soc_top_mx/u_vpu/u_sub/mux_out_data[5]_34_31/in_1[11] 	 (fanout : 1)
hpin:tr_soc_top_mx/u_vpu/u_sub/mux_out_data[5]_34_31/in_1[10] 	 (fanout : 1)
hpin:tr_soc_top_mx/u_vpu/u_sub/mux_out_data[5]_34_31/in_1[9] 	 (fanout : 1)
hpin:tr_soc_top_mx/u_vpu/u_sub/mux_out_data[5]_34_31/in_1[8] 	 (fanout : 1)
hpin:tr_soc_top_mx/u_vpu/u_sub/mux_out_data[5]_34_31/in_1[7] 	 (fanout : 1)
hpin:tr_soc_top_mx/u_vpu/u_sub/mux_out_data[5]_34_31/in_1[6] 	 (fanout : 1)
hpin:tr_soc_top_mx/u_vpu/u_sub/mux_out_data[5]_34_31/in_1[5] 	 (fanout : 1)
hpin:tr_soc_top_mx/u_vpu/u_sub/mux_out_data[5]_34_31/in_1[4] 	 (fanout : 1)
hpin:tr_soc_top_mx/u_vpu/u_sub/mux_out_data[5]_34_31/in_1[3] 	 (fanout : 1)
hpin:tr_soc_top_mx/u_vpu/u_sub/mux_out_data[5]_34_31/in_1[2] 	 (fanout : 1)
hpin:tr_soc_top_mx/u_vpu/u_sub/mux_out_data[5]_34_31/in_1[1] 	 (fanout : 1)
hpin:tr_soc_top_mx/u_vpu/u_sub/mux_out_data[5]_34_31/in_1[0] 	 (fanout : 1)
hpin:tr_soc_top_mx/u_vpu/u_sub/mux_out_data[5]_32_22/in_1[15] 	 (fanout : 1)
hpin:tr_soc_top_mx/u_vpu/u_sub/mux_out_data[5]_32_22/in_1[14] 	 (fanout : 1)
hpin:tr_soc_top_mx/u_vpu/u_sub/mux_out_data[5]_32_22/in_1[13] 	 (fanout : 1)
hpin:tr_soc_top_mx/u_vpu/u_sub/mux_out_data[5]_32_22/in_1[12] 	 (fanout : 1)
hpin:tr_soc_top_mx/u_vpu/u_sub/mux_out_data[5]_32_22/in_1[11] 	 (fanout : 1)
hpin:tr_soc_top_mx/u_vpu/u_sub/mux_out_data[5]_32_22/in_1[10] 	 (fanout : 1)
hpin:tr_soc_top_mx/u_vpu/u_sub/mux_out_data[5]_32_22/in_1[9] 	 (fanout : 1)
hpin:tr_soc_top_mx/u_vpu/u_sub/mux_out_data[5]_32_22/in_1[8] 	 (fanout : 1)
hpin:tr_soc_top_mx/u_vpu/u_sub/mux_out_data[5]_32_22/in_1[7] 	 (fanout : 1)
hpin:tr_soc_top_mx/u_vpu/u_sub/mux_out_data[5]_32_22/in_1[6] 	 (fanout : 1)
hpin:tr_soc_top_mx/u_vpu/u_sub/mux_out_data[5]_32_22/in_1[5] 	 (fanout : 1)
hpin:tr_soc_top_mx/u_vpu/u_sub/mux_out_data[5]_32_22/in_1[4] 	 (fanout : 1)
hpin:tr_soc_top_mx/u_vpu/u_sub/mux_out_data[5]_32_22/in_1[3] 	 (fanout : 1)
hpin:tr_soc_top_mx/u_vpu/u_sub/mux_out_data[5]_32_22/in_1[2] 	 (fanout : 1)
hpin:tr_soc_top_mx/u_vpu/u_sub/mux_out_data[5]_32_22/in_1[1] 	 (fanout : 1)
hpin:tr_soc_top_mx/u_vpu/u_sub/mux_out_data[5]_32_22/in_1[0] 	 (fanout : 1)
hpin:tr_soc_top_mx/u_vpu/u_sub/mux_out_data[6]_34_31/in_1[15] 	 (fanout : 1)
hpin:tr_soc_top_mx/u_vpu/u_sub/mux_out_data[6]_34_31/in_1[14] 	 (fanout : 1)
hpin:tr_soc_top_mx/u_vpu/u_sub/mux_out_data[6]_34_31/in_1[13] 	 (fanout : 1)
hpin:tr_soc_top_mx/u_vpu/u_sub/mux_out_data[6]_34_31/in_1[12] 	 (fanout : 1)
hpin:tr_soc_top_mx/u_vpu/u_sub/mux_out_data[6]_34_31/in_1[11] 	 (fanout : 1)
hpin:tr_soc_top_mx/u_vpu/u_sub/mux_out_data[6]_34_31/in_1[10] 	 (fanout : 1)
hpin:tr_soc_top_mx/u_vpu/u_sub/mux_out_data[6]_34_31/in_1[9] 	 (fanout : 1)
hpin:tr_soc_top_mx/u_vpu/u_sub/mux_out_data[6]_34_31/in_1[8] 	 (fanout : 1)
hpin:tr_soc_top_mx/u_vpu/u_sub/mux_out_data[6]_34_31/in_1[7] 	 (fanout : 1)
hpin:tr_soc_top_mx/u_vpu/u_sub/mux_out_data[6]_34_31/in_1[6] 	 (fanout : 1)
hpin:tr_soc_top_mx/u_vpu/u_sub/mux_out_data[6]_34_31/in_1[5] 	 (fanout : 1)
hpin:tr_soc_top_mx/u_vpu/u_sub/mux_out_data[6]_34_31/in_1[4] 	 (fanout : 1)
hpin:tr_soc_top_mx/u_vpu/u_sub/mux_out_data[6]_34_31/in_1[3] 	 (fanout : 1)
hpin:tr_soc_top_mx/u_vpu/u_sub/mux_out_data[6]_34_31/in_1[2] 	 (fanout : 1)
hpin:tr_soc_top_mx/u_vpu/u_sub/mux_out_data[6]_34_31/in_1[1] 	 (fanout : 1)
hpin:tr_soc_top_mx/u_vpu/u_sub/mux_out_data[6]_34_31/in_1[0] 	 (fanout : 1)
hpin:tr_soc_top_mx/u_vpu/u_sub/mux_out_data[6]_32_22/in_1[15] 	 (fanout : 1)
hpin:tr_soc_top_mx/u_vpu/u_sub/mux_out_data[6]_32_22/in_1[14] 	 (fanout : 1)
hpin:tr_soc_top_mx/u_vpu/u_sub/mux_out_data[6]_32_22/in_1[13] 	 (fanout : 1)
hpin:tr_soc_top_mx/u_vpu/u_sub/mux_out_data[6]_32_22/in_1[12] 	 (fanout : 1)
hpin:tr_soc_top_mx/u_vpu/u_sub/mux_out_data[6]_32_22/in_1[11] 	 (fanout : 1)
hpin:tr_soc_top_mx/u_vpu/u_sub/mux_out_data[6]_32_22/in_1[10] 	 (fanout : 1)
hpin:tr_soc_top_mx/u_vpu/u_sub/mux_out_data[6]_32_22/in_1[9] 	 (fanout : 1)
hpin:tr_soc_top_mx/u_vpu/u_sub/mux_out_data[6]_32_22/in_1[8] 	 (fanout : 1)
hpin:tr_soc_top_mx/u_vpu/u_sub/mux_out_data[6]_32_22/in_1[7] 	 (fanout : 1)
hpin:tr_soc_top_mx/u_vpu/u_sub/mux_out_data[6]_32_22/in_1[6] 	 (fanout : 1)
hpin:tr_soc_top_mx/u_vpu/u_sub/mux_out_data[6]_32_22/in_1[5] 	 (fanout : 1)
hpin:tr_soc_top_mx/u_vpu/u_sub/mux_out_data[6]_32_22/in_1[4] 	 (fanout : 1)
hpin:tr_soc_top_mx/u_vpu/u_sub/mux_out_data[6]_32_22/in_1[3] 	 (fanout : 1)
hpin:tr_soc_top_mx/u_vpu/u_sub/mux_out_data[6]_32_22/in_1[2] 	 (fanout : 1)
hpin:tr_soc_top_mx/u_vpu/u_sub/mux_out_data[6]_32_22/in_1[1] 	 (fanout : 1)
hpin:tr_soc_top_mx/u_vpu/u_sub/mux_out_data[6]_32_22/in_1[0] 	 (fanout : 1)
hpin:tr_soc_top_mx/u_vpu/u_sub/mux_out_data[7]_34_31/in_1[15] 	 (fanout : 1)
hpin:tr_soc_top_mx/u_vpu/u_sub/mux_out_data[7]_34_31/in_1[14] 	 (fanout : 1)
hpin:tr_soc_top_mx/u_vpu/u_sub/mux_out_data[7]_34_31/in_1[13] 	 (fanout : 1)
hpin:tr_soc_top_mx/u_vpu/u_sub/mux_out_data[7]_34_31/in_1[12] 	 (fanout : 1)
hpin:tr_soc_top_mx/u_vpu/u_sub/mux_out_data[7]_34_31/in_1[11] 	 (fanout : 1)
hpin:tr_soc_top_mx/u_vpu/u_sub/mux_out_data[7]_34_31/in_1[10] 	 (fanout : 1)
hpin:tr_soc_top_mx/u_vpu/u_sub/mux_out_data[7]_34_31/in_1[9] 	 (fanout : 1)
hpin:tr_soc_top_mx/u_vpu/u_sub/mux_out_data[7]_34_31/in_1[8] 	 (fanout : 1)
hpin:tr_soc_top_mx/u_vpu/u_sub/mux_out_data[7]_34_31/in_1[7] 	 (fanout : 1)
hpin:tr_soc_top_mx/u_vpu/u_sub/mux_out_data[7]_34_31/in_1[6] 	 (fanout : 1)
hpin:tr_soc_top_mx/u_vpu/u_sub/mux_out_data[7]_34_31/in_1[5] 	 (fanout : 1)
hpin:tr_soc_top_mx/u_vpu/u_sub/mux_out_data[7]_34_31/in_1[4] 	 (fanout : 1)
hpin:tr_soc_top_mx/u_vpu/u_sub/mux_out_data[7]_34_31/in_1[3] 	 (fanout : 1)
hpin:tr_soc_top_mx/u_vpu/u_sub/mux_out_data[7]_34_31/in_1[2] 	 (fanout : 1)
hpin:tr_soc_top_mx/u_vpu/u_sub/mux_out_data[7]_34_31/in_1[1] 	 (fanout : 1)
hpin:tr_soc_top_mx/u_vpu/u_sub/mux_out_data[7]_34_31/in_1[0] 	 (fanout : 1)
hpin:tr_soc_top_mx/u_vpu/u_sub/mux_out_data[7]_32_22/in_1[15] 	 (fanout : 1)
hpin:tr_soc_top_mx/u_vpu/u_sub/mux_out_data[7]_32_22/in_1[14] 	 (fanout : 1)
hpin:tr_soc_top_mx/u_vpu/u_sub/mux_out_data[7]_32_22/in_1[13] 	 (fanout : 1)
hpin:tr_soc_top_mx/u_vpu/u_sub/mux_out_data[7]_32_22/in_1[12] 	 (fanout : 1)
hpin:tr_soc_top_mx/u_vpu/u_sub/mux_out_data[7]_32_22/in_1[11] 	 (fanout : 1)
hpin:tr_soc_top_mx/u_vpu/u_sub/mux_out_data[7]_32_22/in_1[10] 	 (fanout : 1)
hpin:tr_soc_top_mx/u_vpu/u_sub/mux_out_data[7]_32_22/in_1[9] 	 (fanout : 1)
hpin:tr_soc_top_mx/u_vpu/u_sub/mux_out_data[7]_32_22/in_1[8] 	 (fanout : 1)
hpin:tr_soc_top_mx/u_vpu/u_sub/mux_out_data[7]_32_22/in_1[7] 	 (fanout : 1)
hpin:tr_soc_top_mx/u_vpu/u_sub/mux_out_data[7]_32_22/in_1[6] 	 (fanout : 1)
hpin:tr_soc_top_mx/u_vpu/u_sub/mux_out_data[7]_32_22/in_1[5] 	 (fanout : 1)
hpin:tr_soc_top_mx/u_vpu/u_sub/mux_out_data[7]_32_22/in_1[4] 	 (fanout : 1)
hpin:tr_soc_top_mx/u_vpu/u_sub/mux_out_data[7]_32_22/in_1[3] 	 (fanout : 1)
hpin:tr_soc_top_mx/u_vpu/u_sub/mux_out_data[7]_32_22/in_1[2] 	 (fanout : 1)
hpin:tr_soc_top_mx/u_vpu/u_sub/mux_out_data[7]_32_22/in_1[1] 	 (fanout : 1)
hpin:tr_soc_top_mx/u_vpu/u_sub/mux_out_data[7]_32_22/in_1[0] 	 (fanout : 1)
hpin:tr_soc_top_mx/u_vpu/u_alpha/gt_58_40_I8/B 	 (fanout : 29)
hpin:tr_soc_top_mx/u_vpu/u_alpha/minus_58_47_I8/A 	 (fanout : 30)
hpin:tr_soc_top_mx/u_vpu/u_alpha/mul_51_32_I8/B[23] 	 (fanout : 1)
hpin:tr_soc_top_mx/u_vpu/u_alpha/mul_51_32_I8/B[22] 	 (fanout : 1)
hpin:tr_soc_top_mx/u_vpu/u_alpha/mul_51_32_I8/B[21] 	 (fanout : 2)
hpin:tr_soc_top_mx/u_vpu/u_alpha/mul_51_32_I8/B[20] 	 (fanout : 2)
hpin:tr_soc_top_mx/u_vpu/u_alpha/mul_51_32_I8/B[19] 	 (fanout : 3)
hpin:tr_soc_top_mx/u_vpu/u_alpha/mul_51_32_I8/B[18] 	 (fanout : 3)
hpin:tr_soc_top_mx/u_vpu/u_alpha/mul_51_32_I8/B[17] 	 (fanout : 4)
hpin:tr_soc_top_mx/u_vpu/u_alpha/mul_51_32_I8/B[16] 	 (fanout : 4)
hpin:tr_soc_top_mx/u_vpu/u_alpha/mul_51_32_I8/B[15] 	 (fanout : 5)
hpin:tr_soc_top_mx/u_vpu/u_alpha/mul_51_32_I8/B[14] 	 (fanout : 5)
hpin:tr_soc_top_mx/u_vpu/u_alpha/mul_51_32_I8/B[13] 	 (fanout : 6)
hpin:tr_soc_top_mx/u_vpu/u_alpha/mul_51_32_I8/B[12] 	 (fanout : 6)
hpin:tr_soc_top_mx/u_vpu/u_alpha/mul_51_32_I8/B[11] 	 (fanout : 7)
hpin:tr_soc_top_mx/u_vpu/u_alpha/mul_51_32_I8/B[10] 	 (fanout : 7)
hpin:tr_soc_top_mx/u_vpu/u_alpha/mul_51_32_I8/B[9] 	 (fanout : 8)
hpin:tr_soc_top_mx/u_vpu/u_alpha/mul_51_32_I8/B[8] 	 (fanout : 8)
hpin:tr_soc_top_mx/u_vpu/u_alpha/mul_51_32_I8/B[7] 	 (fanout : 8)
hpin:tr_soc_top_mx/u_vpu/u_alpha/mul_51_32_I8/B[6] 	 (fanout : 8)
hpin:tr_soc_top_mx/u_vpu/u_alpha/mul_51_32_I8/B[5] 	 (fanout : 8)
hpin:tr_soc_top_mx/u_vpu/u_alpha/mul_51_32_I8/B[4] 	 (fanout : 8)
hpin:tr_soc_top_mx/u_vpu/u_alpha/mul_51_32_I8/B[3] 	 (fanout : 8)
hpin:tr_soc_top_mx/u_vpu/u_alpha/mul_51_32_I8/B[2] 	 (fanout : 8)
hpin:tr_soc_top_mx/u_vpu/u_alpha/gt_53_28_I8/B[19] 	 (fanout : 9)
hpin:tr_soc_top_mx/u_vpu/u_alpha/gt_53_28_I8/B[18] 	 (fanout : 2)
hpin:tr_soc_top_mx/u_vpu/u_alpha/gt_53_28_I8/B[17] 	 (fanout : 2)
hpin:tr_soc_top_mx/u_vpu/u_alpha/gt_53_28_I8/B[16] 	 (fanout : 2)
hpin:tr_soc_top_mx/u_vpu/u_alpha/gt_53_28_I8/B[15] 	 (fanout : 2)
hpin:tr_soc_top_mx/u_vpu/u_alpha/gt_53_28_I8/B[14] 	 (fanout : 2)
hpin:tr_soc_top_mx/u_vpu/u_alpha/gt_53_28_I8/B[13] 	 (fanout : 2)
hpin:tr_soc_top_mx/u_vpu/u_alpha/gt_53_28_I8/B[12] 	 (fanout : 2)
hpin:tr_soc_top_mx/u_vpu/u_alpha/gt_53_28_I8/B[11] 	 (fanout : 2)
hpin:tr_soc_top_mx/u_vpu/u_alpha/gt_53_28_I8/B[10] 	 (fanout : 2)
hpin:tr_soc_top_mx/u_vpu/u_alpha/gt_53_28_I8/B[9] 	 (fanout : 2)
hpin:tr_soc_top_mx/u_vpu/u_alpha/gt_53_28_I8/B[8] 	 (fanout : 2)
hpin:tr_soc_top_mx/u_vpu/u_alpha/gt_53_28_I8/B[7] 	 (fanout : 2)
hpin:tr_soc_top_mx/u_vpu/u_alpha/gt_53_28_I8/B[6] 	 (fanout : 2)
hpin:tr_soc_top_mx/u_vpu/u_alpha/gt_53_28_I8/B[5] 	 (fanout : 2)
hpin:tr_soc_top_mx/u_vpu/u_alpha/gt_53_28_I8/B[4] 	 (fanout : 2)
hpin:tr_soc_top_mx/u_vpu/u_alpha/gt_53_28_I8/B[3] 	 (fanout : 2)
hpin:tr_soc_top_mx/u_vpu/u_alpha/gt_53_28_I8/B[2] 	 (fanout : 2)
hpin:tr_soc_top_mx/u_vpu/u_alpha/gt_53_28_I8/B[1] 	 (fanout : 2)
hpin:tr_soc_top_mx/u_vpu/u_alpha/gt_53_28_I8/B[0] 	 (fanout : 1)
hpin:tr_soc_top_mx/u_vpu/u_alpha/lt_54_33_I8/B[19] 	 (fanout : 3)
hpin:tr_soc_top_mx/u_vpu/u_alpha/lt_54_33_I8/B[18] 	 (fanout : 1)
hpin:tr_soc_top_mx/u_vpu/u_alpha/lt_54_33_I8/B[17] 	 (fanout : 1)
hpin:tr_soc_top_mx/u_vpu/u_alpha/lt_54_33_I8/B[16] 	 (fanout : 1)
hpin:tr_soc_top_mx/u_vpu/u_alpha/lt_54_33_I8/B[15] 	 (fanout : 1)
hpin:tr_soc_top_mx/u_vpu/u_alpha/lt_54_33_I8/B[14] 	 (fanout : 1)
hpin:tr_soc_top_mx/u_vpu/u_alpha/lt_54_33_I8/B[13] 	 (fanout : 1)
hpin:tr_soc_top_mx/u_vpu/u_alpha/lt_54_33_I8/B[12] 	 (fanout : 1)
hpin:tr_soc_top_mx/u_vpu/u_alpha/lt_54_33_I8/B[11] 	 (fanout : 1)
hpin:tr_soc_top_mx/u_vpu/u_alpha/lt_54_33_I8/B[10] 	 (fanout : 1)
hpin:tr_soc_top_mx/u_vpu/u_alpha/lt_54_33_I8/B[9] 	 (fanout : 1)
hpin:tr_soc_top_mx/u_vpu/u_alpha/lt_54_33_I8/B[8] 	 (fanout : 1)
hpin:tr_soc_top_mx/u_vpu/u_alpha/lt_54_33_I8/B[7] 	 (fanout : 1)
hpin:tr_soc_top_mx/u_vpu/u_alpha/lt_54_33_I8/B[6] 	 (fanout : 1)
hpin:tr_soc_top_mx/u_vpu/u_alpha/lt_54_33_I8/B[5] 	 (fanout : 1)
hpin:tr_soc_top_mx/u_vpu/u_alpha/lt_54_33_I8/B[4] 	 (fanout : 1)
hpin:tr_soc_top_mx/u_vpu/u_alpha/lt_54_33_I8/B[3] 	 (fanout : 1)
hpin:tr_soc_top_mx/u_vpu/u_alpha/lt_54_33_I8/B[2] 	 (fanout : 1)
hpin:tr_soc_top_mx/u_vpu/u_alpha/lt_54_33_I8/B[1] 	 (fanout : 1)
hpin:tr_soc_top_mx/u_vpu/u_alpha/lt_54_33_I8/B[0] 	 (fanout : 1)
hpin:tr_soc_top_mx/u_vpu/u_alpha/gt_58_40_I7/B 	 (fanout : 29)
hpin:tr_soc_top_mx/u_vpu/u_alpha/minus_58_47_I7/A 	 (fanout : 30)
hpin:tr_soc_top_mx/u_vpu/u_alpha/mul_51_32_I7/B[23] 	 (fanout : 1)
hpin:tr_soc_top_mx/u_vpu/u_alpha/mul_51_32_I7/B[22] 	 (fanout : 1)
hpin:tr_soc_top_mx/u_vpu/u_alpha/mul_51_32_I7/B[21] 	 (fanout : 2)
hpin:tr_soc_top_mx/u_vpu/u_alpha/mul_51_32_I7/B[20] 	 (fanout : 2)
hpin:tr_soc_top_mx/u_vpu/u_alpha/mul_51_32_I7/B[19] 	 (fanout : 3)
hpin:tr_soc_top_mx/u_vpu/u_alpha/mul_51_32_I7/B[18] 	 (fanout : 3)
hpin:tr_soc_top_mx/u_vpu/u_alpha/mul_51_32_I7/B[17] 	 (fanout : 4)
hpin:tr_soc_top_mx/u_vpu/u_alpha/mul_51_32_I7/B[16] 	 (fanout : 4)
hpin:tr_soc_top_mx/u_vpu/u_alpha/mul_51_32_I7/B[15] 	 (fanout : 5)
hpin:tr_soc_top_mx/u_vpu/u_alpha/mul_51_32_I7/B[14] 	 (fanout : 5)
hpin:tr_soc_top_mx/u_vpu/u_alpha/mul_51_32_I7/B[13] 	 (fanout : 6)
hpin:tr_soc_top_mx/u_vpu/u_alpha/mul_51_32_I7/B[12] 	 (fanout : 6)
hpin:tr_soc_top_mx/u_vpu/u_alpha/mul_51_32_I7/B[11] 	 (fanout : 7)
hpin:tr_soc_top_mx/u_vpu/u_alpha/mul_51_32_I7/B[10] 	 (fanout : 7)
hpin:tr_soc_top_mx/u_vpu/u_alpha/mul_51_32_I7/B[9] 	 (fanout : 8)
hpin:tr_soc_top_mx/u_vpu/u_alpha/mul_51_32_I7/B[8] 	 (fanout : 8)
hpin:tr_soc_top_mx/u_vpu/u_alpha/mul_51_32_I7/B[7] 	 (fanout : 8)
hpin:tr_soc_top_mx/u_vpu/u_alpha/mul_51_32_I7/B[6] 	 (fanout : 8)
hpin:tr_soc_top_mx/u_vpu/u_alpha/mul_51_32_I7/B[5] 	 (fanout : 8)
hpin:tr_soc_top_mx/u_vpu/u_alpha/mul_51_32_I7/B[4] 	 (fanout : 8)
hpin:tr_soc_top_mx/u_vpu/u_alpha/mul_51_32_I7/B[3] 	 (fanout : 8)
hpin:tr_soc_top_mx/u_vpu/u_alpha/mul_51_32_I7/B[2] 	 (fanout : 8)
hpin:tr_soc_top_mx/u_vpu/u_alpha/gt_53_28_I7/B[19] 	 (fanout : 9)
hpin:tr_soc_top_mx/u_vpu/u_alpha/gt_53_28_I7/B[18] 	 (fanout : 2)
hpin:tr_soc_top_mx/u_vpu/u_alpha/gt_53_28_I7/B[17] 	 (fanout : 2)
hpin:tr_soc_top_mx/u_vpu/u_alpha/gt_53_28_I7/B[16] 	 (fanout : 2)
hpin:tr_soc_top_mx/u_vpu/u_alpha/gt_53_28_I7/B[15] 	 (fanout : 2)
hpin:tr_soc_top_mx/u_vpu/u_alpha/gt_53_28_I7/B[14] 	 (fanout : 2)
hpin:tr_soc_top_mx/u_vpu/u_alpha/gt_53_28_I7/B[13] 	 (fanout : 2)
hpin:tr_soc_top_mx/u_vpu/u_alpha/gt_53_28_I7/B[12] 	 (fanout : 2)
hpin:tr_soc_top_mx/u_vpu/u_alpha/gt_53_28_I7/B[11] 	 (fanout : 2)
hpin:tr_soc_top_mx/u_vpu/u_alpha/gt_53_28_I7/B[10] 	 (fanout : 2)
hpin:tr_soc_top_mx/u_vpu/u_alpha/gt_53_28_I7/B[9] 	 (fanout : 2)
hpin:tr_soc_top_mx/u_vpu/u_alpha/gt_53_28_I7/B[8] 	 (fanout : 2)
hpin:tr_soc_top_mx/u_vpu/u_alpha/gt_53_28_I7/B[7] 	 (fanout : 2)
hpin:tr_soc_top_mx/u_vpu/u_alpha/gt_53_28_I7/B[6] 	 (fanout : 2)
hpin:tr_soc_top_mx/u_vpu/u_alpha/gt_53_28_I7/B[5] 	 (fanout : 2)
hpin:tr_soc_top_mx/u_vpu/u_alpha/gt_53_28_I7/B[4] 	 (fanout : 2)
hpin:tr_soc_top_mx/u_vpu/u_alpha/gt_53_28_I7/B[3] 	 (fanout : 2)
hpin:tr_soc_top_mx/u_vpu/u_alpha/gt_53_28_I7/B[2] 	 (fanout : 2)
hpin:tr_soc_top_mx/u_vpu/u_alpha/gt_53_28_I7/B[1] 	 (fanout : 2)
hpin:tr_soc_top_mx/u_vpu/u_alpha/gt_53_28_I7/B[0] 	 (fanout : 1)
hpin:tr_soc_top_mx/u_vpu/u_alpha/lt_54_33_I7/B[19] 	 (fanout : 3)
hpin:tr_soc_top_mx/u_vpu/u_alpha/lt_54_33_I7/B[18] 	 (fanout : 1)
hpin:tr_soc_top_mx/u_vpu/u_alpha/lt_54_33_I7/B[17] 	 (fanout : 1)
hpin:tr_soc_top_mx/u_vpu/u_alpha/lt_54_33_I7/B[16] 	 (fanout : 1)
hpin:tr_soc_top_mx/u_vpu/u_alpha/lt_54_33_I7/B[15] 	 (fanout : 1)
hpin:tr_soc_top_mx/u_vpu/u_alpha/lt_54_33_I7/B[14] 	 (fanout : 1)
hpin:tr_soc_top_mx/u_vpu/u_alpha/lt_54_33_I7/B[13] 	 (fanout : 1)
hpin:tr_soc_top_mx/u_vpu/u_alpha/lt_54_33_I7/B[12] 	 (fanout : 1)
hpin:tr_soc_top_mx/u_vpu/u_alpha/lt_54_33_I7/B[11] 	 (fanout : 1)
hpin:tr_soc_top_mx/u_vpu/u_alpha/lt_54_33_I7/B[10] 	 (fanout : 1)
hpin:tr_soc_top_mx/u_vpu/u_alpha/lt_54_33_I7/B[9] 	 (fanout : 1)
hpin:tr_soc_top_mx/u_vpu/u_alpha/lt_54_33_I7/B[8] 	 (fanout : 1)
hpin:tr_soc_top_mx/u_vpu/u_alpha/lt_54_33_I7/B[7] 	 (fanout : 1)
hpin:tr_soc_top_mx/u_vpu/u_alpha/lt_54_33_I7/B[6] 	 (fanout : 1)
hpin:tr_soc_top_mx/u_vpu/u_alpha/lt_54_33_I7/B[5] 	 (fanout : 1)
hpin:tr_soc_top_mx/u_vpu/u_alpha/lt_54_33_I7/B[4] 	 (fanout : 1)
hpin:tr_soc_top_mx/u_vpu/u_alpha/lt_54_33_I7/B[3] 	 (fanout : 1)
hpin:tr_soc_top_mx/u_vpu/u_alpha/lt_54_33_I7/B[2] 	 (fanout : 1)
hpin:tr_soc_top_mx/u_vpu/u_alpha/lt_54_33_I7/B[1] 	 (fanout : 1)
hpin:tr_soc_top_mx/u_vpu/u_alpha/lt_54_33_I7/B[0] 	 (fanout : 1)
hpin:tr_soc_top_mx/u_vpu/u_alpha/gt_58_40_I6/B 	 (fanout : 29)
hpin:tr_soc_top_mx/u_vpu/u_alpha/minus_58_47_I6/A 	 (fanout : 30)
hpin:tr_soc_top_mx/u_vpu/u_alpha/mul_51_32_I6/B[23] 	 (fanout : 1)
hpin:tr_soc_top_mx/u_vpu/u_alpha/mul_51_32_I6/B[22] 	 (fanout : 1)
hpin:tr_soc_top_mx/u_vpu/u_alpha/mul_51_32_I6/B[21] 	 (fanout : 2)
hpin:tr_soc_top_mx/u_vpu/u_alpha/mul_51_32_I6/B[20] 	 (fanout : 2)
hpin:tr_soc_top_mx/u_vpu/u_alpha/mul_51_32_I6/B[19] 	 (fanout : 3)
hpin:tr_soc_top_mx/u_vpu/u_alpha/mul_51_32_I6/B[18] 	 (fanout : 3)
hpin:tr_soc_top_mx/u_vpu/u_alpha/mul_51_32_I6/B[17] 	 (fanout : 4)
hpin:tr_soc_top_mx/u_vpu/u_alpha/mul_51_32_I6/B[16] 	 (fanout : 4)
hpin:tr_soc_top_mx/u_vpu/u_alpha/mul_51_32_I6/B[15] 	 (fanout : 5)
hpin:tr_soc_top_mx/u_vpu/u_alpha/mul_51_32_I6/B[14] 	 (fanout : 5)
hpin:tr_soc_top_mx/u_vpu/u_alpha/mul_51_32_I6/B[13] 	 (fanout : 6)
hpin:tr_soc_top_mx/u_vpu/u_alpha/mul_51_32_I6/B[12] 	 (fanout : 6)
hpin:tr_soc_top_mx/u_vpu/u_alpha/mul_51_32_I6/B[11] 	 (fanout : 7)
hpin:tr_soc_top_mx/u_vpu/u_alpha/mul_51_32_I6/B[10] 	 (fanout : 7)
hpin:tr_soc_top_mx/u_vpu/u_alpha/mul_51_32_I6/B[9] 	 (fanout : 8)
hpin:tr_soc_top_mx/u_vpu/u_alpha/mul_51_32_I6/B[8] 	 (fanout : 8)
hpin:tr_soc_top_mx/u_vpu/u_alpha/mul_51_32_I6/B[7] 	 (fanout : 8)
hpin:tr_soc_top_mx/u_vpu/u_alpha/mul_51_32_I6/B[6] 	 (fanout : 8)
hpin:tr_soc_top_mx/u_vpu/u_alpha/mul_51_32_I6/B[5] 	 (fanout : 8)
hpin:tr_soc_top_mx/u_vpu/u_alpha/mul_51_32_I6/B[4] 	 (fanout : 8)
hpin:tr_soc_top_mx/u_vpu/u_alpha/mul_51_32_I6/B[3] 	 (fanout : 8)
hpin:tr_soc_top_mx/u_vpu/u_alpha/mul_51_32_I6/B[2] 	 (fanout : 8)
hpin:tr_soc_top_mx/u_vpu/u_alpha/gt_53_28_I6/B[19] 	 (fanout : 9)
hpin:tr_soc_top_mx/u_vpu/u_alpha/gt_53_28_I6/B[18] 	 (fanout : 2)
hpin:tr_soc_top_mx/u_vpu/u_alpha/gt_53_28_I6/B[17] 	 (fanout : 2)
hpin:tr_soc_top_mx/u_vpu/u_alpha/gt_53_28_I6/B[16] 	 (fanout : 2)
hpin:tr_soc_top_mx/u_vpu/u_alpha/gt_53_28_I6/B[15] 	 (fanout : 2)
hpin:tr_soc_top_mx/u_vpu/u_alpha/gt_53_28_I6/B[14] 	 (fanout : 2)
hpin:tr_soc_top_mx/u_vpu/u_alpha/gt_53_28_I6/B[13] 	 (fanout : 2)
hpin:tr_soc_top_mx/u_vpu/u_alpha/gt_53_28_I6/B[12] 	 (fanout : 2)
hpin:tr_soc_top_mx/u_vpu/u_alpha/gt_53_28_I6/B[11] 	 (fanout : 2)
hpin:tr_soc_top_mx/u_vpu/u_alpha/gt_53_28_I6/B[10] 	 (fanout : 2)
hpin:tr_soc_top_mx/u_vpu/u_alpha/gt_53_28_I6/B[9] 	 (fanout : 2)
hpin:tr_soc_top_mx/u_vpu/u_alpha/gt_53_28_I6/B[8] 	 (fanout : 2)
hpin:tr_soc_top_mx/u_vpu/u_alpha/gt_53_28_I6/B[7] 	 (fanout : 2)
hpin:tr_soc_top_mx/u_vpu/u_alpha/gt_53_28_I6/B[6] 	 (fanout : 2)
hpin:tr_soc_top_mx/u_vpu/u_alpha/gt_53_28_I6/B[5] 	 (fanout : 2)
hpin:tr_soc_top_mx/u_vpu/u_alpha/gt_53_28_I6/B[4] 	 (fanout : 2)
hpin:tr_soc_top_mx/u_vpu/u_alpha/gt_53_28_I6/B[3] 	 (fanout : 2)
hpin:tr_soc_top_mx/u_vpu/u_alpha/gt_53_28_I6/B[2] 	 (fanout : 2)
hpin:tr_soc_top_mx/u_vpu/u_alpha/gt_53_28_I6/B[1] 	 (fanout : 2)
hpin:tr_soc_top_mx/u_vpu/u_alpha/gt_53_28_I6/B[0] 	 (fanout : 1)
hpin:tr_soc_top_mx/u_vpu/u_alpha/lt_54_33_I6/B[19] 	 (fanout : 3)
hpin:tr_soc_top_mx/u_vpu/u_alpha/lt_54_33_I6/B[18] 	 (fanout : 1)
hpin:tr_soc_top_mx/u_vpu/u_alpha/lt_54_33_I6/B[17] 	 (fanout : 1)
hpin:tr_soc_top_mx/u_vpu/u_alpha/lt_54_33_I6/B[16] 	 (fanout : 1)
hpin:tr_soc_top_mx/u_vpu/u_alpha/lt_54_33_I6/B[15] 	 (fanout : 1)
hpin:tr_soc_top_mx/u_vpu/u_alpha/lt_54_33_I6/B[14] 	 (fanout : 1)
hpin:tr_soc_top_mx/u_vpu/u_alpha/lt_54_33_I6/B[13] 	 (fanout : 1)
hpin:tr_soc_top_mx/u_vpu/u_alpha/lt_54_33_I6/B[12] 	 (fanout : 1)
hpin:tr_soc_top_mx/u_vpu/u_alpha/lt_54_33_I6/B[11] 	 (fanout : 1)
hpin:tr_soc_top_mx/u_vpu/u_alpha/lt_54_33_I6/B[10] 	 (fanout : 1)
hpin:tr_soc_top_mx/u_vpu/u_alpha/lt_54_33_I6/B[9] 	 (fanout : 1)
hpin:tr_soc_top_mx/u_vpu/u_alpha/lt_54_33_I6/B[8] 	 (fanout : 1)
hpin:tr_soc_top_mx/u_vpu/u_alpha/lt_54_33_I6/B[7] 	 (fanout : 1)
hpin:tr_soc_top_mx/u_vpu/u_alpha/lt_54_33_I6/B[6] 	 (fanout : 1)
hpin:tr_soc_top_mx/u_vpu/u_alpha/lt_54_33_I6/B[5] 	 (fanout : 1)
hpin:tr_soc_top_mx/u_vpu/u_alpha/lt_54_33_I6/B[4] 	 (fanout : 1)
hpin:tr_soc_top_mx/u_vpu/u_alpha/lt_54_33_I6/B[3] 	 (fanout : 1)
hpin:tr_soc_top_mx/u_vpu/u_alpha/lt_54_33_I6/B[2] 	 (fanout : 1)
hpin:tr_soc_top_mx/u_vpu/u_alpha/lt_54_33_I6/B[1] 	 (fanout : 1)
hpin:tr_soc_top_mx/u_vpu/u_alpha/lt_54_33_I6/B[0] 	 (fanout : 1)
hpin:tr_soc_top_mx/u_vpu/u_alpha/gt_58_40_I5/B 	 (fanout : 29)
hpin:tr_soc_top_mx/u_vpu/u_alpha/minus_58_47_I5/A 	 (fanout : 30)
hpin:tr_soc_top_mx/u_vpu/u_alpha/mul_51_32_I5/B[23] 	 (fanout : 1)
hpin:tr_soc_top_mx/u_vpu/u_alpha/mul_51_32_I5/B[22] 	 (fanout : 1)
hpin:tr_soc_top_mx/u_vpu/u_alpha/mul_51_32_I5/B[21] 	 (fanout : 2)
hpin:tr_soc_top_mx/u_vpu/u_alpha/mul_51_32_I5/B[20] 	 (fanout : 2)
hpin:tr_soc_top_mx/u_vpu/u_alpha/mul_51_32_I5/B[19] 	 (fanout : 3)
hpin:tr_soc_top_mx/u_vpu/u_alpha/mul_51_32_I5/B[18] 	 (fanout : 3)
hpin:tr_soc_top_mx/u_vpu/u_alpha/mul_51_32_I5/B[17] 	 (fanout : 4)
hpin:tr_soc_top_mx/u_vpu/u_alpha/mul_51_32_I5/B[16] 	 (fanout : 4)
hpin:tr_soc_top_mx/u_vpu/u_alpha/mul_51_32_I5/B[15] 	 (fanout : 5)
hpin:tr_soc_top_mx/u_vpu/u_alpha/mul_51_32_I5/B[14] 	 (fanout : 5)
hpin:tr_soc_top_mx/u_vpu/u_alpha/mul_51_32_I5/B[13] 	 (fanout : 6)
hpin:tr_soc_top_mx/u_vpu/u_alpha/mul_51_32_I5/B[12] 	 (fanout : 6)
hpin:tr_soc_top_mx/u_vpu/u_alpha/mul_51_32_I5/B[11] 	 (fanout : 7)
hpin:tr_soc_top_mx/u_vpu/u_alpha/mul_51_32_I5/B[10] 	 (fanout : 7)
hpin:tr_soc_top_mx/u_vpu/u_alpha/mul_51_32_I5/B[9] 	 (fanout : 8)
hpin:tr_soc_top_mx/u_vpu/u_alpha/mul_51_32_I5/B[8] 	 (fanout : 8)
hpin:tr_soc_top_mx/u_vpu/u_alpha/mul_51_32_I5/B[7] 	 (fanout : 8)
hpin:tr_soc_top_mx/u_vpu/u_alpha/mul_51_32_I5/B[6] 	 (fanout : 8)
hpin:tr_soc_top_mx/u_vpu/u_alpha/mul_51_32_I5/B[5] 	 (fanout : 8)
hpin:tr_soc_top_mx/u_vpu/u_alpha/mul_51_32_I5/B[4] 	 (fanout : 8)
hpin:tr_soc_top_mx/u_vpu/u_alpha/mul_51_32_I5/B[3] 	 (fanout : 8)
hpin:tr_soc_top_mx/u_vpu/u_alpha/mul_51_32_I5/B[2] 	 (fanout : 8)
hpin:tr_soc_top_mx/u_vpu/u_alpha/gt_53_28_I5/B[19] 	 (fanout : 9)
hpin:tr_soc_top_mx/u_vpu/u_alpha/gt_53_28_I5/B[18] 	 (fanout : 2)
hpin:tr_soc_top_mx/u_vpu/u_alpha/gt_53_28_I5/B[17] 	 (fanout : 2)
hpin:tr_soc_top_mx/u_vpu/u_alpha/gt_53_28_I5/B[16] 	 (fanout : 2)
hpin:tr_soc_top_mx/u_vpu/u_alpha/gt_53_28_I5/B[15] 	 (fanout : 2)
hpin:tr_soc_top_mx/u_vpu/u_alpha/gt_53_28_I5/B[14] 	 (fanout : 2)
hpin:tr_soc_top_mx/u_vpu/u_alpha/gt_53_28_I5/B[13] 	 (fanout : 2)
hpin:tr_soc_top_mx/u_vpu/u_alpha/gt_53_28_I5/B[12] 	 (fanout : 2)
hpin:tr_soc_top_mx/u_vpu/u_alpha/gt_53_28_I5/B[11] 	 (fanout : 2)
hpin:tr_soc_top_mx/u_vpu/u_alpha/gt_53_28_I5/B[10] 	 (fanout : 2)
hpin:tr_soc_top_mx/u_vpu/u_alpha/gt_53_28_I5/B[9] 	 (fanout : 2)
hpin:tr_soc_top_mx/u_vpu/u_alpha/gt_53_28_I5/B[8] 	 (fanout : 2)
hpin:tr_soc_top_mx/u_vpu/u_alpha/gt_53_28_I5/B[7] 	 (fanout : 2)
hpin:tr_soc_top_mx/u_vpu/u_alpha/gt_53_28_I5/B[6] 	 (fanout : 2)
hpin:tr_soc_top_mx/u_vpu/u_alpha/gt_53_28_I5/B[5] 	 (fanout : 2)
hpin:tr_soc_top_mx/u_vpu/u_alpha/gt_53_28_I5/B[4] 	 (fanout : 2)
hpin:tr_soc_top_mx/u_vpu/u_alpha/gt_53_28_I5/B[3] 	 (fanout : 2)
hpin:tr_soc_top_mx/u_vpu/u_alpha/gt_53_28_I5/B[2] 	 (fanout : 2)
hpin:tr_soc_top_mx/u_vpu/u_alpha/gt_53_28_I5/B[1] 	 (fanout : 2)
hpin:tr_soc_top_mx/u_vpu/u_alpha/gt_53_28_I5/B[0] 	 (fanout : 1)
hpin:tr_soc_top_mx/u_vpu/u_alpha/lt_54_33_I5/B[19] 	 (fanout : 3)
hpin:tr_soc_top_mx/u_vpu/u_alpha/lt_54_33_I5/B[18] 	 (fanout : 1)
hpin:tr_soc_top_mx/u_vpu/u_alpha/lt_54_33_I5/B[17] 	 (fanout : 1)
hpin:tr_soc_top_mx/u_vpu/u_alpha/lt_54_33_I5/B[16] 	 (fanout : 1)
hpin:tr_soc_top_mx/u_vpu/u_alpha/lt_54_33_I5/B[15] 	 (fanout : 1)
hpin:tr_soc_top_mx/u_vpu/u_alpha/lt_54_33_I5/B[14] 	 (fanout : 1)
hpin:tr_soc_top_mx/u_vpu/u_alpha/lt_54_33_I5/B[13] 	 (fanout : 1)
hpin:tr_soc_top_mx/u_vpu/u_alpha/lt_54_33_I5/B[12] 	 (fanout : 1)
hpin:tr_soc_top_mx/u_vpu/u_alpha/lt_54_33_I5/B[11] 	 (fanout : 1)
hpin:tr_soc_top_mx/u_vpu/u_alpha/lt_54_33_I5/B[10] 	 (fanout : 1)
hpin:tr_soc_top_mx/u_vpu/u_alpha/lt_54_33_I5/B[9] 	 (fanout : 1)
hpin:tr_soc_top_mx/u_vpu/u_alpha/lt_54_33_I5/B[8] 	 (fanout : 1)
hpin:tr_soc_top_mx/u_vpu/u_alpha/lt_54_33_I5/B[7] 	 (fanout : 1)
hpin:tr_soc_top_mx/u_vpu/u_alpha/lt_54_33_I5/B[6] 	 (fanout : 1)
hpin:tr_soc_top_mx/u_vpu/u_alpha/lt_54_33_I5/B[5] 	 (fanout : 1)
hpin:tr_soc_top_mx/u_vpu/u_alpha/lt_54_33_I5/B[4] 	 (fanout : 1)
hpin:tr_soc_top_mx/u_vpu/u_alpha/lt_54_33_I5/B[3] 	 (fanout : 1)
hpin:tr_soc_top_mx/u_vpu/u_alpha/lt_54_33_I5/B[2] 	 (fanout : 1)
hpin:tr_soc_top_mx/u_vpu/u_alpha/lt_54_33_I5/B[1] 	 (fanout : 1)
hpin:tr_soc_top_mx/u_vpu/u_alpha/lt_54_33_I5/B[0] 	 (fanout : 1)
hpin:tr_soc_top_mx/u_vpu/u_alpha/gt_58_40_I4/B 	 (fanout : 29)
hpin:tr_soc_top_mx/u_vpu/u_alpha/minus_58_47_I4/A 	 (fanout : 30)
hpin:tr_soc_top_mx/u_vpu/u_alpha/mul_51_32_I4/B[23] 	 (fanout : 1)
hpin:tr_soc_top_mx/u_vpu/u_alpha/mul_51_32_I4/B[22] 	 (fanout : 1)
hpin:tr_soc_top_mx/u_vpu/u_alpha/mul_51_32_I4/B[21] 	 (fanout : 2)
hpin:tr_soc_top_mx/u_vpu/u_alpha/mul_51_32_I4/B[20] 	 (fanout : 2)
hpin:tr_soc_top_mx/u_vpu/u_alpha/mul_51_32_I4/B[19] 	 (fanout : 3)
hpin:tr_soc_top_mx/u_vpu/u_alpha/mul_51_32_I4/B[18] 	 (fanout : 3)
hpin:tr_soc_top_mx/u_vpu/u_alpha/mul_51_32_I4/B[17] 	 (fanout : 4)
hpin:tr_soc_top_mx/u_vpu/u_alpha/mul_51_32_I4/B[16] 	 (fanout : 4)
hpin:tr_soc_top_mx/u_vpu/u_alpha/mul_51_32_I4/B[15] 	 (fanout : 5)
hpin:tr_soc_top_mx/u_vpu/u_alpha/mul_51_32_I4/B[14] 	 (fanout : 5)
hpin:tr_soc_top_mx/u_vpu/u_alpha/mul_51_32_I4/B[13] 	 (fanout : 6)
hpin:tr_soc_top_mx/u_vpu/u_alpha/mul_51_32_I4/B[12] 	 (fanout : 6)
hpin:tr_soc_top_mx/u_vpu/u_alpha/mul_51_32_I4/B[11] 	 (fanout : 7)
hpin:tr_soc_top_mx/u_vpu/u_alpha/mul_51_32_I4/B[10] 	 (fanout : 7)
hpin:tr_soc_top_mx/u_vpu/u_alpha/mul_51_32_I4/B[9] 	 (fanout : 8)
hpin:tr_soc_top_mx/u_vpu/u_alpha/mul_51_32_I4/B[8] 	 (fanout : 8)
hpin:tr_soc_top_mx/u_vpu/u_alpha/mul_51_32_I4/B[7] 	 (fanout : 8)
hpin:tr_soc_top_mx/u_vpu/u_alpha/mul_51_32_I4/B[6] 	 (fanout : 8)
hpin:tr_soc_top_mx/u_vpu/u_alpha/mul_51_32_I4/B[5] 	 (fanout : 8)
hpin:tr_soc_top_mx/u_vpu/u_alpha/mul_51_32_I4/B[4] 	 (fanout : 8)
hpin:tr_soc_top_mx/u_vpu/u_alpha/mul_51_32_I4/B[3] 	 (fanout : 8)
hpin:tr_soc_top_mx/u_vpu/u_alpha/mul_51_32_I4/B[2] 	 (fanout : 8)
hpin:tr_soc_top_mx/u_vpu/u_alpha/gt_53_28_I4/B[19] 	 (fanout : 9)
hpin:tr_soc_top_mx/u_vpu/u_alpha/gt_53_28_I4/B[18] 	 (fanout : 2)
hpin:tr_soc_top_mx/u_vpu/u_alpha/gt_53_28_I4/B[17] 	 (fanout : 2)
hpin:tr_soc_top_mx/u_vpu/u_alpha/gt_53_28_I4/B[16] 	 (fanout : 2)
hpin:tr_soc_top_mx/u_vpu/u_alpha/gt_53_28_I4/B[15] 	 (fanout : 2)
hpin:tr_soc_top_mx/u_vpu/u_alpha/gt_53_28_I4/B[14] 	 (fanout : 2)
hpin:tr_soc_top_mx/u_vpu/u_alpha/gt_53_28_I4/B[13] 	 (fanout : 2)
hpin:tr_soc_top_mx/u_vpu/u_alpha/gt_53_28_I4/B[12] 	 (fanout : 2)
hpin:tr_soc_top_mx/u_vpu/u_alpha/gt_53_28_I4/B[11] 	 (fanout : 2)
hpin:tr_soc_top_mx/u_vpu/u_alpha/gt_53_28_I4/B[10] 	 (fanout : 2)
hpin:tr_soc_top_mx/u_vpu/u_alpha/gt_53_28_I4/B[9] 	 (fanout : 2)
hpin:tr_soc_top_mx/u_vpu/u_alpha/gt_53_28_I4/B[8] 	 (fanout : 2)
hpin:tr_soc_top_mx/u_vpu/u_alpha/gt_53_28_I4/B[7] 	 (fanout : 2)
hpin:tr_soc_top_mx/u_vpu/u_alpha/gt_53_28_I4/B[6] 	 (fanout : 2)
hpin:tr_soc_top_mx/u_vpu/u_alpha/gt_53_28_I4/B[5] 	 (fanout : 2)
hpin:tr_soc_top_mx/u_vpu/u_alpha/gt_53_28_I4/B[4] 	 (fanout : 2)
hpin:tr_soc_top_mx/u_vpu/u_alpha/gt_53_28_I4/B[3] 	 (fanout : 2)
hpin:tr_soc_top_mx/u_vpu/u_alpha/gt_53_28_I4/B[2] 	 (fanout : 2)
hpin:tr_soc_top_mx/u_vpu/u_alpha/gt_53_28_I4/B[1] 	 (fanout : 2)
hpin:tr_soc_top_mx/u_vpu/u_alpha/gt_53_28_I4/B[0] 	 (fanout : 1)
hpin:tr_soc_top_mx/u_vpu/u_alpha/lt_54_33_I4/B[19] 	 (fanout : 3)
hpin:tr_soc_top_mx/u_vpu/u_alpha/lt_54_33_I4/B[18] 	 (fanout : 1)
hpin:tr_soc_top_mx/u_vpu/u_alpha/lt_54_33_I4/B[17] 	 (fanout : 1)
hpin:tr_soc_top_mx/u_vpu/u_alpha/lt_54_33_I4/B[16] 	 (fanout : 1)
hpin:tr_soc_top_mx/u_vpu/u_alpha/lt_54_33_I4/B[15] 	 (fanout : 1)
hpin:tr_soc_top_mx/u_vpu/u_alpha/lt_54_33_I4/B[14] 	 (fanout : 1)
hpin:tr_soc_top_mx/u_vpu/u_alpha/lt_54_33_I4/B[13] 	 (fanout : 1)
hpin:tr_soc_top_mx/u_vpu/u_alpha/lt_54_33_I4/B[12] 	 (fanout : 1)
hpin:tr_soc_top_mx/u_vpu/u_alpha/lt_54_33_I4/B[11] 	 (fanout : 1)
hpin:tr_soc_top_mx/u_vpu/u_alpha/lt_54_33_I4/B[10] 	 (fanout : 1)
hpin:tr_soc_top_mx/u_vpu/u_alpha/lt_54_33_I4/B[9] 	 (fanout : 1)
hpin:tr_soc_top_mx/u_vpu/u_alpha/lt_54_33_I4/B[8] 	 (fanout : 1)
hpin:tr_soc_top_mx/u_vpu/u_alpha/lt_54_33_I4/B[7] 	 (fanout : 1)
hpin:tr_soc_top_mx/u_vpu/u_alpha/lt_54_33_I4/B[6] 	 (fanout : 1)
hpin:tr_soc_top_mx/u_vpu/u_alpha/lt_54_33_I4/B[5] 	 (fanout : 1)
hpin:tr_soc_top_mx/u_vpu/u_alpha/lt_54_33_I4/B[4] 	 (fanout : 1)
hpin:tr_soc_top_mx/u_vpu/u_alpha/lt_54_33_I4/B[3] 	 (fanout : 1)
hpin:tr_soc_top_mx/u_vpu/u_alpha/lt_54_33_I4/B[2] 	 (fanout : 1)
hpin:tr_soc_top_mx/u_vpu/u_alpha/lt_54_33_I4/B[1] 	 (fanout : 1)
hpin:tr_soc_top_mx/u_vpu/u_alpha/lt_54_33_I4/B[0] 	 (fanout : 1)
hpin:tr_soc_top_mx/u_vpu/u_alpha/gt_58_40_I3/B 	 (fanout : 29)
hpin:tr_soc_top_mx/u_vpu/u_alpha/minus_58_47_I3/A 	 (fanout : 30)
hpin:tr_soc_top_mx/u_vpu/u_alpha/mul_51_32_I3/B[23] 	 (fanout : 1)
hpin:tr_soc_top_mx/u_vpu/u_alpha/mul_51_32_I3/B[22] 	 (fanout : 1)
hpin:tr_soc_top_mx/u_vpu/u_alpha/mul_51_32_I3/B[21] 	 (fanout : 2)
hpin:tr_soc_top_mx/u_vpu/u_alpha/mul_51_32_I3/B[20] 	 (fanout : 2)
hpin:tr_soc_top_mx/u_vpu/u_alpha/mul_51_32_I3/B[19] 	 (fanout : 3)
hpin:tr_soc_top_mx/u_vpu/u_alpha/mul_51_32_I3/B[18] 	 (fanout : 3)
hpin:tr_soc_top_mx/u_vpu/u_alpha/mul_51_32_I3/B[17] 	 (fanout : 4)
hpin:tr_soc_top_mx/u_vpu/u_alpha/mul_51_32_I3/B[16] 	 (fanout : 4)
hpin:tr_soc_top_mx/u_vpu/u_alpha/mul_51_32_I3/B[15] 	 (fanout : 5)
hpin:tr_soc_top_mx/u_vpu/u_alpha/mul_51_32_I3/B[14] 	 (fanout : 5)
hpin:tr_soc_top_mx/u_vpu/u_alpha/mul_51_32_I3/B[13] 	 (fanout : 6)
hpin:tr_soc_top_mx/u_vpu/u_alpha/mul_51_32_I3/B[12] 	 (fanout : 6)
hpin:tr_soc_top_mx/u_vpu/u_alpha/mul_51_32_I3/B[11] 	 (fanout : 7)
hpin:tr_soc_top_mx/u_vpu/u_alpha/mul_51_32_I3/B[10] 	 (fanout : 7)
hpin:tr_soc_top_mx/u_vpu/u_alpha/mul_51_32_I3/B[9] 	 (fanout : 8)
hpin:tr_soc_top_mx/u_vpu/u_alpha/mul_51_32_I3/B[8] 	 (fanout : 8)
hpin:tr_soc_top_mx/u_vpu/u_alpha/mul_51_32_I3/B[7] 	 (fanout : 8)
hpin:tr_soc_top_mx/u_vpu/u_alpha/mul_51_32_I3/B[6] 	 (fanout : 8)
hpin:tr_soc_top_mx/u_vpu/u_alpha/mul_51_32_I3/B[5] 	 (fanout : 8)
hpin:tr_soc_top_mx/u_vpu/u_alpha/mul_51_32_I3/B[4] 	 (fanout : 8)
hpin:tr_soc_top_mx/u_vpu/u_alpha/mul_51_32_I3/B[3] 	 (fanout : 8)
hpin:tr_soc_top_mx/u_vpu/u_alpha/mul_51_32_I3/B[2] 	 (fanout : 8)
hpin:tr_soc_top_mx/u_vpu/u_alpha/gt_53_28_I3/B[19] 	 (fanout : 9)
hpin:tr_soc_top_mx/u_vpu/u_alpha/gt_53_28_I3/B[18] 	 (fanout : 2)
hpin:tr_soc_top_mx/u_vpu/u_alpha/gt_53_28_I3/B[17] 	 (fanout : 2)
hpin:tr_soc_top_mx/u_vpu/u_alpha/gt_53_28_I3/B[16] 	 (fanout : 2)
hpin:tr_soc_top_mx/u_vpu/u_alpha/gt_53_28_I3/B[15] 	 (fanout : 2)
hpin:tr_soc_top_mx/u_vpu/u_alpha/gt_53_28_I3/B[14] 	 (fanout : 2)
hpin:tr_soc_top_mx/u_vpu/u_alpha/gt_53_28_I3/B[13] 	 (fanout : 2)
hpin:tr_soc_top_mx/u_vpu/u_alpha/gt_53_28_I3/B[12] 	 (fanout : 2)
hpin:tr_soc_top_mx/u_vpu/u_alpha/gt_53_28_I3/B[11] 	 (fanout : 2)
hpin:tr_soc_top_mx/u_vpu/u_alpha/gt_53_28_I3/B[10] 	 (fanout : 2)
hpin:tr_soc_top_mx/u_vpu/u_alpha/gt_53_28_I3/B[9] 	 (fanout : 2)
hpin:tr_soc_top_mx/u_vpu/u_alpha/gt_53_28_I3/B[8] 	 (fanout : 2)
hpin:tr_soc_top_mx/u_vpu/u_alpha/gt_53_28_I3/B[7] 	 (fanout : 2)
hpin:tr_soc_top_mx/u_vpu/u_alpha/gt_53_28_I3/B[6] 	 (fanout : 2)
hpin:tr_soc_top_mx/u_vpu/u_alpha/gt_53_28_I3/B[5] 	 (fanout : 2)
hpin:tr_soc_top_mx/u_vpu/u_alpha/gt_53_28_I3/B[4] 	 (fanout : 2)
hpin:tr_soc_top_mx/u_vpu/u_alpha/gt_53_28_I3/B[3] 	 (fanout : 2)
hpin:tr_soc_top_mx/u_vpu/u_alpha/gt_53_28_I3/B[2] 	 (fanout : 2)
hpin:tr_soc_top_mx/u_vpu/u_alpha/gt_53_28_I3/B[1] 	 (fanout : 2)
hpin:tr_soc_top_mx/u_vpu/u_alpha/gt_53_28_I3/B[0] 	 (fanout : 1)
hpin:tr_soc_top_mx/u_vpu/u_alpha/lt_54_33_I3/B[19] 	 (fanout : 3)
hpin:tr_soc_top_mx/u_vpu/u_alpha/lt_54_33_I3/B[18] 	 (fanout : 1)
hpin:tr_soc_top_mx/u_vpu/u_alpha/lt_54_33_I3/B[17] 	 (fanout : 1)
hpin:tr_soc_top_mx/u_vpu/u_alpha/lt_54_33_I3/B[16] 	 (fanout : 1)
hpin:tr_soc_top_mx/u_vpu/u_alpha/lt_54_33_I3/B[15] 	 (fanout : 1)
hpin:tr_soc_top_mx/u_vpu/u_alpha/lt_54_33_I3/B[14] 	 (fanout : 1)
hpin:tr_soc_top_mx/u_vpu/u_alpha/lt_54_33_I3/B[13] 	 (fanout : 1)
hpin:tr_soc_top_mx/u_vpu/u_alpha/lt_54_33_I3/B[12] 	 (fanout : 1)
hpin:tr_soc_top_mx/u_vpu/u_alpha/lt_54_33_I3/B[11] 	 (fanout : 1)
hpin:tr_soc_top_mx/u_vpu/u_alpha/lt_54_33_I3/B[10] 	 (fanout : 1)
hpin:tr_soc_top_mx/u_vpu/u_alpha/lt_54_33_I3/B[9] 	 (fanout : 1)
hpin:tr_soc_top_mx/u_vpu/u_alpha/lt_54_33_I3/B[8] 	 (fanout : 1)
hpin:tr_soc_top_mx/u_vpu/u_alpha/lt_54_33_I3/B[7] 	 (fanout : 1)
hpin:tr_soc_top_mx/u_vpu/u_alpha/lt_54_33_I3/B[6] 	 (fanout : 1)
hpin:tr_soc_top_mx/u_vpu/u_alpha/lt_54_33_I3/B[5] 	 (fanout : 1)
hpin:tr_soc_top_mx/u_vpu/u_alpha/lt_54_33_I3/B[4] 	 (fanout : 1)
hpin:tr_soc_top_mx/u_vpu/u_alpha/lt_54_33_I3/B[3] 	 (fanout : 1)
hpin:tr_soc_top_mx/u_vpu/u_alpha/lt_54_33_I3/B[2] 	 (fanout : 1)
hpin:tr_soc_top_mx/u_vpu/u_alpha/lt_54_33_I3/B[1] 	 (fanout : 1)
hpin:tr_soc_top_mx/u_vpu/u_alpha/lt_54_33_I3/B[0] 	 (fanout : 1)
hpin:tr_soc_top_mx/u_vpu/u_alpha/gt_58_40_I2/B 	 (fanout : 29)
hpin:tr_soc_top_mx/u_vpu/u_alpha/minus_58_47_I2/A 	 (fanout : 30)
hpin:tr_soc_top_mx/u_vpu/u_alpha/mul_51_32_I2/B[23] 	 (fanout : 1)
hpin:tr_soc_top_mx/u_vpu/u_alpha/mul_51_32_I2/B[22] 	 (fanout : 1)
hpin:tr_soc_top_mx/u_vpu/u_alpha/mul_51_32_I2/B[21] 	 (fanout : 2)
hpin:tr_soc_top_mx/u_vpu/u_alpha/mul_51_32_I2/B[20] 	 (fanout : 2)
hpin:tr_soc_top_mx/u_vpu/u_alpha/mul_51_32_I2/B[19] 	 (fanout : 3)
hpin:tr_soc_top_mx/u_vpu/u_alpha/mul_51_32_I2/B[18] 	 (fanout : 3)
hpin:tr_soc_top_mx/u_vpu/u_alpha/mul_51_32_I2/B[17] 	 (fanout : 4)
hpin:tr_soc_top_mx/u_vpu/u_alpha/mul_51_32_I2/B[16] 	 (fanout : 4)
hpin:tr_soc_top_mx/u_vpu/u_alpha/mul_51_32_I2/B[15] 	 (fanout : 5)
hpin:tr_soc_top_mx/u_vpu/u_alpha/mul_51_32_I2/B[14] 	 (fanout : 5)
hpin:tr_soc_top_mx/u_vpu/u_alpha/mul_51_32_I2/B[13] 	 (fanout : 6)
hpin:tr_soc_top_mx/u_vpu/u_alpha/mul_51_32_I2/B[12] 	 (fanout : 6)
hpin:tr_soc_top_mx/u_vpu/u_alpha/mul_51_32_I2/B[11] 	 (fanout : 7)
hpin:tr_soc_top_mx/u_vpu/u_alpha/mul_51_32_I2/B[10] 	 (fanout : 7)
hpin:tr_soc_top_mx/u_vpu/u_alpha/mul_51_32_I2/B[9] 	 (fanout : 8)
hpin:tr_soc_top_mx/u_vpu/u_alpha/mul_51_32_I2/B[8] 	 (fanout : 8)
hpin:tr_soc_top_mx/u_vpu/u_alpha/mul_51_32_I2/B[7] 	 (fanout : 8)
hpin:tr_soc_top_mx/u_vpu/u_alpha/mul_51_32_I2/B[6] 	 (fanout : 8)
hpin:tr_soc_top_mx/u_vpu/u_alpha/mul_51_32_I2/B[5] 	 (fanout : 8)
hpin:tr_soc_top_mx/u_vpu/u_alpha/mul_51_32_I2/B[4] 	 (fanout : 8)
hpin:tr_soc_top_mx/u_vpu/u_alpha/mul_51_32_I2/B[3] 	 (fanout : 8)
hpin:tr_soc_top_mx/u_vpu/u_alpha/mul_51_32_I2/B[2] 	 (fanout : 8)
hpin:tr_soc_top_mx/u_vpu/u_alpha/gt_53_28_I2/B[19] 	 (fanout : 9)
hpin:tr_soc_top_mx/u_vpu/u_alpha/gt_53_28_I2/B[18] 	 (fanout : 2)
hpin:tr_soc_top_mx/u_vpu/u_alpha/gt_53_28_I2/B[17] 	 (fanout : 2)
hpin:tr_soc_top_mx/u_vpu/u_alpha/gt_53_28_I2/B[16] 	 (fanout : 2)
hpin:tr_soc_top_mx/u_vpu/u_alpha/gt_53_28_I2/B[15] 	 (fanout : 2)
hpin:tr_soc_top_mx/u_vpu/u_alpha/gt_53_28_I2/B[14] 	 (fanout : 2)
hpin:tr_soc_top_mx/u_vpu/u_alpha/gt_53_28_I2/B[13] 	 (fanout : 2)
hpin:tr_soc_top_mx/u_vpu/u_alpha/gt_53_28_I2/B[12] 	 (fanout : 2)
hpin:tr_soc_top_mx/u_vpu/u_alpha/gt_53_28_I2/B[11] 	 (fanout : 2)
hpin:tr_soc_top_mx/u_vpu/u_alpha/gt_53_28_I2/B[10] 	 (fanout : 2)
hpin:tr_soc_top_mx/u_vpu/u_alpha/gt_53_28_I2/B[9] 	 (fanout : 2)
hpin:tr_soc_top_mx/u_vpu/u_alpha/gt_53_28_I2/B[8] 	 (fanout : 2)
hpin:tr_soc_top_mx/u_vpu/u_alpha/gt_53_28_I2/B[7] 	 (fanout : 2)
hpin:tr_soc_top_mx/u_vpu/u_alpha/gt_53_28_I2/B[6] 	 (fanout : 2)
hpin:tr_soc_top_mx/u_vpu/u_alpha/gt_53_28_I2/B[5] 	 (fanout : 2)
hpin:tr_soc_top_mx/u_vpu/u_alpha/gt_53_28_I2/B[4] 	 (fanout : 2)
hpin:tr_soc_top_mx/u_vpu/u_alpha/gt_53_28_I2/B[3] 	 (fanout : 2)
hpin:tr_soc_top_mx/u_vpu/u_alpha/gt_53_28_I2/B[2] 	 (fanout : 2)
hpin:tr_soc_top_mx/u_vpu/u_alpha/gt_53_28_I2/B[1] 	 (fanout : 2)
hpin:tr_soc_top_mx/u_vpu/u_alpha/gt_53_28_I2/B[0] 	 (fanout : 1)
hpin:tr_soc_top_mx/u_vpu/u_alpha/lt_54_33_I2/B[19] 	 (fanout : 3)
hpin:tr_soc_top_mx/u_vpu/u_alpha/lt_54_33_I2/B[18] 	 (fanout : 1)
hpin:tr_soc_top_mx/u_vpu/u_alpha/lt_54_33_I2/B[17] 	 (fanout : 1)
hpin:tr_soc_top_mx/u_vpu/u_alpha/lt_54_33_I2/B[16] 	 (fanout : 1)
hpin:tr_soc_top_mx/u_vpu/u_alpha/lt_54_33_I2/B[15] 	 (fanout : 1)
hpin:tr_soc_top_mx/u_vpu/u_alpha/lt_54_33_I2/B[14] 	 (fanout : 1)
hpin:tr_soc_top_mx/u_vpu/u_alpha/lt_54_33_I2/B[13] 	 (fanout : 1)
hpin:tr_soc_top_mx/u_vpu/u_alpha/lt_54_33_I2/B[12] 	 (fanout : 1)
hpin:tr_soc_top_mx/u_vpu/u_alpha/lt_54_33_I2/B[11] 	 (fanout : 1)
hpin:tr_soc_top_mx/u_vpu/u_alpha/lt_54_33_I2/B[10] 	 (fanout : 1)
hpin:tr_soc_top_mx/u_vpu/u_alpha/lt_54_33_I2/B[9] 	 (fanout : 1)
hpin:tr_soc_top_mx/u_vpu/u_alpha/lt_54_33_I2/B[8] 	 (fanout : 1)
hpin:tr_soc_top_mx/u_vpu/u_alpha/lt_54_33_I2/B[7] 	 (fanout : 1)
hpin:tr_soc_top_mx/u_vpu/u_alpha/lt_54_33_I2/B[6] 	 (fanout : 1)
hpin:tr_soc_top_mx/u_vpu/u_alpha/lt_54_33_I2/B[5] 	 (fanout : 1)
hpin:tr_soc_top_mx/u_vpu/u_alpha/lt_54_33_I2/B[4] 	 (fanout : 1)
hpin:tr_soc_top_mx/u_vpu/u_alpha/lt_54_33_I2/B[3] 	 (fanout : 1)
hpin:tr_soc_top_mx/u_vpu/u_alpha/lt_54_33_I2/B[2] 	 (fanout : 1)
hpin:tr_soc_top_mx/u_vpu/u_alpha/lt_54_33_I2/B[1] 	 (fanout : 1)
hpin:tr_soc_top_mx/u_vpu/u_alpha/lt_54_33_I2/B[0] 	 (fanout : 1)
hpin:tr_soc_top_mx/u_vpu/u_alpha/gt_58_40_I1/B 	 (fanout : 29)
hpin:tr_soc_top_mx/u_vpu/u_alpha/minus_58_47_I1/A 	 (fanout : 30)
hpin:tr_soc_top_mx/u_vpu/u_alpha/mul_51_32_I1/B[23] 	 (fanout : 1)
hpin:tr_soc_top_mx/u_vpu/u_alpha/mul_51_32_I1/B[22] 	 (fanout : 1)
hpin:tr_soc_top_mx/u_vpu/u_alpha/mul_51_32_I1/B[21] 	 (fanout : 2)
hpin:tr_soc_top_mx/u_vpu/u_alpha/mul_51_32_I1/B[20] 	 (fanout : 2)
hpin:tr_soc_top_mx/u_vpu/u_alpha/mul_51_32_I1/B[19] 	 (fanout : 3)
hpin:tr_soc_top_mx/u_vpu/u_alpha/mul_51_32_I1/B[18] 	 (fanout : 3)
hpin:tr_soc_top_mx/u_vpu/u_alpha/mul_51_32_I1/B[17] 	 (fanout : 4)
hpin:tr_soc_top_mx/u_vpu/u_alpha/mul_51_32_I1/B[16] 	 (fanout : 4)
hpin:tr_soc_top_mx/u_vpu/u_alpha/mul_51_32_I1/B[15] 	 (fanout : 5)
hpin:tr_soc_top_mx/u_vpu/u_alpha/mul_51_32_I1/B[14] 	 (fanout : 5)
hpin:tr_soc_top_mx/u_vpu/u_alpha/mul_51_32_I1/B[13] 	 (fanout : 6)
hpin:tr_soc_top_mx/u_vpu/u_alpha/mul_51_32_I1/B[12] 	 (fanout : 6)
hpin:tr_soc_top_mx/u_vpu/u_alpha/mul_51_32_I1/B[11] 	 (fanout : 7)
hpin:tr_soc_top_mx/u_vpu/u_alpha/mul_51_32_I1/B[10] 	 (fanout : 7)
hpin:tr_soc_top_mx/u_vpu/u_alpha/mul_51_32_I1/B[9] 	 (fanout : 8)
hpin:tr_soc_top_mx/u_vpu/u_alpha/mul_51_32_I1/B[8] 	 (fanout : 8)
hpin:tr_soc_top_mx/u_vpu/u_alpha/mul_51_32_I1/B[7] 	 (fanout : 8)
hpin:tr_soc_top_mx/u_vpu/u_alpha/mul_51_32_I1/B[6] 	 (fanout : 8)
hpin:tr_soc_top_mx/u_vpu/u_alpha/mul_51_32_I1/B[5] 	 (fanout : 8)
hpin:tr_soc_top_mx/u_vpu/u_alpha/mul_51_32_I1/B[4] 	 (fanout : 8)
hpin:tr_soc_top_mx/u_vpu/u_alpha/mul_51_32_I1/B[3] 	 (fanout : 8)
hpin:tr_soc_top_mx/u_vpu/u_alpha/mul_51_32_I1/B[2] 	 (fanout : 8)
hpin:tr_soc_top_mx/u_vpu/u_alpha/gt_53_28_I1/B[19] 	 (fanout : 9)
hpin:tr_soc_top_mx/u_vpu/u_alpha/gt_53_28_I1/B[18] 	 (fanout : 2)
hpin:tr_soc_top_mx/u_vpu/u_alpha/gt_53_28_I1/B[17] 	 (fanout : 2)
hpin:tr_soc_top_mx/u_vpu/u_alpha/gt_53_28_I1/B[16] 	 (fanout : 2)
hpin:tr_soc_top_mx/u_vpu/u_alpha/gt_53_28_I1/B[15] 	 (fanout : 2)
hpin:tr_soc_top_mx/u_vpu/u_alpha/gt_53_28_I1/B[14] 	 (fanout : 2)
hpin:tr_soc_top_mx/u_vpu/u_alpha/gt_53_28_I1/B[13] 	 (fanout : 2)
hpin:tr_soc_top_mx/u_vpu/u_alpha/gt_53_28_I1/B[12] 	 (fanout : 2)
hpin:tr_soc_top_mx/u_vpu/u_alpha/gt_53_28_I1/B[11] 	 (fanout : 2)
hpin:tr_soc_top_mx/u_vpu/u_alpha/gt_53_28_I1/B[10] 	 (fanout : 2)
hpin:tr_soc_top_mx/u_vpu/u_alpha/gt_53_28_I1/B[9] 	 (fanout : 2)
hpin:tr_soc_top_mx/u_vpu/u_alpha/gt_53_28_I1/B[8] 	 (fanout : 2)
hpin:tr_soc_top_mx/u_vpu/u_alpha/gt_53_28_I1/B[7] 	 (fanout : 2)
hpin:tr_soc_top_mx/u_vpu/u_alpha/gt_53_28_I1/B[6] 	 (fanout : 2)
hpin:tr_soc_top_mx/u_vpu/u_alpha/gt_53_28_I1/B[5] 	 (fanout : 2)
hpin:tr_soc_top_mx/u_vpu/u_alpha/gt_53_28_I1/B[4] 	 (fanout : 2)
hpin:tr_soc_top_mx/u_vpu/u_alpha/gt_53_28_I1/B[3] 	 (fanout : 2)
hpin:tr_soc_top_mx/u_vpu/u_alpha/gt_53_28_I1/B[2] 	 (fanout : 2)
hpin:tr_soc_top_mx/u_vpu/u_alpha/gt_53_28_I1/B[1] 	 (fanout : 2)
hpin:tr_soc_top_mx/u_vpu/u_alpha/gt_53_28_I1/B[0] 	 (fanout : 1)
hpin:tr_soc_top_mx/u_vpu/u_alpha/lt_54_33_I1/B[19] 	 (fanout : 3)
hpin:tr_soc_top_mx/u_vpu/u_alpha/lt_54_33_I1/B[18] 	 (fanout : 1)
hpin:tr_soc_top_mx/u_vpu/u_alpha/lt_54_33_I1/B[17] 	 (fanout : 1)
hpin:tr_soc_top_mx/u_vpu/u_alpha/lt_54_33_I1/B[16] 	 (fanout : 1)
hpin:tr_soc_top_mx/u_vpu/u_alpha/lt_54_33_I1/B[15] 	 (fanout : 1)
hpin:tr_soc_top_mx/u_vpu/u_alpha/lt_54_33_I1/B[14] 	 (fanout : 1)
hpin:tr_soc_top_mx/u_vpu/u_alpha/lt_54_33_I1/B[13] 	 (fanout : 1)
hpin:tr_soc_top_mx/u_vpu/u_alpha/lt_54_33_I1/B[12] 	 (fanout : 1)
hpin:tr_soc_top_mx/u_vpu/u_alpha/lt_54_33_I1/B[11] 	 (fanout : 1)
hpin:tr_soc_top_mx/u_vpu/u_alpha/lt_54_33_I1/B[10] 	 (fanout : 1)
hpin:tr_soc_top_mx/u_vpu/u_alpha/lt_54_33_I1/B[9] 	 (fanout : 1)
hpin:tr_soc_top_mx/u_vpu/u_alpha/lt_54_33_I1/B[8] 	 (fanout : 1)
hpin:tr_soc_top_mx/u_vpu/u_alpha/lt_54_33_I1/B[7] 	 (fanout : 1)
hpin:tr_soc_top_mx/u_vpu/u_alpha/lt_54_33_I1/B[6] 	 (fanout : 1)
hpin:tr_soc_top_mx/u_vpu/u_alpha/lt_54_33_I1/B[5] 	 (fanout : 1)
hpin:tr_soc_top_mx/u_vpu/u_alpha/lt_54_33_I1/B[4] 	 (fanout : 1)
hpin:tr_soc_top_mx/u_vpu/u_alpha/lt_54_33_I1/B[3] 	 (fanout : 1)
hpin:tr_soc_top_mx/u_vpu/u_alpha/lt_54_33_I1/B[2] 	 (fanout : 1)
hpin:tr_soc_top_mx/u_vpu/u_alpha/lt_54_33_I1/B[1] 	 (fanout : 1)
hpin:tr_soc_top_mx/u_vpu/u_alpha/lt_54_33_I1/B[0] 	 (fanout : 1)
hpin:tr_soc_top_mx/u_vpu/u_alpha/lt_46_27_I8/B[5] 	 (fanout : 3)
hpin:tr_soc_top_mx/u_vpu/u_alpha/lt_46_27_I8/B[4] 	 (fanout : 1)
hpin:tr_soc_top_mx/u_vpu/u_alpha/lt_46_27_I8/B[3] 	 (fanout : 1)
hpin:tr_soc_top_mx/u_vpu/u_alpha/lt_46_27_I8/B[2] 	 (fanout : 1)
hpin:tr_soc_top_mx/u_vpu/u_alpha/lt_46_27_I8/B[1] 	 (fanout : 1)
hpin:tr_soc_top_mx/u_vpu/u_alpha/lt_46_27_I8/B[0] 	 (fanout : 1)
hpin:tr_soc_top_mx/u_vpu/u_alpha/lt_47_32_I8/B[6] 	 (fanout : 3)
hpin:tr_soc_top_mx/u_vpu/u_alpha/lt_47_32_I8/B[5] 	 (fanout : 1)
hpin:tr_soc_top_mx/u_vpu/u_alpha/lt_47_32_I8/B[4] 	 (fanout : 1)
hpin:tr_soc_top_mx/u_vpu/u_alpha/lt_47_32_I8/B[3] 	 (fanout : 1)
hpin:tr_soc_top_mx/u_vpu/u_alpha/lt_47_32_I8/B[2] 	 (fanout : 1)
hpin:tr_soc_top_mx/u_vpu/u_alpha/lt_47_32_I8/B[1] 	 (fanout : 1)
hpin:tr_soc_top_mx/u_vpu/u_alpha/lt_47_32_I8/B[0] 	 (fanout : 1)
hpin:tr_soc_top_mx/u_vpu/u_alpha/lt_48_32_I8/B[6] 	 (fanout : 3)
hpin:tr_soc_top_mx/u_vpu/u_alpha/lt_48_32_I8/B[5] 	 (fanout : 1)
hpin:tr_soc_top_mx/u_vpu/u_alpha/lt_48_32_I8/B[4] 	 (fanout : 1)
hpin:tr_soc_top_mx/u_vpu/u_alpha/lt_48_32_I8/B[3] 	 (fanout : 1)
hpin:tr_soc_top_mx/u_vpu/u_alpha/lt_48_32_I8/B[2] 	 (fanout : 1)
hpin:tr_soc_top_mx/u_vpu/u_alpha/lt_48_32_I8/B[1] 	 (fanout : 1)
hpin:tr_soc_top_mx/u_vpu/u_alpha/lt_48_32_I8/B[0] 	 (fanout : 1)
hpin:tr_soc_top_mx/u_vpu/u_alpha/lt_46_27_I7/B[5] 	 (fanout : 3)
hpin:tr_soc_top_mx/u_vpu/u_alpha/lt_46_27_I7/B[4] 	 (fanout : 1)
hpin:tr_soc_top_mx/u_vpu/u_alpha/lt_46_27_I7/B[3] 	 (fanout : 1)
hpin:tr_soc_top_mx/u_vpu/u_alpha/lt_46_27_I7/B[2] 	 (fanout : 1)
hpin:tr_soc_top_mx/u_vpu/u_alpha/lt_46_27_I7/B[1] 	 (fanout : 1)
hpin:tr_soc_top_mx/u_vpu/u_alpha/lt_46_27_I7/B[0] 	 (fanout : 1)
hpin:tr_soc_top_mx/u_vpu/u_alpha/lt_47_32_I7/B[6] 	 (fanout : 3)
hpin:tr_soc_top_mx/u_vpu/u_alpha/lt_47_32_I7/B[5] 	 (fanout : 1)
hpin:tr_soc_top_mx/u_vpu/u_alpha/lt_47_32_I7/B[4] 	 (fanout : 1)
hpin:tr_soc_top_mx/u_vpu/u_alpha/lt_47_32_I7/B[3] 	 (fanout : 1)
hpin:tr_soc_top_mx/u_vpu/u_alpha/lt_47_32_I7/B[2] 	 (fanout : 1)
hpin:tr_soc_top_mx/u_vpu/u_alpha/lt_47_32_I7/B[1] 	 (fanout : 1)
hpin:tr_soc_top_mx/u_vpu/u_alpha/lt_47_32_I7/B[0] 	 (fanout : 1)
hpin:tr_soc_top_mx/u_vpu/u_alpha/lt_48_32_I7/B[6] 	 (fanout : 3)
hpin:tr_soc_top_mx/u_vpu/u_alpha/lt_48_32_I7/B[5] 	 (fanout : 1)
hpin:tr_soc_top_mx/u_vpu/u_alpha/lt_48_32_I7/B[4] 	 (fanout : 1)
hpin:tr_soc_top_mx/u_vpu/u_alpha/lt_48_32_I7/B[3] 	 (fanout : 1)
hpin:tr_soc_top_mx/u_vpu/u_alpha/lt_48_32_I7/B[2] 	 (fanout : 1)
hpin:tr_soc_top_mx/u_vpu/u_alpha/lt_48_32_I7/B[1] 	 (fanout : 1)
hpin:tr_soc_top_mx/u_vpu/u_alpha/lt_48_32_I7/B[0] 	 (fanout : 1)
hpin:tr_soc_top_mx/u_vpu/u_alpha/lt_46_27_I6/B[5] 	 (fanout : 3)
hpin:tr_soc_top_mx/u_vpu/u_alpha/lt_46_27_I6/B[4] 	 (fanout : 1)
hpin:tr_soc_top_mx/u_vpu/u_alpha/lt_46_27_I6/B[3] 	 (fanout : 1)
hpin:tr_soc_top_mx/u_vpu/u_alpha/lt_46_27_I6/B[2] 	 (fanout : 1)
hpin:tr_soc_top_mx/u_vpu/u_alpha/lt_46_27_I6/B[1] 	 (fanout : 1)
hpin:tr_soc_top_mx/u_vpu/u_alpha/lt_46_27_I6/B[0] 	 (fanout : 1)
hpin:tr_soc_top_mx/u_vpu/u_alpha/lt_47_32_I6/B[6] 	 (fanout : 3)
hpin:tr_soc_top_mx/u_vpu/u_alpha/lt_47_32_I6/B[5] 	 (fanout : 1)
hpin:tr_soc_top_mx/u_vpu/u_alpha/lt_47_32_I6/B[4] 	 (fanout : 1)
hpin:tr_soc_top_mx/u_vpu/u_alpha/lt_47_32_I6/B[3] 	 (fanout : 1)
hpin:tr_soc_top_mx/u_vpu/u_alpha/lt_47_32_I6/B[2] 	 (fanout : 1)
hpin:tr_soc_top_mx/u_vpu/u_alpha/lt_47_32_I6/B[1] 	 (fanout : 1)
hpin:tr_soc_top_mx/u_vpu/u_alpha/lt_47_32_I6/B[0] 	 (fanout : 1)
hpin:tr_soc_top_mx/u_vpu/u_alpha/lt_48_32_I6/B[6] 	 (fanout : 3)
hpin:tr_soc_top_mx/u_vpu/u_alpha/lt_48_32_I6/B[5] 	 (fanout : 1)
hpin:tr_soc_top_mx/u_vpu/u_alpha/lt_48_32_I6/B[4] 	 (fanout : 1)
hpin:tr_soc_top_mx/u_vpu/u_alpha/lt_48_32_I6/B[3] 	 (fanout : 1)
hpin:tr_soc_top_mx/u_vpu/u_alpha/lt_48_32_I6/B[2] 	 (fanout : 1)
hpin:tr_soc_top_mx/u_vpu/u_alpha/lt_48_32_I6/B[1] 	 (fanout : 1)
hpin:tr_soc_top_mx/u_vpu/u_alpha/lt_48_32_I6/B[0] 	 (fanout : 1)
hpin:tr_soc_top_mx/u_vpu/u_alpha/lt_46_27_I5/B[5] 	 (fanout : 3)
hpin:tr_soc_top_mx/u_vpu/u_alpha/lt_46_27_I5/B[4] 	 (fanout : 1)
hpin:tr_soc_top_mx/u_vpu/u_alpha/lt_46_27_I5/B[3] 	 (fanout : 1)
hpin:tr_soc_top_mx/u_vpu/u_alpha/lt_46_27_I5/B[2] 	 (fanout : 1)
hpin:tr_soc_top_mx/u_vpu/u_alpha/lt_46_27_I5/B[1] 	 (fanout : 1)
hpin:tr_soc_top_mx/u_vpu/u_alpha/lt_46_27_I5/B[0] 	 (fanout : 1)
hpin:tr_soc_top_mx/u_vpu/u_alpha/lt_47_32_I5/B[6] 	 (fanout : 3)
hpin:tr_soc_top_mx/u_vpu/u_alpha/lt_47_32_I5/B[5] 	 (fanout : 1)
hpin:tr_soc_top_mx/u_vpu/u_alpha/lt_47_32_I5/B[4] 	 (fanout : 1)
hpin:tr_soc_top_mx/u_vpu/u_alpha/lt_47_32_I5/B[3] 	 (fanout : 1)
hpin:tr_soc_top_mx/u_vpu/u_alpha/lt_47_32_I5/B[2] 	 (fanout : 1)
hpin:tr_soc_top_mx/u_vpu/u_alpha/lt_47_32_I5/B[1] 	 (fanout : 1)
hpin:tr_soc_top_mx/u_vpu/u_alpha/lt_47_32_I5/B[0] 	 (fanout : 1)
hpin:tr_soc_top_mx/u_vpu/u_alpha/lt_48_32_I5/B[6] 	 (fanout : 3)
hpin:tr_soc_top_mx/u_vpu/u_alpha/lt_48_32_I5/B[5] 	 (fanout : 1)
hpin:tr_soc_top_mx/u_vpu/u_alpha/lt_48_32_I5/B[4] 	 (fanout : 1)
hpin:tr_soc_top_mx/u_vpu/u_alpha/lt_48_32_I5/B[3] 	 (fanout : 1)
hpin:tr_soc_top_mx/u_vpu/u_alpha/lt_48_32_I5/B[2] 	 (fanout : 1)
hpin:tr_soc_top_mx/u_vpu/u_alpha/lt_48_32_I5/B[1] 	 (fanout : 1)
hpin:tr_soc_top_mx/u_vpu/u_alpha/lt_48_32_I5/B[0] 	 (fanout : 1)
hpin:tr_soc_top_mx/u_vpu/u_alpha/lt_46_27_I4/B[5] 	 (fanout : 3)
hpin:tr_soc_top_mx/u_vpu/u_alpha/lt_46_27_I4/B[4] 	 (fanout : 1)
hpin:tr_soc_top_mx/u_vpu/u_alpha/lt_46_27_I4/B[3] 	 (fanout : 1)
hpin:tr_soc_top_mx/u_vpu/u_alpha/lt_46_27_I4/B[2] 	 (fanout : 1)
hpin:tr_soc_top_mx/u_vpu/u_alpha/lt_46_27_I4/B[1] 	 (fanout : 1)
hpin:tr_soc_top_mx/u_vpu/u_alpha/lt_46_27_I4/B[0] 	 (fanout : 1)
hpin:tr_soc_top_mx/u_vpu/u_alpha/lt_47_32_I4/B[6] 	 (fanout : 3)
hpin:tr_soc_top_mx/u_vpu/u_alpha/lt_47_32_I4/B[5] 	 (fanout : 1)
hpin:tr_soc_top_mx/u_vpu/u_alpha/lt_47_32_I4/B[4] 	 (fanout : 1)
hpin:tr_soc_top_mx/u_vpu/u_alpha/lt_47_32_I4/B[3] 	 (fanout : 1)
hpin:tr_soc_top_mx/u_vpu/u_alpha/lt_47_32_I4/B[2] 	 (fanout : 1)
hpin:tr_soc_top_mx/u_vpu/u_alpha/lt_47_32_I4/B[1] 	 (fanout : 1)
hpin:tr_soc_top_mx/u_vpu/u_alpha/lt_47_32_I4/B[0] 	 (fanout : 1)
hpin:tr_soc_top_mx/u_vpu/u_alpha/lt_48_32_I4/B[6] 	 (fanout : 3)
hpin:tr_soc_top_mx/u_vpu/u_alpha/lt_48_32_I4/B[5] 	 (fanout : 1)
hpin:tr_soc_top_mx/u_vpu/u_alpha/lt_48_32_I4/B[4] 	 (fanout : 1)
hpin:tr_soc_top_mx/u_vpu/u_alpha/lt_48_32_I4/B[3] 	 (fanout : 1)
hpin:tr_soc_top_mx/u_vpu/u_alpha/lt_48_32_I4/B[2] 	 (fanout : 1)
hpin:tr_soc_top_mx/u_vpu/u_alpha/lt_48_32_I4/B[1] 	 (fanout : 1)
hpin:tr_soc_top_mx/u_vpu/u_alpha/lt_48_32_I4/B[0] 	 (fanout : 1)
hpin:tr_soc_top_mx/u_vpu/u_alpha/lt_46_27_I3/B[5] 	 (fanout : 3)
hpin:tr_soc_top_mx/u_vpu/u_alpha/lt_46_27_I3/B[4] 	 (fanout : 1)
hpin:tr_soc_top_mx/u_vpu/u_alpha/lt_46_27_I3/B[3] 	 (fanout : 1)
hpin:tr_soc_top_mx/u_vpu/u_alpha/lt_46_27_I3/B[2] 	 (fanout : 1)
hpin:tr_soc_top_mx/u_vpu/u_alpha/lt_46_27_I3/B[1] 	 (fanout : 1)
hpin:tr_soc_top_mx/u_vpu/u_alpha/lt_46_27_I3/B[0] 	 (fanout : 1)
hpin:tr_soc_top_mx/u_vpu/u_alpha/lt_47_32_I3/B[6] 	 (fanout : 3)
hpin:tr_soc_top_mx/u_vpu/u_alpha/lt_47_32_I3/B[5] 	 (fanout : 1)
hpin:tr_soc_top_mx/u_vpu/u_alpha/lt_47_32_I3/B[4] 	 (fanout : 1)
hpin:tr_soc_top_mx/u_vpu/u_alpha/lt_47_32_I3/B[3] 	 (fanout : 1)
hpin:tr_soc_top_mx/u_vpu/u_alpha/lt_47_32_I3/B[2] 	 (fanout : 1)
hpin:tr_soc_top_mx/u_vpu/u_alpha/lt_47_32_I3/B[1] 	 (fanout : 1)
hpin:tr_soc_top_mx/u_vpu/u_alpha/lt_47_32_I3/B[0] 	 (fanout : 1)
hpin:tr_soc_top_mx/u_vpu/u_alpha/lt_48_32_I3/B[6] 	 (fanout : 3)
hpin:tr_soc_top_mx/u_vpu/u_alpha/lt_48_32_I3/B[5] 	 (fanout : 1)
hpin:tr_soc_top_mx/u_vpu/u_alpha/lt_48_32_I3/B[4] 	 (fanout : 1)
hpin:tr_soc_top_mx/u_vpu/u_alpha/lt_48_32_I3/B[3] 	 (fanout : 1)
hpin:tr_soc_top_mx/u_vpu/u_alpha/lt_48_32_I3/B[2] 	 (fanout : 1)
hpin:tr_soc_top_mx/u_vpu/u_alpha/lt_48_32_I3/B[1] 	 (fanout : 1)
hpin:tr_soc_top_mx/u_vpu/u_alpha/lt_48_32_I3/B[0] 	 (fanout : 1)
hpin:tr_soc_top_mx/u_vpu/u_alpha/lt_46_27_I2/B[5] 	 (fanout : 3)
hpin:tr_soc_top_mx/u_vpu/u_alpha/lt_46_27_I2/B[4] 	 (fanout : 1)
hpin:tr_soc_top_mx/u_vpu/u_alpha/lt_46_27_I2/B[3] 	 (fanout : 1)
hpin:tr_soc_top_mx/u_vpu/u_alpha/lt_46_27_I2/B[2] 	 (fanout : 1)
hpin:tr_soc_top_mx/u_vpu/u_alpha/lt_46_27_I2/B[1] 	 (fanout : 1)
hpin:tr_soc_top_mx/u_vpu/u_alpha/lt_46_27_I2/B[0] 	 (fanout : 1)
hpin:tr_soc_top_mx/u_vpu/u_alpha/lt_47_32_I2/B[6] 	 (fanout : 3)
hpin:tr_soc_top_mx/u_vpu/u_alpha/lt_47_32_I2/B[5] 	 (fanout : 1)
hpin:tr_soc_top_mx/u_vpu/u_alpha/lt_47_32_I2/B[4] 	 (fanout : 1)
hpin:tr_soc_top_mx/u_vpu/u_alpha/lt_47_32_I2/B[3] 	 (fanout : 1)
hpin:tr_soc_top_mx/u_vpu/u_alpha/lt_47_32_I2/B[2] 	 (fanout : 1)
hpin:tr_soc_top_mx/u_vpu/u_alpha/lt_47_32_I2/B[1] 	 (fanout : 1)
hpin:tr_soc_top_mx/u_vpu/u_alpha/lt_47_32_I2/B[0] 	 (fanout : 1)
hpin:tr_soc_top_mx/u_vpu/u_alpha/lt_48_32_I2/B[6] 	 (fanout : 3)
hpin:tr_soc_top_mx/u_vpu/u_alpha/lt_48_32_I2/B[5] 	 (fanout : 1)
hpin:tr_soc_top_mx/u_vpu/u_alpha/lt_48_32_I2/B[4] 	 (fanout : 1)
hpin:tr_soc_top_mx/u_vpu/u_alpha/lt_48_32_I2/B[3] 	 (fanout : 1)
hpin:tr_soc_top_mx/u_vpu/u_alpha/lt_48_32_I2/B[2] 	 (fanout : 1)
hpin:tr_soc_top_mx/u_vpu/u_alpha/lt_48_32_I2/B[1] 	 (fanout : 1)
hpin:tr_soc_top_mx/u_vpu/u_alpha/lt_48_32_I2/B[0] 	 (fanout : 1)
hpin:tr_soc_top_mx/u_vpu/u_alpha/lt_46_27_I1/B[5] 	 (fanout : 3)
hpin:tr_soc_top_mx/u_vpu/u_alpha/lt_46_27_I1/B[4] 	 (fanout : 1)
hpin:tr_soc_top_mx/u_vpu/u_alpha/lt_46_27_I1/B[3] 	 (fanout : 1)
hpin:tr_soc_top_mx/u_vpu/u_alpha/lt_46_27_I1/B[2] 	 (fanout : 1)
hpin:tr_soc_top_mx/u_vpu/u_alpha/lt_46_27_I1/B[1] 	 (fanout : 1)
hpin:tr_soc_top_mx/u_vpu/u_alpha/lt_46_27_I1/B[0] 	 (fanout : 1)
hpin:tr_soc_top_mx/u_vpu/u_alpha/lt_47_32_I1/B[6] 	 (fanout : 3)
hpin:tr_soc_top_mx/u_vpu/u_alpha/lt_47_32_I1/B[5] 	 (fanout : 1)
hpin:tr_soc_top_mx/u_vpu/u_alpha/lt_47_32_I1/B[4] 	 (fanout : 1)
hpin:tr_soc_top_mx/u_vpu/u_alpha/lt_47_32_I1/B[3] 	 (fanout : 1)
hpin:tr_soc_top_mx/u_vpu/u_alpha/lt_47_32_I1/B[2] 	 (fanout : 1)
hpin:tr_soc_top_mx/u_vpu/u_alpha/lt_47_32_I1/B[1] 	 (fanout : 1)
hpin:tr_soc_top_mx/u_vpu/u_alpha/lt_47_32_I1/B[0] 	 (fanout : 1)
hpin:tr_soc_top_mx/u_vpu/u_alpha/lt_48_32_I1/B[6] 	 (fanout : 3)
hpin:tr_soc_top_mx/u_vpu/u_alpha/lt_48_32_I1/B[5] 	 (fanout : 1)
hpin:tr_soc_top_mx/u_vpu/u_alpha/lt_48_32_I1/B[4] 	 (fanout : 1)
hpin:tr_soc_top_mx/u_vpu/u_alpha/lt_48_32_I1/B[3] 	 (fanout : 1)
hpin:tr_soc_top_mx/u_vpu/u_alpha/lt_48_32_I1/B[2] 	 (fanout : 1)
hpin:tr_soc_top_mx/u_vpu/u_alpha/lt_48_32_I1/B[1] 	 (fanout : 1)
hpin:tr_soc_top_mx/u_vpu/u_alpha/lt_48_32_I1/B[0] 	 (fanout : 1)
hpin:tr_soc_top_mx/u_vpu/u_alpha/minus_43_42_I8/A 	 (fanout : 46)
hpin:tr_soc_top_mx/u_vpu/u_alpha/minus_43_42_I7/A 	 (fanout : 46)
hpin:tr_soc_top_mx/u_vpu/u_alpha/minus_43_42_I6/A 	 (fanout : 46)
hpin:tr_soc_top_mx/u_vpu/u_alpha/minus_43_42_I5/A 	 (fanout : 46)
hpin:tr_soc_top_mx/u_vpu/u_alpha/minus_43_42_I4/A 	 (fanout : 46)
hpin:tr_soc_top_mx/u_vpu/u_alpha/minus_43_42_I3/A 	 (fanout : 46)
hpin:tr_soc_top_mx/u_vpu/u_alpha/minus_43_42_I2/A 	 (fanout : 46)
hpin:tr_soc_top_mx/u_vpu/u_alpha/minus_43_42_I1/A 	 (fanout : 46)
hpin:tr_soc_top_mx/u_vpu/u_alpha/mux_GEN_LANES[0].coef_sel_48_32/in_0 	 (fanout : 1)
hpin:tr_soc_top_mx/u_vpu/u_alpha/mux_GEN_LANES[0].coef_sel_48_32/in_1 	 (fanout : 1)
hpin:tr_soc_top_mx/u_vpu/u_alpha/mux_GEN_LANES[0].coef_sel_47_32/in_0[1] 	 (fanout : 1)
hpin:tr_soc_top_mx/u_vpu/u_alpha/mux_GEN_LANES[0].coef_sel_47_32/in_1[1] 	 (fanout : 1)
hpin:tr_soc_top_mx/u_vpu/u_alpha/mux_GEN_LANES[0].coef_sel_47_32/in_1[0] 	 (fanout : 1)
hpin:tr_soc_top_mx/u_vpu/u_alpha/mux_GEN_LANES[0].coef_sel_46_27/in_1[1] 	 (fanout : 1)
hpin:tr_soc_top_mx/u_vpu/u_alpha/mux_GEN_LANES[0].coef_sel_46_27/in_1[0] 	 (fanout : 1)
hpin:tr_soc_top_mx/u_vpu/u_alpha/mux_GEN_LANES[0].x_scaled_54_33/in_1[15] 	 (fanout : 1)
hpin:tr_soc_top_mx/u_vpu/u_alpha/mux_GEN_LANES[0].x_scaled_54_33/in_1[14] 	 (fanout : 1)
hpin:tr_soc_top_mx/u_vpu/u_alpha/mux_GEN_LANES[0].x_scaled_54_33/in_1[13] 	 (fanout : 1)
hpin:tr_soc_top_mx/u_vpu/u_alpha/mux_GEN_LANES[0].x_scaled_54_33/in_1[12] 	 (fanout : 1)
hpin:tr_soc_top_mx/u_vpu/u_alpha/mux_GEN_LANES[0].x_scaled_54_33/in_1[11] 	 (fanout : 1)
hpin:tr_soc_top_mx/u_vpu/u_alpha/mux_GEN_LANES[0].x_scaled_54_33/in_1[10] 	 (fanout : 1)
hpin:tr_soc_top_mx/u_vpu/u_alpha/mux_GEN_LANES[0].x_scaled_54_33/in_1[9] 	 (fanout : 1)
hpin:tr_soc_top_mx/u_vpu/u_alpha/mux_GEN_LANES[0].x_scaled_54_33/in_1[8] 	 (fanout : 1)
hpin:tr_soc_top_mx/u_vpu/u_alpha/mux_GEN_LANES[0].x_scaled_54_33/in_1[7] 	 (fanout : 1)
hpin:tr_soc_top_mx/u_vpu/u_alpha/mux_GEN_LANES[0].x_scaled_54_33/in_1[6] 	 (fanout : 1)
hpin:tr_soc_top_mx/u_vpu/u_alpha/mux_GEN_LANES[0].x_scaled_54_33/in_1[5] 	 (fanout : 1)
hpin:tr_soc_top_mx/u_vpu/u_alpha/mux_GEN_LANES[0].x_scaled_54_33/in_1[4] 	 (fanout : 1)
hpin:tr_soc_top_mx/u_vpu/u_alpha/mux_GEN_LANES[0].x_scaled_54_33/in_1[3] 	 (fanout : 1)
hpin:tr_soc_top_mx/u_vpu/u_alpha/mux_GEN_LANES[0].x_scaled_54_33/in_1[2] 	 (fanout : 1)
hpin:tr_soc_top_mx/u_vpu/u_alpha/mux_GEN_LANES[0].x_scaled_54_33/in_1[1] 	 (fanout : 1)
hpin:tr_soc_top_mx/u_vpu/u_alpha/mux_GEN_LANES[0].x_scaled_54_33/in_1[0] 	 (fanout : 1)
hpin:tr_soc_top_mx/u_vpu/u_alpha/mux_GEN_LANES[0].x_scaled_53_28/in_1[15] 	 (fanout : 1)
hpin:tr_soc_top_mx/u_vpu/u_alpha/mux_GEN_LANES[0].x_scaled_53_28/in_1[14] 	 (fanout : 1)
hpin:tr_soc_top_mx/u_vpu/u_alpha/mux_GEN_LANES[0].x_scaled_53_28/in_1[13] 	 (fanout : 1)
hpin:tr_soc_top_mx/u_vpu/u_alpha/mux_GEN_LANES[0].x_scaled_53_28/in_1[12] 	 (fanout : 1)
hpin:tr_soc_top_mx/u_vpu/u_alpha/mux_GEN_LANES[0].x_scaled_53_28/in_1[11] 	 (fanout : 1)
hpin:tr_soc_top_mx/u_vpu/u_alpha/mux_GEN_LANES[0].x_scaled_53_28/in_1[10] 	 (fanout : 1)
hpin:tr_soc_top_mx/u_vpu/u_alpha/mux_GEN_LANES[0].x_scaled_53_28/in_1[9] 	 (fanout : 1)
hpin:tr_soc_top_mx/u_vpu/u_alpha/mux_GEN_LANES[0].x_scaled_53_28/in_1[8] 	 (fanout : 1)
hpin:tr_soc_top_mx/u_vpu/u_alpha/mux_GEN_LANES[0].x_scaled_53_28/in_1[7] 	 (fanout : 1)
hpin:tr_soc_top_mx/u_vpu/u_alpha/mux_GEN_LANES[0].x_scaled_53_28/in_1[6] 	 (fanout : 1)
hpin:tr_soc_top_mx/u_vpu/u_alpha/mux_GEN_LANES[0].x_scaled_53_28/in_1[5] 	 (fanout : 1)
hpin:tr_soc_top_mx/u_vpu/u_alpha/mux_GEN_LANES[0].x_scaled_53_28/in_1[4] 	 (fanout : 1)
hpin:tr_soc_top_mx/u_vpu/u_alpha/mux_GEN_LANES[0].x_scaled_53_28/in_1[3] 	 (fanout : 1)
hpin:tr_soc_top_mx/u_vpu/u_alpha/mux_GEN_LANES[0].x_scaled_53_28/in_1[2] 	 (fanout : 1)
hpin:tr_soc_top_mx/u_vpu/u_alpha/mux_GEN_LANES[0].x_scaled_53_28/in_1[1] 	 (fanout : 1)
hpin:tr_soc_top_mx/u_vpu/u_alpha/mux_GEN_LANES[0].x_scaled_53_28/in_1[0] 	 (fanout : 1)
hpin:tr_soc_top_mx/u_vpu/u_alpha/mux_GEN_LANES[1].coef_sel_48_32/in_0 	 (fanout : 1)
hpin:tr_soc_top_mx/u_vpu/u_alpha/mux_GEN_LANES[1].coef_sel_48_32/in_1 	 (fanout : 1)
hpin:tr_soc_top_mx/u_vpu/u_alpha/mux_GEN_LANES[1].coef_sel_47_32/in_0[1] 	 (fanout : 1)
hpin:tr_soc_top_mx/u_vpu/u_alpha/mux_GEN_LANES[1].coef_sel_47_32/in_1[1] 	 (fanout : 1)
hpin:tr_soc_top_mx/u_vpu/u_alpha/mux_GEN_LANES[1].coef_sel_47_32/in_1[0] 	 (fanout : 1)
hpin:tr_soc_top_mx/u_vpu/u_alpha/mux_GEN_LANES[1].coef_sel_46_27/in_1[1] 	 (fanout : 1)
hpin:tr_soc_top_mx/u_vpu/u_alpha/mux_GEN_LANES[1].coef_sel_46_27/in_1[0] 	 (fanout : 1)
hpin:tr_soc_top_mx/u_vpu/u_alpha/mux_GEN_LANES[1].x_scaled_54_33/in_1[15] 	 (fanout : 1)
hpin:tr_soc_top_mx/u_vpu/u_alpha/mux_GEN_LANES[1].x_scaled_54_33/in_1[14] 	 (fanout : 1)
hpin:tr_soc_top_mx/u_vpu/u_alpha/mux_GEN_LANES[1].x_scaled_54_33/in_1[13] 	 (fanout : 1)
hpin:tr_soc_top_mx/u_vpu/u_alpha/mux_GEN_LANES[1].x_scaled_54_33/in_1[12] 	 (fanout : 1)
hpin:tr_soc_top_mx/u_vpu/u_alpha/mux_GEN_LANES[1].x_scaled_54_33/in_1[11] 	 (fanout : 1)
hpin:tr_soc_top_mx/u_vpu/u_alpha/mux_GEN_LANES[1].x_scaled_54_33/in_1[10] 	 (fanout : 1)
hpin:tr_soc_top_mx/u_vpu/u_alpha/mux_GEN_LANES[1].x_scaled_54_33/in_1[9] 	 (fanout : 1)
hpin:tr_soc_top_mx/u_vpu/u_alpha/mux_GEN_LANES[1].x_scaled_54_33/in_1[8] 	 (fanout : 1)
hpin:tr_soc_top_mx/u_vpu/u_alpha/mux_GEN_LANES[1].x_scaled_54_33/in_1[7] 	 (fanout : 1)
hpin:tr_soc_top_mx/u_vpu/u_alpha/mux_GEN_LANES[1].x_scaled_54_33/in_1[6] 	 (fanout : 1)
hpin:tr_soc_top_mx/u_vpu/u_alpha/mux_GEN_LANES[1].x_scaled_54_33/in_1[5] 	 (fanout : 1)
hpin:tr_soc_top_mx/u_vpu/u_alpha/mux_GEN_LANES[1].x_scaled_54_33/in_1[4] 	 (fanout : 1)
hpin:tr_soc_top_mx/u_vpu/u_alpha/mux_GEN_LANES[1].x_scaled_54_33/in_1[3] 	 (fanout : 1)
hpin:tr_soc_top_mx/u_vpu/u_alpha/mux_GEN_LANES[1].x_scaled_54_33/in_1[2] 	 (fanout : 1)
hpin:tr_soc_top_mx/u_vpu/u_alpha/mux_GEN_LANES[1].x_scaled_54_33/in_1[1] 	 (fanout : 1)
hpin:tr_soc_top_mx/u_vpu/u_alpha/mux_GEN_LANES[1].x_scaled_54_33/in_1[0] 	 (fanout : 1)
hpin:tr_soc_top_mx/u_vpu/u_alpha/mux_GEN_LANES[1].x_scaled_53_28/in_1[15] 	 (fanout : 1)
hpin:tr_soc_top_mx/u_vpu/u_alpha/mux_GEN_LANES[1].x_scaled_53_28/in_1[14] 	 (fanout : 1)
hpin:tr_soc_top_mx/u_vpu/u_alpha/mux_GEN_LANES[1].x_scaled_53_28/in_1[13] 	 (fanout : 1)
hpin:tr_soc_top_mx/u_vpu/u_alpha/mux_GEN_LANES[1].x_scaled_53_28/in_1[12] 	 (fanout : 1)
hpin:tr_soc_top_mx/u_vpu/u_alpha/mux_GEN_LANES[1].x_scaled_53_28/in_1[11] 	 (fanout : 1)
hpin:tr_soc_top_mx/u_vpu/u_alpha/mux_GEN_LANES[1].x_scaled_53_28/in_1[10] 	 (fanout : 1)
hpin:tr_soc_top_mx/u_vpu/u_alpha/mux_GEN_LANES[1].x_scaled_53_28/in_1[9] 	 (fanout : 1)
hpin:tr_soc_top_mx/u_vpu/u_alpha/mux_GEN_LANES[1].x_scaled_53_28/in_1[8] 	 (fanout : 1)
hpin:tr_soc_top_mx/u_vpu/u_alpha/mux_GEN_LANES[1].x_scaled_53_28/in_1[7] 	 (fanout : 1)
hpin:tr_soc_top_mx/u_vpu/u_alpha/mux_GEN_LANES[1].x_scaled_53_28/in_1[6] 	 (fanout : 1)
hpin:tr_soc_top_mx/u_vpu/u_alpha/mux_GEN_LANES[1].x_scaled_53_28/in_1[5] 	 (fanout : 1)
hpin:tr_soc_top_mx/u_vpu/u_alpha/mux_GEN_LANES[1].x_scaled_53_28/in_1[4] 	 (fanout : 1)
hpin:tr_soc_top_mx/u_vpu/u_alpha/mux_GEN_LANES[1].x_scaled_53_28/in_1[3] 	 (fanout : 1)
hpin:tr_soc_top_mx/u_vpu/u_alpha/mux_GEN_LANES[1].x_scaled_53_28/in_1[2] 	 (fanout : 1)
hpin:tr_soc_top_mx/u_vpu/u_alpha/mux_GEN_LANES[1].x_scaled_53_28/in_1[1] 	 (fanout : 1)
hpin:tr_soc_top_mx/u_vpu/u_alpha/mux_GEN_LANES[1].x_scaled_53_28/in_1[0] 	 (fanout : 1)
hpin:tr_soc_top_mx/u_vpu/u_alpha/mux_GEN_LANES[2].coef_sel_48_32/in_0 	 (fanout : 1)
hpin:tr_soc_top_mx/u_vpu/u_alpha/mux_GEN_LANES[2].coef_sel_48_32/in_1 	 (fanout : 1)
hpin:tr_soc_top_mx/u_vpu/u_alpha/mux_GEN_LANES[2].coef_sel_47_32/in_0[1] 	 (fanout : 1)
hpin:tr_soc_top_mx/u_vpu/u_alpha/mux_GEN_LANES[2].coef_sel_47_32/in_1[1] 	 (fanout : 1)
hpin:tr_soc_top_mx/u_vpu/u_alpha/mux_GEN_LANES[2].coef_sel_47_32/in_1[0] 	 (fanout : 1)
hpin:tr_soc_top_mx/u_vpu/u_alpha/mux_GEN_LANES[2].coef_sel_46_27/in_1[1] 	 (fanout : 1)
hpin:tr_soc_top_mx/u_vpu/u_alpha/mux_GEN_LANES[2].coef_sel_46_27/in_1[0] 	 (fanout : 1)
hpin:tr_soc_top_mx/u_vpu/u_alpha/mux_GEN_LANES[2].x_scaled_54_33/in_1[15] 	 (fanout : 1)
hpin:tr_soc_top_mx/u_vpu/u_alpha/mux_GEN_LANES[2].x_scaled_54_33/in_1[14] 	 (fanout : 1)
hpin:tr_soc_top_mx/u_vpu/u_alpha/mux_GEN_LANES[2].x_scaled_54_33/in_1[13] 	 (fanout : 1)
hpin:tr_soc_top_mx/u_vpu/u_alpha/mux_GEN_LANES[2].x_scaled_54_33/in_1[12] 	 (fanout : 1)
hpin:tr_soc_top_mx/u_vpu/u_alpha/mux_GEN_LANES[2].x_scaled_54_33/in_1[11] 	 (fanout : 1)
hpin:tr_soc_top_mx/u_vpu/u_alpha/mux_GEN_LANES[2].x_scaled_54_33/in_1[10] 	 (fanout : 1)
hpin:tr_soc_top_mx/u_vpu/u_alpha/mux_GEN_LANES[2].x_scaled_54_33/in_1[9] 	 (fanout : 1)
hpin:tr_soc_top_mx/u_vpu/u_alpha/mux_GEN_LANES[2].x_scaled_54_33/in_1[8] 	 (fanout : 1)
hpin:tr_soc_top_mx/u_vpu/u_alpha/mux_GEN_LANES[2].x_scaled_54_33/in_1[7] 	 (fanout : 1)
hpin:tr_soc_top_mx/u_vpu/u_alpha/mux_GEN_LANES[2].x_scaled_54_33/in_1[6] 	 (fanout : 1)
hpin:tr_soc_top_mx/u_vpu/u_alpha/mux_GEN_LANES[2].x_scaled_54_33/in_1[5] 	 (fanout : 1)
hpin:tr_soc_top_mx/u_vpu/u_alpha/mux_GEN_LANES[2].x_scaled_54_33/in_1[4] 	 (fanout : 1)
hpin:tr_soc_top_mx/u_vpu/u_alpha/mux_GEN_LANES[2].x_scaled_54_33/in_1[3] 	 (fanout : 1)
hpin:tr_soc_top_mx/u_vpu/u_alpha/mux_GEN_LANES[2].x_scaled_54_33/in_1[2] 	 (fanout : 1)
hpin:tr_soc_top_mx/u_vpu/u_alpha/mux_GEN_LANES[2].x_scaled_54_33/in_1[1] 	 (fanout : 1)
hpin:tr_soc_top_mx/u_vpu/u_alpha/mux_GEN_LANES[2].x_scaled_54_33/in_1[0] 	 (fanout : 1)
hpin:tr_soc_top_mx/u_vpu/u_alpha/mux_GEN_LANES[2].x_scaled_53_28/in_1[15] 	 (fanout : 1)
hpin:tr_soc_top_mx/u_vpu/u_alpha/mux_GEN_LANES[2].x_scaled_53_28/in_1[14] 	 (fanout : 1)
hpin:tr_soc_top_mx/u_vpu/u_alpha/mux_GEN_LANES[2].x_scaled_53_28/in_1[13] 	 (fanout : 1)
hpin:tr_soc_top_mx/u_vpu/u_alpha/mux_GEN_LANES[2].x_scaled_53_28/in_1[12] 	 (fanout : 1)
hpin:tr_soc_top_mx/u_vpu/u_alpha/mux_GEN_LANES[2].x_scaled_53_28/in_1[11] 	 (fanout : 1)
hpin:tr_soc_top_mx/u_vpu/u_alpha/mux_GEN_LANES[2].x_scaled_53_28/in_1[10] 	 (fanout : 1)
hpin:tr_soc_top_mx/u_vpu/u_alpha/mux_GEN_LANES[2].x_scaled_53_28/in_1[9] 	 (fanout : 1)
hpin:tr_soc_top_mx/u_vpu/u_alpha/mux_GEN_LANES[2].x_scaled_53_28/in_1[8] 	 (fanout : 1)
hpin:tr_soc_top_mx/u_vpu/u_alpha/mux_GEN_LANES[2].x_scaled_53_28/in_1[7] 	 (fanout : 1)
hpin:tr_soc_top_mx/u_vpu/u_alpha/mux_GEN_LANES[2].x_scaled_53_28/in_1[6] 	 (fanout : 1)
hpin:tr_soc_top_mx/u_vpu/u_alpha/mux_GEN_LANES[2].x_scaled_53_28/in_1[5] 	 (fanout : 1)
hpin:tr_soc_top_mx/u_vpu/u_alpha/mux_GEN_LANES[2].x_scaled_53_28/in_1[4] 	 (fanout : 1)
hpin:tr_soc_top_mx/u_vpu/u_alpha/mux_GEN_LANES[2].x_scaled_53_28/in_1[3] 	 (fanout : 1)
hpin:tr_soc_top_mx/u_vpu/u_alpha/mux_GEN_LANES[2].x_scaled_53_28/in_1[2] 	 (fanout : 1)
hpin:tr_soc_top_mx/u_vpu/u_alpha/mux_GEN_LANES[2].x_scaled_53_28/in_1[1] 	 (fanout : 1)
hpin:tr_soc_top_mx/u_vpu/u_alpha/mux_GEN_LANES[2].x_scaled_53_28/in_1[0] 	 (fanout : 1)
hpin:tr_soc_top_mx/u_vpu/u_alpha/mux_GEN_LANES[3].coef_sel_48_32/in_0 	 (fanout : 1)
hpin:tr_soc_top_mx/u_vpu/u_alpha/mux_GEN_LANES[3].coef_sel_48_32/in_1 	 (fanout : 1)
hpin:tr_soc_top_mx/u_vpu/u_alpha/mux_GEN_LANES[3].coef_sel_47_32/in_0[1] 	 (fanout : 1)
hpin:tr_soc_top_mx/u_vpu/u_alpha/mux_GEN_LANES[3].coef_sel_47_32/in_1[1] 	 (fanout : 1)
hpin:tr_soc_top_mx/u_vpu/u_alpha/mux_GEN_LANES[3].coef_sel_47_32/in_1[0] 	 (fanout : 1)
hpin:tr_soc_top_mx/u_vpu/u_alpha/mux_GEN_LANES[3].coef_sel_46_27/in_1[1] 	 (fanout : 1)
hpin:tr_soc_top_mx/u_vpu/u_alpha/mux_GEN_LANES[3].coef_sel_46_27/in_1[0] 	 (fanout : 1)
hpin:tr_soc_top_mx/u_vpu/u_alpha/mux_GEN_LANES[3].x_scaled_54_33/in_1[15] 	 (fanout : 1)
hpin:tr_soc_top_mx/u_vpu/u_alpha/mux_GEN_LANES[3].x_scaled_54_33/in_1[14] 	 (fanout : 1)
hpin:tr_soc_top_mx/u_vpu/u_alpha/mux_GEN_LANES[3].x_scaled_54_33/in_1[13] 	 (fanout : 1)
hpin:tr_soc_top_mx/u_vpu/u_alpha/mux_GEN_LANES[3].x_scaled_54_33/in_1[12] 	 (fanout : 1)
hpin:tr_soc_top_mx/u_vpu/u_alpha/mux_GEN_LANES[3].x_scaled_54_33/in_1[11] 	 (fanout : 1)
hpin:tr_soc_top_mx/u_vpu/u_alpha/mux_GEN_LANES[3].x_scaled_54_33/in_1[10] 	 (fanout : 1)
hpin:tr_soc_top_mx/u_vpu/u_alpha/mux_GEN_LANES[3].x_scaled_54_33/in_1[9] 	 (fanout : 1)
hpin:tr_soc_top_mx/u_vpu/u_alpha/mux_GEN_LANES[3].x_scaled_54_33/in_1[8] 	 (fanout : 1)
hpin:tr_soc_top_mx/u_vpu/u_alpha/mux_GEN_LANES[3].x_scaled_54_33/in_1[7] 	 (fanout : 1)
hpin:tr_soc_top_mx/u_vpu/u_alpha/mux_GEN_LANES[3].x_scaled_54_33/in_1[6] 	 (fanout : 1)
hpin:tr_soc_top_mx/u_vpu/u_alpha/mux_GEN_LANES[3].x_scaled_54_33/in_1[5] 	 (fanout : 1)
hpin:tr_soc_top_mx/u_vpu/u_alpha/mux_GEN_LANES[3].x_scaled_54_33/in_1[4] 	 (fanout : 1)
hpin:tr_soc_top_mx/u_vpu/u_alpha/mux_GEN_LANES[3].x_scaled_54_33/in_1[3] 	 (fanout : 1)
hpin:tr_soc_top_mx/u_vpu/u_alpha/mux_GEN_LANES[3].x_scaled_54_33/in_1[2] 	 (fanout : 1)
hpin:tr_soc_top_mx/u_vpu/u_alpha/mux_GEN_LANES[3].x_scaled_54_33/in_1[1] 	 (fanout : 1)
hpin:tr_soc_top_mx/u_vpu/u_alpha/mux_GEN_LANES[3].x_scaled_54_33/in_1[0] 	 (fanout : 1)
hpin:tr_soc_top_mx/u_vpu/u_alpha/mux_GEN_LANES[3].x_scaled_53_28/in_1[15] 	 (fanout : 1)
hpin:tr_soc_top_mx/u_vpu/u_alpha/mux_GEN_LANES[3].x_scaled_53_28/in_1[14] 	 (fanout : 1)
hpin:tr_soc_top_mx/u_vpu/u_alpha/mux_GEN_LANES[3].x_scaled_53_28/in_1[13] 	 (fanout : 1)
hpin:tr_soc_top_mx/u_vpu/u_alpha/mux_GEN_LANES[3].x_scaled_53_28/in_1[12] 	 (fanout : 1)
hpin:tr_soc_top_mx/u_vpu/u_alpha/mux_GEN_LANES[3].x_scaled_53_28/in_1[11] 	 (fanout : 1)
hpin:tr_soc_top_mx/u_vpu/u_alpha/mux_GEN_LANES[3].x_scaled_53_28/in_1[10] 	 (fanout : 1)
hpin:tr_soc_top_mx/u_vpu/u_alpha/mux_GEN_LANES[3].x_scaled_53_28/in_1[9] 	 (fanout : 1)
hpin:tr_soc_top_mx/u_vpu/u_alpha/mux_GEN_LANES[3].x_scaled_53_28/in_1[8] 	 (fanout : 1)
hpin:tr_soc_top_mx/u_vpu/u_alpha/mux_GEN_LANES[3].x_scaled_53_28/in_1[7] 	 (fanout : 1)
hpin:tr_soc_top_mx/u_vpu/u_alpha/mux_GEN_LANES[3].x_scaled_53_28/in_1[6] 	 (fanout : 1)
hpin:tr_soc_top_mx/u_vpu/u_alpha/mux_GEN_LANES[3].x_scaled_53_28/in_1[5] 	 (fanout : 1)
hpin:tr_soc_top_mx/u_vpu/u_alpha/mux_GEN_LANES[3].x_scaled_53_28/in_1[4] 	 (fanout : 1)
hpin:tr_soc_top_mx/u_vpu/u_alpha/mux_GEN_LANES[3].x_scaled_53_28/in_1[3] 	 (fanout : 1)
hpin:tr_soc_top_mx/u_vpu/u_alpha/mux_GEN_LANES[3].x_scaled_53_28/in_1[2] 	 (fanout : 1)
hpin:tr_soc_top_mx/u_vpu/u_alpha/mux_GEN_LANES[3].x_scaled_53_28/in_1[1] 	 (fanout : 1)
hpin:tr_soc_top_mx/u_vpu/u_alpha/mux_GEN_LANES[3].x_scaled_53_28/in_1[0] 	 (fanout : 1)
hpin:tr_soc_top_mx/u_vpu/u_alpha/mux_GEN_LANES[4].coef_sel_48_32/in_0 	 (fanout : 1)
hpin:tr_soc_top_mx/u_vpu/u_alpha/mux_GEN_LANES[4].coef_sel_48_32/in_1 	 (fanout : 1)
hpin:tr_soc_top_mx/u_vpu/u_alpha/mux_GEN_LANES[4].coef_sel_47_32/in_0[1] 	 (fanout : 1)
hpin:tr_soc_top_mx/u_vpu/u_alpha/mux_GEN_LANES[4].coef_sel_47_32/in_1[1] 	 (fanout : 1)
hpin:tr_soc_top_mx/u_vpu/u_alpha/mux_GEN_LANES[4].coef_sel_47_32/in_1[0] 	 (fanout : 1)
hpin:tr_soc_top_mx/u_vpu/u_alpha/mux_GEN_LANES[4].coef_sel_46_27/in_1[1] 	 (fanout : 1)
hpin:tr_soc_top_mx/u_vpu/u_alpha/mux_GEN_LANES[4].coef_sel_46_27/in_1[0] 	 (fanout : 1)
hpin:tr_soc_top_mx/u_vpu/u_alpha/mux_GEN_LANES[4].x_scaled_54_33/in_1[15] 	 (fanout : 1)
hpin:tr_soc_top_mx/u_vpu/u_alpha/mux_GEN_LANES[4].x_scaled_54_33/in_1[14] 	 (fanout : 1)
hpin:tr_soc_top_mx/u_vpu/u_alpha/mux_GEN_LANES[4].x_scaled_54_33/in_1[13] 	 (fanout : 1)
hpin:tr_soc_top_mx/u_vpu/u_alpha/mux_GEN_LANES[4].x_scaled_54_33/in_1[12] 	 (fanout : 1)
hpin:tr_soc_top_mx/u_vpu/u_alpha/mux_GEN_LANES[4].x_scaled_54_33/in_1[11] 	 (fanout : 1)
hpin:tr_soc_top_mx/u_vpu/u_alpha/mux_GEN_LANES[4].x_scaled_54_33/in_1[10] 	 (fanout : 1)
hpin:tr_soc_top_mx/u_vpu/u_alpha/mux_GEN_LANES[4].x_scaled_54_33/in_1[9] 	 (fanout : 1)
hpin:tr_soc_top_mx/u_vpu/u_alpha/mux_GEN_LANES[4].x_scaled_54_33/in_1[8] 	 (fanout : 1)
hpin:tr_soc_top_mx/u_vpu/u_alpha/mux_GEN_LANES[4].x_scaled_54_33/in_1[7] 	 (fanout : 1)
hpin:tr_soc_top_mx/u_vpu/u_alpha/mux_GEN_LANES[4].x_scaled_54_33/in_1[6] 	 (fanout : 1)
hpin:tr_soc_top_mx/u_vpu/u_alpha/mux_GEN_LANES[4].x_scaled_54_33/in_1[5] 	 (fanout : 1)
hpin:tr_soc_top_mx/u_vpu/u_alpha/mux_GEN_LANES[4].x_scaled_54_33/in_1[4] 	 (fanout : 1)
hpin:tr_soc_top_mx/u_vpu/u_alpha/mux_GEN_LANES[4].x_scaled_54_33/in_1[3] 	 (fanout : 1)
hpin:tr_soc_top_mx/u_vpu/u_alpha/mux_GEN_LANES[4].x_scaled_54_33/in_1[2] 	 (fanout : 1)
hpin:tr_soc_top_mx/u_vpu/u_alpha/mux_GEN_LANES[4].x_scaled_54_33/in_1[1] 	 (fanout : 1)
hpin:tr_soc_top_mx/u_vpu/u_alpha/mux_GEN_LANES[4].x_scaled_54_33/in_1[0] 	 (fanout : 1)
hpin:tr_soc_top_mx/u_vpu/u_alpha/mux_GEN_LANES[4].x_scaled_53_28/in_1[15] 	 (fanout : 1)
hpin:tr_soc_top_mx/u_vpu/u_alpha/mux_GEN_LANES[4].x_scaled_53_28/in_1[14] 	 (fanout : 1)
hpin:tr_soc_top_mx/u_vpu/u_alpha/mux_GEN_LANES[4].x_scaled_53_28/in_1[13] 	 (fanout : 1)
hpin:tr_soc_top_mx/u_vpu/u_alpha/mux_GEN_LANES[4].x_scaled_53_28/in_1[12] 	 (fanout : 1)
hpin:tr_soc_top_mx/u_vpu/u_alpha/mux_GEN_LANES[4].x_scaled_53_28/in_1[11] 	 (fanout : 1)
hpin:tr_soc_top_mx/u_vpu/u_alpha/mux_GEN_LANES[4].x_scaled_53_28/in_1[10] 	 (fanout : 1)
hpin:tr_soc_top_mx/u_vpu/u_alpha/mux_GEN_LANES[4].x_scaled_53_28/in_1[9] 	 (fanout : 1)
hpin:tr_soc_top_mx/u_vpu/u_alpha/mux_GEN_LANES[4].x_scaled_53_28/in_1[8] 	 (fanout : 1)
hpin:tr_soc_top_mx/u_vpu/u_alpha/mux_GEN_LANES[4].x_scaled_53_28/in_1[7] 	 (fanout : 1)
hpin:tr_soc_top_mx/u_vpu/u_alpha/mux_GEN_LANES[4].x_scaled_53_28/in_1[6] 	 (fanout : 1)
hpin:tr_soc_top_mx/u_vpu/u_alpha/mux_GEN_LANES[4].x_scaled_53_28/in_1[5] 	 (fanout : 1)
hpin:tr_soc_top_mx/u_vpu/u_alpha/mux_GEN_LANES[4].x_scaled_53_28/in_1[4] 	 (fanout : 1)
hpin:tr_soc_top_mx/u_vpu/u_alpha/mux_GEN_LANES[4].x_scaled_53_28/in_1[3] 	 (fanout : 1)
hpin:tr_soc_top_mx/u_vpu/u_alpha/mux_GEN_LANES[4].x_scaled_53_28/in_1[2] 	 (fanout : 1)
hpin:tr_soc_top_mx/u_vpu/u_alpha/mux_GEN_LANES[4].x_scaled_53_28/in_1[1] 	 (fanout : 1)
hpin:tr_soc_top_mx/u_vpu/u_alpha/mux_GEN_LANES[4].x_scaled_53_28/in_1[0] 	 (fanout : 1)
hpin:tr_soc_top_mx/u_vpu/u_alpha/mux_GEN_LANES[5].coef_sel_48_32/in_0 	 (fanout : 1)
hpin:tr_soc_top_mx/u_vpu/u_alpha/mux_GEN_LANES[5].coef_sel_48_32/in_1 	 (fanout : 1)
hpin:tr_soc_top_mx/u_vpu/u_alpha/mux_GEN_LANES[5].coef_sel_47_32/in_0[1] 	 (fanout : 1)
hpin:tr_soc_top_mx/u_vpu/u_alpha/mux_GEN_LANES[5].coef_sel_47_32/in_1[1] 	 (fanout : 1)
hpin:tr_soc_top_mx/u_vpu/u_alpha/mux_GEN_LANES[5].coef_sel_47_32/in_1[0] 	 (fanout : 1)
hpin:tr_soc_top_mx/u_vpu/u_alpha/mux_GEN_LANES[5].coef_sel_46_27/in_1[1] 	 (fanout : 1)
hpin:tr_soc_top_mx/u_vpu/u_alpha/mux_GEN_LANES[5].coef_sel_46_27/in_1[0] 	 (fanout : 1)
hpin:tr_soc_top_mx/u_vpu/u_alpha/mux_GEN_LANES[5].x_scaled_54_33/in_1[15] 	 (fanout : 1)
hpin:tr_soc_top_mx/u_vpu/u_alpha/mux_GEN_LANES[5].x_scaled_54_33/in_1[14] 	 (fanout : 1)
hpin:tr_soc_top_mx/u_vpu/u_alpha/mux_GEN_LANES[5].x_scaled_54_33/in_1[13] 	 (fanout : 1)
hpin:tr_soc_top_mx/u_vpu/u_alpha/mux_GEN_LANES[5].x_scaled_54_33/in_1[12] 	 (fanout : 1)
hpin:tr_soc_top_mx/u_vpu/u_alpha/mux_GEN_LANES[5].x_scaled_54_33/in_1[11] 	 (fanout : 1)
hpin:tr_soc_top_mx/u_vpu/u_alpha/mux_GEN_LANES[5].x_scaled_54_33/in_1[10] 	 (fanout : 1)
hpin:tr_soc_top_mx/u_vpu/u_alpha/mux_GEN_LANES[5].x_scaled_54_33/in_1[9] 	 (fanout : 1)
hpin:tr_soc_top_mx/u_vpu/u_alpha/mux_GEN_LANES[5].x_scaled_54_33/in_1[8] 	 (fanout : 1)
hpin:tr_soc_top_mx/u_vpu/u_alpha/mux_GEN_LANES[5].x_scaled_54_33/in_1[7] 	 (fanout : 1)
hpin:tr_soc_top_mx/u_vpu/u_alpha/mux_GEN_LANES[5].x_scaled_54_33/in_1[6] 	 (fanout : 1)
hpin:tr_soc_top_mx/u_vpu/u_alpha/mux_GEN_LANES[5].x_scaled_54_33/in_1[5] 	 (fanout : 1)
hpin:tr_soc_top_mx/u_vpu/u_alpha/mux_GEN_LANES[5].x_scaled_54_33/in_1[4] 	 (fanout : 1)
hpin:tr_soc_top_mx/u_vpu/u_alpha/mux_GEN_LANES[5].x_scaled_54_33/in_1[3] 	 (fanout : 1)
hpin:tr_soc_top_mx/u_vpu/u_alpha/mux_GEN_LANES[5].x_scaled_54_33/in_1[2] 	 (fanout : 1)
hpin:tr_soc_top_mx/u_vpu/u_alpha/mux_GEN_LANES[5].x_scaled_54_33/in_1[1] 	 (fanout : 1)
hpin:tr_soc_top_mx/u_vpu/u_alpha/mux_GEN_LANES[5].x_scaled_54_33/in_1[0] 	 (fanout : 1)
hpin:tr_soc_top_mx/u_vpu/u_alpha/mux_GEN_LANES[5].x_scaled_53_28/in_1[15] 	 (fanout : 1)
hpin:tr_soc_top_mx/u_vpu/u_alpha/mux_GEN_LANES[5].x_scaled_53_28/in_1[14] 	 (fanout : 1)
hpin:tr_soc_top_mx/u_vpu/u_alpha/mux_GEN_LANES[5].x_scaled_53_28/in_1[13] 	 (fanout : 1)
hpin:tr_soc_top_mx/u_vpu/u_alpha/mux_GEN_LANES[5].x_scaled_53_28/in_1[12] 	 (fanout : 1)
hpin:tr_soc_top_mx/u_vpu/u_alpha/mux_GEN_LANES[5].x_scaled_53_28/in_1[11] 	 (fanout : 1)
hpin:tr_soc_top_mx/u_vpu/u_alpha/mux_GEN_LANES[5].x_scaled_53_28/in_1[10] 	 (fanout : 1)
hpin:tr_soc_top_mx/u_vpu/u_alpha/mux_GEN_LANES[5].x_scaled_53_28/in_1[9] 	 (fanout : 1)
hpin:tr_soc_top_mx/u_vpu/u_alpha/mux_GEN_LANES[5].x_scaled_53_28/in_1[8] 	 (fanout : 1)
hpin:tr_soc_top_mx/u_vpu/u_alpha/mux_GEN_LANES[5].x_scaled_53_28/in_1[7] 	 (fanout : 1)
hpin:tr_soc_top_mx/u_vpu/u_alpha/mux_GEN_LANES[5].x_scaled_53_28/in_1[6] 	 (fanout : 1)
hpin:tr_soc_top_mx/u_vpu/u_alpha/mux_GEN_LANES[5].x_scaled_53_28/in_1[5] 	 (fanout : 1)
hpin:tr_soc_top_mx/u_vpu/u_alpha/mux_GEN_LANES[5].x_scaled_53_28/in_1[4] 	 (fanout : 1)
hpin:tr_soc_top_mx/u_vpu/u_alpha/mux_GEN_LANES[5].x_scaled_53_28/in_1[3] 	 (fanout : 1)
hpin:tr_soc_top_mx/u_vpu/u_alpha/mux_GEN_LANES[5].x_scaled_53_28/in_1[2] 	 (fanout : 1)
hpin:tr_soc_top_mx/u_vpu/u_alpha/mux_GEN_LANES[5].x_scaled_53_28/in_1[1] 	 (fanout : 1)
hpin:tr_soc_top_mx/u_vpu/u_alpha/mux_GEN_LANES[5].x_scaled_53_28/in_1[0] 	 (fanout : 1)
hpin:tr_soc_top_mx/u_vpu/u_alpha/mux_GEN_LANES[6].coef_sel_48_32/in_0 	 (fanout : 1)
hpin:tr_soc_top_mx/u_vpu/u_alpha/mux_GEN_LANES[6].coef_sel_48_32/in_1 	 (fanout : 1)
hpin:tr_soc_top_mx/u_vpu/u_alpha/mux_GEN_LANES[6].coef_sel_47_32/in_0[1] 	 (fanout : 1)
hpin:tr_soc_top_mx/u_vpu/u_alpha/mux_GEN_LANES[6].coef_sel_47_32/in_1[1] 	 (fanout : 1)
hpin:tr_soc_top_mx/u_vpu/u_alpha/mux_GEN_LANES[6].coef_sel_47_32/in_1[0] 	 (fanout : 1)
hpin:tr_soc_top_mx/u_vpu/u_alpha/mux_GEN_LANES[6].coef_sel_46_27/in_1[1] 	 (fanout : 1)
hpin:tr_soc_top_mx/u_vpu/u_alpha/mux_GEN_LANES[6].coef_sel_46_27/in_1[0] 	 (fanout : 1)
hpin:tr_soc_top_mx/u_vpu/u_alpha/mux_GEN_LANES[6].x_scaled_54_33/in_1[15] 	 (fanout : 1)
hpin:tr_soc_top_mx/u_vpu/u_alpha/mux_GEN_LANES[6].x_scaled_54_33/in_1[14] 	 (fanout : 1)
hpin:tr_soc_top_mx/u_vpu/u_alpha/mux_GEN_LANES[6].x_scaled_54_33/in_1[13] 	 (fanout : 1)
hpin:tr_soc_top_mx/u_vpu/u_alpha/mux_GEN_LANES[6].x_scaled_54_33/in_1[12] 	 (fanout : 1)
hpin:tr_soc_top_mx/u_vpu/u_alpha/mux_GEN_LANES[6].x_scaled_54_33/in_1[11] 	 (fanout : 1)
hpin:tr_soc_top_mx/u_vpu/u_alpha/mux_GEN_LANES[6].x_scaled_54_33/in_1[10] 	 (fanout : 1)
hpin:tr_soc_top_mx/u_vpu/u_alpha/mux_GEN_LANES[6].x_scaled_54_33/in_1[9] 	 (fanout : 1)
hpin:tr_soc_top_mx/u_vpu/u_alpha/mux_GEN_LANES[6].x_scaled_54_33/in_1[8] 	 (fanout : 1)
hpin:tr_soc_top_mx/u_vpu/u_alpha/mux_GEN_LANES[6].x_scaled_54_33/in_1[7] 	 (fanout : 1)
hpin:tr_soc_top_mx/u_vpu/u_alpha/mux_GEN_LANES[6].x_scaled_54_33/in_1[6] 	 (fanout : 1)
hpin:tr_soc_top_mx/u_vpu/u_alpha/mux_GEN_LANES[6].x_scaled_54_33/in_1[5] 	 (fanout : 1)
hpin:tr_soc_top_mx/u_vpu/u_alpha/mux_GEN_LANES[6].x_scaled_54_33/in_1[4] 	 (fanout : 1)
hpin:tr_soc_top_mx/u_vpu/u_alpha/mux_GEN_LANES[6].x_scaled_54_33/in_1[3] 	 (fanout : 1)
hpin:tr_soc_top_mx/u_vpu/u_alpha/mux_GEN_LANES[6].x_scaled_54_33/in_1[2] 	 (fanout : 1)
hpin:tr_soc_top_mx/u_vpu/u_alpha/mux_GEN_LANES[6].x_scaled_54_33/in_1[1] 	 (fanout : 1)
hpin:tr_soc_top_mx/u_vpu/u_alpha/mux_GEN_LANES[6].x_scaled_54_33/in_1[0] 	 (fanout : 1)
hpin:tr_soc_top_mx/u_vpu/u_alpha/mux_GEN_LANES[6].x_scaled_53_28/in_1[15] 	 (fanout : 1)
hpin:tr_soc_top_mx/u_vpu/u_alpha/mux_GEN_LANES[6].x_scaled_53_28/in_1[14] 	 (fanout : 1)
hpin:tr_soc_top_mx/u_vpu/u_alpha/mux_GEN_LANES[6].x_scaled_53_28/in_1[13] 	 (fanout : 1)
hpin:tr_soc_top_mx/u_vpu/u_alpha/mux_GEN_LANES[6].x_scaled_53_28/in_1[12] 	 (fanout : 1)
hpin:tr_soc_top_mx/u_vpu/u_alpha/mux_GEN_LANES[6].x_scaled_53_28/in_1[11] 	 (fanout : 1)
hpin:tr_soc_top_mx/u_vpu/u_alpha/mux_GEN_LANES[6].x_scaled_53_28/in_1[10] 	 (fanout : 1)
hpin:tr_soc_top_mx/u_vpu/u_alpha/mux_GEN_LANES[6].x_scaled_53_28/in_1[9] 	 (fanout : 1)
hpin:tr_soc_top_mx/u_vpu/u_alpha/mux_GEN_LANES[6].x_scaled_53_28/in_1[8] 	 (fanout : 1)
hpin:tr_soc_top_mx/u_vpu/u_alpha/mux_GEN_LANES[6].x_scaled_53_28/in_1[7] 	 (fanout : 1)
hpin:tr_soc_top_mx/u_vpu/u_alpha/mux_GEN_LANES[6].x_scaled_53_28/in_1[6] 	 (fanout : 1)
hpin:tr_soc_top_mx/u_vpu/u_alpha/mux_GEN_LANES[6].x_scaled_53_28/in_1[5] 	 (fanout : 1)
hpin:tr_soc_top_mx/u_vpu/u_alpha/mux_GEN_LANES[6].x_scaled_53_28/in_1[4] 	 (fanout : 1)
hpin:tr_soc_top_mx/u_vpu/u_alpha/mux_GEN_LANES[6].x_scaled_53_28/in_1[3] 	 (fanout : 1)
hpin:tr_soc_top_mx/u_vpu/u_alpha/mux_GEN_LANES[6].x_scaled_53_28/in_1[2] 	 (fanout : 1)
hpin:tr_soc_top_mx/u_vpu/u_alpha/mux_GEN_LANES[6].x_scaled_53_28/in_1[1] 	 (fanout : 1)
hpin:tr_soc_top_mx/u_vpu/u_alpha/mux_GEN_LANES[6].x_scaled_53_28/in_1[0] 	 (fanout : 1)
hpin:tr_soc_top_mx/u_vpu/u_alpha/mux_GEN_LANES[7].coef_sel_48_32/in_0 	 (fanout : 1)
hpin:tr_soc_top_mx/u_vpu/u_alpha/mux_GEN_LANES[7].coef_sel_48_32/in_1 	 (fanout : 1)
hpin:tr_soc_top_mx/u_vpu/u_alpha/mux_GEN_LANES[7].coef_sel_47_32/in_0[1] 	 (fanout : 1)
hpin:tr_soc_top_mx/u_vpu/u_alpha/mux_GEN_LANES[7].coef_sel_47_32/in_1[1] 	 (fanout : 1)
hpin:tr_soc_top_mx/u_vpu/u_alpha/mux_GEN_LANES[7].coef_sel_47_32/in_1[0] 	 (fanout : 1)
hpin:tr_soc_top_mx/u_vpu/u_alpha/mux_GEN_LANES[7].coef_sel_46_27/in_1[1] 	 (fanout : 1)
hpin:tr_soc_top_mx/u_vpu/u_alpha/mux_GEN_LANES[7].coef_sel_46_27/in_1[0] 	 (fanout : 1)
hpin:tr_soc_top_mx/u_vpu/u_alpha/mux_GEN_LANES[7].x_scaled_54_33/in_1[15] 	 (fanout : 1)
hpin:tr_soc_top_mx/u_vpu/u_alpha/mux_GEN_LANES[7].x_scaled_54_33/in_1[14] 	 (fanout : 1)
hpin:tr_soc_top_mx/u_vpu/u_alpha/mux_GEN_LANES[7].x_scaled_54_33/in_1[13] 	 (fanout : 1)
hpin:tr_soc_top_mx/u_vpu/u_alpha/mux_GEN_LANES[7].x_scaled_54_33/in_1[12] 	 (fanout : 1)
hpin:tr_soc_top_mx/u_vpu/u_alpha/mux_GEN_LANES[7].x_scaled_54_33/in_1[11] 	 (fanout : 1)
hpin:tr_soc_top_mx/u_vpu/u_alpha/mux_GEN_LANES[7].x_scaled_54_33/in_1[10] 	 (fanout : 1)
hpin:tr_soc_top_mx/u_vpu/u_alpha/mux_GEN_LANES[7].x_scaled_54_33/in_1[9] 	 (fanout : 1)
hpin:tr_soc_top_mx/u_vpu/u_alpha/mux_GEN_LANES[7].x_scaled_54_33/in_1[8] 	 (fanout : 1)
hpin:tr_soc_top_mx/u_vpu/u_alpha/mux_GEN_LANES[7].x_scaled_54_33/in_1[7] 	 (fanout : 1)
hpin:tr_soc_top_mx/u_vpu/u_alpha/mux_GEN_LANES[7].x_scaled_54_33/in_1[6] 	 (fanout : 1)
hpin:tr_soc_top_mx/u_vpu/u_alpha/mux_GEN_LANES[7].x_scaled_54_33/in_1[5] 	 (fanout : 1)
hpin:tr_soc_top_mx/u_vpu/u_alpha/mux_GEN_LANES[7].x_scaled_54_33/in_1[4] 	 (fanout : 1)
hpin:tr_soc_top_mx/u_vpu/u_alpha/mux_GEN_LANES[7].x_scaled_54_33/in_1[3] 	 (fanout : 1)
hpin:tr_soc_top_mx/u_vpu/u_alpha/mux_GEN_LANES[7].x_scaled_54_33/in_1[2] 	 (fanout : 1)
hpin:tr_soc_top_mx/u_vpu/u_alpha/mux_GEN_LANES[7].x_scaled_54_33/in_1[1] 	 (fanout : 1)
hpin:tr_soc_top_mx/u_vpu/u_alpha/mux_GEN_LANES[7].x_scaled_54_33/in_1[0] 	 (fanout : 1)
hpin:tr_soc_top_mx/u_vpu/u_alpha/mux_GEN_LANES[7].x_scaled_53_28/in_1[15] 	 (fanout : 1)
hpin:tr_soc_top_mx/u_vpu/u_alpha/mux_GEN_LANES[7].x_scaled_53_28/in_1[14] 	 (fanout : 1)
hpin:tr_soc_top_mx/u_vpu/u_alpha/mux_GEN_LANES[7].x_scaled_53_28/in_1[13] 	 (fanout : 1)
hpin:tr_soc_top_mx/u_vpu/u_alpha/mux_GEN_LANES[7].x_scaled_53_28/in_1[12] 	 (fanout : 1)
hpin:tr_soc_top_mx/u_vpu/u_alpha/mux_GEN_LANES[7].x_scaled_53_28/in_1[11] 	 (fanout : 1)
hpin:tr_soc_top_mx/u_vpu/u_alpha/mux_GEN_LANES[7].x_scaled_53_28/in_1[10] 	 (fanout : 1)
hpin:tr_soc_top_mx/u_vpu/u_alpha/mux_GEN_LANES[7].x_scaled_53_28/in_1[9] 	 (fanout : 1)
hpin:tr_soc_top_mx/u_vpu/u_alpha/mux_GEN_LANES[7].x_scaled_53_28/in_1[8] 	 (fanout : 1)
hpin:tr_soc_top_mx/u_vpu/u_alpha/mux_GEN_LANES[7].x_scaled_53_28/in_1[7] 	 (fanout : 1)
hpin:tr_soc_top_mx/u_vpu/u_alpha/mux_GEN_LANES[7].x_scaled_53_28/in_1[6] 	 (fanout : 1)
hpin:tr_soc_top_mx/u_vpu/u_alpha/mux_GEN_LANES[7].x_scaled_53_28/in_1[5] 	 (fanout : 1)
hpin:tr_soc_top_mx/u_vpu/u_alpha/mux_GEN_LANES[7].x_scaled_53_28/in_1[4] 	 (fanout : 1)
hpin:tr_soc_top_mx/u_vpu/u_alpha/mux_GEN_LANES[7].x_scaled_53_28/in_1[3] 	 (fanout : 1)
hpin:tr_soc_top_mx/u_vpu/u_alpha/mux_GEN_LANES[7].x_scaled_53_28/in_1[2] 	 (fanout : 1)
hpin:tr_soc_top_mx/u_vpu/u_alpha/mux_GEN_LANES[7].x_scaled_53_28/in_1[1] 	 (fanout : 1)
hpin:tr_soc_top_mx/u_vpu/u_alpha/mux_GEN_LANES[7].x_scaled_53_28/in_1[0] 	 (fanout : 1)
hpin:tr_soc_top_mx/u_vpu/u_sym/sub_42_42_I8/A[5] 	 (fanout : 21)
hpin:tr_soc_top_mx/u_vpu/u_sym/sub_42_42_I8/A[4] 	 (fanout : 2)
hpin:tr_soc_top_mx/u_vpu/u_sym/sub_42_42_I8/A[3] 	 (fanout : 2)
hpin:tr_soc_top_mx/u_vpu/u_sym/sub_42_42_I8/A[2] 	 (fanout : 2)
hpin:tr_soc_top_mx/u_vpu/u_sym/sub_42_42_I8/A[1] 	 (fanout : 2)
hpin:tr_soc_top_mx/u_vpu/u_sym/sub_42_42_I8/A[0] 	 (fanout : 2)
hpin:tr_soc_top_mx/u_vpu/u_sym/sub_42_42_I7/A[5] 	 (fanout : 21)
hpin:tr_soc_top_mx/u_vpu/u_sym/sub_42_42_I7/A[4] 	 (fanout : 2)
hpin:tr_soc_top_mx/u_vpu/u_sym/sub_42_42_I7/A[3] 	 (fanout : 2)
hpin:tr_soc_top_mx/u_vpu/u_sym/sub_42_42_I7/A[2] 	 (fanout : 2)
hpin:tr_soc_top_mx/u_vpu/u_sym/sub_42_42_I7/A[1] 	 (fanout : 2)
hpin:tr_soc_top_mx/u_vpu/u_sym/sub_42_42_I7/A[0] 	 (fanout : 2)
hpin:tr_soc_top_mx/u_vpu/u_sym/sub_42_42_I6/A[5] 	 (fanout : 21)
hpin:tr_soc_top_mx/u_vpu/u_sym/sub_42_42_I6/A[4] 	 (fanout : 2)
hpin:tr_soc_top_mx/u_vpu/u_sym/sub_42_42_I6/A[3] 	 (fanout : 2)
hpin:tr_soc_top_mx/u_vpu/u_sym/sub_42_42_I6/A[2] 	 (fanout : 2)
hpin:tr_soc_top_mx/u_vpu/u_sym/sub_42_42_I6/A[1] 	 (fanout : 2)
hpin:tr_soc_top_mx/u_vpu/u_sym/sub_42_42_I6/A[0] 	 (fanout : 2)
hpin:tr_soc_top_mx/u_vpu/u_sym/sub_42_42_I5/A[5] 	 (fanout : 21)
hpin:tr_soc_top_mx/u_vpu/u_sym/sub_42_42_I5/A[4] 	 (fanout : 2)
hpin:tr_soc_top_mx/u_vpu/u_sym/sub_42_42_I5/A[3] 	 (fanout : 2)
hpin:tr_soc_top_mx/u_vpu/u_sym/sub_42_42_I5/A[2] 	 (fanout : 2)
hpin:tr_soc_top_mx/u_vpu/u_sym/sub_42_42_I5/A[1] 	 (fanout : 2)
hpin:tr_soc_top_mx/u_vpu/u_sym/sub_42_42_I5/A[0] 	 (fanout : 2)
hpin:tr_soc_top_mx/u_vpu/u_sym/sub_42_42_I4/A[5] 	 (fanout : 21)
hpin:tr_soc_top_mx/u_vpu/u_sym/sub_42_42_I4/A[4] 	 (fanout : 2)
hpin:tr_soc_top_mx/u_vpu/u_sym/sub_42_42_I4/A[3] 	 (fanout : 2)
hpin:tr_soc_top_mx/u_vpu/u_sym/sub_42_42_I4/A[2] 	 (fanout : 2)
hpin:tr_soc_top_mx/u_vpu/u_sym/sub_42_42_I4/A[1] 	 (fanout : 2)
hpin:tr_soc_top_mx/u_vpu/u_sym/sub_42_42_I4/A[0] 	 (fanout : 2)
hpin:tr_soc_top_mx/u_vpu/u_sym/sub_42_42_I3/A[5] 	 (fanout : 21)
hpin:tr_soc_top_mx/u_vpu/u_sym/sub_42_42_I3/A[4] 	 (fanout : 2)
hpin:tr_soc_top_mx/u_vpu/u_sym/sub_42_42_I3/A[3] 	 (fanout : 2)
hpin:tr_soc_top_mx/u_vpu/u_sym/sub_42_42_I3/A[2] 	 (fanout : 2)
hpin:tr_soc_top_mx/u_vpu/u_sym/sub_42_42_I3/A[1] 	 (fanout : 2)
hpin:tr_soc_top_mx/u_vpu/u_sym/sub_42_42_I3/A[0] 	 (fanout : 2)
hpin:tr_soc_top_mx/u_vpu/u_sym/sub_42_42_I2/A[5] 	 (fanout : 21)
hpin:tr_soc_top_mx/u_vpu/u_sym/sub_42_42_I2/A[4] 	 (fanout : 2)
hpin:tr_soc_top_mx/u_vpu/u_sym/sub_42_42_I2/A[3] 	 (fanout : 2)
hpin:tr_soc_top_mx/u_vpu/u_sym/sub_42_42_I2/A[2] 	 (fanout : 2)
hpin:tr_soc_top_mx/u_vpu/u_sym/sub_42_42_I2/A[1] 	 (fanout : 2)
hpin:tr_soc_top_mx/u_vpu/u_sym/sub_42_42_I2/A[0] 	 (fanout : 2)
hpin:tr_soc_top_mx/u_vpu/u_sym/sub_42_42_I1/A[5] 	 (fanout : 21)
hpin:tr_soc_top_mx/u_vpu/u_sym/sub_42_42_I1/A[4] 	 (fanout : 2)
hpin:tr_soc_top_mx/u_vpu/u_sym/sub_42_42_I1/A[3] 	 (fanout : 2)
hpin:tr_soc_top_mx/u_vpu/u_sym/sub_42_42_I1/A[2] 	 (fanout : 2)
hpin:tr_soc_top_mx/u_vpu/u_sym/sub_42_42_I1/A[1] 	 (fanout : 2)
hpin:tr_soc_top_mx/u_vpu/u_sym/sub_42_42_I1/A[0] 	 (fanout : 2)
hpin:tr_soc_top_mx/u_vpu/u_backbone/u_pre_ln/add_28_36_I8/B[5] 	 (fanout : 21)
hpin:tr_soc_top_mx/u_vpu/u_backbone/u_pre_ln/add_28_36_I8/B[4] 	 (fanout : 2)
hpin:tr_soc_top_mx/u_vpu/u_backbone/u_pre_ln/add_28_36_I8/B[3] 	 (fanout : 2)
hpin:tr_soc_top_mx/u_vpu/u_backbone/u_pre_ln/add_28_36_I8/B[2] 	 (fanout : 2)
hpin:tr_soc_top_mx/u_vpu/u_backbone/u_pre_ln/add_28_36_I8/B[1] 	 (fanout : 2)
hpin:tr_soc_top_mx/u_vpu/u_backbone/u_pre_ln/add_28_36_I8/B[0] 	 (fanout : 2)
hpin:tr_soc_top_mx/u_vpu/u_backbone/u_pre_ln/add_28_36_I7/B[5] 	 (fanout : 21)
hpin:tr_soc_top_mx/u_vpu/u_backbone/u_pre_ln/add_28_36_I7/B[4] 	 (fanout : 2)
hpin:tr_soc_top_mx/u_vpu/u_backbone/u_pre_ln/add_28_36_I7/B[3] 	 (fanout : 2)
hpin:tr_soc_top_mx/u_vpu/u_backbone/u_pre_ln/add_28_36_I7/B[2] 	 (fanout : 2)
hpin:tr_soc_top_mx/u_vpu/u_backbone/u_pre_ln/add_28_36_I7/B[1] 	 (fanout : 2)
hpin:tr_soc_top_mx/u_vpu/u_backbone/u_pre_ln/add_28_36_I7/B[0] 	 (fanout : 2)
hpin:tr_soc_top_mx/u_vpu/u_backbone/u_pre_ln/add_28_36_I6/B[5] 	 (fanout : 21)
hpin:tr_soc_top_mx/u_vpu/u_backbone/u_pre_ln/add_28_36_I6/B[4] 	 (fanout : 2)
hpin:tr_soc_top_mx/u_vpu/u_backbone/u_pre_ln/add_28_36_I6/B[3] 	 (fanout : 2)
hpin:tr_soc_top_mx/u_vpu/u_backbone/u_pre_ln/add_28_36_I6/B[2] 	 (fanout : 2)
hpin:tr_soc_top_mx/u_vpu/u_backbone/u_pre_ln/add_28_36_I6/B[1] 	 (fanout : 2)
hpin:tr_soc_top_mx/u_vpu/u_backbone/u_pre_ln/add_28_36_I6/B[0] 	 (fanout : 2)
hpin:tr_soc_top_mx/u_vpu/u_backbone/u_pre_ln/add_28_36_I5/B[5] 	 (fanout : 21)
hpin:tr_soc_top_mx/u_vpu/u_backbone/u_pre_ln/add_28_36_I5/B[4] 	 (fanout : 2)
hpin:tr_soc_top_mx/u_vpu/u_backbone/u_pre_ln/add_28_36_I5/B[3] 	 (fanout : 2)
hpin:tr_soc_top_mx/u_vpu/u_backbone/u_pre_ln/add_28_36_I5/B[2] 	 (fanout : 2)
hpin:tr_soc_top_mx/u_vpu/u_backbone/u_pre_ln/add_28_36_I5/B[1] 	 (fanout : 2)
hpin:tr_soc_top_mx/u_vpu/u_backbone/u_pre_ln/add_28_36_I5/B[0] 	 (fanout : 2)
hpin:tr_soc_top_mx/u_vpu/u_backbone/u_pre_ln/add_28_36_I4/B[5] 	 (fanout : 21)
hpin:tr_soc_top_mx/u_vpu/u_backbone/u_pre_ln/add_28_36_I4/B[4] 	 (fanout : 2)
hpin:tr_soc_top_mx/u_vpu/u_backbone/u_pre_ln/add_28_36_I4/B[3] 	 (fanout : 2)
hpin:tr_soc_top_mx/u_vpu/u_backbone/u_pre_ln/add_28_36_I4/B[2] 	 (fanout : 2)
hpin:tr_soc_top_mx/u_vpu/u_backbone/u_pre_ln/add_28_36_I4/B[1] 	 (fanout : 2)
hpin:tr_soc_top_mx/u_vpu/u_backbone/u_pre_ln/add_28_36_I4/B[0] 	 (fanout : 2)
hpin:tr_soc_top_mx/u_vpu/u_backbone/u_pre_ln/add_28_36_I3/B[5] 	 (fanout : 21)
hpin:tr_soc_top_mx/u_vpu/u_backbone/u_pre_ln/add_28_36_I3/B[4] 	 (fanout : 2)
hpin:tr_soc_top_mx/u_vpu/u_backbone/u_pre_ln/add_28_36_I3/B[3] 	 (fanout : 2)
hpin:tr_soc_top_mx/u_vpu/u_backbone/u_pre_ln/add_28_36_I3/B[2] 	 (fanout : 2)
hpin:tr_soc_top_mx/u_vpu/u_backbone/u_pre_ln/add_28_36_I3/B[1] 	 (fanout : 2)
hpin:tr_soc_top_mx/u_vpu/u_backbone/u_pre_ln/add_28_36_I3/B[0] 	 (fanout : 2)
hpin:tr_soc_top_mx/u_vpu/u_backbone/u_pre_ln/add_28_36_I2/B[5] 	 (fanout : 21)
hpin:tr_soc_top_mx/u_vpu/u_backbone/u_pre_ln/add_28_36_I2/B[4] 	 (fanout : 2)
hpin:tr_soc_top_mx/u_vpu/u_backbone/u_pre_ln/add_28_36_I2/B[3] 	 (fanout : 2)
hpin:tr_soc_top_mx/u_vpu/u_backbone/u_pre_ln/add_28_36_I2/B[2] 	 (fanout : 2)
hpin:tr_soc_top_mx/u_vpu/u_backbone/u_pre_ln/add_28_36_I2/B[1] 	 (fanout : 2)
hpin:tr_soc_top_mx/u_vpu/u_backbone/u_pre_ln/add_28_36_I2/B[0] 	 (fanout : 2)
hpin:tr_soc_top_mx/u_vpu/u_backbone/u_pre_ln/add_28_36_I1/B[5] 	 (fanout : 21)
hpin:tr_soc_top_mx/u_vpu/u_backbone/u_pre_ln/add_28_36_I1/B[4] 	 (fanout : 2)
hpin:tr_soc_top_mx/u_vpu/u_backbone/u_pre_ln/add_28_36_I1/B[3] 	 (fanout : 2)
hpin:tr_soc_top_mx/u_vpu/u_backbone/u_pre_ln/add_28_36_I1/B[2] 	 (fanout : 2)
hpin:tr_soc_top_mx/u_vpu/u_backbone/u_pre_ln/add_28_36_I1/B[1] 	 (fanout : 2)
hpin:tr_soc_top_mx/u_vpu/u_backbone/u_pre_ln/add_28_36_I1/B[0] 	 (fanout : 2)
hpin:tr_soc_top_mx/u_vpu/u_backbone/gen_tr_lanes[0].u_tr_ln/eq_48_16/B 	 (fanout : 1)
hpin:tr_soc_top_mx/u_vpu/u_backbone/gen_tr_lanes[0].u_tr_ln/add_68_30/A[5] 	 (fanout : 7)
hpin:tr_soc_top_mx/u_vpu/u_backbone/gen_tr_lanes[0].u_tr_ln/add_68_30/B[3] 	 (fanout : 2)
hpin:tr_soc_top_mx/u_vpu/u_backbone/gen_tr_lanes[0].u_tr_ln/add_68_30/B[2] 	 (fanout : 2)
hpin:tr_soc_top_mx/u_vpu/u_backbone/gen_tr_lanes[0].u_tr_ln/add_68_30/B[1] 	 (fanout : 2)
hpin:tr_soc_top_mx/u_vpu/u_backbone/gen_tr_lanes[0].u_tr_ln/add_68_30/B[0] 	 (fanout : 2)
hpin:tr_soc_top_mx/u_vpu/u_backbone/gen_tr_lanes[0].u_tr_ln/sub_61_45/A[3] 	 (fanout : 2)
hpin:tr_soc_top_mx/u_vpu/u_backbone/gen_tr_lanes[0].u_tr_ln/sub_61_45/A[2] 	 (fanout : 2)
hpin:tr_soc_top_mx/u_vpu/u_backbone/gen_tr_lanes[0].u_tr_ln/sub_61_45/A[1] 	 (fanout : 2)
hpin:tr_soc_top_mx/u_vpu/u_backbone/gen_tr_lanes[0].u_tr_ln/sub_61_45/A[0] 	 (fanout : 2)
hpin:tr_soc_top_mx/u_vpu/u_backbone/gen_tr_lanes[0].u_tr_ln/add0034526/B[4] 	 (fanout : 1)
hpin:tr_soc_top_mx/u_vpu/u_backbone/gen_tr_lanes[0].u_tr_ln/add0034526/B[3] 	 (fanout : 2)
hpin:tr_soc_top_mx/u_vpu/u_backbone/gen_tr_lanes[0].u_tr_ln/add0034526/B[2] 	 (fanout : 2)
hpin:tr_soc_top_mx/u_vpu/u_backbone/gen_tr_lanes[0].u_tr_ln/add0034526/B[1] 	 (fanout : 2)
hpin:tr_soc_top_mx/u_vpu/u_backbone/gen_tr_lanes[0].u_tr_ln/add0034526/B[0] 	 (fanout : 2)
hpin:tr_soc_top_mx/u_vpu/u_backbone/gen_tr_lanes[0].u_tr_ln/mux_msb_54_21/in_0[3] 	 (fanout : 1)
hpin:tr_soc_top_mx/u_vpu/u_backbone/gen_tr_lanes[0].u_tr_ln/mux_msb_54_21/in_0[2] 	 (fanout : 1)
hpin:tr_soc_top_mx/u_vpu/u_backbone/gen_tr_lanes[0].u_tr_ln/mux_msb_54_21/in_0[1] 	 (fanout : 1)
hpin:tr_soc_top_mx/u_vpu/u_backbone/gen_tr_lanes[0].u_tr_ln/mux_msb_54_21/in_0[0] 	 (fanout : 1)
hpin:tr_soc_top_mx/u_vpu/u_backbone/gen_tr_lanes[0].u_tr_ln/mux_msb_54_21/in_1[3] 	 (fanout : 1)
hpin:tr_soc_top_mx/u_vpu/u_backbone/gen_tr_lanes[0].u_tr_ln/mux_msb_54_21/in_1[2] 	 (fanout : 1)
hpin:tr_soc_top_mx/u_vpu/u_backbone/gen_tr_lanes[0].u_tr_ln/mux_msb_54_21/in_1[1] 	 (fanout : 1)
hpin:tr_soc_top_mx/u_vpu/u_backbone/gen_tr_lanes[0].u_tr_ln/mux_msb_54_21/in_1[0] 	 (fanout : 1)
hpin:tr_soc_top_mx/u_vpu/u_backbone/gen_tr_lanes[0].u_tr_ln/mux_msb_54_21/in_2[3] 	 (fanout : 1)
hpin:tr_soc_top_mx/u_vpu/u_backbone/gen_tr_lanes[0].u_tr_ln/mux_msb_54_21/in_2[2] 	 (fanout : 1)
hpin:tr_soc_top_mx/u_vpu/u_backbone/gen_tr_lanes[0].u_tr_ln/mux_msb_54_21/in_2[1] 	 (fanout : 1)
hpin:tr_soc_top_mx/u_vpu/u_backbone/gen_tr_lanes[0].u_tr_ln/mux_msb_54_21/in_2[0] 	 (fanout : 1)
hpin:tr_soc_top_mx/u_vpu/u_backbone/gen_tr_lanes[0].u_tr_ln/mux_msb_54_21/in_3[3] 	 (fanout : 1)
hpin:tr_soc_top_mx/u_vpu/u_backbone/gen_tr_lanes[0].u_tr_ln/mux_msb_54_21/in_3[2] 	 (fanout : 1)
hpin:tr_soc_top_mx/u_vpu/u_backbone/gen_tr_lanes[0].u_tr_ln/mux_msb_54_21/in_3[1] 	 (fanout : 1)
hpin:tr_soc_top_mx/u_vpu/u_backbone/gen_tr_lanes[0].u_tr_ln/mux_msb_54_21/in_3[0] 	 (fanout : 1)
hpin:tr_soc_top_mx/u_vpu/u_backbone/gen_tr_lanes[0].u_tr_ln/mux_msb_54_21/in_4[3] 	 (fanout : 1)
hpin:tr_soc_top_mx/u_vpu/u_backbone/gen_tr_lanes[0].u_tr_ln/mux_msb_54_21/in_4[2] 	 (fanout : 1)
hpin:tr_soc_top_mx/u_vpu/u_backbone/gen_tr_lanes[0].u_tr_ln/mux_msb_54_21/in_4[1] 	 (fanout : 1)
hpin:tr_soc_top_mx/u_vpu/u_backbone/gen_tr_lanes[0].u_tr_ln/mux_msb_54_21/in_4[0] 	 (fanout : 1)
hpin:tr_soc_top_mx/u_vpu/u_backbone/gen_tr_lanes[0].u_tr_ln/mux_msb_54_21/in_5[3] 	 (fanout : 1)
hpin:tr_soc_top_mx/u_vpu/u_backbone/gen_tr_lanes[0].u_tr_ln/mux_msb_54_21/in_5[2] 	 (fanout : 1)
hpin:tr_soc_top_mx/u_vpu/u_backbone/gen_tr_lanes[0].u_tr_ln/mux_msb_54_21/in_5[1] 	 (fanout : 1)
hpin:tr_soc_top_mx/u_vpu/u_backbone/gen_tr_lanes[0].u_tr_ln/mux_msb_54_21/in_5[0] 	 (fanout : 1)
hpin:tr_soc_top_mx/u_vpu/u_backbone/gen_tr_lanes[0].u_tr_ln/mux_msb_54_21/in_6[3] 	 (fanout : 1)
hpin:tr_soc_top_mx/u_vpu/u_backbone/gen_tr_lanes[0].u_tr_ln/mux_msb_54_21/in_6[2] 	 (fanout : 1)
hpin:tr_soc_top_mx/u_vpu/u_backbone/gen_tr_lanes[0].u_tr_ln/mux_msb_54_21/in_6[1] 	 (fanout : 1)
hpin:tr_soc_top_mx/u_vpu/u_backbone/gen_tr_lanes[0].u_tr_ln/mux_msb_54_21/in_6[0] 	 (fanout : 1)
hpin:tr_soc_top_mx/u_vpu/u_backbone/gen_tr_lanes[0].u_tr_ln/mux_msb_54_21/in_7[3] 	 (fanout : 1)
hpin:tr_soc_top_mx/u_vpu/u_backbone/gen_tr_lanes[0].u_tr_ln/mux_msb_54_21/in_7[2] 	 (fanout : 1)
hpin:tr_soc_top_mx/u_vpu/u_backbone/gen_tr_lanes[0].u_tr_ln/mux_msb_54_21/in_7[1] 	 (fanout : 1)
hpin:tr_soc_top_mx/u_vpu/u_backbone/gen_tr_lanes[0].u_tr_ln/mux_msb_54_21/in_7[0] 	 (fanout : 1)
hpin:tr_soc_top_mx/u_vpu/u_backbone/gen_tr_lanes[0].u_tr_ln/mux_msb_54_21/in_8[3] 	 (fanout : 1)
hpin:tr_soc_top_mx/u_vpu/u_backbone/gen_tr_lanes[0].u_tr_ln/mux_msb_54_21/in_8[2] 	 (fanout : 1)
hpin:tr_soc_top_mx/u_vpu/u_backbone/gen_tr_lanes[0].u_tr_ln/mux_msb_54_21/in_8[1] 	 (fanout : 1)
hpin:tr_soc_top_mx/u_vpu/u_backbone/gen_tr_lanes[0].u_tr_ln/mux_msb_54_21/in_8[0] 	 (fanout : 1)
hpin:tr_soc_top_mx/u_vpu/u_backbone/gen_tr_lanes[0].u_tr_ln/mux_msb_54_21/in_9[3] 	 (fanout : 1)
hpin:tr_soc_top_mx/u_vpu/u_backbone/gen_tr_lanes[0].u_tr_ln/mux_msb_54_21/in_9[2] 	 (fanout : 1)
hpin:tr_soc_top_mx/u_vpu/u_backbone/gen_tr_lanes[0].u_tr_ln/mux_msb_54_21/in_9[1] 	 (fanout : 1)
hpin:tr_soc_top_mx/u_vpu/u_backbone/gen_tr_lanes[0].u_tr_ln/mux_msb_54_21/in_9[0] 	 (fanout : 1)
hpin:tr_soc_top_mx/u_vpu/u_backbone/gen_tr_lanes[0].u_tr_ln/mux_msb_54_21/in_10[3] 	 (fanout : 1)
hpin:tr_soc_top_mx/u_vpu/u_backbone/gen_tr_lanes[0].u_tr_ln/mux_msb_54_21/in_10[2] 	 (fanout : 1)
hpin:tr_soc_top_mx/u_vpu/u_backbone/gen_tr_lanes[0].u_tr_ln/mux_msb_54_21/in_10[1] 	 (fanout : 1)
hpin:tr_soc_top_mx/u_vpu/u_backbone/gen_tr_lanes[0].u_tr_ln/mux_msb_54_21/in_10[0] 	 (fanout : 1)
hpin:tr_soc_top_mx/u_vpu/u_backbone/gen_tr_lanes[0].u_tr_ln/mux_msb_54_21/in_11[3] 	 (fanout : 1)
hpin:tr_soc_top_mx/u_vpu/u_backbone/gen_tr_lanes[0].u_tr_ln/mux_msb_54_21/in_11[2] 	 (fanout : 1)
hpin:tr_soc_top_mx/u_vpu/u_backbone/gen_tr_lanes[0].u_tr_ln/mux_msb_54_21/in_11[1] 	 (fanout : 1)
hpin:tr_soc_top_mx/u_vpu/u_backbone/gen_tr_lanes[0].u_tr_ln/mux_msb_54_21/in_11[0] 	 (fanout : 1)
hpin:tr_soc_top_mx/u_vpu/u_backbone/gen_tr_lanes[0].u_tr_ln/mux_msb_54_21/in_12[3] 	 (fanout : 1)
hpin:tr_soc_top_mx/u_vpu/u_backbone/gen_tr_lanes[0].u_tr_ln/mux_msb_54_21/in_12[2] 	 (fanout : 1)
hpin:tr_soc_top_mx/u_vpu/u_backbone/gen_tr_lanes[0].u_tr_ln/mux_msb_54_21/in_12[1] 	 (fanout : 1)
hpin:tr_soc_top_mx/u_vpu/u_backbone/gen_tr_lanes[0].u_tr_ln/mux_msb_54_21/in_12[0] 	 (fanout : 1)
hpin:tr_soc_top_mx/u_vpu/u_backbone/gen_tr_lanes[0].u_tr_ln/mux_msb_54_21/in_13[3] 	 (fanout : 1)
hpin:tr_soc_top_mx/u_vpu/u_backbone/gen_tr_lanes[0].u_tr_ln/mux_msb_54_21/in_13[2] 	 (fanout : 1)
hpin:tr_soc_top_mx/u_vpu/u_backbone/gen_tr_lanes[0].u_tr_ln/mux_msb_54_21/in_13[1] 	 (fanout : 1)
hpin:tr_soc_top_mx/u_vpu/u_backbone/gen_tr_lanes[0].u_tr_ln/mux_msb_54_21/in_13[0] 	 (fanout : 1)
hpin:tr_soc_top_mx/u_vpu/u_backbone/gen_tr_lanes[0].u_tr_ln/mux_msb_54_21/in_14[3] 	 (fanout : 1)
hpin:tr_soc_top_mx/u_vpu/u_backbone/gen_tr_lanes[0].u_tr_ln/mux_msb_54_21/in_14[2] 	 (fanout : 1)
hpin:tr_soc_top_mx/u_vpu/u_backbone/gen_tr_lanes[0].u_tr_ln/mux_msb_54_21/in_14[1] 	 (fanout : 1)
hpin:tr_soc_top_mx/u_vpu/u_backbone/gen_tr_lanes[0].u_tr_ln/mux_msb_54_21/in_14[0] 	 (fanout : 1)
hpin:tr_soc_top_mx/u_vpu/u_backbone/gen_tr_lanes[0].u_tr_ln/mux_msb_54_21/in_15[3] 	 (fanout : 1)
hpin:tr_soc_top_mx/u_vpu/u_backbone/gen_tr_lanes[0].u_tr_ln/mux_msb_54_21/in_15[2] 	 (fanout : 1)
hpin:tr_soc_top_mx/u_vpu/u_backbone/gen_tr_lanes[0].u_tr_ln/mux_msb_54_21/in_15[1] 	 (fanout : 1)
hpin:tr_soc_top_mx/u_vpu/u_backbone/gen_tr_lanes[0].u_tr_ln/mux_msb_54_21/in_15[0] 	 (fanout : 1)
hpin:tr_soc_top_mx/u_vpu/u_backbone/gen_tr_lanes[0].u_tr_ln/mux_msb_54_21/in_16[3] 	 (fanout : 1)
hpin:tr_soc_top_mx/u_vpu/u_backbone/gen_tr_lanes[0].u_tr_ln/mux_msb_54_21/in_16[2] 	 (fanout : 1)
hpin:tr_soc_top_mx/u_vpu/u_backbone/gen_tr_lanes[0].u_tr_ln/mux_msb_54_21/in_16[1] 	 (fanout : 1)
hpin:tr_soc_top_mx/u_vpu/u_backbone/gen_tr_lanes[0].u_tr_ln/mux_msb_54_21/in_16[0] 	 (fanout : 1)
hpin:tr_soc_top_mx/u_vpu/u_backbone/gen_tr_lanes[0].u_tr_ln/mux_yq_full_48_16/in_1[8] 	 (fanout : 1)
hpin:tr_soc_top_mx/u_vpu/u_backbone/gen_tr_lanes[0].u_tr_ln/mux_yq_full_48_16/in_1[7] 	 (fanout : 1)
hpin:tr_soc_top_mx/u_vpu/u_backbone/gen_tr_lanes[0].u_tr_ln/mux_yq_full_48_16/in_1[6] 	 (fanout : 1)
hpin:tr_soc_top_mx/u_vpu/u_backbone/gen_tr_lanes[0].u_tr_ln/mux_yq_full_48_16/in_1[5] 	 (fanout : 1)
hpin:tr_soc_top_mx/u_vpu/u_backbone/gen_tr_lanes[0].u_tr_ln/mux_yq_full_48_16/in_1[4] 	 (fanout : 1)
hpin:tr_soc_top_mx/u_vpu/u_backbone/gen_tr_lanes[0].u_tr_ln/mux_yq_full_48_16/in_1[3] 	 (fanout : 1)
hpin:tr_soc_top_mx/u_vpu/u_backbone/gen_tr_lanes[0].u_tr_ln/mux_yq_full_48_16/in_1[2] 	 (fanout : 1)
hpin:tr_soc_top_mx/u_vpu/u_backbone/gen_tr_lanes[0].u_tr_ln/mux_yq_full_48_16/in_1[1] 	 (fanout : 1)
hpin:tr_soc_top_mx/u_vpu/u_backbone/gen_tr_lanes[0].u_tr_ln/mux_yq_full_48_16/in_1[0] 	 (fanout : 1)
hpin:tr_soc_top_mx/u_vpu/u_backbone/gen_tr_lanes[0].u_tr_ln/mux_61_31/in_1[4] 	 (fanout : 1)
hpin:tr_soc_top_mx/u_vpu/u_backbone/gen_tr_lanes[0].u_tr_ln/mux_61_31/in_1[3] 	 (fanout : 1)
hpin:tr_soc_top_mx/u_vpu/u_backbone/gen_tr_lanes[0].u_tr_ln/mux_61_31/in_1[2] 	 (fanout : 1)
hpin:tr_soc_top_mx/u_vpu/u_backbone/gen_tr_lanes[0].u_tr_ln/mux_61_31/in_1[1] 	 (fanout : 1)
hpin:tr_soc_top_mx/u_vpu/u_backbone/gen_tr_lanes[0].u_tr_ln/mux_61_31/in_1[0] 	 (fanout : 1)
hpin:tr_soc_top_mx/u_vpu/u_backbone/u_post_ln/minus_33_32_I8/A 	 (fanout : 30)
hpin:tr_soc_top_mx/u_vpu/u_backbone/u_post_ln/minus_42_33_I8/A 	 (fanout : 30)
hpin:tr_soc_top_mx/u_vpu/u_backbone/u_post_ln/minus_33_32_I7/A 	 (fanout : 30)
hpin:tr_soc_top_mx/u_vpu/u_backbone/u_post_ln/minus_42_33_I7/A 	 (fanout : 30)
hpin:tr_soc_top_mx/u_vpu/u_backbone/u_post_ln/minus_33_32_I6/A 	 (fanout : 30)
hpin:tr_soc_top_mx/u_vpu/u_backbone/u_post_ln/minus_42_33_I6/A 	 (fanout : 30)
hpin:tr_soc_top_mx/u_vpu/u_backbone/u_post_ln/minus_33_32_I5/A 	 (fanout : 30)
hpin:tr_soc_top_mx/u_vpu/u_backbone/u_post_ln/minus_42_33_I5/A 	 (fanout : 30)
hpin:tr_soc_top_mx/u_vpu/u_backbone/u_post_ln/minus_33_32_I4/A 	 (fanout : 30)
hpin:tr_soc_top_mx/u_vpu/u_backbone/u_post_ln/minus_42_33_I4/A 	 (fanout : 30)
hpin:tr_soc_top_mx/u_vpu/u_backbone/u_post_ln/minus_33_32_I3/A 	 (fanout : 30)
hpin:tr_soc_top_mx/u_vpu/u_backbone/u_post_ln/minus_42_33_I3/A 	 (fanout : 30)
hpin:tr_soc_top_mx/u_vpu/u_backbone/u_post_ln/minus_33_32_I2/A 	 (fanout : 30)
hpin:tr_soc_top_mx/u_vpu/u_backbone/u_post_ln/minus_42_33_I2/A 	 (fanout : 30)
hpin:tr_soc_top_mx/u_vpu/u_backbone/u_post_ln/minus_33_32_I1/A 	 (fanout : 30)
hpin:tr_soc_top_mx/u_vpu/u_backbone/u_post_ln/minus_42_33_I1/A 	 (fanout : 30)
hpin:tr_soc_top_mx/u_vpu/u_backbone/gen_tr_exp_lanes[0].u_tr_exp/u_round/eq_49_44/B 	 (fanout : 1)
hpin:tr_soc_top_mx/u_vpu/u_backbone/gen_tr_exp_lanes[0].u_tr_exp/u_round/add_46_61/B 	 (fanout : 2)
hpin:tr_soc_top_mx/u_vpu/u_backbone/gen_tr_lanes[1].u_tr_ln/eq_48_16/B 	 (fanout : 1)
hpin:tr_soc_top_mx/u_vpu/u_backbone/gen_tr_lanes[1].u_tr_ln/add_68_30/A[5] 	 (fanout : 7)
hpin:tr_soc_top_mx/u_vpu/u_backbone/gen_tr_lanes[1].u_tr_ln/add_68_30/B[3] 	 (fanout : 2)
hpin:tr_soc_top_mx/u_vpu/u_backbone/gen_tr_lanes[1].u_tr_ln/add_68_30/B[2] 	 (fanout : 2)
hpin:tr_soc_top_mx/u_vpu/u_backbone/gen_tr_lanes[1].u_tr_ln/add_68_30/B[1] 	 (fanout : 2)
hpin:tr_soc_top_mx/u_vpu/u_backbone/gen_tr_lanes[1].u_tr_ln/add_68_30/B[0] 	 (fanout : 2)
hpin:tr_soc_top_mx/u_vpu/u_backbone/gen_tr_lanes[1].u_tr_ln/sub_61_45/A[3] 	 (fanout : 2)
hpin:tr_soc_top_mx/u_vpu/u_backbone/gen_tr_lanes[1].u_tr_ln/sub_61_45/A[2] 	 (fanout : 2)
hpin:tr_soc_top_mx/u_vpu/u_backbone/gen_tr_lanes[1].u_tr_ln/sub_61_45/A[1] 	 (fanout : 2)
hpin:tr_soc_top_mx/u_vpu/u_backbone/gen_tr_lanes[1].u_tr_ln/sub_61_45/A[0] 	 (fanout : 2)
hpin:tr_soc_top_mx/u_vpu/u_backbone/gen_tr_lanes[1].u_tr_ln/add0034526/B[4] 	 (fanout : 1)
hpin:tr_soc_top_mx/u_vpu/u_backbone/gen_tr_lanes[1].u_tr_ln/add0034526/B[3] 	 (fanout : 2)
hpin:tr_soc_top_mx/u_vpu/u_backbone/gen_tr_lanes[1].u_tr_ln/add0034526/B[2] 	 (fanout : 2)
hpin:tr_soc_top_mx/u_vpu/u_backbone/gen_tr_lanes[1].u_tr_ln/add0034526/B[1] 	 (fanout : 2)
hpin:tr_soc_top_mx/u_vpu/u_backbone/gen_tr_lanes[1].u_tr_ln/add0034526/B[0] 	 (fanout : 2)
hpin:tr_soc_top_mx/u_vpu/u_backbone/gen_tr_lanes[1].u_tr_ln/mux_msb_54_21/in_0[3] 	 (fanout : 1)
hpin:tr_soc_top_mx/u_vpu/u_backbone/gen_tr_lanes[1].u_tr_ln/mux_msb_54_21/in_0[2] 	 (fanout : 1)
hpin:tr_soc_top_mx/u_vpu/u_backbone/gen_tr_lanes[1].u_tr_ln/mux_msb_54_21/in_0[1] 	 (fanout : 1)
hpin:tr_soc_top_mx/u_vpu/u_backbone/gen_tr_lanes[1].u_tr_ln/mux_msb_54_21/in_0[0] 	 (fanout : 1)
hpin:tr_soc_top_mx/u_vpu/u_backbone/gen_tr_lanes[1].u_tr_ln/mux_msb_54_21/in_1[3] 	 (fanout : 1)
hpin:tr_soc_top_mx/u_vpu/u_backbone/gen_tr_lanes[1].u_tr_ln/mux_msb_54_21/in_1[2] 	 (fanout : 1)
hpin:tr_soc_top_mx/u_vpu/u_backbone/gen_tr_lanes[1].u_tr_ln/mux_msb_54_21/in_1[1] 	 (fanout : 1)
hpin:tr_soc_top_mx/u_vpu/u_backbone/gen_tr_lanes[1].u_tr_ln/mux_msb_54_21/in_1[0] 	 (fanout : 1)
hpin:tr_soc_top_mx/u_vpu/u_backbone/gen_tr_lanes[1].u_tr_ln/mux_msb_54_21/in_2[3] 	 (fanout : 1)
hpin:tr_soc_top_mx/u_vpu/u_backbone/gen_tr_lanes[1].u_tr_ln/mux_msb_54_21/in_2[2] 	 (fanout : 1)
hpin:tr_soc_top_mx/u_vpu/u_backbone/gen_tr_lanes[1].u_tr_ln/mux_msb_54_21/in_2[1] 	 (fanout : 1)
hpin:tr_soc_top_mx/u_vpu/u_backbone/gen_tr_lanes[1].u_tr_ln/mux_msb_54_21/in_2[0] 	 (fanout : 1)
hpin:tr_soc_top_mx/u_vpu/u_backbone/gen_tr_lanes[1].u_tr_ln/mux_msb_54_21/in_3[3] 	 (fanout : 1)
hpin:tr_soc_top_mx/u_vpu/u_backbone/gen_tr_lanes[1].u_tr_ln/mux_msb_54_21/in_3[2] 	 (fanout : 1)
hpin:tr_soc_top_mx/u_vpu/u_backbone/gen_tr_lanes[1].u_tr_ln/mux_msb_54_21/in_3[1] 	 (fanout : 1)
hpin:tr_soc_top_mx/u_vpu/u_backbone/gen_tr_lanes[1].u_tr_ln/mux_msb_54_21/in_3[0] 	 (fanout : 1)
hpin:tr_soc_top_mx/u_vpu/u_backbone/gen_tr_lanes[1].u_tr_ln/mux_msb_54_21/in_4[3] 	 (fanout : 1)
hpin:tr_soc_top_mx/u_vpu/u_backbone/gen_tr_lanes[1].u_tr_ln/mux_msb_54_21/in_4[2] 	 (fanout : 1)
hpin:tr_soc_top_mx/u_vpu/u_backbone/gen_tr_lanes[1].u_tr_ln/mux_msb_54_21/in_4[1] 	 (fanout : 1)
hpin:tr_soc_top_mx/u_vpu/u_backbone/gen_tr_lanes[1].u_tr_ln/mux_msb_54_21/in_4[0] 	 (fanout : 1)
hpin:tr_soc_top_mx/u_vpu/u_backbone/gen_tr_lanes[1].u_tr_ln/mux_msb_54_21/in_5[3] 	 (fanout : 1)
hpin:tr_soc_top_mx/u_vpu/u_backbone/gen_tr_lanes[1].u_tr_ln/mux_msb_54_21/in_5[2] 	 (fanout : 1)
hpin:tr_soc_top_mx/u_vpu/u_backbone/gen_tr_lanes[1].u_tr_ln/mux_msb_54_21/in_5[1] 	 (fanout : 1)
hpin:tr_soc_top_mx/u_vpu/u_backbone/gen_tr_lanes[1].u_tr_ln/mux_msb_54_21/in_5[0] 	 (fanout : 1)
hpin:tr_soc_top_mx/u_vpu/u_backbone/gen_tr_lanes[1].u_tr_ln/mux_msb_54_21/in_6[3] 	 (fanout : 1)
hpin:tr_soc_top_mx/u_vpu/u_backbone/gen_tr_lanes[1].u_tr_ln/mux_msb_54_21/in_6[2] 	 (fanout : 1)
hpin:tr_soc_top_mx/u_vpu/u_backbone/gen_tr_lanes[1].u_tr_ln/mux_msb_54_21/in_6[1] 	 (fanout : 1)
hpin:tr_soc_top_mx/u_vpu/u_backbone/gen_tr_lanes[1].u_tr_ln/mux_msb_54_21/in_6[0] 	 (fanout : 1)
hpin:tr_soc_top_mx/u_vpu/u_backbone/gen_tr_lanes[1].u_tr_ln/mux_msb_54_21/in_7[3] 	 (fanout : 1)
hpin:tr_soc_top_mx/u_vpu/u_backbone/gen_tr_lanes[1].u_tr_ln/mux_msb_54_21/in_7[2] 	 (fanout : 1)
hpin:tr_soc_top_mx/u_vpu/u_backbone/gen_tr_lanes[1].u_tr_ln/mux_msb_54_21/in_7[1] 	 (fanout : 1)
hpin:tr_soc_top_mx/u_vpu/u_backbone/gen_tr_lanes[1].u_tr_ln/mux_msb_54_21/in_7[0] 	 (fanout : 1)
hpin:tr_soc_top_mx/u_vpu/u_backbone/gen_tr_lanes[1].u_tr_ln/mux_msb_54_21/in_8[3] 	 (fanout : 1)
hpin:tr_soc_top_mx/u_vpu/u_backbone/gen_tr_lanes[1].u_tr_ln/mux_msb_54_21/in_8[2] 	 (fanout : 1)
hpin:tr_soc_top_mx/u_vpu/u_backbone/gen_tr_lanes[1].u_tr_ln/mux_msb_54_21/in_8[1] 	 (fanout : 1)
hpin:tr_soc_top_mx/u_vpu/u_backbone/gen_tr_lanes[1].u_tr_ln/mux_msb_54_21/in_8[0] 	 (fanout : 1)
hpin:tr_soc_top_mx/u_vpu/u_backbone/gen_tr_lanes[1].u_tr_ln/mux_msb_54_21/in_9[3] 	 (fanout : 1)
hpin:tr_soc_top_mx/u_vpu/u_backbone/gen_tr_lanes[1].u_tr_ln/mux_msb_54_21/in_9[2] 	 (fanout : 1)
hpin:tr_soc_top_mx/u_vpu/u_backbone/gen_tr_lanes[1].u_tr_ln/mux_msb_54_21/in_9[1] 	 (fanout : 1)
hpin:tr_soc_top_mx/u_vpu/u_backbone/gen_tr_lanes[1].u_tr_ln/mux_msb_54_21/in_9[0] 	 (fanout : 1)
hpin:tr_soc_top_mx/u_vpu/u_backbone/gen_tr_lanes[1].u_tr_ln/mux_msb_54_21/in_10[3] 	 (fanout : 1)
hpin:tr_soc_top_mx/u_vpu/u_backbone/gen_tr_lanes[1].u_tr_ln/mux_msb_54_21/in_10[2] 	 (fanout : 1)
hpin:tr_soc_top_mx/u_vpu/u_backbone/gen_tr_lanes[1].u_tr_ln/mux_msb_54_21/in_10[1] 	 (fanout : 1)
hpin:tr_soc_top_mx/u_vpu/u_backbone/gen_tr_lanes[1].u_tr_ln/mux_msb_54_21/in_10[0] 	 (fanout : 1)
hpin:tr_soc_top_mx/u_vpu/u_backbone/gen_tr_lanes[1].u_tr_ln/mux_msb_54_21/in_11[3] 	 (fanout : 1)
hpin:tr_soc_top_mx/u_vpu/u_backbone/gen_tr_lanes[1].u_tr_ln/mux_msb_54_21/in_11[2] 	 (fanout : 1)
hpin:tr_soc_top_mx/u_vpu/u_backbone/gen_tr_lanes[1].u_tr_ln/mux_msb_54_21/in_11[1] 	 (fanout : 1)
hpin:tr_soc_top_mx/u_vpu/u_backbone/gen_tr_lanes[1].u_tr_ln/mux_msb_54_21/in_11[0] 	 (fanout : 1)
hpin:tr_soc_top_mx/u_vpu/u_backbone/gen_tr_lanes[1].u_tr_ln/mux_msb_54_21/in_12[3] 	 (fanout : 1)
hpin:tr_soc_top_mx/u_vpu/u_backbone/gen_tr_lanes[1].u_tr_ln/mux_msb_54_21/in_12[2] 	 (fanout : 1)
hpin:tr_soc_top_mx/u_vpu/u_backbone/gen_tr_lanes[1].u_tr_ln/mux_msb_54_21/in_12[1] 	 (fanout : 1)
hpin:tr_soc_top_mx/u_vpu/u_backbone/gen_tr_lanes[1].u_tr_ln/mux_msb_54_21/in_12[0] 	 (fanout : 1)
hpin:tr_soc_top_mx/u_vpu/u_backbone/gen_tr_lanes[1].u_tr_ln/mux_msb_54_21/in_13[3] 	 (fanout : 1)
hpin:tr_soc_top_mx/u_vpu/u_backbone/gen_tr_lanes[1].u_tr_ln/mux_msb_54_21/in_13[2] 	 (fanout : 1)
hpin:tr_soc_top_mx/u_vpu/u_backbone/gen_tr_lanes[1].u_tr_ln/mux_msb_54_21/in_13[1] 	 (fanout : 1)
hpin:tr_soc_top_mx/u_vpu/u_backbone/gen_tr_lanes[1].u_tr_ln/mux_msb_54_21/in_13[0] 	 (fanout : 1)
hpin:tr_soc_top_mx/u_vpu/u_backbone/gen_tr_lanes[1].u_tr_ln/mux_msb_54_21/in_14[3] 	 (fanout : 1)
hpin:tr_soc_top_mx/u_vpu/u_backbone/gen_tr_lanes[1].u_tr_ln/mux_msb_54_21/in_14[2] 	 (fanout : 1)
hpin:tr_soc_top_mx/u_vpu/u_backbone/gen_tr_lanes[1].u_tr_ln/mux_msb_54_21/in_14[1] 	 (fanout : 1)
hpin:tr_soc_top_mx/u_vpu/u_backbone/gen_tr_lanes[1].u_tr_ln/mux_msb_54_21/in_14[0] 	 (fanout : 1)
hpin:tr_soc_top_mx/u_vpu/u_backbone/gen_tr_lanes[1].u_tr_ln/mux_msb_54_21/in_15[3] 	 (fanout : 1)
hpin:tr_soc_top_mx/u_vpu/u_backbone/gen_tr_lanes[1].u_tr_ln/mux_msb_54_21/in_15[2] 	 (fanout : 1)
hpin:tr_soc_top_mx/u_vpu/u_backbone/gen_tr_lanes[1].u_tr_ln/mux_msb_54_21/in_15[1] 	 (fanout : 1)
hpin:tr_soc_top_mx/u_vpu/u_backbone/gen_tr_lanes[1].u_tr_ln/mux_msb_54_21/in_15[0] 	 (fanout : 1)
hpin:tr_soc_top_mx/u_vpu/u_backbone/gen_tr_lanes[1].u_tr_ln/mux_msb_54_21/in_16[3] 	 (fanout : 1)
hpin:tr_soc_top_mx/u_vpu/u_backbone/gen_tr_lanes[1].u_tr_ln/mux_msb_54_21/in_16[2] 	 (fanout : 1)
hpin:tr_soc_top_mx/u_vpu/u_backbone/gen_tr_lanes[1].u_tr_ln/mux_msb_54_21/in_16[1] 	 (fanout : 1)
hpin:tr_soc_top_mx/u_vpu/u_backbone/gen_tr_lanes[1].u_tr_ln/mux_msb_54_21/in_16[0] 	 (fanout : 1)
hpin:tr_soc_top_mx/u_vpu/u_backbone/gen_tr_lanes[1].u_tr_ln/mux_yq_full_48_16/in_1[8] 	 (fanout : 1)
hpin:tr_soc_top_mx/u_vpu/u_backbone/gen_tr_lanes[1].u_tr_ln/mux_yq_full_48_16/in_1[7] 	 (fanout : 1)
hpin:tr_soc_top_mx/u_vpu/u_backbone/gen_tr_lanes[1].u_tr_ln/mux_yq_full_48_16/in_1[6] 	 (fanout : 1)
hpin:tr_soc_top_mx/u_vpu/u_backbone/gen_tr_lanes[1].u_tr_ln/mux_yq_full_48_16/in_1[5] 	 (fanout : 1)
hpin:tr_soc_top_mx/u_vpu/u_backbone/gen_tr_lanes[1].u_tr_ln/mux_yq_full_48_16/in_1[4] 	 (fanout : 1)
hpin:tr_soc_top_mx/u_vpu/u_backbone/gen_tr_lanes[1].u_tr_ln/mux_yq_full_48_16/in_1[3] 	 (fanout : 1)
hpin:tr_soc_top_mx/u_vpu/u_backbone/gen_tr_lanes[1].u_tr_ln/mux_yq_full_48_16/in_1[2] 	 (fanout : 1)
hpin:tr_soc_top_mx/u_vpu/u_backbone/gen_tr_lanes[1].u_tr_ln/mux_yq_full_48_16/in_1[1] 	 (fanout : 1)
hpin:tr_soc_top_mx/u_vpu/u_backbone/gen_tr_lanes[1].u_tr_ln/mux_yq_full_48_16/in_1[0] 	 (fanout : 1)
hpin:tr_soc_top_mx/u_vpu/u_backbone/gen_tr_lanes[1].u_tr_ln/mux_61_31/in_1[4] 	 (fanout : 1)
hpin:tr_soc_top_mx/u_vpu/u_backbone/gen_tr_lanes[1].u_tr_ln/mux_61_31/in_1[3] 	 (fanout : 1)
hpin:tr_soc_top_mx/u_vpu/u_backbone/gen_tr_lanes[1].u_tr_ln/mux_61_31/in_1[2] 	 (fanout : 1)
hpin:tr_soc_top_mx/u_vpu/u_backbone/gen_tr_lanes[1].u_tr_ln/mux_61_31/in_1[1] 	 (fanout : 1)
hpin:tr_soc_top_mx/u_vpu/u_backbone/gen_tr_lanes[1].u_tr_ln/mux_61_31/in_1[0] 	 (fanout : 1)
hpin:tr_soc_top_mx/u_vpu/u_backbone/gen_tr_lanes[2].u_tr_ln/eq_48_16/B 	 (fanout : 1)
hpin:tr_soc_top_mx/u_vpu/u_backbone/gen_tr_lanes[2].u_tr_ln/add_68_30/A[5] 	 (fanout : 7)
hpin:tr_soc_top_mx/u_vpu/u_backbone/gen_tr_lanes[2].u_tr_ln/add_68_30/B[3] 	 (fanout : 2)
hpin:tr_soc_top_mx/u_vpu/u_backbone/gen_tr_lanes[2].u_tr_ln/add_68_30/B[2] 	 (fanout : 2)
hpin:tr_soc_top_mx/u_vpu/u_backbone/gen_tr_lanes[2].u_tr_ln/add_68_30/B[1] 	 (fanout : 2)
hpin:tr_soc_top_mx/u_vpu/u_backbone/gen_tr_lanes[2].u_tr_ln/add_68_30/B[0] 	 (fanout : 2)
hpin:tr_soc_top_mx/u_vpu/u_backbone/gen_tr_lanes[2].u_tr_ln/sub_61_45/A[3] 	 (fanout : 2)
hpin:tr_soc_top_mx/u_vpu/u_backbone/gen_tr_lanes[2].u_tr_ln/sub_61_45/A[2] 	 (fanout : 2)
hpin:tr_soc_top_mx/u_vpu/u_backbone/gen_tr_lanes[2].u_tr_ln/sub_61_45/A[1] 	 (fanout : 2)
hpin:tr_soc_top_mx/u_vpu/u_backbone/gen_tr_lanes[2].u_tr_ln/sub_61_45/A[0] 	 (fanout : 2)
hpin:tr_soc_top_mx/u_vpu/u_backbone/gen_tr_lanes[2].u_tr_ln/add0034526/B[4] 	 (fanout : 1)
hpin:tr_soc_top_mx/u_vpu/u_backbone/gen_tr_lanes[2].u_tr_ln/add0034526/B[3] 	 (fanout : 2)
hpin:tr_soc_top_mx/u_vpu/u_backbone/gen_tr_lanes[2].u_tr_ln/add0034526/B[2] 	 (fanout : 2)
hpin:tr_soc_top_mx/u_vpu/u_backbone/gen_tr_lanes[2].u_tr_ln/add0034526/B[1] 	 (fanout : 2)
hpin:tr_soc_top_mx/u_vpu/u_backbone/gen_tr_lanes[2].u_tr_ln/add0034526/B[0] 	 (fanout : 2)
hpin:tr_soc_top_mx/u_vpu/u_backbone/gen_tr_lanes[2].u_tr_ln/mux_msb_54_21/in_0[3] 	 (fanout : 1)
hpin:tr_soc_top_mx/u_vpu/u_backbone/gen_tr_lanes[2].u_tr_ln/mux_msb_54_21/in_0[2] 	 (fanout : 1)
hpin:tr_soc_top_mx/u_vpu/u_backbone/gen_tr_lanes[2].u_tr_ln/mux_msb_54_21/in_0[1] 	 (fanout : 1)
hpin:tr_soc_top_mx/u_vpu/u_backbone/gen_tr_lanes[2].u_tr_ln/mux_msb_54_21/in_0[0] 	 (fanout : 1)
hpin:tr_soc_top_mx/u_vpu/u_backbone/gen_tr_lanes[2].u_tr_ln/mux_msb_54_21/in_1[3] 	 (fanout : 1)
hpin:tr_soc_top_mx/u_vpu/u_backbone/gen_tr_lanes[2].u_tr_ln/mux_msb_54_21/in_1[2] 	 (fanout : 1)
hpin:tr_soc_top_mx/u_vpu/u_backbone/gen_tr_lanes[2].u_tr_ln/mux_msb_54_21/in_1[1] 	 (fanout : 1)
hpin:tr_soc_top_mx/u_vpu/u_backbone/gen_tr_lanes[2].u_tr_ln/mux_msb_54_21/in_1[0] 	 (fanout : 1)
hpin:tr_soc_top_mx/u_vpu/u_backbone/gen_tr_lanes[2].u_tr_ln/mux_msb_54_21/in_2[3] 	 (fanout : 1)
hpin:tr_soc_top_mx/u_vpu/u_backbone/gen_tr_lanes[2].u_tr_ln/mux_msb_54_21/in_2[2] 	 (fanout : 1)
hpin:tr_soc_top_mx/u_vpu/u_backbone/gen_tr_lanes[2].u_tr_ln/mux_msb_54_21/in_2[1] 	 (fanout : 1)
hpin:tr_soc_top_mx/u_vpu/u_backbone/gen_tr_lanes[2].u_tr_ln/mux_msb_54_21/in_2[0] 	 (fanout : 1)
hpin:tr_soc_top_mx/u_vpu/u_backbone/gen_tr_lanes[2].u_tr_ln/mux_msb_54_21/in_3[3] 	 (fanout : 1)
hpin:tr_soc_top_mx/u_vpu/u_backbone/gen_tr_lanes[2].u_tr_ln/mux_msb_54_21/in_3[2] 	 (fanout : 1)
hpin:tr_soc_top_mx/u_vpu/u_backbone/gen_tr_lanes[2].u_tr_ln/mux_msb_54_21/in_3[1] 	 (fanout : 1)
hpin:tr_soc_top_mx/u_vpu/u_backbone/gen_tr_lanes[2].u_tr_ln/mux_msb_54_21/in_3[0] 	 (fanout : 1)
hpin:tr_soc_top_mx/u_vpu/u_backbone/gen_tr_lanes[2].u_tr_ln/mux_msb_54_21/in_4[3] 	 (fanout : 1)
hpin:tr_soc_top_mx/u_vpu/u_backbone/gen_tr_lanes[2].u_tr_ln/mux_msb_54_21/in_4[2] 	 (fanout : 1)
hpin:tr_soc_top_mx/u_vpu/u_backbone/gen_tr_lanes[2].u_tr_ln/mux_msb_54_21/in_4[1] 	 (fanout : 1)
hpin:tr_soc_top_mx/u_vpu/u_backbone/gen_tr_lanes[2].u_tr_ln/mux_msb_54_21/in_4[0] 	 (fanout : 1)
hpin:tr_soc_top_mx/u_vpu/u_backbone/gen_tr_lanes[2].u_tr_ln/mux_msb_54_21/in_5[3] 	 (fanout : 1)
hpin:tr_soc_top_mx/u_vpu/u_backbone/gen_tr_lanes[2].u_tr_ln/mux_msb_54_21/in_5[2] 	 (fanout : 1)
hpin:tr_soc_top_mx/u_vpu/u_backbone/gen_tr_lanes[2].u_tr_ln/mux_msb_54_21/in_5[1] 	 (fanout : 1)
hpin:tr_soc_top_mx/u_vpu/u_backbone/gen_tr_lanes[2].u_tr_ln/mux_msb_54_21/in_5[0] 	 (fanout : 1)
hpin:tr_soc_top_mx/u_vpu/u_backbone/gen_tr_lanes[2].u_tr_ln/mux_msb_54_21/in_6[3] 	 (fanout : 1)
hpin:tr_soc_top_mx/u_vpu/u_backbone/gen_tr_lanes[2].u_tr_ln/mux_msb_54_21/in_6[2] 	 (fanout : 1)
hpin:tr_soc_top_mx/u_vpu/u_backbone/gen_tr_lanes[2].u_tr_ln/mux_msb_54_21/in_6[1] 	 (fanout : 1)
hpin:tr_soc_top_mx/u_vpu/u_backbone/gen_tr_lanes[2].u_tr_ln/mux_msb_54_21/in_6[0] 	 (fanout : 1)
hpin:tr_soc_top_mx/u_vpu/u_backbone/gen_tr_lanes[2].u_tr_ln/mux_msb_54_21/in_7[3] 	 (fanout : 1)
hpin:tr_soc_top_mx/u_vpu/u_backbone/gen_tr_lanes[2].u_tr_ln/mux_msb_54_21/in_7[2] 	 (fanout : 1)
hpin:tr_soc_top_mx/u_vpu/u_backbone/gen_tr_lanes[2].u_tr_ln/mux_msb_54_21/in_7[1] 	 (fanout : 1)
hpin:tr_soc_top_mx/u_vpu/u_backbone/gen_tr_lanes[2].u_tr_ln/mux_msb_54_21/in_7[0] 	 (fanout : 1)
hpin:tr_soc_top_mx/u_vpu/u_backbone/gen_tr_lanes[2].u_tr_ln/mux_msb_54_21/in_8[3] 	 (fanout : 1)
hpin:tr_soc_top_mx/u_vpu/u_backbone/gen_tr_lanes[2].u_tr_ln/mux_msb_54_21/in_8[2] 	 (fanout : 1)
hpin:tr_soc_top_mx/u_vpu/u_backbone/gen_tr_lanes[2].u_tr_ln/mux_msb_54_21/in_8[1] 	 (fanout : 1)
hpin:tr_soc_top_mx/u_vpu/u_backbone/gen_tr_lanes[2].u_tr_ln/mux_msb_54_21/in_8[0] 	 (fanout : 1)
hpin:tr_soc_top_mx/u_vpu/u_backbone/gen_tr_lanes[2].u_tr_ln/mux_msb_54_21/in_9[3] 	 (fanout : 1)
hpin:tr_soc_top_mx/u_vpu/u_backbone/gen_tr_lanes[2].u_tr_ln/mux_msb_54_21/in_9[2] 	 (fanout : 1)
hpin:tr_soc_top_mx/u_vpu/u_backbone/gen_tr_lanes[2].u_tr_ln/mux_msb_54_21/in_9[1] 	 (fanout : 1)
hpin:tr_soc_top_mx/u_vpu/u_backbone/gen_tr_lanes[2].u_tr_ln/mux_msb_54_21/in_9[0] 	 (fanout : 1)
hpin:tr_soc_top_mx/u_vpu/u_backbone/gen_tr_lanes[2].u_tr_ln/mux_msb_54_21/in_10[3] 	 (fanout : 1)
hpin:tr_soc_top_mx/u_vpu/u_backbone/gen_tr_lanes[2].u_tr_ln/mux_msb_54_21/in_10[2] 	 (fanout : 1)
hpin:tr_soc_top_mx/u_vpu/u_backbone/gen_tr_lanes[2].u_tr_ln/mux_msb_54_21/in_10[1] 	 (fanout : 1)
hpin:tr_soc_top_mx/u_vpu/u_backbone/gen_tr_lanes[2].u_tr_ln/mux_msb_54_21/in_10[0] 	 (fanout : 1)
hpin:tr_soc_top_mx/u_vpu/u_backbone/gen_tr_lanes[2].u_tr_ln/mux_msb_54_21/in_11[3] 	 (fanout : 1)
hpin:tr_soc_top_mx/u_vpu/u_backbone/gen_tr_lanes[2].u_tr_ln/mux_msb_54_21/in_11[2] 	 (fanout : 1)
hpin:tr_soc_top_mx/u_vpu/u_backbone/gen_tr_lanes[2].u_tr_ln/mux_msb_54_21/in_11[1] 	 (fanout : 1)
hpin:tr_soc_top_mx/u_vpu/u_backbone/gen_tr_lanes[2].u_tr_ln/mux_msb_54_21/in_11[0] 	 (fanout : 1)
hpin:tr_soc_top_mx/u_vpu/u_backbone/gen_tr_lanes[2].u_tr_ln/mux_msb_54_21/in_12[3] 	 (fanout : 1)
hpin:tr_soc_top_mx/u_vpu/u_backbone/gen_tr_lanes[2].u_tr_ln/mux_msb_54_21/in_12[2] 	 (fanout : 1)
hpin:tr_soc_top_mx/u_vpu/u_backbone/gen_tr_lanes[2].u_tr_ln/mux_msb_54_21/in_12[1] 	 (fanout : 1)
hpin:tr_soc_top_mx/u_vpu/u_backbone/gen_tr_lanes[2].u_tr_ln/mux_msb_54_21/in_12[0] 	 (fanout : 1)
hpin:tr_soc_top_mx/u_vpu/u_backbone/gen_tr_lanes[2].u_tr_ln/mux_msb_54_21/in_13[3] 	 (fanout : 1)
hpin:tr_soc_top_mx/u_vpu/u_backbone/gen_tr_lanes[2].u_tr_ln/mux_msb_54_21/in_13[2] 	 (fanout : 1)
hpin:tr_soc_top_mx/u_vpu/u_backbone/gen_tr_lanes[2].u_tr_ln/mux_msb_54_21/in_13[1] 	 (fanout : 1)
hpin:tr_soc_top_mx/u_vpu/u_backbone/gen_tr_lanes[2].u_tr_ln/mux_msb_54_21/in_13[0] 	 (fanout : 1)
hpin:tr_soc_top_mx/u_vpu/u_backbone/gen_tr_lanes[2].u_tr_ln/mux_msb_54_21/in_14[3] 	 (fanout : 1)
hpin:tr_soc_top_mx/u_vpu/u_backbone/gen_tr_lanes[2].u_tr_ln/mux_msb_54_21/in_14[2] 	 (fanout : 1)
hpin:tr_soc_top_mx/u_vpu/u_backbone/gen_tr_lanes[2].u_tr_ln/mux_msb_54_21/in_14[1] 	 (fanout : 1)
hpin:tr_soc_top_mx/u_vpu/u_backbone/gen_tr_lanes[2].u_tr_ln/mux_msb_54_21/in_14[0] 	 (fanout : 1)
hpin:tr_soc_top_mx/u_vpu/u_backbone/gen_tr_lanes[2].u_tr_ln/mux_msb_54_21/in_15[3] 	 (fanout : 1)
hpin:tr_soc_top_mx/u_vpu/u_backbone/gen_tr_lanes[2].u_tr_ln/mux_msb_54_21/in_15[2] 	 (fanout : 1)
hpin:tr_soc_top_mx/u_vpu/u_backbone/gen_tr_lanes[2].u_tr_ln/mux_msb_54_21/in_15[1] 	 (fanout : 1)
hpin:tr_soc_top_mx/u_vpu/u_backbone/gen_tr_lanes[2].u_tr_ln/mux_msb_54_21/in_15[0] 	 (fanout : 1)
hpin:tr_soc_top_mx/u_vpu/u_backbone/gen_tr_lanes[2].u_tr_ln/mux_msb_54_21/in_16[3] 	 (fanout : 1)
hpin:tr_soc_top_mx/u_vpu/u_backbone/gen_tr_lanes[2].u_tr_ln/mux_msb_54_21/in_16[2] 	 (fanout : 1)
hpin:tr_soc_top_mx/u_vpu/u_backbone/gen_tr_lanes[2].u_tr_ln/mux_msb_54_21/in_16[1] 	 (fanout : 1)
hpin:tr_soc_top_mx/u_vpu/u_backbone/gen_tr_lanes[2].u_tr_ln/mux_msb_54_21/in_16[0] 	 (fanout : 1)
hpin:tr_soc_top_mx/u_vpu/u_backbone/gen_tr_lanes[2].u_tr_ln/mux_yq_full_48_16/in_1[8] 	 (fanout : 1)
hpin:tr_soc_top_mx/u_vpu/u_backbone/gen_tr_lanes[2].u_tr_ln/mux_yq_full_48_16/in_1[7] 	 (fanout : 1)
hpin:tr_soc_top_mx/u_vpu/u_backbone/gen_tr_lanes[2].u_tr_ln/mux_yq_full_48_16/in_1[6] 	 (fanout : 1)
hpin:tr_soc_top_mx/u_vpu/u_backbone/gen_tr_lanes[2].u_tr_ln/mux_yq_full_48_16/in_1[5] 	 (fanout : 1)
hpin:tr_soc_top_mx/u_vpu/u_backbone/gen_tr_lanes[2].u_tr_ln/mux_yq_full_48_16/in_1[4] 	 (fanout : 1)
hpin:tr_soc_top_mx/u_vpu/u_backbone/gen_tr_lanes[2].u_tr_ln/mux_yq_full_48_16/in_1[3] 	 (fanout : 1)
hpin:tr_soc_top_mx/u_vpu/u_backbone/gen_tr_lanes[2].u_tr_ln/mux_yq_full_48_16/in_1[2] 	 (fanout : 1)
hpin:tr_soc_top_mx/u_vpu/u_backbone/gen_tr_lanes[2].u_tr_ln/mux_yq_full_48_16/in_1[1] 	 (fanout : 1)
hpin:tr_soc_top_mx/u_vpu/u_backbone/gen_tr_lanes[2].u_tr_ln/mux_yq_full_48_16/in_1[0] 	 (fanout : 1)
hpin:tr_soc_top_mx/u_vpu/u_backbone/gen_tr_lanes[2].u_tr_ln/mux_61_31/in_1[4] 	 (fanout : 1)
hpin:tr_soc_top_mx/u_vpu/u_backbone/gen_tr_lanes[2].u_tr_ln/mux_61_31/in_1[3] 	 (fanout : 1)
hpin:tr_soc_top_mx/u_vpu/u_backbone/gen_tr_lanes[2].u_tr_ln/mux_61_31/in_1[2] 	 (fanout : 1)
hpin:tr_soc_top_mx/u_vpu/u_backbone/gen_tr_lanes[2].u_tr_ln/mux_61_31/in_1[1] 	 (fanout : 1)
hpin:tr_soc_top_mx/u_vpu/u_backbone/gen_tr_lanes[2].u_tr_ln/mux_61_31/in_1[0] 	 (fanout : 1)
hpin:tr_soc_top_mx/u_vpu/u_backbone/gen_tr_lanes[3].u_tr_ln/eq_48_16/B 	 (fanout : 1)
hpin:tr_soc_top_mx/u_vpu/u_backbone/gen_tr_lanes[3].u_tr_ln/add_68_30/A[5] 	 (fanout : 7)
hpin:tr_soc_top_mx/u_vpu/u_backbone/gen_tr_lanes[3].u_tr_ln/add_68_30/B[3] 	 (fanout : 2)
hpin:tr_soc_top_mx/u_vpu/u_backbone/gen_tr_lanes[3].u_tr_ln/add_68_30/B[2] 	 (fanout : 2)
hpin:tr_soc_top_mx/u_vpu/u_backbone/gen_tr_lanes[3].u_tr_ln/add_68_30/B[1] 	 (fanout : 2)
hpin:tr_soc_top_mx/u_vpu/u_backbone/gen_tr_lanes[3].u_tr_ln/add_68_30/B[0] 	 (fanout : 2)
hpin:tr_soc_top_mx/u_vpu/u_backbone/gen_tr_lanes[3].u_tr_ln/sub_61_45/A[3] 	 (fanout : 2)
hpin:tr_soc_top_mx/u_vpu/u_backbone/gen_tr_lanes[3].u_tr_ln/sub_61_45/A[2] 	 (fanout : 2)
hpin:tr_soc_top_mx/u_vpu/u_backbone/gen_tr_lanes[3].u_tr_ln/sub_61_45/A[1] 	 (fanout : 2)
hpin:tr_soc_top_mx/u_vpu/u_backbone/gen_tr_lanes[3].u_tr_ln/sub_61_45/A[0] 	 (fanout : 2)
hpin:tr_soc_top_mx/u_vpu/u_backbone/gen_tr_lanes[3].u_tr_ln/add0034526/B[4] 	 (fanout : 1)
hpin:tr_soc_top_mx/u_vpu/u_backbone/gen_tr_lanes[3].u_tr_ln/add0034526/B[3] 	 (fanout : 2)
hpin:tr_soc_top_mx/u_vpu/u_backbone/gen_tr_lanes[3].u_tr_ln/add0034526/B[2] 	 (fanout : 2)
hpin:tr_soc_top_mx/u_vpu/u_backbone/gen_tr_lanes[3].u_tr_ln/add0034526/B[1] 	 (fanout : 2)
hpin:tr_soc_top_mx/u_vpu/u_backbone/gen_tr_lanes[3].u_tr_ln/add0034526/B[0] 	 (fanout : 2)
hpin:tr_soc_top_mx/u_vpu/u_backbone/gen_tr_lanes[3].u_tr_ln/mux_msb_54_21/in_0[3] 	 (fanout : 1)
hpin:tr_soc_top_mx/u_vpu/u_backbone/gen_tr_lanes[3].u_tr_ln/mux_msb_54_21/in_0[2] 	 (fanout : 1)
hpin:tr_soc_top_mx/u_vpu/u_backbone/gen_tr_lanes[3].u_tr_ln/mux_msb_54_21/in_0[1] 	 (fanout : 1)
hpin:tr_soc_top_mx/u_vpu/u_backbone/gen_tr_lanes[3].u_tr_ln/mux_msb_54_21/in_0[0] 	 (fanout : 1)
hpin:tr_soc_top_mx/u_vpu/u_backbone/gen_tr_lanes[3].u_tr_ln/mux_msb_54_21/in_1[3] 	 (fanout : 1)
hpin:tr_soc_top_mx/u_vpu/u_backbone/gen_tr_lanes[3].u_tr_ln/mux_msb_54_21/in_1[2] 	 (fanout : 1)
hpin:tr_soc_top_mx/u_vpu/u_backbone/gen_tr_lanes[3].u_tr_ln/mux_msb_54_21/in_1[1] 	 (fanout : 1)
hpin:tr_soc_top_mx/u_vpu/u_backbone/gen_tr_lanes[3].u_tr_ln/mux_msb_54_21/in_1[0] 	 (fanout : 1)
hpin:tr_soc_top_mx/u_vpu/u_backbone/gen_tr_lanes[3].u_tr_ln/mux_msb_54_21/in_2[3] 	 (fanout : 1)
hpin:tr_soc_top_mx/u_vpu/u_backbone/gen_tr_lanes[3].u_tr_ln/mux_msb_54_21/in_2[2] 	 (fanout : 1)
hpin:tr_soc_top_mx/u_vpu/u_backbone/gen_tr_lanes[3].u_tr_ln/mux_msb_54_21/in_2[1] 	 (fanout : 1)
hpin:tr_soc_top_mx/u_vpu/u_backbone/gen_tr_lanes[3].u_tr_ln/mux_msb_54_21/in_2[0] 	 (fanout : 1)
hpin:tr_soc_top_mx/u_vpu/u_backbone/gen_tr_lanes[3].u_tr_ln/mux_msb_54_21/in_3[3] 	 (fanout : 1)
hpin:tr_soc_top_mx/u_vpu/u_backbone/gen_tr_lanes[3].u_tr_ln/mux_msb_54_21/in_3[2] 	 (fanout : 1)
hpin:tr_soc_top_mx/u_vpu/u_backbone/gen_tr_lanes[3].u_tr_ln/mux_msb_54_21/in_3[1] 	 (fanout : 1)
hpin:tr_soc_top_mx/u_vpu/u_backbone/gen_tr_lanes[3].u_tr_ln/mux_msb_54_21/in_3[0] 	 (fanout : 1)
hpin:tr_soc_top_mx/u_vpu/u_backbone/gen_tr_lanes[3].u_tr_ln/mux_msb_54_21/in_4[3] 	 (fanout : 1)
hpin:tr_soc_top_mx/u_vpu/u_backbone/gen_tr_lanes[3].u_tr_ln/mux_msb_54_21/in_4[2] 	 (fanout : 1)
hpin:tr_soc_top_mx/u_vpu/u_backbone/gen_tr_lanes[3].u_tr_ln/mux_msb_54_21/in_4[1] 	 (fanout : 1)
hpin:tr_soc_top_mx/u_vpu/u_backbone/gen_tr_lanes[3].u_tr_ln/mux_msb_54_21/in_4[0] 	 (fanout : 1)
hpin:tr_soc_top_mx/u_vpu/u_backbone/gen_tr_lanes[3].u_tr_ln/mux_msb_54_21/in_5[3] 	 (fanout : 1)
hpin:tr_soc_top_mx/u_vpu/u_backbone/gen_tr_lanes[3].u_tr_ln/mux_msb_54_21/in_5[2] 	 (fanout : 1)
hpin:tr_soc_top_mx/u_vpu/u_backbone/gen_tr_lanes[3].u_tr_ln/mux_msb_54_21/in_5[1] 	 (fanout : 1)
hpin:tr_soc_top_mx/u_vpu/u_backbone/gen_tr_lanes[3].u_tr_ln/mux_msb_54_21/in_5[0] 	 (fanout : 1)
hpin:tr_soc_top_mx/u_vpu/u_backbone/gen_tr_lanes[3].u_tr_ln/mux_msb_54_21/in_6[3] 	 (fanout : 1)
hpin:tr_soc_top_mx/u_vpu/u_backbone/gen_tr_lanes[3].u_tr_ln/mux_msb_54_21/in_6[2] 	 (fanout : 1)
hpin:tr_soc_top_mx/u_vpu/u_backbone/gen_tr_lanes[3].u_tr_ln/mux_msb_54_21/in_6[1] 	 (fanout : 1)
hpin:tr_soc_top_mx/u_vpu/u_backbone/gen_tr_lanes[3].u_tr_ln/mux_msb_54_21/in_6[0] 	 (fanout : 1)
hpin:tr_soc_top_mx/u_vpu/u_backbone/gen_tr_lanes[3].u_tr_ln/mux_msb_54_21/in_7[3] 	 (fanout : 1)
hpin:tr_soc_top_mx/u_vpu/u_backbone/gen_tr_lanes[3].u_tr_ln/mux_msb_54_21/in_7[2] 	 (fanout : 1)
hpin:tr_soc_top_mx/u_vpu/u_backbone/gen_tr_lanes[3].u_tr_ln/mux_msb_54_21/in_7[1] 	 (fanout : 1)
hpin:tr_soc_top_mx/u_vpu/u_backbone/gen_tr_lanes[3].u_tr_ln/mux_msb_54_21/in_7[0] 	 (fanout : 1)
hpin:tr_soc_top_mx/u_vpu/u_backbone/gen_tr_lanes[3].u_tr_ln/mux_msb_54_21/in_8[3] 	 (fanout : 1)
hpin:tr_soc_top_mx/u_vpu/u_backbone/gen_tr_lanes[3].u_tr_ln/mux_msb_54_21/in_8[2] 	 (fanout : 1)
hpin:tr_soc_top_mx/u_vpu/u_backbone/gen_tr_lanes[3].u_tr_ln/mux_msb_54_21/in_8[1] 	 (fanout : 1)
hpin:tr_soc_top_mx/u_vpu/u_backbone/gen_tr_lanes[3].u_tr_ln/mux_msb_54_21/in_8[0] 	 (fanout : 1)
hpin:tr_soc_top_mx/u_vpu/u_backbone/gen_tr_lanes[3].u_tr_ln/mux_msb_54_21/in_9[3] 	 (fanout : 1)
hpin:tr_soc_top_mx/u_vpu/u_backbone/gen_tr_lanes[3].u_tr_ln/mux_msb_54_21/in_9[2] 	 (fanout : 1)
hpin:tr_soc_top_mx/u_vpu/u_backbone/gen_tr_lanes[3].u_tr_ln/mux_msb_54_21/in_9[1] 	 (fanout : 1)
hpin:tr_soc_top_mx/u_vpu/u_backbone/gen_tr_lanes[3].u_tr_ln/mux_msb_54_21/in_9[0] 	 (fanout : 1)
hpin:tr_soc_top_mx/u_vpu/u_backbone/gen_tr_lanes[3].u_tr_ln/mux_msb_54_21/in_10[3] 	 (fanout : 1)
hpin:tr_soc_top_mx/u_vpu/u_backbone/gen_tr_lanes[3].u_tr_ln/mux_msb_54_21/in_10[2] 	 (fanout : 1)
hpin:tr_soc_top_mx/u_vpu/u_backbone/gen_tr_lanes[3].u_tr_ln/mux_msb_54_21/in_10[1] 	 (fanout : 1)
hpin:tr_soc_top_mx/u_vpu/u_backbone/gen_tr_lanes[3].u_tr_ln/mux_msb_54_21/in_10[0] 	 (fanout : 1)
hpin:tr_soc_top_mx/u_vpu/u_backbone/gen_tr_lanes[3].u_tr_ln/mux_msb_54_21/in_11[3] 	 (fanout : 1)
hpin:tr_soc_top_mx/u_vpu/u_backbone/gen_tr_lanes[3].u_tr_ln/mux_msb_54_21/in_11[2] 	 (fanout : 1)
hpin:tr_soc_top_mx/u_vpu/u_backbone/gen_tr_lanes[3].u_tr_ln/mux_msb_54_21/in_11[1] 	 (fanout : 1)
hpin:tr_soc_top_mx/u_vpu/u_backbone/gen_tr_lanes[3].u_tr_ln/mux_msb_54_21/in_11[0] 	 (fanout : 1)
hpin:tr_soc_top_mx/u_vpu/u_backbone/gen_tr_lanes[3].u_tr_ln/mux_msb_54_21/in_12[3] 	 (fanout : 1)
hpin:tr_soc_top_mx/u_vpu/u_backbone/gen_tr_lanes[3].u_tr_ln/mux_msb_54_21/in_12[2] 	 (fanout : 1)
hpin:tr_soc_top_mx/u_vpu/u_backbone/gen_tr_lanes[3].u_tr_ln/mux_msb_54_21/in_12[1] 	 (fanout : 1)
hpin:tr_soc_top_mx/u_vpu/u_backbone/gen_tr_lanes[3].u_tr_ln/mux_msb_54_21/in_12[0] 	 (fanout : 1)
hpin:tr_soc_top_mx/u_vpu/u_backbone/gen_tr_lanes[3].u_tr_ln/mux_msb_54_21/in_13[3] 	 (fanout : 1)
hpin:tr_soc_top_mx/u_vpu/u_backbone/gen_tr_lanes[3].u_tr_ln/mux_msb_54_21/in_13[2] 	 (fanout : 1)
hpin:tr_soc_top_mx/u_vpu/u_backbone/gen_tr_lanes[3].u_tr_ln/mux_msb_54_21/in_13[1] 	 (fanout : 1)
hpin:tr_soc_top_mx/u_vpu/u_backbone/gen_tr_lanes[3].u_tr_ln/mux_msb_54_21/in_13[0] 	 (fanout : 1)
hpin:tr_soc_top_mx/u_vpu/u_backbone/gen_tr_lanes[3].u_tr_ln/mux_msb_54_21/in_14[3] 	 (fanout : 1)
hpin:tr_soc_top_mx/u_vpu/u_backbone/gen_tr_lanes[3].u_tr_ln/mux_msb_54_21/in_14[2] 	 (fanout : 1)
hpin:tr_soc_top_mx/u_vpu/u_backbone/gen_tr_lanes[3].u_tr_ln/mux_msb_54_21/in_14[1] 	 (fanout : 1)
hpin:tr_soc_top_mx/u_vpu/u_backbone/gen_tr_lanes[3].u_tr_ln/mux_msb_54_21/in_14[0] 	 (fanout : 1)
hpin:tr_soc_top_mx/u_vpu/u_backbone/gen_tr_lanes[3].u_tr_ln/mux_msb_54_21/in_15[3] 	 (fanout : 1)
hpin:tr_soc_top_mx/u_vpu/u_backbone/gen_tr_lanes[3].u_tr_ln/mux_msb_54_21/in_15[2] 	 (fanout : 1)
hpin:tr_soc_top_mx/u_vpu/u_backbone/gen_tr_lanes[3].u_tr_ln/mux_msb_54_21/in_15[1] 	 (fanout : 1)
hpin:tr_soc_top_mx/u_vpu/u_backbone/gen_tr_lanes[3].u_tr_ln/mux_msb_54_21/in_15[0] 	 (fanout : 1)
hpin:tr_soc_top_mx/u_vpu/u_backbone/gen_tr_lanes[3].u_tr_ln/mux_msb_54_21/in_16[3] 	 (fanout : 1)
hpin:tr_soc_top_mx/u_vpu/u_backbone/gen_tr_lanes[3].u_tr_ln/mux_msb_54_21/in_16[2] 	 (fanout : 1)
hpin:tr_soc_top_mx/u_vpu/u_backbone/gen_tr_lanes[3].u_tr_ln/mux_msb_54_21/in_16[1] 	 (fanout : 1)
hpin:tr_soc_top_mx/u_vpu/u_backbone/gen_tr_lanes[3].u_tr_ln/mux_msb_54_21/in_16[0] 	 (fanout : 1)
hpin:tr_soc_top_mx/u_vpu/u_backbone/gen_tr_lanes[3].u_tr_ln/mux_yq_full_48_16/in_1[8] 	 (fanout : 1)
hpin:tr_soc_top_mx/u_vpu/u_backbone/gen_tr_lanes[3].u_tr_ln/mux_yq_full_48_16/in_1[7] 	 (fanout : 1)
hpin:tr_soc_top_mx/u_vpu/u_backbone/gen_tr_lanes[3].u_tr_ln/mux_yq_full_48_16/in_1[6] 	 (fanout : 1)
hpin:tr_soc_top_mx/u_vpu/u_backbone/gen_tr_lanes[3].u_tr_ln/mux_yq_full_48_16/in_1[5] 	 (fanout : 1)
hpin:tr_soc_top_mx/u_vpu/u_backbone/gen_tr_lanes[3].u_tr_ln/mux_yq_full_48_16/in_1[4] 	 (fanout : 1)
hpin:tr_soc_top_mx/u_vpu/u_backbone/gen_tr_lanes[3].u_tr_ln/mux_yq_full_48_16/in_1[3] 	 (fanout : 1)
hpin:tr_soc_top_mx/u_vpu/u_backbone/gen_tr_lanes[3].u_tr_ln/mux_yq_full_48_16/in_1[2] 	 (fanout : 1)
hpin:tr_soc_top_mx/u_vpu/u_backbone/gen_tr_lanes[3].u_tr_ln/mux_yq_full_48_16/in_1[1] 	 (fanout : 1)
hpin:tr_soc_top_mx/u_vpu/u_backbone/gen_tr_lanes[3].u_tr_ln/mux_yq_full_48_16/in_1[0] 	 (fanout : 1)
hpin:tr_soc_top_mx/u_vpu/u_backbone/gen_tr_lanes[3].u_tr_ln/mux_61_31/in_1[4] 	 (fanout : 1)
hpin:tr_soc_top_mx/u_vpu/u_backbone/gen_tr_lanes[3].u_tr_ln/mux_61_31/in_1[3] 	 (fanout : 1)
hpin:tr_soc_top_mx/u_vpu/u_backbone/gen_tr_lanes[3].u_tr_ln/mux_61_31/in_1[2] 	 (fanout : 1)
hpin:tr_soc_top_mx/u_vpu/u_backbone/gen_tr_lanes[3].u_tr_ln/mux_61_31/in_1[1] 	 (fanout : 1)
hpin:tr_soc_top_mx/u_vpu/u_backbone/gen_tr_lanes[3].u_tr_ln/mux_61_31/in_1[0] 	 (fanout : 1)
hpin:tr_soc_top_mx/u_vpu/u_backbone/gen_tr_lanes[4].u_tr_ln/eq_48_16/B 	 (fanout : 1)
hpin:tr_soc_top_mx/u_vpu/u_backbone/gen_tr_lanes[4].u_tr_ln/add_68_30/A[5] 	 (fanout : 7)
hpin:tr_soc_top_mx/u_vpu/u_backbone/gen_tr_lanes[4].u_tr_ln/add_68_30/B[3] 	 (fanout : 2)
hpin:tr_soc_top_mx/u_vpu/u_backbone/gen_tr_lanes[4].u_tr_ln/add_68_30/B[2] 	 (fanout : 2)
hpin:tr_soc_top_mx/u_vpu/u_backbone/gen_tr_lanes[4].u_tr_ln/add_68_30/B[1] 	 (fanout : 2)
hpin:tr_soc_top_mx/u_vpu/u_backbone/gen_tr_lanes[4].u_tr_ln/add_68_30/B[0] 	 (fanout : 2)
hpin:tr_soc_top_mx/u_vpu/u_backbone/gen_tr_lanes[4].u_tr_ln/sub_61_45/A[3] 	 (fanout : 2)
hpin:tr_soc_top_mx/u_vpu/u_backbone/gen_tr_lanes[4].u_tr_ln/sub_61_45/A[2] 	 (fanout : 2)
hpin:tr_soc_top_mx/u_vpu/u_backbone/gen_tr_lanes[4].u_tr_ln/sub_61_45/A[1] 	 (fanout : 2)
hpin:tr_soc_top_mx/u_vpu/u_backbone/gen_tr_lanes[4].u_tr_ln/sub_61_45/A[0] 	 (fanout : 2)
hpin:tr_soc_top_mx/u_vpu/u_backbone/gen_tr_lanes[4].u_tr_ln/add0034526/B[4] 	 (fanout : 1)
hpin:tr_soc_top_mx/u_vpu/u_backbone/gen_tr_lanes[4].u_tr_ln/add0034526/B[3] 	 (fanout : 2)
hpin:tr_soc_top_mx/u_vpu/u_backbone/gen_tr_lanes[4].u_tr_ln/add0034526/B[2] 	 (fanout : 2)
hpin:tr_soc_top_mx/u_vpu/u_backbone/gen_tr_lanes[4].u_tr_ln/add0034526/B[1] 	 (fanout : 2)
hpin:tr_soc_top_mx/u_vpu/u_backbone/gen_tr_lanes[4].u_tr_ln/add0034526/B[0] 	 (fanout : 2)
hpin:tr_soc_top_mx/u_vpu/u_backbone/gen_tr_lanes[4].u_tr_ln/mux_msb_54_21/in_0[3] 	 (fanout : 1)
hpin:tr_soc_top_mx/u_vpu/u_backbone/gen_tr_lanes[4].u_tr_ln/mux_msb_54_21/in_0[2] 	 (fanout : 1)
hpin:tr_soc_top_mx/u_vpu/u_backbone/gen_tr_lanes[4].u_tr_ln/mux_msb_54_21/in_0[1] 	 (fanout : 1)
hpin:tr_soc_top_mx/u_vpu/u_backbone/gen_tr_lanes[4].u_tr_ln/mux_msb_54_21/in_0[0] 	 (fanout : 1)
hpin:tr_soc_top_mx/u_vpu/u_backbone/gen_tr_lanes[4].u_tr_ln/mux_msb_54_21/in_1[3] 	 (fanout : 1)
hpin:tr_soc_top_mx/u_vpu/u_backbone/gen_tr_lanes[4].u_tr_ln/mux_msb_54_21/in_1[2] 	 (fanout : 1)
hpin:tr_soc_top_mx/u_vpu/u_backbone/gen_tr_lanes[4].u_tr_ln/mux_msb_54_21/in_1[1] 	 (fanout : 1)
hpin:tr_soc_top_mx/u_vpu/u_backbone/gen_tr_lanes[4].u_tr_ln/mux_msb_54_21/in_1[0] 	 (fanout : 1)
hpin:tr_soc_top_mx/u_vpu/u_backbone/gen_tr_lanes[4].u_tr_ln/mux_msb_54_21/in_2[3] 	 (fanout : 1)
hpin:tr_soc_top_mx/u_vpu/u_backbone/gen_tr_lanes[4].u_tr_ln/mux_msb_54_21/in_2[2] 	 (fanout : 1)
hpin:tr_soc_top_mx/u_vpu/u_backbone/gen_tr_lanes[4].u_tr_ln/mux_msb_54_21/in_2[1] 	 (fanout : 1)
hpin:tr_soc_top_mx/u_vpu/u_backbone/gen_tr_lanes[4].u_tr_ln/mux_msb_54_21/in_2[0] 	 (fanout : 1)
hpin:tr_soc_top_mx/u_vpu/u_backbone/gen_tr_lanes[4].u_tr_ln/mux_msb_54_21/in_3[3] 	 (fanout : 1)
hpin:tr_soc_top_mx/u_vpu/u_backbone/gen_tr_lanes[4].u_tr_ln/mux_msb_54_21/in_3[2] 	 (fanout : 1)
hpin:tr_soc_top_mx/u_vpu/u_backbone/gen_tr_lanes[4].u_tr_ln/mux_msb_54_21/in_3[1] 	 (fanout : 1)
hpin:tr_soc_top_mx/u_vpu/u_backbone/gen_tr_lanes[4].u_tr_ln/mux_msb_54_21/in_3[0] 	 (fanout : 1)
hpin:tr_soc_top_mx/u_vpu/u_backbone/gen_tr_lanes[4].u_tr_ln/mux_msb_54_21/in_4[3] 	 (fanout : 1)
hpin:tr_soc_top_mx/u_vpu/u_backbone/gen_tr_lanes[4].u_tr_ln/mux_msb_54_21/in_4[2] 	 (fanout : 1)
hpin:tr_soc_top_mx/u_vpu/u_backbone/gen_tr_lanes[4].u_tr_ln/mux_msb_54_21/in_4[1] 	 (fanout : 1)
hpin:tr_soc_top_mx/u_vpu/u_backbone/gen_tr_lanes[4].u_tr_ln/mux_msb_54_21/in_4[0] 	 (fanout : 1)
hpin:tr_soc_top_mx/u_vpu/u_backbone/gen_tr_lanes[4].u_tr_ln/mux_msb_54_21/in_5[3] 	 (fanout : 1)
hpin:tr_soc_top_mx/u_vpu/u_backbone/gen_tr_lanes[4].u_tr_ln/mux_msb_54_21/in_5[2] 	 (fanout : 1)
hpin:tr_soc_top_mx/u_vpu/u_backbone/gen_tr_lanes[4].u_tr_ln/mux_msb_54_21/in_5[1] 	 (fanout : 1)
hpin:tr_soc_top_mx/u_vpu/u_backbone/gen_tr_lanes[4].u_tr_ln/mux_msb_54_21/in_5[0] 	 (fanout : 1)
hpin:tr_soc_top_mx/u_vpu/u_backbone/gen_tr_lanes[4].u_tr_ln/mux_msb_54_21/in_6[3] 	 (fanout : 1)
hpin:tr_soc_top_mx/u_vpu/u_backbone/gen_tr_lanes[4].u_tr_ln/mux_msb_54_21/in_6[2] 	 (fanout : 1)
hpin:tr_soc_top_mx/u_vpu/u_backbone/gen_tr_lanes[4].u_tr_ln/mux_msb_54_21/in_6[1] 	 (fanout : 1)
hpin:tr_soc_top_mx/u_vpu/u_backbone/gen_tr_lanes[4].u_tr_ln/mux_msb_54_21/in_6[0] 	 (fanout : 1)
hpin:tr_soc_top_mx/u_vpu/u_backbone/gen_tr_lanes[4].u_tr_ln/mux_msb_54_21/in_7[3] 	 (fanout : 1)
hpin:tr_soc_top_mx/u_vpu/u_backbone/gen_tr_lanes[4].u_tr_ln/mux_msb_54_21/in_7[2] 	 (fanout : 1)
hpin:tr_soc_top_mx/u_vpu/u_backbone/gen_tr_lanes[4].u_tr_ln/mux_msb_54_21/in_7[1] 	 (fanout : 1)
hpin:tr_soc_top_mx/u_vpu/u_backbone/gen_tr_lanes[4].u_tr_ln/mux_msb_54_21/in_7[0] 	 (fanout : 1)
hpin:tr_soc_top_mx/u_vpu/u_backbone/gen_tr_lanes[4].u_tr_ln/mux_msb_54_21/in_8[3] 	 (fanout : 1)
hpin:tr_soc_top_mx/u_vpu/u_backbone/gen_tr_lanes[4].u_tr_ln/mux_msb_54_21/in_8[2] 	 (fanout : 1)
hpin:tr_soc_top_mx/u_vpu/u_backbone/gen_tr_lanes[4].u_tr_ln/mux_msb_54_21/in_8[1] 	 (fanout : 1)
hpin:tr_soc_top_mx/u_vpu/u_backbone/gen_tr_lanes[4].u_tr_ln/mux_msb_54_21/in_8[0] 	 (fanout : 1)
hpin:tr_soc_top_mx/u_vpu/u_backbone/gen_tr_lanes[4].u_tr_ln/mux_msb_54_21/in_9[3] 	 (fanout : 1)
hpin:tr_soc_top_mx/u_vpu/u_backbone/gen_tr_lanes[4].u_tr_ln/mux_msb_54_21/in_9[2] 	 (fanout : 1)
hpin:tr_soc_top_mx/u_vpu/u_backbone/gen_tr_lanes[4].u_tr_ln/mux_msb_54_21/in_9[1] 	 (fanout : 1)
hpin:tr_soc_top_mx/u_vpu/u_backbone/gen_tr_lanes[4].u_tr_ln/mux_msb_54_21/in_9[0] 	 (fanout : 1)
hpin:tr_soc_top_mx/u_vpu/u_backbone/gen_tr_lanes[4].u_tr_ln/mux_msb_54_21/in_10[3] 	 (fanout : 1)
hpin:tr_soc_top_mx/u_vpu/u_backbone/gen_tr_lanes[4].u_tr_ln/mux_msb_54_21/in_10[2] 	 (fanout : 1)
hpin:tr_soc_top_mx/u_vpu/u_backbone/gen_tr_lanes[4].u_tr_ln/mux_msb_54_21/in_10[1] 	 (fanout : 1)
hpin:tr_soc_top_mx/u_vpu/u_backbone/gen_tr_lanes[4].u_tr_ln/mux_msb_54_21/in_10[0] 	 (fanout : 1)
hpin:tr_soc_top_mx/u_vpu/u_backbone/gen_tr_lanes[4].u_tr_ln/mux_msb_54_21/in_11[3] 	 (fanout : 1)
hpin:tr_soc_top_mx/u_vpu/u_backbone/gen_tr_lanes[4].u_tr_ln/mux_msb_54_21/in_11[2] 	 (fanout : 1)
hpin:tr_soc_top_mx/u_vpu/u_backbone/gen_tr_lanes[4].u_tr_ln/mux_msb_54_21/in_11[1] 	 (fanout : 1)
hpin:tr_soc_top_mx/u_vpu/u_backbone/gen_tr_lanes[4].u_tr_ln/mux_msb_54_21/in_11[0] 	 (fanout : 1)
hpin:tr_soc_top_mx/u_vpu/u_backbone/gen_tr_lanes[4].u_tr_ln/mux_msb_54_21/in_12[3] 	 (fanout : 1)
hpin:tr_soc_top_mx/u_vpu/u_backbone/gen_tr_lanes[4].u_tr_ln/mux_msb_54_21/in_12[2] 	 (fanout : 1)
hpin:tr_soc_top_mx/u_vpu/u_backbone/gen_tr_lanes[4].u_tr_ln/mux_msb_54_21/in_12[1] 	 (fanout : 1)
hpin:tr_soc_top_mx/u_vpu/u_backbone/gen_tr_lanes[4].u_tr_ln/mux_msb_54_21/in_12[0] 	 (fanout : 1)
hpin:tr_soc_top_mx/u_vpu/u_backbone/gen_tr_lanes[4].u_tr_ln/mux_msb_54_21/in_13[3] 	 (fanout : 1)
hpin:tr_soc_top_mx/u_vpu/u_backbone/gen_tr_lanes[4].u_tr_ln/mux_msb_54_21/in_13[2] 	 (fanout : 1)
hpin:tr_soc_top_mx/u_vpu/u_backbone/gen_tr_lanes[4].u_tr_ln/mux_msb_54_21/in_13[1] 	 (fanout : 1)
hpin:tr_soc_top_mx/u_vpu/u_backbone/gen_tr_lanes[4].u_tr_ln/mux_msb_54_21/in_13[0] 	 (fanout : 1)
hpin:tr_soc_top_mx/u_vpu/u_backbone/gen_tr_lanes[4].u_tr_ln/mux_msb_54_21/in_14[3] 	 (fanout : 1)
hpin:tr_soc_top_mx/u_vpu/u_backbone/gen_tr_lanes[4].u_tr_ln/mux_msb_54_21/in_14[2] 	 (fanout : 1)
hpin:tr_soc_top_mx/u_vpu/u_backbone/gen_tr_lanes[4].u_tr_ln/mux_msb_54_21/in_14[1] 	 (fanout : 1)
hpin:tr_soc_top_mx/u_vpu/u_backbone/gen_tr_lanes[4].u_tr_ln/mux_msb_54_21/in_14[0] 	 (fanout : 1)
hpin:tr_soc_top_mx/u_vpu/u_backbone/gen_tr_lanes[4].u_tr_ln/mux_msb_54_21/in_15[3] 	 (fanout : 1)
hpin:tr_soc_top_mx/u_vpu/u_backbone/gen_tr_lanes[4].u_tr_ln/mux_msb_54_21/in_15[2] 	 (fanout : 1)
hpin:tr_soc_top_mx/u_vpu/u_backbone/gen_tr_lanes[4].u_tr_ln/mux_msb_54_21/in_15[1] 	 (fanout : 1)
hpin:tr_soc_top_mx/u_vpu/u_backbone/gen_tr_lanes[4].u_tr_ln/mux_msb_54_21/in_15[0] 	 (fanout : 1)
hpin:tr_soc_top_mx/u_vpu/u_backbone/gen_tr_lanes[4].u_tr_ln/mux_msb_54_21/in_16[3] 	 (fanout : 1)
hpin:tr_soc_top_mx/u_vpu/u_backbone/gen_tr_lanes[4].u_tr_ln/mux_msb_54_21/in_16[2] 	 (fanout : 1)
hpin:tr_soc_top_mx/u_vpu/u_backbone/gen_tr_lanes[4].u_tr_ln/mux_msb_54_21/in_16[1] 	 (fanout : 1)
hpin:tr_soc_top_mx/u_vpu/u_backbone/gen_tr_lanes[4].u_tr_ln/mux_msb_54_21/in_16[0] 	 (fanout : 1)
hpin:tr_soc_top_mx/u_vpu/u_backbone/gen_tr_lanes[4].u_tr_ln/mux_yq_full_48_16/in_1[8] 	 (fanout : 1)
hpin:tr_soc_top_mx/u_vpu/u_backbone/gen_tr_lanes[4].u_tr_ln/mux_yq_full_48_16/in_1[7] 	 (fanout : 1)
hpin:tr_soc_top_mx/u_vpu/u_backbone/gen_tr_lanes[4].u_tr_ln/mux_yq_full_48_16/in_1[6] 	 (fanout : 1)
hpin:tr_soc_top_mx/u_vpu/u_backbone/gen_tr_lanes[4].u_tr_ln/mux_yq_full_48_16/in_1[5] 	 (fanout : 1)
hpin:tr_soc_top_mx/u_vpu/u_backbone/gen_tr_lanes[4].u_tr_ln/mux_yq_full_48_16/in_1[4] 	 (fanout : 1)
hpin:tr_soc_top_mx/u_vpu/u_backbone/gen_tr_lanes[4].u_tr_ln/mux_yq_full_48_16/in_1[3] 	 (fanout : 1)
hpin:tr_soc_top_mx/u_vpu/u_backbone/gen_tr_lanes[4].u_tr_ln/mux_yq_full_48_16/in_1[2] 	 (fanout : 1)
hpin:tr_soc_top_mx/u_vpu/u_backbone/gen_tr_lanes[4].u_tr_ln/mux_yq_full_48_16/in_1[1] 	 (fanout : 1)
hpin:tr_soc_top_mx/u_vpu/u_backbone/gen_tr_lanes[4].u_tr_ln/mux_yq_full_48_16/in_1[0] 	 (fanout : 1)
hpin:tr_soc_top_mx/u_vpu/u_backbone/gen_tr_lanes[4].u_tr_ln/mux_61_31/in_1[4] 	 (fanout : 1)
hpin:tr_soc_top_mx/u_vpu/u_backbone/gen_tr_lanes[4].u_tr_ln/mux_61_31/in_1[3] 	 (fanout : 1)
hpin:tr_soc_top_mx/u_vpu/u_backbone/gen_tr_lanes[4].u_tr_ln/mux_61_31/in_1[2] 	 (fanout : 1)
hpin:tr_soc_top_mx/u_vpu/u_backbone/gen_tr_lanes[4].u_tr_ln/mux_61_31/in_1[1] 	 (fanout : 1)
hpin:tr_soc_top_mx/u_vpu/u_backbone/gen_tr_lanes[4].u_tr_ln/mux_61_31/in_1[0] 	 (fanout : 1)
hpin:tr_soc_top_mx/u_vpu/u_backbone/gen_tr_lanes[5].u_tr_ln/eq_48_16/B 	 (fanout : 1)
hpin:tr_soc_top_mx/u_vpu/u_backbone/gen_tr_lanes[5].u_tr_ln/add_68_30/A[5] 	 (fanout : 7)
hpin:tr_soc_top_mx/u_vpu/u_backbone/gen_tr_lanes[5].u_tr_ln/add_68_30/B[3] 	 (fanout : 2)
hpin:tr_soc_top_mx/u_vpu/u_backbone/gen_tr_lanes[5].u_tr_ln/add_68_30/B[2] 	 (fanout : 2)
hpin:tr_soc_top_mx/u_vpu/u_backbone/gen_tr_lanes[5].u_tr_ln/add_68_30/B[1] 	 (fanout : 2)
hpin:tr_soc_top_mx/u_vpu/u_backbone/gen_tr_lanes[5].u_tr_ln/add_68_30/B[0] 	 (fanout : 2)
hpin:tr_soc_top_mx/u_vpu/u_backbone/gen_tr_lanes[5].u_tr_ln/sub_61_45/A[3] 	 (fanout : 2)
hpin:tr_soc_top_mx/u_vpu/u_backbone/gen_tr_lanes[5].u_tr_ln/sub_61_45/A[2] 	 (fanout : 2)
hpin:tr_soc_top_mx/u_vpu/u_backbone/gen_tr_lanes[5].u_tr_ln/sub_61_45/A[1] 	 (fanout : 2)
hpin:tr_soc_top_mx/u_vpu/u_backbone/gen_tr_lanes[5].u_tr_ln/sub_61_45/A[0] 	 (fanout : 2)
hpin:tr_soc_top_mx/u_vpu/u_backbone/gen_tr_lanes[5].u_tr_ln/add0034526/B[4] 	 (fanout : 1)
hpin:tr_soc_top_mx/u_vpu/u_backbone/gen_tr_lanes[5].u_tr_ln/add0034526/B[3] 	 (fanout : 2)
hpin:tr_soc_top_mx/u_vpu/u_backbone/gen_tr_lanes[5].u_tr_ln/add0034526/B[2] 	 (fanout : 2)
hpin:tr_soc_top_mx/u_vpu/u_backbone/gen_tr_lanes[5].u_tr_ln/add0034526/B[1] 	 (fanout : 2)
hpin:tr_soc_top_mx/u_vpu/u_backbone/gen_tr_lanes[5].u_tr_ln/add0034526/B[0] 	 (fanout : 2)
hpin:tr_soc_top_mx/u_vpu/u_backbone/gen_tr_lanes[5].u_tr_ln/mux_msb_54_21/in_0[3] 	 (fanout : 1)
hpin:tr_soc_top_mx/u_vpu/u_backbone/gen_tr_lanes[5].u_tr_ln/mux_msb_54_21/in_0[2] 	 (fanout : 1)
hpin:tr_soc_top_mx/u_vpu/u_backbone/gen_tr_lanes[5].u_tr_ln/mux_msb_54_21/in_0[1] 	 (fanout : 1)
hpin:tr_soc_top_mx/u_vpu/u_backbone/gen_tr_lanes[5].u_tr_ln/mux_msb_54_21/in_0[0] 	 (fanout : 1)
hpin:tr_soc_top_mx/u_vpu/u_backbone/gen_tr_lanes[5].u_tr_ln/mux_msb_54_21/in_1[3] 	 (fanout : 1)
hpin:tr_soc_top_mx/u_vpu/u_backbone/gen_tr_lanes[5].u_tr_ln/mux_msb_54_21/in_1[2] 	 (fanout : 1)
hpin:tr_soc_top_mx/u_vpu/u_backbone/gen_tr_lanes[5].u_tr_ln/mux_msb_54_21/in_1[1] 	 (fanout : 1)
hpin:tr_soc_top_mx/u_vpu/u_backbone/gen_tr_lanes[5].u_tr_ln/mux_msb_54_21/in_1[0] 	 (fanout : 1)
hpin:tr_soc_top_mx/u_vpu/u_backbone/gen_tr_lanes[5].u_tr_ln/mux_msb_54_21/in_2[3] 	 (fanout : 1)
hpin:tr_soc_top_mx/u_vpu/u_backbone/gen_tr_lanes[5].u_tr_ln/mux_msb_54_21/in_2[2] 	 (fanout : 1)
hpin:tr_soc_top_mx/u_vpu/u_backbone/gen_tr_lanes[5].u_tr_ln/mux_msb_54_21/in_2[1] 	 (fanout : 1)
hpin:tr_soc_top_mx/u_vpu/u_backbone/gen_tr_lanes[5].u_tr_ln/mux_msb_54_21/in_2[0] 	 (fanout : 1)
hpin:tr_soc_top_mx/u_vpu/u_backbone/gen_tr_lanes[5].u_tr_ln/mux_msb_54_21/in_3[3] 	 (fanout : 1)
hpin:tr_soc_top_mx/u_vpu/u_backbone/gen_tr_lanes[5].u_tr_ln/mux_msb_54_21/in_3[2] 	 (fanout : 1)
hpin:tr_soc_top_mx/u_vpu/u_backbone/gen_tr_lanes[5].u_tr_ln/mux_msb_54_21/in_3[1] 	 (fanout : 1)
hpin:tr_soc_top_mx/u_vpu/u_backbone/gen_tr_lanes[5].u_tr_ln/mux_msb_54_21/in_3[0] 	 (fanout : 1)
hpin:tr_soc_top_mx/u_vpu/u_backbone/gen_tr_lanes[5].u_tr_ln/mux_msb_54_21/in_4[3] 	 (fanout : 1)
hpin:tr_soc_top_mx/u_vpu/u_backbone/gen_tr_lanes[5].u_tr_ln/mux_msb_54_21/in_4[2] 	 (fanout : 1)
hpin:tr_soc_top_mx/u_vpu/u_backbone/gen_tr_lanes[5].u_tr_ln/mux_msb_54_21/in_4[1] 	 (fanout : 1)
hpin:tr_soc_top_mx/u_vpu/u_backbone/gen_tr_lanes[5].u_tr_ln/mux_msb_54_21/in_4[0] 	 (fanout : 1)
hpin:tr_soc_top_mx/u_vpu/u_backbone/gen_tr_lanes[5].u_tr_ln/mux_msb_54_21/in_5[3] 	 (fanout : 1)
hpin:tr_soc_top_mx/u_vpu/u_backbone/gen_tr_lanes[5].u_tr_ln/mux_msb_54_21/in_5[2] 	 (fanout : 1)
hpin:tr_soc_top_mx/u_vpu/u_backbone/gen_tr_lanes[5].u_tr_ln/mux_msb_54_21/in_5[1] 	 (fanout : 1)
hpin:tr_soc_top_mx/u_vpu/u_backbone/gen_tr_lanes[5].u_tr_ln/mux_msb_54_21/in_5[0] 	 (fanout : 1)
hpin:tr_soc_top_mx/u_vpu/u_backbone/gen_tr_lanes[5].u_tr_ln/mux_msb_54_21/in_6[3] 	 (fanout : 1)
hpin:tr_soc_top_mx/u_vpu/u_backbone/gen_tr_lanes[5].u_tr_ln/mux_msb_54_21/in_6[2] 	 (fanout : 1)
hpin:tr_soc_top_mx/u_vpu/u_backbone/gen_tr_lanes[5].u_tr_ln/mux_msb_54_21/in_6[1] 	 (fanout : 1)
hpin:tr_soc_top_mx/u_vpu/u_backbone/gen_tr_lanes[5].u_tr_ln/mux_msb_54_21/in_6[0] 	 (fanout : 1)
hpin:tr_soc_top_mx/u_vpu/u_backbone/gen_tr_lanes[5].u_tr_ln/mux_msb_54_21/in_7[3] 	 (fanout : 1)
hpin:tr_soc_top_mx/u_vpu/u_backbone/gen_tr_lanes[5].u_tr_ln/mux_msb_54_21/in_7[2] 	 (fanout : 1)
hpin:tr_soc_top_mx/u_vpu/u_backbone/gen_tr_lanes[5].u_tr_ln/mux_msb_54_21/in_7[1] 	 (fanout : 1)
hpin:tr_soc_top_mx/u_vpu/u_backbone/gen_tr_lanes[5].u_tr_ln/mux_msb_54_21/in_7[0] 	 (fanout : 1)
hpin:tr_soc_top_mx/u_vpu/u_backbone/gen_tr_lanes[5].u_tr_ln/mux_msb_54_21/in_8[3] 	 (fanout : 1)
hpin:tr_soc_top_mx/u_vpu/u_backbone/gen_tr_lanes[5].u_tr_ln/mux_msb_54_21/in_8[2] 	 (fanout : 1)
hpin:tr_soc_top_mx/u_vpu/u_backbone/gen_tr_lanes[5].u_tr_ln/mux_msb_54_21/in_8[1] 	 (fanout : 1)
hpin:tr_soc_top_mx/u_vpu/u_backbone/gen_tr_lanes[5].u_tr_ln/mux_msb_54_21/in_8[0] 	 (fanout : 1)
hpin:tr_soc_top_mx/u_vpu/u_backbone/gen_tr_lanes[5].u_tr_ln/mux_msb_54_21/in_9[3] 	 (fanout : 1)
hpin:tr_soc_top_mx/u_vpu/u_backbone/gen_tr_lanes[5].u_tr_ln/mux_msb_54_21/in_9[2] 	 (fanout : 1)
hpin:tr_soc_top_mx/u_vpu/u_backbone/gen_tr_lanes[5].u_tr_ln/mux_msb_54_21/in_9[1] 	 (fanout : 1)
hpin:tr_soc_top_mx/u_vpu/u_backbone/gen_tr_lanes[5].u_tr_ln/mux_msb_54_21/in_9[0] 	 (fanout : 1)
hpin:tr_soc_top_mx/u_vpu/u_backbone/gen_tr_lanes[5].u_tr_ln/mux_msb_54_21/in_10[3] 	 (fanout : 1)
hpin:tr_soc_top_mx/u_vpu/u_backbone/gen_tr_lanes[5].u_tr_ln/mux_msb_54_21/in_10[2] 	 (fanout : 1)
hpin:tr_soc_top_mx/u_vpu/u_backbone/gen_tr_lanes[5].u_tr_ln/mux_msb_54_21/in_10[1] 	 (fanout : 1)
hpin:tr_soc_top_mx/u_vpu/u_backbone/gen_tr_lanes[5].u_tr_ln/mux_msb_54_21/in_10[0] 	 (fanout : 1)
hpin:tr_soc_top_mx/u_vpu/u_backbone/gen_tr_lanes[5].u_tr_ln/mux_msb_54_21/in_11[3] 	 (fanout : 1)
hpin:tr_soc_top_mx/u_vpu/u_backbone/gen_tr_lanes[5].u_tr_ln/mux_msb_54_21/in_11[2] 	 (fanout : 1)
hpin:tr_soc_top_mx/u_vpu/u_backbone/gen_tr_lanes[5].u_tr_ln/mux_msb_54_21/in_11[1] 	 (fanout : 1)
hpin:tr_soc_top_mx/u_vpu/u_backbone/gen_tr_lanes[5].u_tr_ln/mux_msb_54_21/in_11[0] 	 (fanout : 1)
hpin:tr_soc_top_mx/u_vpu/u_backbone/gen_tr_lanes[5].u_tr_ln/mux_msb_54_21/in_12[3] 	 (fanout : 1)
hpin:tr_soc_top_mx/u_vpu/u_backbone/gen_tr_lanes[5].u_tr_ln/mux_msb_54_21/in_12[2] 	 (fanout : 1)
hpin:tr_soc_top_mx/u_vpu/u_backbone/gen_tr_lanes[5].u_tr_ln/mux_msb_54_21/in_12[1] 	 (fanout : 1)
hpin:tr_soc_top_mx/u_vpu/u_backbone/gen_tr_lanes[5].u_tr_ln/mux_msb_54_21/in_12[0] 	 (fanout : 1)
hpin:tr_soc_top_mx/u_vpu/u_backbone/gen_tr_lanes[5].u_tr_ln/mux_msb_54_21/in_13[3] 	 (fanout : 1)
hpin:tr_soc_top_mx/u_vpu/u_backbone/gen_tr_lanes[5].u_tr_ln/mux_msb_54_21/in_13[2] 	 (fanout : 1)
hpin:tr_soc_top_mx/u_vpu/u_backbone/gen_tr_lanes[5].u_tr_ln/mux_msb_54_21/in_13[1] 	 (fanout : 1)
hpin:tr_soc_top_mx/u_vpu/u_backbone/gen_tr_lanes[5].u_tr_ln/mux_msb_54_21/in_13[0] 	 (fanout : 1)
hpin:tr_soc_top_mx/u_vpu/u_backbone/gen_tr_lanes[5].u_tr_ln/mux_msb_54_21/in_14[3] 	 (fanout : 1)
hpin:tr_soc_top_mx/u_vpu/u_backbone/gen_tr_lanes[5].u_tr_ln/mux_msb_54_21/in_14[2] 	 (fanout : 1)
hpin:tr_soc_top_mx/u_vpu/u_backbone/gen_tr_lanes[5].u_tr_ln/mux_msb_54_21/in_14[1] 	 (fanout : 1)
hpin:tr_soc_top_mx/u_vpu/u_backbone/gen_tr_lanes[5].u_tr_ln/mux_msb_54_21/in_14[0] 	 (fanout : 1)
hpin:tr_soc_top_mx/u_vpu/u_backbone/gen_tr_lanes[5].u_tr_ln/mux_msb_54_21/in_15[3] 	 (fanout : 1)
hpin:tr_soc_top_mx/u_vpu/u_backbone/gen_tr_lanes[5].u_tr_ln/mux_msb_54_21/in_15[2] 	 (fanout : 1)
hpin:tr_soc_top_mx/u_vpu/u_backbone/gen_tr_lanes[5].u_tr_ln/mux_msb_54_21/in_15[1] 	 (fanout : 1)
hpin:tr_soc_top_mx/u_vpu/u_backbone/gen_tr_lanes[5].u_tr_ln/mux_msb_54_21/in_15[0] 	 (fanout : 1)
hpin:tr_soc_top_mx/u_vpu/u_backbone/gen_tr_lanes[5].u_tr_ln/mux_msb_54_21/in_16[3] 	 (fanout : 1)
hpin:tr_soc_top_mx/u_vpu/u_backbone/gen_tr_lanes[5].u_tr_ln/mux_msb_54_21/in_16[2] 	 (fanout : 1)
hpin:tr_soc_top_mx/u_vpu/u_backbone/gen_tr_lanes[5].u_tr_ln/mux_msb_54_21/in_16[1] 	 (fanout : 1)
hpin:tr_soc_top_mx/u_vpu/u_backbone/gen_tr_lanes[5].u_tr_ln/mux_msb_54_21/in_16[0] 	 (fanout : 1)
hpin:tr_soc_top_mx/u_vpu/u_backbone/gen_tr_lanes[5].u_tr_ln/mux_yq_full_48_16/in_1[8] 	 (fanout : 1)
hpin:tr_soc_top_mx/u_vpu/u_backbone/gen_tr_lanes[5].u_tr_ln/mux_yq_full_48_16/in_1[7] 	 (fanout : 1)
hpin:tr_soc_top_mx/u_vpu/u_backbone/gen_tr_lanes[5].u_tr_ln/mux_yq_full_48_16/in_1[6] 	 (fanout : 1)
hpin:tr_soc_top_mx/u_vpu/u_backbone/gen_tr_lanes[5].u_tr_ln/mux_yq_full_48_16/in_1[5] 	 (fanout : 1)
hpin:tr_soc_top_mx/u_vpu/u_backbone/gen_tr_lanes[5].u_tr_ln/mux_yq_full_48_16/in_1[4] 	 (fanout : 1)
hpin:tr_soc_top_mx/u_vpu/u_backbone/gen_tr_lanes[5].u_tr_ln/mux_yq_full_48_16/in_1[3] 	 (fanout : 1)
hpin:tr_soc_top_mx/u_vpu/u_backbone/gen_tr_lanes[5].u_tr_ln/mux_yq_full_48_16/in_1[2] 	 (fanout : 1)
hpin:tr_soc_top_mx/u_vpu/u_backbone/gen_tr_lanes[5].u_tr_ln/mux_yq_full_48_16/in_1[1] 	 (fanout : 1)
hpin:tr_soc_top_mx/u_vpu/u_backbone/gen_tr_lanes[5].u_tr_ln/mux_yq_full_48_16/in_1[0] 	 (fanout : 1)
hpin:tr_soc_top_mx/u_vpu/u_backbone/gen_tr_lanes[5].u_tr_ln/mux_61_31/in_1[4] 	 (fanout : 1)
hpin:tr_soc_top_mx/u_vpu/u_backbone/gen_tr_lanes[5].u_tr_ln/mux_61_31/in_1[3] 	 (fanout : 1)
hpin:tr_soc_top_mx/u_vpu/u_backbone/gen_tr_lanes[5].u_tr_ln/mux_61_31/in_1[2] 	 (fanout : 1)
hpin:tr_soc_top_mx/u_vpu/u_backbone/gen_tr_lanes[5].u_tr_ln/mux_61_31/in_1[1] 	 (fanout : 1)
hpin:tr_soc_top_mx/u_vpu/u_backbone/gen_tr_lanes[5].u_tr_ln/mux_61_31/in_1[0] 	 (fanout : 1)
hpin:tr_soc_top_mx/u_vpu/u_backbone/gen_tr_lanes[6].u_tr_ln/eq_48_16/B 	 (fanout : 1)
hpin:tr_soc_top_mx/u_vpu/u_backbone/gen_tr_lanes[6].u_tr_ln/add_68_30/A[5] 	 (fanout : 7)
hpin:tr_soc_top_mx/u_vpu/u_backbone/gen_tr_lanes[6].u_tr_ln/add_68_30/B[3] 	 (fanout : 2)
hpin:tr_soc_top_mx/u_vpu/u_backbone/gen_tr_lanes[6].u_tr_ln/add_68_30/B[2] 	 (fanout : 2)
hpin:tr_soc_top_mx/u_vpu/u_backbone/gen_tr_lanes[6].u_tr_ln/add_68_30/B[1] 	 (fanout : 2)
hpin:tr_soc_top_mx/u_vpu/u_backbone/gen_tr_lanes[6].u_tr_ln/add_68_30/B[0] 	 (fanout : 2)
hpin:tr_soc_top_mx/u_vpu/u_backbone/gen_tr_lanes[6].u_tr_ln/sub_61_45/A[3] 	 (fanout : 2)
hpin:tr_soc_top_mx/u_vpu/u_backbone/gen_tr_lanes[6].u_tr_ln/sub_61_45/A[2] 	 (fanout : 2)
hpin:tr_soc_top_mx/u_vpu/u_backbone/gen_tr_lanes[6].u_tr_ln/sub_61_45/A[1] 	 (fanout : 2)
hpin:tr_soc_top_mx/u_vpu/u_backbone/gen_tr_lanes[6].u_tr_ln/sub_61_45/A[0] 	 (fanout : 2)
hpin:tr_soc_top_mx/u_vpu/u_backbone/gen_tr_lanes[6].u_tr_ln/add0034526/B[4] 	 (fanout : 1)
hpin:tr_soc_top_mx/u_vpu/u_backbone/gen_tr_lanes[6].u_tr_ln/add0034526/B[3] 	 (fanout : 2)
hpin:tr_soc_top_mx/u_vpu/u_backbone/gen_tr_lanes[6].u_tr_ln/add0034526/B[2] 	 (fanout : 2)
hpin:tr_soc_top_mx/u_vpu/u_backbone/gen_tr_lanes[6].u_tr_ln/add0034526/B[1] 	 (fanout : 2)
hpin:tr_soc_top_mx/u_vpu/u_backbone/gen_tr_lanes[6].u_tr_ln/add0034526/B[0] 	 (fanout : 2)
hpin:tr_soc_top_mx/u_vpu/u_backbone/gen_tr_lanes[6].u_tr_ln/mux_msb_54_21/in_0[3] 	 (fanout : 1)
hpin:tr_soc_top_mx/u_vpu/u_backbone/gen_tr_lanes[6].u_tr_ln/mux_msb_54_21/in_0[2] 	 (fanout : 1)
hpin:tr_soc_top_mx/u_vpu/u_backbone/gen_tr_lanes[6].u_tr_ln/mux_msb_54_21/in_0[1] 	 (fanout : 1)
hpin:tr_soc_top_mx/u_vpu/u_backbone/gen_tr_lanes[6].u_tr_ln/mux_msb_54_21/in_0[0] 	 (fanout : 1)
hpin:tr_soc_top_mx/u_vpu/u_backbone/gen_tr_lanes[6].u_tr_ln/mux_msb_54_21/in_1[3] 	 (fanout : 1)
hpin:tr_soc_top_mx/u_vpu/u_backbone/gen_tr_lanes[6].u_tr_ln/mux_msb_54_21/in_1[2] 	 (fanout : 1)
hpin:tr_soc_top_mx/u_vpu/u_backbone/gen_tr_lanes[6].u_tr_ln/mux_msb_54_21/in_1[1] 	 (fanout : 1)
hpin:tr_soc_top_mx/u_vpu/u_backbone/gen_tr_lanes[6].u_tr_ln/mux_msb_54_21/in_1[0] 	 (fanout : 1)
hpin:tr_soc_top_mx/u_vpu/u_backbone/gen_tr_lanes[6].u_tr_ln/mux_msb_54_21/in_2[3] 	 (fanout : 1)
hpin:tr_soc_top_mx/u_vpu/u_backbone/gen_tr_lanes[6].u_tr_ln/mux_msb_54_21/in_2[2] 	 (fanout : 1)
hpin:tr_soc_top_mx/u_vpu/u_backbone/gen_tr_lanes[6].u_tr_ln/mux_msb_54_21/in_2[1] 	 (fanout : 1)
hpin:tr_soc_top_mx/u_vpu/u_backbone/gen_tr_lanes[6].u_tr_ln/mux_msb_54_21/in_2[0] 	 (fanout : 1)
hpin:tr_soc_top_mx/u_vpu/u_backbone/gen_tr_lanes[6].u_tr_ln/mux_msb_54_21/in_3[3] 	 (fanout : 1)
hpin:tr_soc_top_mx/u_vpu/u_backbone/gen_tr_lanes[6].u_tr_ln/mux_msb_54_21/in_3[2] 	 (fanout : 1)
hpin:tr_soc_top_mx/u_vpu/u_backbone/gen_tr_lanes[6].u_tr_ln/mux_msb_54_21/in_3[1] 	 (fanout : 1)
hpin:tr_soc_top_mx/u_vpu/u_backbone/gen_tr_lanes[6].u_tr_ln/mux_msb_54_21/in_3[0] 	 (fanout : 1)
hpin:tr_soc_top_mx/u_vpu/u_backbone/gen_tr_lanes[6].u_tr_ln/mux_msb_54_21/in_4[3] 	 (fanout : 1)
hpin:tr_soc_top_mx/u_vpu/u_backbone/gen_tr_lanes[6].u_tr_ln/mux_msb_54_21/in_4[2] 	 (fanout : 1)
hpin:tr_soc_top_mx/u_vpu/u_backbone/gen_tr_lanes[6].u_tr_ln/mux_msb_54_21/in_4[1] 	 (fanout : 1)
hpin:tr_soc_top_mx/u_vpu/u_backbone/gen_tr_lanes[6].u_tr_ln/mux_msb_54_21/in_4[0] 	 (fanout : 1)
hpin:tr_soc_top_mx/u_vpu/u_backbone/gen_tr_lanes[6].u_tr_ln/mux_msb_54_21/in_5[3] 	 (fanout : 1)
hpin:tr_soc_top_mx/u_vpu/u_backbone/gen_tr_lanes[6].u_tr_ln/mux_msb_54_21/in_5[2] 	 (fanout : 1)
hpin:tr_soc_top_mx/u_vpu/u_backbone/gen_tr_lanes[6].u_tr_ln/mux_msb_54_21/in_5[1] 	 (fanout : 1)
hpin:tr_soc_top_mx/u_vpu/u_backbone/gen_tr_lanes[6].u_tr_ln/mux_msb_54_21/in_5[0] 	 (fanout : 1)
hpin:tr_soc_top_mx/u_vpu/u_backbone/gen_tr_lanes[6].u_tr_ln/mux_msb_54_21/in_6[3] 	 (fanout : 1)
hpin:tr_soc_top_mx/u_vpu/u_backbone/gen_tr_lanes[6].u_tr_ln/mux_msb_54_21/in_6[2] 	 (fanout : 1)
hpin:tr_soc_top_mx/u_vpu/u_backbone/gen_tr_lanes[6].u_tr_ln/mux_msb_54_21/in_6[1] 	 (fanout : 1)
hpin:tr_soc_top_mx/u_vpu/u_backbone/gen_tr_lanes[6].u_tr_ln/mux_msb_54_21/in_6[0] 	 (fanout : 1)
hpin:tr_soc_top_mx/u_vpu/u_backbone/gen_tr_lanes[6].u_tr_ln/mux_msb_54_21/in_7[3] 	 (fanout : 1)
hpin:tr_soc_top_mx/u_vpu/u_backbone/gen_tr_lanes[6].u_tr_ln/mux_msb_54_21/in_7[2] 	 (fanout : 1)
hpin:tr_soc_top_mx/u_vpu/u_backbone/gen_tr_lanes[6].u_tr_ln/mux_msb_54_21/in_7[1] 	 (fanout : 1)
hpin:tr_soc_top_mx/u_vpu/u_backbone/gen_tr_lanes[6].u_tr_ln/mux_msb_54_21/in_7[0] 	 (fanout : 1)
hpin:tr_soc_top_mx/u_vpu/u_backbone/gen_tr_lanes[6].u_tr_ln/mux_msb_54_21/in_8[3] 	 (fanout : 1)
hpin:tr_soc_top_mx/u_vpu/u_backbone/gen_tr_lanes[6].u_tr_ln/mux_msb_54_21/in_8[2] 	 (fanout : 1)
hpin:tr_soc_top_mx/u_vpu/u_backbone/gen_tr_lanes[6].u_tr_ln/mux_msb_54_21/in_8[1] 	 (fanout : 1)
hpin:tr_soc_top_mx/u_vpu/u_backbone/gen_tr_lanes[6].u_tr_ln/mux_msb_54_21/in_8[0] 	 (fanout : 1)
hpin:tr_soc_top_mx/u_vpu/u_backbone/gen_tr_lanes[6].u_tr_ln/mux_msb_54_21/in_9[3] 	 (fanout : 1)
hpin:tr_soc_top_mx/u_vpu/u_backbone/gen_tr_lanes[6].u_tr_ln/mux_msb_54_21/in_9[2] 	 (fanout : 1)
hpin:tr_soc_top_mx/u_vpu/u_backbone/gen_tr_lanes[6].u_tr_ln/mux_msb_54_21/in_9[1] 	 (fanout : 1)
hpin:tr_soc_top_mx/u_vpu/u_backbone/gen_tr_lanes[6].u_tr_ln/mux_msb_54_21/in_9[0] 	 (fanout : 1)
hpin:tr_soc_top_mx/u_vpu/u_backbone/gen_tr_lanes[6].u_tr_ln/mux_msb_54_21/in_10[3] 	 (fanout : 1)
hpin:tr_soc_top_mx/u_vpu/u_backbone/gen_tr_lanes[6].u_tr_ln/mux_msb_54_21/in_10[2] 	 (fanout : 1)
hpin:tr_soc_top_mx/u_vpu/u_backbone/gen_tr_lanes[6].u_tr_ln/mux_msb_54_21/in_10[1] 	 (fanout : 1)
hpin:tr_soc_top_mx/u_vpu/u_backbone/gen_tr_lanes[6].u_tr_ln/mux_msb_54_21/in_10[0] 	 (fanout : 1)
hpin:tr_soc_top_mx/u_vpu/u_backbone/gen_tr_lanes[6].u_tr_ln/mux_msb_54_21/in_11[3] 	 (fanout : 1)
hpin:tr_soc_top_mx/u_vpu/u_backbone/gen_tr_lanes[6].u_tr_ln/mux_msb_54_21/in_11[2] 	 (fanout : 1)
hpin:tr_soc_top_mx/u_vpu/u_backbone/gen_tr_lanes[6].u_tr_ln/mux_msb_54_21/in_11[1] 	 (fanout : 1)
hpin:tr_soc_top_mx/u_vpu/u_backbone/gen_tr_lanes[6].u_tr_ln/mux_msb_54_21/in_11[0] 	 (fanout : 1)
hpin:tr_soc_top_mx/u_vpu/u_backbone/gen_tr_lanes[6].u_tr_ln/mux_msb_54_21/in_12[3] 	 (fanout : 1)
hpin:tr_soc_top_mx/u_vpu/u_backbone/gen_tr_lanes[6].u_tr_ln/mux_msb_54_21/in_12[2] 	 (fanout : 1)
hpin:tr_soc_top_mx/u_vpu/u_backbone/gen_tr_lanes[6].u_tr_ln/mux_msb_54_21/in_12[1] 	 (fanout : 1)
hpin:tr_soc_top_mx/u_vpu/u_backbone/gen_tr_lanes[6].u_tr_ln/mux_msb_54_21/in_12[0] 	 (fanout : 1)
hpin:tr_soc_top_mx/u_vpu/u_backbone/gen_tr_lanes[6].u_tr_ln/mux_msb_54_21/in_13[3] 	 (fanout : 1)
hpin:tr_soc_top_mx/u_vpu/u_backbone/gen_tr_lanes[6].u_tr_ln/mux_msb_54_21/in_13[2] 	 (fanout : 1)
hpin:tr_soc_top_mx/u_vpu/u_backbone/gen_tr_lanes[6].u_tr_ln/mux_msb_54_21/in_13[1] 	 (fanout : 1)
hpin:tr_soc_top_mx/u_vpu/u_backbone/gen_tr_lanes[6].u_tr_ln/mux_msb_54_21/in_13[0] 	 (fanout : 1)
hpin:tr_soc_top_mx/u_vpu/u_backbone/gen_tr_lanes[6].u_tr_ln/mux_msb_54_21/in_14[3] 	 (fanout : 1)
hpin:tr_soc_top_mx/u_vpu/u_backbone/gen_tr_lanes[6].u_tr_ln/mux_msb_54_21/in_14[2] 	 (fanout : 1)
hpin:tr_soc_top_mx/u_vpu/u_backbone/gen_tr_lanes[6].u_tr_ln/mux_msb_54_21/in_14[1] 	 (fanout : 1)
hpin:tr_soc_top_mx/u_vpu/u_backbone/gen_tr_lanes[6].u_tr_ln/mux_msb_54_21/in_14[0] 	 (fanout : 1)
hpin:tr_soc_top_mx/u_vpu/u_backbone/gen_tr_lanes[6].u_tr_ln/mux_msb_54_21/in_15[3] 	 (fanout : 1)
hpin:tr_soc_top_mx/u_vpu/u_backbone/gen_tr_lanes[6].u_tr_ln/mux_msb_54_21/in_15[2] 	 (fanout : 1)
hpin:tr_soc_top_mx/u_vpu/u_backbone/gen_tr_lanes[6].u_tr_ln/mux_msb_54_21/in_15[1] 	 (fanout : 1)
hpin:tr_soc_top_mx/u_vpu/u_backbone/gen_tr_lanes[6].u_tr_ln/mux_msb_54_21/in_15[0] 	 (fanout : 1)
hpin:tr_soc_top_mx/u_vpu/u_backbone/gen_tr_lanes[6].u_tr_ln/mux_msb_54_21/in_16[3] 	 (fanout : 1)
hpin:tr_soc_top_mx/u_vpu/u_backbone/gen_tr_lanes[6].u_tr_ln/mux_msb_54_21/in_16[2] 	 (fanout : 1)
hpin:tr_soc_top_mx/u_vpu/u_backbone/gen_tr_lanes[6].u_tr_ln/mux_msb_54_21/in_16[1] 	 (fanout : 1)
hpin:tr_soc_top_mx/u_vpu/u_backbone/gen_tr_lanes[6].u_tr_ln/mux_msb_54_21/in_16[0] 	 (fanout : 1)
hpin:tr_soc_top_mx/u_vpu/u_backbone/gen_tr_lanes[6].u_tr_ln/mux_yq_full_48_16/in_1[8] 	 (fanout : 1)
hpin:tr_soc_top_mx/u_vpu/u_backbone/gen_tr_lanes[6].u_tr_ln/mux_yq_full_48_16/in_1[7] 	 (fanout : 1)
hpin:tr_soc_top_mx/u_vpu/u_backbone/gen_tr_lanes[6].u_tr_ln/mux_yq_full_48_16/in_1[6] 	 (fanout : 1)
hpin:tr_soc_top_mx/u_vpu/u_backbone/gen_tr_lanes[6].u_tr_ln/mux_yq_full_48_16/in_1[5] 	 (fanout : 1)
hpin:tr_soc_top_mx/u_vpu/u_backbone/gen_tr_lanes[6].u_tr_ln/mux_yq_full_48_16/in_1[4] 	 (fanout : 1)
hpin:tr_soc_top_mx/u_vpu/u_backbone/gen_tr_lanes[6].u_tr_ln/mux_yq_full_48_16/in_1[3] 	 (fanout : 1)
hpin:tr_soc_top_mx/u_vpu/u_backbone/gen_tr_lanes[6].u_tr_ln/mux_yq_full_48_16/in_1[2] 	 (fanout : 1)
hpin:tr_soc_top_mx/u_vpu/u_backbone/gen_tr_lanes[6].u_tr_ln/mux_yq_full_48_16/in_1[1] 	 (fanout : 1)
hpin:tr_soc_top_mx/u_vpu/u_backbone/gen_tr_lanes[6].u_tr_ln/mux_yq_full_48_16/in_1[0] 	 (fanout : 1)
hpin:tr_soc_top_mx/u_vpu/u_backbone/gen_tr_lanes[6].u_tr_ln/mux_61_31/in_1[4] 	 (fanout : 1)
hpin:tr_soc_top_mx/u_vpu/u_backbone/gen_tr_lanes[6].u_tr_ln/mux_61_31/in_1[3] 	 (fanout : 1)
hpin:tr_soc_top_mx/u_vpu/u_backbone/gen_tr_lanes[6].u_tr_ln/mux_61_31/in_1[2] 	 (fanout : 1)
hpin:tr_soc_top_mx/u_vpu/u_backbone/gen_tr_lanes[6].u_tr_ln/mux_61_31/in_1[1] 	 (fanout : 1)
hpin:tr_soc_top_mx/u_vpu/u_backbone/gen_tr_lanes[6].u_tr_ln/mux_61_31/in_1[0] 	 (fanout : 1)
hpin:tr_soc_top_mx/u_vpu/u_backbone/gen_tr_lanes[7].u_tr_ln/eq_48_16/B 	 (fanout : 1)
hpin:tr_soc_top_mx/u_vpu/u_backbone/gen_tr_lanes[7].u_tr_ln/add_68_30/A[5] 	 (fanout : 7)
hpin:tr_soc_top_mx/u_vpu/u_backbone/gen_tr_lanes[7].u_tr_ln/add_68_30/B[3] 	 (fanout : 2)
hpin:tr_soc_top_mx/u_vpu/u_backbone/gen_tr_lanes[7].u_tr_ln/add_68_30/B[2] 	 (fanout : 2)
hpin:tr_soc_top_mx/u_vpu/u_backbone/gen_tr_lanes[7].u_tr_ln/add_68_30/B[1] 	 (fanout : 2)
hpin:tr_soc_top_mx/u_vpu/u_backbone/gen_tr_lanes[7].u_tr_ln/add_68_30/B[0] 	 (fanout : 2)
hpin:tr_soc_top_mx/u_vpu/u_backbone/gen_tr_lanes[7].u_tr_ln/sub_61_45/A[3] 	 (fanout : 2)
hpin:tr_soc_top_mx/u_vpu/u_backbone/gen_tr_lanes[7].u_tr_ln/sub_61_45/A[2] 	 (fanout : 2)
hpin:tr_soc_top_mx/u_vpu/u_backbone/gen_tr_lanes[7].u_tr_ln/sub_61_45/A[1] 	 (fanout : 2)
hpin:tr_soc_top_mx/u_vpu/u_backbone/gen_tr_lanes[7].u_tr_ln/sub_61_45/A[0] 	 (fanout : 2)
hpin:tr_soc_top_mx/u_vpu/u_backbone/gen_tr_lanes[7].u_tr_ln/add0034526/B[4] 	 (fanout : 1)
hpin:tr_soc_top_mx/u_vpu/u_backbone/gen_tr_lanes[7].u_tr_ln/add0034526/B[3] 	 (fanout : 2)
hpin:tr_soc_top_mx/u_vpu/u_backbone/gen_tr_lanes[7].u_tr_ln/add0034526/B[2] 	 (fanout : 2)
hpin:tr_soc_top_mx/u_vpu/u_backbone/gen_tr_lanes[7].u_tr_ln/add0034526/B[1] 	 (fanout : 2)
hpin:tr_soc_top_mx/u_vpu/u_backbone/gen_tr_lanes[7].u_tr_ln/add0034526/B[0] 	 (fanout : 2)
hpin:tr_soc_top_mx/u_vpu/u_backbone/gen_tr_lanes[7].u_tr_ln/mux_msb_54_21/in_0[3] 	 (fanout : 1)
hpin:tr_soc_top_mx/u_vpu/u_backbone/gen_tr_lanes[7].u_tr_ln/mux_msb_54_21/in_0[2] 	 (fanout : 1)
hpin:tr_soc_top_mx/u_vpu/u_backbone/gen_tr_lanes[7].u_tr_ln/mux_msb_54_21/in_0[1] 	 (fanout : 1)
hpin:tr_soc_top_mx/u_vpu/u_backbone/gen_tr_lanes[7].u_tr_ln/mux_msb_54_21/in_0[0] 	 (fanout : 1)
hpin:tr_soc_top_mx/u_vpu/u_backbone/gen_tr_lanes[7].u_tr_ln/mux_msb_54_21/in_1[3] 	 (fanout : 1)
hpin:tr_soc_top_mx/u_vpu/u_backbone/gen_tr_lanes[7].u_tr_ln/mux_msb_54_21/in_1[2] 	 (fanout : 1)
hpin:tr_soc_top_mx/u_vpu/u_backbone/gen_tr_lanes[7].u_tr_ln/mux_msb_54_21/in_1[1] 	 (fanout : 1)
hpin:tr_soc_top_mx/u_vpu/u_backbone/gen_tr_lanes[7].u_tr_ln/mux_msb_54_21/in_1[0] 	 (fanout : 1)
hpin:tr_soc_top_mx/u_vpu/u_backbone/gen_tr_lanes[7].u_tr_ln/mux_msb_54_21/in_2[3] 	 (fanout : 1)
hpin:tr_soc_top_mx/u_vpu/u_backbone/gen_tr_lanes[7].u_tr_ln/mux_msb_54_21/in_2[2] 	 (fanout : 1)
hpin:tr_soc_top_mx/u_vpu/u_backbone/gen_tr_lanes[7].u_tr_ln/mux_msb_54_21/in_2[1] 	 (fanout : 1)
hpin:tr_soc_top_mx/u_vpu/u_backbone/gen_tr_lanes[7].u_tr_ln/mux_msb_54_21/in_2[0] 	 (fanout : 1)
hpin:tr_soc_top_mx/u_vpu/u_backbone/gen_tr_lanes[7].u_tr_ln/mux_msb_54_21/in_3[3] 	 (fanout : 1)
hpin:tr_soc_top_mx/u_vpu/u_backbone/gen_tr_lanes[7].u_tr_ln/mux_msb_54_21/in_3[2] 	 (fanout : 1)
hpin:tr_soc_top_mx/u_vpu/u_backbone/gen_tr_lanes[7].u_tr_ln/mux_msb_54_21/in_3[1] 	 (fanout : 1)
hpin:tr_soc_top_mx/u_vpu/u_backbone/gen_tr_lanes[7].u_tr_ln/mux_msb_54_21/in_3[0] 	 (fanout : 1)
hpin:tr_soc_top_mx/u_vpu/u_backbone/gen_tr_lanes[7].u_tr_ln/mux_msb_54_21/in_4[3] 	 (fanout : 1)
hpin:tr_soc_top_mx/u_vpu/u_backbone/gen_tr_lanes[7].u_tr_ln/mux_msb_54_21/in_4[2] 	 (fanout : 1)
hpin:tr_soc_top_mx/u_vpu/u_backbone/gen_tr_lanes[7].u_tr_ln/mux_msb_54_21/in_4[1] 	 (fanout : 1)
hpin:tr_soc_top_mx/u_vpu/u_backbone/gen_tr_lanes[7].u_tr_ln/mux_msb_54_21/in_4[0] 	 (fanout : 1)
hpin:tr_soc_top_mx/u_vpu/u_backbone/gen_tr_lanes[7].u_tr_ln/mux_msb_54_21/in_5[3] 	 (fanout : 1)
hpin:tr_soc_top_mx/u_vpu/u_backbone/gen_tr_lanes[7].u_tr_ln/mux_msb_54_21/in_5[2] 	 (fanout : 1)
hpin:tr_soc_top_mx/u_vpu/u_backbone/gen_tr_lanes[7].u_tr_ln/mux_msb_54_21/in_5[1] 	 (fanout : 1)
hpin:tr_soc_top_mx/u_vpu/u_backbone/gen_tr_lanes[7].u_tr_ln/mux_msb_54_21/in_5[0] 	 (fanout : 1)
hpin:tr_soc_top_mx/u_vpu/u_backbone/gen_tr_lanes[7].u_tr_ln/mux_msb_54_21/in_6[3] 	 (fanout : 1)
hpin:tr_soc_top_mx/u_vpu/u_backbone/gen_tr_lanes[7].u_tr_ln/mux_msb_54_21/in_6[2] 	 (fanout : 1)
hpin:tr_soc_top_mx/u_vpu/u_backbone/gen_tr_lanes[7].u_tr_ln/mux_msb_54_21/in_6[1] 	 (fanout : 1)
hpin:tr_soc_top_mx/u_vpu/u_backbone/gen_tr_lanes[7].u_tr_ln/mux_msb_54_21/in_6[0] 	 (fanout : 1)
hpin:tr_soc_top_mx/u_vpu/u_backbone/gen_tr_lanes[7].u_tr_ln/mux_msb_54_21/in_7[3] 	 (fanout : 1)
hpin:tr_soc_top_mx/u_vpu/u_backbone/gen_tr_lanes[7].u_tr_ln/mux_msb_54_21/in_7[2] 	 (fanout : 1)
hpin:tr_soc_top_mx/u_vpu/u_backbone/gen_tr_lanes[7].u_tr_ln/mux_msb_54_21/in_7[1] 	 (fanout : 1)
hpin:tr_soc_top_mx/u_vpu/u_backbone/gen_tr_lanes[7].u_tr_ln/mux_msb_54_21/in_7[0] 	 (fanout : 1)
hpin:tr_soc_top_mx/u_vpu/u_backbone/gen_tr_lanes[7].u_tr_ln/mux_msb_54_21/in_8[3] 	 (fanout : 1)
hpin:tr_soc_top_mx/u_vpu/u_backbone/gen_tr_lanes[7].u_tr_ln/mux_msb_54_21/in_8[2] 	 (fanout : 1)
hpin:tr_soc_top_mx/u_vpu/u_backbone/gen_tr_lanes[7].u_tr_ln/mux_msb_54_21/in_8[1] 	 (fanout : 1)
hpin:tr_soc_top_mx/u_vpu/u_backbone/gen_tr_lanes[7].u_tr_ln/mux_msb_54_21/in_8[0] 	 (fanout : 1)
hpin:tr_soc_top_mx/u_vpu/u_backbone/gen_tr_lanes[7].u_tr_ln/mux_msb_54_21/in_9[3] 	 (fanout : 1)
hpin:tr_soc_top_mx/u_vpu/u_backbone/gen_tr_lanes[7].u_tr_ln/mux_msb_54_21/in_9[2] 	 (fanout : 1)
hpin:tr_soc_top_mx/u_vpu/u_backbone/gen_tr_lanes[7].u_tr_ln/mux_msb_54_21/in_9[1] 	 (fanout : 1)
hpin:tr_soc_top_mx/u_vpu/u_backbone/gen_tr_lanes[7].u_tr_ln/mux_msb_54_21/in_9[0] 	 (fanout : 1)
hpin:tr_soc_top_mx/u_vpu/u_backbone/gen_tr_lanes[7].u_tr_ln/mux_msb_54_21/in_10[3] 	 (fanout : 1)
hpin:tr_soc_top_mx/u_vpu/u_backbone/gen_tr_lanes[7].u_tr_ln/mux_msb_54_21/in_10[2] 	 (fanout : 1)
hpin:tr_soc_top_mx/u_vpu/u_backbone/gen_tr_lanes[7].u_tr_ln/mux_msb_54_21/in_10[1] 	 (fanout : 1)
hpin:tr_soc_top_mx/u_vpu/u_backbone/gen_tr_lanes[7].u_tr_ln/mux_msb_54_21/in_10[0] 	 (fanout : 1)
hpin:tr_soc_top_mx/u_vpu/u_backbone/gen_tr_lanes[7].u_tr_ln/mux_msb_54_21/in_11[3] 	 (fanout : 1)
hpin:tr_soc_top_mx/u_vpu/u_backbone/gen_tr_lanes[7].u_tr_ln/mux_msb_54_21/in_11[2] 	 (fanout : 1)
hpin:tr_soc_top_mx/u_vpu/u_backbone/gen_tr_lanes[7].u_tr_ln/mux_msb_54_21/in_11[1] 	 (fanout : 1)
hpin:tr_soc_top_mx/u_vpu/u_backbone/gen_tr_lanes[7].u_tr_ln/mux_msb_54_21/in_11[0] 	 (fanout : 1)
hpin:tr_soc_top_mx/u_vpu/u_backbone/gen_tr_lanes[7].u_tr_ln/mux_msb_54_21/in_12[3] 	 (fanout : 1)
hpin:tr_soc_top_mx/u_vpu/u_backbone/gen_tr_lanes[7].u_tr_ln/mux_msb_54_21/in_12[2] 	 (fanout : 1)
hpin:tr_soc_top_mx/u_vpu/u_backbone/gen_tr_lanes[7].u_tr_ln/mux_msb_54_21/in_12[1] 	 (fanout : 1)
hpin:tr_soc_top_mx/u_vpu/u_backbone/gen_tr_lanes[7].u_tr_ln/mux_msb_54_21/in_12[0] 	 (fanout : 1)
hpin:tr_soc_top_mx/u_vpu/u_backbone/gen_tr_lanes[7].u_tr_ln/mux_msb_54_21/in_13[3] 	 (fanout : 1)
hpin:tr_soc_top_mx/u_vpu/u_backbone/gen_tr_lanes[7].u_tr_ln/mux_msb_54_21/in_13[2] 	 (fanout : 1)
hpin:tr_soc_top_mx/u_vpu/u_backbone/gen_tr_lanes[7].u_tr_ln/mux_msb_54_21/in_13[1] 	 (fanout : 1)
hpin:tr_soc_top_mx/u_vpu/u_backbone/gen_tr_lanes[7].u_tr_ln/mux_msb_54_21/in_13[0] 	 (fanout : 1)
hpin:tr_soc_top_mx/u_vpu/u_backbone/gen_tr_lanes[7].u_tr_ln/mux_msb_54_21/in_14[3] 	 (fanout : 1)
hpin:tr_soc_top_mx/u_vpu/u_backbone/gen_tr_lanes[7].u_tr_ln/mux_msb_54_21/in_14[2] 	 (fanout : 1)
hpin:tr_soc_top_mx/u_vpu/u_backbone/gen_tr_lanes[7].u_tr_ln/mux_msb_54_21/in_14[1] 	 (fanout : 1)
hpin:tr_soc_top_mx/u_vpu/u_backbone/gen_tr_lanes[7].u_tr_ln/mux_msb_54_21/in_14[0] 	 (fanout : 1)
hpin:tr_soc_top_mx/u_vpu/u_backbone/gen_tr_lanes[7].u_tr_ln/mux_msb_54_21/in_15[3] 	 (fanout : 1)
hpin:tr_soc_top_mx/u_vpu/u_backbone/gen_tr_lanes[7].u_tr_ln/mux_msb_54_21/in_15[2] 	 (fanout : 1)
hpin:tr_soc_top_mx/u_vpu/u_backbone/gen_tr_lanes[7].u_tr_ln/mux_msb_54_21/in_15[1] 	 (fanout : 1)
hpin:tr_soc_top_mx/u_vpu/u_backbone/gen_tr_lanes[7].u_tr_ln/mux_msb_54_21/in_15[0] 	 (fanout : 1)
hpin:tr_soc_top_mx/u_vpu/u_backbone/gen_tr_lanes[7].u_tr_ln/mux_msb_54_21/in_16[3] 	 (fanout : 1)
hpin:tr_soc_top_mx/u_vpu/u_backbone/gen_tr_lanes[7].u_tr_ln/mux_msb_54_21/in_16[2] 	 (fanout : 1)
hpin:tr_soc_top_mx/u_vpu/u_backbone/gen_tr_lanes[7].u_tr_ln/mux_msb_54_21/in_16[1] 	 (fanout : 1)
hpin:tr_soc_top_mx/u_vpu/u_backbone/gen_tr_lanes[7].u_tr_ln/mux_msb_54_21/in_16[0] 	 (fanout : 1)
hpin:tr_soc_top_mx/u_vpu/u_backbone/gen_tr_lanes[7].u_tr_ln/mux_yq_full_48_16/in_1[8] 	 (fanout : 1)
hpin:tr_soc_top_mx/u_vpu/u_backbone/gen_tr_lanes[7].u_tr_ln/mux_yq_full_48_16/in_1[7] 	 (fanout : 1)
hpin:tr_soc_top_mx/u_vpu/u_backbone/gen_tr_lanes[7].u_tr_ln/mux_yq_full_48_16/in_1[6] 	 (fanout : 1)
hpin:tr_soc_top_mx/u_vpu/u_backbone/gen_tr_lanes[7].u_tr_ln/mux_yq_full_48_16/in_1[5] 	 (fanout : 1)
hpin:tr_soc_top_mx/u_vpu/u_backbone/gen_tr_lanes[7].u_tr_ln/mux_yq_full_48_16/in_1[4] 	 (fanout : 1)
hpin:tr_soc_top_mx/u_vpu/u_backbone/gen_tr_lanes[7].u_tr_ln/mux_yq_full_48_16/in_1[3] 	 (fanout : 1)
hpin:tr_soc_top_mx/u_vpu/u_backbone/gen_tr_lanes[7].u_tr_ln/mux_yq_full_48_16/in_1[2] 	 (fanout : 1)
hpin:tr_soc_top_mx/u_vpu/u_backbone/gen_tr_lanes[7].u_tr_ln/mux_yq_full_48_16/in_1[1] 	 (fanout : 1)
hpin:tr_soc_top_mx/u_vpu/u_backbone/gen_tr_lanes[7].u_tr_ln/mux_yq_full_48_16/in_1[0] 	 (fanout : 1)
hpin:tr_soc_top_mx/u_vpu/u_backbone/gen_tr_lanes[7].u_tr_ln/mux_61_31/in_1[4] 	 (fanout : 1)
hpin:tr_soc_top_mx/u_vpu/u_backbone/gen_tr_lanes[7].u_tr_ln/mux_61_31/in_1[3] 	 (fanout : 1)
hpin:tr_soc_top_mx/u_vpu/u_backbone/gen_tr_lanes[7].u_tr_ln/mux_61_31/in_1[2] 	 (fanout : 1)
hpin:tr_soc_top_mx/u_vpu/u_backbone/gen_tr_lanes[7].u_tr_ln/mux_61_31/in_1[1] 	 (fanout : 1)
hpin:tr_soc_top_mx/u_vpu/u_backbone/gen_tr_lanes[7].u_tr_ln/mux_61_31/in_1[0] 	 (fanout : 1)
hpin:tr_soc_top_mx/u_vpu/u_backbone/gen_tr_exp_lanes[1].u_tr_exp/u_round/eq_49_44/B 	 (fanout : 1)
hpin:tr_soc_top_mx/u_vpu/u_backbone/gen_tr_exp_lanes[1].u_tr_exp/u_round/add_46_61/B 	 (fanout : 2)
hpin:tr_soc_top_mx/u_vpu/u_backbone/gen_tr_exp_lanes[2].u_tr_exp/u_round/eq_49_44/B 	 (fanout : 1)
hpin:tr_soc_top_mx/u_vpu/u_backbone/gen_tr_exp_lanes[2].u_tr_exp/u_round/add_46_61/B 	 (fanout : 2)
hpin:tr_soc_top_mx/u_vpu/u_backbone/gen_tr_exp_lanes[3].u_tr_exp/u_round/eq_49_44/B 	 (fanout : 1)
hpin:tr_soc_top_mx/u_vpu/u_backbone/gen_tr_exp_lanes[3].u_tr_exp/u_round/add_46_61/B 	 (fanout : 2)
hpin:tr_soc_top_mx/u_vpu/u_backbone/gen_tr_exp_lanes[4].u_tr_exp/u_round/eq_49_44/B 	 (fanout : 1)
hpin:tr_soc_top_mx/u_vpu/u_backbone/gen_tr_exp_lanes[4].u_tr_exp/u_round/add_46_61/B 	 (fanout : 2)
hpin:tr_soc_top_mx/u_vpu/u_backbone/gen_tr_exp_lanes[5].u_tr_exp/u_round/eq_49_44/B 	 (fanout : 1)
hpin:tr_soc_top_mx/u_vpu/u_backbone/gen_tr_exp_lanes[5].u_tr_exp/u_round/add_46_61/B 	 (fanout : 2)
hpin:tr_soc_top_mx/u_vpu/u_backbone/gen_tr_exp_lanes[6].u_tr_exp/u_round/eq_49_44/B 	 (fanout : 1)
hpin:tr_soc_top_mx/u_vpu/u_backbone/gen_tr_exp_lanes[6].u_tr_exp/u_round/add_46_61/B 	 (fanout : 2)
hpin:tr_soc_top_mx/u_vpu/u_backbone/gen_tr_exp_lanes[7].u_tr_exp/u_round/eq_49_44/B 	 (fanout : 1)
hpin:tr_soc_top_mx/u_vpu/u_backbone/gen_tr_exp_lanes[7].u_tr_exp/u_round/add_46_61/B 	 (fanout : 2)
hpin:tr_soc_top_mx/u_vpu/u_rom/mux_exp_lut[a_idx[0]]_32_22/in_0[6] 	 (fanout : 1)
hpin:tr_soc_top_mx/u_vpu/u_rom/mux_exp_lut[a_idx[0]]_32_22/in_0[5] 	 (fanout : 1)
hpin:tr_soc_top_mx/u_vpu/u_rom/mux_exp_lut[a_idx[0]]_32_22/in_0[4] 	 (fanout : 1)
hpin:tr_soc_top_mx/u_vpu/u_rom/mux_exp_lut[a_idx[0]]_32_22/in_0[3] 	 (fanout : 1)
hpin:tr_soc_top_mx/u_vpu/u_rom/mux_exp_lut[a_idx[0]]_32_22/in_0[2] 	 (fanout : 1)
hpin:tr_soc_top_mx/u_vpu/u_rom/mux_exp_lut[a_idx[0]]_32_22/in_0[1] 	 (fanout : 1)
hpin:tr_soc_top_mx/u_vpu/u_rom/mux_exp_lut[a_idx[0]]_32_22/in_0[0] 	 (fanout : 1)
hpin:tr_soc_top_mx/u_vpu/u_rom/mux_exp_lut[a_idx[0]]_32_22/in_1[6] 	 (fanout : 1)
hpin:tr_soc_top_mx/u_vpu/u_rom/mux_exp_lut[a_idx[0]]_32_22/in_1[5] 	 (fanout : 1)
hpin:tr_soc_top_mx/u_vpu/u_rom/mux_exp_lut[a_idx[0]]_32_22/in_1[4] 	 (fanout : 1)
hpin:tr_soc_top_mx/u_vpu/u_rom/mux_exp_lut[a_idx[0]]_32_22/in_1[3] 	 (fanout : 1)
hpin:tr_soc_top_mx/u_vpu/u_rom/mux_exp_lut[a_idx[0]]_32_22/in_1[2] 	 (fanout : 1)
hpin:tr_soc_top_mx/u_vpu/u_rom/mux_exp_lut[a_idx[0]]_32_22/in_1[1] 	 (fanout : 1)
hpin:tr_soc_top_mx/u_vpu/u_rom/mux_exp_lut[a_idx[0]]_32_22/in_1[0] 	 (fanout : 1)
hpin:tr_soc_top_mx/u_vpu/u_rom/mux_exp_lut[a_idx[0]]_32_22/in_2[6] 	 (fanout : 1)
hpin:tr_soc_top_mx/u_vpu/u_rom/mux_exp_lut[a_idx[0]]_32_22/in_2[5] 	 (fanout : 1)
hpin:tr_soc_top_mx/u_vpu/u_rom/mux_exp_lut[a_idx[0]]_32_22/in_2[4] 	 (fanout : 1)
hpin:tr_soc_top_mx/u_vpu/u_rom/mux_exp_lut[a_idx[0]]_32_22/in_2[3] 	 (fanout : 1)
hpin:tr_soc_top_mx/u_vpu/u_rom/mux_exp_lut[a_idx[0]]_32_22/in_2[2] 	 (fanout : 1)
hpin:tr_soc_top_mx/u_vpu/u_rom/mux_exp_lut[a_idx[0]]_32_22/in_2[1] 	 (fanout : 1)
hpin:tr_soc_top_mx/u_vpu/u_rom/mux_exp_lut[a_idx[0]]_32_22/in_2[0] 	 (fanout : 1)
hpin:tr_soc_top_mx/u_vpu/u_rom/mux_exp_lut[a_idx[0]]_32_22/in_3[6] 	 (fanout : 1)
hpin:tr_soc_top_mx/u_vpu/u_rom/mux_exp_lut[a_idx[0]]_32_22/in_3[5] 	 (fanout : 1)
hpin:tr_soc_top_mx/u_vpu/u_rom/mux_exp_lut[a_idx[0]]_32_22/in_3[4] 	 (fanout : 1)
hpin:tr_soc_top_mx/u_vpu/u_rom/mux_exp_lut[a_idx[0]]_32_22/in_3[3] 	 (fanout : 1)
hpin:tr_soc_top_mx/u_vpu/u_rom/mux_exp_lut[a_idx[0]]_32_22/in_3[2] 	 (fanout : 1)
hpin:tr_soc_top_mx/u_vpu/u_rom/mux_exp_lut[a_idx[0]]_32_22/in_3[1] 	 (fanout : 1)
hpin:tr_soc_top_mx/u_vpu/u_rom/mux_exp_lut[a_idx[0]]_32_22/in_3[0] 	 (fanout : 1)
hpin:tr_soc_top_mx/u_vpu/u_rom/mux_exp_lut[a_idx[0]]_32_22/in_4[6] 	 (fanout : 1)
hpin:tr_soc_top_mx/u_vpu/u_rom/mux_exp_lut[a_idx[0]]_32_22/in_4[5] 	 (fanout : 1)
hpin:tr_soc_top_mx/u_vpu/u_rom/mux_exp_lut[a_idx[0]]_32_22/in_4[4] 	 (fanout : 1)
hpin:tr_soc_top_mx/u_vpu/u_rom/mux_exp_lut[a_idx[0]]_32_22/in_4[3] 	 (fanout : 1)
hpin:tr_soc_top_mx/u_vpu/u_rom/mux_exp_lut[a_idx[0]]_32_22/in_4[2] 	 (fanout : 1)
hpin:tr_soc_top_mx/u_vpu/u_rom/mux_exp_lut[a_idx[0]]_32_22/in_4[1] 	 (fanout : 1)
hpin:tr_soc_top_mx/u_vpu/u_rom/mux_exp_lut[a_idx[0]]_32_22/in_4[0] 	 (fanout : 1)
hpin:tr_soc_top_mx/u_vpu/u_rom/mux_exp_lut[a_idx[0]]_32_22/in_5[6] 	 (fanout : 1)
hpin:tr_soc_top_mx/u_vpu/u_rom/mux_exp_lut[a_idx[0]]_32_22/in_5[5] 	 (fanout : 1)
hpin:tr_soc_top_mx/u_vpu/u_rom/mux_exp_lut[a_idx[0]]_32_22/in_5[4] 	 (fanout : 1)
hpin:tr_soc_top_mx/u_vpu/u_rom/mux_exp_lut[a_idx[0]]_32_22/in_5[3] 	 (fanout : 1)
hpin:tr_soc_top_mx/u_vpu/u_rom/mux_exp_lut[a_idx[0]]_32_22/in_5[2] 	 (fanout : 1)
hpin:tr_soc_top_mx/u_vpu/u_rom/mux_exp_lut[a_idx[0]]_32_22/in_5[1] 	 (fanout : 1)
hpin:tr_soc_top_mx/u_vpu/u_rom/mux_exp_lut[a_idx[0]]_32_22/in_5[0] 	 (fanout : 1)
hpin:tr_soc_top_mx/u_vpu/u_rom/mux_exp_lut[a_idx[0]]_32_22/in_6[6] 	 (fanout : 1)
hpin:tr_soc_top_mx/u_vpu/u_rom/mux_exp_lut[a_idx[0]]_32_22/in_6[5] 	 (fanout : 1)
hpin:tr_soc_top_mx/u_vpu/u_rom/mux_exp_lut[a_idx[0]]_32_22/in_6[4] 	 (fanout : 1)
hpin:tr_soc_top_mx/u_vpu/u_rom/mux_exp_lut[a_idx[0]]_32_22/in_6[3] 	 (fanout : 1)
hpin:tr_soc_top_mx/u_vpu/u_rom/mux_exp_lut[a_idx[0]]_32_22/in_6[2] 	 (fanout : 1)
hpin:tr_soc_top_mx/u_vpu/u_rom/mux_exp_lut[a_idx[0]]_32_22/in_6[1] 	 (fanout : 1)
hpin:tr_soc_top_mx/u_vpu/u_rom/mux_exp_lut[a_idx[0]]_32_22/in_6[0] 	 (fanout : 1)
hpin:tr_soc_top_mx/u_vpu/u_rom/mux_exp_lut[a_idx[0]]_32_22/in_7[6] 	 (fanout : 1)
hpin:tr_soc_top_mx/u_vpu/u_rom/mux_exp_lut[a_idx[0]]_32_22/in_7[5] 	 (fanout : 1)
hpin:tr_soc_top_mx/u_vpu/u_rom/mux_exp_lut[a_idx[0]]_32_22/in_7[4] 	 (fanout : 1)
hpin:tr_soc_top_mx/u_vpu/u_rom/mux_exp_lut[a_idx[0]]_32_22/in_7[3] 	 (fanout : 1)
hpin:tr_soc_top_mx/u_vpu/u_rom/mux_exp_lut[a_idx[0]]_32_22/in_7[2] 	 (fanout : 1)
hpin:tr_soc_top_mx/u_vpu/u_rom/mux_exp_lut[a_idx[0]]_32_22/in_7[1] 	 (fanout : 1)
hpin:tr_soc_top_mx/u_vpu/u_rom/mux_exp_lut[a_idx[0]]_32_22/in_7[0] 	 (fanout : 1)
hpin:tr_soc_top_mx/u_vpu/u_rom/mux_exp_lut[a_idx[1]]_32_22/in_0[6] 	 (fanout : 1)
hpin:tr_soc_top_mx/u_vpu/u_rom/mux_exp_lut[a_idx[1]]_32_22/in_0[5] 	 (fanout : 1)
hpin:tr_soc_top_mx/u_vpu/u_rom/mux_exp_lut[a_idx[1]]_32_22/in_0[4] 	 (fanout : 1)
hpin:tr_soc_top_mx/u_vpu/u_rom/mux_exp_lut[a_idx[1]]_32_22/in_0[3] 	 (fanout : 1)
hpin:tr_soc_top_mx/u_vpu/u_rom/mux_exp_lut[a_idx[1]]_32_22/in_0[2] 	 (fanout : 1)
hpin:tr_soc_top_mx/u_vpu/u_rom/mux_exp_lut[a_idx[1]]_32_22/in_0[1] 	 (fanout : 1)
hpin:tr_soc_top_mx/u_vpu/u_rom/mux_exp_lut[a_idx[1]]_32_22/in_0[0] 	 (fanout : 1)
hpin:tr_soc_top_mx/u_vpu/u_rom/mux_exp_lut[a_idx[1]]_32_22/in_1[6] 	 (fanout : 1)
hpin:tr_soc_top_mx/u_vpu/u_rom/mux_exp_lut[a_idx[1]]_32_22/in_1[5] 	 (fanout : 1)
hpin:tr_soc_top_mx/u_vpu/u_rom/mux_exp_lut[a_idx[1]]_32_22/in_1[4] 	 (fanout : 1)
hpin:tr_soc_top_mx/u_vpu/u_rom/mux_exp_lut[a_idx[1]]_32_22/in_1[3] 	 (fanout : 1)
hpin:tr_soc_top_mx/u_vpu/u_rom/mux_exp_lut[a_idx[1]]_32_22/in_1[2] 	 (fanout : 1)
hpin:tr_soc_top_mx/u_vpu/u_rom/mux_exp_lut[a_idx[1]]_32_22/in_1[1] 	 (fanout : 1)
hpin:tr_soc_top_mx/u_vpu/u_rom/mux_exp_lut[a_idx[1]]_32_22/in_1[0] 	 (fanout : 1)
hpin:tr_soc_top_mx/u_vpu/u_rom/mux_exp_lut[a_idx[1]]_32_22/in_2[6] 	 (fanout : 1)
hpin:tr_soc_top_mx/u_vpu/u_rom/mux_exp_lut[a_idx[1]]_32_22/in_2[5] 	 (fanout : 1)
hpin:tr_soc_top_mx/u_vpu/u_rom/mux_exp_lut[a_idx[1]]_32_22/in_2[4] 	 (fanout : 1)
hpin:tr_soc_top_mx/u_vpu/u_rom/mux_exp_lut[a_idx[1]]_32_22/in_2[3] 	 (fanout : 1)
hpin:tr_soc_top_mx/u_vpu/u_rom/mux_exp_lut[a_idx[1]]_32_22/in_2[2] 	 (fanout : 1)
hpin:tr_soc_top_mx/u_vpu/u_rom/mux_exp_lut[a_idx[1]]_32_22/in_2[1] 	 (fanout : 1)
hpin:tr_soc_top_mx/u_vpu/u_rom/mux_exp_lut[a_idx[1]]_32_22/in_2[0] 	 (fanout : 1)
hpin:tr_soc_top_mx/u_vpu/u_rom/mux_exp_lut[a_idx[1]]_32_22/in_3[6] 	 (fanout : 1)
hpin:tr_soc_top_mx/u_vpu/u_rom/mux_exp_lut[a_idx[1]]_32_22/in_3[5] 	 (fanout : 1)
hpin:tr_soc_top_mx/u_vpu/u_rom/mux_exp_lut[a_idx[1]]_32_22/in_3[4] 	 (fanout : 1)
hpin:tr_soc_top_mx/u_vpu/u_rom/mux_exp_lut[a_idx[1]]_32_22/in_3[3] 	 (fanout : 1)
hpin:tr_soc_top_mx/u_vpu/u_rom/mux_exp_lut[a_idx[1]]_32_22/in_3[2] 	 (fanout : 1)
hpin:tr_soc_top_mx/u_vpu/u_rom/mux_exp_lut[a_idx[1]]_32_22/in_3[1] 	 (fanout : 1)
hpin:tr_soc_top_mx/u_vpu/u_rom/mux_exp_lut[a_idx[1]]_32_22/in_3[0] 	 (fanout : 1)
hpin:tr_soc_top_mx/u_vpu/u_rom/mux_exp_lut[a_idx[1]]_32_22/in_4[6] 	 (fanout : 1)
hpin:tr_soc_top_mx/u_vpu/u_rom/mux_exp_lut[a_idx[1]]_32_22/in_4[5] 	 (fanout : 1)
hpin:tr_soc_top_mx/u_vpu/u_rom/mux_exp_lut[a_idx[1]]_32_22/in_4[4] 	 (fanout : 1)
hpin:tr_soc_top_mx/u_vpu/u_rom/mux_exp_lut[a_idx[1]]_32_22/in_4[3] 	 (fanout : 1)
hpin:tr_soc_top_mx/u_vpu/u_rom/mux_exp_lut[a_idx[1]]_32_22/in_4[2] 	 (fanout : 1)
hpin:tr_soc_top_mx/u_vpu/u_rom/mux_exp_lut[a_idx[1]]_32_22/in_4[1] 	 (fanout : 1)
hpin:tr_soc_top_mx/u_vpu/u_rom/mux_exp_lut[a_idx[1]]_32_22/in_4[0] 	 (fanout : 1)
hpin:tr_soc_top_mx/u_vpu/u_rom/mux_exp_lut[a_idx[1]]_32_22/in_5[6] 	 (fanout : 1)
hpin:tr_soc_top_mx/u_vpu/u_rom/mux_exp_lut[a_idx[1]]_32_22/in_5[5] 	 (fanout : 1)
hpin:tr_soc_top_mx/u_vpu/u_rom/mux_exp_lut[a_idx[1]]_32_22/in_5[4] 	 (fanout : 1)
hpin:tr_soc_top_mx/u_vpu/u_rom/mux_exp_lut[a_idx[1]]_32_22/in_5[3] 	 (fanout : 1)
hpin:tr_soc_top_mx/u_vpu/u_rom/mux_exp_lut[a_idx[1]]_32_22/in_5[2] 	 (fanout : 1)
hpin:tr_soc_top_mx/u_vpu/u_rom/mux_exp_lut[a_idx[1]]_32_22/in_5[1] 	 (fanout : 1)
hpin:tr_soc_top_mx/u_vpu/u_rom/mux_exp_lut[a_idx[1]]_32_22/in_5[0] 	 (fanout : 1)
hpin:tr_soc_top_mx/u_vpu/u_rom/mux_exp_lut[a_idx[1]]_32_22/in_6[6] 	 (fanout : 1)
hpin:tr_soc_top_mx/u_vpu/u_rom/mux_exp_lut[a_idx[1]]_32_22/in_6[5] 	 (fanout : 1)
hpin:tr_soc_top_mx/u_vpu/u_rom/mux_exp_lut[a_idx[1]]_32_22/in_6[4] 	 (fanout : 1)
hpin:tr_soc_top_mx/u_vpu/u_rom/mux_exp_lut[a_idx[1]]_32_22/in_6[3] 	 (fanout : 1)
hpin:tr_soc_top_mx/u_vpu/u_rom/mux_exp_lut[a_idx[1]]_32_22/in_6[2] 	 (fanout : 1)
hpin:tr_soc_top_mx/u_vpu/u_rom/mux_exp_lut[a_idx[1]]_32_22/in_6[1] 	 (fanout : 1)
hpin:tr_soc_top_mx/u_vpu/u_rom/mux_exp_lut[a_idx[1]]_32_22/in_6[0] 	 (fanout : 1)
hpin:tr_soc_top_mx/u_vpu/u_rom/mux_exp_lut[a_idx[1]]_32_22/in_7[6] 	 (fanout : 1)
hpin:tr_soc_top_mx/u_vpu/u_rom/mux_exp_lut[a_idx[1]]_32_22/in_7[5] 	 (fanout : 1)
hpin:tr_soc_top_mx/u_vpu/u_rom/mux_exp_lut[a_idx[1]]_32_22/in_7[4] 	 (fanout : 1)
hpin:tr_soc_top_mx/u_vpu/u_rom/mux_exp_lut[a_idx[1]]_32_22/in_7[3] 	 (fanout : 1)
hpin:tr_soc_top_mx/u_vpu/u_rom/mux_exp_lut[a_idx[1]]_32_22/in_7[2] 	 (fanout : 1)
hpin:tr_soc_top_mx/u_vpu/u_rom/mux_exp_lut[a_idx[1]]_32_22/in_7[1] 	 (fanout : 1)
hpin:tr_soc_top_mx/u_vpu/u_rom/mux_exp_lut[a_idx[1]]_32_22/in_7[0] 	 (fanout : 1)
hpin:tr_soc_top_mx/u_vpu/u_rom/mux_exp_lut[a_idx[2]]_32_22/in_0[6] 	 (fanout : 1)
hpin:tr_soc_top_mx/u_vpu/u_rom/mux_exp_lut[a_idx[2]]_32_22/in_0[5] 	 (fanout : 1)
hpin:tr_soc_top_mx/u_vpu/u_rom/mux_exp_lut[a_idx[2]]_32_22/in_0[4] 	 (fanout : 1)
hpin:tr_soc_top_mx/u_vpu/u_rom/mux_exp_lut[a_idx[2]]_32_22/in_0[3] 	 (fanout : 1)
hpin:tr_soc_top_mx/u_vpu/u_rom/mux_exp_lut[a_idx[2]]_32_22/in_0[2] 	 (fanout : 1)
hpin:tr_soc_top_mx/u_vpu/u_rom/mux_exp_lut[a_idx[2]]_32_22/in_0[1] 	 (fanout : 1)
hpin:tr_soc_top_mx/u_vpu/u_rom/mux_exp_lut[a_idx[2]]_32_22/in_0[0] 	 (fanout : 1)
hpin:tr_soc_top_mx/u_vpu/u_rom/mux_exp_lut[a_idx[2]]_32_22/in_1[6] 	 (fanout : 1)
hpin:tr_soc_top_mx/u_vpu/u_rom/mux_exp_lut[a_idx[2]]_32_22/in_1[5] 	 (fanout : 1)
hpin:tr_soc_top_mx/u_vpu/u_rom/mux_exp_lut[a_idx[2]]_32_22/in_1[4] 	 (fanout : 1)
hpin:tr_soc_top_mx/u_vpu/u_rom/mux_exp_lut[a_idx[2]]_32_22/in_1[3] 	 (fanout : 1)
hpin:tr_soc_top_mx/u_vpu/u_rom/mux_exp_lut[a_idx[2]]_32_22/in_1[2] 	 (fanout : 1)
hpin:tr_soc_top_mx/u_vpu/u_rom/mux_exp_lut[a_idx[2]]_32_22/in_1[1] 	 (fanout : 1)
hpin:tr_soc_top_mx/u_vpu/u_rom/mux_exp_lut[a_idx[2]]_32_22/in_1[0] 	 (fanout : 1)
hpin:tr_soc_top_mx/u_vpu/u_rom/mux_exp_lut[a_idx[2]]_32_22/in_2[6] 	 (fanout : 1)
hpin:tr_soc_top_mx/u_vpu/u_rom/mux_exp_lut[a_idx[2]]_32_22/in_2[5] 	 (fanout : 1)
hpin:tr_soc_top_mx/u_vpu/u_rom/mux_exp_lut[a_idx[2]]_32_22/in_2[4] 	 (fanout : 1)
hpin:tr_soc_top_mx/u_vpu/u_rom/mux_exp_lut[a_idx[2]]_32_22/in_2[3] 	 (fanout : 1)
hpin:tr_soc_top_mx/u_vpu/u_rom/mux_exp_lut[a_idx[2]]_32_22/in_2[2] 	 (fanout : 1)
hpin:tr_soc_top_mx/u_vpu/u_rom/mux_exp_lut[a_idx[2]]_32_22/in_2[1] 	 (fanout : 1)
hpin:tr_soc_top_mx/u_vpu/u_rom/mux_exp_lut[a_idx[2]]_32_22/in_2[0] 	 (fanout : 1)
hpin:tr_soc_top_mx/u_vpu/u_rom/mux_exp_lut[a_idx[2]]_32_22/in_3[6] 	 (fanout : 1)
hpin:tr_soc_top_mx/u_vpu/u_rom/mux_exp_lut[a_idx[2]]_32_22/in_3[5] 	 (fanout : 1)
hpin:tr_soc_top_mx/u_vpu/u_rom/mux_exp_lut[a_idx[2]]_32_22/in_3[4] 	 (fanout : 1)
hpin:tr_soc_top_mx/u_vpu/u_rom/mux_exp_lut[a_idx[2]]_32_22/in_3[3] 	 (fanout : 1)
hpin:tr_soc_top_mx/u_vpu/u_rom/mux_exp_lut[a_idx[2]]_32_22/in_3[2] 	 (fanout : 1)
hpin:tr_soc_top_mx/u_vpu/u_rom/mux_exp_lut[a_idx[2]]_32_22/in_3[1] 	 (fanout : 1)
hpin:tr_soc_top_mx/u_vpu/u_rom/mux_exp_lut[a_idx[2]]_32_22/in_3[0] 	 (fanout : 1)
hpin:tr_soc_top_mx/u_vpu/u_rom/mux_exp_lut[a_idx[2]]_32_22/in_4[6] 	 (fanout : 1)
hpin:tr_soc_top_mx/u_vpu/u_rom/mux_exp_lut[a_idx[2]]_32_22/in_4[5] 	 (fanout : 1)
hpin:tr_soc_top_mx/u_vpu/u_rom/mux_exp_lut[a_idx[2]]_32_22/in_4[4] 	 (fanout : 1)
hpin:tr_soc_top_mx/u_vpu/u_rom/mux_exp_lut[a_idx[2]]_32_22/in_4[3] 	 (fanout : 1)
hpin:tr_soc_top_mx/u_vpu/u_rom/mux_exp_lut[a_idx[2]]_32_22/in_4[2] 	 (fanout : 1)
hpin:tr_soc_top_mx/u_vpu/u_rom/mux_exp_lut[a_idx[2]]_32_22/in_4[1] 	 (fanout : 1)
hpin:tr_soc_top_mx/u_vpu/u_rom/mux_exp_lut[a_idx[2]]_32_22/in_4[0] 	 (fanout : 1)
hpin:tr_soc_top_mx/u_vpu/u_rom/mux_exp_lut[a_idx[2]]_32_22/in_5[6] 	 (fanout : 1)
hpin:tr_soc_top_mx/u_vpu/u_rom/mux_exp_lut[a_idx[2]]_32_22/in_5[5] 	 (fanout : 1)
hpin:tr_soc_top_mx/u_vpu/u_rom/mux_exp_lut[a_idx[2]]_32_22/in_5[4] 	 (fanout : 1)
hpin:tr_soc_top_mx/u_vpu/u_rom/mux_exp_lut[a_idx[2]]_32_22/in_5[3] 	 (fanout : 1)
hpin:tr_soc_top_mx/u_vpu/u_rom/mux_exp_lut[a_idx[2]]_32_22/in_5[2] 	 (fanout : 1)
hpin:tr_soc_top_mx/u_vpu/u_rom/mux_exp_lut[a_idx[2]]_32_22/in_5[1] 	 (fanout : 1)
hpin:tr_soc_top_mx/u_vpu/u_rom/mux_exp_lut[a_idx[2]]_32_22/in_5[0] 	 (fanout : 1)
hpin:tr_soc_top_mx/u_vpu/u_rom/mux_exp_lut[a_idx[2]]_32_22/in_6[6] 	 (fanout : 1)
hpin:tr_soc_top_mx/u_vpu/u_rom/mux_exp_lut[a_idx[2]]_32_22/in_6[5] 	 (fanout : 1)
hpin:tr_soc_top_mx/u_vpu/u_rom/mux_exp_lut[a_idx[2]]_32_22/in_6[4] 	 (fanout : 1)
hpin:tr_soc_top_mx/u_vpu/u_rom/mux_exp_lut[a_idx[2]]_32_22/in_6[3] 	 (fanout : 1)
hpin:tr_soc_top_mx/u_vpu/u_rom/mux_exp_lut[a_idx[2]]_32_22/in_6[2] 	 (fanout : 1)
hpin:tr_soc_top_mx/u_vpu/u_rom/mux_exp_lut[a_idx[2]]_32_22/in_6[1] 	 (fanout : 1)
hpin:tr_soc_top_mx/u_vpu/u_rom/mux_exp_lut[a_idx[2]]_32_22/in_6[0] 	 (fanout : 1)
hpin:tr_soc_top_mx/u_vpu/u_rom/mux_exp_lut[a_idx[2]]_32_22/in_7[6] 	 (fanout : 1)
hpin:tr_soc_top_mx/u_vpu/u_rom/mux_exp_lut[a_idx[2]]_32_22/in_7[5] 	 (fanout : 1)
hpin:tr_soc_top_mx/u_vpu/u_rom/mux_exp_lut[a_idx[2]]_32_22/in_7[4] 	 (fanout : 1)
hpin:tr_soc_top_mx/u_vpu/u_rom/mux_exp_lut[a_idx[2]]_32_22/in_7[3] 	 (fanout : 1)
hpin:tr_soc_top_mx/u_vpu/u_rom/mux_exp_lut[a_idx[2]]_32_22/in_7[2] 	 (fanout : 1)
hpin:tr_soc_top_mx/u_vpu/u_rom/mux_exp_lut[a_idx[2]]_32_22/in_7[1] 	 (fanout : 1)
hpin:tr_soc_top_mx/u_vpu/u_rom/mux_exp_lut[a_idx[2]]_32_22/in_7[0] 	 (fanout : 1)
hpin:tr_soc_top_mx/u_vpu/u_rom/mux_exp_lut[a_idx[3]]_32_22/in_0[6] 	 (fanout : 1)
hpin:tr_soc_top_mx/u_vpu/u_rom/mux_exp_lut[a_idx[3]]_32_22/in_0[5] 	 (fanout : 1)
hpin:tr_soc_top_mx/u_vpu/u_rom/mux_exp_lut[a_idx[3]]_32_22/in_0[4] 	 (fanout : 1)
hpin:tr_soc_top_mx/u_vpu/u_rom/mux_exp_lut[a_idx[3]]_32_22/in_0[3] 	 (fanout : 1)
hpin:tr_soc_top_mx/u_vpu/u_rom/mux_exp_lut[a_idx[3]]_32_22/in_0[2] 	 (fanout : 1)
hpin:tr_soc_top_mx/u_vpu/u_rom/mux_exp_lut[a_idx[3]]_32_22/in_0[1] 	 (fanout : 1)
hpin:tr_soc_top_mx/u_vpu/u_rom/mux_exp_lut[a_idx[3]]_32_22/in_0[0] 	 (fanout : 1)
hpin:tr_soc_top_mx/u_vpu/u_rom/mux_exp_lut[a_idx[3]]_32_22/in_1[6] 	 (fanout : 1)
hpin:tr_soc_top_mx/u_vpu/u_rom/mux_exp_lut[a_idx[3]]_32_22/in_1[5] 	 (fanout : 1)
hpin:tr_soc_top_mx/u_vpu/u_rom/mux_exp_lut[a_idx[3]]_32_22/in_1[4] 	 (fanout : 1)
hpin:tr_soc_top_mx/u_vpu/u_rom/mux_exp_lut[a_idx[3]]_32_22/in_1[3] 	 (fanout : 1)
hpin:tr_soc_top_mx/u_vpu/u_rom/mux_exp_lut[a_idx[3]]_32_22/in_1[2] 	 (fanout : 1)
hpin:tr_soc_top_mx/u_vpu/u_rom/mux_exp_lut[a_idx[3]]_32_22/in_1[1] 	 (fanout : 1)
hpin:tr_soc_top_mx/u_vpu/u_rom/mux_exp_lut[a_idx[3]]_32_22/in_1[0] 	 (fanout : 1)
hpin:tr_soc_top_mx/u_vpu/u_rom/mux_exp_lut[a_idx[3]]_32_22/in_2[6] 	 (fanout : 1)
hpin:tr_soc_top_mx/u_vpu/u_rom/mux_exp_lut[a_idx[3]]_32_22/in_2[5] 	 (fanout : 1)
hpin:tr_soc_top_mx/u_vpu/u_rom/mux_exp_lut[a_idx[3]]_32_22/in_2[4] 	 (fanout : 1)
hpin:tr_soc_top_mx/u_vpu/u_rom/mux_exp_lut[a_idx[3]]_32_22/in_2[3] 	 (fanout : 1)
hpin:tr_soc_top_mx/u_vpu/u_rom/mux_exp_lut[a_idx[3]]_32_22/in_2[2] 	 (fanout : 1)
hpin:tr_soc_top_mx/u_vpu/u_rom/mux_exp_lut[a_idx[3]]_32_22/in_2[1] 	 (fanout : 1)
hpin:tr_soc_top_mx/u_vpu/u_rom/mux_exp_lut[a_idx[3]]_32_22/in_2[0] 	 (fanout : 1)
hpin:tr_soc_top_mx/u_vpu/u_rom/mux_exp_lut[a_idx[3]]_32_22/in_3[6] 	 (fanout : 1)
hpin:tr_soc_top_mx/u_vpu/u_rom/mux_exp_lut[a_idx[3]]_32_22/in_3[5] 	 (fanout : 1)
hpin:tr_soc_top_mx/u_vpu/u_rom/mux_exp_lut[a_idx[3]]_32_22/in_3[4] 	 (fanout : 1)
hpin:tr_soc_top_mx/u_vpu/u_rom/mux_exp_lut[a_idx[3]]_32_22/in_3[3] 	 (fanout : 1)
hpin:tr_soc_top_mx/u_vpu/u_rom/mux_exp_lut[a_idx[3]]_32_22/in_3[2] 	 (fanout : 1)
hpin:tr_soc_top_mx/u_vpu/u_rom/mux_exp_lut[a_idx[3]]_32_22/in_3[1] 	 (fanout : 1)
hpin:tr_soc_top_mx/u_vpu/u_rom/mux_exp_lut[a_idx[3]]_32_22/in_3[0] 	 (fanout : 1)
hpin:tr_soc_top_mx/u_vpu/u_rom/mux_exp_lut[a_idx[3]]_32_22/in_4[6] 	 (fanout : 1)
hpin:tr_soc_top_mx/u_vpu/u_rom/mux_exp_lut[a_idx[3]]_32_22/in_4[5] 	 (fanout : 1)
hpin:tr_soc_top_mx/u_vpu/u_rom/mux_exp_lut[a_idx[3]]_32_22/in_4[4] 	 (fanout : 1)
hpin:tr_soc_top_mx/u_vpu/u_rom/mux_exp_lut[a_idx[3]]_32_22/in_4[3] 	 (fanout : 1)
hpin:tr_soc_top_mx/u_vpu/u_rom/mux_exp_lut[a_idx[3]]_32_22/in_4[2] 	 (fanout : 1)
hpin:tr_soc_top_mx/u_vpu/u_rom/mux_exp_lut[a_idx[3]]_32_22/in_4[1] 	 (fanout : 1)
hpin:tr_soc_top_mx/u_vpu/u_rom/mux_exp_lut[a_idx[3]]_32_22/in_4[0] 	 (fanout : 1)
hpin:tr_soc_top_mx/u_vpu/u_rom/mux_exp_lut[a_idx[3]]_32_22/in_5[6] 	 (fanout : 1)
hpin:tr_soc_top_mx/u_vpu/u_rom/mux_exp_lut[a_idx[3]]_32_22/in_5[5] 	 (fanout : 1)
hpin:tr_soc_top_mx/u_vpu/u_rom/mux_exp_lut[a_idx[3]]_32_22/in_5[4] 	 (fanout : 1)
hpin:tr_soc_top_mx/u_vpu/u_rom/mux_exp_lut[a_idx[3]]_32_22/in_5[3] 	 (fanout : 1)
hpin:tr_soc_top_mx/u_vpu/u_rom/mux_exp_lut[a_idx[3]]_32_22/in_5[2] 	 (fanout : 1)
hpin:tr_soc_top_mx/u_vpu/u_rom/mux_exp_lut[a_idx[3]]_32_22/in_5[1] 	 (fanout : 1)
hpin:tr_soc_top_mx/u_vpu/u_rom/mux_exp_lut[a_idx[3]]_32_22/in_5[0] 	 (fanout : 1)
hpin:tr_soc_top_mx/u_vpu/u_rom/mux_exp_lut[a_idx[3]]_32_22/in_6[6] 	 (fanout : 1)
hpin:tr_soc_top_mx/u_vpu/u_rom/mux_exp_lut[a_idx[3]]_32_22/in_6[5] 	 (fanout : 1)
hpin:tr_soc_top_mx/u_vpu/u_rom/mux_exp_lut[a_idx[3]]_32_22/in_6[4] 	 (fanout : 1)
hpin:tr_soc_top_mx/u_vpu/u_rom/mux_exp_lut[a_idx[3]]_32_22/in_6[3] 	 (fanout : 1)
hpin:tr_soc_top_mx/u_vpu/u_rom/mux_exp_lut[a_idx[3]]_32_22/in_6[2] 	 (fanout : 1)
hpin:tr_soc_top_mx/u_vpu/u_rom/mux_exp_lut[a_idx[3]]_32_22/in_6[1] 	 (fanout : 1)
hpin:tr_soc_top_mx/u_vpu/u_rom/mux_exp_lut[a_idx[3]]_32_22/in_6[0] 	 (fanout : 1)
hpin:tr_soc_top_mx/u_vpu/u_rom/mux_exp_lut[a_idx[3]]_32_22/in_7[6] 	 (fanout : 1)
hpin:tr_soc_top_mx/u_vpu/u_rom/mux_exp_lut[a_idx[3]]_32_22/in_7[5] 	 (fanout : 1)
hpin:tr_soc_top_mx/u_vpu/u_rom/mux_exp_lut[a_idx[3]]_32_22/in_7[4] 	 (fanout : 1)
hpin:tr_soc_top_mx/u_vpu/u_rom/mux_exp_lut[a_idx[3]]_32_22/in_7[3] 	 (fanout : 1)
hpin:tr_soc_top_mx/u_vpu/u_rom/mux_exp_lut[a_idx[3]]_32_22/in_7[2] 	 (fanout : 1)
hpin:tr_soc_top_mx/u_vpu/u_rom/mux_exp_lut[a_idx[3]]_32_22/in_7[1] 	 (fanout : 1)
hpin:tr_soc_top_mx/u_vpu/u_rom/mux_exp_lut[a_idx[3]]_32_22/in_7[0] 	 (fanout : 1)
hpin:tr_soc_top_mx/u_vpu/u_rom/mux_exp_lut[a_idx[4]]_32_22/in_0[6] 	 (fanout : 1)
hpin:tr_soc_top_mx/u_vpu/u_rom/mux_exp_lut[a_idx[4]]_32_22/in_0[5] 	 (fanout : 1)
hpin:tr_soc_top_mx/u_vpu/u_rom/mux_exp_lut[a_idx[4]]_32_22/in_0[4] 	 (fanout : 1)
hpin:tr_soc_top_mx/u_vpu/u_rom/mux_exp_lut[a_idx[4]]_32_22/in_0[3] 	 (fanout : 1)
hpin:tr_soc_top_mx/u_vpu/u_rom/mux_exp_lut[a_idx[4]]_32_22/in_0[2] 	 (fanout : 1)
hpin:tr_soc_top_mx/u_vpu/u_rom/mux_exp_lut[a_idx[4]]_32_22/in_0[1] 	 (fanout : 1)
hpin:tr_soc_top_mx/u_vpu/u_rom/mux_exp_lut[a_idx[4]]_32_22/in_0[0] 	 (fanout : 1)
hpin:tr_soc_top_mx/u_vpu/u_rom/mux_exp_lut[a_idx[4]]_32_22/in_1[6] 	 (fanout : 1)
hpin:tr_soc_top_mx/u_vpu/u_rom/mux_exp_lut[a_idx[4]]_32_22/in_1[5] 	 (fanout : 1)
hpin:tr_soc_top_mx/u_vpu/u_rom/mux_exp_lut[a_idx[4]]_32_22/in_1[4] 	 (fanout : 1)
hpin:tr_soc_top_mx/u_vpu/u_rom/mux_exp_lut[a_idx[4]]_32_22/in_1[3] 	 (fanout : 1)
hpin:tr_soc_top_mx/u_vpu/u_rom/mux_exp_lut[a_idx[4]]_32_22/in_1[2] 	 (fanout : 1)
hpin:tr_soc_top_mx/u_vpu/u_rom/mux_exp_lut[a_idx[4]]_32_22/in_1[1] 	 (fanout : 1)
hpin:tr_soc_top_mx/u_vpu/u_rom/mux_exp_lut[a_idx[4]]_32_22/in_1[0] 	 (fanout : 1)
hpin:tr_soc_top_mx/u_vpu/u_rom/mux_exp_lut[a_idx[4]]_32_22/in_2[6] 	 (fanout : 1)
hpin:tr_soc_top_mx/u_vpu/u_rom/mux_exp_lut[a_idx[4]]_32_22/in_2[5] 	 (fanout : 1)
hpin:tr_soc_top_mx/u_vpu/u_rom/mux_exp_lut[a_idx[4]]_32_22/in_2[4] 	 (fanout : 1)
hpin:tr_soc_top_mx/u_vpu/u_rom/mux_exp_lut[a_idx[4]]_32_22/in_2[3] 	 (fanout : 1)
hpin:tr_soc_top_mx/u_vpu/u_rom/mux_exp_lut[a_idx[4]]_32_22/in_2[2] 	 (fanout : 1)
hpin:tr_soc_top_mx/u_vpu/u_rom/mux_exp_lut[a_idx[4]]_32_22/in_2[1] 	 (fanout : 1)
hpin:tr_soc_top_mx/u_vpu/u_rom/mux_exp_lut[a_idx[4]]_32_22/in_2[0] 	 (fanout : 1)
hpin:tr_soc_top_mx/u_vpu/u_rom/mux_exp_lut[a_idx[4]]_32_22/in_3[6] 	 (fanout : 1)
hpin:tr_soc_top_mx/u_vpu/u_rom/mux_exp_lut[a_idx[4]]_32_22/in_3[5] 	 (fanout : 1)
hpin:tr_soc_top_mx/u_vpu/u_rom/mux_exp_lut[a_idx[4]]_32_22/in_3[4] 	 (fanout : 1)
hpin:tr_soc_top_mx/u_vpu/u_rom/mux_exp_lut[a_idx[4]]_32_22/in_3[3] 	 (fanout : 1)
hpin:tr_soc_top_mx/u_vpu/u_rom/mux_exp_lut[a_idx[4]]_32_22/in_3[2] 	 (fanout : 1)
hpin:tr_soc_top_mx/u_vpu/u_rom/mux_exp_lut[a_idx[4]]_32_22/in_3[1] 	 (fanout : 1)
hpin:tr_soc_top_mx/u_vpu/u_rom/mux_exp_lut[a_idx[4]]_32_22/in_3[0] 	 (fanout : 1)
hpin:tr_soc_top_mx/u_vpu/u_rom/mux_exp_lut[a_idx[4]]_32_22/in_4[6] 	 (fanout : 1)
hpin:tr_soc_top_mx/u_vpu/u_rom/mux_exp_lut[a_idx[4]]_32_22/in_4[5] 	 (fanout : 1)
hpin:tr_soc_top_mx/u_vpu/u_rom/mux_exp_lut[a_idx[4]]_32_22/in_4[4] 	 (fanout : 1)
hpin:tr_soc_top_mx/u_vpu/u_rom/mux_exp_lut[a_idx[4]]_32_22/in_4[3] 	 (fanout : 1)
hpin:tr_soc_top_mx/u_vpu/u_rom/mux_exp_lut[a_idx[4]]_32_22/in_4[2] 	 (fanout : 1)
hpin:tr_soc_top_mx/u_vpu/u_rom/mux_exp_lut[a_idx[4]]_32_22/in_4[1] 	 (fanout : 1)
hpin:tr_soc_top_mx/u_vpu/u_rom/mux_exp_lut[a_idx[4]]_32_22/in_4[0] 	 (fanout : 1)
hpin:tr_soc_top_mx/u_vpu/u_rom/mux_exp_lut[a_idx[4]]_32_22/in_5[6] 	 (fanout : 1)
hpin:tr_soc_top_mx/u_vpu/u_rom/mux_exp_lut[a_idx[4]]_32_22/in_5[5] 	 (fanout : 1)
hpin:tr_soc_top_mx/u_vpu/u_rom/mux_exp_lut[a_idx[4]]_32_22/in_5[4] 	 (fanout : 1)
hpin:tr_soc_top_mx/u_vpu/u_rom/mux_exp_lut[a_idx[4]]_32_22/in_5[3] 	 (fanout : 1)
hpin:tr_soc_top_mx/u_vpu/u_rom/mux_exp_lut[a_idx[4]]_32_22/in_5[2] 	 (fanout : 1)
hpin:tr_soc_top_mx/u_vpu/u_rom/mux_exp_lut[a_idx[4]]_32_22/in_5[1] 	 (fanout : 1)
hpin:tr_soc_top_mx/u_vpu/u_rom/mux_exp_lut[a_idx[4]]_32_22/in_5[0] 	 (fanout : 1)
hpin:tr_soc_top_mx/u_vpu/u_rom/mux_exp_lut[a_idx[4]]_32_22/in_6[6] 	 (fanout : 1)
hpin:tr_soc_top_mx/u_vpu/u_rom/mux_exp_lut[a_idx[4]]_32_22/in_6[5] 	 (fanout : 1)
hpin:tr_soc_top_mx/u_vpu/u_rom/mux_exp_lut[a_idx[4]]_32_22/in_6[4] 	 (fanout : 1)
hpin:tr_soc_top_mx/u_vpu/u_rom/mux_exp_lut[a_idx[4]]_32_22/in_6[3] 	 (fanout : 1)
hpin:tr_soc_top_mx/u_vpu/u_rom/mux_exp_lut[a_idx[4]]_32_22/in_6[2] 	 (fanout : 1)
hpin:tr_soc_top_mx/u_vpu/u_rom/mux_exp_lut[a_idx[4]]_32_22/in_6[1] 	 (fanout : 1)
hpin:tr_soc_top_mx/u_vpu/u_rom/mux_exp_lut[a_idx[4]]_32_22/in_6[0] 	 (fanout : 1)
hpin:tr_soc_top_mx/u_vpu/u_rom/mux_exp_lut[a_idx[4]]_32_22/in_7[6] 	 (fanout : 1)
hpin:tr_soc_top_mx/u_vpu/u_rom/mux_exp_lut[a_idx[4]]_32_22/in_7[5] 	 (fanout : 1)
hpin:tr_soc_top_mx/u_vpu/u_rom/mux_exp_lut[a_idx[4]]_32_22/in_7[4] 	 (fanout : 1)
hpin:tr_soc_top_mx/u_vpu/u_rom/mux_exp_lut[a_idx[4]]_32_22/in_7[3] 	 (fanout : 1)
hpin:tr_soc_top_mx/u_vpu/u_rom/mux_exp_lut[a_idx[4]]_32_22/in_7[2] 	 (fanout : 1)
hpin:tr_soc_top_mx/u_vpu/u_rom/mux_exp_lut[a_idx[4]]_32_22/in_7[1] 	 (fanout : 1)
hpin:tr_soc_top_mx/u_vpu/u_rom/mux_exp_lut[a_idx[4]]_32_22/in_7[0] 	 (fanout : 1)
hpin:tr_soc_top_mx/u_vpu/u_rom/mux_exp_lut[a_idx[5]]_32_22/in_0[6] 	 (fanout : 1)
hpin:tr_soc_top_mx/u_vpu/u_rom/mux_exp_lut[a_idx[5]]_32_22/in_0[5] 	 (fanout : 1)
hpin:tr_soc_top_mx/u_vpu/u_rom/mux_exp_lut[a_idx[5]]_32_22/in_0[4] 	 (fanout : 1)
hpin:tr_soc_top_mx/u_vpu/u_rom/mux_exp_lut[a_idx[5]]_32_22/in_0[3] 	 (fanout : 1)
hpin:tr_soc_top_mx/u_vpu/u_rom/mux_exp_lut[a_idx[5]]_32_22/in_0[2] 	 (fanout : 1)
hpin:tr_soc_top_mx/u_vpu/u_rom/mux_exp_lut[a_idx[5]]_32_22/in_0[1] 	 (fanout : 1)
hpin:tr_soc_top_mx/u_vpu/u_rom/mux_exp_lut[a_idx[5]]_32_22/in_0[0] 	 (fanout : 1)
hpin:tr_soc_top_mx/u_vpu/u_rom/mux_exp_lut[a_idx[5]]_32_22/in_1[6] 	 (fanout : 1)
hpin:tr_soc_top_mx/u_vpu/u_rom/mux_exp_lut[a_idx[5]]_32_22/in_1[5] 	 (fanout : 1)
hpin:tr_soc_top_mx/u_vpu/u_rom/mux_exp_lut[a_idx[5]]_32_22/in_1[4] 	 (fanout : 1)
hpin:tr_soc_top_mx/u_vpu/u_rom/mux_exp_lut[a_idx[5]]_32_22/in_1[3] 	 (fanout : 1)
hpin:tr_soc_top_mx/u_vpu/u_rom/mux_exp_lut[a_idx[5]]_32_22/in_1[2] 	 (fanout : 1)
hpin:tr_soc_top_mx/u_vpu/u_rom/mux_exp_lut[a_idx[5]]_32_22/in_1[1] 	 (fanout : 1)
hpin:tr_soc_top_mx/u_vpu/u_rom/mux_exp_lut[a_idx[5]]_32_22/in_1[0] 	 (fanout : 1)
hpin:tr_soc_top_mx/u_vpu/u_rom/mux_exp_lut[a_idx[5]]_32_22/in_2[6] 	 (fanout : 1)
hpin:tr_soc_top_mx/u_vpu/u_rom/mux_exp_lut[a_idx[5]]_32_22/in_2[5] 	 (fanout : 1)
hpin:tr_soc_top_mx/u_vpu/u_rom/mux_exp_lut[a_idx[5]]_32_22/in_2[4] 	 (fanout : 1)
hpin:tr_soc_top_mx/u_vpu/u_rom/mux_exp_lut[a_idx[5]]_32_22/in_2[3] 	 (fanout : 1)
hpin:tr_soc_top_mx/u_vpu/u_rom/mux_exp_lut[a_idx[5]]_32_22/in_2[2] 	 (fanout : 1)
hpin:tr_soc_top_mx/u_vpu/u_rom/mux_exp_lut[a_idx[5]]_32_22/in_2[1] 	 (fanout : 1)
hpin:tr_soc_top_mx/u_vpu/u_rom/mux_exp_lut[a_idx[5]]_32_22/in_2[0] 	 (fanout : 1)
hpin:tr_soc_top_mx/u_vpu/u_rom/mux_exp_lut[a_idx[5]]_32_22/in_3[6] 	 (fanout : 1)
hpin:tr_soc_top_mx/u_vpu/u_rom/mux_exp_lut[a_idx[5]]_32_22/in_3[5] 	 (fanout : 1)
hpin:tr_soc_top_mx/u_vpu/u_rom/mux_exp_lut[a_idx[5]]_32_22/in_3[4] 	 (fanout : 1)
hpin:tr_soc_top_mx/u_vpu/u_rom/mux_exp_lut[a_idx[5]]_32_22/in_3[3] 	 (fanout : 1)
hpin:tr_soc_top_mx/u_vpu/u_rom/mux_exp_lut[a_idx[5]]_32_22/in_3[2] 	 (fanout : 1)
hpin:tr_soc_top_mx/u_vpu/u_rom/mux_exp_lut[a_idx[5]]_32_22/in_3[1] 	 (fanout : 1)
hpin:tr_soc_top_mx/u_vpu/u_rom/mux_exp_lut[a_idx[5]]_32_22/in_3[0] 	 (fanout : 1)
hpin:tr_soc_top_mx/u_vpu/u_rom/mux_exp_lut[a_idx[5]]_32_22/in_4[6] 	 (fanout : 1)
hpin:tr_soc_top_mx/u_vpu/u_rom/mux_exp_lut[a_idx[5]]_32_22/in_4[5] 	 (fanout : 1)
hpin:tr_soc_top_mx/u_vpu/u_rom/mux_exp_lut[a_idx[5]]_32_22/in_4[4] 	 (fanout : 1)
hpin:tr_soc_top_mx/u_vpu/u_rom/mux_exp_lut[a_idx[5]]_32_22/in_4[3] 	 (fanout : 1)
hpin:tr_soc_top_mx/u_vpu/u_rom/mux_exp_lut[a_idx[5]]_32_22/in_4[2] 	 (fanout : 1)
hpin:tr_soc_top_mx/u_vpu/u_rom/mux_exp_lut[a_idx[5]]_32_22/in_4[1] 	 (fanout : 1)
hpin:tr_soc_top_mx/u_vpu/u_rom/mux_exp_lut[a_idx[5]]_32_22/in_4[0] 	 (fanout : 1)
hpin:tr_soc_top_mx/u_vpu/u_rom/mux_exp_lut[a_idx[5]]_32_22/in_5[6] 	 (fanout : 1)
hpin:tr_soc_top_mx/u_vpu/u_rom/mux_exp_lut[a_idx[5]]_32_22/in_5[5] 	 (fanout : 1)
hpin:tr_soc_top_mx/u_vpu/u_rom/mux_exp_lut[a_idx[5]]_32_22/in_5[4] 	 (fanout : 1)
hpin:tr_soc_top_mx/u_vpu/u_rom/mux_exp_lut[a_idx[5]]_32_22/in_5[3] 	 (fanout : 1)
hpin:tr_soc_top_mx/u_vpu/u_rom/mux_exp_lut[a_idx[5]]_32_22/in_5[2] 	 (fanout : 1)
hpin:tr_soc_top_mx/u_vpu/u_rom/mux_exp_lut[a_idx[5]]_32_22/in_5[1] 	 (fanout : 1)
hpin:tr_soc_top_mx/u_vpu/u_rom/mux_exp_lut[a_idx[5]]_32_22/in_5[0] 	 (fanout : 1)
hpin:tr_soc_top_mx/u_vpu/u_rom/mux_exp_lut[a_idx[5]]_32_22/in_6[6] 	 (fanout : 1)
hpin:tr_soc_top_mx/u_vpu/u_rom/mux_exp_lut[a_idx[5]]_32_22/in_6[5] 	 (fanout : 1)
hpin:tr_soc_top_mx/u_vpu/u_rom/mux_exp_lut[a_idx[5]]_32_22/in_6[4] 	 (fanout : 1)
hpin:tr_soc_top_mx/u_vpu/u_rom/mux_exp_lut[a_idx[5]]_32_22/in_6[3] 	 (fanout : 1)
hpin:tr_soc_top_mx/u_vpu/u_rom/mux_exp_lut[a_idx[5]]_32_22/in_6[2] 	 (fanout : 1)
hpin:tr_soc_top_mx/u_vpu/u_rom/mux_exp_lut[a_idx[5]]_32_22/in_6[1] 	 (fanout : 1)
hpin:tr_soc_top_mx/u_vpu/u_rom/mux_exp_lut[a_idx[5]]_32_22/in_6[0] 	 (fanout : 1)
hpin:tr_soc_top_mx/u_vpu/u_rom/mux_exp_lut[a_idx[5]]_32_22/in_7[6] 	 (fanout : 1)
hpin:tr_soc_top_mx/u_vpu/u_rom/mux_exp_lut[a_idx[5]]_32_22/in_7[5] 	 (fanout : 1)
hpin:tr_soc_top_mx/u_vpu/u_rom/mux_exp_lut[a_idx[5]]_32_22/in_7[4] 	 (fanout : 1)
hpin:tr_soc_top_mx/u_vpu/u_rom/mux_exp_lut[a_idx[5]]_32_22/in_7[3] 	 (fanout : 1)
hpin:tr_soc_top_mx/u_vpu/u_rom/mux_exp_lut[a_idx[5]]_32_22/in_7[2] 	 (fanout : 1)
hpin:tr_soc_top_mx/u_vpu/u_rom/mux_exp_lut[a_idx[5]]_32_22/in_7[1] 	 (fanout : 1)
hpin:tr_soc_top_mx/u_vpu/u_rom/mux_exp_lut[a_idx[5]]_32_22/in_7[0] 	 (fanout : 1)
hpin:tr_soc_top_mx/u_vpu/u_rom/mux_exp_lut[a_idx[6]]_32_22/in_0[6] 	 (fanout : 1)
hpin:tr_soc_top_mx/u_vpu/u_rom/mux_exp_lut[a_idx[6]]_32_22/in_0[5] 	 (fanout : 1)
hpin:tr_soc_top_mx/u_vpu/u_rom/mux_exp_lut[a_idx[6]]_32_22/in_0[4] 	 (fanout : 1)
hpin:tr_soc_top_mx/u_vpu/u_rom/mux_exp_lut[a_idx[6]]_32_22/in_0[3] 	 (fanout : 1)
hpin:tr_soc_top_mx/u_vpu/u_rom/mux_exp_lut[a_idx[6]]_32_22/in_0[2] 	 (fanout : 1)
hpin:tr_soc_top_mx/u_vpu/u_rom/mux_exp_lut[a_idx[6]]_32_22/in_0[1] 	 (fanout : 1)
hpin:tr_soc_top_mx/u_vpu/u_rom/mux_exp_lut[a_idx[6]]_32_22/in_0[0] 	 (fanout : 1)
hpin:tr_soc_top_mx/u_vpu/u_rom/mux_exp_lut[a_idx[6]]_32_22/in_1[6] 	 (fanout : 1)
hpin:tr_soc_top_mx/u_vpu/u_rom/mux_exp_lut[a_idx[6]]_32_22/in_1[5] 	 (fanout : 1)
hpin:tr_soc_top_mx/u_vpu/u_rom/mux_exp_lut[a_idx[6]]_32_22/in_1[4] 	 (fanout : 1)
hpin:tr_soc_top_mx/u_vpu/u_rom/mux_exp_lut[a_idx[6]]_32_22/in_1[3] 	 (fanout : 1)
hpin:tr_soc_top_mx/u_vpu/u_rom/mux_exp_lut[a_idx[6]]_32_22/in_1[2] 	 (fanout : 1)
hpin:tr_soc_top_mx/u_vpu/u_rom/mux_exp_lut[a_idx[6]]_32_22/in_1[1] 	 (fanout : 1)
hpin:tr_soc_top_mx/u_vpu/u_rom/mux_exp_lut[a_idx[6]]_32_22/in_1[0] 	 (fanout : 1)
hpin:tr_soc_top_mx/u_vpu/u_rom/mux_exp_lut[a_idx[6]]_32_22/in_2[6] 	 (fanout : 1)
hpin:tr_soc_top_mx/u_vpu/u_rom/mux_exp_lut[a_idx[6]]_32_22/in_2[5] 	 (fanout : 1)
hpin:tr_soc_top_mx/u_vpu/u_rom/mux_exp_lut[a_idx[6]]_32_22/in_2[4] 	 (fanout : 1)
hpin:tr_soc_top_mx/u_vpu/u_rom/mux_exp_lut[a_idx[6]]_32_22/in_2[3] 	 (fanout : 1)
hpin:tr_soc_top_mx/u_vpu/u_rom/mux_exp_lut[a_idx[6]]_32_22/in_2[2] 	 (fanout : 1)
hpin:tr_soc_top_mx/u_vpu/u_rom/mux_exp_lut[a_idx[6]]_32_22/in_2[1] 	 (fanout : 1)
hpin:tr_soc_top_mx/u_vpu/u_rom/mux_exp_lut[a_idx[6]]_32_22/in_2[0] 	 (fanout : 1)
hpin:tr_soc_top_mx/u_vpu/u_rom/mux_exp_lut[a_idx[6]]_32_22/in_3[6] 	 (fanout : 1)
hpin:tr_soc_top_mx/u_vpu/u_rom/mux_exp_lut[a_idx[6]]_32_22/in_3[5] 	 (fanout : 1)
hpin:tr_soc_top_mx/u_vpu/u_rom/mux_exp_lut[a_idx[6]]_32_22/in_3[4] 	 (fanout : 1)
hpin:tr_soc_top_mx/u_vpu/u_rom/mux_exp_lut[a_idx[6]]_32_22/in_3[3] 	 (fanout : 1)
hpin:tr_soc_top_mx/u_vpu/u_rom/mux_exp_lut[a_idx[6]]_32_22/in_3[2] 	 (fanout : 1)
hpin:tr_soc_top_mx/u_vpu/u_rom/mux_exp_lut[a_idx[6]]_32_22/in_3[1] 	 (fanout : 1)
hpin:tr_soc_top_mx/u_vpu/u_rom/mux_exp_lut[a_idx[6]]_32_22/in_3[0] 	 (fanout : 1)
hpin:tr_soc_top_mx/u_vpu/u_rom/mux_exp_lut[a_idx[6]]_32_22/in_4[6] 	 (fanout : 1)
hpin:tr_soc_top_mx/u_vpu/u_rom/mux_exp_lut[a_idx[6]]_32_22/in_4[5] 	 (fanout : 1)
hpin:tr_soc_top_mx/u_vpu/u_rom/mux_exp_lut[a_idx[6]]_32_22/in_4[4] 	 (fanout : 1)
hpin:tr_soc_top_mx/u_vpu/u_rom/mux_exp_lut[a_idx[6]]_32_22/in_4[3] 	 (fanout : 1)
hpin:tr_soc_top_mx/u_vpu/u_rom/mux_exp_lut[a_idx[6]]_32_22/in_4[2] 	 (fanout : 1)
hpin:tr_soc_top_mx/u_vpu/u_rom/mux_exp_lut[a_idx[6]]_32_22/in_4[1] 	 (fanout : 1)
hpin:tr_soc_top_mx/u_vpu/u_rom/mux_exp_lut[a_idx[6]]_32_22/in_4[0] 	 (fanout : 1)
hpin:tr_soc_top_mx/u_vpu/u_rom/mux_exp_lut[a_idx[6]]_32_22/in_5[6] 	 (fanout : 1)
hpin:tr_soc_top_mx/u_vpu/u_rom/mux_exp_lut[a_idx[6]]_32_22/in_5[5] 	 (fanout : 1)
hpin:tr_soc_top_mx/u_vpu/u_rom/mux_exp_lut[a_idx[6]]_32_22/in_5[4] 	 (fanout : 1)
hpin:tr_soc_top_mx/u_vpu/u_rom/mux_exp_lut[a_idx[6]]_32_22/in_5[3] 	 (fanout : 1)
hpin:tr_soc_top_mx/u_vpu/u_rom/mux_exp_lut[a_idx[6]]_32_22/in_5[2] 	 (fanout : 1)
hpin:tr_soc_top_mx/u_vpu/u_rom/mux_exp_lut[a_idx[6]]_32_22/in_5[1] 	 (fanout : 1)
hpin:tr_soc_top_mx/u_vpu/u_rom/mux_exp_lut[a_idx[6]]_32_22/in_5[0] 	 (fanout : 1)
hpin:tr_soc_top_mx/u_vpu/u_rom/mux_exp_lut[a_idx[6]]_32_22/in_6[6] 	 (fanout : 1)
hpin:tr_soc_top_mx/u_vpu/u_rom/mux_exp_lut[a_idx[6]]_32_22/in_6[5] 	 (fanout : 1)
hpin:tr_soc_top_mx/u_vpu/u_rom/mux_exp_lut[a_idx[6]]_32_22/in_6[4] 	 (fanout : 1)
hpin:tr_soc_top_mx/u_vpu/u_rom/mux_exp_lut[a_idx[6]]_32_22/in_6[3] 	 (fanout : 1)
hpin:tr_soc_top_mx/u_vpu/u_rom/mux_exp_lut[a_idx[6]]_32_22/in_6[2] 	 (fanout : 1)
hpin:tr_soc_top_mx/u_vpu/u_rom/mux_exp_lut[a_idx[6]]_32_22/in_6[1] 	 (fanout : 1)
hpin:tr_soc_top_mx/u_vpu/u_rom/mux_exp_lut[a_idx[6]]_32_22/in_6[0] 	 (fanout : 1)
hpin:tr_soc_top_mx/u_vpu/u_rom/mux_exp_lut[a_idx[6]]_32_22/in_7[6] 	 (fanout : 1)
hpin:tr_soc_top_mx/u_vpu/u_rom/mux_exp_lut[a_idx[6]]_32_22/in_7[5] 	 (fanout : 1)
hpin:tr_soc_top_mx/u_vpu/u_rom/mux_exp_lut[a_idx[6]]_32_22/in_7[4] 	 (fanout : 1)
hpin:tr_soc_top_mx/u_vpu/u_rom/mux_exp_lut[a_idx[6]]_32_22/in_7[3] 	 (fanout : 1)
hpin:tr_soc_top_mx/u_vpu/u_rom/mux_exp_lut[a_idx[6]]_32_22/in_7[2] 	 (fanout : 1)
hpin:tr_soc_top_mx/u_vpu/u_rom/mux_exp_lut[a_idx[6]]_32_22/in_7[1] 	 (fanout : 1)
hpin:tr_soc_top_mx/u_vpu/u_rom/mux_exp_lut[a_idx[6]]_32_22/in_7[0] 	 (fanout : 1)
hpin:tr_soc_top_mx/u_vpu/u_rom/mux_exp_lut[a_idx[7]]_32_22/in_0[6] 	 (fanout : 1)
hpin:tr_soc_top_mx/u_vpu/u_rom/mux_exp_lut[a_idx[7]]_32_22/in_0[5] 	 (fanout : 1)
hpin:tr_soc_top_mx/u_vpu/u_rom/mux_exp_lut[a_idx[7]]_32_22/in_0[4] 	 (fanout : 1)
hpin:tr_soc_top_mx/u_vpu/u_rom/mux_exp_lut[a_idx[7]]_32_22/in_0[3] 	 (fanout : 1)
hpin:tr_soc_top_mx/u_vpu/u_rom/mux_exp_lut[a_idx[7]]_32_22/in_0[2] 	 (fanout : 1)
hpin:tr_soc_top_mx/u_vpu/u_rom/mux_exp_lut[a_idx[7]]_32_22/in_0[1] 	 (fanout : 1)
hpin:tr_soc_top_mx/u_vpu/u_rom/mux_exp_lut[a_idx[7]]_32_22/in_0[0] 	 (fanout : 1)
hpin:tr_soc_top_mx/u_vpu/u_rom/mux_exp_lut[a_idx[7]]_32_22/in_1[6] 	 (fanout : 1)
hpin:tr_soc_top_mx/u_vpu/u_rom/mux_exp_lut[a_idx[7]]_32_22/in_1[5] 	 (fanout : 1)
hpin:tr_soc_top_mx/u_vpu/u_rom/mux_exp_lut[a_idx[7]]_32_22/in_1[4] 	 (fanout : 1)
hpin:tr_soc_top_mx/u_vpu/u_rom/mux_exp_lut[a_idx[7]]_32_22/in_1[3] 	 (fanout : 1)
hpin:tr_soc_top_mx/u_vpu/u_rom/mux_exp_lut[a_idx[7]]_32_22/in_1[2] 	 (fanout : 1)
hpin:tr_soc_top_mx/u_vpu/u_rom/mux_exp_lut[a_idx[7]]_32_22/in_1[1] 	 (fanout : 1)
hpin:tr_soc_top_mx/u_vpu/u_rom/mux_exp_lut[a_idx[7]]_32_22/in_1[0] 	 (fanout : 1)
hpin:tr_soc_top_mx/u_vpu/u_rom/mux_exp_lut[a_idx[7]]_32_22/in_2[6] 	 (fanout : 1)
hpin:tr_soc_top_mx/u_vpu/u_rom/mux_exp_lut[a_idx[7]]_32_22/in_2[5] 	 (fanout : 1)
hpin:tr_soc_top_mx/u_vpu/u_rom/mux_exp_lut[a_idx[7]]_32_22/in_2[4] 	 (fanout : 1)
hpin:tr_soc_top_mx/u_vpu/u_rom/mux_exp_lut[a_idx[7]]_32_22/in_2[3] 	 (fanout : 1)
hpin:tr_soc_top_mx/u_vpu/u_rom/mux_exp_lut[a_idx[7]]_32_22/in_2[2] 	 (fanout : 1)
hpin:tr_soc_top_mx/u_vpu/u_rom/mux_exp_lut[a_idx[7]]_32_22/in_2[1] 	 (fanout : 1)
hpin:tr_soc_top_mx/u_vpu/u_rom/mux_exp_lut[a_idx[7]]_32_22/in_2[0] 	 (fanout : 1)
hpin:tr_soc_top_mx/u_vpu/u_rom/mux_exp_lut[a_idx[7]]_32_22/in_3[6] 	 (fanout : 1)
hpin:tr_soc_top_mx/u_vpu/u_rom/mux_exp_lut[a_idx[7]]_32_22/in_3[5] 	 (fanout : 1)
hpin:tr_soc_top_mx/u_vpu/u_rom/mux_exp_lut[a_idx[7]]_32_22/in_3[4] 	 (fanout : 1)
hpin:tr_soc_top_mx/u_vpu/u_rom/mux_exp_lut[a_idx[7]]_32_22/in_3[3] 	 (fanout : 1)
hpin:tr_soc_top_mx/u_vpu/u_rom/mux_exp_lut[a_idx[7]]_32_22/in_3[2] 	 (fanout : 1)
hpin:tr_soc_top_mx/u_vpu/u_rom/mux_exp_lut[a_idx[7]]_32_22/in_3[1] 	 (fanout : 1)
hpin:tr_soc_top_mx/u_vpu/u_rom/mux_exp_lut[a_idx[7]]_32_22/in_3[0] 	 (fanout : 1)
hpin:tr_soc_top_mx/u_vpu/u_rom/mux_exp_lut[a_idx[7]]_32_22/in_4[6] 	 (fanout : 1)
hpin:tr_soc_top_mx/u_vpu/u_rom/mux_exp_lut[a_idx[7]]_32_22/in_4[5] 	 (fanout : 1)
hpin:tr_soc_top_mx/u_vpu/u_rom/mux_exp_lut[a_idx[7]]_32_22/in_4[4] 	 (fanout : 1)
hpin:tr_soc_top_mx/u_vpu/u_rom/mux_exp_lut[a_idx[7]]_32_22/in_4[3] 	 (fanout : 1)
hpin:tr_soc_top_mx/u_vpu/u_rom/mux_exp_lut[a_idx[7]]_32_22/in_4[2] 	 (fanout : 1)
hpin:tr_soc_top_mx/u_vpu/u_rom/mux_exp_lut[a_idx[7]]_32_22/in_4[1] 	 (fanout : 1)
hpin:tr_soc_top_mx/u_vpu/u_rom/mux_exp_lut[a_idx[7]]_32_22/in_4[0] 	 (fanout : 1)
hpin:tr_soc_top_mx/u_vpu/u_rom/mux_exp_lut[a_idx[7]]_32_22/in_5[6] 	 (fanout : 1)
hpin:tr_soc_top_mx/u_vpu/u_rom/mux_exp_lut[a_idx[7]]_32_22/in_5[5] 	 (fanout : 1)
hpin:tr_soc_top_mx/u_vpu/u_rom/mux_exp_lut[a_idx[7]]_32_22/in_5[4] 	 (fanout : 1)
hpin:tr_soc_top_mx/u_vpu/u_rom/mux_exp_lut[a_idx[7]]_32_22/in_5[3] 	 (fanout : 1)
hpin:tr_soc_top_mx/u_vpu/u_rom/mux_exp_lut[a_idx[7]]_32_22/in_5[2] 	 (fanout : 1)
hpin:tr_soc_top_mx/u_vpu/u_rom/mux_exp_lut[a_idx[7]]_32_22/in_5[1] 	 (fanout : 1)
hpin:tr_soc_top_mx/u_vpu/u_rom/mux_exp_lut[a_idx[7]]_32_22/in_5[0] 	 (fanout : 1)
hpin:tr_soc_top_mx/u_vpu/u_rom/mux_exp_lut[a_idx[7]]_32_22/in_6[6] 	 (fanout : 1)
hpin:tr_soc_top_mx/u_vpu/u_rom/mux_exp_lut[a_idx[7]]_32_22/in_6[5] 	 (fanout : 1)
hpin:tr_soc_top_mx/u_vpu/u_rom/mux_exp_lut[a_idx[7]]_32_22/in_6[4] 	 (fanout : 1)
hpin:tr_soc_top_mx/u_vpu/u_rom/mux_exp_lut[a_idx[7]]_32_22/in_6[3] 	 (fanout : 1)
hpin:tr_soc_top_mx/u_vpu/u_rom/mux_exp_lut[a_idx[7]]_32_22/in_6[2] 	 (fanout : 1)
hpin:tr_soc_top_mx/u_vpu/u_rom/mux_exp_lut[a_idx[7]]_32_22/in_6[1] 	 (fanout : 1)
hpin:tr_soc_top_mx/u_vpu/u_rom/mux_exp_lut[a_idx[7]]_32_22/in_6[0] 	 (fanout : 1)
hpin:tr_soc_top_mx/u_vpu/u_rom/mux_exp_lut[a_idx[7]]_32_22/in_7[6] 	 (fanout : 1)
hpin:tr_soc_top_mx/u_vpu/u_rom/mux_exp_lut[a_idx[7]]_32_22/in_7[5] 	 (fanout : 1)
hpin:tr_soc_top_mx/u_vpu/u_rom/mux_exp_lut[a_idx[7]]_32_22/in_7[4] 	 (fanout : 1)
hpin:tr_soc_top_mx/u_vpu/u_rom/mux_exp_lut[a_idx[7]]_32_22/in_7[3] 	 (fanout : 1)
hpin:tr_soc_top_mx/u_vpu/u_rom/mux_exp_lut[a_idx[7]]_32_22/in_7[2] 	 (fanout : 1)
hpin:tr_soc_top_mx/u_vpu/u_rom/mux_exp_lut[a_idx[7]]_32_22/in_7[1] 	 (fanout : 1)
hpin:tr_soc_top_mx/u_vpu/u_rom/mux_exp_lut[a_idx[7]]_32_22/in_7[0] 	 (fanout : 1)
hpin:tr_soc_top_mx/u_vpu/u_mac/mul_90_60_I8/B[16] 	 (fanout : 8)
hpin:tr_soc_top_mx/u_vpu/u_mac/mul_91_71_I8/A[16] 	 (fanout : 9)
hpin:tr_soc_top_mx/u_vpu/u_mac/mul_91_71_I8/B[16] 	 (fanout : 20)
hpin:tr_soc_top_mx/u_vpu/u_mac/mul_90_60_I7/B[16] 	 (fanout : 8)
hpin:tr_soc_top_mx/u_vpu/u_mac/mul_91_71_I7/A[16] 	 (fanout : 9)
hpin:tr_soc_top_mx/u_vpu/u_mac/mul_91_71_I7/B[16] 	 (fanout : 20)
hpin:tr_soc_top_mx/u_vpu/u_mac/mul_90_60_I6/B[16] 	 (fanout : 8)
hpin:tr_soc_top_mx/u_vpu/u_mac/mul_91_71_I6/A[16] 	 (fanout : 9)
hpin:tr_soc_top_mx/u_vpu/u_mac/mul_91_71_I6/B[16] 	 (fanout : 20)
hpin:tr_soc_top_mx/u_vpu/u_mac/mul_90_60_I5/B[16] 	 (fanout : 8)
hpin:tr_soc_top_mx/u_vpu/u_mac/mul_91_71_I5/A[16] 	 (fanout : 9)
hpin:tr_soc_top_mx/u_vpu/u_mac/mul_91_71_I5/B[16] 	 (fanout : 20)
hpin:tr_soc_top_mx/u_vpu/u_mac/mul_90_60_I4/B[16] 	 (fanout : 8)
hpin:tr_soc_top_mx/u_vpu/u_mac/mul_91_71_I4/A[16] 	 (fanout : 9)
hpin:tr_soc_top_mx/u_vpu/u_mac/mul_91_71_I4/B[16] 	 (fanout : 20)
hpin:tr_soc_top_mx/u_vpu/u_mac/mul_90_60_I3/B[16] 	 (fanout : 8)
hpin:tr_soc_top_mx/u_vpu/u_mac/mul_91_71_I3/A[16] 	 (fanout : 9)
hpin:tr_soc_top_mx/u_vpu/u_mac/mul_91_71_I3/B[16] 	 (fanout : 20)
hpin:tr_soc_top_mx/u_vpu/u_mac/mul_90_60_I2/B[16] 	 (fanout : 8)
hpin:tr_soc_top_mx/u_vpu/u_mac/mul_91_71_I2/A[16] 	 (fanout : 9)
hpin:tr_soc_top_mx/u_vpu/u_mac/mul_91_71_I2/B[16] 	 (fanout : 20)
hpin:tr_soc_top_mx/u_vpu/u_mac/mul_90_60_I1/B[16] 	 (fanout : 8)
hpin:tr_soc_top_mx/u_vpu/u_mac/mul_91_71_I1/A[16] 	 (fanout : 9)
hpin:tr_soc_top_mx/u_vpu/u_mac/mul_91_71_I1/B[16] 	 (fanout : 20)
hpin:tr_soc_top_mx/u_vpu/u_vecmul/mul_77_60_I8/B[16] 	 (fanout : 8)
hpin:tr_soc_top_mx/u_vpu/u_vecmul/mul_78_71_I8/A[16] 	 (fanout : 9)
hpin:tr_soc_top_mx/u_vpu/u_vecmul/mul_78_71_I8/B[16] 	 (fanout : 20)
hpin:tr_soc_top_mx/u_vpu/u_vecmul/mul_77_60_I7/B[16] 	 (fanout : 8)
hpin:tr_soc_top_mx/u_vpu/u_vecmul/mul_78_71_I7/A[16] 	 (fanout : 9)
hpin:tr_soc_top_mx/u_vpu/u_vecmul/mul_78_71_I7/B[16] 	 (fanout : 20)
hpin:tr_soc_top_mx/u_vpu/u_vecmul/mul_77_60_I6/B[16] 	 (fanout : 8)
hpin:tr_soc_top_mx/u_vpu/u_vecmul/mul_78_71_I6/A[16] 	 (fanout : 9)
hpin:tr_soc_top_mx/u_vpu/u_vecmul/mul_78_71_I6/B[16] 	 (fanout : 20)
hpin:tr_soc_top_mx/u_vpu/u_vecmul/mul_77_60_I5/B[16] 	 (fanout : 8)
hpin:tr_soc_top_mx/u_vpu/u_vecmul/mul_78_71_I5/A[16] 	 (fanout : 9)
hpin:tr_soc_top_mx/u_vpu/u_vecmul/mul_78_71_I5/B[16] 	 (fanout : 20)
hpin:tr_soc_top_mx/u_vpu/u_vecmul/mul_77_60_I4/B[16] 	 (fanout : 8)
hpin:tr_soc_top_mx/u_vpu/u_vecmul/mul_78_71_I4/A[16] 	 (fanout : 9)
hpin:tr_soc_top_mx/u_vpu/u_vecmul/mul_78_71_I4/B[16] 	 (fanout : 20)
hpin:tr_soc_top_mx/u_vpu/u_vecmul/mul_77_60_I3/B[16] 	 (fanout : 8)
hpin:tr_soc_top_mx/u_vpu/u_vecmul/mul_78_71_I3/A[16] 	 (fanout : 9)
hpin:tr_soc_top_mx/u_vpu/u_vecmul/mul_78_71_I3/B[16] 	 (fanout : 20)
hpin:tr_soc_top_mx/u_vpu/u_vecmul/mul_77_60_I2/B[16] 	 (fanout : 8)
hpin:tr_soc_top_mx/u_vpu/u_vecmul/mul_78_71_I2/A[16] 	 (fanout : 9)
hpin:tr_soc_top_mx/u_vpu/u_vecmul/mul_78_71_I2/B[16] 	 (fanout : 20)
hpin:tr_soc_top_mx/u_vpu/u_vecmul/mul_77_60_I1/B[16] 	 (fanout : 8)
hpin:tr_soc_top_mx/u_vpu/u_vecmul/mul_78_71_I1/A[16] 	 (fanout : 9)
hpin:tr_soc_top_mx/u_vpu/u_vecmul/mul_78_71_I1/B[16] 	 (fanout : 20)
hpin:tr_soc_top_mx/u_vpu/u_mac/c[31] 	 (fanout : 1)
hpin:tr_soc_top_mx/u_vpu/u_mac/c[30] 	 (fanout : 1)
hpin:tr_soc_top_mx/u_vpu/u_mac/c[29] 	 (fanout : 1)
hpin:tr_soc_top_mx/u_vpu/u_mac/c[28] 	 (fanout : 1)
hpin:tr_soc_top_mx/u_vpu/u_mac/c[27] 	 (fanout : 1)
hpin:tr_soc_top_mx/u_vpu/u_mac/c[26] 	 (fanout : 1)
hpin:tr_soc_top_mx/u_vpu/u_mac/c[25] 	 (fanout : 1)
hpin:tr_soc_top_mx/u_vpu/u_mac/c[24] 	 (fanout : 1)
hpin:tr_soc_top_mx/u_vpu/u_mac/c[23] 	 (fanout : 1)
hpin:tr_soc_top_mx/u_vpu/u_mac/c[22] 	 (fanout : 1)
hpin:tr_soc_top_mx/u_vpu/u_mac/c[21] 	 (fanout : 1)
hpin:tr_soc_top_mx/u_vpu/u_mac/c[20] 	 (fanout : 1)
hpin:tr_soc_top_mx/u_vpu/u_mac/c[19] 	 (fanout : 1)
hpin:tr_soc_top_mx/u_vpu/u_mac/c[18] 	 (fanout : 1)
hpin:tr_soc_top_mx/u_vpu/u_mac/c[17] 	 (fanout : 1)
hpin:tr_soc_top_mx/u_vpu/u_mac/c[16] 	 (fanout : 1)
hpin:tr_soc_top_mx/u_vpu/u_mac/c[15] 	 (fanout : 1)
hpin:tr_soc_top_mx/u_vpu/u_mac/c[14] 	 (fanout : 1)
hpin:tr_soc_top_mx/u_vpu/u_mac/c[13] 	 (fanout : 1)
hpin:tr_soc_top_mx/u_vpu/u_mac/c[12] 	 (fanout : 1)
hpin:tr_soc_top_mx/u_vpu/u_mac/c[11] 	 (fanout : 1)
hpin:tr_soc_top_mx/u_vpu/u_mac/c[10] 	 (fanout : 1)
hpin:tr_soc_top_mx/u_vpu/u_mac/c[9] 	 (fanout : 1)
hpin:tr_soc_top_mx/u_vpu/u_mac/c[8] 	 (fanout : 1)
hpin:tr_soc_top_mx/u_vpu/u_mac/c[7] 	 (fanout : 1)
hpin:tr_soc_top_mx/u_vpu/u_mac/c[6] 	 (fanout : 1)
hpin:tr_soc_top_mx/u_vpu/u_mac/c[5] 	 (fanout : 1)
hpin:tr_soc_top_mx/u_vpu/u_mac/c[4] 	 (fanout : 1)
hpin:tr_soc_top_mx/u_vpu/u_mac/c[3] 	 (fanout : 1)
hpin:tr_soc_top_mx/u_vpu/u_mac/c[2] 	 (fanout : 1)
hpin:tr_soc_top_mx/u_vpu/u_mac/c[1] 	 (fanout : 1)
hpin:tr_soc_top_mx/u_vpu/u_mac/c[0] 	 (fanout : 1)
hpin:tr_soc_top_mx/u_vpu/u_mac/out_ready 	 (fanout : 1)
hpin:tr_soc_top_mx/u_vpu/u_vecmul/out_ready 	 (fanout : 1)
hpin:tr_soc_top_mx/u_vpu/gt_266_48_I8/B[8] 	 (fanout : 47)
hpin:tr_soc_top_mx/u_vpu/gt_266_48_I8/B[7] 	 (fanout : 2)
hpin:tr_soc_top_mx/u_vpu/gt_266_48_I8/B[6] 	 (fanout : 2)
hpin:tr_soc_top_mx/u_vpu/gt_266_48_I8/B[5] 	 (fanout : 2)
hpin:tr_soc_top_mx/u_vpu/gt_266_48_I8/B[4] 	 (fanout : 2)
hpin:tr_soc_top_mx/u_vpu/gt_266_48_I8/B[3] 	 (fanout : 2)
hpin:tr_soc_top_mx/u_vpu/gt_266_48_I8/B[2] 	 (fanout : 2)
hpin:tr_soc_top_mx/u_vpu/gt_266_48_I8/B[1] 	 (fanout : 2)
hpin:tr_soc_top_mx/u_vpu/gt_266_48_I8/B[0] 	 (fanout : 1)
hpin:tr_soc_top_mx/u_vpu/gt_266_48_I7/B[8] 	 (fanout : 47)
hpin:tr_soc_top_mx/u_vpu/gt_266_48_I7/B[7] 	 (fanout : 2)
hpin:tr_soc_top_mx/u_vpu/gt_266_48_I7/B[6] 	 (fanout : 2)
hpin:tr_soc_top_mx/u_vpu/gt_266_48_I7/B[5] 	 (fanout : 2)
hpin:tr_soc_top_mx/u_vpu/gt_266_48_I7/B[4] 	 (fanout : 2)
hpin:tr_soc_top_mx/u_vpu/gt_266_48_I7/B[3] 	 (fanout : 2)
hpin:tr_soc_top_mx/u_vpu/gt_266_48_I7/B[2] 	 (fanout : 2)
hpin:tr_soc_top_mx/u_vpu/gt_266_48_I7/B[1] 	 (fanout : 2)
hpin:tr_soc_top_mx/u_vpu/gt_266_48_I7/B[0] 	 (fanout : 1)
hpin:tr_soc_top_mx/u_vpu/gt_266_48_I6/B[8] 	 (fanout : 47)
hpin:tr_soc_top_mx/u_vpu/gt_266_48_I6/B[7] 	 (fanout : 2)
hpin:tr_soc_top_mx/u_vpu/gt_266_48_I6/B[6] 	 (fanout : 2)
hpin:tr_soc_top_mx/u_vpu/gt_266_48_I6/B[5] 	 (fanout : 2)
hpin:tr_soc_top_mx/u_vpu/gt_266_48_I6/B[4] 	 (fanout : 2)
hpin:tr_soc_top_mx/u_vpu/gt_266_48_I6/B[3] 	 (fanout : 2)
hpin:tr_soc_top_mx/u_vpu/gt_266_48_I6/B[2] 	 (fanout : 2)
hpin:tr_soc_top_mx/u_vpu/gt_266_48_I6/B[1] 	 (fanout : 2)
hpin:tr_soc_top_mx/u_vpu/gt_266_48_I6/B[0] 	 (fanout : 1)
hpin:tr_soc_top_mx/u_vpu/gt_266_48_I5/B[8] 	 (fanout : 47)
hpin:tr_soc_top_mx/u_vpu/gt_266_48_I5/B[7] 	 (fanout : 2)
hpin:tr_soc_top_mx/u_vpu/gt_266_48_I5/B[6] 	 (fanout : 2)
hpin:tr_soc_top_mx/u_vpu/gt_266_48_I5/B[5] 	 (fanout : 2)
hpin:tr_soc_top_mx/u_vpu/gt_266_48_I5/B[4] 	 (fanout : 2)
hpin:tr_soc_top_mx/u_vpu/gt_266_48_I5/B[3] 	 (fanout : 2)
hpin:tr_soc_top_mx/u_vpu/gt_266_48_I5/B[2] 	 (fanout : 2)
hpin:tr_soc_top_mx/u_vpu/gt_266_48_I5/B[1] 	 (fanout : 2)
hpin:tr_soc_top_mx/u_vpu/gt_266_48_I5/B[0] 	 (fanout : 1)
hpin:tr_soc_top_mx/u_vpu/gt_266_48_I4/B[8] 	 (fanout : 47)
hpin:tr_soc_top_mx/u_vpu/gt_266_48_I4/B[7] 	 (fanout : 2)
hpin:tr_soc_top_mx/u_vpu/gt_266_48_I4/B[6] 	 (fanout : 2)
hpin:tr_soc_top_mx/u_vpu/gt_266_48_I4/B[5] 	 (fanout : 2)
hpin:tr_soc_top_mx/u_vpu/gt_266_48_I4/B[4] 	 (fanout : 2)
hpin:tr_soc_top_mx/u_vpu/gt_266_48_I4/B[3] 	 (fanout : 2)
hpin:tr_soc_top_mx/u_vpu/gt_266_48_I4/B[2] 	 (fanout : 2)
hpin:tr_soc_top_mx/u_vpu/gt_266_48_I4/B[1] 	 (fanout : 2)
hpin:tr_soc_top_mx/u_vpu/gt_266_48_I4/B[0] 	 (fanout : 1)
hpin:tr_soc_top_mx/u_vpu/gt_266_48_I3/B[8] 	 (fanout : 47)
hpin:tr_soc_top_mx/u_vpu/gt_266_48_I3/B[7] 	 (fanout : 2)
hpin:tr_soc_top_mx/u_vpu/gt_266_48_I3/B[6] 	 (fanout : 2)
hpin:tr_soc_top_mx/u_vpu/gt_266_48_I3/B[5] 	 (fanout : 2)
hpin:tr_soc_top_mx/u_vpu/gt_266_48_I3/B[4] 	 (fanout : 2)
hpin:tr_soc_top_mx/u_vpu/gt_266_48_I3/B[3] 	 (fanout : 2)
hpin:tr_soc_top_mx/u_vpu/gt_266_48_I3/B[2] 	 (fanout : 2)
hpin:tr_soc_top_mx/u_vpu/gt_266_48_I3/B[1] 	 (fanout : 2)
hpin:tr_soc_top_mx/u_vpu/gt_266_48_I3/B[0] 	 (fanout : 1)
hpin:tr_soc_top_mx/u_vpu/gt_266_48_I2/B[8] 	 (fanout : 47)
hpin:tr_soc_top_mx/u_vpu/gt_266_48_I2/B[7] 	 (fanout : 2)
hpin:tr_soc_top_mx/u_vpu/gt_266_48_I2/B[6] 	 (fanout : 2)
hpin:tr_soc_top_mx/u_vpu/gt_266_48_I2/B[5] 	 (fanout : 2)
hpin:tr_soc_top_mx/u_vpu/gt_266_48_I2/B[4] 	 (fanout : 2)
hpin:tr_soc_top_mx/u_vpu/gt_266_48_I2/B[3] 	 (fanout : 2)
hpin:tr_soc_top_mx/u_vpu/gt_266_48_I2/B[2] 	 (fanout : 2)
hpin:tr_soc_top_mx/u_vpu/gt_266_48_I2/B[1] 	 (fanout : 2)
hpin:tr_soc_top_mx/u_vpu/gt_266_48_I2/B[0] 	 (fanout : 1)
hpin:tr_soc_top_mx/u_vpu/gt_266_48_I1/B[8] 	 (fanout : 47)
hpin:tr_soc_top_mx/u_vpu/gt_266_48_I1/B[7] 	 (fanout : 2)
hpin:tr_soc_top_mx/u_vpu/gt_266_48_I1/B[6] 	 (fanout : 2)
hpin:tr_soc_top_mx/u_vpu/gt_266_48_I1/B[5] 	 (fanout : 2)
hpin:tr_soc_top_mx/u_vpu/gt_266_48_I1/B[4] 	 (fanout : 2)
hpin:tr_soc_top_mx/u_vpu/gt_266_48_I1/B[3] 	 (fanout : 2)
hpin:tr_soc_top_mx/u_vpu/gt_266_48_I1/B[2] 	 (fanout : 2)
hpin:tr_soc_top_mx/u_vpu/gt_266_48_I1/B[1] 	 (fanout : 2)
hpin:tr_soc_top_mx/u_vpu/gt_266_48_I1/B[0] 	 (fanout : 1)
hpin:tr_soc_top_mx/u_vpu/mux_bb_mux_out[7]_105_19/in_5[15] 	 (fanout : 1)
hpin:tr_soc_top_mx/u_vpu/mux_bb_mux_out[7]_105_19/in_5[14] 	 (fanout : 1)
hpin:tr_soc_top_mx/u_vpu/mux_bb_mux_out[7]_105_19/in_5[13] 	 (fanout : 1)
hpin:tr_soc_top_mx/u_vpu/mux_bb_mux_out[7]_105_19/in_5[12] 	 (fanout : 1)
hpin:tr_soc_top_mx/u_vpu/mux_bb_mux_out[7]_105_19/in_5[11] 	 (fanout : 1)
hpin:tr_soc_top_mx/u_vpu/mux_bb_mux_out[7]_105_19/in_5[10] 	 (fanout : 1)
hpin:tr_soc_top_mx/u_vpu/mux_bb_mux_out[7]_105_19/in_5[9] 	 (fanout : 1)
hpin:tr_soc_top_mx/u_vpu/mux_bb_mux_out[7]_105_19/in_5[8] 	 (fanout : 1)
hpin:tr_soc_top_mx/u_vpu/mux_bb_mux_out[7]_105_19/in_5[7] 	 (fanout : 1)
hpin:tr_soc_top_mx/u_vpu/mux_bb_mux_out[7]_105_19/in_5[6] 	 (fanout : 1)
hpin:tr_soc_top_mx/u_vpu/mux_bb_mux_out[7]_105_19/in_5[5] 	 (fanout : 1)
hpin:tr_soc_top_mx/u_vpu/mux_bb_mux_out[7]_105_19/in_5[4] 	 (fanout : 1)
hpin:tr_soc_top_mx/u_vpu/mux_bb_mux_out[7]_105_19/in_5[3] 	 (fanout : 1)
hpin:tr_soc_top_mx/u_vpu/mux_bb_mux_out[7]_105_19/in_5[2] 	 (fanout : 1)
hpin:tr_soc_top_mx/u_vpu/mux_bb_mux_out[7]_105_19/in_5[1] 	 (fanout : 1)
hpin:tr_soc_top_mx/u_vpu/mux_bb_mux_out[7]_105_19/in_5[0] 	 (fanout : 1)
hpin:tr_soc_top_mx/u_vpu/mux_bb_mux_out[7]_105_19/in_6[15] 	 (fanout : 1)
hpin:tr_soc_top_mx/u_vpu/mux_bb_mux_out[7]_105_19/in_6[14] 	 (fanout : 1)
hpin:tr_soc_top_mx/u_vpu/mux_bb_mux_out[7]_105_19/in_6[13] 	 (fanout : 1)
hpin:tr_soc_top_mx/u_vpu/mux_bb_mux_out[7]_105_19/in_6[12] 	 (fanout : 1)
hpin:tr_soc_top_mx/u_vpu/mux_bb_mux_out[7]_105_19/in_6[11] 	 (fanout : 1)
hpin:tr_soc_top_mx/u_vpu/mux_bb_mux_out[7]_105_19/in_6[10] 	 (fanout : 1)
hpin:tr_soc_top_mx/u_vpu/mux_bb_mux_out[7]_105_19/in_6[9] 	 (fanout : 1)
hpin:tr_soc_top_mx/u_vpu/mux_bb_mux_out[7]_105_19/in_6[8] 	 (fanout : 1)
hpin:tr_soc_top_mx/u_vpu/mux_bb_mux_out[7]_105_19/in_6[7] 	 (fanout : 1)
hpin:tr_soc_top_mx/u_vpu/mux_bb_mux_out[7]_105_19/in_6[6] 	 (fanout : 1)
hpin:tr_soc_top_mx/u_vpu/mux_bb_mux_out[7]_105_19/in_6[5] 	 (fanout : 1)
hpin:tr_soc_top_mx/u_vpu/mux_bb_mux_out[7]_105_19/in_6[4] 	 (fanout : 1)
hpin:tr_soc_top_mx/u_vpu/mux_bb_mux_out[7]_105_19/in_6[3] 	 (fanout : 1)
hpin:tr_soc_top_mx/u_vpu/mux_bb_mux_out[7]_105_19/in_6[2] 	 (fanout : 1)
hpin:tr_soc_top_mx/u_vpu/mux_bb_mux_out[7]_105_19/in_6[1] 	 (fanout : 1)
hpin:tr_soc_top_mx/u_vpu/mux_bb_mux_out[7]_105_19/in_6[0] 	 (fanout : 1)
hpin:tr_soc_top_mx/u_vpu/mux_bb_mux_out[7]_105_19/in_7[15] 	 (fanout : 1)
hpin:tr_soc_top_mx/u_vpu/mux_bb_mux_out[7]_105_19/in_7[14] 	 (fanout : 1)
hpin:tr_soc_top_mx/u_vpu/mux_bb_mux_out[7]_105_19/in_7[13] 	 (fanout : 1)
hpin:tr_soc_top_mx/u_vpu/mux_bb_mux_out[7]_105_19/in_7[12] 	 (fanout : 1)
hpin:tr_soc_top_mx/u_vpu/mux_bb_mux_out[7]_105_19/in_7[11] 	 (fanout : 1)
hpin:tr_soc_top_mx/u_vpu/mux_bb_mux_out[7]_105_19/in_7[10] 	 (fanout : 1)
hpin:tr_soc_top_mx/u_vpu/mux_bb_mux_out[7]_105_19/in_7[9] 	 (fanout : 1)
hpin:tr_soc_top_mx/u_vpu/mux_bb_mux_out[7]_105_19/in_7[8] 	 (fanout : 1)
hpin:tr_soc_top_mx/u_vpu/mux_bb_mux_out[7]_105_19/in_7[7] 	 (fanout : 1)
hpin:tr_soc_top_mx/u_vpu/mux_bb_mux_out[7]_105_19/in_7[6] 	 (fanout : 1)
hpin:tr_soc_top_mx/u_vpu/mux_bb_mux_out[7]_105_19/in_7[5] 	 (fanout : 1)
hpin:tr_soc_top_mx/u_vpu/mux_bb_mux_out[7]_105_19/in_7[4] 	 (fanout : 1)
hpin:tr_soc_top_mx/u_vpu/mux_bb_mux_out[7]_105_19/in_7[3] 	 (fanout : 1)
hpin:tr_soc_top_mx/u_vpu/mux_bb_mux_out[7]_105_19/in_7[2] 	 (fanout : 1)
hpin:tr_soc_top_mx/u_vpu/mux_bb_mux_out[7]_105_19/in_7[1] 	 (fanout : 1)
hpin:tr_soc_top_mx/u_vpu/mux_bb_mux_out[7]_105_19/in_7[0] 	 (fanout : 1)
hpin:tr_soc_top_mx/u_vpu/mux_bb_mux_out[6]_105_19/in_5[15] 	 (fanout : 1)
hpin:tr_soc_top_mx/u_vpu/mux_bb_mux_out[6]_105_19/in_5[14] 	 (fanout : 1)
hpin:tr_soc_top_mx/u_vpu/mux_bb_mux_out[6]_105_19/in_5[13] 	 (fanout : 1)
hpin:tr_soc_top_mx/u_vpu/mux_bb_mux_out[6]_105_19/in_5[12] 	 (fanout : 1)
hpin:tr_soc_top_mx/u_vpu/mux_bb_mux_out[6]_105_19/in_5[11] 	 (fanout : 1)
hpin:tr_soc_top_mx/u_vpu/mux_bb_mux_out[6]_105_19/in_5[10] 	 (fanout : 1)
hpin:tr_soc_top_mx/u_vpu/mux_bb_mux_out[6]_105_19/in_5[9] 	 (fanout : 1)
hpin:tr_soc_top_mx/u_vpu/mux_bb_mux_out[6]_105_19/in_5[8] 	 (fanout : 1)
hpin:tr_soc_top_mx/u_vpu/mux_bb_mux_out[6]_105_19/in_5[7] 	 (fanout : 1)
hpin:tr_soc_top_mx/u_vpu/mux_bb_mux_out[6]_105_19/in_5[6] 	 (fanout : 1)
hpin:tr_soc_top_mx/u_vpu/mux_bb_mux_out[6]_105_19/in_5[5] 	 (fanout : 1)
hpin:tr_soc_top_mx/u_vpu/mux_bb_mux_out[6]_105_19/in_5[4] 	 (fanout : 1)
hpin:tr_soc_top_mx/u_vpu/mux_bb_mux_out[6]_105_19/in_5[3] 	 (fanout : 1)
hpin:tr_soc_top_mx/u_vpu/mux_bb_mux_out[6]_105_19/in_5[2] 	 (fanout : 1)
hpin:tr_soc_top_mx/u_vpu/mux_bb_mux_out[6]_105_19/in_5[1] 	 (fanout : 1)
hpin:tr_soc_top_mx/u_vpu/mux_bb_mux_out[6]_105_19/in_5[0] 	 (fanout : 1)
hpin:tr_soc_top_mx/u_vpu/mux_bb_mux_out[6]_105_19/in_6[15] 	 (fanout : 1)
hpin:tr_soc_top_mx/u_vpu/mux_bb_mux_out[6]_105_19/in_6[14] 	 (fanout : 1)
hpin:tr_soc_top_mx/u_vpu/mux_bb_mux_out[6]_105_19/in_6[13] 	 (fanout : 1)
hpin:tr_soc_top_mx/u_vpu/mux_bb_mux_out[6]_105_19/in_6[12] 	 (fanout : 1)
hpin:tr_soc_top_mx/u_vpu/mux_bb_mux_out[6]_105_19/in_6[11] 	 (fanout : 1)
hpin:tr_soc_top_mx/u_vpu/mux_bb_mux_out[6]_105_19/in_6[10] 	 (fanout : 1)
hpin:tr_soc_top_mx/u_vpu/mux_bb_mux_out[6]_105_19/in_6[9] 	 (fanout : 1)
hpin:tr_soc_top_mx/u_vpu/mux_bb_mux_out[6]_105_19/in_6[8] 	 (fanout : 1)
hpin:tr_soc_top_mx/u_vpu/mux_bb_mux_out[6]_105_19/in_6[7] 	 (fanout : 1)
hpin:tr_soc_top_mx/u_vpu/mux_bb_mux_out[6]_105_19/in_6[6] 	 (fanout : 1)
hpin:tr_soc_top_mx/u_vpu/mux_bb_mux_out[6]_105_19/in_6[5] 	 (fanout : 1)
hpin:tr_soc_top_mx/u_vpu/mux_bb_mux_out[6]_105_19/in_6[4] 	 (fanout : 1)
hpin:tr_soc_top_mx/u_vpu/mux_bb_mux_out[6]_105_19/in_6[3] 	 (fanout : 1)
hpin:tr_soc_top_mx/u_vpu/mux_bb_mux_out[6]_105_19/in_6[2] 	 (fanout : 1)
hpin:tr_soc_top_mx/u_vpu/mux_bb_mux_out[6]_105_19/in_6[1] 	 (fanout : 1)
hpin:tr_soc_top_mx/u_vpu/mux_bb_mux_out[6]_105_19/in_6[0] 	 (fanout : 1)
hpin:tr_soc_top_mx/u_vpu/mux_bb_mux_out[6]_105_19/in_7[15] 	 (fanout : 1)
hpin:tr_soc_top_mx/u_vpu/mux_bb_mux_out[6]_105_19/in_7[14] 	 (fanout : 1)
hpin:tr_soc_top_mx/u_vpu/mux_bb_mux_out[6]_105_19/in_7[13] 	 (fanout : 1)
hpin:tr_soc_top_mx/u_vpu/mux_bb_mux_out[6]_105_19/in_7[12] 	 (fanout : 1)
hpin:tr_soc_top_mx/u_vpu/mux_bb_mux_out[6]_105_19/in_7[11] 	 (fanout : 1)
hpin:tr_soc_top_mx/u_vpu/mux_bb_mux_out[6]_105_19/in_7[10] 	 (fanout : 1)
hpin:tr_soc_top_mx/u_vpu/mux_bb_mux_out[6]_105_19/in_7[9] 	 (fanout : 1)
hpin:tr_soc_top_mx/u_vpu/mux_bb_mux_out[6]_105_19/in_7[8] 	 (fanout : 1)
hpin:tr_soc_top_mx/u_vpu/mux_bb_mux_out[6]_105_19/in_7[7] 	 (fanout : 1)
hpin:tr_soc_top_mx/u_vpu/mux_bb_mux_out[6]_105_19/in_7[6] 	 (fanout : 1)
hpin:tr_soc_top_mx/u_vpu/mux_bb_mux_out[6]_105_19/in_7[5] 	 (fanout : 1)
hpin:tr_soc_top_mx/u_vpu/mux_bb_mux_out[6]_105_19/in_7[4] 	 (fanout : 1)
hpin:tr_soc_top_mx/u_vpu/mux_bb_mux_out[6]_105_19/in_7[3] 	 (fanout : 1)
hpin:tr_soc_top_mx/u_vpu/mux_bb_mux_out[6]_105_19/in_7[2] 	 (fanout : 1)
hpin:tr_soc_top_mx/u_vpu/mux_bb_mux_out[6]_105_19/in_7[1] 	 (fanout : 1)
hpin:tr_soc_top_mx/u_vpu/mux_bb_mux_out[6]_105_19/in_7[0] 	 (fanout : 1)
hpin:tr_soc_top_mx/u_vpu/mux_bb_mux_out[5]_105_19/in_5[15] 	 (fanout : 1)
hpin:tr_soc_top_mx/u_vpu/mux_bb_mux_out[5]_105_19/in_5[14] 	 (fanout : 1)
hpin:tr_soc_top_mx/u_vpu/mux_bb_mux_out[5]_105_19/in_5[13] 	 (fanout : 1)
hpin:tr_soc_top_mx/u_vpu/mux_bb_mux_out[5]_105_19/in_5[12] 	 (fanout : 1)
hpin:tr_soc_top_mx/u_vpu/mux_bb_mux_out[5]_105_19/in_5[11] 	 (fanout : 1)
hpin:tr_soc_top_mx/u_vpu/mux_bb_mux_out[5]_105_19/in_5[10] 	 (fanout : 1)
hpin:tr_soc_top_mx/u_vpu/mux_bb_mux_out[5]_105_19/in_5[9] 	 (fanout : 1)
hpin:tr_soc_top_mx/u_vpu/mux_bb_mux_out[5]_105_19/in_5[8] 	 (fanout : 1)
hpin:tr_soc_top_mx/u_vpu/mux_bb_mux_out[5]_105_19/in_5[7] 	 (fanout : 1)
hpin:tr_soc_top_mx/u_vpu/mux_bb_mux_out[5]_105_19/in_5[6] 	 (fanout : 1)
hpin:tr_soc_top_mx/u_vpu/mux_bb_mux_out[5]_105_19/in_5[5] 	 (fanout : 1)
hpin:tr_soc_top_mx/u_vpu/mux_bb_mux_out[5]_105_19/in_5[4] 	 (fanout : 1)
hpin:tr_soc_top_mx/u_vpu/mux_bb_mux_out[5]_105_19/in_5[3] 	 (fanout : 1)
hpin:tr_soc_top_mx/u_vpu/mux_bb_mux_out[5]_105_19/in_5[2] 	 (fanout : 1)
hpin:tr_soc_top_mx/u_vpu/mux_bb_mux_out[5]_105_19/in_5[1] 	 (fanout : 1)
hpin:tr_soc_top_mx/u_vpu/mux_bb_mux_out[5]_105_19/in_5[0] 	 (fanout : 1)
hpin:tr_soc_top_mx/u_vpu/mux_bb_mux_out[5]_105_19/in_6[15] 	 (fanout : 1)
hpin:tr_soc_top_mx/u_vpu/mux_bb_mux_out[5]_105_19/in_6[14] 	 (fanout : 1)
hpin:tr_soc_top_mx/u_vpu/mux_bb_mux_out[5]_105_19/in_6[13] 	 (fanout : 1)
hpin:tr_soc_top_mx/u_vpu/mux_bb_mux_out[5]_105_19/in_6[12] 	 (fanout : 1)
hpin:tr_soc_top_mx/u_vpu/mux_bb_mux_out[5]_105_19/in_6[11] 	 (fanout : 1)
hpin:tr_soc_top_mx/u_vpu/mux_bb_mux_out[5]_105_19/in_6[10] 	 (fanout : 1)
hpin:tr_soc_top_mx/u_vpu/mux_bb_mux_out[5]_105_19/in_6[9] 	 (fanout : 1)
hpin:tr_soc_top_mx/u_vpu/mux_bb_mux_out[5]_105_19/in_6[8] 	 (fanout : 1)
hpin:tr_soc_top_mx/u_vpu/mux_bb_mux_out[5]_105_19/in_6[7] 	 (fanout : 1)
hpin:tr_soc_top_mx/u_vpu/mux_bb_mux_out[5]_105_19/in_6[6] 	 (fanout : 1)
hpin:tr_soc_top_mx/u_vpu/mux_bb_mux_out[5]_105_19/in_6[5] 	 (fanout : 1)
hpin:tr_soc_top_mx/u_vpu/mux_bb_mux_out[5]_105_19/in_6[4] 	 (fanout : 1)
hpin:tr_soc_top_mx/u_vpu/mux_bb_mux_out[5]_105_19/in_6[3] 	 (fanout : 1)
hpin:tr_soc_top_mx/u_vpu/mux_bb_mux_out[5]_105_19/in_6[2] 	 (fanout : 1)
hpin:tr_soc_top_mx/u_vpu/mux_bb_mux_out[5]_105_19/in_6[1] 	 (fanout : 1)
hpin:tr_soc_top_mx/u_vpu/mux_bb_mux_out[5]_105_19/in_6[0] 	 (fanout : 1)
hpin:tr_soc_top_mx/u_vpu/mux_bb_mux_out[5]_105_19/in_7[15] 	 (fanout : 1)
hpin:tr_soc_top_mx/u_vpu/mux_bb_mux_out[5]_105_19/in_7[14] 	 (fanout : 1)
hpin:tr_soc_top_mx/u_vpu/mux_bb_mux_out[5]_105_19/in_7[13] 	 (fanout : 1)
hpin:tr_soc_top_mx/u_vpu/mux_bb_mux_out[5]_105_19/in_7[12] 	 (fanout : 1)
hpin:tr_soc_top_mx/u_vpu/mux_bb_mux_out[5]_105_19/in_7[11] 	 (fanout : 1)
hpin:tr_soc_top_mx/u_vpu/mux_bb_mux_out[5]_105_19/in_7[10] 	 (fanout : 1)
hpin:tr_soc_top_mx/u_vpu/mux_bb_mux_out[5]_105_19/in_7[9] 	 (fanout : 1)
hpin:tr_soc_top_mx/u_vpu/mux_bb_mux_out[5]_105_19/in_7[8] 	 (fanout : 1)
hpin:tr_soc_top_mx/u_vpu/mux_bb_mux_out[5]_105_19/in_7[7] 	 (fanout : 1)
hpin:tr_soc_top_mx/u_vpu/mux_bb_mux_out[5]_105_19/in_7[6] 	 (fanout : 1)
hpin:tr_soc_top_mx/u_vpu/mux_bb_mux_out[5]_105_19/in_7[5] 	 (fanout : 1)
hpin:tr_soc_top_mx/u_vpu/mux_bb_mux_out[5]_105_19/in_7[4] 	 (fanout : 1)
hpin:tr_soc_top_mx/u_vpu/mux_bb_mux_out[5]_105_19/in_7[3] 	 (fanout : 1)
hpin:tr_soc_top_mx/u_vpu/mux_bb_mux_out[5]_105_19/in_7[2] 	 (fanout : 1)
hpin:tr_soc_top_mx/u_vpu/mux_bb_mux_out[5]_105_19/in_7[1] 	 (fanout : 1)
hpin:tr_soc_top_mx/u_vpu/mux_bb_mux_out[5]_105_19/in_7[0] 	 (fanout : 1)
hpin:tr_soc_top_mx/u_vpu/mux_bb_mux_out[4]_105_19/in_5[15] 	 (fanout : 1)
hpin:tr_soc_top_mx/u_vpu/mux_bb_mux_out[4]_105_19/in_5[14] 	 (fanout : 1)
hpin:tr_soc_top_mx/u_vpu/mux_bb_mux_out[4]_105_19/in_5[13] 	 (fanout : 1)
hpin:tr_soc_top_mx/u_vpu/mux_bb_mux_out[4]_105_19/in_5[12] 	 (fanout : 1)
hpin:tr_soc_top_mx/u_vpu/mux_bb_mux_out[4]_105_19/in_5[11] 	 (fanout : 1)
hpin:tr_soc_top_mx/u_vpu/mux_bb_mux_out[4]_105_19/in_5[10] 	 (fanout : 1)
hpin:tr_soc_top_mx/u_vpu/mux_bb_mux_out[4]_105_19/in_5[9] 	 (fanout : 1)
hpin:tr_soc_top_mx/u_vpu/mux_bb_mux_out[4]_105_19/in_5[8] 	 (fanout : 1)
hpin:tr_soc_top_mx/u_vpu/mux_bb_mux_out[4]_105_19/in_5[7] 	 (fanout : 1)
hpin:tr_soc_top_mx/u_vpu/mux_bb_mux_out[4]_105_19/in_5[6] 	 (fanout : 1)
hpin:tr_soc_top_mx/u_vpu/mux_bb_mux_out[4]_105_19/in_5[5] 	 (fanout : 1)
hpin:tr_soc_top_mx/u_vpu/mux_bb_mux_out[4]_105_19/in_5[4] 	 (fanout : 1)
hpin:tr_soc_top_mx/u_vpu/mux_bb_mux_out[4]_105_19/in_5[3] 	 (fanout : 1)
hpin:tr_soc_top_mx/u_vpu/mux_bb_mux_out[4]_105_19/in_5[2] 	 (fanout : 1)
hpin:tr_soc_top_mx/u_vpu/mux_bb_mux_out[4]_105_19/in_5[1] 	 (fanout : 1)
hpin:tr_soc_top_mx/u_vpu/mux_bb_mux_out[4]_105_19/in_5[0] 	 (fanout : 1)
hpin:tr_soc_top_mx/u_vpu/mux_bb_mux_out[4]_105_19/in_6[15] 	 (fanout : 1)
hpin:tr_soc_top_mx/u_vpu/mux_bb_mux_out[4]_105_19/in_6[14] 	 (fanout : 1)
hpin:tr_soc_top_mx/u_vpu/mux_bb_mux_out[4]_105_19/in_6[13] 	 (fanout : 1)
hpin:tr_soc_top_mx/u_vpu/mux_bb_mux_out[4]_105_19/in_6[12] 	 (fanout : 1)
hpin:tr_soc_top_mx/u_vpu/mux_bb_mux_out[4]_105_19/in_6[11] 	 (fanout : 1)
hpin:tr_soc_top_mx/u_vpu/mux_bb_mux_out[4]_105_19/in_6[10] 	 (fanout : 1)
hpin:tr_soc_top_mx/u_vpu/mux_bb_mux_out[4]_105_19/in_6[9] 	 (fanout : 1)
hpin:tr_soc_top_mx/u_vpu/mux_bb_mux_out[4]_105_19/in_6[8] 	 (fanout : 1)
hpin:tr_soc_top_mx/u_vpu/mux_bb_mux_out[4]_105_19/in_6[7] 	 (fanout : 1)
hpin:tr_soc_top_mx/u_vpu/mux_bb_mux_out[4]_105_19/in_6[6] 	 (fanout : 1)
hpin:tr_soc_top_mx/u_vpu/mux_bb_mux_out[4]_105_19/in_6[5] 	 (fanout : 1)
hpin:tr_soc_top_mx/u_vpu/mux_bb_mux_out[4]_105_19/in_6[4] 	 (fanout : 1)
hpin:tr_soc_top_mx/u_vpu/mux_bb_mux_out[4]_105_19/in_6[3] 	 (fanout : 1)
hpin:tr_soc_top_mx/u_vpu/mux_bb_mux_out[4]_105_19/in_6[2] 	 (fanout : 1)
hpin:tr_soc_top_mx/u_vpu/mux_bb_mux_out[4]_105_19/in_6[1] 	 (fanout : 1)
hpin:tr_soc_top_mx/u_vpu/mux_bb_mux_out[4]_105_19/in_6[0] 	 (fanout : 1)
hpin:tr_soc_top_mx/u_vpu/mux_bb_mux_out[4]_105_19/in_7[15] 	 (fanout : 1)
hpin:tr_soc_top_mx/u_vpu/mux_bb_mux_out[4]_105_19/in_7[14] 	 (fanout : 1)
hpin:tr_soc_top_mx/u_vpu/mux_bb_mux_out[4]_105_19/in_7[13] 	 (fanout : 1)
hpin:tr_soc_top_mx/u_vpu/mux_bb_mux_out[4]_105_19/in_7[12] 	 (fanout : 1)
hpin:tr_soc_top_mx/u_vpu/mux_bb_mux_out[4]_105_19/in_7[11] 	 (fanout : 1)
hpin:tr_soc_top_mx/u_vpu/mux_bb_mux_out[4]_105_19/in_7[10] 	 (fanout : 1)
hpin:tr_soc_top_mx/u_vpu/mux_bb_mux_out[4]_105_19/in_7[9] 	 (fanout : 1)
hpin:tr_soc_top_mx/u_vpu/mux_bb_mux_out[4]_105_19/in_7[8] 	 (fanout : 1)
hpin:tr_soc_top_mx/u_vpu/mux_bb_mux_out[4]_105_19/in_7[7] 	 (fanout : 1)
hpin:tr_soc_top_mx/u_vpu/mux_bb_mux_out[4]_105_19/in_7[6] 	 (fanout : 1)
hpin:tr_soc_top_mx/u_vpu/mux_bb_mux_out[4]_105_19/in_7[5] 	 (fanout : 1)
hpin:tr_soc_top_mx/u_vpu/mux_bb_mux_out[4]_105_19/in_7[4] 	 (fanout : 1)
hpin:tr_soc_top_mx/u_vpu/mux_bb_mux_out[4]_105_19/in_7[3] 	 (fanout : 1)
hpin:tr_soc_top_mx/u_vpu/mux_bb_mux_out[4]_105_19/in_7[2] 	 (fanout : 1)
hpin:tr_soc_top_mx/u_vpu/mux_bb_mux_out[4]_105_19/in_7[1] 	 (fanout : 1)
hpin:tr_soc_top_mx/u_vpu/mux_bb_mux_out[4]_105_19/in_7[0] 	 (fanout : 1)
hpin:tr_soc_top_mx/u_vpu/mux_bb_mux_out[3]_105_19/in_5[15] 	 (fanout : 1)
hpin:tr_soc_top_mx/u_vpu/mux_bb_mux_out[3]_105_19/in_5[14] 	 (fanout : 1)
hpin:tr_soc_top_mx/u_vpu/mux_bb_mux_out[3]_105_19/in_5[13] 	 (fanout : 1)
hpin:tr_soc_top_mx/u_vpu/mux_bb_mux_out[3]_105_19/in_5[12] 	 (fanout : 1)
hpin:tr_soc_top_mx/u_vpu/mux_bb_mux_out[3]_105_19/in_5[11] 	 (fanout : 1)
hpin:tr_soc_top_mx/u_vpu/mux_bb_mux_out[3]_105_19/in_5[10] 	 (fanout : 1)
hpin:tr_soc_top_mx/u_vpu/mux_bb_mux_out[3]_105_19/in_5[9] 	 (fanout : 1)
hpin:tr_soc_top_mx/u_vpu/mux_bb_mux_out[3]_105_19/in_5[8] 	 (fanout : 1)
hpin:tr_soc_top_mx/u_vpu/mux_bb_mux_out[3]_105_19/in_5[7] 	 (fanout : 1)
hpin:tr_soc_top_mx/u_vpu/mux_bb_mux_out[3]_105_19/in_5[6] 	 (fanout : 1)
hpin:tr_soc_top_mx/u_vpu/mux_bb_mux_out[3]_105_19/in_5[5] 	 (fanout : 1)
hpin:tr_soc_top_mx/u_vpu/mux_bb_mux_out[3]_105_19/in_5[4] 	 (fanout : 1)
hpin:tr_soc_top_mx/u_vpu/mux_bb_mux_out[3]_105_19/in_5[3] 	 (fanout : 1)
hpin:tr_soc_top_mx/u_vpu/mux_bb_mux_out[3]_105_19/in_5[2] 	 (fanout : 1)
hpin:tr_soc_top_mx/u_vpu/mux_bb_mux_out[3]_105_19/in_5[1] 	 (fanout : 1)
hpin:tr_soc_top_mx/u_vpu/mux_bb_mux_out[3]_105_19/in_5[0] 	 (fanout : 1)
hpin:tr_soc_top_mx/u_vpu/mux_bb_mux_out[3]_105_19/in_6[15] 	 (fanout : 1)
hpin:tr_soc_top_mx/u_vpu/mux_bb_mux_out[3]_105_19/in_6[14] 	 (fanout : 1)
hpin:tr_soc_top_mx/u_vpu/mux_bb_mux_out[3]_105_19/in_6[13] 	 (fanout : 1)
hpin:tr_soc_top_mx/u_vpu/mux_bb_mux_out[3]_105_19/in_6[12] 	 (fanout : 1)
hpin:tr_soc_top_mx/u_vpu/mux_bb_mux_out[3]_105_19/in_6[11] 	 (fanout : 1)
hpin:tr_soc_top_mx/u_vpu/mux_bb_mux_out[3]_105_19/in_6[10] 	 (fanout : 1)
hpin:tr_soc_top_mx/u_vpu/mux_bb_mux_out[3]_105_19/in_6[9] 	 (fanout : 1)
hpin:tr_soc_top_mx/u_vpu/mux_bb_mux_out[3]_105_19/in_6[8] 	 (fanout : 1)
hpin:tr_soc_top_mx/u_vpu/mux_bb_mux_out[3]_105_19/in_6[7] 	 (fanout : 1)
hpin:tr_soc_top_mx/u_vpu/mux_bb_mux_out[3]_105_19/in_6[6] 	 (fanout : 1)
hpin:tr_soc_top_mx/u_vpu/mux_bb_mux_out[3]_105_19/in_6[5] 	 (fanout : 1)
hpin:tr_soc_top_mx/u_vpu/mux_bb_mux_out[3]_105_19/in_6[4] 	 (fanout : 1)
hpin:tr_soc_top_mx/u_vpu/mux_bb_mux_out[3]_105_19/in_6[3] 	 (fanout : 1)
hpin:tr_soc_top_mx/u_vpu/mux_bb_mux_out[3]_105_19/in_6[2] 	 (fanout : 1)
hpin:tr_soc_top_mx/u_vpu/mux_bb_mux_out[3]_105_19/in_6[1] 	 (fanout : 1)
hpin:tr_soc_top_mx/u_vpu/mux_bb_mux_out[3]_105_19/in_6[0] 	 (fanout : 1)
hpin:tr_soc_top_mx/u_vpu/mux_bb_mux_out[3]_105_19/in_7[15] 	 (fanout : 1)
hpin:tr_soc_top_mx/u_vpu/mux_bb_mux_out[3]_105_19/in_7[14] 	 (fanout : 1)
hpin:tr_soc_top_mx/u_vpu/mux_bb_mux_out[3]_105_19/in_7[13] 	 (fanout : 1)
hpin:tr_soc_top_mx/u_vpu/mux_bb_mux_out[3]_105_19/in_7[12] 	 (fanout : 1)
hpin:tr_soc_top_mx/u_vpu/mux_bb_mux_out[3]_105_19/in_7[11] 	 (fanout : 1)
hpin:tr_soc_top_mx/u_vpu/mux_bb_mux_out[3]_105_19/in_7[10] 	 (fanout : 1)
hpin:tr_soc_top_mx/u_vpu/mux_bb_mux_out[3]_105_19/in_7[9] 	 (fanout : 1)
hpin:tr_soc_top_mx/u_vpu/mux_bb_mux_out[3]_105_19/in_7[8] 	 (fanout : 1)
hpin:tr_soc_top_mx/u_vpu/mux_bb_mux_out[3]_105_19/in_7[7] 	 (fanout : 1)
hpin:tr_soc_top_mx/u_vpu/mux_bb_mux_out[3]_105_19/in_7[6] 	 (fanout : 1)
hpin:tr_soc_top_mx/u_vpu/mux_bb_mux_out[3]_105_19/in_7[5] 	 (fanout : 1)
hpin:tr_soc_top_mx/u_vpu/mux_bb_mux_out[3]_105_19/in_7[4] 	 (fanout : 1)
hpin:tr_soc_top_mx/u_vpu/mux_bb_mux_out[3]_105_19/in_7[3] 	 (fanout : 1)
hpin:tr_soc_top_mx/u_vpu/mux_bb_mux_out[3]_105_19/in_7[2] 	 (fanout : 1)
hpin:tr_soc_top_mx/u_vpu/mux_bb_mux_out[3]_105_19/in_7[1] 	 (fanout : 1)
hpin:tr_soc_top_mx/u_vpu/mux_bb_mux_out[3]_105_19/in_7[0] 	 (fanout : 1)
hpin:tr_soc_top_mx/u_vpu/mux_bb_mux_out[2]_105_19/in_5[15] 	 (fanout : 1)
hpin:tr_soc_top_mx/u_vpu/mux_bb_mux_out[2]_105_19/in_5[14] 	 (fanout : 1)
hpin:tr_soc_top_mx/u_vpu/mux_bb_mux_out[2]_105_19/in_5[13] 	 (fanout : 1)
hpin:tr_soc_top_mx/u_vpu/mux_bb_mux_out[2]_105_19/in_5[12] 	 (fanout : 1)
hpin:tr_soc_top_mx/u_vpu/mux_bb_mux_out[2]_105_19/in_5[11] 	 (fanout : 1)
hpin:tr_soc_top_mx/u_vpu/mux_bb_mux_out[2]_105_19/in_5[10] 	 (fanout : 1)
hpin:tr_soc_top_mx/u_vpu/mux_bb_mux_out[2]_105_19/in_5[9] 	 (fanout : 1)
hpin:tr_soc_top_mx/u_vpu/mux_bb_mux_out[2]_105_19/in_5[8] 	 (fanout : 1)
hpin:tr_soc_top_mx/u_vpu/mux_bb_mux_out[2]_105_19/in_5[7] 	 (fanout : 1)
hpin:tr_soc_top_mx/u_vpu/mux_bb_mux_out[2]_105_19/in_5[6] 	 (fanout : 1)
hpin:tr_soc_top_mx/u_vpu/mux_bb_mux_out[2]_105_19/in_5[5] 	 (fanout : 1)
hpin:tr_soc_top_mx/u_vpu/mux_bb_mux_out[2]_105_19/in_5[4] 	 (fanout : 1)
hpin:tr_soc_top_mx/u_vpu/mux_bb_mux_out[2]_105_19/in_5[3] 	 (fanout : 1)
hpin:tr_soc_top_mx/u_vpu/mux_bb_mux_out[2]_105_19/in_5[2] 	 (fanout : 1)
hpin:tr_soc_top_mx/u_vpu/mux_bb_mux_out[2]_105_19/in_5[1] 	 (fanout : 1)
hpin:tr_soc_top_mx/u_vpu/mux_bb_mux_out[2]_105_19/in_5[0] 	 (fanout : 1)
hpin:tr_soc_top_mx/u_vpu/mux_bb_mux_out[2]_105_19/in_6[15] 	 (fanout : 1)
hpin:tr_soc_top_mx/u_vpu/mux_bb_mux_out[2]_105_19/in_6[14] 	 (fanout : 1)
hpin:tr_soc_top_mx/u_vpu/mux_bb_mux_out[2]_105_19/in_6[13] 	 (fanout : 1)
hpin:tr_soc_top_mx/u_vpu/mux_bb_mux_out[2]_105_19/in_6[12] 	 (fanout : 1)
hpin:tr_soc_top_mx/u_vpu/mux_bb_mux_out[2]_105_19/in_6[11] 	 (fanout : 1)
hpin:tr_soc_top_mx/u_vpu/mux_bb_mux_out[2]_105_19/in_6[10] 	 (fanout : 1)
hpin:tr_soc_top_mx/u_vpu/mux_bb_mux_out[2]_105_19/in_6[9] 	 (fanout : 1)
hpin:tr_soc_top_mx/u_vpu/mux_bb_mux_out[2]_105_19/in_6[8] 	 (fanout : 1)
hpin:tr_soc_top_mx/u_vpu/mux_bb_mux_out[2]_105_19/in_6[7] 	 (fanout : 1)
hpin:tr_soc_top_mx/u_vpu/mux_bb_mux_out[2]_105_19/in_6[6] 	 (fanout : 1)
hpin:tr_soc_top_mx/u_vpu/mux_bb_mux_out[2]_105_19/in_6[5] 	 (fanout : 1)
hpin:tr_soc_top_mx/u_vpu/mux_bb_mux_out[2]_105_19/in_6[4] 	 (fanout : 1)
hpin:tr_soc_top_mx/u_vpu/mux_bb_mux_out[2]_105_19/in_6[3] 	 (fanout : 1)
hpin:tr_soc_top_mx/u_vpu/mux_bb_mux_out[2]_105_19/in_6[2] 	 (fanout : 1)
hpin:tr_soc_top_mx/u_vpu/mux_bb_mux_out[2]_105_19/in_6[1] 	 (fanout : 1)
hpin:tr_soc_top_mx/u_vpu/mux_bb_mux_out[2]_105_19/in_6[0] 	 (fanout : 1)
hpin:tr_soc_top_mx/u_vpu/mux_bb_mux_out[2]_105_19/in_7[15] 	 (fanout : 1)
hpin:tr_soc_top_mx/u_vpu/mux_bb_mux_out[2]_105_19/in_7[14] 	 (fanout : 1)
hpin:tr_soc_top_mx/u_vpu/mux_bb_mux_out[2]_105_19/in_7[13] 	 (fanout : 1)
hpin:tr_soc_top_mx/u_vpu/mux_bb_mux_out[2]_105_19/in_7[12] 	 (fanout : 1)
hpin:tr_soc_top_mx/u_vpu/mux_bb_mux_out[2]_105_19/in_7[11] 	 (fanout : 1)
hpin:tr_soc_top_mx/u_vpu/mux_bb_mux_out[2]_105_19/in_7[10] 	 (fanout : 1)
hpin:tr_soc_top_mx/u_vpu/mux_bb_mux_out[2]_105_19/in_7[9] 	 (fanout : 1)
hpin:tr_soc_top_mx/u_vpu/mux_bb_mux_out[2]_105_19/in_7[8] 	 (fanout : 1)
hpin:tr_soc_top_mx/u_vpu/mux_bb_mux_out[2]_105_19/in_7[7] 	 (fanout : 1)
hpin:tr_soc_top_mx/u_vpu/mux_bb_mux_out[2]_105_19/in_7[6] 	 (fanout : 1)
hpin:tr_soc_top_mx/u_vpu/mux_bb_mux_out[2]_105_19/in_7[5] 	 (fanout : 1)
hpin:tr_soc_top_mx/u_vpu/mux_bb_mux_out[2]_105_19/in_7[4] 	 (fanout : 1)
hpin:tr_soc_top_mx/u_vpu/mux_bb_mux_out[2]_105_19/in_7[3] 	 (fanout : 1)
hpin:tr_soc_top_mx/u_vpu/mux_bb_mux_out[2]_105_19/in_7[2] 	 (fanout : 1)
hpin:tr_soc_top_mx/u_vpu/mux_bb_mux_out[2]_105_19/in_7[1] 	 (fanout : 1)
hpin:tr_soc_top_mx/u_vpu/mux_bb_mux_out[2]_105_19/in_7[0] 	 (fanout : 1)
hpin:tr_soc_top_mx/u_vpu/mux_bb_mux_out[1]_105_19/in_5[15] 	 (fanout : 1)
hpin:tr_soc_top_mx/u_vpu/mux_bb_mux_out[1]_105_19/in_5[14] 	 (fanout : 1)
hpin:tr_soc_top_mx/u_vpu/mux_bb_mux_out[1]_105_19/in_5[13] 	 (fanout : 1)
hpin:tr_soc_top_mx/u_vpu/mux_bb_mux_out[1]_105_19/in_5[12] 	 (fanout : 1)
hpin:tr_soc_top_mx/u_vpu/mux_bb_mux_out[1]_105_19/in_5[11] 	 (fanout : 1)
hpin:tr_soc_top_mx/u_vpu/mux_bb_mux_out[1]_105_19/in_5[10] 	 (fanout : 1)
hpin:tr_soc_top_mx/u_vpu/mux_bb_mux_out[1]_105_19/in_5[9] 	 (fanout : 1)
hpin:tr_soc_top_mx/u_vpu/mux_bb_mux_out[1]_105_19/in_5[8] 	 (fanout : 1)
hpin:tr_soc_top_mx/u_vpu/mux_bb_mux_out[1]_105_19/in_5[7] 	 (fanout : 1)
hpin:tr_soc_top_mx/u_vpu/mux_bb_mux_out[1]_105_19/in_5[6] 	 (fanout : 1)
hpin:tr_soc_top_mx/u_vpu/mux_bb_mux_out[1]_105_19/in_5[5] 	 (fanout : 1)
hpin:tr_soc_top_mx/u_vpu/mux_bb_mux_out[1]_105_19/in_5[4] 	 (fanout : 1)
hpin:tr_soc_top_mx/u_vpu/mux_bb_mux_out[1]_105_19/in_5[3] 	 (fanout : 1)
hpin:tr_soc_top_mx/u_vpu/mux_bb_mux_out[1]_105_19/in_5[2] 	 (fanout : 1)
hpin:tr_soc_top_mx/u_vpu/mux_bb_mux_out[1]_105_19/in_5[1] 	 (fanout : 1)
hpin:tr_soc_top_mx/u_vpu/mux_bb_mux_out[1]_105_19/in_5[0] 	 (fanout : 1)
hpin:tr_soc_top_mx/u_vpu/mux_bb_mux_out[1]_105_19/in_6[15] 	 (fanout : 1)
hpin:tr_soc_top_mx/u_vpu/mux_bb_mux_out[1]_105_19/in_6[14] 	 (fanout : 1)
hpin:tr_soc_top_mx/u_vpu/mux_bb_mux_out[1]_105_19/in_6[13] 	 (fanout : 1)
hpin:tr_soc_top_mx/u_vpu/mux_bb_mux_out[1]_105_19/in_6[12] 	 (fanout : 1)
hpin:tr_soc_top_mx/u_vpu/mux_bb_mux_out[1]_105_19/in_6[11] 	 (fanout : 1)
hpin:tr_soc_top_mx/u_vpu/mux_bb_mux_out[1]_105_19/in_6[10] 	 (fanout : 1)
hpin:tr_soc_top_mx/u_vpu/mux_bb_mux_out[1]_105_19/in_6[9] 	 (fanout : 1)
hpin:tr_soc_top_mx/u_vpu/mux_bb_mux_out[1]_105_19/in_6[8] 	 (fanout : 1)
hpin:tr_soc_top_mx/u_vpu/mux_bb_mux_out[1]_105_19/in_6[7] 	 (fanout : 1)
hpin:tr_soc_top_mx/u_vpu/mux_bb_mux_out[1]_105_19/in_6[6] 	 (fanout : 1)
hpin:tr_soc_top_mx/u_vpu/mux_bb_mux_out[1]_105_19/in_6[5] 	 (fanout : 1)
hpin:tr_soc_top_mx/u_vpu/mux_bb_mux_out[1]_105_19/in_6[4] 	 (fanout : 1)
hpin:tr_soc_top_mx/u_vpu/mux_bb_mux_out[1]_105_19/in_6[3] 	 (fanout : 1)
hpin:tr_soc_top_mx/u_vpu/mux_bb_mux_out[1]_105_19/in_6[2] 	 (fanout : 1)
hpin:tr_soc_top_mx/u_vpu/mux_bb_mux_out[1]_105_19/in_6[1] 	 (fanout : 1)
hpin:tr_soc_top_mx/u_vpu/mux_bb_mux_out[1]_105_19/in_6[0] 	 (fanout : 1)
hpin:tr_soc_top_mx/u_vpu/mux_bb_mux_out[1]_105_19/in_7[15] 	 (fanout : 1)
hpin:tr_soc_top_mx/u_vpu/mux_bb_mux_out[1]_105_19/in_7[14] 	 (fanout : 1)
hpin:tr_soc_top_mx/u_vpu/mux_bb_mux_out[1]_105_19/in_7[13] 	 (fanout : 1)
hpin:tr_soc_top_mx/u_vpu/mux_bb_mux_out[1]_105_19/in_7[12] 	 (fanout : 1)
hpin:tr_soc_top_mx/u_vpu/mux_bb_mux_out[1]_105_19/in_7[11] 	 (fanout : 1)
hpin:tr_soc_top_mx/u_vpu/mux_bb_mux_out[1]_105_19/in_7[10] 	 (fanout : 1)
hpin:tr_soc_top_mx/u_vpu/mux_bb_mux_out[1]_105_19/in_7[9] 	 (fanout : 1)
hpin:tr_soc_top_mx/u_vpu/mux_bb_mux_out[1]_105_19/in_7[8] 	 (fanout : 1)
hpin:tr_soc_top_mx/u_vpu/mux_bb_mux_out[1]_105_19/in_7[7] 	 (fanout : 1)
hpin:tr_soc_top_mx/u_vpu/mux_bb_mux_out[1]_105_19/in_7[6] 	 (fanout : 1)
hpin:tr_soc_top_mx/u_vpu/mux_bb_mux_out[1]_105_19/in_7[5] 	 (fanout : 1)
hpin:tr_soc_top_mx/u_vpu/mux_bb_mux_out[1]_105_19/in_7[4] 	 (fanout : 1)
hpin:tr_soc_top_mx/u_vpu/mux_bb_mux_out[1]_105_19/in_7[3] 	 (fanout : 1)
hpin:tr_soc_top_mx/u_vpu/mux_bb_mux_out[1]_105_19/in_7[2] 	 (fanout : 1)
hpin:tr_soc_top_mx/u_vpu/mux_bb_mux_out[1]_105_19/in_7[1] 	 (fanout : 1)
hpin:tr_soc_top_mx/u_vpu/mux_bb_mux_out[1]_105_19/in_7[0] 	 (fanout : 1)
hpin:tr_soc_top_mx/u_vpu/mux_bb_mux_out[0]_105_19/in_5[15] 	 (fanout : 1)
hpin:tr_soc_top_mx/u_vpu/mux_bb_mux_out[0]_105_19/in_5[14] 	 (fanout : 1)
hpin:tr_soc_top_mx/u_vpu/mux_bb_mux_out[0]_105_19/in_5[13] 	 (fanout : 1)
hpin:tr_soc_top_mx/u_vpu/mux_bb_mux_out[0]_105_19/in_5[12] 	 (fanout : 1)
hpin:tr_soc_top_mx/u_vpu/mux_bb_mux_out[0]_105_19/in_5[11] 	 (fanout : 1)
hpin:tr_soc_top_mx/u_vpu/mux_bb_mux_out[0]_105_19/in_5[10] 	 (fanout : 1)
hpin:tr_soc_top_mx/u_vpu/mux_bb_mux_out[0]_105_19/in_5[9] 	 (fanout : 1)
hpin:tr_soc_top_mx/u_vpu/mux_bb_mux_out[0]_105_19/in_5[8] 	 (fanout : 1)
hpin:tr_soc_top_mx/u_vpu/mux_bb_mux_out[0]_105_19/in_5[7] 	 (fanout : 1)
hpin:tr_soc_top_mx/u_vpu/mux_bb_mux_out[0]_105_19/in_5[6] 	 (fanout : 1)
hpin:tr_soc_top_mx/u_vpu/mux_bb_mux_out[0]_105_19/in_5[5] 	 (fanout : 1)
hpin:tr_soc_top_mx/u_vpu/mux_bb_mux_out[0]_105_19/in_5[4] 	 (fanout : 1)
hpin:tr_soc_top_mx/u_vpu/mux_bb_mux_out[0]_105_19/in_5[3] 	 (fanout : 1)
hpin:tr_soc_top_mx/u_vpu/mux_bb_mux_out[0]_105_19/in_5[2] 	 (fanout : 1)
hpin:tr_soc_top_mx/u_vpu/mux_bb_mux_out[0]_105_19/in_5[1] 	 (fanout : 1)
hpin:tr_soc_top_mx/u_vpu/mux_bb_mux_out[0]_105_19/in_5[0] 	 (fanout : 1)
hpin:tr_soc_top_mx/u_vpu/mux_bb_mux_out[0]_105_19/in_6[15] 	 (fanout : 1)
hpin:tr_soc_top_mx/u_vpu/mux_bb_mux_out[0]_105_19/in_6[14] 	 (fanout : 1)
hpin:tr_soc_top_mx/u_vpu/mux_bb_mux_out[0]_105_19/in_6[13] 	 (fanout : 1)
hpin:tr_soc_top_mx/u_vpu/mux_bb_mux_out[0]_105_19/in_6[12] 	 (fanout : 1)
hpin:tr_soc_top_mx/u_vpu/mux_bb_mux_out[0]_105_19/in_6[11] 	 (fanout : 1)
hpin:tr_soc_top_mx/u_vpu/mux_bb_mux_out[0]_105_19/in_6[10] 	 (fanout : 1)
hpin:tr_soc_top_mx/u_vpu/mux_bb_mux_out[0]_105_19/in_6[9] 	 (fanout : 1)
hpin:tr_soc_top_mx/u_vpu/mux_bb_mux_out[0]_105_19/in_6[8] 	 (fanout : 1)
hpin:tr_soc_top_mx/u_vpu/mux_bb_mux_out[0]_105_19/in_6[7] 	 (fanout : 1)
hpin:tr_soc_top_mx/u_vpu/mux_bb_mux_out[0]_105_19/in_6[6] 	 (fanout : 1)
hpin:tr_soc_top_mx/u_vpu/mux_bb_mux_out[0]_105_19/in_6[5] 	 (fanout : 1)
hpin:tr_soc_top_mx/u_vpu/mux_bb_mux_out[0]_105_19/in_6[4] 	 (fanout : 1)
hpin:tr_soc_top_mx/u_vpu/mux_bb_mux_out[0]_105_19/in_6[3] 	 (fanout : 1)
hpin:tr_soc_top_mx/u_vpu/mux_bb_mux_out[0]_105_19/in_6[2] 	 (fanout : 1)
hpin:tr_soc_top_mx/u_vpu/mux_bb_mux_out[0]_105_19/in_6[1] 	 (fanout : 1)
hpin:tr_soc_top_mx/u_vpu/mux_bb_mux_out[0]_105_19/in_6[0] 	 (fanout : 1)
hpin:tr_soc_top_mx/u_vpu/mux_bb_mux_out[0]_105_19/in_7[15] 	 (fanout : 1)
hpin:tr_soc_top_mx/u_vpu/mux_bb_mux_out[0]_105_19/in_7[14] 	 (fanout : 1)
hpin:tr_soc_top_mx/u_vpu/mux_bb_mux_out[0]_105_19/in_7[13] 	 (fanout : 1)
hpin:tr_soc_top_mx/u_vpu/mux_bb_mux_out[0]_105_19/in_7[12] 	 (fanout : 1)
hpin:tr_soc_top_mx/u_vpu/mux_bb_mux_out[0]_105_19/in_7[11] 	 (fanout : 1)
hpin:tr_soc_top_mx/u_vpu/mux_bb_mux_out[0]_105_19/in_7[10] 	 (fanout : 1)
hpin:tr_soc_top_mx/u_vpu/mux_bb_mux_out[0]_105_19/in_7[9] 	 (fanout : 1)
hpin:tr_soc_top_mx/u_vpu/mux_bb_mux_out[0]_105_19/in_7[8] 	 (fanout : 1)
hpin:tr_soc_top_mx/u_vpu/mux_bb_mux_out[0]_105_19/in_7[7] 	 (fanout : 1)
hpin:tr_soc_top_mx/u_vpu/mux_bb_mux_out[0]_105_19/in_7[6] 	 (fanout : 1)
hpin:tr_soc_top_mx/u_vpu/mux_bb_mux_out[0]_105_19/in_7[5] 	 (fanout : 1)
hpin:tr_soc_top_mx/u_vpu/mux_bb_mux_out[0]_105_19/in_7[4] 	 (fanout : 1)
hpin:tr_soc_top_mx/u_vpu/mux_bb_mux_out[0]_105_19/in_7[3] 	 (fanout : 1)
hpin:tr_soc_top_mx/u_vpu/mux_bb_mux_out[0]_105_19/in_7[2] 	 (fanout : 1)
hpin:tr_soc_top_mx/u_vpu/mux_bb_mux_out[0]_105_19/in_7[1] 	 (fanout : 1)
hpin:tr_soc_top_mx/u_vpu/mux_bb_mux_out[0]_105_19/in_7[0] 	 (fanout : 1)
hpin:tr_soc_top_mx/u_vpu/mux_120_38/in_1[7] 	 (fanout : 1)
hpin:tr_soc_top_mx/u_vpu/mux_120_38/in_1[6] 	 (fanout : 1)
hpin:tr_soc_top_mx/u_vpu/mux_120_38/in_1[5] 	 (fanout : 1)
hpin:tr_soc_top_mx/u_vpu/mux_120_38/in_1[4] 	 (fanout : 1)
hpin:tr_soc_top_mx/u_vpu/mux_120_38/in_1[3] 	 (fanout : 1)
hpin:tr_soc_top_mx/u_vpu/mux_120_38/in_1[2] 	 (fanout : 1)
hpin:tr_soc_top_mx/u_vpu/mux_120_38/in_1[1] 	 (fanout : 1)
hpin:tr_soc_top_mx/u_vpu/mux_120_38/in_1[0] 	 (fanout : 1)
hpin:tr_soc_top_mx/u_vpu/mux_mac_in_a[7]_118_19/in_1[15] 	 (fanout : 1)
hpin:tr_soc_top_mx/u_vpu/mux_mac_in_a[7]_118_19/in_1[14] 	 (fanout : 1)
hpin:tr_soc_top_mx/u_vpu/mux_mac_in_a[7]_118_19/in_1[13] 	 (fanout : 1)
hpin:tr_soc_top_mx/u_vpu/mux_mac_in_a[7]_118_19/in_1[12] 	 (fanout : 1)
hpin:tr_soc_top_mx/u_vpu/mux_mac_in_a[7]_118_19/in_1[11] 	 (fanout : 1)
hpin:tr_soc_top_mx/u_vpu/mux_mac_in_a[7]_118_19/in_1[10] 	 (fanout : 1)
hpin:tr_soc_top_mx/u_vpu/mux_mac_in_a[7]_118_19/in_1[9] 	 (fanout : 1)
hpin:tr_soc_top_mx/u_vpu/mux_mac_in_a[7]_118_19/in_1[8] 	 (fanout : 1)
hpin:tr_soc_top_mx/u_vpu/mux_120_25/in_1[7] 	 (fanout : 1)
hpin:tr_soc_top_mx/u_vpu/mux_120_25/in_1[6] 	 (fanout : 1)
hpin:tr_soc_top_mx/u_vpu/mux_120_25/in_1[5] 	 (fanout : 1)
hpin:tr_soc_top_mx/u_vpu/mux_120_25/in_1[4] 	 (fanout : 1)
hpin:tr_soc_top_mx/u_vpu/mux_120_25/in_1[3] 	 (fanout : 1)
hpin:tr_soc_top_mx/u_vpu/mux_120_25/in_1[2] 	 (fanout : 1)
hpin:tr_soc_top_mx/u_vpu/mux_120_25/in_1[1] 	 (fanout : 1)
hpin:tr_soc_top_mx/u_vpu/mux_120_25/in_1[0] 	 (fanout : 1)
hpin:tr_soc_top_mx/u_vpu/mux_mac_in_a[6]_118_19/in_1[15] 	 (fanout : 1)
hpin:tr_soc_top_mx/u_vpu/mux_mac_in_a[6]_118_19/in_1[14] 	 (fanout : 1)
hpin:tr_soc_top_mx/u_vpu/mux_mac_in_a[6]_118_19/in_1[13] 	 (fanout : 1)
hpin:tr_soc_top_mx/u_vpu/mux_mac_in_a[6]_118_19/in_1[12] 	 (fanout : 1)
hpin:tr_soc_top_mx/u_vpu/mux_mac_in_a[6]_118_19/in_1[11] 	 (fanout : 1)
hpin:tr_soc_top_mx/u_vpu/mux_mac_in_a[6]_118_19/in_1[10] 	 (fanout : 1)
hpin:tr_soc_top_mx/u_vpu/mux_mac_in_a[6]_118_19/in_1[9] 	 (fanout : 1)
hpin:tr_soc_top_mx/u_vpu/mux_mac_in_a[6]_118_19/in_1[8] 	 (fanout : 1)
hpin:tr_soc_top_mx/u_vpu/mux_120_27/in_1[7] 	 (fanout : 1)
hpin:tr_soc_top_mx/u_vpu/mux_120_27/in_1[6] 	 (fanout : 1)
hpin:tr_soc_top_mx/u_vpu/mux_120_27/in_1[5] 	 (fanout : 1)
hpin:tr_soc_top_mx/u_vpu/mux_120_27/in_1[4] 	 (fanout : 1)
hpin:tr_soc_top_mx/u_vpu/mux_120_27/in_1[3] 	 (fanout : 1)
hpin:tr_soc_top_mx/u_vpu/mux_120_27/in_1[2] 	 (fanout : 1)
hpin:tr_soc_top_mx/u_vpu/mux_120_27/in_1[1] 	 (fanout : 1)
hpin:tr_soc_top_mx/u_vpu/mux_120_27/in_1[0] 	 (fanout : 1)
hpin:tr_soc_top_mx/u_vpu/mux_mac_in_a[5]_118_19/in_1[15] 	 (fanout : 1)
hpin:tr_soc_top_mx/u_vpu/mux_mac_in_a[5]_118_19/in_1[14] 	 (fanout : 1)
hpin:tr_soc_top_mx/u_vpu/mux_mac_in_a[5]_118_19/in_1[13] 	 (fanout : 1)
hpin:tr_soc_top_mx/u_vpu/mux_mac_in_a[5]_118_19/in_1[12] 	 (fanout : 1)
hpin:tr_soc_top_mx/u_vpu/mux_mac_in_a[5]_118_19/in_1[11] 	 (fanout : 1)
hpin:tr_soc_top_mx/u_vpu/mux_mac_in_a[5]_118_19/in_1[10] 	 (fanout : 1)
hpin:tr_soc_top_mx/u_vpu/mux_mac_in_a[5]_118_19/in_1[9] 	 (fanout : 1)
hpin:tr_soc_top_mx/u_vpu/mux_mac_in_a[5]_118_19/in_1[8] 	 (fanout : 1)
hpin:tr_soc_top_mx/u_vpu/mux_120_29/in_1[7] 	 (fanout : 1)
hpin:tr_soc_top_mx/u_vpu/mux_120_29/in_1[6] 	 (fanout : 1)
hpin:tr_soc_top_mx/u_vpu/mux_120_29/in_1[5] 	 (fanout : 1)
hpin:tr_soc_top_mx/u_vpu/mux_120_29/in_1[4] 	 (fanout : 1)
hpin:tr_soc_top_mx/u_vpu/mux_120_29/in_1[3] 	 (fanout : 1)
hpin:tr_soc_top_mx/u_vpu/mux_120_29/in_1[2] 	 (fanout : 1)
hpin:tr_soc_top_mx/u_vpu/mux_120_29/in_1[1] 	 (fanout : 1)
hpin:tr_soc_top_mx/u_vpu/mux_120_29/in_1[0] 	 (fanout : 1)
hpin:tr_soc_top_mx/u_vpu/mux_mac_in_a[4]_118_19/in_1[15] 	 (fanout : 1)
hpin:tr_soc_top_mx/u_vpu/mux_mac_in_a[4]_118_19/in_1[14] 	 (fanout : 1)
hpin:tr_soc_top_mx/u_vpu/mux_mac_in_a[4]_118_19/in_1[13] 	 (fanout : 1)
hpin:tr_soc_top_mx/u_vpu/mux_mac_in_a[4]_118_19/in_1[12] 	 (fanout : 1)
hpin:tr_soc_top_mx/u_vpu/mux_mac_in_a[4]_118_19/in_1[11] 	 (fanout : 1)
hpin:tr_soc_top_mx/u_vpu/mux_mac_in_a[4]_118_19/in_1[10] 	 (fanout : 1)
hpin:tr_soc_top_mx/u_vpu/mux_mac_in_a[4]_118_19/in_1[9] 	 (fanout : 1)
hpin:tr_soc_top_mx/u_vpu/mux_mac_in_a[4]_118_19/in_1[8] 	 (fanout : 1)
hpin:tr_soc_top_mx/u_vpu/mux_120_31/in_1[7] 	 (fanout : 1)
hpin:tr_soc_top_mx/u_vpu/mux_120_31/in_1[6] 	 (fanout : 1)
hpin:tr_soc_top_mx/u_vpu/mux_120_31/in_1[5] 	 (fanout : 1)
hpin:tr_soc_top_mx/u_vpu/mux_120_31/in_1[4] 	 (fanout : 1)
hpin:tr_soc_top_mx/u_vpu/mux_120_31/in_1[3] 	 (fanout : 1)
hpin:tr_soc_top_mx/u_vpu/mux_120_31/in_1[2] 	 (fanout : 1)
hpin:tr_soc_top_mx/u_vpu/mux_120_31/in_1[1] 	 (fanout : 1)
hpin:tr_soc_top_mx/u_vpu/mux_120_31/in_1[0] 	 (fanout : 1)
hpin:tr_soc_top_mx/u_vpu/mux_mac_in_a[3]_118_19/in_1[15] 	 (fanout : 1)
hpin:tr_soc_top_mx/u_vpu/mux_mac_in_a[3]_118_19/in_1[14] 	 (fanout : 1)
hpin:tr_soc_top_mx/u_vpu/mux_mac_in_a[3]_118_19/in_1[13] 	 (fanout : 1)
hpin:tr_soc_top_mx/u_vpu/mux_mac_in_a[3]_118_19/in_1[12] 	 (fanout : 1)
hpin:tr_soc_top_mx/u_vpu/mux_mac_in_a[3]_118_19/in_1[11] 	 (fanout : 1)
hpin:tr_soc_top_mx/u_vpu/mux_mac_in_a[3]_118_19/in_1[10] 	 (fanout : 1)
hpin:tr_soc_top_mx/u_vpu/mux_mac_in_a[3]_118_19/in_1[9] 	 (fanout : 1)
hpin:tr_soc_top_mx/u_vpu/mux_mac_in_a[3]_118_19/in_1[8] 	 (fanout : 1)
hpin:tr_soc_top_mx/u_vpu/mux_120_33/in_1[7] 	 (fanout : 1)
hpin:tr_soc_top_mx/u_vpu/mux_120_33/in_1[6] 	 (fanout : 1)
hpin:tr_soc_top_mx/u_vpu/mux_120_33/in_1[5] 	 (fanout : 1)
hpin:tr_soc_top_mx/u_vpu/mux_120_33/in_1[4] 	 (fanout : 1)
hpin:tr_soc_top_mx/u_vpu/mux_120_33/in_1[3] 	 (fanout : 1)
hpin:tr_soc_top_mx/u_vpu/mux_120_33/in_1[2] 	 (fanout : 1)
hpin:tr_soc_top_mx/u_vpu/mux_120_33/in_1[1] 	 (fanout : 1)
hpin:tr_soc_top_mx/u_vpu/mux_120_33/in_1[0] 	 (fanout : 1)
hpin:tr_soc_top_mx/u_vpu/mux_mac_in_a[2]_118_19/in_1[15] 	 (fanout : 1)
hpin:tr_soc_top_mx/u_vpu/mux_mac_in_a[2]_118_19/in_1[14] 	 (fanout : 1)
hpin:tr_soc_top_mx/u_vpu/mux_mac_in_a[2]_118_19/in_1[13] 	 (fanout : 1)
hpin:tr_soc_top_mx/u_vpu/mux_mac_in_a[2]_118_19/in_1[12] 	 (fanout : 1)
hpin:tr_soc_top_mx/u_vpu/mux_mac_in_a[2]_118_19/in_1[11] 	 (fanout : 1)
hpin:tr_soc_top_mx/u_vpu/mux_mac_in_a[2]_118_19/in_1[10] 	 (fanout : 1)
hpin:tr_soc_top_mx/u_vpu/mux_mac_in_a[2]_118_19/in_1[9] 	 (fanout : 1)
hpin:tr_soc_top_mx/u_vpu/mux_mac_in_a[2]_118_19/in_1[8] 	 (fanout : 1)
hpin:tr_soc_top_mx/u_vpu/mux_120_35/in_1[7] 	 (fanout : 1)
hpin:tr_soc_top_mx/u_vpu/mux_120_35/in_1[6] 	 (fanout : 1)
hpin:tr_soc_top_mx/u_vpu/mux_120_35/in_1[5] 	 (fanout : 1)
hpin:tr_soc_top_mx/u_vpu/mux_120_35/in_1[4] 	 (fanout : 1)
hpin:tr_soc_top_mx/u_vpu/mux_120_35/in_1[3] 	 (fanout : 1)
hpin:tr_soc_top_mx/u_vpu/mux_120_35/in_1[2] 	 (fanout : 1)
hpin:tr_soc_top_mx/u_vpu/mux_120_35/in_1[1] 	 (fanout : 1)
hpin:tr_soc_top_mx/u_vpu/mux_120_35/in_1[0] 	 (fanout : 1)
hpin:tr_soc_top_mx/u_vpu/mux_mac_in_a[1]_118_19/in_1[15] 	 (fanout : 1)
hpin:tr_soc_top_mx/u_vpu/mux_mac_in_a[1]_118_19/in_1[14] 	 (fanout : 1)
hpin:tr_soc_top_mx/u_vpu/mux_mac_in_a[1]_118_19/in_1[13] 	 (fanout : 1)
hpin:tr_soc_top_mx/u_vpu/mux_mac_in_a[1]_118_19/in_1[12] 	 (fanout : 1)
hpin:tr_soc_top_mx/u_vpu/mux_mac_in_a[1]_118_19/in_1[11] 	 (fanout : 1)
hpin:tr_soc_top_mx/u_vpu/mux_mac_in_a[1]_118_19/in_1[10] 	 (fanout : 1)
hpin:tr_soc_top_mx/u_vpu/mux_mac_in_a[1]_118_19/in_1[9] 	 (fanout : 1)
hpin:tr_soc_top_mx/u_vpu/mux_mac_in_a[1]_118_19/in_1[8] 	 (fanout : 1)
hpin:tr_soc_top_mx/u_vpu/mux_120_37/in_1[7] 	 (fanout : 1)
hpin:tr_soc_top_mx/u_vpu/mux_120_37/in_1[6] 	 (fanout : 1)
hpin:tr_soc_top_mx/u_vpu/mux_120_37/in_1[5] 	 (fanout : 1)
hpin:tr_soc_top_mx/u_vpu/mux_120_37/in_1[4] 	 (fanout : 1)
hpin:tr_soc_top_mx/u_vpu/mux_120_37/in_1[3] 	 (fanout : 1)
hpin:tr_soc_top_mx/u_vpu/mux_120_37/in_1[2] 	 (fanout : 1)
hpin:tr_soc_top_mx/u_vpu/mux_120_37/in_1[1] 	 (fanout : 1)
hpin:tr_soc_top_mx/u_vpu/mux_120_37/in_1[0] 	 (fanout : 1)
hpin:tr_soc_top_mx/u_vpu/mux_mac_in_a[0]_118_19/in_1[15] 	 (fanout : 1)
hpin:tr_soc_top_mx/u_vpu/mux_mac_in_a[0]_118_19/in_1[14] 	 (fanout : 1)
hpin:tr_soc_top_mx/u_vpu/mux_mac_in_a[0]_118_19/in_1[13] 	 (fanout : 1)
hpin:tr_soc_top_mx/u_vpu/mux_mac_in_a[0]_118_19/in_1[12] 	 (fanout : 1)
hpin:tr_soc_top_mx/u_vpu/mux_mac_in_a[0]_118_19/in_1[11] 	 (fanout : 1)
hpin:tr_soc_top_mx/u_vpu/mux_mac_in_a[0]_118_19/in_1[10] 	 (fanout : 1)
hpin:tr_soc_top_mx/u_vpu/mux_mac_in_a[0]_118_19/in_1[9] 	 (fanout : 1)
hpin:tr_soc_top_mx/u_vpu/mux_mac_in_a[0]_118_19/in_1[8] 	 (fanout : 1)
hpin:tr_soc_top_mx/u_vpu/mux_128_38/in_1[0] 	 (fanout : 1)
hpin:tr_soc_top_mx/u_vpu/mux_128_39/in_1[0] 	 (fanout : 1)
hpin:tr_soc_top_mx/u_vpu/mux_128_40/in_1[0] 	 (fanout : 1)
hpin:tr_soc_top_mx/u_vpu/mux_128_41/in_1[0] 	 (fanout : 1)
hpin:tr_soc_top_mx/u_vpu/mux_128_42/in_1[0] 	 (fanout : 1)
hpin:tr_soc_top_mx/u_vpu/mux_128_43/in_1[0] 	 (fanout : 1)
hpin:tr_soc_top_mx/u_vpu/mux_128_44/in_1[0] 	 (fanout : 1)
hpin:tr_soc_top_mx/u_vpu/mux_128_45/in_1[0] 	 (fanout : 1)
hpin:tr_soc_top_mx/u_vpu/mux_vecmul_in_a[7]_134_19/in_3[15] 	 (fanout : 1)
hpin:tr_soc_top_mx/u_vpu/mux_vecmul_in_a[7]_134_19/in_3[14] 	 (fanout : 1)
hpin:tr_soc_top_mx/u_vpu/mux_vecmul_in_a[7]_134_19/in_3[13] 	 (fanout : 1)
hpin:tr_soc_top_mx/u_vpu/mux_vecmul_in_a[7]_134_19/in_3[12] 	 (fanout : 1)
hpin:tr_soc_top_mx/u_vpu/mux_vecmul_in_a[7]_134_19/in_3[11] 	 (fanout : 1)
hpin:tr_soc_top_mx/u_vpu/mux_vecmul_in_a[7]_134_19/in_3[10] 	 (fanout : 1)
hpin:tr_soc_top_mx/u_vpu/mux_vecmul_in_a[7]_134_19/in_3[9] 	 (fanout : 1)
hpin:tr_soc_top_mx/u_vpu/mux_vecmul_in_a[7]_134_19/in_3[8] 	 (fanout : 1)
hpin:tr_soc_top_mx/u_vpu/mux_vecmul_in_a[6]_134_19/in_3[15] 	 (fanout : 1)
hpin:tr_soc_top_mx/u_vpu/mux_vecmul_in_a[6]_134_19/in_3[14] 	 (fanout : 1)
hpin:tr_soc_top_mx/u_vpu/mux_vecmul_in_a[6]_134_19/in_3[13] 	 (fanout : 1)
hpin:tr_soc_top_mx/u_vpu/mux_vecmul_in_a[6]_134_19/in_3[12] 	 (fanout : 1)
hpin:tr_soc_top_mx/u_vpu/mux_vecmul_in_a[6]_134_19/in_3[11] 	 (fanout : 1)
hpin:tr_soc_top_mx/u_vpu/mux_vecmul_in_a[6]_134_19/in_3[10] 	 (fanout : 1)
hpin:tr_soc_top_mx/u_vpu/mux_vecmul_in_a[6]_134_19/in_3[9] 	 (fanout : 1)
hpin:tr_soc_top_mx/u_vpu/mux_vecmul_in_a[6]_134_19/in_3[8] 	 (fanout : 1)
hpin:tr_soc_top_mx/u_vpu/mux_vecmul_in_a[5]_134_19/in_3[15] 	 (fanout : 1)
hpin:tr_soc_top_mx/u_vpu/mux_vecmul_in_a[5]_134_19/in_3[14] 	 (fanout : 1)
hpin:tr_soc_top_mx/u_vpu/mux_vecmul_in_a[5]_134_19/in_3[13] 	 (fanout : 1)
hpin:tr_soc_top_mx/u_vpu/mux_vecmul_in_a[5]_134_19/in_3[12] 	 (fanout : 1)
hpin:tr_soc_top_mx/u_vpu/mux_vecmul_in_a[5]_134_19/in_3[11] 	 (fanout : 1)
hpin:tr_soc_top_mx/u_vpu/mux_vecmul_in_a[5]_134_19/in_3[10] 	 (fanout : 1)
hpin:tr_soc_top_mx/u_vpu/mux_vecmul_in_a[5]_134_19/in_3[9] 	 (fanout : 1)
hpin:tr_soc_top_mx/u_vpu/mux_vecmul_in_a[5]_134_19/in_3[8] 	 (fanout : 1)
hpin:tr_soc_top_mx/u_vpu/mux_vecmul_in_a[4]_134_19/in_3[15] 	 (fanout : 1)
hpin:tr_soc_top_mx/u_vpu/mux_vecmul_in_a[4]_134_19/in_3[14] 	 (fanout : 1)
hpin:tr_soc_top_mx/u_vpu/mux_vecmul_in_a[4]_134_19/in_3[13] 	 (fanout : 1)
hpin:tr_soc_top_mx/u_vpu/mux_vecmul_in_a[4]_134_19/in_3[12] 	 (fanout : 1)
hpin:tr_soc_top_mx/u_vpu/mux_vecmul_in_a[4]_134_19/in_3[11] 	 (fanout : 1)
hpin:tr_soc_top_mx/u_vpu/mux_vecmul_in_a[4]_134_19/in_3[10] 	 (fanout : 1)
hpin:tr_soc_top_mx/u_vpu/mux_vecmul_in_a[4]_134_19/in_3[9] 	 (fanout : 1)
hpin:tr_soc_top_mx/u_vpu/mux_vecmul_in_a[4]_134_19/in_3[8] 	 (fanout : 1)
hpin:tr_soc_top_mx/u_vpu/mux_vecmul_in_a[3]_134_19/in_3[15] 	 (fanout : 1)
hpin:tr_soc_top_mx/u_vpu/mux_vecmul_in_a[3]_134_19/in_3[14] 	 (fanout : 1)
hpin:tr_soc_top_mx/u_vpu/mux_vecmul_in_a[3]_134_19/in_3[13] 	 (fanout : 1)
hpin:tr_soc_top_mx/u_vpu/mux_vecmul_in_a[3]_134_19/in_3[12] 	 (fanout : 1)
hpin:tr_soc_top_mx/u_vpu/mux_vecmul_in_a[3]_134_19/in_3[11] 	 (fanout : 1)
hpin:tr_soc_top_mx/u_vpu/mux_vecmul_in_a[3]_134_19/in_3[10] 	 (fanout : 1)
hpin:tr_soc_top_mx/u_vpu/mux_vecmul_in_a[3]_134_19/in_3[9] 	 (fanout : 1)
hpin:tr_soc_top_mx/u_vpu/mux_vecmul_in_a[3]_134_19/in_3[8] 	 (fanout : 1)
hpin:tr_soc_top_mx/u_vpu/mux_vecmul_in_a[2]_134_19/in_3[15] 	 (fanout : 1)
hpin:tr_soc_top_mx/u_vpu/mux_vecmul_in_a[2]_134_19/in_3[14] 	 (fanout : 1)
hpin:tr_soc_top_mx/u_vpu/mux_vecmul_in_a[2]_134_19/in_3[13] 	 (fanout : 1)
hpin:tr_soc_top_mx/u_vpu/mux_vecmul_in_a[2]_134_19/in_3[12] 	 (fanout : 1)
hpin:tr_soc_top_mx/u_vpu/mux_vecmul_in_a[2]_134_19/in_3[11] 	 (fanout : 1)
hpin:tr_soc_top_mx/u_vpu/mux_vecmul_in_a[2]_134_19/in_3[10] 	 (fanout : 1)
hpin:tr_soc_top_mx/u_vpu/mux_vecmul_in_a[2]_134_19/in_3[9] 	 (fanout : 1)
hpin:tr_soc_top_mx/u_vpu/mux_vecmul_in_a[2]_134_19/in_3[8] 	 (fanout : 1)
hpin:tr_soc_top_mx/u_vpu/mux_vecmul_in_a[1]_134_19/in_3[15] 	 (fanout : 1)
hpin:tr_soc_top_mx/u_vpu/mux_vecmul_in_a[1]_134_19/in_3[14] 	 (fanout : 1)
hpin:tr_soc_top_mx/u_vpu/mux_vecmul_in_a[1]_134_19/in_3[13] 	 (fanout : 1)
hpin:tr_soc_top_mx/u_vpu/mux_vecmul_in_a[1]_134_19/in_3[12] 	 (fanout : 1)
hpin:tr_soc_top_mx/u_vpu/mux_vecmul_in_a[1]_134_19/in_3[11] 	 (fanout : 1)
hpin:tr_soc_top_mx/u_vpu/mux_vecmul_in_a[1]_134_19/in_3[10] 	 (fanout : 1)
hpin:tr_soc_top_mx/u_vpu/mux_vecmul_in_a[1]_134_19/in_3[9] 	 (fanout : 1)
hpin:tr_soc_top_mx/u_vpu/mux_vecmul_in_a[1]_134_19/in_3[8] 	 (fanout : 1)
hpin:tr_soc_top_mx/u_vpu/mux_vecmul_in_a[0]_134_19/in_3[15] 	 (fanout : 1)
hpin:tr_soc_top_mx/u_vpu/mux_vecmul_in_a[0]_134_19/in_3[14] 	 (fanout : 1)
hpin:tr_soc_top_mx/u_vpu/mux_vecmul_in_a[0]_134_19/in_3[13] 	 (fanout : 1)
hpin:tr_soc_top_mx/u_vpu/mux_vecmul_in_a[0]_134_19/in_3[12] 	 (fanout : 1)
hpin:tr_soc_top_mx/u_vpu/mux_vecmul_in_a[0]_134_19/in_3[11] 	 (fanout : 1)
hpin:tr_soc_top_mx/u_vpu/mux_vecmul_in_a[0]_134_19/in_3[10] 	 (fanout : 1)
hpin:tr_soc_top_mx/u_vpu/mux_vecmul_in_a[0]_134_19/in_3[9] 	 (fanout : 1)
hpin:tr_soc_top_mx/u_vpu/mux_vecmul_in_a[0]_134_19/in_3[8] 	 (fanout : 1)
hpin:tr_soc_top_mx/u_vpu/mux_266_48/in_1[15] 	 (fanout : 1)
hpin:tr_soc_top_mx/u_vpu/mux_266_48/in_1[14] 	 (fanout : 1)
hpin:tr_soc_top_mx/u_vpu/mux_266_48/in_1[13] 	 (fanout : 1)
hpin:tr_soc_top_mx/u_vpu/mux_266_48/in_1[12] 	 (fanout : 1)
hpin:tr_soc_top_mx/u_vpu/mux_266_48/in_1[11] 	 (fanout : 1)
hpin:tr_soc_top_mx/u_vpu/mux_266_48/in_1[10] 	 (fanout : 1)
hpin:tr_soc_top_mx/u_vpu/mux_266_48/in_1[9] 	 (fanout : 1)
hpin:tr_soc_top_mx/u_vpu/mux_266_48/in_1[8] 	 (fanout : 1)
hpin:tr_soc_top_mx/u_vpu/mux_266_48/in_1[7] 	 (fanout : 1)
hpin:tr_soc_top_mx/u_vpu/mux_266_48/in_1[6] 	 (fanout : 1)
hpin:tr_soc_top_mx/u_vpu/mux_266_48/in_1[5] 	 (fanout : 1)
hpin:tr_soc_top_mx/u_vpu/mux_266_48/in_1[4] 	 (fanout : 1)
hpin:tr_soc_top_mx/u_vpu/mux_266_48/in_1[3] 	 (fanout : 1)
hpin:tr_soc_top_mx/u_vpu/mux_266_48/in_1[2] 	 (fanout : 1)
hpin:tr_soc_top_mx/u_vpu/mux_266_48/in_1[1] 	 (fanout : 1)
hpin:tr_soc_top_mx/u_vpu/mux_266_48/in_1[0] 	 (fanout : 1)
hpin:tr_soc_top_mx/u_vpu/mux_266_62/in_1[15] 	 (fanout : 1)
hpin:tr_soc_top_mx/u_vpu/mux_266_62/in_1[14] 	 (fanout : 1)
hpin:tr_soc_top_mx/u_vpu/mux_266_62/in_1[13] 	 (fanout : 1)
hpin:tr_soc_top_mx/u_vpu/mux_266_62/in_1[12] 	 (fanout : 1)
hpin:tr_soc_top_mx/u_vpu/mux_266_62/in_1[11] 	 (fanout : 1)
hpin:tr_soc_top_mx/u_vpu/mux_266_62/in_1[10] 	 (fanout : 1)
hpin:tr_soc_top_mx/u_vpu/mux_266_62/in_1[9] 	 (fanout : 1)
hpin:tr_soc_top_mx/u_vpu/mux_266_62/in_1[8] 	 (fanout : 1)
hpin:tr_soc_top_mx/u_vpu/mux_266_62/in_1[7] 	 (fanout : 1)
hpin:tr_soc_top_mx/u_vpu/mux_266_62/in_1[6] 	 (fanout : 1)
hpin:tr_soc_top_mx/u_vpu/mux_266_62/in_1[5] 	 (fanout : 1)
hpin:tr_soc_top_mx/u_vpu/mux_266_62/in_1[4] 	 (fanout : 1)
hpin:tr_soc_top_mx/u_vpu/mux_266_62/in_1[3] 	 (fanout : 1)
hpin:tr_soc_top_mx/u_vpu/mux_266_62/in_1[2] 	 (fanout : 1)
hpin:tr_soc_top_mx/u_vpu/mux_266_62/in_1[1] 	 (fanout : 1)
hpin:tr_soc_top_mx/u_vpu/mux_266_62/in_1[0] 	 (fanout : 1)
hpin:tr_soc_top_mx/u_vpu/mux_266_64/in_1[15] 	 (fanout : 1)
hpin:tr_soc_top_mx/u_vpu/mux_266_64/in_1[14] 	 (fanout : 1)
hpin:tr_soc_top_mx/u_vpu/mux_266_64/in_1[13] 	 (fanout : 1)
hpin:tr_soc_top_mx/u_vpu/mux_266_64/in_1[12] 	 (fanout : 1)
hpin:tr_soc_top_mx/u_vpu/mux_266_64/in_1[11] 	 (fanout : 1)
hpin:tr_soc_top_mx/u_vpu/mux_266_64/in_1[10] 	 (fanout : 1)
hpin:tr_soc_top_mx/u_vpu/mux_266_64/in_1[9] 	 (fanout : 1)
hpin:tr_soc_top_mx/u_vpu/mux_266_64/in_1[8] 	 (fanout : 1)
hpin:tr_soc_top_mx/u_vpu/mux_266_64/in_1[7] 	 (fanout : 1)
hpin:tr_soc_top_mx/u_vpu/mux_266_64/in_1[6] 	 (fanout : 1)
hpin:tr_soc_top_mx/u_vpu/mux_266_64/in_1[5] 	 (fanout : 1)
hpin:tr_soc_top_mx/u_vpu/mux_266_64/in_1[4] 	 (fanout : 1)
hpin:tr_soc_top_mx/u_vpu/mux_266_64/in_1[3] 	 (fanout : 1)
hpin:tr_soc_top_mx/u_vpu/mux_266_64/in_1[2] 	 (fanout : 1)
hpin:tr_soc_top_mx/u_vpu/mux_266_64/in_1[1] 	 (fanout : 1)
hpin:tr_soc_top_mx/u_vpu/mux_266_64/in_1[0] 	 (fanout : 1)
hpin:tr_soc_top_mx/u_vpu/mux_266_66/in_1[15] 	 (fanout : 1)
hpin:tr_soc_top_mx/u_vpu/mux_266_66/in_1[14] 	 (fanout : 1)
hpin:tr_soc_top_mx/u_vpu/mux_266_66/in_1[13] 	 (fanout : 1)
hpin:tr_soc_top_mx/u_vpu/mux_266_66/in_1[12] 	 (fanout : 1)
hpin:tr_soc_top_mx/u_vpu/mux_266_66/in_1[11] 	 (fanout : 1)
hpin:tr_soc_top_mx/u_vpu/mux_266_66/in_1[10] 	 (fanout : 1)
hpin:tr_soc_top_mx/u_vpu/mux_266_66/in_1[9] 	 (fanout : 1)
hpin:tr_soc_top_mx/u_vpu/mux_266_66/in_1[8] 	 (fanout : 1)
hpin:tr_soc_top_mx/u_vpu/mux_266_66/in_1[7] 	 (fanout : 1)
hpin:tr_soc_top_mx/u_vpu/mux_266_66/in_1[6] 	 (fanout : 1)
hpin:tr_soc_top_mx/u_vpu/mux_266_66/in_1[5] 	 (fanout : 1)
hpin:tr_soc_top_mx/u_vpu/mux_266_66/in_1[4] 	 (fanout : 1)
hpin:tr_soc_top_mx/u_vpu/mux_266_66/in_1[3] 	 (fanout : 1)
hpin:tr_soc_top_mx/u_vpu/mux_266_66/in_1[2] 	 (fanout : 1)
hpin:tr_soc_top_mx/u_vpu/mux_266_66/in_1[1] 	 (fanout : 1)
hpin:tr_soc_top_mx/u_vpu/mux_266_66/in_1[0] 	 (fanout : 1)
hpin:tr_soc_top_mx/u_vpu/mux_266_68/in_1[15] 	 (fanout : 1)
hpin:tr_soc_top_mx/u_vpu/mux_266_68/in_1[14] 	 (fanout : 1)
hpin:tr_soc_top_mx/u_vpu/mux_266_68/in_1[13] 	 (fanout : 1)
hpin:tr_soc_top_mx/u_vpu/mux_266_68/in_1[12] 	 (fanout : 1)
hpin:tr_soc_top_mx/u_vpu/mux_266_68/in_1[11] 	 (fanout : 1)
hpin:tr_soc_top_mx/u_vpu/mux_266_68/in_1[10] 	 (fanout : 1)
hpin:tr_soc_top_mx/u_vpu/mux_266_68/in_1[9] 	 (fanout : 1)
hpin:tr_soc_top_mx/u_vpu/mux_266_68/in_1[8] 	 (fanout : 1)
hpin:tr_soc_top_mx/u_vpu/mux_266_68/in_1[7] 	 (fanout : 1)
hpin:tr_soc_top_mx/u_vpu/mux_266_68/in_1[6] 	 (fanout : 1)
hpin:tr_soc_top_mx/u_vpu/mux_266_68/in_1[5] 	 (fanout : 1)
hpin:tr_soc_top_mx/u_vpu/mux_266_68/in_1[4] 	 (fanout : 1)
hpin:tr_soc_top_mx/u_vpu/mux_266_68/in_1[3] 	 (fanout : 1)
hpin:tr_soc_top_mx/u_vpu/mux_266_68/in_1[2] 	 (fanout : 1)
hpin:tr_soc_top_mx/u_vpu/mux_266_68/in_1[1] 	 (fanout : 1)
hpin:tr_soc_top_mx/u_vpu/mux_266_68/in_1[0] 	 (fanout : 1)
hpin:tr_soc_top_mx/u_vpu/mux_266_70/in_1[15] 	 (fanout : 1)
hpin:tr_soc_top_mx/u_vpu/mux_266_70/in_1[14] 	 (fanout : 1)
hpin:tr_soc_top_mx/u_vpu/mux_266_70/in_1[13] 	 (fanout : 1)
hpin:tr_soc_top_mx/u_vpu/mux_266_70/in_1[12] 	 (fanout : 1)
hpin:tr_soc_top_mx/u_vpu/mux_266_70/in_1[11] 	 (fanout : 1)
hpin:tr_soc_top_mx/u_vpu/mux_266_70/in_1[10] 	 (fanout : 1)
hpin:tr_soc_top_mx/u_vpu/mux_266_70/in_1[9] 	 (fanout : 1)
hpin:tr_soc_top_mx/u_vpu/mux_266_70/in_1[8] 	 (fanout : 1)
hpin:tr_soc_top_mx/u_vpu/mux_266_70/in_1[7] 	 (fanout : 1)
hpin:tr_soc_top_mx/u_vpu/mux_266_70/in_1[6] 	 (fanout : 1)
hpin:tr_soc_top_mx/u_vpu/mux_266_70/in_1[5] 	 (fanout : 1)
hpin:tr_soc_top_mx/u_vpu/mux_266_70/in_1[4] 	 (fanout : 1)
hpin:tr_soc_top_mx/u_vpu/mux_266_70/in_1[3] 	 (fanout : 1)
hpin:tr_soc_top_mx/u_vpu/mux_266_70/in_1[2] 	 (fanout : 1)
hpin:tr_soc_top_mx/u_vpu/mux_266_70/in_1[1] 	 (fanout : 1)
hpin:tr_soc_top_mx/u_vpu/mux_266_70/in_1[0] 	 (fanout : 1)
hpin:tr_soc_top_mx/u_vpu/mux_266_72/in_1[15] 	 (fanout : 1)
hpin:tr_soc_top_mx/u_vpu/mux_266_72/in_1[14] 	 (fanout : 1)
hpin:tr_soc_top_mx/u_vpu/mux_266_72/in_1[13] 	 (fanout : 1)
hpin:tr_soc_top_mx/u_vpu/mux_266_72/in_1[12] 	 (fanout : 1)
hpin:tr_soc_top_mx/u_vpu/mux_266_72/in_1[11] 	 (fanout : 1)
hpin:tr_soc_top_mx/u_vpu/mux_266_72/in_1[10] 	 (fanout : 1)
hpin:tr_soc_top_mx/u_vpu/mux_266_72/in_1[9] 	 (fanout : 1)
hpin:tr_soc_top_mx/u_vpu/mux_266_72/in_1[8] 	 (fanout : 1)
hpin:tr_soc_top_mx/u_vpu/mux_266_72/in_1[7] 	 (fanout : 1)
hpin:tr_soc_top_mx/u_vpu/mux_266_72/in_1[6] 	 (fanout : 1)
hpin:tr_soc_top_mx/u_vpu/mux_266_72/in_1[5] 	 (fanout : 1)
hpin:tr_soc_top_mx/u_vpu/mux_266_72/in_1[4] 	 (fanout : 1)
hpin:tr_soc_top_mx/u_vpu/mux_266_72/in_1[3] 	 (fanout : 1)
hpin:tr_soc_top_mx/u_vpu/mux_266_72/in_1[2] 	 (fanout : 1)
hpin:tr_soc_top_mx/u_vpu/mux_266_72/in_1[1] 	 (fanout : 1)
hpin:tr_soc_top_mx/u_vpu/mux_266_72/in_1[0] 	 (fanout : 1)
hpin:tr_soc_top_mx/u_vpu/mux_266_74/in_1[15] 	 (fanout : 1)
hpin:tr_soc_top_mx/u_vpu/mux_266_74/in_1[14] 	 (fanout : 1)
hpin:tr_soc_top_mx/u_vpu/mux_266_74/in_1[13] 	 (fanout : 1)
hpin:tr_soc_top_mx/u_vpu/mux_266_74/in_1[12] 	 (fanout : 1)
hpin:tr_soc_top_mx/u_vpu/mux_266_74/in_1[11] 	 (fanout : 1)
hpin:tr_soc_top_mx/u_vpu/mux_266_74/in_1[10] 	 (fanout : 1)
hpin:tr_soc_top_mx/u_vpu/mux_266_74/in_1[9] 	 (fanout : 1)
hpin:tr_soc_top_mx/u_vpu/mux_266_74/in_1[8] 	 (fanout : 1)
hpin:tr_soc_top_mx/u_vpu/mux_266_74/in_1[7] 	 (fanout : 1)
hpin:tr_soc_top_mx/u_vpu/mux_266_74/in_1[6] 	 (fanout : 1)
hpin:tr_soc_top_mx/u_vpu/mux_266_74/in_1[5] 	 (fanout : 1)
hpin:tr_soc_top_mx/u_vpu/mux_266_74/in_1[4] 	 (fanout : 1)
hpin:tr_soc_top_mx/u_vpu/mux_266_74/in_1[3] 	 (fanout : 1)
hpin:tr_soc_top_mx/u_vpu/mux_266_74/in_1[2] 	 (fanout : 1)
hpin:tr_soc_top_mx/u_vpu/mux_266_74/in_1[1] 	 (fanout : 1)
hpin:tr_soc_top_mx/u_vpu/mux_266_74/in_1[0] 	 (fanout : 1)
hpin:tr_soc_top_mx/u_formatter/gt_62_23/B[2] 	 (fanout : 2)
hpin:tr_soc_top_mx/u_formatter/gt_62_23/B[1] 	 (fanout : 2)
hpin:tr_soc_top_mx/u_formatter/gt_62_23/B[0] 	 (fanout : 1)
hpin:tr_soc_top_mx/u_formatter/sub_63_40/B[2] 	 (fanout : 1)
hpin:tr_soc_top_mx/u_formatter/sub_63_40/B[1] 	 (fanout : 1)
hpin:tr_soc_top_mx/u_formatter/sub_63_40/B[0] 	 (fanout : 2)
hpin:tr_soc_top_mx/u_formatter/minus_36_54_I8/A 	 (fanout : 30)
hpin:tr_soc_top_mx/u_formatter/minus_36_54_I7/A 	 (fanout : 30)
hpin:tr_soc_top_mx/u_formatter/minus_36_54_I6/A 	 (fanout : 30)
hpin:tr_soc_top_mx/u_formatter/minus_36_54_I5/A 	 (fanout : 30)
hpin:tr_soc_top_mx/u_formatter/minus_36_54_I4/A 	 (fanout : 30)
hpin:tr_soc_top_mx/u_formatter/minus_36_54_I3/A 	 (fanout : 30)
hpin:tr_soc_top_mx/u_formatter/minus_36_54_I2/A 	 (fanout : 30)
hpin:tr_soc_top_mx/u_formatter/gt_39_28_I1/B 	 (fanout : 1)
hpin:tr_soc_top_mx/u_formatter/minus_36_54_I1/A 	 (fanout : 30)
hpin:tr_soc_top_mx/u_formatter/mux_max_abs_39_28/in_0[15] 	 (fanout : 1)
hpin:tr_soc_top_mx/u_formatter/mux_max_abs_39_28/in_0[14] 	 (fanout : 1)
hpin:tr_soc_top_mx/u_formatter/mux_max_abs_39_28/in_0[13] 	 (fanout : 1)
hpin:tr_soc_top_mx/u_formatter/mux_max_abs_39_28/in_0[12] 	 (fanout : 1)
hpin:tr_soc_top_mx/u_formatter/mux_max_abs_39_28/in_0[11] 	 (fanout : 1)
hpin:tr_soc_top_mx/u_formatter/mux_max_abs_39_28/in_0[10] 	 (fanout : 1)
hpin:tr_soc_top_mx/u_formatter/mux_max_abs_39_28/in_0[9] 	 (fanout : 1)
hpin:tr_soc_top_mx/u_formatter/mux_max_abs_39_28/in_0[8] 	 (fanout : 1)
hpin:tr_soc_top_mx/u_formatter/mux_max_abs_39_28/in_0[7] 	 (fanout : 1)
hpin:tr_soc_top_mx/u_formatter/mux_max_abs_39_28/in_0[6] 	 (fanout : 1)
hpin:tr_soc_top_mx/u_formatter/mux_max_abs_39_28/in_0[5] 	 (fanout : 1)
hpin:tr_soc_top_mx/u_formatter/mux_max_abs_39_28/in_0[4] 	 (fanout : 1)
hpin:tr_soc_top_mx/u_formatter/mux_max_abs_39_28/in_0[3] 	 (fanout : 1)
hpin:tr_soc_top_mx/u_formatter/mux_max_abs_39_28/in_0[2] 	 (fanout : 1)
hpin:tr_soc_top_mx/u_formatter/mux_max_abs_39_28/in_0[1] 	 (fanout : 1)
hpin:tr_soc_top_mx/u_formatter/mux_max_abs_39_28/in_0[0] 	 (fanout : 1)
hpin:tr_soc_top_mx/u_formatter/mux_bit_width_55_36/in_0[4] 	 (fanout : 1)
hpin:tr_soc_top_mx/u_formatter/mux_bit_width_55_36/in_0[3] 	 (fanout : 1)
hpin:tr_soc_top_mx/u_formatter/mux_bit_width_55_36/in_0[2] 	 (fanout : 1)
hpin:tr_soc_top_mx/u_formatter/mux_bit_width_55_36/in_0[1] 	 (fanout : 1)
hpin:tr_soc_top_mx/u_formatter/mux_bit_width_55_36/in_0[0] 	 (fanout : 1)
hpin:tr_soc_top_mx/u_formatter/mux_bit_width_55_36/in_1[4] 	 (fanout : 1)
hpin:tr_soc_top_mx/u_formatter/mux_bit_width_55_36/in_1[3] 	 (fanout : 1)
hpin:tr_soc_top_mx/u_formatter/mux_bit_width_55_36/in_1[2] 	 (fanout : 1)
hpin:tr_soc_top_mx/u_formatter/mux_bit_width_55_36/in_1[1] 	 (fanout : 1)
hpin:tr_soc_top_mx/u_formatter/mux_bit_width_55_36/in_1[0] 	 (fanout : 1)
hpin:tr_soc_top_mx/u_formatter/mux_bit_width_55_36/in_2[4] 	 (fanout : 1)
hpin:tr_soc_top_mx/u_formatter/mux_bit_width_55_36/in_2[3] 	 (fanout : 1)
hpin:tr_soc_top_mx/u_formatter/mux_bit_width_55_36/in_2[2] 	 (fanout : 1)
hpin:tr_soc_top_mx/u_formatter/mux_bit_width_55_36/in_2[1] 	 (fanout : 1)
hpin:tr_soc_top_mx/u_formatter/mux_bit_width_55_36/in_2[0] 	 (fanout : 1)
hpin:tr_soc_top_mx/u_formatter/mux_bit_width_55_36/in_3[4] 	 (fanout : 1)
hpin:tr_soc_top_mx/u_formatter/mux_bit_width_55_36/in_3[3] 	 (fanout : 1)
hpin:tr_soc_top_mx/u_formatter/mux_bit_width_55_36/in_3[2] 	 (fanout : 1)
hpin:tr_soc_top_mx/u_formatter/mux_bit_width_55_36/in_3[1] 	 (fanout : 1)
hpin:tr_soc_top_mx/u_formatter/mux_bit_width_55_36/in_3[0] 	 (fanout : 1)
hpin:tr_soc_top_mx/u_formatter/mux_bit_width_55_36/in_4[4] 	 (fanout : 1)
hpin:tr_soc_top_mx/u_formatter/mux_bit_width_55_36/in_4[3] 	 (fanout : 1)
hpin:tr_soc_top_mx/u_formatter/mux_bit_width_55_36/in_4[2] 	 (fanout : 1)
hpin:tr_soc_top_mx/u_formatter/mux_bit_width_55_36/in_4[1] 	 (fanout : 1)
hpin:tr_soc_top_mx/u_formatter/mux_bit_width_55_36/in_4[0] 	 (fanout : 1)
hpin:tr_soc_top_mx/u_formatter/mux_bit_width_55_36/in_5[4] 	 (fanout : 1)
hpin:tr_soc_top_mx/u_formatter/mux_bit_width_55_36/in_5[3] 	 (fanout : 1)
hpin:tr_soc_top_mx/u_formatter/mux_bit_width_55_36/in_5[2] 	 (fanout : 1)
hpin:tr_soc_top_mx/u_formatter/mux_bit_width_55_36/in_5[1] 	 (fanout : 1)
hpin:tr_soc_top_mx/u_formatter/mux_bit_width_55_36/in_5[0] 	 (fanout : 1)
hpin:tr_soc_top_mx/u_formatter/mux_bit_width_55_36/in_6[4] 	 (fanout : 1)
hpin:tr_soc_top_mx/u_formatter/mux_bit_width_55_36/in_6[3] 	 (fanout : 1)
hpin:tr_soc_top_mx/u_formatter/mux_bit_width_55_36/in_6[2] 	 (fanout : 1)
hpin:tr_soc_top_mx/u_formatter/mux_bit_width_55_36/in_6[1] 	 (fanout : 1)
hpin:tr_soc_top_mx/u_formatter/mux_bit_width_55_36/in_6[0] 	 (fanout : 1)
hpin:tr_soc_top_mx/u_formatter/mux_bit_width_55_36/in_7[4] 	 (fanout : 1)
hpin:tr_soc_top_mx/u_formatter/mux_bit_width_55_36/in_7[3] 	 (fanout : 1)
hpin:tr_soc_top_mx/u_formatter/mux_bit_width_55_36/in_7[2] 	 (fanout : 1)
hpin:tr_soc_top_mx/u_formatter/mux_bit_width_55_36/in_7[1] 	 (fanout : 1)
hpin:tr_soc_top_mx/u_formatter/mux_bit_width_55_36/in_7[0] 	 (fanout : 1)
hpin:tr_soc_top_mx/u_formatter/mux_bit_width_55_36/in_8[4] 	 (fanout : 1)
hpin:tr_soc_top_mx/u_formatter/mux_bit_width_55_36/in_8[3] 	 (fanout : 1)
hpin:tr_soc_top_mx/u_formatter/mux_bit_width_55_36/in_8[2] 	 (fanout : 1)
hpin:tr_soc_top_mx/u_formatter/mux_bit_width_55_36/in_8[1] 	 (fanout : 1)
hpin:tr_soc_top_mx/u_formatter/mux_bit_width_55_36/in_8[0] 	 (fanout : 1)
hpin:tr_soc_top_mx/u_formatter/mux_bit_width_55_36/in_9[4] 	 (fanout : 1)
hpin:tr_soc_top_mx/u_formatter/mux_bit_width_55_36/in_9[3] 	 (fanout : 1)
hpin:tr_soc_top_mx/u_formatter/mux_bit_width_55_36/in_9[2] 	 (fanout : 1)
hpin:tr_soc_top_mx/u_formatter/mux_bit_width_55_36/in_9[1] 	 (fanout : 1)
hpin:tr_soc_top_mx/u_formatter/mux_bit_width_55_36/in_9[0] 	 (fanout : 1)
hpin:tr_soc_top_mx/u_formatter/mux_bit_width_55_36/in_10[4] 	 (fanout : 1)
hpin:tr_soc_top_mx/u_formatter/mux_bit_width_55_36/in_10[3] 	 (fanout : 1)
hpin:tr_soc_top_mx/u_formatter/mux_bit_width_55_36/in_10[2] 	 (fanout : 1)
hpin:tr_soc_top_mx/u_formatter/mux_bit_width_55_36/in_10[1] 	 (fanout : 1)
hpin:tr_soc_top_mx/u_formatter/mux_bit_width_55_36/in_10[0] 	 (fanout : 1)
hpin:tr_soc_top_mx/u_formatter/mux_bit_width_55_36/in_11[4] 	 (fanout : 1)
hpin:tr_soc_top_mx/u_formatter/mux_bit_width_55_36/in_11[3] 	 (fanout : 1)
hpin:tr_soc_top_mx/u_formatter/mux_bit_width_55_36/in_11[2] 	 (fanout : 1)
hpin:tr_soc_top_mx/u_formatter/mux_bit_width_55_36/in_11[1] 	 (fanout : 1)
hpin:tr_soc_top_mx/u_formatter/mux_bit_width_55_36/in_11[0] 	 (fanout : 1)
hpin:tr_soc_top_mx/u_formatter/mux_bit_width_55_36/in_12[4] 	 (fanout : 1)
hpin:tr_soc_top_mx/u_formatter/mux_bit_width_55_36/in_12[3] 	 (fanout : 1)
hpin:tr_soc_top_mx/u_formatter/mux_bit_width_55_36/in_12[2] 	 (fanout : 1)
hpin:tr_soc_top_mx/u_formatter/mux_bit_width_55_36/in_12[1] 	 (fanout : 1)
hpin:tr_soc_top_mx/u_formatter/mux_bit_width_55_36/in_12[0] 	 (fanout : 1)
hpin:tr_soc_top_mx/u_formatter/mux_bit_width_55_36/in_13[4] 	 (fanout : 1)
hpin:tr_soc_top_mx/u_formatter/mux_bit_width_55_36/in_13[3] 	 (fanout : 1)
hpin:tr_soc_top_mx/u_formatter/mux_bit_width_55_36/in_13[2] 	 (fanout : 1)
hpin:tr_soc_top_mx/u_formatter/mux_bit_width_55_36/in_13[1] 	 (fanout : 1)
hpin:tr_soc_top_mx/u_formatter/mux_bit_width_55_36/in_13[0] 	 (fanout : 1)
hpin:tr_soc_top_mx/u_formatter/mux_bit_width_55_36/in_14[4] 	 (fanout : 1)
hpin:tr_soc_top_mx/u_formatter/mux_bit_width_55_36/in_14[3] 	 (fanout : 1)
hpin:tr_soc_top_mx/u_formatter/mux_bit_width_55_36/in_14[2] 	 (fanout : 1)
hpin:tr_soc_top_mx/u_formatter/mux_bit_width_55_36/in_14[1] 	 (fanout : 1)
hpin:tr_soc_top_mx/u_formatter/mux_bit_width_55_36/in_14[0] 	 (fanout : 1)
hpin:tr_soc_top_mx/u_formatter/mux_bit_width_55_36/in_15[4] 	 (fanout : 1)
hpin:tr_soc_top_mx/u_formatter/mux_bit_width_55_36/in_15[3] 	 (fanout : 1)
hpin:tr_soc_top_mx/u_formatter/mux_bit_width_55_36/in_15[2] 	 (fanout : 1)
hpin:tr_soc_top_mx/u_formatter/mux_bit_width_55_36/in_15[1] 	 (fanout : 1)
hpin:tr_soc_top_mx/u_formatter/mux_bit_width_55_36/in_15[0] 	 (fanout : 1)
hpin:tr_soc_top_mx/u_formatter/mux_bit_width_55_36/in_16[4] 	 (fanout : 1)
hpin:tr_soc_top_mx/u_formatter/mux_bit_width_55_36/in_16[3] 	 (fanout : 1)
hpin:tr_soc_top_mx/u_formatter/mux_bit_width_55_36/in_16[2] 	 (fanout : 1)
hpin:tr_soc_top_mx/u_formatter/mux_bit_width_55_36/in_16[1] 	 (fanout : 1)
hpin:tr_soc_top_mx/u_formatter/mux_bit_width_55_36/in_16[0] 	 (fanout : 1)
hpin:tr_soc_top_mx/u_formatter/mux_calculated_exp_62_23/in_0[7] 	 (fanout : 1)
hpin:tr_soc_top_mx/u_formatter/mux_calculated_exp_62_23/in_0[6] 	 (fanout : 1)
hpin:tr_soc_top_mx/u_formatter/mux_calculated_exp_62_23/in_0[5] 	 (fanout : 1)
hpin:tr_soc_top_mx/u_formatter/mux_calculated_exp_62_23/in_0[4] 	 (fanout : 1)
hpin:tr_soc_top_mx/u_formatter/mux_calculated_exp_62_23/in_0[3] 	 (fanout : 1)
hpin:tr_soc_top_mx/u_formatter/mux_calculated_exp_62_23/in_0[2] 	 (fanout : 1)
hpin:tr_soc_top_mx/u_formatter/mux_calculated_exp_62_23/in_0[1] 	 (fanout : 1)
hpin:tr_soc_top_mx/u_formatter/mux_calculated_exp_62_23/in_0[0] 	 (fanout : 1)
Total number of constant hierarchical pins in design 'tr_soc_top_mx' : 7710

design 'tr_soc_top_mx' has the following constant port(s)
port:tr_soc_top_mx/mmio_rdata[31]
port:tr_soc_top_mx/mmio_rdata[30]
port:tr_soc_top_mx/mmio_rdata[29]
port:tr_soc_top_mx/mmio_rdata[28]
port:tr_soc_top_mx/mmio_rdata[27]
port:tr_soc_top_mx/mmio_rdata[26]
port:tr_soc_top_mx/mmio_rdata[25]
port:tr_soc_top_mx/mmio_rdata[24]
port:tr_soc_top_mx/mmio_rdata[23]
port:tr_soc_top_mx/mmio_rdata[22]
port:tr_soc_top_mx/mmio_rdata[21]
port:tr_soc_top_mx/mmio_rdata[20]
port:tr_soc_top_mx/mmio_rdata[19]
port:tr_soc_top_mx/mmio_rdata[18]
port:tr_soc_top_mx/mmio_rdata[17]
port:tr_soc_top_mx/mmio_rdata[16]
port:tr_soc_top_mx/mmio_rdata[15]
port:tr_soc_top_mx/mmio_rdata[14]
port:tr_soc_top_mx/mmio_rdata[13]
port:tr_soc_top_mx/mmio_rdata[12]
port:tr_soc_top_mx/mmio_rdata[11]
port:tr_soc_top_mx/mmio_rdata[10]
port:tr_soc_top_mx/mmio_rdata[9]
port:tr_soc_top_mx/mmio_rdata[8]
port:tr_soc_top_mx/mmio_rdata[7]
port:tr_soc_top_mx/mmio_rdata[6]
port:tr_soc_top_mx/mmio_rdata[5]
port:tr_soc_top_mx/mmio_rdata[4]
port:tr_soc_top_mx/mmio_rdata[3]
port:tr_soc_top_mx/mmio_rdata[2]
Total number of constant port(s) in design 'tr_soc_top_mx' : 30

  Preserved instances(s)
  ----------------
No preserved combinational instance(s) in design 'tr_soc_top_mx'
No preserved sequential instance(s) in design 'tr_soc_top_mx'
No preserved hierarchical instance(s) in design 'tr_soc_top_mx'

  Physical only instances(s)
  ----------------
No physical only instance(s) in design 'tr_soc_top_mx'

  Logical only instance(s) and linked libcells
    -----------------------------------------
No logical only instance(s) in design 'tr_soc_top_mx'

Libcells with no corresponding LEF
----------------------------------
No libcell(s) found.

LEF cells with no corresponding libcell
---------------------------------------

No physical (LEF) cells found.

 Summary
 ------- 

              Name                       Total
----------------------------------------------
Unresolved References                        1
Empty Modules                                0
Unloaded Port(s)                            17
Unloaded Sequential Pin(s)                  35
Unloaded Combinational Pin(s)              156
Assigns                                     96
Undriven Port(s)                             0
Undriven Leaf Pin(s)                         0
Undriven hierarchical pin(s)                 0
Multidriven Port(s)                          0
Multidriven Leaf Pin(s)                   4550
Multidriven hierarchical Pin(s)             10
Multidriven unloaded net(s)                  0
Constant Port(s)                            30
Constant Leaf Pin(s)                         6
Constant hierarchical Pin(s)              7710
Preserved leaf instance(s)                   0
Preserved hierarchical instance(s)           0
Feedthrough Modules(s)                       0
Libcells with no LEF cell                    0
Physical (LEF) cells with no libcell         0
Subdesigns with long module name             0
Physical only instance(s)                    0
Logical only instance(s)                     0

  Done Checking the design.
