============================================================
  Generated by:           Genus(TM) Synthesis Solution 25.12-s067_1
  Generated on:           Sep 30 2026  11:40:16 pm
  Module:                 tr_nonlinear_vpu
  Operating conditions:   ss_typical_max_0p90v_125c (balanced_tree)
  Wireload mode:          top
  Area mode:              timing library
============================================================


Path 1: MET (0 ps) Setup Check with Pin u_backbone/s2_post_ln_reg_reg[4][5]/CK->D
          Group: reg2reg
     Startpoint: (R) u_backbone/s1_mode_pre_ln_reg/CK
          Clock: (R) clk
       Endpoint: (F) u_backbone/s2_post_ln_reg_reg[4][5]/D
          Clock: (R) clk

                     Capture       Launch     
        Clock Edge:+    3300            0     
       Src Latency:+       0            0     
       Net Latency:+       0 (I)        0 (I) 
           Arrival:=    3300            0     
                                              
             Setup:-      94                  
       Uncertainty:-     125                  
     Required Time:=    3082                  
      Launch Clock:-       0                  
         Data Path:-    3082                  
             Slack:=       0                  

#-------------------------------------------------------------------------------------------------------------
#               Timing Point                 Flags    Arc   Edge       Cell        Fanout Trans Delay Arrival 
#                                                                                          (ps)  (ps)   (ps)  
#-------------------------------------------------------------------------------------------------------------
  u_backbone/s1_mode_pre_ln_reg/CK           -       -      R     (arrival)           362     0     0       0 
  u_backbone/s1_mode_pre_ln_reg/Q            -       CK->Q  R     DFFRPQ_X4M_A9TL       6   154   341     341 
  u_backbone/u_pre_ln/g6468/Y                -       A->Y   F     INV_X3M_A9TL          2    82    87     428 
  u_backbone/u_pre_ln/g6467/Y                -       A->Y   R     INV_X4M_A9TL          1    60    63     491 
  u_backbone/u_pre_ln/g6466/Y                -       A->Y   F     INV_X7P5M_A9TL        5    42    47     538 
  u_backbone/u_pre_ln/g6307/Y                -       A->Y   F     OR4_X6M_A9TL          3    71   121     659 
  u_backbone/u_pre_ln/g6294/Y                -       A->Y   R     INV_X2M_A9TL          2   110    93     752 
  u_backbone/u_pre_ln/g6219/Y                -       A->Y   F     NAND2_X4M_A9TL        1    58    58     810 
  u_backbone/u_pre_ln/g6566/Y                -       A0->Y  R     AOI2XB1_X4M_A9TL      4   183   142     952 
  u_backbone/gen_tr_lanes[4].u_tr_ln/g6598/Y -       A->Y   F     INV_X3M_A9TL          5   100   104    1056 
  u_backbone/gen_tr_lanes[4].u_tr_ln/g6596/Y -       A->Y   R     INV_X5M_A9TL          6    77    80    1136 
  u_backbone/gen_tr_lanes[4].u_tr_ln/g6481/Y -       A0->Y  F     OAI21_X1P4M_A9TL      1   100    89    1225 
  u_backbone/gen_tr_lanes[4].u_tr_ln/g6478/Y -       B->Y   R     NAND3_X2M_A9TL        1   122   106    1331 
  u_backbone/gen_tr_lanes[4].u_tr_ln/g6473/Y -       A->Y   F     NAND2_X2A_A9TL        1    93    82    1413 
  u_backbone/gen_tr_lanes[4].u_tr_ln/g6467/Y -       A->Y   R     NAND4_X4A_A9TL        1   160   112    1525 
  u_backbone/gen_tr_lanes[4].u_tr_ln/g6465/Y -       B->Y   F     NAND2_X8M_A9TL        5    74    85    1610 
  u_backbone/gen_tr_lanes[4].u_tr_ln/g6448/Y -       A0->Y  R     AOI21_X3M_A9TL        1   120   108    1717 
  u_backbone/gen_tr_lanes[4].u_tr_ln/g6441/Y -       B->Y   F     NAND2_X4M_A9TL        2    81    82    1799 
  u_backbone/gen_tr_lanes[4].u_tr_ln/g6427/Y -       B->Y   R     NAND2_X8M_A9TL        5    95    91    1890 
  u_backbone/gen_tr_lanes[4].u_tr_ln/g6419/Y -       S0->Y  R     MXIT2_X3M_A9TL        1   122    91    1982 
  u_backbone/gen_tr_lanes[4].u_tr_ln/g6627/Y -       A->Y   R     XOR2_X2M_A9TL         1   179   106    2088 
  u_backbone/gen_tr_lanes[4].u_tr_ln/g6624/Y -       A->Y   F     NAND2_X2M_A9TL        1    83    80    2168 
  u_backbone/g3019/Y                         -       A0->Y  F     AO21B_X4M_A9TL        4   129   144    2312 
  u_backbone/u_post_ln/g9230/Y               -       A->Y   R     NOR2_X4A_A9TL         4   144   126    2438 
  u_backbone/u_post_ln/g9122/Y               -       B->Y   R     AND2_X6M_A9TL         4    67   136    2574 
  u_backbone/u_post_ln/g9367/Y               -       A1N->Y R     OAI2XB1_X3M_A9TL      3   177   193    2767 
  u_backbone/u_post_ln/g9377/Y               -       B0->Y  F     OAI2XB1_X2M_A9TL      1    93    98    2865 
  u_backbone/u_post_ln/g8844/Y               -       S0->Y  R     MXT2_X1P4M_A9TL       1    68   160    3025 
  u_backbone/u_post_ln/g9350/Y               -       B0N->Y F     AO21B_X2M_A9TL        1    57    56    3081 
  u_backbone/s2_post_ln_reg_reg[4][5]/D      -       -      F     DFFRPQ_X2M_A9TL       1     -     0    3082 
#-------------------------------------------------------------------------------------------------------------



Path 2: MET (0 ps) Setup Check with Pin u_backbone/s2_post_ln_reg_reg[2][5]/CK->D
          Group: reg2reg
     Startpoint: (R) u_backbone/s1_mode_pre_ln_reg/CK
          Clock: (R) clk
       Endpoint: (F) u_backbone/s2_post_ln_reg_reg[2][5]/D
          Clock: (R) clk

                     Capture       Launch     
        Clock Edge:+    3300            0     
       Src Latency:+       0            0     
       Net Latency:+       0 (I)        0 (I) 
           Arrival:=    3300            0     
                                              
             Setup:-     114                  
       Uncertainty:-     125                  
     Required Time:=    3061                  
      Launch Clock:-       0                  
         Data Path:-    3061                  
             Slack:=       0                  

#------------------------------------------------------------------------------------------------------------
#               Timing Point                 Flags   Arc   Edge       Cell        Fanout Trans Delay Arrival 
#                                                                                         (ps)  (ps)   (ps)  
#------------------------------------------------------------------------------------------------------------
  u_backbone/s1_mode_pre_ln_reg/CK           -       -     R     (arrival)           362     0     0       0 
  u_backbone/s1_mode_pre_ln_reg/Q            -       CK->Q F     DFFRPQ_X4M_A9TL       6   107   313     313 
  u_backbone/u_pre_ln/g6419/Y                -       A->Y  F     AND2_X6M_A9TL         4    65   144     457 
  u_backbone/u_pre_ln/g6531/Y                -       A->Y  R     NAND2XB_X4M_A9TL      2    88    73     530 
  u_backbone/u_pre_ln/g6287/Y                -       A->Y  F     NAND2_X3A_A9TL        1    68    59     589 
  u_backbone/u_pre_ln/g6276/Y                -       A->Y  F     AND2_X4M_A9TL         8    86   140     729 
  u_backbone/gen_tr_lanes[2].u_tr_ln/g7619/Y -       A->Y  R     INV_X3M_A9TL          5    90    86     814 
  u_backbone/gen_tr_lanes[2].u_tr_ln/g7545/Y -       B0->Y F     OAI21_X1M_A9TL        1   102    94     908 
  u_backbone/gen_tr_lanes[2].u_tr_ln/g7523/Y -       B0->Y R     AOI32_X1M_A9TL        1   223   171    1079 
  u_backbone/gen_tr_lanes[2].u_tr_ln/g7514/Y -       B0->Y F     OAI21_X2M_A9TL        1    94   102    1181 
  u_backbone/gen_tr_lanes[2].u_tr_ln/g7623/Y -       B->Y  F     OR2_X1P4M_A9TL        1    68   158    1339 
  u_backbone/gen_tr_lanes[2].u_tr_ln/g7500/Y -       D->Y  R     NAND4_X4A_A9TL        2   145   123    1462 
  u_backbone/gen_tr_lanes[2].u_tr_ln/g7630/Y -       A->Y  F     NAND2_X2M_A9TL        1   106    97    1560 
  u_backbone/gen_tr_lanes[2].u_tr_ln/g7470/Y -       A0->Y R     AOI21_X6M_A9TL        2    93   102    1661 
  u_backbone/gen_tr_lanes[2].u_tr_ln/g7460/Y -       B->Y  F     NAND2_X4M_A9TL        2    55    64    1725 
  u_backbone/gen_tr_lanes[2].u_tr_ln/g7452/Y -       B->Y  F     AND2_X6M_A9TL         6    67   134    1858 
  u_backbone/gen_tr_lanes[2].u_tr_ln/g7446/Y -       A->Y  R     INV_X4M_A9TL          3    71    71    1929 
  u_backbone/gen_tr_lanes[2].u_tr_ln/g7437/Y -       S0->Y R     MXIT2_X2M_A9TL        1   164    99    2028 
  u_backbone/gen_tr_lanes[2].u_tr_ln/g7431/Y -       A->Y  F     NAND2_X3A_A9TL        1    80    78    2107 
  u_backbone/gen_tr_lanes[2].u_tr_ln/g7428/Y -       B->Y  R     NAND2_X3A_A9TL        1    57    65    2171 
  u_backbone/g2920/Y                         -       A->Y  F     NAND2_X3A_A9TL        1    76    66    2237 
  u_backbone/g2767/Y                         -       A->Y  R     NAND2_X6M_A9TL        5   111    74    2311 
  u_backbone/u_post_ln/g9375/Y               -       AN->Y R     NAND2B_X4M_A9TL       2    91   140    2451 
  u_backbone/u_post_ln/g9120/Y               -       A->Y  F     NOR2_X6M_A9TL         3    69    66    2517 
  u_backbone/u_post_ln/g9051/Y               -       B->Y  R     NAND2_X6M_A9TL        3    80    80    2597 
  u_backbone/u_post_ln/g9025/Y               -       A->Y  F     INV_X1M_A9TL          2    88    82    2679 
  u_backbone/u_post_ln/g8968/Y               -       A0->Y R     AOI21_X2M_A9TL        2   163   138    2817 
  u_backbone/u_post_ln/g8849/Y               -       S0->Y R     MXIT2_X1M_A9TL        1   166   128    2945 
  u_backbone/u_post_ln/g9357/Y               -       B0->Y F     OAI2XB1_X1M_A9TL      1   117   116    3061 
  u_backbone/s2_post_ln_reg_reg[2][5]/D      -       -     F     DFFRPQ_X2M_A9TL       1     -     0    3061 
#------------------------------------------------------------------------------------------------------------



Path 3: MET (0 ps) Setup Check with Pin u_backbone/s2_post_ln_reg_reg[6][6]/CK->D
          Group: reg2reg
     Startpoint: (R) u_backbone/s1_mode_pre_ln_reg/CK
          Clock: (R) clk
       Endpoint: (F) u_backbone/s2_post_ln_reg_reg[6][6]/D
          Clock: (R) clk

                     Capture       Launch     
        Clock Edge:+    3300            0     
       Src Latency:+       0            0     
       Net Latency:+       0 (I)        0 (I) 
           Arrival:=    3300            0     
                                              
             Setup:-     111                  
       Uncertainty:-     125                  
     Required Time:=    3064                  
      Launch Clock:-       0                  
         Data Path:-    3064                  
             Slack:=       0                  

#-------------------------------------------------------------------------------------------------------------
#               Timing Point                 Flags    Arc   Edge       Cell        Fanout Trans Delay Arrival 
#                                                                                          (ps)  (ps)   (ps)  
#-------------------------------------------------------------------------------------------------------------
  u_backbone/s1_mode_pre_ln_reg/CK           -       -      R     (arrival)           362     0     0       0 
  u_backbone/s1_mode_pre_ln_reg/Q            -       CK->Q  R     DFFRPQ_X4M_A9TL       6   154   341     341 
  u_backbone/u_pre_ln/g6471/Y                -       A->Y   F     INV_X6M_A9TL          2    55    58     399 
  u_backbone/u_pre_ln/g6470/Y                -       A->Y   R     INV_X4M_A9TL          2    61    59     458 
  u_backbone/u_pre_ln/g6469/Y                -       A->Y   F     INV_X4M_A9TL          4    54    57     515 
  u_backbone/u_pre_ln/g6407/Y                -       A->Y   R     NAND2_X2M_A9TL        1    82    68     583 
  u_backbone/u_pre_ln/g6362/Y                -       B->Y   R     AND2_X4M_A9TL         5    97   140     724 
  u_backbone/gen_tr_lanes[6].u_tr_ln/g7284/Y -       A->Y   F     INV_X5M_A9TL          3    47    53     777 
  u_backbone/gen_tr_lanes[6].u_tr_ln/g7226/Y -       A->Y   R     NAND2_X3A_A9TL        2    79    62     839 
  u_backbone/gen_tr_lanes[6].u_tr_ln/g7216/Y -       B->Y   F     NAND3_X4M_A9TL        1    66    71     909 
  u_backbone/gen_tr_lanes[6].u_tr_ln/g7172/Y -       A0->Y  R     AOI31_X3M_A9TL        1   126   106    1015 
  u_backbone/gen_tr_lanes[6].u_tr_ln/g7168/Y -       B->Y   F     NOR2_X3M_A9TL         1    61    75    1089 
  u_backbone/gen_tr_lanes[6].u_tr_ln/g7162/Y -       A->Y   R     NAND2_X2M_A9TL        1    88    72    1162 
  u_backbone/gen_tr_lanes[6].u_tr_ln/g7158/Y -       B->Y   F     NAND3_X3M_A9TL        1    71    74    1236 
  u_backbone/gen_tr_lanes[6].u_tr_ln/g7149/Y -       A0->Y  F     AO21B_X4M_A9TL        2    91   141    1377 
  u_backbone/gen_tr_lanes[6].u_tr_ln/g7146/Y -       A0->Y  F     AO21B_X6M_A9TL        3    93   141    1518 
  u_backbone/gen_tr_lanes[6].u_tr_ln/g7141/Y -       B->Y   R     NAND2_X4M_A9TL        2    88    89    1607 
  u_backbone/gen_tr_lanes[6].u_tr_ln/g7132/Y -       B0->Y  F     OAI21_X6M_A9TL        2    62    66    1673 
  u_backbone/gen_tr_lanes[6].u_tr_ln/g7122/Y -       S0->Y  R     MXIT2_X3M_A9TL        2   198   111    1784 
  u_backbone/gen_tr_lanes[6].u_tr_ln/g7117/Y -       A->Y   F     NOR2_X8A_A9TL         4    88    94    1878 
  u_backbone/gen_tr_lanes[6].u_tr_ln/g7112/Y -       A->Y   R     INV_X5M_A9TL          3    61    65    1943 
  u_backbone/gen_tr_lanes[6].u_tr_ln/g7104/Y -       S0->Y  R     MXIT2_X3M_A9TL        2   136    86    2029 
  u_backbone/gen_tr_lanes[6].u_tr_ln/g7098/Y -       A0->Y  R     OA21_X2M_A9TL         1    59   133    2162 
  u_backbone/gen_tr_lanes[6].u_tr_ln/g7306/Y -       A0N->Y F     AO1B2_X2M_A9TL        1    85    76    2239 
  u_backbone/g2934/Y                         -       A->Y   R     NAND2_X4M_A9TL        1    79    76    2315 
  u_backbone/g2785/Y                         -       A->Y   F     NAND2_X6A_A9TL        4   110    70    2385 
  u_backbone/u_post_ln/g9229/Y               -       A->Y   R     NOR2_X8B_A9TL         3    90    83    2468 
  u_backbone/u_post_ln/g9125/Y               -       A->Y   F     NAND2_X6M_A9TL        4    68    67    2535 
  u_backbone/u_post_ln/g9056/Y               -       A->Y   R     NOR2_X8M_A9TL         5    95    81    2617 
  u_backbone/u_post_ln/g8991/Y               -       C->Y   R     AND3_X3M_A9TL         3    83   151    2768 
  u_backbone/u_post_ln/g8928/Y               -       A->Y   F     NOR2_X2A_A9TL         2    88    70    2838 
  u_backbone/u_post_ln/g8873/Y               -       A->Y   R     NOR2_X2A_A9TL         2   157   125    2963 
  u_backbone/u_post_ln/g8786/Y               -       A0->Y  F     OAI21_X1P4M_A9TL      1    89   102    3064 
  u_backbone/s2_post_ln_reg_reg[6][6]/D      -       -      F     DFFRPQ_X1M_A9TL       1     -     0    3064 
#-------------------------------------------------------------------------------------------------------------



Path 4: MET (0 ps) Setup Check with Pin u_backbone/s2_post_ln_reg_reg[6][5]/CK->D
          Group: reg2reg
     Startpoint: (R) u_backbone/s1_mode_pre_ln_reg/CK
          Clock: (R) clk
       Endpoint: (F) u_backbone/s2_post_ln_reg_reg[6][5]/D
          Clock: (R) clk

                     Capture       Launch     
        Clock Edge:+    3300            0     
       Src Latency:+       0            0     
       Net Latency:+       0 (I)        0 (I) 
           Arrival:=    3300            0     
                                              
             Setup:-     120                  
       Uncertainty:-     125                  
     Required Time:=    3055                  
      Launch Clock:-       0                  
         Data Path:-    3055                  
             Slack:=       0                  

#------------------------------------------------------------------------------------------------------------
#               Timing Point                 Flags   Arc   Edge       Cell        Fanout Trans Delay Arrival 
#                                                                                         (ps)  (ps)   (ps)  
#------------------------------------------------------------------------------------------------------------
  u_backbone/s1_mode_pre_ln_reg/CK           -       -     R     (arrival)           362     0     0       0 
  u_backbone/s1_mode_pre_ln_reg/Q            -       CK->Q F     DFFRPQ_X4M_A9TL       6   107   313     313 
  u_backbone/u_pre_ln/g6471/Y                -       A->Y  R     INV_X6M_A9TL          2    61    67     380 
  u_backbone/u_pre_ln/g6470/Y                -       A->Y  F     INV_X4M_A9TL          2    42    48     427 
  u_backbone/u_pre_ln/g6469/Y                -       A->Y  R     INV_X4M_A9TL          4    83    67     494 
  u_backbone/u_pre_ln/g6407/Y                -       A->Y  F     NAND2_X2M_A9TL        1    62    62     556 
  u_backbone/u_pre_ln/g6362/Y                -       B->Y  F     AND2_X4M_A9TL         5    72   136     692 
  u_backbone/gen_tr_lanes[6].u_tr_ln/g7284/Y -       A->Y  R     INV_X5M_A9TL          3    59    62     754 
  u_backbone/gen_tr_lanes[6].u_tr_ln/g7226/Y -       A->Y  F     NAND2_X3A_A9TL        2    88    72     826 
  u_backbone/gen_tr_lanes[6].u_tr_ln/g7216/Y -       B->Y  R     NAND3_X4M_A9TL        1    88    86     912 
  u_backbone/gen_tr_lanes[6].u_tr_ln/g7172/Y -       A0->Y F     AOI31_X3M_A9TL        1    94    84     997 
  u_backbone/gen_tr_lanes[6].u_tr_ln/g7168/Y -       B->Y  R     NOR2_X3M_A9TL         1    78    88    1085 
  u_backbone/gen_tr_lanes[6].u_tr_ln/g7162/Y -       A->Y  F     NAND2_X2M_A9TL        1    66    61    1147 
  u_backbone/gen_tr_lanes[6].u_tr_ln/g7158/Y -       B->Y  R     NAND3_X3M_A9TL        1    96    81    1228 
  u_backbone/gen_tr_lanes[6].u_tr_ln/g7149/Y -       A0->Y R     AO21B_X4M_A9TL        2    90   152    1379 
  u_backbone/gen_tr_lanes[6].u_tr_ln/g7146/Y -       A0->Y R     AO21B_X6M_A9TL        3    80   145    1525 
  u_backbone/gen_tr_lanes[6].u_tr_ln/g7145/Y -       A->Y  F     INV_X4M_A9TL          4    71    70    1595 
  u_backbone/gen_tr_lanes[6].u_tr_ln/g7133/Y -       B->Y  R     MXIT2_X3M_A9TL        2   141    93    1688 
  u_backbone/gen_tr_lanes[6].u_tr_ln/g7131/Y -       A->Y  F     INV_X1M_A9TL          2    91    94    1782 
  u_backbone/gen_tr_lanes[6].u_tr_ln/g7121/Y -       B->Y  F     MXT2_X1M_A9TL         2   118   207    1989 
  u_backbone/gen_tr_lanes[6].u_tr_ln/g7113/Y -       A->Y  R     NOR2_X3M_A9TL         2   160   133    2122 
  u_backbone/gen_tr_lanes[6].u_tr_ln/g7093/Y -       B->Y  F     NAND2_X1A_A9TL        1   112   116    2238 
  u_backbone/gen_tr_lanes[6].u_tr_ln/g7089/Y -       B->Y  R     NAND3_X2A_A9TL        1   139   120    2359 
  u_backbone/g2762/Y                         -       B0->Y R     AO1B2_X4M_A9TL        3   112   161    2520 
  u_backbone/u_post_ln/g9056/Y               -       B->Y  F     NOR2_X8M_A9TL         5    63    74    2594 
  u_backbone/u_post_ln/g8963/Y               -       A0->Y R     AOI21_X1M_A9TL        1   182   138    2732 
  u_backbone/u_post_ln/g8850/Y               -       S0->Y R     MXIT2_X0P5M_A9TL      1   257   181    2914 
  u_backbone/u_post_ln/g9355/Y               -       B0->Y F     OAI2XB1_X1M_A9TL      1   133   142    3055 
  u_backbone/s2_post_ln_reg_reg[6][5]/D      -       -     F     DFFRPQ_X2M_A9TL       1     -     0    3055 
#------------------------------------------------------------------------------------------------------------



Path 5: MET (0 ps) Setup Check with Pin u_backbone/s2_post_ln_reg_reg[7][7]/CK->D
          Group: reg2reg
     Startpoint: (R) u_backbone/s1_vec_in_reg[7][6]/CK
          Clock: (R) clk
       Endpoint: (R) u_backbone/s2_post_ln_reg_reg[7][7]/D
          Clock: (R) clk

                     Capture       Launch     
        Clock Edge:+    3300            0     
       Src Latency:+       0            0     
       Net Latency:+       0 (I)        0 (I) 
           Arrival:=    3300            0     
                                              
             Setup:-     103                  
       Uncertainty:-     125                  
     Required Time:=    3072                  
      Launch Clock:-       0                  
         Data Path:-    3072                  
             Slack:=       0                  

#-------------------------------------------------------------------------------------------------------------
#               Timing Point                 Flags    Arc   Edge       Cell        Fanout Trans Delay Arrival 
#                                                                                          (ps)  (ps)   (ps)  
#-------------------------------------------------------------------------------------------------------------
  u_backbone/s1_vec_in_reg[7][6]/CK          -       -      R     (arrival)           362     0     0       0 
  u_backbone/s1_vec_in_reg[7][6]/Q           -       CK->Q  F     DFFRPQ_X1M_A9TL       2   102   325     325 
  u_backbone/u_pre_ln/g6374/Y                -       A->Y   F     AND2_X2M_A9TL         3   112   174     499 
  u_backbone/u_pre_ln/g6239/Y                -       C->Y   F     AND4_X4M_A9TL         2    63   178     677 
  u_backbone/u_pre_ln/g6186/Y                -       A->Y   R     NAND2_X8M_A9TL        4    86    75     751 
  u_backbone/u_pre_ln/g6124/Y                -       A->Y   F     INV_X5M_A9TL          4    45    51     802 
  u_backbone/u_pre_ln/g6081/Y                -       A0->Y  R     AOI21_X2M_A9TL        1   124   104     907 
  u_backbone/u_pre_ln/g6076/Y                -       A->Y   F     NOR2_X3A_A9TL         2    86    81     988 
  u_backbone/gen_tr_lanes[7].u_tr_ln/g8401/Y -       A->Y   R     INV_X4M_A9TL          6    97    90    1077 
  u_backbone/gen_tr_lanes[7].u_tr_ln/g8397/Y -       A->Y   F     INV_X2M_A9TL          3    70    73    1150 
  u_backbone/gen_tr_lanes[7].u_tr_ln/g8392/Y -       A->Y   R     NOR2_X4A_A9TL         4   177   132    1283 
  u_backbone/gen_tr_lanes[7].u_tr_ln/g8383/Y -       A->Y   F     INV_X2M_A9TL          2    72    79    1361 
  u_backbone/gen_tr_lanes[7].u_tr_ln/g8361/Y -       A->Y   R     NOR2_X2A_A9TL         1   138   110    1472 
  u_backbone/gen_tr_lanes[7].u_tr_ln/g8336/Y -       A->Y   F     NAND3_X6A_A9TL        4   100    86    1557 
  u_backbone/gen_tr_lanes[7].u_tr_ln/g8313/Y -       B->Y   R     NAND2_X3A_A9TL        2    82    86    1643 
  u_backbone/gen_tr_lanes[7].u_tr_ln/g8297/Y -       S0->Y  R     MXIT2_X3M_A9TL        1   137    92    1735 
  u_backbone/gen_tr_lanes[7].u_tr_ln/g8424/Y -       A->Y   R     XOR2_X3M_A9TL         4   256   146    1880 
  u_backbone/gen_tr_lanes[7].u_tr_ln/g8267/Y -       A->Y   F     INV_X2M_A9TL          1    84    87    1967 
  u_backbone/gen_tr_lanes[7].u_tr_ln/g8241/Y -       A0N->Y R     AO1B2_X3M_A9TL        1    68    67    2034 
  u_backbone/gen_tr_lanes[7].u_tr_ln/g8239/Y -       A->Y   F     NAND2_X4M_A9TL        2    67    63    2098 
  u_backbone/gen_tr_lanes[7].u_tr_ln/g8234/Y -       A->Y   R     NAND2_X6A_A9TL        3    76    62    2160 
  u_backbone/gen_tr_lanes[7].u_tr_ln/g8232/Y -       A->Y   F     INV_X3M_A9TL          1    35    42    2202 
  u_backbone/gen_tr_lanes[7].u_tr_ln/g8226/Y -       A0->Y  R     OAI21_X3M_A9TL        1    99    84    2286 
  u_backbone/gen_tr_lanes[7].u_tr_ln/g8225/Y -       A->Y   F     NAND3_X3A_A9TL        1    73    68    2353 
  u_backbone/g2771/Y                         -       B0->Y  F     AO1B2_X4M_A9TL        2    97   125    2478 
  u_backbone/u_post_ln/g9098/Y               -       A->Y   R     NAND2_X1P4M_A9TL      1   130    98    2575 
  u_backbone/u_post_ln/g8967/Y               -       B->Y   R     AND2_X4M_A9TL         2    63   130    2705 
  u_backbone/u_post_ln/g9381/Y               -       A0N->Y F     AO1B2_X4M_A9TL        2    73    67    2773 
  u_backbone/u_post_ln/g8838/Y               -       A->Y   R     NOR2_X4M_A9TL         2    82    78    2850 
  u_backbone/u_post_ln/g9396/Y               -       A->Y   R     AND3_X2M_A9TL         1    52   107    2957 
  u_backbone/u_post_ln/g8775/Y               -       B0N->Y R     OAI21B_X2M_A9TL       1   107   114    3072 
  u_backbone/s2_post_ln_reg_reg[7][7]/D      -       -      R     DFFRPQ_X1M_A9TL       1     -     0    3072 
#-------------------------------------------------------------------------------------------------------------



Path 6: MET (0 ps) Setup Check with Pin u_mac/prod_reg_reg[7][16]/CK->D
          Group: reg2reg
     Startpoint: (R) u_mac/mode1_op_reg[0]/CK
          Clock: (R) clk
       Endpoint: (F) u_mac/prod_reg_reg[7][16]/D
          Clock: (R) clk

                     Capture       Launch     
        Clock Edge:+    3300            0     
       Src Latency:+       0            0     
       Net Latency:+       0 (I)        0 (I) 
           Arrival:=    3300            0     
                                              
             Setup:-      82                  
       Uncertainty:-     125                  
     Required Time:=    3093                  
      Launch Clock:-       0                  
         Data Path:-    3093                  
             Slack:=       0                  

#-----------------------------------------------------------------------------------------------------------------------------------
#                          Timing Point                           Flags    Arc    Edge       Cell        Fanout Trans Delay Arrival 
#                                                                                                                (ps)  (ps)   (ps)  
#-----------------------------------------------------------------------------------------------------------------------------------
  u_mac/mode1_op_reg[0]/CK                                        -       -       R     (arrival)           362     0     0       0 
  u_mac/mode1_op_reg[0]/QN                                        -       CK->QN  R     A2DFFQN_X1M_A9TL      2   204   302     302 
  u_mac/g2145/Y                                                   -       B->Y    R     AND2_X8M_A9TL        16   117   179     481 
  u_mac/g2136/Y                                                   -       A->Y    R     AND2_X4M_A9TL        15   164   181     662 
  u_mac/MULT_TC_OP_1_Y_MULT_TC_OP_Y_MULT_UNS_OP_g1173/Y           -       A->Y    R     AND2_X1M_A9TL         1   106   171     833 
  u_mac/MULT_TC_OP_1_Y_MULT_TC_OP_Y_MULT_UNS_OP_cdnfadd_008_2/S   -       CI->S   F     ADDF_X1M_A9TL         1   108   311    1144 
  u_mac/MULT_TC_OP_1_Y_MULT_TC_OP_Y_MULT_UNS_OP_cdnfadd_008_4/CO  -       CI->CO  F     ADDF_X1M_A9TL         1   111   231    1375 
  u_mac/g2931/SUM                                                 -       D->SUM  R     CMPR42_X1M_A9TR       1   130   425    1800 
  u_mac/MULT_TC_OP_1_Y_MULT_TC_OP_Y_MULT_UNS_OP_cdnfadd_009_6/SUM -       CI->SUM F     ADDFH_X1M_A9TL        2   106   252    2052 
  u_mac/MULT_TC_OP_1_Y_MULT_TC_OP_Y_MULT_UNS_OP_g1091/Y           -       A->Y    F     OR2_X3M_A9TL          3    76   152    2204 
  u_mac/MULT_TC_OP_1_Y_MULT_TC_OP_Y_MULT_UNS_OP_g1075/Y           -       A0->Y   R     AOI21_X6M_A9TL        2    85    91    2295 
  u_mac/MULT_TC_OP_1_Y_MULT_TC_OP_Y_MULT_UNS_OP_g1049/Y           -       A0->Y   F     OAI21_X3M_A9TL        1    98    79    2374 
  u_mac/MULT_TC_OP_1_Y_MULT_TC_OP_Y_MULT_UNS_OP_g1042/Y           -       A1->Y   R     AOI21_X4M_A9TL        1   112   123    2497 
  u_mac/MULT_TC_OP_1_Y_MULT_TC_OP_Y_MULT_UNS_OP_g1041/Y           -       A->Y    F     NAND2_X6M_A9TL        4    64    63    2560 
  u_mac/MULT_TC_OP_1_Y_MULT_TC_OP_Y_MULT_UNS_OP_g1224/Y           -       A0->Y   R     AOI2XB1_X2M_A9TL      2   191   148    2708 
  u_mac/MULT_TC_OP_1_Y_MULT_TC_OP_Y_MULT_UNS_OP_g1227/Y           -       A0->Y   F     OAI21B_X3M_A9TL       1   102   111    2819 
  u_mac/MULT_TC_OP_1_Y_MULT_TC_OP_Y_MULT_UNS_OP_g1228/Y           -       A->Y    F     XNOR2_X3M_A9TL        2    95    94    2913 
  u_mac/g2683/Y                                                   -       A0->Y   F     AO22_X1M_A9TL         1    65   180    3093 
  u_mac/prod_reg_reg[7][16]/D                                     -       -       F     DFFQN_X1M_A9TL        1     -     0    3093 
#-----------------------------------------------------------------------------------------------------------------------------------



Path 7: MET (0 ps) Setup Check with Pin u_backbone/s2_post_ln_reg_reg[3][5]/CK->D
          Group: reg2reg
     Startpoint: (R) u_backbone/s1_mode_pre_ln_reg/CK
          Clock: (R) clk
       Endpoint: (F) u_backbone/s2_post_ln_reg_reg[3][5]/D
          Clock: (R) clk

                     Capture       Launch     
        Clock Edge:+    3300            0     
       Src Latency:+       0            0     
       Net Latency:+       0 (I)        0 (I) 
           Arrival:=    3300            0     
                                              
             Setup:-     114                  
       Uncertainty:-     125                  
     Required Time:=    3061                  
      Launch Clock:-       0                  
         Data Path:-    3061                  
             Slack:=       0                  

#------------------------------------------------------------------------------------------------------------
#               Timing Point                 Flags   Arc   Edge       Cell        Fanout Trans Delay Arrival 
#                                                                                         (ps)  (ps)   (ps)  
#------------------------------------------------------------------------------------------------------------
  u_backbone/s1_mode_pre_ln_reg/CK           -       -     R     (arrival)           362     0     0       0 
  u_backbone/s1_mode_pre_ln_reg/Q            -       CK->Q R     DFFRPQ_X4M_A9TL       6   154   341     341 
  u_backbone/u_pre_ln/g6474/Y                -       A->Y  F     INV_X7P5M_A9TL        2    55    56     398 
  u_backbone/u_pre_ln/g6473/Y                -       A->Y  R     INV_X6B_A9TL          2    43    45     443 
  u_backbone/u_pre_ln/g6420/Y                -       A->Y  R     AND2_X6M_A9TL         6   108   131     573 
  u_backbone/u_pre_ln/g6292/Y                -       A->Y  R     AND3_X8M_A9TL         4    69   122     696 
  u_backbone/u_pre_ln/g6533/Y                -       A->Y  F     NAND2XB_X3M_A9TL      2    98    80     776 
  u_backbone/u_pre_ln/g6103/Y                -       B->Y  F     AND2_X6M_A9TL         8    72   154     929 
  u_backbone/gen_tr_lanes[3].u_tr_ln/g8149/Y -       A->Y  R     NOR2_X4A_A9TL         4   169   126    1055 
  u_backbone/gen_tr_lanes[3].u_tr_ln/g8074/Y -       B->Y  F     NAND3_X3M_A9TL        3   137   129    1184 
  u_backbone/gen_tr_lanes[3].u_tr_ln/g8059/Y -       B->Y  R     NOR2_X3A_A9TL         2   148   141    1326 
  u_backbone/gen_tr_lanes[3].u_tr_ln/g8054/Y -       A->Y  R     AND3_X4M_A9TL         4    92   157    1482 
  u_backbone/gen_tr_lanes[3].u_tr_ln/g8037/Y -       A->Y  F     NAND2_X2A_A9TL        2   102    84    1566 
  u_backbone/gen_tr_lanes[3].u_tr_ln/g8027/Y -       A->Y  R     NAND2_X2A_A9TL        1    66    72    1638 
  u_backbone/gen_tr_lanes[3].u_tr_ln/g8137/Y -       B->Y  R     XOR2_X2M_A9TL         2   241   158    1795 
  u_backbone/gen_tr_lanes[3].u_tr_ln/g7978/Y -       B->Y  R     AND2_X3M_A9TL         2    85   172    1967 
  u_backbone/gen_tr_lanes[3].u_tr_ln/g7975/Y -       B->Y  F     NOR2_X3A_A9TL         2    86    68    2036 
  u_backbone/gen_tr_lanes[3].u_tr_ln/g7973/Y -       A->Y  R     NOR2_X2A_A9TL         1   105    93    2129 
  u_backbone/gen_tr_lanes[3].u_tr_ln/g8147/Y -       B->Y  F     NAND2B_X2M_A9TL       1    67    74    2203 
  u_backbone/gen_tr_lanes[3].u_tr_ln/g7943/Y -       B->Y  R     NAND2_X2A_A9TL        1    63    64    2266 
  u_backbone/g2929/Y                         -       A->Y  F     NAND2_X2A_A9TL        1   106    81    2347 
  u_backbone/g2780/Y                         -       A->Y  R     NAND2_X6M_A9TL        4   118    89    2436 
  u_backbone/u_post_ln/g9123/Y               -       B->Y  F     NOR2_X6M_A9TL         3    69    79    2515 
  u_backbone/u_post_ln/g9053/Y               -       A->Y  R     NAND2_X6M_A9TL        3    81    73    2588 
  u_backbone/u_post_ln/g9027/Y               -       A->Y  F     INV_X1M_A9TL          2    88    82    2670 
  u_backbone/u_post_ln/g9369/Y               -       A0->Y R     AOI21B_X2M_A9TL       2   170   146    2816 
  u_backbone/u_post_ln/g8847/Y               -       S0->Y R     MXIT2_X1M_A9TL        1   165   130    2946 
  u_backbone/u_post_ln/g9356/Y               -       B0->Y F     OAI2XB1_X1M_A9TL      1   116   115    3061 
  u_backbone/s2_post_ln_reg_reg[3][5]/D      -       -     F     DFFRPQ_X2M_A9TL       1     -     0    3061 
#------------------------------------------------------------------------------------------------------------



Path 8: MET (0 ps) Setup Check with Pin u_backbone/s2_post_ln_reg_reg[6][6]/CK->D
          Group: reg2reg
     Startpoint: (R) u_backbone/s1_mode_pre_ln_reg/CK
          Clock: (R) clk
       Endpoint: (F) u_backbone/s2_post_ln_reg_reg[6][6]/D
          Clock: (R) clk

                     Capture       Launch     
        Clock Edge:+    3300            0     
       Src Latency:+       0            0     
       Net Latency:+       0 (I)        0 (I) 
           Arrival:=    3300            0     
                                              
             Setup:-     111                  
       Uncertainty:-     125                  
     Required Time:=    3064                  
      Launch Clock:-       0                  
         Data Path:-    3064                  
             Slack:=       0                  

#-------------------------------------------------------------------------------------------------------------
#               Timing Point                 Flags    Arc   Edge       Cell        Fanout Trans Delay Arrival 
#                                                                                          (ps)  (ps)   (ps)  
#-------------------------------------------------------------------------------------------------------------
  u_backbone/s1_mode_pre_ln_reg/CK           -       -      R     (arrival)           362     0     0       0 
  u_backbone/s1_mode_pre_ln_reg/Q            -       CK->Q  F     DFFRPQ_X4M_A9TL       6   107   313     313 
  u_backbone/u_pre_ln/g6471/Y                -       A->Y   R     INV_X6M_A9TL          2    61    67     380 
  u_backbone/u_pre_ln/g6470/Y                -       A->Y   F     INV_X4M_A9TL          2    42    48     427 
  u_backbone/u_pre_ln/g6469/Y                -       A->Y   R     INV_X4M_A9TL          4    83    67     494 
  u_backbone/u_pre_ln/g6407/Y                -       A->Y   F     NAND2_X2M_A9TL        1    62    62     556 
  u_backbone/u_pre_ln/g6362/Y                -       B->Y   F     AND2_X4M_A9TL         5    72   136     692 
  u_backbone/gen_tr_lanes[6].u_tr_ln/g7284/Y -       A->Y   R     INV_X5M_A9TL          3    59    62     754 
  u_backbone/gen_tr_lanes[6].u_tr_ln/g7226/Y -       A->Y   F     NAND2_X3A_A9TL        2    88    72     826 
  u_backbone/gen_tr_lanes[6].u_tr_ln/g7216/Y -       B->Y   R     NAND3_X4M_A9TL        1    88    86     912 
  u_backbone/gen_tr_lanes[6].u_tr_ln/g7172/Y -       A0->Y  F     AOI31_X3M_A9TL        1    94    84     997 
  u_backbone/gen_tr_lanes[6].u_tr_ln/g7168/Y -       B->Y   R     NOR2_X3M_A9TL         1    78    88    1085 
  u_backbone/gen_tr_lanes[6].u_tr_ln/g7162/Y -       A->Y   F     NAND2_X2M_A9TL        1    66    61    1147 
  u_backbone/gen_tr_lanes[6].u_tr_ln/g7158/Y -       B->Y   R     NAND3_X3M_A9TL        1    96    81    1228 
  u_backbone/gen_tr_lanes[6].u_tr_ln/g7149/Y -       A0->Y  R     AO21B_X4M_A9TL        2    90   152    1379 
  u_backbone/gen_tr_lanes[6].u_tr_ln/g7146/Y -       A0->Y  R     AO21B_X6M_A9TL        3    80   145    1525 
  u_backbone/gen_tr_lanes[6].u_tr_ln/g7141/Y -       B->Y   F     NAND2_X4M_A9TL        2    65    64    1589 
  u_backbone/gen_tr_lanes[6].u_tr_ln/g7132/Y -       B0->Y  R     OAI21_X6M_A9TL        2   110    70    1659 
  u_backbone/gen_tr_lanes[6].u_tr_ln/g7122/Y -       S0->Y  R     MXIT2_X3M_A9TL        2   198   125    1784 
  u_backbone/gen_tr_lanes[6].u_tr_ln/g7117/Y -       A->Y   F     NOR2_X8A_A9TL         4    88    94    1878 
  u_backbone/gen_tr_lanes[6].u_tr_ln/g7112/Y -       A->Y   R     INV_X5M_A9TL          3    61    65    1943 
  u_backbone/gen_tr_lanes[6].u_tr_ln/g7104/Y -       S0->Y  R     MXIT2_X3M_A9TL        2   136    86    2029 
  u_backbone/gen_tr_lanes[6].u_tr_ln/g7098/Y -       A0->Y  R     OA21_X2M_A9TL         1    59   133    2162 
  u_backbone/gen_tr_lanes[6].u_tr_ln/g7306/Y -       A0N->Y F     AO1B2_X2M_A9TL        1    85    76    2238 
  u_backbone/g2934/Y                         -       A->Y   R     NAND2_X4M_A9TL        1    79    76    2315 
  u_backbone/g2785/Y                         -       A->Y   F     NAND2_X6A_A9TL        4   110    70    2385 
  u_backbone/u_post_ln/g9229/Y               -       A->Y   R     NOR2_X8B_A9TL         3    90    83    2468 
  u_backbone/u_post_ln/g9125/Y               -       A->Y   F     NAND2_X6M_A9TL        4    68    67    2535 
  u_backbone/u_post_ln/g9056/Y               -       A->Y   R     NOR2_X8M_A9TL         5    95    81    2617 
  u_backbone/u_post_ln/g8991/Y               -       C->Y   R     AND3_X3M_A9TL         3    83   151    2768 
  u_backbone/u_post_ln/g8928/Y               -       A->Y   F     NOR2_X2A_A9TL         2    88    70    2838 
  u_backbone/u_post_ln/g8873/Y               -       A->Y   R     NOR2_X2A_A9TL         2   157   125    2962 
  u_backbone/u_post_ln/g8786/Y               -       A0->Y  F     OAI21_X1P4M_A9TL      1    89   102    3064 
  u_backbone/s2_post_ln_reg_reg[6][6]/D      -       -      F     DFFRPQ_X1M_A9TL       1     -     0    3064 
#-------------------------------------------------------------------------------------------------------------



Path 9: MET (0 ps) Setup Check with Pin u_backbone/s2_post_ln_reg_reg[6][7]/CK->D
          Group: reg2reg
     Startpoint: (R) u_backbone/s1_mode_pre_ln_reg/CK
          Clock: (R) clk
       Endpoint: (F) u_backbone/s2_post_ln_reg_reg[6][7]/D
          Clock: (R) clk

                     Capture       Launch     
        Clock Edge:+    3300            0     
       Src Latency:+       0            0     
       Net Latency:+       0 (I)        0 (I) 
           Arrival:=    3300            0     
                                              
             Setup:-      98                  
       Uncertainty:-     125                  
     Required Time:=    3077                  
      Launch Clock:-       0                  
         Data Path:-    3077                  
             Slack:=       0                  

#------------------------------------------------------------------------------------------------------------
#               Timing Point                 Flags    Arc   Edge      Cell        Fanout Trans Delay Arrival 
#                                                                                         (ps)  (ps)   (ps)  
#------------------------------------------------------------------------------------------------------------
  u_backbone/s1_mode_pre_ln_reg/CK           -       -      R     (arrival)          362     0     0       0 
  u_backbone/s1_mode_pre_ln_reg/Q            -       CK->Q  R     DFFRPQ_X4M_A9TL      6   154   341     341 
  u_backbone/u_pre_ln/g6471/Y                -       A->Y   F     INV_X6M_A9TL         2    55    58     399 
  u_backbone/u_pre_ln/g6470/Y                -       A->Y   R     INV_X4M_A9TL         2    61    59     458 
  u_backbone/u_pre_ln/g6469/Y                -       A->Y   F     INV_X4M_A9TL         4    54    57     515 
  u_backbone/u_pre_ln/g6407/Y                -       A->Y   R     NAND2_X2M_A9TL       1    82    68     583 
  u_backbone/u_pre_ln/g6362/Y                -       B->Y   R     AND2_X4M_A9TL        5    97   140     724 
  u_backbone/gen_tr_lanes[6].u_tr_ln/g7284/Y -       A->Y   F     INV_X5M_A9TL         3    47    53     777 
  u_backbone/gen_tr_lanes[6].u_tr_ln/g7226/Y -       A->Y   R     NAND2_X3A_A9TL       2    79    62     839 
  u_backbone/gen_tr_lanes[6].u_tr_ln/g7216/Y -       B->Y   F     NAND3_X4M_A9TL       1    66    71     909 
  u_backbone/gen_tr_lanes[6].u_tr_ln/g7172/Y -       A0->Y  R     AOI31_X3M_A9TL       1   126   106    1015 
  u_backbone/gen_tr_lanes[6].u_tr_ln/g7168/Y -       B->Y   F     NOR2_X3M_A9TL        1    61    75    1089 
  u_backbone/gen_tr_lanes[6].u_tr_ln/g7162/Y -       A->Y   R     NAND2_X2M_A9TL       1    88    72    1162 
  u_backbone/gen_tr_lanes[6].u_tr_ln/g7158/Y -       B->Y   F     NAND3_X3M_A9TL       1    71    74    1236 
  u_backbone/gen_tr_lanes[6].u_tr_ln/g7149/Y -       A0->Y  F     AO21B_X4M_A9TL       2    91   141    1377 
  u_backbone/gen_tr_lanes[6].u_tr_ln/g7146/Y -       A0->Y  F     AO21B_X6M_A9TL       3    93   141    1518 
  u_backbone/gen_tr_lanes[6].u_tr_ln/g7141/Y -       B->Y   R     NAND2_X4M_A9TL       2    88    89    1607 
  u_backbone/gen_tr_lanes[6].u_tr_ln/g7132/Y -       B0->Y  F     OAI21_X6M_A9TL       2    62    66    1673 
  u_backbone/gen_tr_lanes[6].u_tr_ln/g7122/Y -       S0->Y  R     MXIT2_X3M_A9TL       2   198   111    1784 
  u_backbone/gen_tr_lanes[6].u_tr_ln/g7117/Y -       A->Y   F     NOR2_X8A_A9TL        4    88    94    1878 
  u_backbone/gen_tr_lanes[6].u_tr_ln/g7112/Y -       A->Y   R     INV_X5M_A9TL         3    61    65    1943 
  u_backbone/gen_tr_lanes[6].u_tr_ln/g7104/Y -       S0->Y  R     MXIT2_X3M_A9TL       2   136    86    2029 
  u_backbone/gen_tr_lanes[6].u_tr_ln/g7098/Y -       A0->Y  R     OA21_X2M_A9TL        1    59   133    2162 
  u_backbone/gen_tr_lanes[6].u_tr_ln/g7306/Y -       A0N->Y F     AO1B2_X2M_A9TL       1    85    76    2239 
  u_backbone/g2934/Y                         -       A->Y   R     NAND2_X4M_A9TL       1    79    76    2315 
  u_backbone/g2785/Y                         -       A->Y   F     NAND2_X6A_A9TL       4   110    70    2385 
  u_backbone/u_post_ln/g9229/Y               -       A->Y   R     NOR2_X8B_A9TL        3    90    83    2468 
  u_backbone/u_post_ln/g9125/Y               -       A->Y   F     NAND2_X6M_A9TL       4    68    67    2535 
  u_backbone/u_post_ln/g9056/Y               -       A->Y   R     NOR2_X8M_A9TL        5    95    81    2617 
  u_backbone/u_post_ln/g8991/Y               -       C->Y   R     AND3_X3M_A9TL        3    83   151    2768 
  u_backbone/u_post_ln/g8911/Y               -       A->Y   F     NAND2_X3M_A9TL       1    76    57    2825 
  u_backbone/u_post_ln/g8893/Y               -       A->Y   R     NAND2_X3A_A9TL       2    68    64    2888 
  u_backbone/u_post_ln/g9351/Y               -       AN->Y  R     NAND2B_X2M_A9TL      1    88   119    3008 
  u_backbone/u_post_ln/g8781/Y               -       B0->Y  F     OAI21_X2M_A9TL       1    71    69    3077 
  u_backbone/s2_post_ln_reg_reg[6][7]/D      -       -      F     DFFRPQ_X4M_A9TL      1     -     0    3077 
#------------------------------------------------------------------------------------------------------------



Path 10: MET (0 ps) Setup Check with Pin u_mac/prod_reg_reg[7][16]/CK->D
          Group: reg2reg
     Startpoint: (R) u_mac/mode1_op_reg[0]/CK
          Clock: (R) clk
       Endpoint: (F) u_mac/prod_reg_reg[7][16]/D
          Clock: (R) clk

                     Capture       Launch     
        Clock Edge:+    3300            0     
       Src Latency:+       0            0     
       Net Latency:+       0 (I)        0 (I) 
           Arrival:=    3300            0     
                                              
             Setup:-      82                  
       Uncertainty:-     125                  
     Required Time:=    3093                  
      Launch Clock:-       0                  
         Data Path:-    3093                  
             Slack:=       0                  

#-----------------------------------------------------------------------------------------------------------------------------------
#                         Timing Point                           Flags     Arc    Edge       Cell        Fanout Trans Delay Arrival 
#                                                                                                                (ps)  (ps)   (ps)  
#-----------------------------------------------------------------------------------------------------------------------------------
  u_mac/mode1_op_reg[0]/CK                                       -       -        R     (arrival)           362     0     0       0 
  u_mac/mode1_op_reg[0]/QN                                       -       CK->QN   R     A2DFFQN_X1M_A9TL      2   204   302     302 
  u_mac/g2145/Y                                                  -       B->Y     R     AND2_X8M_A9TL        16   117   179     481 
  u_mac/g2136/Y                                                  -       A->Y     R     AND2_X4M_A9TL        15   164   181     662 
  u_mac/MULT_TC_OP_1_Y_MULT_TC_OP_Y_MULT_UNS_OP_g1155/Y          -       A->Y     R     AND2_X1M_A9TL         1   121   180     842 
  u_mac/g2931/ICO                                                -       A->ICO   R     CMPR42_X1M_A9TR       1   166   306    1148 
  u_mac/MULT_TC_OP_1_Y_MULT_TC_OP_Y_MULT_UNS_OP_cdnfadd_010_4/CO -       B->CO    R     ADDF_X1M_A9TL         1   125   224    1372 
  u_mac/g2933/SUM                                                -       ICI->SUM F     CMPR42_X1M_A9TR       1   133   441    1812 
  u_mac/MULT_TC_OP_1_Y_MULT_TC_OP_Y_MULT_UNS_OP_cdnfadd_011_5/CO -       CI->CO   F     ADDFH_X1M_A9TL        1    75   210    2023 
  u_mac/MULT_TC_OP_1_Y_MULT_TC_OP_Y_MULT_UNS_OP_g1065/Y          -       A->Y     R     INV_X1M_A9TL          2   106    92    2115 
  u_mac/MULT_TC_OP_1_Y_MULT_TC_OP_Y_MULT_UNS_OP_g1064/Y          -       BN->Y    R     NAND2XB_X2M_A9TL      3   135   171    2286 
  u_mac/MULT_TC_OP_1_Y_MULT_TC_OP_Y_MULT_UNS_OP_g1048/Y          -       A0->Y    F     OAI21_X2M_A9TL        2   123   112    2397 
  u_mac/MULT_TC_OP_1_Y_MULT_TC_OP_Y_MULT_UNS_OP_g1043/Y          -       A0->Y    R     AOI2XB1_X2M_A9TL      1   120   126    2524 
  u_mac/MULT_TC_OP_1_Y_MULT_TC_OP_Y_MULT_UNS_OP_g1040/Y          -       A0->Y    F     OAI21_X2M_A9TL        1    84    80    2604 
  u_mac/MULT_TC_OP_1_Y_MULT_TC_OP_Y_MULT_UNS_OP_g1036/Y          -       B0->Y    R     AOI21_X1M_A9TL        1   180   141    2744 
  u_mac/MULT_TC_OP_1_Y_MULT_TC_OP_Y_MULT_UNS_OP_g1231/Y          -       A->Y     F     XNOR3_X1M_A9TL        1    98   191    2935 
  u_mac/g2683/Y                                                  -       B0->Y    F     AO22_X1M_A9TL         1    65   158    3093 
  u_mac/prod_reg_reg[7][16]/D                                    -       -        F     DFFQN_X1M_A9TL        1     -     0    3093 
#-----------------------------------------------------------------------------------------------------------------------------------



Path 11: MET (0 ps) Setup Check with Pin u_backbone/s2_post_ln_reg_reg[2][5]/CK->D
          Group: reg2reg
     Startpoint: (R) u_backbone/s1_mode_pre_ln_reg/CK
          Clock: (R) clk
       Endpoint: (F) u_backbone/s2_post_ln_reg_reg[2][5]/D
          Clock: (R) clk

                     Capture       Launch     
        Clock Edge:+    3300            0     
       Src Latency:+       0            0     
       Net Latency:+       0 (I)        0 (I) 
           Arrival:=    3300            0     
                                              
             Setup:-     114                  
       Uncertainty:-     125                  
     Required Time:=    3061                  
      Launch Clock:-       0                  
         Data Path:-    3061                  
             Slack:=       0                  

#-----------------------------------------------------------------------------------------------------------------
#                Timing Point                  Flags    Arc    Edge       Cell         Fanout Trans Delay Arrival 
#                                                                                              (ps)  (ps)   (ps)  
#-----------------------------------------------------------------------------------------------------------------
  u_backbone/s1_mode_pre_ln_reg/CK             -       -       R     (arrival)            362     0     0       0 
  u_backbone/s1_mode_pre_ln_reg/Q              -       CK->Q   R     DFFRPQ_X4M_A9TL        6   154   341     341 
  u_backbone/u_pre_ln/g6419/Y                  -       A->Y    R     AND2_X6M_A9TL          4    86   149     490 
  u_backbone/u_pre_ln/g6334/Y                  -       A->Y    F     INV_X5M_A9TL           3    49    55     545 
  u_backbone/u_pre_ln/g6246/Y                  -       A->Y    F     OR4_X6M_A9TL           4    84   131     676 
  u_backbone/u_pre_ln/g6229/Y                  -       A->Y    R     INV_X4M_A9TL           3    58    62     738 
  u_backbone/u_pre_ln/g6534/Y                  -       A->Y    F     NAND2XB_X2M_A9TL       2    83    67     805 
  u_backbone/u_pre_ln/g6093/Y                  -       B->Y    F     AND2_X3M_A9TL          4    66   140     944 
  u_backbone/gen_tr_lanes[2].u_tr_ln/g7609/Y   -       A->Y    R     INV_X3M_A9TL           6   107    90    1034 
  u_backbone/gen_tr_lanes[2].u_tr_ln/g7594/Y   -       BN->Y   R     NOR2XB_X3M_A9TL        3   179   200    1234 
  u_backbone/gen_tr_lanes[2].u_tr_ln/g7536/Y   -       C->Y    F     NAND3_X6A_A9TL         4    94   106    1340 
  u_backbone/gen_tr_lanes[2].u_tr_ln/g7622/Y   -       AN->Y   F     NAND2B_X1P4M_A9TL      2   102   164    1504 
  u_backbone/gen_tr_lanes[2].u_tr_ln/g7512/Y   -       A->Y    R     NAND2_X1P4M_A9TL       2   178   138    1642 
  u_backbone/gen_tr_lanes[2].u_tr_ln/g7478/CON -       CI->CON F     CGENI_X2M_A9TL         2   140   127    1769 
  u_backbone/gen_tr_lanes[2].u_tr_ln/g7621/Y   -       A->Y    R     NOR2_X3A_A9TL          3   185   154    1923 
  u_backbone/gen_tr_lanes[2].u_tr_ln/g7455/Y   -       B->Y    F     NOR2_X2A_A9TL          2   100   111    2034 
  u_backbone/gen_tr_lanes[2].u_tr_ln/g7453/Y   -       A->Y    R     NOR2_X2A_A9TL          1    92    88    2121 
  u_backbone/gen_tr_lanes[2].u_tr_ln/g7423/Y   -       A1->Y   R     AO21B_X2M_A9TL         1    70   146    2268 
  u_backbone/g2919/Y                           -       A->Y    F     NAND2_X2A_A9TL         1   100    83    2351 
  u_backbone/g2766/Y                           -       A->Y    R     NAND2_X6M_A9TL         4   117    87    2438 
  u_backbone/u_post_ln/g9120/Y                 -       B->Y    F     NOR2_X6M_A9TL          3    69    79    2516 
  u_backbone/u_post_ln/g9051/Y                 -       B->Y    R     NAND2_X6M_A9TL         3    80    80    2597 
  u_backbone/u_post_ln/g9025/Y                 -       A->Y    F     INV_X1M_A9TL           2    88    82    2679 
  u_backbone/u_post_ln/g8968/Y                 -       A0->Y   R     AOI21_X2M_A9TL         2   163   138    2817 
  u_backbone/u_post_ln/g8849/Y                 -       S0->Y   R     MXIT2_X1M_A9TL         1   166   128    2945 
  u_backbone/u_post_ln/g9357/Y                 -       B0->Y   F     OAI2XB1_X1M_A9TL       1   117   116    3061 
  u_backbone/s2_post_ln_reg_reg[2][5]/D        -       -       F     DFFRPQ_X2M_A9TL        1     -     0    3061 
#-----------------------------------------------------------------------------------------------------------------



Path 12: MET (0 ps) Setup Check with Pin u_backbone/s2_post_ln_reg_reg[6][7]/CK->D
          Group: reg2reg
     Startpoint: (R) u_backbone/s1_mode_pre_ln_reg/CK
          Clock: (R) clk
       Endpoint: (F) u_backbone/s2_post_ln_reg_reg[6][7]/D
          Clock: (R) clk

                     Capture       Launch     
        Clock Edge:+    3300            0     
       Src Latency:+       0            0     
       Net Latency:+       0 (I)        0 (I) 
           Arrival:=    3300            0     
                                              
             Setup:-      98                  
       Uncertainty:-     125                  
     Required Time:=    3077                  
      Launch Clock:-       0                  
         Data Path:-    3077                  
             Slack:=       0                  

#------------------------------------------------------------------------------------------------------------
#               Timing Point                 Flags    Arc   Edge      Cell        Fanout Trans Delay Arrival 
#                                                                                         (ps)  (ps)   (ps)  
#------------------------------------------------------------------------------------------------------------
  u_backbone/s1_mode_pre_ln_reg/CK           -       -      R     (arrival)          362     0     0       0 
  u_backbone/s1_mode_pre_ln_reg/Q            -       CK->Q  F     DFFRPQ_X4M_A9TL      6   107   313     313 
  u_backbone/u_pre_ln/g6471/Y                -       A->Y   R     INV_X6M_A9TL         2    61    67     380 
  u_backbone/u_pre_ln/g6470/Y                -       A->Y   F     INV_X4M_A9TL         2    42    48     427 
  u_backbone/u_pre_ln/g6469/Y                -       A->Y   R     INV_X4M_A9TL         4    83    67     494 
  u_backbone/u_pre_ln/g6407/Y                -       A->Y   F     NAND2_X2M_A9TL       1    62    62     556 
  u_backbone/u_pre_ln/g6362/Y                -       B->Y   F     AND2_X4M_A9TL        5    72   136     692 
  u_backbone/gen_tr_lanes[6].u_tr_ln/g7284/Y -       A->Y   R     INV_X5M_A9TL         3    59    62     754 
  u_backbone/gen_tr_lanes[6].u_tr_ln/g7226/Y -       A->Y   F     NAND2_X3A_A9TL       2    88    72     826 
  u_backbone/gen_tr_lanes[6].u_tr_ln/g7216/Y -       B->Y   R     NAND3_X4M_A9TL       1    88    86     912 
  u_backbone/gen_tr_lanes[6].u_tr_ln/g7172/Y -       A0->Y  F     AOI31_X3M_A9TL       1    94    84     997 
  u_backbone/gen_tr_lanes[6].u_tr_ln/g7168/Y -       B->Y   R     NOR2_X3M_A9TL        1    78    88    1085 
  u_backbone/gen_tr_lanes[6].u_tr_ln/g7162/Y -       A->Y   F     NAND2_X2M_A9TL       1    66    61    1147 
  u_backbone/gen_tr_lanes[6].u_tr_ln/g7158/Y -       B->Y   R     NAND3_X3M_A9TL       1    96    81    1228 
  u_backbone/gen_tr_lanes[6].u_tr_ln/g7149/Y -       A0->Y  R     AO21B_X4M_A9TL       2    90   152    1379 
  u_backbone/gen_tr_lanes[6].u_tr_ln/g7146/Y -       A0->Y  R     AO21B_X6M_A9TL       3    80   145    1525 
  u_backbone/gen_tr_lanes[6].u_tr_ln/g7141/Y -       B->Y   F     NAND2_X4M_A9TL       2    65    64    1589 
  u_backbone/gen_tr_lanes[6].u_tr_ln/g7132/Y -       B0->Y  R     OAI21_X6M_A9TL       2   110    70    1659 
  u_backbone/gen_tr_lanes[6].u_tr_ln/g7122/Y -       S0->Y  R     MXIT2_X3M_A9TL       2   198   125    1784 
  u_backbone/gen_tr_lanes[6].u_tr_ln/g7117/Y -       A->Y   F     NOR2_X8A_A9TL        4    88    94    1878 
  u_backbone/gen_tr_lanes[6].u_tr_ln/g7112/Y -       A->Y   R     INV_X5M_A9TL         3    61    65    1943 
  u_backbone/gen_tr_lanes[6].u_tr_ln/g7104/Y -       S0->Y  R     MXIT2_X3M_A9TL       2   136    86    2029 
  u_backbone/gen_tr_lanes[6].u_tr_ln/g7098/Y -       A0->Y  R     OA21_X2M_A9TL        1    59   133    2162 
  u_backbone/gen_tr_lanes[6].u_tr_ln/g7306/Y -       A0N->Y F     AO1B2_X2M_A9TL       1    85    76    2238 
  u_backbone/g2934/Y                         -       A->Y   R     NAND2_X4M_A9TL       1    79    76    2315 
  u_backbone/g2785/Y                         -       A->Y   F     NAND2_X6A_A9TL       4   110    70    2385 
  u_backbone/u_post_ln/g9229/Y               -       A->Y   R     NOR2_X8B_A9TL        3    90    83    2468 
  u_backbone/u_post_ln/g9125/Y               -       A->Y   F     NAND2_X6M_A9TL       4    68    67    2535 
  u_backbone/u_post_ln/g9056/Y               -       A->Y   R     NOR2_X8M_A9TL        5    95    81    2617 
  u_backbone/u_post_ln/g8991/Y               -       C->Y   R     AND3_X3M_A9TL        3    83   151    2768 
  u_backbone/u_post_ln/g8911/Y               -       A->Y   F     NAND2_X3M_A9TL       1    76    57    2825 
  u_backbone/u_post_ln/g8893/Y               -       A->Y   R     NAND2_X3A_A9TL       2    68    64    2888 
  u_backbone/u_post_ln/g9351/Y               -       AN->Y  R     NAND2B_X2M_A9TL      1    88   119    3008 
  u_backbone/u_post_ln/g8781/Y               -       B0->Y  F     OAI21_X2M_A9TL       1    71    69    3077 
  u_backbone/s2_post_ln_reg_reg[6][7]/D      -       -      F     DFFRPQ_X4M_A9TL      1     -     0    3077 
#------------------------------------------------------------------------------------------------------------



Path 13: MET (0 ps) Setup Check with Pin u_mac/vec_sum_reg_reg[18]/CK->A
          Group: reg2reg
     Startpoint: (R) u_mac/prod_reg_reg[4][1]/CK
          Clock: (R) clk
       Endpoint: (R) u_mac/vec_sum_reg_reg[18]/A
          Clock: (R) clk

                     Capture       Launch     
        Clock Edge:+    3300            0     
       Src Latency:+       0            0     
       Net Latency:+       0 (I)        0 (I) 
           Arrival:=    3300            0     
                                              
             Setup:-     159                  
       Uncertainty:-     125                  
     Required Time:=    3016                  
      Launch Clock:-       0                  
         Data Path:-    3015                  
             Slack:=       0                  

#------------------------------------------------------------------------------------------------------------------------
#                    Timing Point                     Flags    Arc    Edge       Cell         Fanout Trans Delay Arrival 
#                                                                                                     (ps)  (ps)   (ps)  
#------------------------------------------------------------------------------------------------------------------------
  u_mac/prod_reg_reg[4][1]/CK                         -       -       R     (arrival)            528     0     0       0 
  u_mac/prod_reg_reg[4][1]/Q                          -       CK->Q   F     DFFQ_X1M_A9TL          1    83   292     292 
  u_mac/csa_tree_ADD_TC_OP_6_groupi_cdnfadd_001_0/CO  -       B->CO   F     ADDF_X1M_A9TL          1   101   234     526 
  u_mac/csa_tree_ADD_TC_OP_6_groupi_cdnfadd_002_1/S   -       CI->S   R     ADDF_X1M_A9TL          1   114   328     854 
  u_mac/csa_tree_ADD_TC_OP_6_groupi_cdnfadd_002_3/S   -       CI->S   F     ADDF_X1M_A9TL          1    95   302    1157 
  u_mac/csa_tree_ADD_TC_OP_6_groupi_cdnfadd_002_4/SUM -       CI->SUM R     ADDFH_X1M_A9TL         3   163   280    1438 
  u_mac/csa_tree_ADD_TC_OP_6_groupi_g866/Y            -       A0->Y   F     OAI21_X1M_A9TL         1   115   119    1557 
  u_mac/csa_tree_ADD_TC_OP_6_groupi_g863/Y            -       A->Y    R     NAND2_X1P4M_A9TL       2   160   131    1688 
  u_mac/csa_tree_ADD_TC_OP_6_groupi_g851/Y            -       B0->Y   R     AO1B2_X3M_A9TL         3   104   169    1857 
  u_mac/csa_tree_ADD_TC_OP_6_groupi_g842/Y            -       B->Y    F     NAND3_X3M_A9TL         1    91    84    1941 
  u_mac/csa_tree_ADD_TC_OP_6_groupi_g836/Y            -       A->Y    R     NAND3_X4M_A9TL         2   129    93    2035 
  u_mac/csa_tree_ADD_TC_OP_6_groupi_g830/Y            -       A0->Y   F     AOI21_X3M_A9TL         2   114   103    2138 
  u_mac/csa_tree_ADD_TC_OP_6_groupi_g825/Y            -       A0->Y   R     OAI21_X4M_A9TL         4   159   140    2278 
  u_mac/csa_tree_ADD_TC_OP_6_groupi_g823/Y            -       B0->Y   R     AO1B2_X4M_A9TL         3    98   160    2438 
  u_mac/csa_tree_ADD_TC_OP_6_groupi_g817/Y            -       A0->Y   F     AOI21_X4M_A9TL         2    83    81    2519 
  u_mac/csa_tree_ADD_TC_OP_6_groupi_g813/Y            -       A0->Y   R     OAI21_X3M_A9TL         2   150   125    2644 
  u_mac/csa_tree_ADD_TC_OP_6_groupi_g809/Y            -       A0->Y   F     AOI21_X3M_A9TL         3   149   120    2764 
  u_mac/csa_tree_ADD_TC_OP_6_groupi_g806/Y            -       A0->Y   R     OAI21_X3M_A9TL         2   136   136    2900 
  u_mac/csa_tree_ADD_TC_OP_6_groupi_g804/Y            -       A->Y    R     XOR2_X1M_A9TL          1   184   116    3015 
  u_mac/vec_sum_reg_reg[18]/A                         -       -       R     A2DFFQ_X0P5M_A9TL      1     -     0    3015 
#------------------------------------------------------------------------------------------------------------------------



Path 14: MET (0 ps) Setup Check with Pin u_backbone/s2_post_ln_reg_reg[4][7]/CK->D
          Group: reg2reg
     Startpoint: (R) u_backbone/s1_mode_pre_ln_reg/CK
          Clock: (R) clk
       Endpoint: (R) u_backbone/s2_post_ln_reg_reg[4][7]/D
          Clock: (R) clk

                     Capture       Launch     
        Clock Edge:+    3300            0     
       Src Latency:+       0            0     
       Net Latency:+       0 (I)        0 (I) 
           Arrival:=    3300            0     
                                              
             Setup:-      94                  
       Uncertainty:-     125                  
     Required Time:=    3080                  
      Launch Clock:-       0                  
         Data Path:-    3080                  
             Slack:=       0                  

#------------------------------------------------------------------------------------------------------------
#               Timing Point                 Flags   Arc   Edge       Cell        Fanout Trans Delay Arrival 
#                                                                                         (ps)  (ps)   (ps)  
#------------------------------------------------------------------------------------------------------------
  u_backbone/s1_mode_pre_ln_reg/CK           -       -     R     (arrival)           362     0     0       0 
  u_backbone/s1_mode_pre_ln_reg/Q            -       CK->Q R     DFFRPQ_X4M_A9TL       6   154   341     341 
  u_backbone/u_pre_ln/g6468/Y                -       A->Y  F     INV_X3M_A9TL          2    82    87     428 
  u_backbone/u_pre_ln/g6467/Y                -       A->Y  R     INV_X4M_A9TL          1    60    63     491 
  u_backbone/u_pre_ln/g6466/Y                -       A->Y  F     INV_X7P5M_A9TL        5    42    47     538 
  u_backbone/u_pre_ln/g6307/Y                -       A->Y  F     OR4_X6M_A9TL          3    71   121     659 
  u_backbone/u_pre_ln/g6294/Y                -       A->Y  R     INV_X2M_A9TL          2   110    93     752 
  u_backbone/u_pre_ln/g6219/Y                -       A->Y  F     NAND2_X4M_A9TL        1    58    58     810 
  u_backbone/u_pre_ln/g6566/Y                -       A0->Y R     AOI2XB1_X4M_A9TL      4   183   142     952 
  u_backbone/gen_tr_lanes[4].u_tr_ln/g6598/Y -       A->Y  F     INV_X3M_A9TL          5   100   104    1056 
  u_backbone/gen_tr_lanes[4].u_tr_ln/g6596/Y -       A->Y  R     INV_X5M_A9TL          6    77    80    1136 
  u_backbone/gen_tr_lanes[4].u_tr_ln/g6481/Y -       A0->Y F     OAI21_X1P4M_A9TL      1   100    89    1225 
  u_backbone/gen_tr_lanes[4].u_tr_ln/g6478/Y -       B->Y  R     NAND3_X2M_A9TL        1   122   106    1331 
  u_backbone/gen_tr_lanes[4].u_tr_ln/g6473/Y -       A->Y  F     NAND2_X2A_A9TL        1    93    82    1413 
  u_backbone/gen_tr_lanes[4].u_tr_ln/g6467/Y -       A->Y  R     NAND4_X4A_A9TL        1   160   112    1525 
  u_backbone/gen_tr_lanes[4].u_tr_ln/g6465/Y -       B->Y  F     NAND2_X8M_A9TL        5    74    85    1610 
  u_backbone/gen_tr_lanes[4].u_tr_ln/g6448/Y -       A0->Y R     AOI21_X3M_A9TL        1   120   108    1717 
  u_backbone/gen_tr_lanes[4].u_tr_ln/g6441/Y -       B->Y  F     NAND2_X4M_A9TL        2    81    82    1799 
  u_backbone/gen_tr_lanes[4].u_tr_ln/g6427/Y -       B->Y  R     NAND2_X8M_A9TL        5    95    91    1890 
  u_backbone/gen_tr_lanes[4].u_tr_ln/g6419/Y -       S0->Y R     MXIT2_X3M_A9TL        1   122    91    1982 
  u_backbone/gen_tr_lanes[4].u_tr_ln/g6627/Y -       A->Y  R     XOR2_X2M_A9TL         1   179   106    2088 
  u_backbone/gen_tr_lanes[4].u_tr_ln/g6624/Y -       A->Y  F     NAND2_X2M_A9TL        1    83    80    2168 
  u_backbone/g3019/Y                         -       A0->Y F     AO21B_X4M_A9TL        4   129   144    2312 
  u_backbone/u_post_ln/g9230/Y               -       A->Y  R     NOR2_X4A_A9TL         4   144   126    2438 
  u_backbone/u_post_ln/g9122/Y               -       B->Y  R     AND2_X6M_A9TL         4    67   136    2574 
  u_backbone/u_post_ln/g9050/Y               -       B->Y  F     NAND2_X6M_A9TL        3    64    65    2638 
  u_backbone/u_post_ln/g8995/Y               -       B->Y  R     NOR2_X8M_A9TL         3    97    82    2721 
  u_backbone/u_post_ln/g8936/Y               -       A->Y  F     NAND2_X6M_A9TL        3    58    58    2779 
  u_backbone/u_post_ln/g8909/Y               -       A->Y  R     INV_X3M_A9TL          1    57    57    2836 
  u_backbone/u_post_ln/g8857/Y               -       A0->Y F     AOI21_X6M_A9TL        2    74    61    2896 
  u_backbone/u_post_ln/g8840/Y               -       A->Y  R     INV_X3M_A9TL          2    60    62    2959 
  u_backbone/u_post_ln/g8813/Y               -       A->Y  F     NAND2XB_X2M_A9TL      1    61    54    3013 
  u_backbone/u_post_ln/g8782/Y               -       B->Y  R     NAND2_X2M_A9TL        1    64    68    3080 
  u_backbone/s2_post_ln_reg_reg[4][7]/D      -       -     R     DFFRPQ_X1M_A9TL       1     -     0    3080 
#------------------------------------------------------------------------------------------------------------



Path 15: MET (0 ps) Setup Check with Pin u_backbone/s2_post_ln_reg_reg[0][6]/CK->D
          Group: reg2reg
     Startpoint: (R) u_backbone/s1_mode_pre_ln_reg/CK
          Clock: (R) clk
       Endpoint: (R) u_backbone/s2_post_ln_reg_reg[0][6]/D
          Clock: (R) clk

                     Capture       Launch     
        Clock Edge:+    3300            0     
       Src Latency:+       0            0     
       Net Latency:+       0 (I)        0 (I) 
           Arrival:=    3300            0     
                                              
             Setup:-      91                  
       Uncertainty:-     125                  
     Required Time:=    3084                  
      Launch Clock:-       0                  
         Data Path:-    3084                  
             Slack:=       0                  

#------------------------------------------------------------------------------------------------------------
#               Timing Point                 Flags    Arc   Edge      Cell        Fanout Trans Delay Arrival 
#                                                                                         (ps)  (ps)   (ps)  
#------------------------------------------------------------------------------------------------------------
  u_backbone/s1_mode_pre_ln_reg/CK           -       -      R     (arrival)          362     0     0       0 
  u_backbone/s1_mode_pre_ln_reg/Q            -       CK->Q  R     DFFRPQ_X4M_A9TL      6   154   341     341 
  u_backbone/u_pre_ln/g6468/Y                -       A->Y   F     INV_X3M_A9TL         2    82    87     428 
  u_backbone/u_pre_ln/g6423/Y                -       A->Y   R     NOR2XB_X8M_A9TL      4   114    98     526 
  u_backbone/u_pre_ln/g6336/Y                -       A->Y   F     INV_X4M_A9TL         3    64    70     595 
  u_backbone/u_pre_ln/g6241/Y                -       A->Y   F     OR4_X6M_A9TL         4    81   134     729 
  u_backbone/u_pre_ln/g6224/Y                -       A->Y   R     INV_X3M_A9TL         2    62    65     794 
  u_backbone/u_pre_ln/g6110/Y                -       A->Y   F     NAND3_X4A_A9TL       1    84    68     862 
  u_backbone/u_pre_ln/g6079/Y                -       A0->Y  R     AOI21_X6M_A9TL       4   132   117     979 
  u_backbone/gen_tr_lanes[0].u_tr_ln/g7490/Y -       A->Y   F     INV_X3M_A9TL         5    99    96    1075 
  u_backbone/gen_tr_lanes[0].u_tr_ln/g7473/Y -       A->Y   R     NAND2_X4M_A9TL       2    94    82    1157 
  u_backbone/gen_tr_lanes[0].u_tr_ln/g7463/Y -       A->Y   F     INV_X2P5M_A9TL       6   108    96    1253 
  u_backbone/gen_tr_lanes[0].u_tr_ln/g7416/Y -       C->Y   F     AND4_X2M_A9TL        2    80   190    1443 
  u_backbone/gen_tr_lanes[0].u_tr_ln/g7411/Y -       A->Y   R     INV_X3M_A9TL         3    92    86    1528 
  u_backbone/gen_tr_lanes[0].u_tr_ln/g7400/Y -       A->Y   F     NOR2XB_X6M_A9TL      3    65    63    1591 
  u_backbone/gen_tr_lanes[0].u_tr_ln/g7391/Y -       A->Y   R     NOR2_X2A_A9TL        1   126   102    1692 
  u_backbone/gen_tr_lanes[0].u_tr_ln/g7353/Y -       S0->Y  R     MXIT2_X2M_A9TL       2   245   151    1843 
  u_backbone/gen_tr_lanes[0].u_tr_ln/g7342/Y -       B->Y   F     NOR2_X4A_A9TL        2    95   111    1954 
  u_backbone/gen_tr_lanes[0].u_tr_ln/g7340/Y -       A->Y   R     INV_X3M_A9TL         2    58    63    2017 
  u_backbone/gen_tr_lanes[0].u_tr_ln/g7338/Y -       AN->Y  R     NOR2B_X4M_A9TL       2   100   127    2144 
  u_backbone/gen_tr_lanes[0].u_tr_ln/g7332/Y -       A->Y   F     NOR2_X3A_A9TL        1    45    53    2197 
  u_backbone/gen_tr_lanes[0].u_tr_ln/g7299/Y -       A1->Y  F     AO21B_X2M_A9TL       1    78   125    2322 
  u_backbone/g2792/Y                         -       B0->Y  F     AO1B2_X4M_A9TL       2    87   120    2442 
  u_backbone/u_post_ln/g9298/Y               -       A->Y   R     INV_X2M_A9TL         1    66    69    2510 
  u_backbone/u_post_ln/g9119/Y               -       A->Y   F     NAND2_X4M_A9TL       3    77    66    2576 
  u_backbone/u_post_ln/g9054/Y               -       A->Y   R     NOR2_X6A_A9TL        3   116    96    2672 
  u_backbone/u_post_ln/g8990/Y               -       B->Y   F     NAND2_X4A_A9TL       2    75    76    2748 
  u_backbone/u_post_ln/g8925/Y               -       A->Y   R     NAND2_X4M_A9TL       2    81    67    2815 
  u_backbone/u_post_ln/g8831/Y               -       A0->Y  F     AOI21_X2M_A9TL       1    89    71    2886 
  u_backbone/u_post_ln/g8808/Y               -       B0N->Y F     OAI21B_X3M_A9TL      1    72   143    3029 
  u_backbone/u_post_ln/g8784/Y               -       B0N->Y R     AO21B_X2M_A9TL       1    66    55    3084 
  u_backbone/s2_post_ln_reg_reg[0][6]/D      -       -      R     DFFRPQ_X2M_A9TL      1     -     0    3084 
#------------------------------------------------------------------------------------------------------------



Path 16: MET (0 ps) Setup Check with Pin u_backbone/s2_post_ln_reg_reg[1][7]/CK->D
          Group: reg2reg
     Startpoint: (R) u_backbone/s1_mode_pre_ln_reg/CK
          Clock: (R) clk
       Endpoint: (F) u_backbone/s2_post_ln_reg_reg[1][7]/D
          Clock: (R) clk

                     Capture       Launch     
        Clock Edge:+    3300            0     
       Src Latency:+       0            0     
       Net Latency:+       0 (I)        0 (I) 
           Arrival:=    3300            0     
                                              
             Setup:-      94                  
       Uncertainty:-     125                  
     Required Time:=    3081                  
      Launch Clock:-       0                  
         Data Path:-    3080                  
             Slack:=       0                  

#----------------------------------------------------------------------------------------------------------------
#                Timing Point                  Flags    Arc    Edge       Cell        Fanout Trans Delay Arrival 
#                                                                                             (ps)  (ps)   (ps)  
#----------------------------------------------------------------------------------------------------------------
  u_backbone/s1_mode_pre_ln_reg/CK             -       -       R     (arrival)           362     0     0       0 
  u_backbone/s1_mode_pre_ln_reg/Q              -       CK->Q   R     DFFRPQ_X4M_A9TL       6   154   341     341 
  u_backbone/u_pre_ln/g6417/Y                  -       A->Y    R     AND2_X4M_A9TL         3    76   140     481 
  u_backbone/u_pre_ln/g6321/Y                  -       A->Y    F     NAND2XB_X4M_A9TL      4    94    79     561 
  u_backbone/u_pre_ln/g6308/Y                  -       A->Y    R     NOR2XB_X8M_A9TL       4    96    89     650 
  u_backbone/u_pre_ln/g6295/Y                  -       A->Y    R     BUFH_X1P2M_A9TL       1   112   131     781 
  u_backbone/u_pre_ln/g6277/Y                  -       A->Y    F     NOR2XB_X6M_A9TL       7   107    95     876 
  u_backbone/gen_tr_lanes[1].u_tr_ln/g6847/Y   -       A->Y    R     INV_X3M_A9TL          5   110   102     978 
  u_backbone/gen_tr_lanes[1].u_tr_ln/g6751/Y   -       A0->Y   F     AOI21_X1M_A9TL        1   114   104    1083 
  u_backbone/gen_tr_lanes[1].u_tr_ln/g6734/Y   -       A1->Y   R     OAI21_X1M_A9TL        1   190   169    1251 
  u_backbone/gen_tr_lanes[1].u_tr_ln/g6730/Y   -       B->Y    F     NAND3_X2M_A9TL        1    92   102    1353 
  u_backbone/gen_tr_lanes[1].u_tr_ln/g6728/Y   -       A->Y    R     NAND2_X1P4M_A9TL      1   114    96    1449 
  u_backbone/gen_tr_lanes[1].u_tr_ln/g6725/Y   -       A->Y    F     NAND4_X3A_A9TL        1   140   110    1558 
  u_backbone/gen_tr_lanes[1].u_tr_ln/g6721/Y   -       A->Y    R     NAND2_X6M_A9TL        6   131   121    1680 
  u_backbone/gen_tr_lanes[1].u_tr_ln/g6714/CON -       CI->CON F     CGENI_X2M_A9TL        2   132   114    1794 
  u_backbone/gen_tr_lanes[1].u_tr_ln/g6860/Y   -       AN->Y   F     NAND2B_X3M_A9TL       3    94   169    1963 
  u_backbone/gen_tr_lanes[1].u_tr_ln/g6691/Y   -       B->Y    F     AND2_X3M_A9TL         2    50   130    2093 
  u_backbone/gen_tr_lanes[1].u_tr_ln/g6689/Y   -       A->Y    R     NOR2_X2A_A9TL         1    84    72    2165 
  u_backbone/gen_tr_lanes[1].u_tr_ln/g6660/Y   -       A1->Y   R     AO21B_X2M_A9TL        1    70   144    2310 
  u_backbone/g2930/Y                           -       A->Y    F     NAND2_X2A_A9TL        1    98    83    2393 
  u_backbone/g2748/Y                           -       A->Y    R     NAND2_X6M_A9TL        4   117    86    2479 
  u_backbone/u_post_ln/g9121/Y                 -       B->Y    F     NOR2_X6M_A9TL         3    64    76    2554 
  u_backbone/u_post_ln/g9052/Y                 -       B->Y    R     NAND2_X4M_A9TL        3    91    84    2639 
  u_backbone/u_post_ln/g8996/Y                 -       A->Y    F     NOR2_X4M_A9TL         2    69    68    2707 
  u_backbone/u_post_ln/g8937/Y                 -       A->Y    R     NAND2_X4A_A9TL        3    68    68    2775 
  u_backbone/u_post_ln/g8910/Y                 -       A->Y    F     INV_X3M_A9TL          1    42    49    2824 
  u_backbone/u_post_ln/g8859/Y                 -       A0->Y   R     AOI21_X6M_A9TL        2    96    81    2905 
  u_backbone/u_post_ln/g8842/Y                 -       A->Y    F     INV_X3M_A9TL          2    47    53    2958 
  u_backbone/u_post_ln/g8812/Y                 -       A->Y    R     NAND2XB_X2M_A9TL      1    85    63    3021 
  u_backbone/u_post_ln/g8783/Y                 -       B->Y    F     NAND2_X2M_A9TL        1    60    59    3080 
  u_backbone/s2_post_ln_reg_reg[1][7]/D        -       -       F     DFFRPQ_X2M_A9TL       1     -     0    3080 
#----------------------------------------------------------------------------------------------------------------



Path 17: MET (0 ps) Setup Check with Pin u_backbone/s2_post_ln_reg_reg[6][5]/CK->D
          Group: reg2reg
     Startpoint: (R) u_backbone/s1_mode_pre_ln_reg/CK
          Clock: (R) clk
       Endpoint: (F) u_backbone/s2_post_ln_reg_reg[6][5]/D
          Clock: (R) clk

                     Capture       Launch     
        Clock Edge:+    3300            0     
       Src Latency:+       0            0     
       Net Latency:+       0 (I)        0 (I) 
           Arrival:=    3300            0     
                                              
             Setup:-     120                  
       Uncertainty:-     125                  
     Required Time:=    3055                  
      Launch Clock:-       0                  
         Data Path:-    3055                  
             Slack:=       0                  

#-------------------------------------------------------------------------------------------------------------
#               Timing Point                 Flags    Arc   Edge       Cell        Fanout Trans Delay Arrival 
#                                                                                          (ps)  (ps)   (ps)  
#-------------------------------------------------------------------------------------------------------------
  u_backbone/s1_mode_pre_ln_reg/CK           -       -      R     (arrival)           362     0     0       0 
  u_backbone/s1_mode_pre_ln_reg/Q            -       CK->Q  R     DFFRPQ_X4M_A9TL       6   154   341     341 
  u_backbone/u_pre_ln/g6464/Y                -       A->Y   R     BUF_X3M_A9TL          2    76   143     484 
  u_backbone/u_pre_ln/g6463/Y                -       A->Y   F     INV_X3M_A9TL          2    46    53     538 
  u_backbone/u_pre_ln/g6306/Y                -       A->Y   F     OR4_X6M_A9TL          3    68   119     657 
  u_backbone/u_pre_ln/g6247/Y                -       A->Y   R     INV_X4M_A9TL          2    62    64     721 
  u_backbone/u_pre_ln/g6217/Y                -       A->Y   F     NAND2_X4M_A9TL        2    59    52     773 
  u_backbone/u_pre_ln/g6174/Y                -       A->Y   R     NAND2XB_X2M_A9TL      1   110    83     856 
  u_backbone/u_pre_ln/g6159/Y                -       A->Y   R     AND2_X8M_A9TL        11    95   140     995 
  u_backbone/gen_tr_lanes[6].u_tr_ln/g7253/Y -       B->Y   F     NOR2_X4A_A9TL         3    91    74    1070 
  u_backbone/gen_tr_lanes[6].u_tr_ln/g7229/Y -       A->Y   F     AND2_X4M_A9TL         4    60   131    1201 
  u_backbone/gen_tr_lanes[6].u_tr_ln/g7219/Y -       A->Y   R     INV_X2M_A9TL          1    49    51    1252 
  u_backbone/gen_tr_lanes[6].u_tr_ln/g7207/Y -       B->Y   F     NOR2_X2A_A9TL         1    75    57    1309 
  u_backbone/gen_tr_lanes[6].u_tr_ln/g7202/Y -       A->Y   F     AND3_X3M_A9TL         2    57   126    1435 
  u_backbone/gen_tr_lanes[6].u_tr_ln/g7196/Y -       A->Y   R     INV_X3M_A9TL          3   108    87    1522 
  u_backbone/gen_tr_lanes[6].u_tr_ln/g7183/Y -       A->Y   F     NOR2XB_X6M_A9TL       4    72    72    1594 
  u_backbone/gen_tr_lanes[6].u_tr_ln/g7174/Y -       A->Y   R     NOR2_X3A_A9TL         1   110    94    1688 
  u_backbone/gen_tr_lanes[6].u_tr_ln/g7135/Y -       S0->Y  R     MXIT2_X3M_A9TL        2   154   107    1796 
  u_backbone/gen_tr_lanes[6].u_tr_ln/g7126/Y -       B->Y   F     NAND2_X2M_A9TL        2   100    91    1887 
  u_backbone/gen_tr_lanes[6].u_tr_ln/g7120/Y -       AN->Y  F     NOR2B_X3M_A9TL        2    91   152    2039 
  u_backbone/gen_tr_lanes[6].u_tr_ln/g7118/Y -       A->Y   R     NOR2_X3B_A9TL         1    82    79    2118 
  u_backbone/gen_tr_lanes[6].u_tr_ln/g7099/Y -       B->Y   F     NAND2_X2B_A9TL        1    72    76    2194 
  u_backbone/gen_tr_lanes[6].u_tr_ln/g7094/Y -       B0N->Y R     AO21B_X2M_A9TL        1    72    61    2255 
  u_backbone/g2773/Y                         -       B0->Y  R     AO1B2_X4M_A9TL        3    96   130    2385 
  u_backbone/u_post_ln/g9261/Y               -       A->Y   F     INV_X3M_A9TL          2    54    61    2446 
  u_backbone/u_post_ln/g9125/Y               -       B->Y   R     NAND2_X6M_A9TL        4    94    83    2529 
  u_backbone/u_post_ln/g9056/Y               -       A->Y   F     NOR2_X8M_A9TL         5    63    64    2593 
  u_backbone/u_post_ln/g8963/Y               -       A0->Y  R     AOI21_X1M_A9TL        1   182   138    2732 
  u_backbone/u_post_ln/g8850/Y               -       S0->Y  R     MXIT2_X0P5M_A9TL      1   257   181    2913 
  u_backbone/u_post_ln/g9355/Y               -       B0->Y  F     OAI2XB1_X1M_A9TL      1   133   142    3055 
  u_backbone/s2_post_ln_reg_reg[6][5]/D      -       -      F     DFFRPQ_X2M_A9TL       1     -     0    3055 
#-------------------------------------------------------------------------------------------------------------



Path 18: MET (1 ps) Setup Check with Pin u_backbone/s2_post_ln_reg_reg[5][7]/CK->D
          Group: reg2reg
     Startpoint: (R) u_backbone/s1_mode_pre_ln_reg/CK
          Clock: (R) clk
       Endpoint: (F) u_backbone/s2_post_ln_reg_reg[5][7]/D
          Clock: (R) clk

                     Capture       Launch     
        Clock Edge:+    3300            0     
       Src Latency:+       0            0     
       Net Latency:+       0 (I)        0 (I) 
           Arrival:=    3300            0     
                                              
             Setup:-     101                  
       Uncertainty:-     125                  
     Required Time:=    3074                  
      Launch Clock:-       0                  
         Data Path:-    3074                  
             Slack:=       1                  

#--------------------------------------------------------------------------------------------------------------
#               Timing Point                 Flags    Arc   Edge       Cell         Fanout Trans Delay Arrival 
#                                                                                           (ps)  (ps)   (ps)  
#--------------------------------------------------------------------------------------------------------------
  u_backbone/s1_mode_pre_ln_reg/CK           -       -      R     (arrival)            362     0     0       0 
  u_backbone/s1_mode_pre_ln_reg/Q            -       CK->Q  F     DFFRPQ_X4M_A9TL        6   107   313     313 
  u_backbone/u_pre_ln/g6471/Y                -       A->Y   R     INV_X6M_A9TL           2    61    67     380 
  u_backbone/u_pre_ln/g6415/Y                -       A->Y   F     NOR2_X6A_A9TL          2    49    51     431 
  u_backbone/u_pre_ln/g6331/Y                -       A->Y   R     INV_X3M_A9TL           2    66    61     491 
  u_backbone/u_pre_ln/g6330/Y                -       A->Y   F     INV_X5B_A9TL           2    55    58     549 
  u_backbone/u_pre_ln/g6293/Y                -       A->Y   F     AND3_X6M_A9TL          4    65   125     674 
  u_backbone/u_pre_ln/g6568/Y                -       A0->Y  F     AO21_X2M_A9TL          1    56   143     817 
  u_backbone/u_pre_ln/g6106/Y                -       A->Y   F     AND2_X6M_A9TL          8    76   129     946 
  u_backbone/gen_tr_lanes[5].u_tr_ln/g7732/Y -       A->Y   R     INV_X6M_A9TL           5    67    69    1016 
  u_backbone/gen_tr_lanes[5].u_tr_ln/g7703/Y -       A->Y   F     NAND2_X6A_A9TL         4    77    71    1086 
  u_backbone/gen_tr_lanes[5].u_tr_ln/g7695/Y -       A->Y   R     INV_X2M_A9TL           1    67    69    1156 
  u_backbone/gen_tr_lanes[5].u_tr_ln/g7674/Y -       A->Y   F     NAND3_X6A_A9TL         4    78    66    1222 
  u_backbone/gen_tr_lanes[5].u_tr_ln/g7649/Y -       B->Y   R     NOR2_X2A_A9TL          1   114   105    1328 
  u_backbone/gen_tr_lanes[5].u_tr_ln/g7644/Y -       A->Y   R     AND3_X3M_A9TL          2    85   143    1471 
  u_backbone/gen_tr_lanes[5].u_tr_ln/g7630/Y -       A->Y   F     NAND2_X4B_A9TL         3   104    88    1559 
  u_backbone/gen_tr_lanes[5].u_tr_ln/g7735/Y -       A->Y   R     NAND3XXB_X4M_A9TL      2   116    97    1656 
  u_backbone/gen_tr_lanes[5].u_tr_ln/g7739/Y -       A->Y   F     NAND2_X1P4M_A9TL       2   142   117    1773 
  u_backbone/gen_tr_lanes[5].u_tr_ln/g7740/Y -       A0->Y  R     AOI21_X3M_A9TL         3   213   187    1960 
  u_backbone/gen_tr_lanes[5].u_tr_ln/g7565/Y -       A->Y   F     NOR2XB_X6M_A9TL        2    85    94    2054 
  u_backbone/gen_tr_lanes[5].u_tr_ln/g7560/Y -       A->Y   R     NOR2_X3A_A9TL          1   107    95    2149 
  u_backbone/gen_tr_lanes[5].u_tr_ln/g7543/Y -       A0N->Y F     AO1B2_X4M_A9TL         1    62    69    2218 
  u_backbone/gen_tr_lanes[5].u_tr_ln/g7538/Y -       A->Y   R     NAND2_X4A_A9TL         1    47    50    2268 
  u_backbone/g2922/Y                         -       A->Y   F     NAND2_X3A_A9TL         1    74    62    2330 
  u_backbone/g2755/Y                         -       A->Y   R     NAND2_X6M_A9TL         3   104    68    2398 
  u_backbone/u_post_ln/g9264/Y               -       A->Y   F     INV_X4M_A9TL           3    49    55    2453 
  u_backbone/u_post_ln/g9118/Y               -       B->Y   R     NAND2_X4B_A9TL         3    80    67    2520 
  u_backbone/u_post_ln/g9055/Y               -       A->Y   F     NOR2_X8B_A9TL          4    87    77    2597 
  u_backbone/u_post_ln/g8966/Y               -       A0->Y  R     AOI21_X3M_A9TL         2   160   134    2731 
  u_backbone/u_post_ln/g8897/Y               -       B0->Y  F     AOI2XB1_X4M_A9TL       2    95    91    2822 
  u_backbone/u_post_ln/g9379/Y               -       A0N->Y R     AO1B2_X4M_A9TL         2    69    69    2891 
  u_backbone/u_post_ln/g8821/Y               -       A->Y   F     NOR2_X2A_A9TL          1    60    51    2942 
  u_backbone/u_post_ln/g8778/Y               -       B0N->Y F     OAI21B_X2M_A9TL        1    78   131    3074 
  u_backbone/s2_post_ln_reg_reg[5][7]/D      -       -      F     DFFRPQ_X2M_A9TL        1     -     0    3074 
#--------------------------------------------------------------------------------------------------------------



Path 19: MET (1 ps) Setup Check with Pin u_vecmul/prod_reg_reg[7][16]/CK->D
          Group: reg2reg
     Startpoint: (R) u_vecmul/mode1_op_reg[1]/CK
          Clock: (R) clk
       Endpoint: (R) u_vecmul/prod_reg_reg[7][16]/D
          Clock: (R) clk

                     Capture       Launch     
        Clock Edge:+    3300            0     
       Src Latency:+       0            0     
       Net Latency:+       0 (I)        0 (I) 
           Arrival:=    3300            0     
                                              
             Setup:-      88                  
       Uncertainty:-     125                  
     Required Time:=    3087                  
      Launch Clock:-       0                  
         Data Path:-    3086                  
             Slack:=       1                  

#--------------------------------------------------------------------------------------------------------------------------------------
#                           Timing Point                             Flags    Arc    Edge       Cell        Fanout Trans Delay Arrival 
#                                                                                                                   (ps)  (ps)   (ps)  
#--------------------------------------------------------------------------------------------------------------------------------------
  u_vecmul/mode1_op_reg[1]/CK                                        -       -       R     (arrival)           362     0     0       0 
  u_vecmul/mode1_op_reg[1]/QN                                        -       CK->QN  R     A2DFFQN_X2M_A9TL      3   144   268     268 
  u_vecmul/g1787/Y                                                   -       A->Y    R     AND2_X6M_A9TL         9   105   157     425 
  u_vecmul/g1776/Y                                                   -       A->Y    R     AND2_X3M_A9TL        15   211   204     629 
  u_vecmul/MULT_TC_OP_1_Y_MULT_TC_OP_Y_MULT_UNS_OP_g1173/Y           -       A->Y    R     AND2_X1M_A9TL         1   107   185     814 
  u_vecmul/MULT_TC_OP_1_Y_MULT_TC_OP_Y_MULT_UNS_OP_cdnfadd_008_2/S   -       CI->S   F     ADDF_X1M_A9TL         1   108   311    1125 
  u_vecmul/MULT_TC_OP_1_Y_MULT_TC_OP_Y_MULT_UNS_OP_cdnfadd_008_4/CO  -       CI->CO  F     ADDF_X1M_A9TL         1   114   232    1357 
  u_vecmul/g1904/SUM                                                 -       D->SUM  F     CMPR42_X1M_A9TL       1   100   320    1677 
  u_vecmul/MULT_TC_OP_1_Y_MULT_TC_OP_Y_MULT_UNS_OP_cdnfadd_009_6/SUM -       CI->SUM R     ADDFH_X1M_A9TL        2   128   263    1940 
  u_vecmul/MULT_TC_OP_1_Y_MULT_TC_OP_Y_MULT_UNS_OP_g1091/Y           -       A->Y    R     OR2_X2M_A9TL          3    96   146    2086 
  u_vecmul/MULT_TC_OP_1_Y_MULT_TC_OP_Y_MULT_UNS_OP_g1075/Y           -       A0->Y   F     AOI21_X2M_A9TL        2   110    96    2182 
  u_vecmul/MULT_TC_OP_1_Y_MULT_TC_OP_Y_MULT_UNS_OP_g1049/Y           -       A0->Y   R     OAI21_X2M_A9TL        1   121   117    2299 
  u_vecmul/g3/Y                                                      -       B0->Y   R     AO21_X2M_A9TL         1    58   124    2423 
  u_vecmul/g1869/Y                                                   -       A0->Y   R     AO21_X2M_A9TL         4   144   168    2592 
  u_vecmul/MULT_TC_OP_1_Y_MULT_TC_OP_Y_MULT_UNS_OP_g1224/Y           -       A0->Y   F     AOI2XB1_X4M_A9TL      2    88    92    2684 
  u_vecmul/MULT_TC_OP_1_Y_MULT_TC_OP_Y_MULT_UNS_OP_g1227/Y           -       A0->Y   R     OAI21B_X3M_A9TL       1   137   116    2799 
  u_vecmul/MULT_TC_OP_1_Y_MULT_TC_OP_Y_MULT_UNS_OP_g1228/Y           -       A->Y    R     XNOR2_X3M_A9TL        2   175   102    2901 
  u_vecmul/g1857/Y                                                   -       A->Y    F     INV_X1M_A9TL          1    84    94    2995 
  u_vecmul/g1834/Y                                                   -       B0->Y   R     OAI22_X2M_A9TL        1   146    92    3086 
  u_vecmul/prod_reg_reg[7][16]/D                                     -       -       R     DFFQ_X1M_A9TL         1     -     0    3086 
#--------------------------------------------------------------------------------------------------------------------------------------



Path 20: MET (1 ps) Setup Check with Pin u_backbone/s2_post_ln_reg_reg[1][6]/CK->D
          Group: reg2reg
     Startpoint: (R) u_backbone/s1_vec_in_reg[1][8]/CK
          Clock: (R) clk
       Endpoint: (R) u_backbone/s2_post_ln_reg_reg[1][6]/D
          Clock: (R) clk

                     Capture       Launch     
        Clock Edge:+    3300            0     
       Src Latency:+       0            0     
       Net Latency:+       0 (I)        0 (I) 
           Arrival:=    3300            0     
                                              
             Setup:-      97                  
       Uncertainty:-     125                  
     Required Time:=    3078                  
      Launch Clock:-       0                  
         Data Path:-    3077                  
             Slack:=       1                  

#------------------------------------------------------------------------------------------------------------
#               Timing Point                 Flags   Arc   Edge       Cell        Fanout Trans Delay Arrival 
#                                                                                         (ps)  (ps)   (ps)  
#------------------------------------------------------------------------------------------------------------
  u_backbone/s1_vec_in_reg[1][8]/CK          -       -     R     (arrival)           362     0     0       0 
  u_backbone/s1_vec_in_reg[1][8]/Q           -       CK->Q R     DFFRPQ_X3M_A9TL       4    98   316     316 
  u_backbone/u_pre_ln/g6349/Y                -       C->Y  F     NAND3_X1M_A9TL        2   227   176     492 
  u_backbone/u_pre_ln/g6242/Y                -       B->Y  F     OR4_X4M_A9TL          3    96   207     699 
  u_backbone/u_pre_ln/g6225/Y                -       A->Y  R     INV_X4M_A9TL          3    68    72     771 
  u_backbone/u_pre_ln/g6109/Y                -       A->Y  F     NAND3_X2A_A9TL        1    93    69     840 
  u_backbone/u_pre_ln/g6080/Y                -       A->Y  R     NAND2_X2A_A9TL        1    62    68     908 
  u_backbone/u_pre_ln/g6078/Y                -       A->Y  R     AND2_X4M_A9TL         5   106   136    1044 
  u_backbone/gen_tr_lanes[1].u_tr_ln/g6851/Y -       A->Y  F     INV_X1P7M_A9TR        4   143   127    1170 
  u_backbone/gen_tr_lanes[1].u_tr_ln/g6803/Y -       A1->Y R     OAI21_X1M_A9TL        1   183   174    1344 
  u_backbone/gen_tr_lanes[1].u_tr_ln/g6783/Y -       A->Y  F     NAND3_X2M_A9TL        1   111   100    1444 
  u_backbone/gen_tr_lanes[1].u_tr_ln/g6877/Y -       A1->Y F     AO21B_X4M_A9TL        2    79   147    1591 
  u_backbone/gen_tr_lanes[1].u_tr_ln/g6861/Y -       BN->Y F     NAND2XB_X4M_A9TL      1    60   129    1720 
  u_backbone/gen_tr_lanes[1].u_tr_ln/g6692/Y -       B->Y  R     NAND2_X6M_A9TL        2    75    72    1792 
  u_backbone/gen_tr_lanes[1].u_tr_ln/g6682/Y -       A->Y  F     NOR2_X8B_A9TL         5   118    94    1886 
  u_backbone/gen_tr_lanes[1].u_tr_ln/g6680/Y -       A->Y  R     INV_X2M_A9TL          1    68    73    1960 
  u_backbone/gen_tr_lanes[1].u_tr_ln/g6679/Y -       A->Y  F     NOR2_X3A_A9TL         2    70    61    2021 
  u_backbone/gen_tr_lanes[1].u_tr_ln/g6678/Y -       A->Y  R     INV_X2M_A9TL          2    65    66    2087 
  u_backbone/gen_tr_lanes[1].u_tr_ln/g6673/Y -       B0->Y F     OAI21_X2M_A9TL        1    75    70    2157 
  u_backbone/g3021/Y                         -       A0->Y F     AO21B_X4M_A9TL        3   126   139    2296 
  u_backbone/u_post_ln/g9276/Y               -       A->Y  R     INV_X4M_A9TL          4    81    87    2383 
  u_backbone/u_post_ln/g9228/Y               -       B->Y  F     NAND2_X4M_A9TL        2    62    68    2451 
  u_backbone/u_post_ln/g9121/Y               -       A->Y  R     NOR2_X6M_A9TL         3    93    80    2531 
  u_backbone/u_post_ln/g9052/Y               -       B->Y  F     NAND2_X4M_A9TL        3    66    72    2603 
  u_backbone/u_post_ln/g8996/Y               -       A->Y  R     NOR2_X4M_A9TL         2   106    87    2690 
  u_backbone/u_post_ln/g8937/Y               -       A->Y  F     NAND2_X4A_A9TL        3    84    81    2771 
  u_backbone/u_post_ln/g8853/Y               -       A->Y  R     XOR2_X1M_A9TL         1   278   150    2920 
  u_backbone/u_post_ln/g8797/Y               -       A->Y  F     NAND2_X4M_A9TL        1    84    70    2990 
  u_backbone/u_post_ln/g8776/Y               -       C0->Y R     OAI211_X2M_A9TL       1   140    87    3077 
  u_backbone/s2_post_ln_reg_reg[1][6]/D      -       -     R     DFFRPQ_X4M_A9TL       1     -     0    3077 
#------------------------------------------------------------------------------------------------------------



Path 21: MET (1 ps) Setup Check with Pin u_backbone/s2_post_ln_reg_reg[3][5]/CK->D
          Group: reg2reg
     Startpoint: (R) u_backbone/s1_mode_pre_ln_reg/CK
          Clock: (R) clk
       Endpoint: (F) u_backbone/s2_post_ln_reg_reg[3][5]/D
          Clock: (R) clk

                     Capture       Launch     
        Clock Edge:+    3300            0     
       Src Latency:+       0            0     
       Net Latency:+       0 (I)        0 (I) 
           Arrival:=    3300            0     
                                              
             Setup:-     114                  
       Uncertainty:-     125                  
     Required Time:=    3061                  
      Launch Clock:-       0                  
         Data Path:-    3060                  
             Slack:=       1                  

#-------------------------------------------------------------------------------------------------------------
#               Timing Point                 Flags   Arc   Edge       Cell         Fanout Trans Delay Arrival 
#                                                                                          (ps)  (ps)   (ps)  
#-------------------------------------------------------------------------------------------------------------
  u_backbone/s1_mode_pre_ln_reg/CK           -       -     R     (arrival)            362     0     0       0 
  u_backbone/s1_mode_pre_ln_reg/Q            -       CK->Q R     DFFRPQ_X4M_A9TL        6   154   341     341 
  u_backbone/u_pre_ln/g6474/Y                -       A->Y  F     INV_X7P5M_A9TL         2    55    56     398 
  u_backbone/u_pre_ln/g6473/Y                -       A->Y  R     INV_X6B_A9TL           2    43    45     443 
  u_backbone/u_pre_ln/g6420/Y                -       A->Y  R     AND2_X6M_A9TL          6   108   131     573 
  u_backbone/u_pre_ln/g6402/Y                -       A->Y  F     INV_X2M_A9TL           1    46    51     624 
  u_backbone/u_pre_ln/g6360/Y                -       A->Y  F     AND2_X4M_A9TL          5    70   120     745 
  u_backbone/gen_tr_lanes[3].u_tr_ln/g8111/Y -       A->Y  R     INV_X5M_A9TL           3    57    60     805 
  u_backbone/gen_tr_lanes[3].u_tr_ln/g8072/Y -       A->Y  F     NAND2_X3A_A9TL         2   102    72     877 
  u_backbone/gen_tr_lanes[3].u_tr_ln/g8061/Y -       B->Y  R     NAND3_X4M_A9TL         1    95    92     969 
  u_backbone/gen_tr_lanes[3].u_tr_ln/g8024/Y -       A0->Y F     AOI31_X3M_A9TL         1    94    90    1058 
  u_backbone/gen_tr_lanes[3].u_tr_ln/g8023/Y -       A->Y  R     NOR2_X4M_A9TL          1    83    81    1139 
  u_backbone/gen_tr_lanes[3].u_tr_ln/g8018/Y -       A->Y  F     NAND2_X4M_A9TL         1    64    55    1194 
  u_backbone/gen_tr_lanes[3].u_tr_ln/g8014/Y -       A->Y  R     NAND3_X6M_A9TL         1    94    64    1258 
  u_backbone/gen_tr_lanes[3].u_tr_ln/g8009/Y -       A->Y  F     NAND2_X4M_A9TL         1    50    51    1309 
  u_backbone/gen_tr_lanes[3].u_tr_ln/g8005/Y -       A->Y  R     NAND2_X3A_A9TL         2    73    62    1371 
  u_backbone/gen_tr_lanes[3].u_tr_ln/g8001/Y -       B->Y  F     NAND2_X4A_A9TL         1    78    71    1442 
  u_backbone/gen_tr_lanes[3].u_tr_ln/g8000/Y -       B->Y  R     NAND2_X8M_A9TL         3    95    86    1528 
  u_backbone/gen_tr_lanes[3].u_tr_ln/g7998/Y -       A->Y  F     INV_X6M_A9TL           3    42    46    1575 
  u_backbone/gen_tr_lanes[3].u_tr_ln/g8139/Y -       A->Y  R     MXIT2_X1M_A9TL         2   261   138    1713 
  u_backbone/gen_tr_lanes[3].u_tr_ln/g7987/Y -       A->Y  F     INV_X1M_A9TL           2   122   134    1847 
  u_backbone/gen_tr_lanes[3].u_tr_ln/g7976/Y -       B->Y  F     MX2_X2B_A9TL           2   135   192    2039 
  u_backbone/gen_tr_lanes[3].u_tr_ln/g7968/Y -       B->Y  R     NOR2_X4M_A9TL          2   155   141    2180 
  u_backbone/gen_tr_lanes[3].u_tr_ln/g7949/Y -       B->Y  F     NAND2_X4M_A9TL         1    54    67    2247 
  u_backbone/gen_tr_lanes[3].u_tr_ln/g7942/Y -       B->Y  R     NAND3XXB_X4M_A9TL      1    86    70    2316 
  u_backbone/g2777/Y                         -       B0->Y R     AO1B2_X4M_A9TL         3    97   134    2451 
  u_backbone/u_post_ln/g9283/Y               -       A->Y  F     INV_X3M_A9TL           2    54    61    2512 
  u_backbone/u_post_ln/g9053/Y               -       B->Y  R     NAND2_X6M_A9TL         3    81    76    2587 
  u_backbone/u_post_ln/g9027/Y               -       A->Y  F     INV_X1M_A9TL           2    88    82    2669 
  u_backbone/u_post_ln/g9369/Y               -       A0->Y R     AOI21B_X2M_A9TL        2   170   146    2815 
  u_backbone/u_post_ln/g8847/Y               -       S0->Y R     MXIT2_X1M_A9TL         1   165   130    2945 
  u_backbone/u_post_ln/g9356/Y               -       B0->Y F     OAI2XB1_X1M_A9TL       1   116   115    3060 
  u_backbone/s2_post_ln_reg_reg[3][5]/D      -       -     F     DFFRPQ_X2M_A9TL        1     -     0    3060 
#-------------------------------------------------------------------------------------------------------------



Path 22: MET (1 ps) Setup Check with Pin u_backbone/s2_post_ln_reg_reg[1][6]/CK->D
          Group: reg2reg
     Startpoint: (R) u_backbone/s1_mode_pre_ln_reg/CK
          Clock: (R) clk
       Endpoint: (R) u_backbone/s2_post_ln_reg_reg[1][6]/D
          Clock: (R) clk

                     Capture       Launch     
        Clock Edge:+    3300            0     
       Src Latency:+       0            0     
       Net Latency:+       0 (I)        0 (I) 
           Arrival:=    3300            0     
                                              
             Setup:-      97                  
       Uncertainty:-     125                  
     Required Time:=    3078                  
      Launch Clock:-       0                  
         Data Path:-    3077                  
             Slack:=       1                  

#------------------------------------------------------------------------------------------------------------
#               Timing Point                 Flags   Arc   Edge       Cell        Fanout Trans Delay Arrival 
#                                                                                         (ps)  (ps)   (ps)  
#------------------------------------------------------------------------------------------------------------
  u_backbone/s1_mode_pre_ln_reg/CK           -       -     R     (arrival)           362     0     0       0 
  u_backbone/s1_mode_pre_ln_reg/Q            -       CK->Q F     DFFRPQ_X4M_A9TL       6   107   313     313 
  u_backbone/u_pre_ln/g6468/Y                -       A->Y  R     INV_X3M_A9TL          2   102    97     410 
  u_backbone/u_pre_ln/g6467/Y                -       A->Y  F     INV_X4M_A9TL          1    47    52     462 
  u_backbone/u_pre_ln/g6466/Y                -       A->Y  R     INV_X7P5M_A9TL        5    61    56     518 
  u_backbone/u_pre_ln/g6382/Y                -       A->Y  F     NAND2XB_X2M_A9TL      1    63    56     574 
  u_backbone/u_pre_ln/g6365/Y                -       B->Y  F     AND2_X4M_A9TL         5    69   134     708 
  u_backbone/gen_tr_lanes[1].u_tr_ln/g6849/Y -       A->Y  R     INV_X5M_A9TL          3    56    59     767 
  u_backbone/gen_tr_lanes[1].u_tr_ln/g6795/Y -       A->Y  F     NAND2_X3A_A9TL        2    88    68     835 
  u_backbone/gen_tr_lanes[1].u_tr_ln/g6784/Y -       B->Y  R     NAND3_X3M_A9TL        1    95    91     926 
  u_backbone/gen_tr_lanes[1].u_tr_ln/g6761/Y -       C0->Y F     OAI211_X3M_A9TL       1    98    88    1014 
  u_backbone/gen_tr_lanes[1].u_tr_ln/g6747/Y -       A->Y  R     NAND2_X4M_A9TL        1    63    67    1081 
  u_backbone/gen_tr_lanes[1].u_tr_ln/g6740/Y -       C->Y  F     NAND3_X3M_A9TL        1    94    77    1158 
  u_backbone/gen_tr_lanes[1].u_tr_ln/g6733/Y -       A->Y  R     NAND3_X3M_A9TL        1   100    83    1241 
  u_backbone/gen_tr_lanes[1].u_tr_ln/g6726/Y -       A0->Y R     AO21B_X4M_A9TL        2    72   138    1379 
  u_backbone/gen_tr_lanes[1].u_tr_ln/g6876/Y -       A1->Y R     AO21B_X6M_A9TL        3    84   145    1524 
  u_backbone/gen_tr_lanes[1].u_tr_ln/g6713/Y -       A->Y  F     NAND2_X6M_A9TL        4    73    65    1590 
  u_backbone/gen_tr_lanes[1].u_tr_ln/g6705/Y -       B0->Y R     OAI21_X4M_A9TL        1    99    71    1661 
  u_backbone/gen_tr_lanes[1].u_tr_ln/g6861/Y -       A->Y  F     NAND2XB_X4M_A9TL      1    60    59    1720 
  u_backbone/gen_tr_lanes[1].u_tr_ln/g6692/Y -       B->Y  R     NAND2_X6M_A9TL        2    75    72    1792 
  u_backbone/gen_tr_lanes[1].u_tr_ln/g6682/Y -       A->Y  F     NOR2_X8B_A9TL         5   118    94    1886 
  u_backbone/gen_tr_lanes[1].u_tr_ln/g6680/Y -       A->Y  R     INV_X2M_A9TL          1    68    73    1959 
  u_backbone/gen_tr_lanes[1].u_tr_ln/g6679/Y -       A->Y  F     NOR2_X3A_A9TL         2    70    61    2020 
  u_backbone/gen_tr_lanes[1].u_tr_ln/g6678/Y -       A->Y  R     INV_X2M_A9TL          2    65    66    2087 
  u_backbone/gen_tr_lanes[1].u_tr_ln/g6673/Y -       B0->Y F     OAI21_X2M_A9TL        1    75    70    2157 
  u_backbone/g3021/Y                         -       A0->Y F     AO21B_X4M_A9TL        3   126   139    2296 
  u_backbone/u_post_ln/g9276/Y               -       A->Y  R     INV_X4M_A9TL          4    81    87    2383 
  u_backbone/u_post_ln/g9228/Y               -       B->Y  F     NAND2_X4M_A9TL        2    62    68    2451 
  u_backbone/u_post_ln/g9121/Y               -       A->Y  R     NOR2_X6M_A9TL         3    93    80    2531 
  u_backbone/u_post_ln/g9052/Y               -       B->Y  F     NAND2_X4M_A9TL        3    66    72    2603 
  u_backbone/u_post_ln/g8996/Y               -       A->Y  R     NOR2_X4M_A9TL         2   106    87    2690 
  u_backbone/u_post_ln/g8937/Y               -       A->Y  F     NAND2_X4A_A9TL        3    84    81    2770 
  u_backbone/u_post_ln/g8853/Y               -       A->Y  R     XOR2_X1M_A9TL         1   278   150    2920 
  u_backbone/u_post_ln/g8797/Y               -       A->Y  F     NAND2_X4M_A9TL        1    84    70    2990 
  u_backbone/u_post_ln/g8776/Y               -       C0->Y R     OAI211_X2M_A9TL       1   140    87    3077 
  u_backbone/s2_post_ln_reg_reg[1][6]/D      -       -     R     DFFRPQ_X4M_A9TL       1     -     0    3077 
#------------------------------------------------------------------------------------------------------------



Path 23: MET (1 ps) Setup Check with Pin u_backbone/s2_post_ln_reg_reg[6][5]/CK->D
          Group: reg2reg
     Startpoint: (R) u_backbone/s1_mode_pre_ln_reg/CK
          Clock: (R) clk
       Endpoint: (F) u_backbone/s2_post_ln_reg_reg[6][5]/D
          Clock: (R) clk

                     Capture       Launch     
        Clock Edge:+    3300            0     
       Src Latency:+       0            0     
       Net Latency:+       0 (I)        0 (I) 
           Arrival:=    3300            0     
                                              
             Setup:-     120                  
       Uncertainty:-     125                  
     Required Time:=    3055                  
      Launch Clock:-       0                  
         Data Path:-    3054                  
             Slack:=       1                  

#---------------------------------------------------------------------------------------------------------------
#                Timing Point                  Flags    Arc   Edge       Cell        Fanout Trans Delay Arrival 
#                                                                                            (ps)  (ps)   (ps)  
#---------------------------------------------------------------------------------------------------------------
  u_backbone/s1_mode_pre_ln_reg/CK             -       -      R     (arrival)           362     0     0       0 
  u_backbone/s1_mode_pre_ln_reg/Q              -       CK->Q  F     DFFRPQ_X4M_A9TL       6   107   313     313 
  u_backbone/u_pre_ln/g6464/Y                  -       A->Y   F     BUF_X3M_A9TL          2    61   140     452 
  u_backbone/u_pre_ln/g6463/Y                  -       A->Y   R     INV_X3M_A9TL          2    64    63     516 
  u_backbone/u_pre_ln/g6306/Y                  -       A->Y   R     OR4_X6M_A9TL          3    89   115     630 
  u_backbone/u_pre_ln/g6247/Y                  -       A->Y   F     INV_X4M_A9TL          2    48    55     685 
  u_backbone/u_pre_ln/g6217/Y                  -       A->Y   R     NAND2_X4M_A9TL        2    77    60     745 
  u_backbone/u_pre_ln/g6174/Y                  -       A->Y   F     NAND2XB_X2M_A9TL      1    80    71     817 
  u_backbone/u_pre_ln/g6159/Y                  -       A->Y   F     AND2_X8M_A9TL        11    71   134     950 
  u_backbone/gen_tr_lanes[6].u_tr_ln/g7253/Y   -       B->Y   R     NOR2_X4A_A9TL         3   133   107    1057 
  u_backbone/gen_tr_lanes[6].u_tr_ln/g7229/Y   -       A->Y   R     AND2_X4M_A9TL         4    81   139    1196 
  u_backbone/gen_tr_lanes[6].u_tr_ln/g7219/Y   -       A->Y   F     INV_X2M_A9TL          1    39    45    1241 
  u_backbone/gen_tr_lanes[6].u_tr_ln/g7207/Y   -       B->Y   R     NOR2_X2A_A9TL         1   117    91    1332 
  u_backbone/gen_tr_lanes[6].u_tr_ln/g7202/Y   -       A->Y   R     AND3_X3M_A9TL         2    74   136    1467 
  u_backbone/gen_tr_lanes[6].u_tr_ln/g7188/Y   -       A->Y   F     NAND2_X2A_A9TL        2   111    84    1551 
  u_backbone/gen_tr_lanes[6].u_tr_ln/g7173/Y   -       A->Y   R     NAND2_X3M_A9TL        2   131   108    1660 
  u_backbone/gen_tr_lanes[6].u_tr_ln/g7142/CON -       B->CON F     CGENI_X2M_A9TL        2   133   127    1787 
  u_backbone/gen_tr_lanes[6].u_tr_ln/g7124/Y   -       A->Y   R     NOR2_X3A_A9TL         3   179   149    1936 
  u_backbone/gen_tr_lanes[6].u_tr_ln/g7120/Y   -       B->Y   F     NOR2B_X3M_A9TL        2    91   103    2038 
  u_backbone/gen_tr_lanes[6].u_tr_ln/g7118/Y   -       A->Y   R     NOR2_X3B_A9TL         1    82    79    2118 
  u_backbone/gen_tr_lanes[6].u_tr_ln/g7099/Y   -       B->Y   F     NAND2_X2B_A9TL        1    72    76    2194 
  u_backbone/gen_tr_lanes[6].u_tr_ln/g7094/Y   -       B0N->Y R     AO21B_X2M_A9TL        1    72    61    2254 
  u_backbone/g2773/Y                           -       B0->Y  R     AO1B2_X4M_A9TL        3    96   130    2385 
  u_backbone/u_post_ln/g9261/Y                 -       A->Y   F     INV_X3M_A9TL          2    54    61    2446 
  u_backbone/u_post_ln/g9125/Y                 -       B->Y   R     NAND2_X6M_A9TL        4    94    83    2529 
  u_backbone/u_post_ln/g9056/Y                 -       A->Y   F     NOR2_X8M_A9TL         5    63    64    2593 
  u_backbone/u_post_ln/g8963/Y                 -       A0->Y  R     AOI21_X1M_A9TL        1   182   138    2732 
  u_backbone/u_post_ln/g8850/Y                 -       S0->Y  R     MXIT2_X0P5M_A9TL      1   257   181    2913 
  u_backbone/u_post_ln/g9355/Y                 -       B0->Y  F     OAI2XB1_X1M_A9TL      1   133   142    3054 
  u_backbone/s2_post_ln_reg_reg[6][5]/D        -       -      F     DFFRPQ_X2M_A9TL       1     -     0    3054 
#---------------------------------------------------------------------------------------------------------------



Path 24: MET (1 ps) Setup Check with Pin u_mac/prod_reg_reg[7][16]/CK->D
          Group: reg2reg
     Startpoint: (R) u_mac/mode1_op_reg[0]/CK
          Clock: (R) clk
       Endpoint: (R) u_mac/prod_reg_reg[7][16]/D
          Clock: (R) clk

                     Capture       Launch     
        Clock Edge:+    3300            0     
       Src Latency:+       0            0     
       Net Latency:+       0 (I)        0 (I) 
           Arrival:=    3300            0     
                                              
             Setup:-      88                  
       Uncertainty:-     125                  
     Required Time:=    3087                  
      Launch Clock:-       0                  
         Data Path:-    3086                  
             Slack:=       1                  

#-----------------------------------------------------------------------------------------------------------------------------------
#                          Timing Point                           Flags    Arc    Edge       Cell        Fanout Trans Delay Arrival 
#                                                                                                                (ps)  (ps)   (ps)  
#-----------------------------------------------------------------------------------------------------------------------------------
  u_mac/mode1_op_reg[0]/CK                                        -       -       R     (arrival)           362     0     0       0 
  u_mac/mode1_op_reg[0]/QN                                        -       CK->QN  R     A2DFFQN_X1M_A9TL      2   204   302     302 
  u_mac/g2145/Y                                                   -       B->Y    R     AND2_X8M_A9TL        16   117   179     481 
  u_mac/g2136/Y                                                   -       A->Y    R     AND2_X4M_A9TL        15   164   181     662 
  u_mac/MULT_TC_OP_1_Y_MULT_TC_OP_Y_MULT_UNS_OP_g1173/Y           -       A->Y    R     AND2_X1M_A9TL         1   106   171     833 
  u_mac/MULT_TC_OP_1_Y_MULT_TC_OP_Y_MULT_UNS_OP_cdnfadd_008_2/S   -       CI->S   F     ADDF_X1M_A9TL         1   108   311    1144 
  u_mac/MULT_TC_OP_1_Y_MULT_TC_OP_Y_MULT_UNS_OP_cdnfadd_008_4/CO  -       CI->CO  F     ADDF_X1M_A9TL         1   111   231    1375 
  u_mac/g2931/SUM                                                 -       D->SUM  F     CMPR42_X1M_A9TR       1   133   430    1805 
  u_mac/MULT_TC_OP_1_Y_MULT_TC_OP_Y_MULT_UNS_OP_cdnfadd_009_6/SUM -       CI->SUM R     ADDFH_X1M_A9TL        2   134   280    2085 
  u_mac/MULT_TC_OP_1_Y_MULT_TC_OP_Y_MULT_UNS_OP_g1089/Y           -       A->Y    R     AND2_X2M_A9TL         2    99   158    2243 
  u_mac/MULT_TC_OP_1_Y_MULT_TC_OP_Y_MULT_UNS_OP_g1075/Y           -       B0->Y   F     AOI21_X6M_A9TL        2    61    58    2301 
  u_mac/MULT_TC_OP_1_Y_MULT_TC_OP_Y_MULT_UNS_OP_g1049/Y           -       A0->Y   R     OAI21_X3M_A9TL        1   123   104    2406 
  u_mac/MULT_TC_OP_1_Y_MULT_TC_OP_Y_MULT_UNS_OP_g1042/Y           -       A1->Y   F     AOI21_X4M_A9TL        1    89    92    2498 
  u_mac/MULT_TC_OP_1_Y_MULT_TC_OP_Y_MULT_UNS_OP_g1041/Y           -       A->Y    R     NAND2_X6M_A9TL        4    86    77    2575 
  u_mac/MULT_TC_OP_1_Y_MULT_TC_OP_Y_MULT_UNS_OP_g1224/Y           -       A0->Y   F     AOI2XB1_X2M_A9TL      2   122   105    2679 
  u_mac/MULT_TC_OP_1_Y_MULT_TC_OP_Y_MULT_UNS_OP_g1227/Y           -       A0->Y   R     OAI21B_X3M_A9TL       1   137   127    2807 
  u_mac/MULT_TC_OP_1_Y_MULT_TC_OP_Y_MULT_UNS_OP_g1228/Y           -       A->Y    R     XNOR2_X3M_A9TL        2   174   102    2908 
  u_mac/g2683/Y                                                   -       A0->Y   R     AO22_X1M_A9TL         1    81   178    3086 
  u_mac/prod_reg_reg[7][16]/D                                     -       -       R     DFFQN_X1M_A9TL        1     -     0    3086 
#-----------------------------------------------------------------------------------------------------------------------------------



Path 25: MET (1 ps) Setup Check with Pin u_backbone/s2_post_ln_reg_reg[7][6]/CK->D
          Group: reg2reg
     Startpoint: (R) u_backbone/s1_mode_pre_ln_reg/CK
          Clock: (R) clk
       Endpoint: (F) u_backbone/s2_post_ln_reg_reg[7][6]/D
          Clock: (R) clk

                     Capture       Launch     
        Clock Edge:+    3300            0     
       Src Latency:+       0            0     
       Net Latency:+       0 (I)        0 (I) 
           Arrival:=    3300            0     
                                              
             Setup:-     118                  
       Uncertainty:-     125                  
     Required Time:=    3057                  
      Launch Clock:-       0                  
         Data Path:-    3056                  
             Slack:=       1                  

#-------------------------------------------------------------------------------------------------------------
#               Timing Point                 Flags    Arc   Edge       Cell        Fanout Trans Delay Arrival 
#                                                                                          (ps)  (ps)   (ps)  
#-------------------------------------------------------------------------------------------------------------
  u_backbone/s1_mode_pre_ln_reg/CK           -       -      R     (arrival)           362     0     0       0 
  u_backbone/s1_mode_pre_ln_reg/Q            -       CK->Q  R     DFFRPQ_X4M_A9TL       6   154   341     341 
  u_backbone/u_pre_ln/g6471/Y                -       A->Y   F     INV_X6M_A9TL          2    55    58     399 
  u_backbone/u_pre_ln/g6470/Y                -       A->Y   R     INV_X4M_A9TL          2    61    59     458 
  u_backbone/u_pre_ln/g6418/Y                -       A->Y   R     AND2_X8M_A9TL         6    95   126     584 
  u_backbone/u_pre_ln/g6239/Y                -       A->Y   R     AND4_X4M_A9TL         2    79   127     711 
  u_backbone/u_pre_ln/g6186/Y                -       A->Y   F     NAND2_X8M_A9TL        4    62    62     774 
  u_backbone/u_pre_ln/g6124/Y                -       A->Y   R     INV_X5M_A9TL          4    57    58     832 
  u_backbone/u_pre_ln/g6108/Y                -       A->Y   F     NAND2_X2A_A9TL        2   105    75     907 
  u_backbone/u_pre_ln/g6096/Y                -       A->Y   R     NAND2XB_X1M_A9TL      1   160   129    1036 
  u_backbone/u_pre_ln/g6086/Y                -       A->Y   R     AND2_X6M_A9TL         9   101   159    1195 
  u_backbone/gen_tr_lanes[7].u_tr_ln/g8363/Y -       A0->Y  F     OAI21_X1M_A9TL        1   115   104    1299 
  u_backbone/gen_tr_lanes[7].u_tr_ln/g8328/Y -       A0->Y  R     OAI21_X1P4M_A9TL      1   162   143    1443 
  u_backbone/gen_tr_lanes[7].u_tr_ln/g8434/Y -       A0N->Y F     AO1B2_X2M_A9TL        1   100   106    1549 
  u_backbone/gen_tr_lanes[7].u_tr_ln/g8436/Y -       A0N->Y R     AO1B2_X4M_A9TL        3   105    97    1646 
  u_backbone/gen_tr_lanes[7].u_tr_ln/g8288/Y -       A->Y   F     INV_X4M_A9TL          1    39    44    1689 
  u_backbone/gen_tr_lanes[7].u_tr_ln/g8261/Y -       B->Y   R     MXIT2_X4M_A9TL        2   169    99    1788 
  u_backbone/gen_tr_lanes[7].u_tr_ln/g8256/Y -       A->Y   F     NAND2_X8M_A9TL        6    90    86    1875 
  u_backbone/gen_tr_lanes[7].u_tr_ln/g8242/Y -       S0->Y  R     MXIT2_X3M_A9TL        2   144    92    1967 
  u_backbone/gen_tr_lanes[7].u_tr_ln/g8421/Y -       A->Y   R     OR2_X2M_A9TL          1    57   122    2089 
  u_backbone/gen_tr_lanes[7].u_tr_ln/g8231/Y -       B->Y   F     NAND2_X1P4M_A9TL      1    80    68    2157 
  u_backbone/g2775/Y                         -       B0->Y  F     AO1B2_X4M_A9TL        4   125   146    2303 
  u_backbone/u_post_ln/g9250/Y               -       B->Y   R     NOR2_X6A_A9TL         4   129   122    2425 
  u_backbone/u_post_ln/g9124/Y               -       B->Y   F     NAND2_X6M_A9TL        2    63    76    2501 
  u_backbone/u_post_ln/g9091/Y               -       A->Y   R     INV_X4M_A9TL          3    58    60    2561 
  u_backbone/u_post_ln/g9049/Y               -       B->Y   F     NAND2_X4M_A9TL        3    65    63    2624 
  u_backbone/u_post_ln/g8998/Y               -       B->Y   R     NOR2_X4A_A9TL         3   133   106    2730 
  u_backbone/u_post_ln/g8935/Y               -       A->Y   F     NAND2_X4M_A9TL        2    71    69    2799 
  u_backbone/u_post_ln/g8854/Y               -       A->Y   R     XNOR2_X0P7M_A9TL      1   284   141    2940 
  u_backbone/u_post_ln/g8792/Y               -       A0->Y  F     OAI21_X2M_A9TL        1   109   116    3056 
  u_backbone/s2_post_ln_reg_reg[7][6]/D      -       -      F     DFFRPQ_X1M_A9TL       1     -     0    3056 
#-------------------------------------------------------------------------------------------------------------



Path 26: MET (1 ps) Setup Check with Pin u_backbone/s2_post_ln_reg_reg[3][6]/CK->D
          Group: reg2reg
     Startpoint: (R) u_backbone/s1_mode_pre_ln_reg/CK
          Clock: (R) clk
       Endpoint: (R) u_backbone/s2_post_ln_reg_reg[3][6]/D
          Clock: (R) clk

                     Capture       Launch     
        Clock Edge:+    3300            0     
       Src Latency:+       0            0     
       Net Latency:+       0 (I)        0 (I) 
           Arrival:=    3300            0     
                                              
             Setup:-     110                  
       Uncertainty:-     125                  
     Required Time:=    3065                  
      Launch Clock:-       0                  
         Data Path:-    3064                  
             Slack:=       1                  

#-------------------------------------------------------------------------------------------------------------
#               Timing Point                 Flags    Arc   Edge       Cell        Fanout Trans Delay Arrival 
#                                                                                          (ps)  (ps)   (ps)  
#-------------------------------------------------------------------------------------------------------------
  u_backbone/s1_mode_pre_ln_reg/CK           -       -      R     (arrival)           362     0     0       0 
  u_backbone/s1_mode_pre_ln_reg/Q            -       CK->Q  R     DFFRPQ_X4M_A9TL       6   154   341     341 
  u_backbone/u_pre_ln/g6474/Y                -       A->Y   F     INV_X7P5M_A9TL        2    55    56     398 
  u_backbone/u_pre_ln/g6473/Y                -       A->Y   R     INV_X6B_A9TL          2    43    45     443 
  u_backbone/u_pre_ln/g6420/Y                -       A->Y   R     AND2_X6M_A9TL         6   108   131     573 
  u_backbone/u_pre_ln/g6292/Y                -       A->Y   R     AND3_X8M_A9TL         4    69   122     696 
  u_backbone/u_pre_ln/g6540/Y                -       B->Y   R     XOR2_X3M_A9TL         4   238   158     854 
  u_backbone/gen_tr_lanes[3].u_tr_ln/g8116/Y -       A->Y   R     BUFH_X1P2M_A9TL       4   174   203    1057 
  u_backbone/gen_tr_lanes[3].u_tr_ln/g8144/Y -       B0N->Y R     OAI21B_X1M_A9TL       1   190   191    1248 
  u_backbone/gen_tr_lanes[3].u_tr_ln/g8012/Y -       B->Y   F     NAND3_X2M_A9TL        1   101   110    1358 
  u_backbone/gen_tr_lanes[3].u_tr_ln/g8011/Y -       B0N->Y R     AO21B_X2M_A9TL        1    79    75    1433 
  u_backbone/gen_tr_lanes[3].u_tr_ln/g8007/Y -       A->Y   F     NAND4_X4A_A9TL        1   112    84    1517 
  u_backbone/gen_tr_lanes[3].u_tr_ln/g8002/Y -       A->Y   R     NAND2_X6M_A9TL        5   138   108    1625 
  u_backbone/gen_tr_lanes[3].u_tr_ln/g7995/Y -       B->Y   F     XNOR3_X3M_A9TL        3   105   281    1906 
  u_backbone/gen_tr_lanes[3].u_tr_ln/g7958/Y -       B0->Y  R     AOI21_X6M_A9TL        1   100    98    2004 
  u_backbone/gen_tr_lanes[3].u_tr_ln/g7956/Y -       A->Y   F     NOR2_X8M_A9TL         3    59    61    2065 
  u_backbone/gen_tr_lanes[3].u_tr_ln/g7951/Y -       A->Y   R     NOR2_X6B_A9TL         2    96    82    2147 
  u_backbone/gen_tr_lanes[3].u_tr_ln/g7950/Y -       A->Y   F     INV_X6M_A9TL          2    43    48    2195 
  u_backbone/gen_tr_lanes[3].u_tr_ln/g7946/Y -       A0->Y  R     AOI21_X6M_A9TL        3   114    92    2287 
  u_backbone/gen_tr_lanes[3].u_tr_ln/g2/Y    -       A1N->Y R     OAI2XB1_X3M_A9TL      1   113   169    2456 
  u_backbone/g2925/Y                         -       A->Y   F     NAND2_X2M_A9TL        1    66    65    2522 
  u_backbone/g2772/Y                         -       A->Y   R     NAND2_X2A_A9TL        1    83    59    2581 
  u_backbone/u_post_ln/g9291/Y               -       A->Y   F     INV_X2M_A9TL          2    61    65    2646 
  u_backbone/u_post_ln/g9290/Y               -       A->Y   R     INV_X1P4M_A9TL        3   112    91    2737 
  u_backbone/u_post_ln/g9042/Y               -       A->Y   F     NAND2_X1A_A9TL        1   102    92    2829 
  u_backbone/u_post_ln/g8851/Y               -       B0->Y  F     OA21_X1M_A9TL         1    75   154    2983 
  u_backbone/u_post_ln/g8790/Y               -       C0->Y  R     OAI221_X2M_A9TL       1   165    81    3064 
  u_backbone/s2_post_ln_reg_reg[3][6]/D      -       -      R     DFFRPQ_X2M_A9TL       1     -     0    3064 
#-------------------------------------------------------------------------------------------------------------



Path 27: MET (1 ps) Setup Check with Pin u_backbone/s2_post_ln_reg_reg[2][5]/CK->D
          Group: reg2reg
     Startpoint: (R) u_backbone/s1_vec_in_reg[2][11]/CK
          Clock: (R) clk
       Endpoint: (F) u_backbone/s2_post_ln_reg_reg[2][5]/D
          Clock: (R) clk

                     Capture       Launch     
        Clock Edge:+    3300            0     
       Src Latency:+       0            0     
       Net Latency:+       0 (I)        0 (I) 
           Arrival:=    3300            0     
                                              
             Setup:-     114                  
       Uncertainty:-     125                  
     Required Time:=    3061                  
      Launch Clock:-       0                  
         Data Path:-    3060                  
             Slack:=       1                  

#-------------------------------------------------------------------------------------------------------------
#               Timing Point                 Flags    Arc   Edge       Cell        Fanout Trans Delay Arrival 
#                                                                                          (ps)  (ps)   (ps)  
#-------------------------------------------------------------------------------------------------------------
  u_backbone/s1_vec_in_reg[2][11]/CK         -       -      R     (arrival)           362     0     0       0 
  u_backbone/s1_vec_in_reg[2][11]/Q          -       CK->Q  R     DFFRPQ_X1M_A9TL       4   210   380     380 
  u_backbone/u_pre_ln/g6414/Y                -       A->Y   F     NAND2_X1A_A9TL        2   165   154     534 
  u_backbone/u_pre_ln/g6353/Y                -       A->Y   R     NOR2_X1P4A_A9TL       2   202   172     706 
  u_backbone/u_pre_ln/g6570/Y                -       B->Y   F     NAND3_X2A_A9TL        2   160   154     859 
  u_backbone/u_pre_ln/g6142/Y                -       S0->Y  R     MXT2_X3M_A9TL         9   180   245    1104 
  u_backbone/gen_tr_lanes[2].u_tr_ln/g7602/Y -       A->Y   F     INV_X5M_A9TL          8   106   108    1212 
  u_backbone/gen_tr_lanes[2].u_tr_ln/g7566/Y -       B0->Y  F     AO1B2_X1M_A9TL        1   113   168    1379 
  u_backbone/gen_tr_lanes[2].u_tr_ln/g7533/Y -       A->Y   R     NAND2_X2A_A9TL        1    83    87    1466 
  u_backbone/gen_tr_lanes[2].u_tr_ln/g7634/Y -       A0N->Y F     AO1B2_X4M_A9TL        5   133   110    1577 
  u_backbone/gen_tr_lanes[2].u_tr_ln/g7466/Y -       B->Y   R     NAND2_X4M_A9TL        1    78    91    1668 
  u_backbone/gen_tr_lanes[2].u_tr_ln/g7460/Y -       A->Y   F     NAND2_X4M_A9TL        2    55    56    1724 
  u_backbone/gen_tr_lanes[2].u_tr_ln/g7452/Y -       B->Y   F     AND2_X6M_A9TL         6    67   134    1858 
  u_backbone/gen_tr_lanes[2].u_tr_ln/g7446/Y -       A->Y   R     INV_X4M_A9TL          3    71    71    1928 
  u_backbone/gen_tr_lanes[2].u_tr_ln/g7437/Y -       S0->Y  R     MXIT2_X2M_A9TL        1   164    99    2027 
  u_backbone/gen_tr_lanes[2].u_tr_ln/g7431/Y -       A->Y   F     NAND2_X3A_A9TL        1    80    78    2106 
  u_backbone/gen_tr_lanes[2].u_tr_ln/g7428/Y -       B->Y   R     NAND2_X3A_A9TL        1    57    65    2170 
  u_backbone/g2920/Y                         -       A->Y   F     NAND2_X3A_A9TL        1    76    66    2236 
  u_backbone/g2767/Y                         -       A->Y   R     NAND2_X6M_A9TL        5   111    74    2310 
  u_backbone/u_post_ln/g9375/Y               -       AN->Y  R     NAND2B_X4M_A9TL       2    91   140    2450 
  u_backbone/u_post_ln/g9120/Y               -       A->Y   F     NOR2_X6M_A9TL         3    69    66    2516 
  u_backbone/u_post_ln/g9051/Y               -       B->Y   R     NAND2_X6M_A9TL        3    80    80    2596 
  u_backbone/u_post_ln/g9025/Y               -       A->Y   F     INV_X1M_A9TL          2    88    82    2678 
  u_backbone/u_post_ln/g8968/Y               -       A0->Y  R     AOI21_X2M_A9TL        2   163   138    2816 
  u_backbone/u_post_ln/g8849/Y               -       S0->Y  R     MXIT2_X1M_A9TL        1   166   128    2944 
  u_backbone/u_post_ln/g9357/Y               -       B0->Y  F     OAI2XB1_X1M_A9TL      1   117   116    3060 
  u_backbone/s2_post_ln_reg_reg[2][5]/D      -       -      F     DFFRPQ_X2M_A9TL       1     -     0    3060 
#-------------------------------------------------------------------------------------------------------------



Path 28: MET (1 ps) Setup Check with Pin u_mac/vec_sum_reg_reg[17]/CK->A
          Group: reg2reg
     Startpoint: (R) u_mac/prod_reg_reg[4][1]/CK
          Clock: (R) clk
       Endpoint: (R) u_mac/vec_sum_reg_reg[17]/A
          Clock: (R) clk

                     Capture       Launch     
        Clock Edge:+    3300            0     
       Src Latency:+       0            0     
       Net Latency:+       0 (I)        0 (I) 
           Arrival:=    3300            0     
                                              
             Setup:-     160                  
       Uncertainty:-     125                  
     Required Time:=    3015                  
      Launch Clock:-       0                  
         Data Path:-    3014                  
             Slack:=       1                  

#------------------------------------------------------------------------------------------------------------------------
#                    Timing Point                     Flags    Arc    Edge       Cell         Fanout Trans Delay Arrival 
#                                                                                                     (ps)  (ps)   (ps)  
#------------------------------------------------------------------------------------------------------------------------
  u_mac/prod_reg_reg[4][1]/CK                         -       -       R     (arrival)            528     0     0       0 
  u_mac/prod_reg_reg[4][1]/Q                          -       CK->Q   F     DFFQ_X1M_A9TL          1    83   292     292 
  u_mac/csa_tree_ADD_TC_OP_6_groupi_cdnfadd_001_0/CO  -       B->CO   F     ADDF_X1M_A9TL          1   101   234     526 
  u_mac/csa_tree_ADD_TC_OP_6_groupi_cdnfadd_002_1/S   -       CI->S   R     ADDF_X1M_A9TL          1   114   328     854 
  u_mac/csa_tree_ADD_TC_OP_6_groupi_cdnfadd_002_3/S   -       CI->S   F     ADDF_X1M_A9TL          1    95   302    1157 
  u_mac/csa_tree_ADD_TC_OP_6_groupi_cdnfadd_002_4/SUM -       CI->SUM R     ADDFH_X1M_A9TL         3   163   280    1438 
  u_mac/csa_tree_ADD_TC_OP_6_groupi_g866/Y            -       A0->Y   F     OAI21_X1M_A9TL         1   115   119    1557 
  u_mac/csa_tree_ADD_TC_OP_6_groupi_g863/Y            -       A->Y    R     NAND2_X1P4M_A9TL       2   160   131    1688 
  u_mac/csa_tree_ADD_TC_OP_6_groupi_g851/Y            -       B0->Y   R     AO1B2_X3M_A9TL         3   104   169    1857 
  u_mac/csa_tree_ADD_TC_OP_6_groupi_g842/Y            -       B->Y    F     NAND3_X3M_A9TL         1    91    84    1941 
  u_mac/csa_tree_ADD_TC_OP_6_groupi_g836/Y            -       A->Y    R     NAND3_X4M_A9TL         2   129    93    2035 
  u_mac/csa_tree_ADD_TC_OP_6_groupi_g830/Y            -       A0->Y   F     AOI21_X3M_A9TL         2   114   103    2138 
  u_mac/csa_tree_ADD_TC_OP_6_groupi_g825/Y            -       A0->Y   R     OAI21_X4M_A9TL         4   159   140    2278 
  u_mac/csa_tree_ADD_TC_OP_6_groupi_g823/Y            -       B0->Y   R     AO1B2_X4M_A9TL         3    98   160    2438 
  u_mac/csa_tree_ADD_TC_OP_6_groupi_g817/Y            -       A0->Y   F     AOI21_X4M_A9TL         2    83    81    2519 
  u_mac/csa_tree_ADD_TC_OP_6_groupi_g813/Y            -       A0->Y   R     OAI21_X3M_A9TL         2   150   125    2644 
  u_mac/csa_tree_ADD_TC_OP_6_groupi_g809/Y            -       A0->Y   F     AOI21_X3M_A9TL         3   149   120    2764 
  u_mac/csa_tree_ADD_TC_OP_6_groupi_g805/Y            -       A0->Y   R     OAI21_X2M_A9TL         1   138   134    2898 
  u_mac/csa_tree_ADD_TC_OP_6_groupi_g802/Y            -       A->Y    R     XOR2_X1M_A9TL          1   187   116    3014 
  u_mac/vec_sum_reg_reg[17]/A                         -       -       R     A2DFFQ_X0P5M_A9TL      1     -     0    3014 
#------------------------------------------------------------------------------------------------------------------------



Path 29: MET (1 ps) Setup Check with Pin u_mac/out_dot_reg[19]/CK->D
          Group: reg2reg
     Startpoint: (R) u_mac/vec_sum_reg_reg[1]/CK
          Clock: (R) clk
       Endpoint: (R) u_mac/out_dot_reg[19]/D
          Clock: (R) clk

                     Capture       Launch     
        Clock Edge:+    3300            0     
       Src Latency:+       0            0     
       Net Latency:+       0 (I)        0 (I) 
           Arrival:=    3300            0     
                                              
             Setup:-      87                  
       Uncertainty:-     125                  
     Required Time:=    3088                  
      Launch Clock:-       0                  
         Data Path:-    3087                  
             Slack:=       1                  

#------------------------------------------------------------------------------------------------
#        Timing Point         Flags    Arc   Edge        Cell         Fanout Trans Delay Arrival 
#                                                                             (ps)  (ps)   (ps)  
#------------------------------------------------------------------------------------------------
  u_mac/vec_sum_reg_reg[1]/CK -       -      R     (arrival)             362     0     0       0 
  u_mac/vec_sum_reg_reg[1]/Q  -       CK->Q  R     A2DFFQ_X0P5M_A9TL       3   308   438     438 
  u_mac/add_150_40_g2821/Y    -       B->Y   R     OR2_X3M_A9TL            2    70   190     627 
  u_mac/add_150_40_g2730/Y    -       A1->Y  F     AOI21_X3M_A9TL          2   100    94     721 
  u_mac/add_150_40_g2721/Y    -       A0->Y  R     OAI21_X4M_A9TL          2   122   113     834 
  u_mac/add_150_40_g2717/Y    -       B0->Y  R     AO1B2_X4M_A9TL          3   102   147     981 
  u_mac/add_150_40_g2715/Y    -       A0->Y  F     AOI21_X3M_A9TL          2   127    96    1076 
  u_mac/add_150_40_g2712/Y    -       A0->Y  R     OAI21_X4M_A9TL          2   112   115    1191 
  u_mac/add_150_40_g2862/Y    -       A1N->Y R     OAI2XB1_X1P4M_A9TL      3   282   270    1462 
  u_mac/add_150_40_g2703/Y    -       A->Y   F     NAND4_X2M_A9TL          1   153   133    1595 
  u_mac/add_150_40_g2700/Y    -       A->Y   R     NAND2_X2A_A9TL          3   124   115    1710 
  u_mac/add_150_40_g2695/Y    -       A0->Y  F     AOI21_X2M_A9TL          2   126   109    1819 
  u_mac/add_150_40_g2691/Y    -       A0->Y  R     OAI21_X2M_A9TL          2   165   148    1967 
  u_mac/add_150_40_g2688/Y    -       A0->Y  R     AO21B_X2M_A9TL          4   143   207    2174 
  u_mac/add_150_40_g2687/Y    -       A->Y   F     NAND2_X1A_A9TL          2   151   126    2300 
  u_mac/add_150_40_g2860/Y    -       A1N->Y F     AOI2XB1_X1M_A9TL        2   185   244    2545 
  u_mac/add_150_40_g2664/Y    -       A0->Y  R     OAI21_X1M_A9TL          1   202   187    2732 
  u_mac/add_150_40_g2651/Y    -       A->Y   R     XOR2_X0P7M_A9TL         1   232   157    2889 
  u_mac/g2640/Y               -       B0->Y  R     AO1B2_X1M_A9TL          1   140   198    3087 
  u_mac/out_dot_reg[19]/D     -       -      R     DFFQ_X1M_A9TL           1     -     0    3087 
#------------------------------------------------------------------------------------------------



Path 30: MET (1 ps) Setup Check with Pin u_backbone/s2_post_ln_reg_reg[7][6]/CK->D
          Group: reg2reg
     Startpoint: (R) u_backbone/s1_mode_pre_ln_reg/CK
          Clock: (R) clk
       Endpoint: (F) u_backbone/s2_post_ln_reg_reg[7][6]/D
          Clock: (R) clk

                     Capture       Launch     
        Clock Edge:+    3300            0     
       Src Latency:+       0            0     
       Net Latency:+       0 (I)        0 (I) 
           Arrival:=    3300            0     
                                              
             Setup:-     118                  
       Uncertainty:-     125                  
     Required Time:=    3057                  
      Launch Clock:-       0                  
         Data Path:-    3056                  
             Slack:=       1                  

#-------------------------------------------------------------------------------------------------------------
#               Timing Point                 Flags    Arc   Edge       Cell        Fanout Trans Delay Arrival 
#                                                                                          (ps)  (ps)   (ps)  
#-------------------------------------------------------------------------------------------------------------
  u_backbone/s1_mode_pre_ln_reg/CK           -       -      R     (arrival)           362     0     0       0 
  u_backbone/s1_mode_pre_ln_reg/Q            -       CK->Q  R     DFFRPQ_X4M_A9TL       6   154   341     341 
  u_backbone/u_pre_ln/g6471/Y                -       A->Y   F     INV_X6M_A9TL          2    55    58     399 
  u_backbone/u_pre_ln/g6470/Y                -       A->Y   R     INV_X4M_A9TL          2    61    59     458 
  u_backbone/u_pre_ln/g6418/Y                -       A->Y   R     AND2_X8M_A9TL         6    95   126     584 
  u_backbone/u_pre_ln/g6239/Y                -       A->Y   R     AND4_X4M_A9TL         2    79   127     711 
  u_backbone/u_pre_ln/g6186/Y                -       A->Y   F     NAND2_X8M_A9TL        4    62    62     774 
  u_backbone/u_pre_ln/g6124/Y                -       A->Y   R     INV_X5M_A9TL          4    57    58     832 
  u_backbone/u_pre_ln/g6108/Y                -       A->Y   F     NAND2_X2A_A9TL        2   105    75     907 
  u_backbone/u_pre_ln/g6096/Y                -       A->Y   R     NAND2XB_X1M_A9TL      1   160   129    1036 
  u_backbone/u_pre_ln/g6086/Y                -       A->Y   R     AND2_X6M_A9TL         9   101   159    1195 
  u_backbone/gen_tr_lanes[7].u_tr_ln/g8363/Y -       A0->Y  F     OAI21_X1M_A9TL        1   115   104    1299 
  u_backbone/gen_tr_lanes[7].u_tr_ln/g8328/Y -       A0->Y  R     OAI21_X1P4M_A9TL      1   162   143    1443 
  u_backbone/gen_tr_lanes[7].u_tr_ln/g8434/Y -       A0N->Y F     AO1B2_X2M_A9TL        1   100   106    1549 
  u_backbone/gen_tr_lanes[7].u_tr_ln/g8436/Y -       A0N->Y R     AO1B2_X4M_A9TL        3   105    97    1646 
  u_backbone/gen_tr_lanes[7].u_tr_ln/g8288/Y -       A->Y   F     INV_X4M_A9TL          1    39    44    1689 
  u_backbone/gen_tr_lanes[7].u_tr_ln/g8261/Y -       B->Y   R     MXIT2_X4M_A9TL        2   169    99    1788 
  u_backbone/gen_tr_lanes[7].u_tr_ln/g8256/Y -       A->Y   F     NAND2_X8M_A9TL        6    90    86    1875 
  u_backbone/gen_tr_lanes[7].u_tr_ln/g8251/Y -       A->Y   R     INV_X3M_A9TL          1    55    60    1934 
  u_backbone/gen_tr_lanes[7].u_tr_ln/g8246/Y -       A->Y   F     NAND2_X4M_A9TL        2    75    55    1989 
  u_backbone/gen_tr_lanes[7].u_tr_ln/g8244/Y -       A->Y   R     NAND2_X2M_A9TL        1    86    70    2059 
  u_backbone/gen_tr_lanes[7].u_tr_ln/g8238/Y -       A->Y   F     NAND3_X2M_A9TL        1    87    76    2136 
  u_backbone/gen_tr_lanes[7].u_tr_ln/g8233/Y -       A->Y   R     NAND2_X2A_A9TL        1    60    64    2200 
  u_backbone/gen_tr_lanes[7].u_tr_ln/g8435/Y -       B0N->Y F     AO21B_X2M_A9TL        1    78    68    2268 
  u_backbone/g2928/Y                         -       A->Y   R     NAND2_X3A_A9TL        1    66    68    2336 
  u_backbone/g2774/Y                         -       A->Y   F     NAND2_X6M_A9TL        4    92    56    2391 
  u_backbone/u_post_ln/g9256/Y               -       A->Y   R     INV_X4M_A9TL          1    53    58    2449 
  u_backbone/u_post_ln/g9124/Y               -       A->Y   F     NAND2_X6M_A9TL        2    63    52    2501 
  u_backbone/u_post_ln/g9091/Y               -       A->Y   R     INV_X4M_A9TL          3    58    60    2561 
  u_backbone/u_post_ln/g9049/Y               -       B->Y   F     NAND2_X4M_A9TL        3    65    63    2624 
  u_backbone/u_post_ln/g8998/Y               -       B->Y   R     NOR2_X4A_A9TL         3   133   106    2730 
  u_backbone/u_post_ln/g8935/Y               -       A->Y   F     NAND2_X4M_A9TL        2    71    69    2799 
  u_backbone/u_post_ln/g8854/Y               -       A->Y   R     XNOR2_X0P7M_A9TL      1   284   141    2940 
  u_backbone/u_post_ln/g8792/Y               -       A0->Y  F     OAI21_X2M_A9TL        1   109   116    3056 
  u_backbone/s2_post_ln_reg_reg[7][6]/D      -       -      F     DFFRPQ_X1M_A9TL       1     -     0    3056 
#-------------------------------------------------------------------------------------------------------------



Path 31: MET (1 ps) Setup Check with Pin u_mac/vec_sum_reg_reg[17]/CK->A
          Group: reg2reg
     Startpoint: (R) u_mac/prod_reg_reg[5][0]/CK
          Clock: (R) clk
       Endpoint: (R) u_mac/vec_sum_reg_reg[17]/A
          Clock: (R) clk

                     Capture       Launch     
        Clock Edge:+    3300            0     
       Src Latency:+       0            0     
       Net Latency:+       0 (I)        0 (I) 
           Arrival:=    3300            0     
                                              
             Setup:-     160                  
       Uncertainty:-     125                  
     Required Time:=    3015                  
      Launch Clock:-       0                  
         Data Path:-    3014                  
             Slack:=       1                  

#---------------------------------------------------------------------------------------------------------------------
#                   Timing Point                    Flags    Arc   Edge       Cell         Fanout Trans Delay Arrival 
#                                                                                                  (ps)  (ps)   (ps)  
#---------------------------------------------------------------------------------------------------------------------
  u_mac/prod_reg_reg[5][0]/CK                       -       -      R     (arrival)            528     0     0       0 
  u_mac/prod_reg_reg[5][0]/Q                        -       CK->Q  F     DFFQ_X1M_A9TL          1    83   292     292 
  u_mac/csa_tree_ADD_TC_OP_6_groupi_cdnfadd_000_0/S -       A->S   R     ADDF_X1M_A9TL          1   130   348     640 
  u_mac/csa_tree_ADD_TC_OP_6_groupi_cdnfadd_000_1/S -       B->S   F     ADDF_X1M_A9TL          1   108   317     958 
  u_mac/csa_tree_ADD_TC_OP_6_groupi_g917/CO         -       CI->CO F     ADDF_X1M_A9TL          1   112   231    1189 
  u_mac/csa_tree_ADD_TC_OP_6_groupi_g915/CO         -       A->CO  F     ADDF_X1M_A9TL          2   108   248    1437 
  u_mac/csa_tree_ADD_TC_OP_6_groupi_g866/Y          -       B0->Y  R     OAI21_X1M_A9TL         1   177   119    1556 
  u_mac/csa_tree_ADD_TC_OP_6_groupi_g863/Y          -       A->Y   F     NAND2_X1P4M_A9TL       2   131   119    1675 
  u_mac/csa_tree_ADD_TC_OP_6_groupi_g851/Y          -       B0->Y  F     AO1B2_X3M_A9TL         3    99   161    1836 
  u_mac/csa_tree_ADD_TC_OP_6_groupi_g842/Y          -       B->Y   R     NAND3_X3M_A9TL         1   114   101    1937 
  u_mac/csa_tree_ADD_TC_OP_6_groupi_g836/Y          -       A->Y   F     NAND3_X4M_A9TL         2    94    84    2020 
  u_mac/csa_tree_ADD_TC_OP_6_groupi_g830/Y          -       A0->Y  R     AOI21_X3M_A9TL         2   161   138    2158 
  u_mac/csa_tree_ADD_TC_OP_6_groupi_g825/Y          -       A0->Y  F     OAI21_X4M_A9TL         4   120   109    2267 
  u_mac/csa_tree_ADD_TC_OP_6_groupi_g823/Y          -       B0->Y  F     AO1B2_X4M_A9TL         3   112   152    2419 
  u_mac/csa_tree_ADD_TC_OP_6_groupi_g817/Y          -       A0->Y  R     AOI21_X4M_A9TL         2   128   122    2541 
  u_mac/csa_tree_ADD_TC_OP_6_groupi_g813/Y          -       A0->Y  F     OAI21_X3M_A9TL         2   112    98    2639 
  u_mac/csa_tree_ADD_TC_OP_6_groupi_g809/Y          -       A0->Y  R     AOI21_X3M_A9TL         3   201   161    2800 
  u_mac/csa_tree_ADD_TC_OP_6_groupi_g805/Y          -       A0->Y  F     OAI21_X2M_A9TL         1   107   108    2909 
  u_mac/csa_tree_ADD_TC_OP_6_groupi_g802/Y          -       A->Y   R     XOR2_X1M_A9TL          1   187   105    3014 
  u_mac/vec_sum_reg_reg[17]/A                       -       -      R     A2DFFQ_X0P5M_A9TL      1     -     0    3014 
#---------------------------------------------------------------------------------------------------------------------



Path 32: MET (1 ps) Setup Check with Pin u_backbone/s2_post_ln_reg_reg[7][6]/CK->D
          Group: reg2reg
     Startpoint: (R) u_backbone/s1_mode_pre_ln_reg/CK
          Clock: (R) clk
       Endpoint: (F) u_backbone/s2_post_ln_reg_reg[7][6]/D
          Clock: (R) clk

                     Capture       Launch     
        Clock Edge:+    3300            0     
       Src Latency:+       0            0     
       Net Latency:+       0 (I)        0 (I) 
           Arrival:=    3300            0     
                                              
             Setup:-     118                  
       Uncertainty:-     125                  
     Required Time:=    3057                  
      Launch Clock:-       0                  
         Data Path:-    3056                  
             Slack:=       1                  

#------------------------------------------------------------------------------------------------------------
#               Timing Point                 Flags   Arc   Edge       Cell        Fanout Trans Delay Arrival 
#                                                                                         (ps)  (ps)   (ps)  
#------------------------------------------------------------------------------------------------------------
  u_backbone/s1_mode_pre_ln_reg/CK           -       -     R     (arrival)           362     0     0       0 
  u_backbone/s1_mode_pre_ln_reg/Q            -       CK->Q F     DFFRPQ_X4M_A9TL       6   107   313     313 
  u_backbone/u_pre_ln/g6464/Y                -       A->Y  F     BUF_X3M_A9TL          2    61   140     452 
  u_backbone/u_pre_ln/g6463/Y                -       A->Y  R     INV_X3M_A9TL          2    64    63     516 
  u_backbone/u_pre_ln/g6379/Y                -       A->Y  R     AND2_X3M_A9TL         1    75   117     632 
  u_backbone/u_pre_ln/g6361/Y                -       B->Y  F     NOR2_X8M_A9TL         5    62    68     700 
  u_backbone/gen_tr_lanes[7].u_tr_ln/g8395/Y -       A->Y  R     INV_X5M_A9TL          3    52    54     754 
  u_backbone/gen_tr_lanes[7].u_tr_ln/g8355/Y -       A->Y  F     NAND2_X2A_A9TL        2   104    77     831 
  u_backbone/gen_tr_lanes[7].u_tr_ln/g8343/Y -       B->Y  R     NAND3_X2M_A9TL        1   102   103     934 
  u_backbone/gen_tr_lanes[7].u_tr_ln/g8322/Y -       A->Y  F     NAND3_X2M_A9TL        1   114    94    1028 
  u_backbone/gen_tr_lanes[7].u_tr_ln/g8437/Y -       A0->Y R     AOI211_X4M_A9TL       1   146   154    1182 
  u_backbone/gen_tr_lanes[7].u_tr_ln/g8298/Y -       B->Y  F     NAND2_X4M_A9TL        1    54    66    1248 
  u_backbone/gen_tr_lanes[7].u_tr_ln/g8292/Y -       A->Y  R     NAND3_X4M_A9TL        2   111    76    1325 
  u_backbone/gen_tr_lanes[7].u_tr_ln/g8287/Y -       B->Y  F     NAND2_X3A_A9TL        1    78    81    1406 
  u_backbone/gen_tr_lanes[7].u_tr_ln/g8427/Y -       B->Y  R     NAND2B_X6M_A9TL       4   122   104    1510 
  u_backbone/gen_tr_lanes[7].u_tr_ln/g8283/Y -       A->Y  F     INV_X3M_A9TL          3    74    78    1588 
  u_backbone/gen_tr_lanes[7].u_tr_ln/g8275/Y -       B->Y  R     MXIT2_X2M_A9TL        2   165   112    1700 
  u_backbone/gen_tr_lanes[7].u_tr_ln/g8272/Y -       A->Y  F     INV_X1M_A9TL          2    97   102    1803 
  u_backbone/gen_tr_lanes[7].u_tr_ln/g8260/Y -       B->Y  F     MXT2_X1M_A9TL         2   132   219    2022 
  u_backbone/gen_tr_lanes[7].u_tr_ln/g8252/Y -       A->Y  R     NOR2_X4A_A9TL         2   133   120    2141 
  u_backbone/gen_tr_lanes[7].u_tr_ln/g8228/Y -       A1->Y F     AOI21_X6M_A9TL        3    77    89    2230 
  u_backbone/gen_tr_lanes[7].u_tr_ln/g8426/Y -       A0->Y R     OAI2XB1_X2M_A9TL      1   110   102    2332 
  u_backbone/gen_tr_lanes[7].u_tr_ln/g8222/Y -       B0->Y F     OAI21_X1P4M_A9TL      1   100    96    2428 
  u_backbone/g2/Y                            -       A->Y  R     NAND2_X2A_A9TL        1   101    81    2508 
  u_backbone/g2741/Y                         -       A->Y  F     NAND2_X4B_A9TL        5   136   101    2609 
  u_backbone/u_post_ln/g8998/Y               -       A->Y  R     NOR2_X4A_A9TL         3   133   120    2730 
  u_backbone/u_post_ln/g8935/Y               -       A->Y  F     NAND2_X4M_A9TL        2    71    69    2799 
  u_backbone/u_post_ln/g8854/Y               -       A->Y  R     XNOR2_X0P7M_A9TL      1   284   141    2940 
  u_backbone/u_post_ln/g8792/Y               -       A0->Y F     OAI21_X2M_A9TL        1   109   116    3056 
  u_backbone/s2_post_ln_reg_reg[7][6]/D      -       -     F     DFFRPQ_X1M_A9TL       1     -     0    3056 
#------------------------------------------------------------------------------------------------------------



Path 33: MET (1 ps) Setup Check with Pin u_backbone/s2_post_ln_reg_reg[3][5]/CK->D
          Group: reg2reg
     Startpoint: (R) u_backbone/s1_mode_pre_ln_reg/CK
          Clock: (R) clk
       Endpoint: (F) u_backbone/s2_post_ln_reg_reg[3][5]/D
          Clock: (R) clk

                     Capture       Launch     
        Clock Edge:+    3300            0     
       Src Latency:+       0            0     
       Net Latency:+       0 (I)        0 (I) 
           Arrival:=    3300            0     
                                              
             Setup:-     114                  
       Uncertainty:-     125                  
     Required Time:=    3061                  
      Launch Clock:-       0                  
         Data Path:-    3060                  
             Slack:=       1                  

#-------------------------------------------------------------------------------------------------------------
#               Timing Point                 Flags   Arc   Edge       Cell         Fanout Trans Delay Arrival 
#                                                                                          (ps)  (ps)   (ps)  
#-------------------------------------------------------------------------------------------------------------
  u_backbone/s1_mode_pre_ln_reg/CK           -       -     R     (arrival)            362     0     0       0 
  u_backbone/s1_mode_pre_ln_reg/Q            -       CK->Q R     DFFRPQ_X4M_A9TL        6   154   341     341 
  u_backbone/u_pre_ln/g6474/Y                -       A->Y  F     INV_X7P5M_A9TL         2    55    56     398 
  u_backbone/u_pre_ln/g6473/Y                -       A->Y  R     INV_X6B_A9TL           2    43    45     443 
  u_backbone/u_pre_ln/g6420/Y                -       A->Y  R     AND2_X6M_A9TL          6   108   131     573 
  u_backbone/u_pre_ln/g6313/Y                -       A->Y  F     NAND2_X1P4M_A9TL       1    77    75     648 
  u_backbone/u_pre_ln/g6561/Y                -       A->Y  R     NAND2XB_X2M_A9TL       1    99    83     732 
  u_backbone/u_pre_ln/g6212/Y                -       B->Y  R     AND2_X6M_A9TL          6    84   139     870 
  u_backbone/gen_tr_lanes[3].u_tr_ln/g8122/Y -       A->Y  F     INV_X5M_A9TL           5    48    54     925 
  u_backbone/gen_tr_lanes[3].u_tr_ln/g8024/Y -       A2->Y R     AOI31_X3M_A9TL         1   135   130    1054 
  u_backbone/gen_tr_lanes[3].u_tr_ln/g8023/Y -       A->Y  F     NOR2_X4M_A9TL          1    70    70    1124 
  u_backbone/gen_tr_lanes[3].u_tr_ln/g8018/Y -       A->Y  R     NAND2_X4M_A9TL         1    80    67    1191 
  u_backbone/gen_tr_lanes[3].u_tr_ln/g8014/Y -       A->Y  F     NAND3_X6M_A9TL         1    59    54    1245 
  u_backbone/gen_tr_lanes[3].u_tr_ln/g8009/Y -       A->Y  R     NAND2_X4M_A9TL         1    68    57    1303 
  u_backbone/gen_tr_lanes[3].u_tr_ln/g8005/Y -       A->Y  F     NAND2_X3A_A9TL         2    80    74    1376 
  u_backbone/gen_tr_lanes[3].u_tr_ln/g8001/Y -       B->Y  R     NAND2_X4A_A9TL         1    67    72    1448 
  u_backbone/gen_tr_lanes[3].u_tr_ln/g8000/Y -       B->Y  F     NAND2_X8M_A9TL         3    80    62    1511 
  u_backbone/gen_tr_lanes[3].u_tr_ln/g7998/Y -       A->Y  R     INV_X6M_A9TL           3    53    57    1568 
  u_backbone/gen_tr_lanes[3].u_tr_ln/g7992/Y -       A->Y  F     NAND4_X4A_A9TL         2   120    80    1649 
  u_backbone/gen_tr_lanes[3].u_tr_ln/g7984/Y -       A->Y  R     NAND2_X4M_A9TL         1    83    88    1737 
  u_backbone/gen_tr_lanes[3].u_tr_ln/g7981/Y -       B->Y  F     NAND2_X6M_A9TL         2    68    64    1800 
  u_backbone/gen_tr_lanes[3].u_tr_ln/g7972/Y -       B->Y  R     NAND2_X8M_A9TL         5   104    92    1893 
  u_backbone/gen_tr_lanes[3].u_tr_ln/g7962/Y -       A->Y  F     NOR2XB_X4M_A9TL        1    83    77    1970 
  u_backbone/gen_tr_lanes[3].u_tr_ln/g7956/Y -       B->Y  R     NOR2_X8M_A9TL          3    81    88    2058 
  u_backbone/gen_tr_lanes[3].u_tr_ln/g7951/Y -       A->Y  F     NOR2_X6B_A9TL          2    93    83    2141 
  u_backbone/gen_tr_lanes[3].u_tr_ln/g7950/Y -       A->Y  R     INV_X6M_A9TL           2    56    61    2202 
  u_backbone/gen_tr_lanes[3].u_tr_ln/g7949/Y -       A->Y  F     NAND2_X4M_A9TL         1    54    44    2246 
  u_backbone/gen_tr_lanes[3].u_tr_ln/g7942/Y -       B->Y  R     NAND3XXB_X4M_A9TL      1    86    70    2316 
  u_backbone/g2777/Y                         -       B0->Y R     AO1B2_X4M_A9TL         3    97   134    2450 
  u_backbone/u_post_ln/g9283/Y               -       A->Y  F     INV_X3M_A9TL           2    54    61    2511 
  u_backbone/u_post_ln/g9053/Y               -       B->Y  R     NAND2_X6M_A9TL         3    81    76    2587 
  u_backbone/u_post_ln/g9027/Y               -       A->Y  F     INV_X1M_A9TL           2    88    82    2669 
  u_backbone/u_post_ln/g9369/Y               -       A0->Y R     AOI21B_X2M_A9TL        2   170   146    2814 
  u_backbone/u_post_ln/g8847/Y               -       S0->Y R     MXIT2_X1M_A9TL         1   165   130    2945 
  u_backbone/u_post_ln/g9356/Y               -       B0->Y F     OAI2XB1_X1M_A9TL       1   116   115    3060 
  u_backbone/s2_post_ln_reg_reg[3][5]/D      -       -     F     DFFRPQ_X2M_A9TL        1     -     0    3060 
#-------------------------------------------------------------------------------------------------------------



Path 34: MET (1 ps) Setup Check with Pin u_backbone/s2_post_ln_reg_reg[5][7]/CK->D
          Group: reg2reg
     Startpoint: (R) u_backbone/s1_mode_pre_ln_reg/CK
          Clock: (R) clk
       Endpoint: (R) u_backbone/s2_post_ln_reg_reg[5][7]/D
          Clock: (R) clk

                     Capture       Launch     
        Clock Edge:+    3300            0     
       Src Latency:+       0            0     
       Net Latency:+       0 (I)        0 (I) 
           Arrival:=    3300            0     
                                              
             Setup:-      99                  
       Uncertainty:-     125                  
     Required Time:=    3076                  
      Launch Clock:-       0                  
         Data Path:-    3075                  
             Slack:=       1                  

#-------------------------------------------------------------------------------------------------------------
#               Timing Point                 Flags    Arc   Edge       Cell        Fanout Trans Delay Arrival 
#                                                                                          (ps)  (ps)   (ps)  
#-------------------------------------------------------------------------------------------------------------
  u_backbone/s1_mode_pre_ln_reg/CK           -       -      R     (arrival)           362     0     0       0 
  u_backbone/s1_mode_pre_ln_reg/Q            -       CK->Q  R     DFFRPQ_X4M_A9TL       6   154   341     341 
  u_backbone/u_pre_ln/g6471/Y                -       A->Y   F     INV_X6M_A9TL          2    55    58     399 
  u_backbone/u_pre_ln/g6415/Y                -       A->Y   R     NOR2_X6A_A9TL         2    86    76     475 
  u_backbone/u_pre_ln/g6318/Y                -       A->Y   F     NAND2_X4M_A9TL        2    60    61     536 
  u_backbone/u_pre_ln/g6255/Y                -       A->Y   R     NAND2XB_X2M_A9TL      1    83    67     603 
  u_backbone/u_pre_ln/g6236/Y                -       B->Y   R     AND2_X3M_A9TL         2    73   123     726 
  u_backbone/gen_tr_lanes[5].u_tr_ln/g7723/Y -       A->Y   F     INV_X4M_A9TL          3    40    46     772 
  u_backbone/gen_tr_lanes[5].u_tr_ln/g7722/Y -       A->Y   F     BUF_X3M_A9TL          5    78   125     896 
  u_backbone/gen_tr_lanes[5].u_tr_ln/g7718/Y -       A->Y   R     INV_X2M_A9TL          3   130   106    1002 
  u_backbone/gen_tr_lanes[5].u_tr_ln/g7683/Y -       B->Y   F     MXIT2_X2M_A9TL        1    71    86    1088 
  u_backbone/gen_tr_lanes[5].u_tr_ln/g7655/Y -       BN->Y  F     NAND2XB_X2M_A9TL      1    65   135    1223 
  u_backbone/gen_tr_lanes[5].u_tr_ln/g7638/Y -       A->Y   R     NAND2_X2M_A9TL        1    88    69    1292 
  u_backbone/gen_tr_lanes[5].u_tr_ln/g7625/Y -       C->Y   F     NAND4_X2A_A9TL        1   129   123    1415 
  u_backbone/gen_tr_lanes[5].u_tr_ln/g7603/Y -       A->Y   F     AND2_X4M_A9TL         2    51   137    1552 
  u_backbone/gen_tr_lanes[5].u_tr_ln/g7596/Y -       B->Y   R     NAND2_X3M_A9TL        1    76    70    1622 
  u_backbone/gen_tr_lanes[5].u_tr_ln/g7582/Y -       A0->Y  F     AOI21_X4M_A9TL        2   100    80    1702 
  u_backbone/gen_tr_lanes[5].u_tr_ln/g7573/Y -       B->Y   R     NAND2_X6M_A9TL        2    85    91    1793 
  u_backbone/gen_tr_lanes[5].u_tr_ln/g7561/Y -       B->Y   F     NAND2_X8M_A9TL        2    74    60    1853 
  u_backbone/gen_tr_lanes[5].u_tr_ln/g7557/Y -       A->Y   R     INV_X7P5M_A9TL        5    62    64    1917 
  u_backbone/gen_tr_lanes[5].u_tr_ln/g7555/Y -       A->Y   R     AND2_X6M_A9TL         3    68   111    2028 
  u_backbone/gen_tr_lanes[5].u_tr_ln/g7549/Y -       A->Y   F     NOR2_X3A_A9TL         1    79    63    2091 
  u_backbone/gen_tr_lanes[5].u_tr_ln/g7542/Y -       A0->Y  R     OAI21_X6M_A9TL        1    89    88    2179 
  u_backbone/gen_tr_lanes[5].u_tr_ln/g7538/Y -       B->Y   F     NAND2_X4A_A9TL        1    52    61    2240 
  u_backbone/g2922/Y                         -       A->Y   R     NAND2_X3A_A9TL        1    66    58    2298 
  u_backbone/g2755/Y                         -       A->Y   F     NAND2_X6M_A9TL        3    85    51    2349 
  u_backbone/u_post_ln/g9264/Y               -       A->Y   R     INV_X4M_A9TL          3    63    67    2416 
  u_backbone/u_post_ln/g9118/Y               -       B->Y   F     NAND2_X4B_A9TL        3   100    84    2500 
  u_backbone/u_post_ln/g9055/Y               -       A->Y   R     NOR2_X8B_A9TL         4    88    85    2585 
  u_backbone/u_post_ln/g8966/Y               -       A0->Y  F     AOI21_X3M_A9TL        2   102    92    2677 
  u_backbone/u_post_ln/g8897/Y               -       B0->Y  R     AOI2XB1_X4M_A9TL      2   134   117    2795 
  u_backbone/u_post_ln/g9379/Y               -       A0N->Y F     AO1B2_X4M_A9TL        2    70    78    2873 
  u_backbone/u_post_ln/g8821/Y               -       A->Y   R     NOR2_X2A_A9TL         1    84    76    2948 
  u_backbone/u_post_ln/g8778/Y               -       B0N->Y R     OAI21B_X2M_A9TL       1   108   126    3075 
  u_backbone/s2_post_ln_reg_reg[5][7]/D      -       -      R     DFFRPQ_X2M_A9TL       1     -     0    3075 
#-------------------------------------------------------------------------------------------------------------



Path 35: MET (1 ps) Setup Check with Pin u_backbone/s2_post_ln_reg_reg[3][5]/CK->D
          Group: reg2reg
     Startpoint: (R) u_backbone/s1_mode_pre_ln_reg/CK
          Clock: (R) clk
       Endpoint: (F) u_backbone/s2_post_ln_reg_reg[3][5]/D
          Clock: (R) clk

                     Capture       Launch     
        Clock Edge:+    3300            0     
       Src Latency:+       0            0     
       Net Latency:+       0 (I)        0 (I) 
           Arrival:=    3300            0     
                                              
             Setup:-     114                  
       Uncertainty:-     125                  
     Required Time:=    3061                  
      Launch Clock:-       0                  
         Data Path:-    3060                  
             Slack:=       1                  

#------------------------------------------------------------------------------------------------------------
#               Timing Point                 Flags   Arc   Edge       Cell        Fanout Trans Delay Arrival 
#                                                                                         (ps)  (ps)   (ps)  
#------------------------------------------------------------------------------------------------------------
  u_backbone/s1_mode_pre_ln_reg/CK           -       -     R     (arrival)           362     0     0       0 
  u_backbone/s1_mode_pre_ln_reg/Q            -       CK->Q F     DFFRPQ_X4M_A9TL       6   107   313     313 
  u_backbone/u_pre_ln/g6474/Y                -       A->Y  R     INV_X7P5M_A9TL        2    60    65     378 
  u_backbone/u_pre_ln/g6473/Y                -       A->Y  F     INV_X6B_A9TL          2    47    50     428 
  u_backbone/u_pre_ln/g6420/Y                -       A->Y  F     AND2_X6M_A9TL         6    79   128     557 
  u_backbone/u_pre_ln/g6313/Y                -       A->Y  R     NAND2_X1P4M_A9TL      1    99    85     642 
  u_backbone/u_pre_ln/g6561/Y                -       A->Y  F     NAND2XB_X2M_A9TL      1    72    70     712 
  u_backbone/u_pre_ln/g6212/Y                -       B->Y  F     AND2_X6M_A9TL         6    64   139     851 
  u_backbone/gen_tr_lanes[3].u_tr_ln/g8106/Y -       B->Y  R     NOR2_X4A_A9TL         4   127   108     959 
  u_backbone/gen_tr_lanes[3].u_tr_ln/g8075/Y -       A->Y  F     NAND2_X2A_A9TL        4   132   115    1073 
  u_backbone/gen_tr_lanes[3].u_tr_ln/g8053/Y -       A0->Y R     OAI22_X1M_A9TL        1   197   166    1239 
  u_backbone/gen_tr_lanes[3].u_tr_ln/g8153/Y -       A0->Y R     AO21B_X2M_A9TL        1    94   182    1421 
  u_backbone/gen_tr_lanes[3].u_tr_ln/g8015/Y -       A->Y  F     NAND4_X4A_A9TL        2   137    99    1520 
  u_backbone/gen_tr_lanes[3].u_tr_ln/g8008/Y -       C->Y  R     NAND3_X4M_A9TL        1   105   120    1640 
  u_backbone/gen_tr_lanes[3].u_tr_ln/g7989/Y -       A0->Y F     AOI21_X4M_A9TL        2   119    88    1728 
  u_backbone/gen_tr_lanes[3].u_tr_ln/g7981/Y -       A->Y  R     NAND2_X6M_A9TL        2    82    87    1815 
  u_backbone/gen_tr_lanes[3].u_tr_ln/g7972/Y -       B->Y  F     NAND2_X8M_A9TL        5    97    75    1890 
  u_backbone/gen_tr_lanes[3].u_tr_ln/g7959/Y -       S0->Y F     MXIT2_X3M_A9TL        2    97    99    1988 
  u_backbone/gen_tr_lanes[3].u_tr_ln/g8134/Y -       A->Y  F     OR2_X2M_A9TL          1    49   124    2113 
  u_backbone/gen_tr_lanes[3].u_tr_ln/g7948/Y -       B->Y  R     NAND2_X2M_A9TL        1    77    71    2183 
  u_backbone/g2781/Y                         -       B0->Y R     AO1B2_X4M_A9TL        5   114   145    2328 
  u_backbone/u_post_ln/g9269/Y               -       A->Y  F     INV_X3M_A9TL          1    46    51    2379 
  u_backbone/u_post_ln/g9227/Y               -       A->Y  R     NAND2_X4M_A9TL        2    89    70    2448 
  u_backbone/u_post_ln/g9123/Y               -       A->Y  F     NOR2_X6M_A9TL         3    69    66    2514 
  u_backbone/u_post_ln/g9053/Y               -       A->Y  R     NAND2_X6M_A9TL        3    81    73    2587 
  u_backbone/u_post_ln/g9027/Y               -       A->Y  F     INV_X1M_A9TL          2    88    82    2669 
  u_backbone/u_post_ln/g9369/Y               -       A0->Y R     AOI21B_X2M_A9TL       2   170   146    2814 
  u_backbone/u_post_ln/g8847/Y               -       S0->Y R     MXIT2_X1M_A9TL        1   165   130    2944 
  u_backbone/u_post_ln/g9356/Y               -       B0->Y F     OAI2XB1_X1M_A9TL      1   116   115    3060 
  u_backbone/s2_post_ln_reg_reg[3][5]/D      -       -     F     DFFRPQ_X2M_A9TL       1     -     0    3060 
#------------------------------------------------------------------------------------------------------------



Path 36: MET (1 ps) Setup Check with Pin u_backbone/s2_post_ln_reg_reg[3][5]/CK->D
          Group: reg2reg
     Startpoint: (R) u_backbone/s1_mode_pre_ln_reg/CK
          Clock: (R) clk
       Endpoint: (F) u_backbone/s2_post_ln_reg_reg[3][5]/D
          Clock: (R) clk

                     Capture       Launch     
        Clock Edge:+    3300            0     
       Src Latency:+       0            0     
       Net Latency:+       0 (I)        0 (I) 
           Arrival:=    3300            0     
                                              
             Setup:-     114                  
       Uncertainty:-     125                  
     Required Time:=    3061                  
      Launch Clock:-       0                  
         Data Path:-    3060                  
             Slack:=       1                  

#-------------------------------------------------------------------------------------------------------------
#               Timing Point                 Flags   Arc   Edge       Cell         Fanout Trans Delay Arrival 
#                                                                                          (ps)  (ps)   (ps)  
#-------------------------------------------------------------------------------------------------------------
  u_backbone/s1_mode_pre_ln_reg/CK           -       -     R     (arrival)            362     0     0       0 
  u_backbone/s1_mode_pre_ln_reg/Q            -       CK->Q R     DFFRPQ_X4M_A9TL        6   154   341     341 
  u_backbone/u_pre_ln/g6474/Y                -       A->Y  F     INV_X7P5M_A9TL         2    55    56     398 
  u_backbone/u_pre_ln/g6473/Y                -       A->Y  R     INV_X6B_A9TL           2    43    45     443 
  u_backbone/u_pre_ln/g6420/Y                -       A->Y  R     AND2_X6M_A9TL          6   108   131     573 
  u_backbone/u_pre_ln/g6541/Y                -       A->Y  R     XOR2_X4M_A9TL          8   303   159     733 
  u_backbone/gen_tr_lanes[3].u_tr_ln/g8092/Y -       A->Y  F     NOR2XB_X3M_A9TL        2   119   128     860 
  u_backbone/gen_tr_lanes[3].u_tr_ln/g8069/Y -       A->Y  R     NAND2XB_X2M_A9TL       1    97    97     957 
  u_backbone/gen_tr_lanes[3].u_tr_ln/g8024/Y -       A1->Y F     AOI31_X3M_A9TL         1    94   100    1058 
  u_backbone/gen_tr_lanes[3].u_tr_ln/g8023/Y -       A->Y  R     NOR2_X4M_A9TL          1    83    81    1138 
  u_backbone/gen_tr_lanes[3].u_tr_ln/g8018/Y -       A->Y  F     NAND2_X4M_A9TL         1    64    55    1194 
  u_backbone/gen_tr_lanes[3].u_tr_ln/g8014/Y -       A->Y  R     NAND3_X6M_A9TL         1    94    64    1257 
  u_backbone/gen_tr_lanes[3].u_tr_ln/g8009/Y -       A->Y  F     NAND2_X4M_A9TL         1    50    51    1308 
  u_backbone/gen_tr_lanes[3].u_tr_ln/g8005/Y -       A->Y  R     NAND2_X3A_A9TL         2    73    62    1371 
  u_backbone/gen_tr_lanes[3].u_tr_ln/g8001/Y -       B->Y  F     NAND2_X4A_A9TL         1    78    71    1442 
  u_backbone/gen_tr_lanes[3].u_tr_ln/g8000/Y -       B->Y  R     NAND2_X8M_A9TL         3    95    86    1528 
  u_backbone/gen_tr_lanes[3].u_tr_ln/g7998/Y -       A->Y  F     INV_X6M_A9TL           3    42    46    1574 
  u_backbone/gen_tr_lanes[3].u_tr_ln/g8139/Y -       A->Y  R     MXIT2_X1M_A9TL         2   261   138    1712 
  u_backbone/gen_tr_lanes[3].u_tr_ln/g7987/Y -       A->Y  F     INV_X1M_A9TL           2   122   134    1846 
  u_backbone/gen_tr_lanes[3].u_tr_ln/g7976/Y -       B->Y  F     MX2_X2B_A9TL           2   135   192    2038 
  u_backbone/gen_tr_lanes[3].u_tr_ln/g7968/Y -       B->Y  R     NOR2_X4M_A9TL          2   155   141    2179 
  u_backbone/gen_tr_lanes[3].u_tr_ln/g7949/Y -       B->Y  F     NAND2_X4M_A9TL         1    54    67    2246 
  u_backbone/gen_tr_lanes[3].u_tr_ln/g7942/Y -       B->Y  R     NAND3XXB_X4M_A9TL      1    86    70    2316 
  u_backbone/g2777/Y                         -       B0->Y R     AO1B2_X4M_A9TL         3    97   134    2450 
  u_backbone/u_post_ln/g9283/Y               -       A->Y  F     INV_X3M_A9TL           2    54    61    2511 
  u_backbone/u_post_ln/g9053/Y               -       B->Y  R     NAND2_X6M_A9TL         3    81    76    2587 
  u_backbone/u_post_ln/g9027/Y               -       A->Y  F     INV_X1M_A9TL           2    88    82    2669 
  u_backbone/u_post_ln/g9369/Y               -       A0->Y R     AOI21B_X2M_A9TL        2   170   146    2814 
  u_backbone/u_post_ln/g8847/Y               -       S0->Y R     MXIT2_X1M_A9TL         1   165   130    2944 
  u_backbone/u_post_ln/g9356/Y               -       B0->Y F     OAI2XB1_X1M_A9TL       1   116   115    3060 
  u_backbone/s2_post_ln_reg_reg[3][5]/D      -       -     F     DFFRPQ_X2M_A9TL        1     -     0    3060 
#-------------------------------------------------------------------------------------------------------------



Path 37: MET (1 ps) Setup Check with Pin u_backbone/s2_post_ln_reg_reg[0][7]/CK->D
          Group: reg2reg
     Startpoint: (R) u_backbone/s1_vec_in_reg[0][5]/CK
          Clock: (R) clk
       Endpoint: (R) u_backbone/s2_post_ln_reg_reg[0][7]/D
          Clock: (R) clk

                     Capture       Launch     
        Clock Edge:+    3300            0     
       Src Latency:+       0            0     
       Net Latency:+       0 (I)        0 (I) 
           Arrival:=    3300            0     
                                              
             Setup:-      94                  
       Uncertainty:-     125                  
     Required Time:=    3081                  
      Launch Clock:-       0                  
         Data Path:-    3080                  
             Slack:=       1                  

#-------------------------------------------------------------------------------------------------------------
#               Timing Point                 Flags   Arc   Edge       Cell         Fanout Trans Delay Arrival 
#                                                                                          (ps)  (ps)   (ps)  
#-------------------------------------------------------------------------------------------------------------
  u_backbone/s1_vec_in_reg[0][5]/CK          -       -     R     (arrival)            362     0     0       0 
  u_backbone/s1_vec_in_reg[0][5]/Q           -       CK->Q R     DFFRPQ_X3M_A9TL        4   115   325     325 
  u_backbone/u_pre_ln/g6406/Y                -       B->Y  F     NAND2_X3A_A9TL         4   136   120     445 
  u_backbone/u_pre_ln/g6326/Y                -       BN->Y F     NAND2XB_X2M_A9TL       2    96   180     625 
  u_backbone/u_pre_ln/g6232/Y                -       A->Y  F     AND2_X4M_A9TL          4    59   132     758 
  u_backbone/gen_tr_lanes[0].u_tr_ln/g7483/Y -       A->Y  R     INV_X4M_A9TL           7    90    78     836 
  u_backbone/gen_tr_lanes[0].u_tr_ln/g7471/Y -       BN->Y R     NOR2XB_X6M_A9TL        4   104   149     984 
  u_backbone/gen_tr_lanes[0].u_tr_ln/g7409/Y -       A->Y  R     AND2_X1M_A9TL          2   125   166    1150 
  u_backbone/gen_tr_lanes[0].u_tr_ln/g7403/Y -       B->Y  F     NAND2_X1A_A9TL         1   132   114    1264 
  u_backbone/gen_tr_lanes[0].u_tr_ln/g7387/Y -       C->Y  R     NAND3_X3M_A9TL         1   124   130    1394 
  u_backbone/gen_tr_lanes[0].u_tr_ln/g7384/Y -       A->Y  F     NAND3_X6A_A9TL         4   122    99    1492 
  u_backbone/gen_tr_lanes[0].u_tr_ln/g7496/Y -       CN->Y F     NAND3XXB_X3M_A9TL      1    90   177    1669 
  u_backbone/gen_tr_lanes[0].u_tr_ln/g7369/Y -       B->Y  R     NAND2_X4M_A9TL         2   105   100    1769 
  u_backbone/gen_tr_lanes[0].u_tr_ln/g7358/Y -       S0->Y F     MXT2_X4M_A9TL          5    82   170    1939 
  u_backbone/gen_tr_lanes[0].u_tr_ln/g7317/Y -       BN->Y F     NAND2XB_X2M_A9TL       1    75   150    2088 
  u_backbone/gen_tr_lanes[0].u_tr_ln/g7311/Y -       B->Y  R     NAND2_X4M_A9TL         2    82    82    2170 
  u_backbone/gen_tr_lanes[0].u_tr_ln/g7306/Y -       A->Y  F     NAND2_X4M_A9TL         2    60    61    2231 
  u_backbone/gen_tr_lanes[0].u_tr_ln/g7303/Y -       A->Y  R     NAND2_X4M_A9TL         2    83    65    2296 
  u_backbone/gen_tr_lanes[0].u_tr_ln/g7298/Y -       A0->Y F     OAI21_X1P4M_A9TL       1   109    94    2390 
  u_backbone/g2784/Y                         -       B0->Y F     AO1B2_X4M_A9TL         4   130   159    2550 
  u_backbone/u_post_ln/g9226/Y               -       B->Y  R     NOR2_X2A_A9TL          1   136   131    2681 
  u_backbone/u_post_ln/g8999/Y               -       A->Y  F     NAND2_X4M_A9TL         3    82    79    2760 
  u_backbone/u_post_ln/g8978/Y               -       A->Y  R     INV_X3M_A9TL           1    61    64    2824 
  u_backbone/u_post_ln/g8895/Y               -       A0->Y F     AOI21_X6M_A9TL         3    80    68    2892 
  u_backbone/u_post_ln/g9352/Y               -       A->Y  F     OR2_X2M_A9TL           1    46   116    3009 
  u_backbone/u_post_ln/g8794/Y               -       B->Y  R     NAND2_X1P4M_A9TL       1    81    71    3080 
  u_backbone/s2_post_ln_reg_reg[0][7]/D      -       -     R     DFFRPQ_X2M_A9TL        1     -     0    3080 
#-------------------------------------------------------------------------------------------------------------



Path 38: MET (1 ps) Setup Check with Pin u_mac/vec_sum_reg_reg[18]/CK->A
          Group: reg2reg
     Startpoint: (R) u_mac/prod_reg_reg[2][1]/CK
          Clock: (R) clk
       Endpoint: (R) u_mac/vec_sum_reg_reg[18]/A
          Clock: (R) clk

                     Capture       Launch     
        Clock Edge:+    3300            0     
       Src Latency:+       0            0     
       Net Latency:+       0 (I)        0 (I) 
           Arrival:=    3300            0     
                                              
             Setup:-     159                  
       Uncertainty:-     125                  
     Required Time:=    3016                  
      Launch Clock:-       0                  
         Data Path:-    3014                  
             Slack:=       1                  

#------------------------------------------------------------------------------------------------------------------------
#                    Timing Point                     Flags    Arc    Edge       Cell         Fanout Trans Delay Arrival 
#                                                                                                     (ps)  (ps)   (ps)  
#------------------------------------------------------------------------------------------------------------------------
  u_mac/prod_reg_reg[2][1]/CK                         -       -       R     (arrival)            528     0     0       0 
  u_mac/prod_reg_reg[2][1]/Q                          -       CK->Q   F     DFFQ_X1M_A9TL          1    83   292     292 
  u_mac/csa_tree_ADD_TC_OP_6_groupi_cdnfadd_001_0/CO  -       A->CO   F     ADDF_X1M_A9TL          1   101   233     525 
  u_mac/csa_tree_ADD_TC_OP_6_groupi_cdnfadd_002_1/S   -       CI->S   R     ADDF_X1M_A9TL          1   114   328     853 
  u_mac/csa_tree_ADD_TC_OP_6_groupi_cdnfadd_002_3/S   -       CI->S   F     ADDF_X1M_A9TL          1    95   302    1156 
  u_mac/csa_tree_ADD_TC_OP_6_groupi_cdnfadd_002_4/SUM -       CI->SUM R     ADDFH_X1M_A9TL         3   163   280    1436 
  u_mac/csa_tree_ADD_TC_OP_6_groupi_g866/Y            -       A0->Y   F     OAI21_X1M_A9TL         1   115   119    1556 
  u_mac/csa_tree_ADD_TC_OP_6_groupi_g863/Y            -       A->Y    R     NAND2_X1P4M_A9TL       2   160   131    1686 
  u_mac/csa_tree_ADD_TC_OP_6_groupi_g851/Y            -       B0->Y   R     AO1B2_X3M_A9TL         3   104   169    1856 
  u_mac/csa_tree_ADD_TC_OP_6_groupi_g842/Y            -       B->Y    F     NAND3_X3M_A9TL         1    91    84    1940 
  u_mac/csa_tree_ADD_TC_OP_6_groupi_g836/Y            -       A->Y    R     NAND3_X4M_A9TL         2   129    93    2034 
  u_mac/csa_tree_ADD_TC_OP_6_groupi_g830/Y            -       A0->Y   F     AOI21_X3M_A9TL         2   114   103    2137 
  u_mac/csa_tree_ADD_TC_OP_6_groupi_g825/Y            -       A0->Y   R     OAI21_X4M_A9TL         4   159   140    2277 
  u_mac/csa_tree_ADD_TC_OP_6_groupi_g823/Y            -       B0->Y   R     AO1B2_X4M_A9TL         3    98   160    2437 
  u_mac/csa_tree_ADD_TC_OP_6_groupi_g817/Y            -       A0->Y   F     AOI21_X4M_A9TL         2    83    81    2518 
  u_mac/csa_tree_ADD_TC_OP_6_groupi_g813/Y            -       A0->Y   R     OAI21_X3M_A9TL         2   150   125    2643 
  u_mac/csa_tree_ADD_TC_OP_6_groupi_g809/Y            -       A0->Y   F     AOI21_X3M_A9TL         3   149   120    2762 
  u_mac/csa_tree_ADD_TC_OP_6_groupi_g806/Y            -       A0->Y   R     OAI21_X3M_A9TL         2   136   136    2898 
  u_mac/csa_tree_ADD_TC_OP_6_groupi_g804/Y            -       A->Y    R     XOR2_X1M_A9TL          1   184   116    3014 
  u_mac/vec_sum_reg_reg[18]/A                         -       -       R     A2DFFQ_X0P5M_A9TL      1     -     0    3014 
#------------------------------------------------------------------------------------------------------------------------



Path 39: MET (1 ps) Setup Check with Pin u_backbone/s2_post_ln_reg_reg[7][6]/CK->D
          Group: reg2reg
     Startpoint: (R) u_backbone/s1_mode_pre_ln_reg/CK
          Clock: (R) clk
       Endpoint: (F) u_backbone/s2_post_ln_reg_reg[7][6]/D
          Clock: (R) clk

                     Capture       Launch     
        Clock Edge:+    3300            0     
       Src Latency:+       0            0     
       Net Latency:+       0 (I)        0 (I) 
           Arrival:=    3300            0     
                                              
             Setup:-     118                  
       Uncertainty:-     125                  
     Required Time:=    3057                  
      Launch Clock:-       0                  
         Data Path:-    3056                  
             Slack:=       1                  

#------------------------------------------------------------------------------------------------------------
#               Timing Point                 Flags   Arc   Edge       Cell        Fanout Trans Delay Arrival 
#                                                                                         (ps)  (ps)   (ps)  
#------------------------------------------------------------------------------------------------------------
  u_backbone/s1_mode_pre_ln_reg/CK           -       -     R     (arrival)           362     0     0       0 
  u_backbone/s1_mode_pre_ln_reg/Q            -       CK->Q R     DFFRPQ_X4M_A9TL       6   154   341     341 
  u_backbone/u_pre_ln/g6471/Y                -       A->Y  F     INV_X6M_A9TL          2    55    58     399 
  u_backbone/u_pre_ln/g6470/Y                -       A->Y  R     INV_X4M_A9TL          2    61    59     458 
  u_backbone/u_pre_ln/g6418/Y                -       A->Y  R     AND2_X8M_A9TL         6    95   126     584 
  u_backbone/u_pre_ln/g6582/Y                -       A0->Y R     AO21_X3M_A9TL         1    58   123     708 
  u_backbone/u_pre_ln/g6210/Y                -       A->Y  R     AND2_X6M_A9TL         6    84   123     830 
  u_backbone/gen_tr_lanes[7].u_tr_ln/g8415/Y -       A->Y  F     INV_X6M_A9TL          5    40    46     876 
  u_backbone/gen_tr_lanes[7].u_tr_ln/g8362/Y -       A->Y  R     NAND3_X1P4M_A9TL      1   127    78     955 
  u_backbone/gen_tr_lanes[7].u_tr_ln/g8345/Y -       B->Y  F     NAND2_X1M_A9TL        1    87    90    1045 
  u_backbone/gen_tr_lanes[7].u_tr_ln/g8324/Y -       B0->Y R     AOI32_X1M_A9TL        1   207   157    1202 
  u_backbone/gen_tr_lanes[7].u_tr_ln/g8316/Y -       B0->Y R     OA21_X1P4M_A9TL       1    84   180    1382 
  u_backbone/gen_tr_lanes[7].u_tr_ln/g8306/Y -       A->Y  F     MXIT2_X3M_A9TL        1   105    82    1464 
  u_backbone/gen_tr_lanes[7].u_tr_ln/g8296/Y -       A1->Y R     AOI21_X6M_A9TL        2   112   124    1588 
  u_backbone/gen_tr_lanes[7].u_tr_ln/g8278/Y -       A->Y  F     NAND2_X4M_A9TL        2    65    64    1652 
  u_backbone/gen_tr_lanes[7].u_tr_ln/g8270/Y -       A->Y  R     NAND2_X4M_A9TL        1    80    70    1722 
  u_backbone/gen_tr_lanes[7].u_tr_ln/g8266/Y -       B->Y  F     NAND2_X6M_A9TL        2    61    63    1785 
  u_backbone/gen_tr_lanes[7].u_tr_ln/g8256/Y -       B->Y  R     NAND2_X8M_A9TL        6    94    85    1870 
  u_backbone/gen_tr_lanes[7].u_tr_ln/g8242/Y -       S0->Y R     MXIT2_X3M_A9TL        2   144    97    1967 
  u_backbone/gen_tr_lanes[7].u_tr_ln/g8421/Y -       A->Y  R     OR2_X2M_A9TL          1    57   122    2089 
  u_backbone/gen_tr_lanes[7].u_tr_ln/g8231/Y -       B->Y  F     NAND2_X1P4M_A9TL      1    80    68    2157 
  u_backbone/g2775/Y                         -       B0->Y F     AO1B2_X4M_A9TL        4   125   146    2302 
  u_backbone/u_post_ln/g9250/Y               -       B->Y  R     NOR2_X6A_A9TL         4   129   122    2425 
  u_backbone/u_post_ln/g9124/Y               -       B->Y  F     NAND2_X6M_A9TL        2    63    76    2501 
  u_backbone/u_post_ln/g9091/Y               -       A->Y  R     INV_X4M_A9TL          3    58    60    2560 
  u_backbone/u_post_ln/g9049/Y               -       B->Y  F     NAND2_X4M_A9TL        3    65    63    2624 
  u_backbone/u_post_ln/g8998/Y               -       B->Y  R     NOR2_X4A_A9TL         3   133   106    2730 
  u_backbone/u_post_ln/g8935/Y               -       A->Y  F     NAND2_X4M_A9TL        2    71    69    2799 
  u_backbone/u_post_ln/g8854/Y               -       A->Y  R     XNOR2_X0P7M_A9TL      1   284   141    2940 
  u_backbone/u_post_ln/g8792/Y               -       A0->Y F     OAI21_X2M_A9TL        1   109   116    3056 
  u_backbone/s2_post_ln_reg_reg[7][6]/D      -       -     F     DFFRPQ_X1M_A9TL       1     -     0    3056 
#------------------------------------------------------------------------------------------------------------



Path 40: MET (1 ps) Setup Check with Pin u_backbone/s2_post_ln_reg_reg[2][6]/CK->D
          Group: reg2reg
     Startpoint: (R) u_backbone/s1_mode_pre_ln_reg/CK
          Clock: (R) clk
       Endpoint: (R) u_backbone/s2_post_ln_reg_reg[2][6]/D
          Clock: (R) clk

                     Capture       Launch     
        Clock Edge:+    3300            0     
       Src Latency:+       0            0     
       Net Latency:+       0 (I)        0 (I) 
           Arrival:=    3300            0     
                                              
             Setup:-     102                  
       Uncertainty:-     125                  
     Required Time:=    3072                  
      Launch Clock:-       0                  
         Data Path:-    3071                  
             Slack:=       1                  

#-------------------------------------------------------------------------------------------------------------
#               Timing Point                 Flags    Arc   Edge       Cell        Fanout Trans Delay Arrival 
#                                                                                          (ps)  (ps)   (ps)  
#-------------------------------------------------------------------------------------------------------------
  u_backbone/s1_mode_pre_ln_reg/CK           -       -      R     (arrival)           362     0     0       0 
  u_backbone/s1_mode_pre_ln_reg/Q            -       CK->Q  F     DFFRPQ_X4M_A9TL       6   107   313     313 
  u_backbone/u_pre_ln/g6419/Y                -       A->Y   F     AND2_X6M_A9TL         4    65   144     457 
  u_backbone/u_pre_ln/g6531/Y                -       A->Y   R     NAND2XB_X4M_A9TL      2    88    73     530 
  u_backbone/u_pre_ln/g6287/Y                -       A->Y   F     NAND2_X3A_A9TL        1    68    59     589 
  u_backbone/u_pre_ln/g6276/Y                -       A->Y   F     AND2_X4M_A9TL         8    86   140     729 
  u_backbone/gen_tr_lanes[2].u_tr_ln/g7619/Y -       A->Y   R     INV_X3M_A9TL          5    90    86     814 
  u_backbone/gen_tr_lanes[2].u_tr_ln/g7545/Y -       B0->Y  F     OAI21_X1M_A9TL        1   102    94     908 
  u_backbone/gen_tr_lanes[2].u_tr_ln/g7523/Y -       B0->Y  R     AOI32_X1M_A9TL        1   223   171    1079 
  u_backbone/gen_tr_lanes[2].u_tr_ln/g7514/Y -       B0->Y  F     OAI21_X2M_A9TL        1    94   102    1181 
  u_backbone/gen_tr_lanes[2].u_tr_ln/g7623/Y -       B->Y   F     OR2_X1P4M_A9TL        1    68   158    1339 
  u_backbone/gen_tr_lanes[2].u_tr_ln/g7500/Y -       D->Y   R     NAND4_X4A_A9TL        2   145   123    1462 
  u_backbone/gen_tr_lanes[2].u_tr_ln/g7630/Y -       A->Y   F     NAND2_X2M_A9TL        1   106    97    1560 
  u_backbone/gen_tr_lanes[2].u_tr_ln/g7470/Y -       A0->Y  R     AOI21_X6M_A9TL        2    93   102    1661 
  u_backbone/gen_tr_lanes[2].u_tr_ln/g7460/Y -       B->Y   F     NAND2_X4M_A9TL        2    55    64    1725 
  u_backbone/gen_tr_lanes[2].u_tr_ln/g7452/Y -       B->Y   F     AND2_X6M_A9TL         6    67   134    1858 
  u_backbone/gen_tr_lanes[2].u_tr_ln/g7442/Y -       A->Y   R     NOR2_X4M_A9TL         2   105    87    1946 
  u_backbone/gen_tr_lanes[2].u_tr_ln/g7641/Y -       A1N->Y R     AOI2XB1_X6M_A9TL      2    88   159    2104 
  u_backbone/gen_tr_lanes[2].u_tr_ln/g7432/Y -       A->Y   F     INV_X2M_A9TL          1    36    42    2147 
  u_backbone/gen_tr_lanes[2].u_tr_ln/g7423/Y -       A0->Y  F     AO21B_X2M_A9TL        1    78   116    2262 
  u_backbone/g2919/Y                         -       A->Y   R     NAND2_X2A_A9TL        1    86    79    2341 
  u_backbone/g2766/Y                         -       A->Y   F     NAND2_X6M_A9TL        4    98    64    2405 
  u_backbone/u_post_ln/g9120/Y               -       B->Y   R     NOR2_X6M_A9TL         3   104   106    2511 
  u_backbone/u_post_ln/g9051/Y               -       B->Y   F     NAND2_X6M_A9TL        3    59    70    2582 
  u_backbone/u_post_ln/g8994/Y               -       B->Y   R     NOR2_X6A_A9TL         2    90    79    2660 
  u_backbone/u_post_ln/g8973/Y               -       A->Y   F     INV_X1M_A9TL          2    89    84    2745 
  u_backbone/u_post_ln/g8931/Y               -       A->Y   R     NAND2_X2A_A9TL        2    77    72    2817 
  u_backbone/u_post_ln/g8886/Y               -       B0N->Y F     AO21B_X1M_A9TL        1   115    95    2912 
  u_backbone/u_post_ln/g8791/Y               -       A1->Y  R     OAI221_X2M_A9TL       1   168   159    3071 
  u_backbone/s2_post_ln_reg_reg[2][6]/D      -       -      R     DFFRPQ_X4M_A9TL       1     -     0    3071 
#-------------------------------------------------------------------------------------------------------------



Path 41: MET (1 ps) Setup Check with Pin u_backbone/s2_post_ln_reg_reg[1][6]/CK->D
          Group: reg2reg
     Startpoint: (R) u_backbone/s1_mode_pre_ln_reg/CK
          Clock: (R) clk
       Endpoint: (R) u_backbone/s2_post_ln_reg_reg[1][6]/D
          Clock: (R) clk

                     Capture       Launch     
        Clock Edge:+    3300            0     
       Src Latency:+       0            0     
       Net Latency:+       0 (I)        0 (I) 
           Arrival:=    3300            0     
                                              
             Setup:-      97                  
       Uncertainty:-     125                  
     Required Time:=    3078                  
      Launch Clock:-       0                  
         Data Path:-    3077                  
             Slack:=       1                  

#-------------------------------------------------------------------------------------------------------------
#               Timing Point                 Flags    Arc   Edge       Cell        Fanout Trans Delay Arrival 
#                                                                                          (ps)  (ps)   (ps)  
#-------------------------------------------------------------------------------------------------------------
  u_backbone/s1_mode_pre_ln_reg/CK           -       -      R     (arrival)           362     0     0       0 
  u_backbone/s1_mode_pre_ln_reg/Q            -       CK->Q  R     DFFRPQ_X4M_A9TL       6   154   341     341 
  u_backbone/u_pre_ln/g6417/Y                -       A->Y   R     AND2_X4M_A9TL         3    76   140     481 
  u_backbone/u_pre_ln/g6332/Y                -       A->Y   F     INV_X3M_A9TL          3    62    65     547 
  u_backbone/u_pre_ln/g6303/Y                -       S0->Y  F     MXT2_X4M_A9TL         7    94   160     707 
  u_backbone/gen_tr_lanes[1].u_tr_ln/g6845/Y -       A->Y   R     INV_X4M_A9TL          5    81    82     789 
  u_backbone/gen_tr_lanes[1].u_tr_ln/g6817/Y -       A->Y   F     NAND2_X2A_A9TL        2   104    86     875 
  u_backbone/gen_tr_lanes[1].u_tr_ln/g6809/Y -       A->Y   R     INV_X1M_A9TL          1    89    89     965 
  u_backbone/gen_tr_lanes[1].u_tr_ln/g6777/Y -       A0->Y  F     AOI22_X2M_A9TL        1    94    88    1053 
  u_backbone/gen_tr_lanes[1].u_tr_ln/g6756/Y -       B->Y   R     NAND2_X1P4M_A9TL      1    88    91    1144 
  u_backbone/gen_tr_lanes[1].u_tr_ln/g6878/Y -       A0->Y  R     AO21B_X2M_A9TL        1    73   144    1287 
  u_backbone/gen_tr_lanes[1].u_tr_ln/g6735/Y -       B->Y   F     NAND2_X2M_A9TL        1    89    65    1352 
  u_backbone/gen_tr_lanes[1].u_tr_ln/g6732/Y -       B0->Y  R     AOI21_X3M_A9TL        1   106    99    1451 
  u_backbone/gen_tr_lanes[1].u_tr_ln/g6727/Y -       A->Y   F     NAND4_X4A_A9TL        1   101    83    1534 
  u_backbone/gen_tr_lanes[1].u_tr_ln/g6877/Y -       B0N->Y R     AO21B_X4M_A9TL        2    73    70    1604 
  u_backbone/gen_tr_lanes[1].u_tr_ln/g6696/Y -       B0->Y  F     OAI211_X4M_A9TL       2   116   102    1706 
  u_backbone/gen_tr_lanes[1].u_tr_ln/g6684/Y -       A->Y   F     AND2_X3M_A9TL         2    52   133    1839 
  u_backbone/gen_tr_lanes[1].u_tr_ln/g6857/Y -       A1N->Y F     OAI2XB1_X3M_A9TL      1    96   153    1992 
  u_backbone/gen_tr_lanes[1].u_tr_ln/g6669/Y -       A->Y   R     NAND2_X6M_A9TL        3    92    87    2079 
  u_backbone/gen_tr_lanes[1].u_tr_ln/g6668/Y -       A->Y   F     INV_X3M_A9TL          1    36    41    2120 
  u_backbone/gen_tr_lanes[1].u_tr_ln/g6663/Y -       A0->Y  R     OAI21_X2M_A9TL        1   122    94    2214 
  u_backbone/gen_tr_lanes[1].u_tr_ln/g6660/Y -       B0N->Y F     AO21B_X2M_A9TL        1    77    74    2288 
  u_backbone/g2930/Y                         -       A->Y   R     NAND2_X2A_A9TL        1    84    79    2367 
  u_backbone/g2748/Y                         -       A->Y   F     NAND2_X6M_A9TL        4    98    63    2430 
  u_backbone/u_post_ln/g9121/Y               -       B->Y   R     NOR2_X6M_A9TL         3    93   100    2530 
  u_backbone/u_post_ln/g9052/Y               -       B->Y   F     NAND2_X4M_A9TL        3    66    72    2602 
  u_backbone/u_post_ln/g8996/Y               -       A->Y   R     NOR2_X4M_A9TL         2   106    87    2689 
  u_backbone/u_post_ln/g8937/Y               -       A->Y   F     NAND2_X4A_A9TL        3    84    81    2770 
  u_backbone/u_post_ln/g8853/Y               -       A->Y   R     XOR2_X1M_A9TL         1   278   150    2920 
  u_backbone/u_post_ln/g8797/Y               -       A->Y   F     NAND2_X4M_A9TL        1    84    70    2989 
  u_backbone/u_post_ln/g8776/Y               -       C0->Y  R     OAI211_X2M_A9TL       1   140    87    3076 
  u_backbone/s2_post_ln_reg_reg[1][6]/D      -       -      R     DFFRPQ_X4M_A9TL       1     -     0    3077 
#-------------------------------------------------------------------------------------------------------------



Path 42: MET (1 ps) Setup Check with Pin u_backbone/s2_post_ln_reg_reg[2][7]/CK->D
          Group: reg2reg
     Startpoint: (R) u_backbone/s1_mode_pre_ln_reg/CK
          Clock: (R) clk
       Endpoint: (R) u_backbone/s2_post_ln_reg_reg[2][7]/D
          Clock: (R) clk

                     Capture       Launch     
        Clock Edge:+    3300            0     
       Src Latency:+       0            0     
       Net Latency:+       0 (I)        0 (I) 
           Arrival:=    3300            0     
                                              
             Setup:-      94                  
       Uncertainty:-     125                  
     Required Time:=    3081                  
      Launch Clock:-       0                  
         Data Path:-    3080                  
             Slack:=       1                  

#-------------------------------------------------------------------------------------------------------------
#               Timing Point                 Flags    Arc   Edge       Cell        Fanout Trans Delay Arrival 
#                                                                                          (ps)  (ps)   (ps)  
#-------------------------------------------------------------------------------------------------------------
  u_backbone/s1_mode_pre_ln_reg/CK           -       -      R     (arrival)           362     0     0       0 
  u_backbone/s1_mode_pre_ln_reg/Q            -       CK->Q  F     DFFRPQ_X4M_A9TL       6   107   313     313 
  u_backbone/u_pre_ln/g6419/Y                -       A->Y   F     AND2_X6M_A9TL         4    65   144     457 
  u_backbone/u_pre_ln/g6531/Y                -       A->Y   R     NAND2XB_X4M_A9TL      2    88    73     530 
  u_backbone/u_pre_ln/g6287/Y                -       A->Y   F     NAND2_X3A_A9TL        1    68    59     589 
  u_backbone/u_pre_ln/g6276/Y                -       A->Y   F     AND2_X4M_A9TL         8    86   140     729 
  u_backbone/gen_tr_lanes[2].u_tr_ln/g7619/Y -       A->Y   R     INV_X3M_A9TL          5    90    86     814 
  u_backbone/gen_tr_lanes[2].u_tr_ln/g7545/Y -       B0->Y  F     OAI21_X1M_A9TL        1   102    94     908 
  u_backbone/gen_tr_lanes[2].u_tr_ln/g7523/Y -       B0->Y  R     AOI32_X1M_A9TL        1   223   171    1079 
  u_backbone/gen_tr_lanes[2].u_tr_ln/g7514/Y -       B0->Y  F     OAI21_X2M_A9TL        1    94   102    1181 
  u_backbone/gen_tr_lanes[2].u_tr_ln/g7623/Y -       B->Y   F     OR2_X1P4M_A9TL        1    68   158    1339 
  u_backbone/gen_tr_lanes[2].u_tr_ln/g7500/Y -       D->Y   R     NAND4_X4A_A9TL        2   145   123    1462 
  u_backbone/gen_tr_lanes[2].u_tr_ln/g7630/Y -       A->Y   F     NAND2_X2M_A9TL        1   106    97    1560 
  u_backbone/gen_tr_lanes[2].u_tr_ln/g7470/Y -       A0->Y  R     AOI21_X6M_A9TL        2    93   102    1661 
  u_backbone/gen_tr_lanes[2].u_tr_ln/g7460/Y -       B->Y   F     NAND2_X4M_A9TL        2    55    64    1725 
  u_backbone/gen_tr_lanes[2].u_tr_ln/g7452/Y -       B->Y   F     AND2_X6M_A9TL         6    67   134    1858 
  u_backbone/gen_tr_lanes[2].u_tr_ln/g7442/Y -       A->Y   R     NOR2_X4M_A9TL         2   105    87    1946 
  u_backbone/gen_tr_lanes[2].u_tr_ln/g7641/Y -       A1N->Y R     AOI2XB1_X6M_A9TL      2    88   159    2104 
  u_backbone/gen_tr_lanes[2].u_tr_ln/g7432/Y -       A->Y   F     INV_X2M_A9TL          1    36    42    2147 
  u_backbone/gen_tr_lanes[2].u_tr_ln/g7423/Y -       A0->Y  F     AO21B_X2M_A9TL        1    78   116    2262 
  u_backbone/g2919/Y                         -       A->Y   R     NAND2_X2A_A9TL        1    86    79    2341 
  u_backbone/g2766/Y                         -       A->Y   F     NAND2_X6M_A9TL        4    98    64    2405 
  u_backbone/u_post_ln/g9120/Y               -       B->Y   R     NOR2_X6M_A9TL         3   104   106    2511 
  u_backbone/u_post_ln/g9051/Y               -       B->Y   F     NAND2_X6M_A9TL        3    59    70    2582 
  u_backbone/u_post_ln/g8994/Y               -       B->Y   R     NOR2_X6A_A9TL         2    90    79    2660 
  u_backbone/u_post_ln/g8934/Y               -       A->Y   F     NAND2_X4M_A9TL        3    65    65    2725 
  u_backbone/u_post_ln/g8858/Y               -       A0->Y  F     OA21_X2M_A9TL         2    70   153    2878 
  u_backbone/u_post_ln/g8841/Y               -       A->Y   R     INV_X2M_A9TL          2    73    72    2951 
  u_backbone/u_post_ln/g8810/Y               -       A->Y   F     NAND2XB_X2M_A9TL      1    56    54    3004 
  u_backbone/u_post_ln/g8779/Y               -       B->Y   R     NAND2_X1P4M_A9TL      1    81    76    3080 
  u_backbone/s2_post_ln_reg_reg[2][7]/D      -       -      R     DFFRPQ_X2M_A9TL       1     -     0    3080 
#-------------------------------------------------------------------------------------------------------------



Path 43: MET (1 ps) Setup Check with Pin u_backbone/s2_post_ln_reg_reg[7][7]/CK->D
          Group: reg2reg
     Startpoint: (R) u_backbone/s1_mode_pre_ln_reg/CK
          Clock: (R) clk
       Endpoint: (R) u_backbone/s2_post_ln_reg_reg[7][7]/D
          Clock: (R) clk

                     Capture       Launch     
        Clock Edge:+    3300            0     
       Src Latency:+       0            0     
       Net Latency:+       0 (I)        0 (I) 
           Arrival:=    3300            0     
                                              
             Setup:-     103                  
       Uncertainty:-     125                  
     Required Time:=    3072                  
      Launch Clock:-       0                  
         Data Path:-    3070                  
             Slack:=       1                  

#-------------------------------------------------------------------------------------------------------------
#               Timing Point                 Flags    Arc   Edge       Cell        Fanout Trans Delay Arrival 
#                                                                                          (ps)  (ps)   (ps)  
#-------------------------------------------------------------------------------------------------------------
  u_backbone/s1_mode_pre_ln_reg/CK           -       -      R     (arrival)           362     0     0       0 
  u_backbone/s1_mode_pre_ln_reg/Q            -       CK->Q  F     DFFRPQ_X4M_A9TL       6   107   313     313 
  u_backbone/u_pre_ln/g6464/Y                -       A->Y   F     BUF_X3M_A9TL          2    61   140     452 
  u_backbone/u_pre_ln/g6463/Y                -       A->Y   R     INV_X3M_A9TL          2    64    63     516 
  u_backbone/u_pre_ln/g6379/Y                -       A->Y   R     AND2_X3M_A9TL         1    75   117     632 
  u_backbone/u_pre_ln/g6361/Y                -       B->Y   F     NOR2_X8M_A9TL         5    62    68     700 
  u_backbone/gen_tr_lanes[7].u_tr_ln/g8395/Y -       A->Y   R     INV_X5M_A9TL          3    52    54     754 
  u_backbone/gen_tr_lanes[7].u_tr_ln/g8355/Y -       A->Y   F     NAND2_X2A_A9TL        2   104    77     831 
  u_backbone/gen_tr_lanes[7].u_tr_ln/g8343/Y -       B->Y   R     NAND3_X2M_A9TL        1   102   103     934 
  u_backbone/gen_tr_lanes[7].u_tr_ln/g8322/Y -       A->Y   F     NAND3_X2M_A9TL        1   114    94    1028 
  u_backbone/gen_tr_lanes[7].u_tr_ln/g8437/Y -       A0->Y  R     AOI211_X4M_A9TL       1   146   154    1182 
  u_backbone/gen_tr_lanes[7].u_tr_ln/g8298/Y -       B->Y   F     NAND2_X4M_A9TL        1    54    66    1248 
  u_backbone/gen_tr_lanes[7].u_tr_ln/g8292/Y -       A->Y   R     NAND3_X4M_A9TL        2   111    76    1325 
  u_backbone/gen_tr_lanes[7].u_tr_ln/g8287/Y -       B->Y   F     NAND2_X3A_A9TL        1    78    81    1406 
  u_backbone/gen_tr_lanes[7].u_tr_ln/g8427/Y -       B->Y   R     NAND2B_X6M_A9TL       4   122   104    1510 
  u_backbone/gen_tr_lanes[7].u_tr_ln/g8279/Y -       B->Y   F     NAND2_X4M_A9TL        2    68    76    1586 
  u_backbone/gen_tr_lanes[7].u_tr_ln/g8271/Y -       B0->Y  R     OAI21_X6M_A9TL        2   114    74    1660 
  u_backbone/gen_tr_lanes[7].u_tr_ln/g8268/Y -       A->Y   F     INV_X1M_A9TL          1    92    90    1751 
  u_backbone/gen_tr_lanes[7].u_tr_ln/g8254/Y -       A0->Y  R     AOI21_X4M_A9TL        3   147   128    1879 
  u_backbone/gen_tr_lanes[7].u_tr_ln/g8241/Y -       B1->Y  R     AO1B2_X3M_A9TL        1    68   154    2033 
  u_backbone/gen_tr_lanes[7].u_tr_ln/g8239/Y -       A->Y   F     NAND2_X4M_A9TL        2    67    63    2096 
  u_backbone/gen_tr_lanes[7].u_tr_ln/g8234/Y -       A->Y   R     NAND2_X6A_A9TL        3    76    62    2159 
  u_backbone/gen_tr_lanes[7].u_tr_ln/g8232/Y -       A->Y   F     INV_X3M_A9TL          1    35    42    2200 
  u_backbone/gen_tr_lanes[7].u_tr_ln/g8226/Y -       A0->Y  R     OAI21_X3M_A9TL        1    99    84    2284 
  u_backbone/gen_tr_lanes[7].u_tr_ln/g8225/Y -       A->Y   F     NAND3_X3A_A9TL        1    73    68    2352 
  u_backbone/g2771/Y                         -       B0->Y  F     AO1B2_X4M_A9TL        2    97   125    2476 
  u_backbone/u_post_ln/g9098/Y               -       A->Y   R     NAND2_X1P4M_A9TL      1   130    98    2574 
  u_backbone/u_post_ln/g8967/Y               -       B->Y   R     AND2_X4M_A9TL         2    63   130    2704 
  u_backbone/u_post_ln/g9381/Y               -       A0N->Y F     AO1B2_X4M_A9TL        2    73    67    2771 
  u_backbone/u_post_ln/g8838/Y               -       A->Y   R     NOR2_X4M_A9TL         2    82    78    2849 
  u_backbone/u_post_ln/g9396/Y               -       A->Y   R     AND3_X2M_A9TL         1    52   107    2956 
  u_backbone/u_post_ln/g8775/Y               -       B0N->Y R     OAI21B_X2M_A9TL       1   107   114    3070 
  u_backbone/s2_post_ln_reg_reg[7][7]/D      -       -      R     DFFRPQ_X1M_A9TL       1     -     0    3070 
#-------------------------------------------------------------------------------------------------------------



Path 44: MET (2 ps) Setup Check with Pin u_vecmul/prod_reg_reg[7][16]/CK->D
          Group: reg2reg
     Startpoint: (R) u_vecmul/a_reg_reg[7][0]/CK
          Clock: (R) clk
       Endpoint: (R) u_vecmul/prod_reg_reg[7][16]/D
          Clock: (R) clk

                     Capture       Launch     
        Clock Edge:+    3300            0     
       Src Latency:+       0            0     
       Net Latency:+       0 (I)        0 (I) 
           Arrival:=    3300            0     
                                              
             Setup:-      88                  
       Uncertainty:-     125                  
     Required Time:=    3087                  
      Launch Clock:-       0                  
         Data Path:-    3086                  
             Slack:=       2                  

#-------------------------------------------------------------------------------------------------------------------------------------
#                          Timing Point                            Flags    Arc   Edge        Cell         Fanout Trans Delay Arrival 
#                                                                                                                  (ps)  (ps)   (ps)  
#-------------------------------------------------------------------------------------------------------------------------------------
  u_vecmul/a_reg_reg[7][0]/CK                                      -       -      R     (arrival)             528     0     0       0 
  u_vecmul/a_reg_reg[7][0]/Q                                       -       CK->Q  R     DFFQ_X2M_A9TL          10   225   338     338 
  u_vecmul/MULT_TC_OP_1_Y_MULT_TC_OP_Y_MULT_UNS_OP_g1221/Y         -       B->Y   F     NAND2_X1A_A9TL          2   154   154     492 
  u_vecmul/MULT_TC_OP_1_Y_MULT_TC_OP_Y_MULT_UNS_OP_g1122/Y         -       B->Y   R     XOR2_X0P7M_A9TL         1   298   214     706 
  u_vecmul/MULT_TC_OP_1_Y_MULT_TC_OP_Y_MULT_UNS_OP_cdnfadd_003_0/S -       CI->S  F     ADDF_X1M_A9TL           1   108   367    1073 
  u_vecmul/MULT_TC_OP_1_Y_MULT_TC_OP_Y_MULT_UNS_OP_g1112/CO        -       CI->CO F     ADDF_X1M_A9TL           2   108   228    1301 
  u_vecmul/MULT_TC_OP_1_Y_MULT_TC_OP_Y_MULT_UNS_OP_g1110/Y         -       A1N->Y F     OAI2XB1_X1P4M_A9TL      1    90   176    1477 
  u_vecmul/MULT_TC_OP_1_Y_MULT_TC_OP_Y_MULT_UNS_OP_g1105/Y         -       A->Y   R     INV_X1M_A9TL            2   121   104    1581 
  u_vecmul/MULT_TC_OP_1_Y_MULT_TC_OP_Y_MULT_UNS_OP_g1103/Y         -       A1->Y  F     OAI21_X1P4M_A9TL        1   125   124    1705 
  u_vecmul/MULT_TC_OP_1_Y_MULT_TC_OP_Y_MULT_UNS_OP_g1096/CO        -       B->CO  F     ADDF_X1M_A9TL           2   118   261    1966 
  u_vecmul/MULT_TC_OP_1_Y_MULT_TC_OP_Y_MULT_UNS_OP_g1094/Y         -       B0->Y  F     AO1B2_X3M_A9TL          3   109   154    2120 
  u_vecmul/MULT_TC_OP_1_Y_MULT_TC_OP_Y_MULT_UNS_OP_g1074/Y         -       C->Y   F     AND3_X2M_A9TL           2    61   165    2285 
  u_vecmul/g3/Y                                                    -       A0->Y  F     AO21_X2M_A9TL           1    50   135    2420 
  u_vecmul/g1869/Y                                                 -       A0->Y  F     AO21_X2M_A9TL           4   108   173    2593 
  u_vecmul/MULT_TC_OP_1_Y_MULT_TC_OP_Y_MULT_UNS_OP_g1224/Y         -       A0->Y  R     AOI2XB1_X4M_A9TL        2   120   120    2714 
  u_vecmul/MULT_TC_OP_1_Y_MULT_TC_OP_Y_MULT_UNS_OP_g1227/Y         -       A0->Y  F     OAI21B_X3M_A9TL         1   112    95    2808 
  u_vecmul/MULT_TC_OP_1_Y_MULT_TC_OP_Y_MULT_UNS_OP_g1228/Y         -       A->Y   R     XNOR2_X3M_A9TL          2   175    92    2900 
  u_vecmul/g1857/Y                                                 -       A->Y   F     INV_X1M_A9TL            1    84    94    2994 
  u_vecmul/g1834/Y                                                 -       B0->Y  R     OAI22_X2M_A9TL          1   146    92    3086 
  u_vecmul/prod_reg_reg[7][16]/D                                   -       -      R     DFFQ_X1M_A9TL           1     -     0    3086 
#-------------------------------------------------------------------------------------------------------------------------------------



Path 45: MET (2 ps) Setup Check with Pin u_backbone/s2_post_ln_reg_reg[3][5]/CK->D
          Group: reg2reg
     Startpoint: (R) u_backbone/s1_mode_pre_ln_reg/CK
          Clock: (R) clk
       Endpoint: (F) u_backbone/s2_post_ln_reg_reg[3][5]/D
          Clock: (R) clk

                     Capture       Launch     
        Clock Edge:+    3300            0     
       Src Latency:+       0            0     
       Net Latency:+       0 (I)        0 (I) 
           Arrival:=    3300            0     
                                              
             Setup:-     114                  
       Uncertainty:-     125                  
     Required Time:=    3061                  
      Launch Clock:-       0                  
         Data Path:-    3060                  
             Slack:=       2                  

#------------------------------------------------------------------------------------------------------------
#               Timing Point                 Flags   Arc   Edge       Cell        Fanout Trans Delay Arrival 
#                                                                                         (ps)  (ps)   (ps)  
#------------------------------------------------------------------------------------------------------------
  u_backbone/s1_mode_pre_ln_reg/CK           -       -     R     (arrival)           362     0     0       0 
  u_backbone/s1_mode_pre_ln_reg/Q            -       CK->Q F     DFFRPQ_X4M_A9TL       6   107   313     313 
  u_backbone/u_pre_ln/g6474/Y                -       A->Y  R     INV_X7P5M_A9TL        2    60    65     378 
  u_backbone/u_pre_ln/g6473/Y                -       A->Y  F     INV_X6B_A9TL          2    47    50     428 
  u_backbone/u_pre_ln/g6420/Y                -       A->Y  F     AND2_X6M_A9TL         6    79   128     557 
  u_backbone/u_pre_ln/g6310/Y                -       B->Y  F     AND3_X6M_A9TL         4    62   142     699 
  u_backbone/u_pre_ln/g6297/Y                -       A->Y  R     INV_X5M_A9TL          3    58    59     758 
  u_backbone/u_pre_ln/g6272/Y                -       A->Y  F     NOR2_X3A_A9TL         2    74    59     817 
  u_backbone/u_pre_ln/g6256/Y                -       A->Y  R     NOR2_X1P4A_A9TL       1   172   130     947 
  u_backbone/u_pre_ln/g6235/Y                -       A->Y  F     NOR2_X4A_A9TL         4   110   102    1049 
  u_backbone/gen_tr_lanes[3].u_tr_ln/g8112/Y -       A->Y  R     INV_X5M_A9TL          6    85    88    1138 
  u_backbone/gen_tr_lanes[3].u_tr_ln/g8109/Y -       A->Y  F     NAND2_X3A_A9TL        2    89    81    1218 
  u_backbone/gen_tr_lanes[3].u_tr_ln/g8099/Y -       A->Y  R     INV_X4M_A9TL          6   117   102    1320 
  u_backbone/gen_tr_lanes[3].u_tr_ln/g8054/Y -       C->Y  R     AND3_X4M_A9TL         4    92   161    1481 
  u_backbone/gen_tr_lanes[3].u_tr_ln/g8037/Y -       A->Y  F     NAND2_X2A_A9TL        2   102    84    1565 
  u_backbone/gen_tr_lanes[3].u_tr_ln/g8027/Y -       A->Y  R     NAND2_X2A_A9TL        1    66    72    1636 
  u_backbone/gen_tr_lanes[3].u_tr_ln/g8137/Y -       B->Y  R     XOR2_X2M_A9TL         2   241   158    1794 
  u_backbone/gen_tr_lanes[3].u_tr_ln/g7978/Y -       B->Y  R     AND2_X3M_A9TL         2    85   172    1966 
  u_backbone/gen_tr_lanes[3].u_tr_ln/g7975/Y -       B->Y  F     NOR2_X3A_A9TL         2    86    68    2034 
  u_backbone/gen_tr_lanes[3].u_tr_ln/g7973/Y -       A->Y  R     NOR2_X2A_A9TL         1   105    93    2127 
  u_backbone/gen_tr_lanes[3].u_tr_ln/g8147/Y -       B->Y  F     NAND2B_X2M_A9TL       1    67    74    2201 
  u_backbone/gen_tr_lanes[3].u_tr_ln/g7943/Y -       B->Y  R     NAND2_X2A_A9TL        1    63    64    2265 
  u_backbone/g2929/Y                         -       A->Y  F     NAND2_X2A_A9TL        1   106    81    2346 
  u_backbone/g2780/Y                         -       A->Y  R     NAND2_X6M_A9TL        4   118    89    2435 
  u_backbone/u_post_ln/g9123/Y               -       B->Y  F     NOR2_X6M_A9TL         3    69    79    2514 
  u_backbone/u_post_ln/g9053/Y               -       A->Y  R     NAND2_X6M_A9TL        3    81    73    2587 
  u_backbone/u_post_ln/g9027/Y               -       A->Y  F     INV_X1M_A9TL          2    88    82    2669 
  u_backbone/u_post_ln/g9369/Y               -       A0->Y R     AOI21B_X2M_A9TL       2   170   146    2814 
  u_backbone/u_post_ln/g8847/Y               -       S0->Y R     MXIT2_X1M_A9TL        1   165   130    2944 
  u_backbone/u_post_ln/g9356/Y               -       B0->Y F     OAI2XB1_X1M_A9TL      1   116   115    3060 
  u_backbone/s2_post_ln_reg_reg[3][5]/D      -       -     F     DFFRPQ_X2M_A9TL       1     -     0    3060 
#------------------------------------------------------------------------------------------------------------



Path 46: MET (2 ps) Setup Check with Pin u_backbone/s2_post_ln_reg_reg[3][6]/CK->D
          Group: reg2reg
     Startpoint: (R) u_backbone/s1_mode_pre_ln_reg/CK
          Clock: (R) clk
       Endpoint: (R) u_backbone/s2_post_ln_reg_reg[3][6]/D
          Clock: (R) clk

                     Capture       Launch     
        Clock Edge:+    3300            0     
       Src Latency:+       0            0     
       Net Latency:+       0 (I)        0 (I) 
           Arrival:=    3300            0     
                                              
             Setup:-     110                  
       Uncertainty:-     125                  
     Required Time:=    3065                  
      Launch Clock:-       0                  
         Data Path:-    3064                  
             Slack:=       2                  

#-------------------------------------------------------------------------------------------------------------
#               Timing Point                 Flags    Arc   Edge       Cell        Fanout Trans Delay Arrival 
#                                                                                          (ps)  (ps)   (ps)  
#-------------------------------------------------------------------------------------------------------------
  u_backbone/s1_mode_pre_ln_reg/CK           -       -      R     (arrival)           362     0     0       0 
  u_backbone/s1_mode_pre_ln_reg/Q            -       CK->Q  R     DFFRPQ_X4M_A9TL       6   154   341     341 
  u_backbone/u_pre_ln/g6474/Y                -       A->Y   F     INV_X7P5M_A9TL        2    55    56     398 
  u_backbone/u_pre_ln/g6473/Y                -       A->Y   R     INV_X6B_A9TL          2    43    45     443 
  u_backbone/u_pre_ln/g6420/Y                -       A->Y   R     AND2_X6M_A9TL         6   108   131     573 
  u_backbone/u_pre_ln/g6313/Y                -       A->Y   F     NAND2_X1P4M_A9TL      1    77    75     648 
  u_backbone/u_pre_ln/g6561/Y                -       A->Y   R     NAND2XB_X2M_A9TL      1    99    83     732 
  u_backbone/u_pre_ln/g6212/Y                -       B->Y   R     AND2_X6M_A9TL         6    84   139     870 
  u_backbone/gen_tr_lanes[3].u_tr_ln/g8122/Y -       A->Y   F     INV_X5M_A9TL          5    48    54     925 
  u_backbone/gen_tr_lanes[3].u_tr_ln/g8024/Y -       A2->Y  R     AOI31_X3M_A9TL        1   135   130    1054 
  u_backbone/gen_tr_lanes[3].u_tr_ln/g8023/Y -       A->Y   F     NOR2_X4M_A9TL         1    70    70    1124 
  u_backbone/gen_tr_lanes[3].u_tr_ln/g8018/Y -       A->Y   R     NAND2_X4M_A9TL        1    80    67    1191 
  u_backbone/gen_tr_lanes[3].u_tr_ln/g8014/Y -       A->Y   F     NAND3_X6M_A9TL        1    59    54    1245 
  u_backbone/gen_tr_lanes[3].u_tr_ln/g8009/Y -       A->Y   R     NAND2_X4M_A9TL        1    68    57    1303 
  u_backbone/gen_tr_lanes[3].u_tr_ln/g8005/Y -       A->Y   F     NAND2_X3A_A9TL        2    80    74    1376 
  u_backbone/gen_tr_lanes[3].u_tr_ln/g8001/Y -       B->Y   R     NAND2_X4A_A9TL        1    67    72    1448 
  u_backbone/gen_tr_lanes[3].u_tr_ln/g8000/Y -       B->Y   F     NAND2_X8M_A9TL        3    80    62    1511 
  u_backbone/gen_tr_lanes[3].u_tr_ln/g7998/Y -       A->Y   R     INV_X6M_A9TL          3    53    57    1568 
  u_backbone/gen_tr_lanes[3].u_tr_ln/g7992/Y -       A->Y   F     NAND4_X4A_A9TL        2   120    80    1649 
  u_backbone/gen_tr_lanes[3].u_tr_ln/g7984/Y -       A->Y   R     NAND2_X4M_A9TL        1    83    88    1737 
  u_backbone/gen_tr_lanes[3].u_tr_ln/g7981/Y -       B->Y   F     NAND2_X6M_A9TL        2    68    64    1800 
  u_backbone/gen_tr_lanes[3].u_tr_ln/g7972/Y -       B->Y   R     NAND2_X8M_A9TL        5   104    92    1893 
  u_backbone/gen_tr_lanes[3].u_tr_ln/g7959/Y -       S0->Y  R     MXIT2_X3M_A9TL        2   150   100    1992 
  u_backbone/gen_tr_lanes[3].u_tr_ln/g8134/Y -       A->Y   R     OR2_X2M_A9TL          1    58   127    2119 
  u_backbone/gen_tr_lanes[3].u_tr_ln/g7948/Y -       B->Y   F     NAND2_X2M_A9TL        1    66    59    2178 
  u_backbone/g2781/Y                         -       B0->Y  F     AO1B2_X4M_A9TL        5   123   139    2318 
  u_backbone/u_post_ln/g9269/Y               -       A->Y   R     INV_X3M_A9TL          1    62    68    2386 
  u_backbone/u_post_ln/g9227/Y               -       A->Y   F     NAND2_X4M_A9TL        2    61    59    2445 
  u_backbone/u_post_ln/g9123/Y               -       A->Y   R     NOR2_X6M_A9TL         3   101    84    2529 
  u_backbone/u_post_ln/g9053/Y               -       A->Y   F     NAND2_X6M_A9TL        3    65    65    2594 
  u_backbone/u_post_ln/g8997/Y               -       B->Y   R     NOR2_X8B_A9TL         2    74    70    2664 
  u_backbone/u_post_ln/g8976/Y               -       A->Y   F     INV_X1M_A9TL          2    85    79    2743 
  u_backbone/u_post_ln/g8929/Y               -       A->Y   R     NAND2_X2A_A9TL        2    70    71    2814 
  u_backbone/u_post_ln/g8884/Y               -       B0N->Y F     AO21B_X1M_A9TL        1   113    93    2907 
  u_backbone/u_post_ln/g8790/Y               -       A1->Y  R     OAI221_X2M_A9TL       1   165   156    3064 
  u_backbone/s2_post_ln_reg_reg[3][6]/D      -       -      R     DFFRPQ_X2M_A9TL       1     -     0    3064 
#-------------------------------------------------------------------------------------------------------------



Path 47: MET (2 ps) Setup Check with Pin u_backbone/s2_post_ln_reg_reg[2][5]/CK->D
          Group: reg2reg
     Startpoint: (R) u_backbone/s1_mode_pre_ln_reg/CK
          Clock: (R) clk
       Endpoint: (F) u_backbone/s2_post_ln_reg_reg[2][5]/D
          Clock: (R) clk

                     Capture       Launch     
        Clock Edge:+    3300            0     
       Src Latency:+       0            0     
       Net Latency:+       0 (I)        0 (I) 
           Arrival:=    3300            0     
                                              
             Setup:-     114                  
       Uncertainty:-     125                  
     Required Time:=    3061                  
      Launch Clock:-       0                  
         Data Path:-    3060                  
             Slack:=       2                  

#-----------------------------------------------------------------------------------------------------------------
#                Timing Point                  Flags    Arc    Edge       Cell         Fanout Trans Delay Arrival 
#                                                                                              (ps)  (ps)   (ps)  
#-----------------------------------------------------------------------------------------------------------------
  u_backbone/s1_mode_pre_ln_reg/CK             -       -       R     (arrival)            362     0     0       0 
  u_backbone/s1_mode_pre_ln_reg/Q              -       CK->Q   R     DFFRPQ_X4M_A9TL        6   154   341     341 
  u_backbone/u_pre_ln/g6419/Y                  -       A->Y    R     AND2_X6M_A9TL          4    86   149     490 
  u_backbone/u_pre_ln/g6334/Y                  -       A->Y    F     INV_X5M_A9TL           3    49    55     545 
  u_backbone/u_pre_ln/g6246/Y                  -       A->Y    F     OR4_X6M_A9TL           4    84   131     676 
  u_backbone/u_pre_ln/g6164/Y                  -       S0->Y   F     MX2_X4B_A9TL           9   202   217     893 
  u_backbone/gen_tr_lanes[2].u_tr_ln/g7612/Y   -       A->Y    R     INV_X4M_A9TL           4   103   116    1009 
  u_backbone/gen_tr_lanes[2].u_tr_ln/g7562/Y   -       A->Y    F     NAND3_X4M_A9TL         4   136   108    1117 
  u_backbone/gen_tr_lanes[2].u_tr_ln/g7541/Y   -       B->Y    R     NOR2_X2A_A9TL          1   143   140    1257 
  u_backbone/gen_tr_lanes[2].u_tr_ln/g7536/Y   -       A->Y    F     NAND3_X6A_A9TL         4    94    82    1339 
  u_backbone/gen_tr_lanes[2].u_tr_ln/g7622/Y   -       AN->Y   F     NAND2B_X1P4M_A9TL      2   102   164    1503 
  u_backbone/gen_tr_lanes[2].u_tr_ln/g7512/Y   -       A->Y    R     NAND2_X1P4M_A9TL       2   178   138    1641 
  u_backbone/gen_tr_lanes[2].u_tr_ln/g7478/CON -       CI->CON F     CGENI_X2M_A9TL         2   140   127    1767 
  u_backbone/gen_tr_lanes[2].u_tr_ln/g7621/Y   -       A->Y    R     NOR2_X3A_A9TL          3   185   154    1922 
  u_backbone/gen_tr_lanes[2].u_tr_ln/g7455/Y   -       B->Y    F     NOR2_X2A_A9TL          2   100   111    2032 
  u_backbone/gen_tr_lanes[2].u_tr_ln/g7453/Y   -       A->Y    R     NOR2_X2A_A9TL          1    92    88    2120 
  u_backbone/gen_tr_lanes[2].u_tr_ln/g7423/Y   -       A1->Y   R     AO21B_X2M_A9TL         1    70   146    2266 
  u_backbone/g2919/Y                           -       A->Y    F     NAND2_X2A_A9TL         1   100    83    2350 
  u_backbone/g2766/Y                           -       A->Y    R     NAND2_X6M_A9TL         4   117    87    2436 
  u_backbone/u_post_ln/g9120/Y                 -       B->Y    F     NOR2_X6M_A9TL          3    69    79    2515 
  u_backbone/u_post_ln/g9051/Y                 -       B->Y    R     NAND2_X6M_A9TL         3    80    80    2596 
  u_backbone/u_post_ln/g9025/Y                 -       A->Y    F     INV_X1M_A9TL           2    88    82    2677 
  u_backbone/u_post_ln/g8968/Y                 -       A0->Y   R     AOI21_X2M_A9TL         2   163   138    2816 
  u_backbone/u_post_ln/g8849/Y                 -       S0->Y   R     MXIT2_X1M_A9TL         1   166   128    2944 
  u_backbone/u_post_ln/g9357/Y                 -       B0->Y   F     OAI2XB1_X1M_A9TL       1   117   116    3059 
  u_backbone/s2_post_ln_reg_reg[2][5]/D        -       -       F     DFFRPQ_X2M_A9TL        1     -     0    3060 
#-----------------------------------------------------------------------------------------------------------------



Path 48: MET (2 ps) Setup Check with Pin u_backbone/s2_post_ln_reg_reg[6][5]/CK->D
          Group: reg2reg
     Startpoint: (R) u_backbone/s1_vec_in_reg[6][7]/CK
          Clock: (R) clk
       Endpoint: (F) u_backbone/s2_post_ln_reg_reg[6][5]/D
          Clock: (R) clk

                     Capture       Launch     
        Clock Edge:+    3300            0     
       Src Latency:+       0            0     
       Net Latency:+       0 (I)        0 (I) 
           Arrival:=    3300            0     
                                              
             Setup:-     120                  
       Uncertainty:-     125                  
     Required Time:=    3055                  
      Launch Clock:-       0                  
         Data Path:-    3054                  
             Slack:=       2                  

#---------------------------------------------------------------------------------------------------------------
#                Timing Point                  Flags    Arc   Edge       Cell        Fanout Trans Delay Arrival 
#                                                                                            (ps)  (ps)   (ps)  
#---------------------------------------------------------------------------------------------------------------
  u_backbone/s1_vec_in_reg[6][7]/CK            -       -      R     (arrival)           362     0     0       0 
  u_backbone/s1_vec_in_reg[6][7]/Q             -       CK->Q  F     DFFRPQ_X1M_A9TL       1    61   299     299 
  u_backbone/u_pre_ln/g6438/Y                  -       A->Y   R     INV_X1M_A9TL          3   226   153     452 
  u_backbone/u_pre_ln/g6306/Y                  -       B->Y   R     OR4_X6M_A9TL          3    89   178     630 
  u_backbone/u_pre_ln/g6247/Y                  -       A->Y   F     INV_X4M_A9TL          2    48    55     684 
  u_backbone/u_pre_ln/g6217/Y                  -       A->Y   R     NAND2_X4M_A9TL        2    77    60     745 
  u_backbone/u_pre_ln/g6174/Y                  -       A->Y   F     NAND2XB_X2M_A9TL      1    80    71     816 
  u_backbone/u_pre_ln/g6159/Y                  -       A->Y   F     AND2_X8M_A9TL        11    71   134     949 
  u_backbone/gen_tr_lanes[6].u_tr_ln/g7253/Y   -       B->Y   R     NOR2_X4A_A9TL         3   133   107    1056 
  u_backbone/gen_tr_lanes[6].u_tr_ln/g7229/Y   -       A->Y   R     AND2_X4M_A9TL         4    81   139    1195 
  u_backbone/gen_tr_lanes[6].u_tr_ln/g7219/Y   -       A->Y   F     INV_X2M_A9TL          1    39    45    1240 
  u_backbone/gen_tr_lanes[6].u_tr_ln/g7207/Y   -       B->Y   R     NOR2_X2A_A9TL         1   117    91    1331 
  u_backbone/gen_tr_lanes[6].u_tr_ln/g7202/Y   -       A->Y   R     AND3_X3M_A9TL         2    74   136    1467 
  u_backbone/gen_tr_lanes[6].u_tr_ln/g7188/Y   -       A->Y   F     NAND2_X2A_A9TL        2   111    84    1551 
  u_backbone/gen_tr_lanes[6].u_tr_ln/g7173/Y   -       A->Y   R     NAND2_X3M_A9TL        2   131   108    1659 
  u_backbone/gen_tr_lanes[6].u_tr_ln/g7142/CON -       B->CON F     CGENI_X2M_A9TL        2   133   127    1786 
  u_backbone/gen_tr_lanes[6].u_tr_ln/g7124/Y   -       A->Y   R     NOR2_X3A_A9TL         3   179   149    1935 
  u_backbone/gen_tr_lanes[6].u_tr_ln/g7120/Y   -       B->Y   F     NOR2B_X3M_A9TL        2    91   103    2038 
  u_backbone/gen_tr_lanes[6].u_tr_ln/g7118/Y   -       A->Y   R     NOR2_X3B_A9TL         1    82    79    2117 
  u_backbone/gen_tr_lanes[6].u_tr_ln/g7099/Y   -       B->Y   F     NAND2_X2B_A9TL        1    72    76    2193 
  u_backbone/gen_tr_lanes[6].u_tr_ln/g7094/Y   -       B0N->Y R     AO21B_X2M_A9TL        1    72    61    2254 
  u_backbone/g2773/Y                           -       B0->Y  R     AO1B2_X4M_A9TL        3    96   130    2384 
  u_backbone/u_post_ln/g9261/Y                 -       A->Y   F     INV_X3M_A9TL          2    54    61    2445 
  u_backbone/u_post_ln/g9125/Y                 -       B->Y   R     NAND2_X6M_A9TL        4    94    83    2528 
  u_backbone/u_post_ln/g9056/Y                 -       A->Y   F     NOR2_X8M_A9TL         5    63    64    2592 
  u_backbone/u_post_ln/g8963/Y                 -       A0->Y  R     AOI21_X1M_A9TL        1   182   138    2731 
  u_backbone/u_post_ln/g8850/Y                 -       S0->Y  R     MXIT2_X0P5M_A9TL      1   257   181    2912 
  u_backbone/u_post_ln/g9355/Y                 -       B0->Y  F     OAI2XB1_X1M_A9TL      1   133   142    3054 
  u_backbone/s2_post_ln_reg_reg[6][5]/D        -       -      F     DFFRPQ_X2M_A9TL       1     -     0    3054 
#---------------------------------------------------------------------------------------------------------------



Path 49: MET (2 ps) Setup Check with Pin u_backbone/s2_post_ln_reg_reg[7][6]/CK->D
          Group: reg2reg
     Startpoint: (R) u_backbone/s1_mode_pre_ln_reg/CK
          Clock: (R) clk
       Endpoint: (F) u_backbone/s2_post_ln_reg_reg[7][6]/D
          Clock: (R) clk

                     Capture       Launch     
        Clock Edge:+    3300            0     
       Src Latency:+       0            0     
       Net Latency:+       0 (I)        0 (I) 
           Arrival:=    3300            0     
                                              
             Setup:-     118                  
       Uncertainty:-     125                  
     Required Time:=    3057                  
      Launch Clock:-       0                  
         Data Path:-    3055                  
             Slack:=       2                  

#-------------------------------------------------------------------------------------------------------------
#               Timing Point                 Flags    Arc   Edge       Cell        Fanout Trans Delay Arrival 
#                                                                                          (ps)  (ps)   (ps)  
#-------------------------------------------------------------------------------------------------------------
  u_backbone/s1_mode_pre_ln_reg/CK           -       -      R     (arrival)           362     0     0       0 
  u_backbone/s1_mode_pre_ln_reg/Q            -       CK->Q  R     DFFRPQ_X4M_A9TL       6   154   341     341 
  u_backbone/u_pre_ln/g6471/Y                -       A->Y   F     INV_X6M_A9TL          2    55    58     399 
  u_backbone/u_pre_ln/g6470/Y                -       A->Y   R     INV_X4M_A9TL          2    61    59     458 
  u_backbone/u_pre_ln/g6418/Y                -       A->Y   R     AND2_X8M_A9TL         6    95   126     584 
  u_backbone/u_pre_ln/g6582/Y                -       A0->Y  R     AO21_X3M_A9TL         1    58   123     708 
  u_backbone/u_pre_ln/g6210/Y                -       A->Y   R     AND2_X6M_A9TL         6    84   123     830 
  u_backbone/gen_tr_lanes[7].u_tr_ln/g8415/Y -       A->Y   F     INV_X6M_A9TL          5    40    46     876 
  u_backbone/gen_tr_lanes[7].u_tr_ln/g8362/Y -       A->Y   R     NAND3_X1P4M_A9TL      1   127    78     955 
  u_backbone/gen_tr_lanes[7].u_tr_ln/g8345/Y -       B->Y   F     NAND2_X1M_A9TL        1    87    90    1045 
  u_backbone/gen_tr_lanes[7].u_tr_ln/g8324/Y -       B0->Y  R     AOI32_X1M_A9TL        1   207   157    1202 
  u_backbone/gen_tr_lanes[7].u_tr_ln/g8316/Y -       B0->Y  R     OA21_X1P4M_A9TL       1    84   180    1382 
  u_backbone/gen_tr_lanes[7].u_tr_ln/g8306/Y -       A->Y   F     MXIT2_X3M_A9TL        1   105    82    1464 
  u_backbone/gen_tr_lanes[7].u_tr_ln/g8296/Y -       A1->Y  R     AOI21_X6M_A9TL        2   112   124    1588 
  u_backbone/gen_tr_lanes[7].u_tr_ln/g8278/Y -       A->Y   F     NAND2_X4M_A9TL        2    65    64    1652 
  u_backbone/gen_tr_lanes[7].u_tr_ln/g8270/Y -       A->Y   R     NAND2_X4M_A9TL        1    80    70    1722 
  u_backbone/gen_tr_lanes[7].u_tr_ln/g8266/Y -       B->Y   F     NAND2_X6M_A9TL        2    61    63    1785 
  u_backbone/gen_tr_lanes[7].u_tr_ln/g8256/Y -       B->Y   R     NAND2_X8M_A9TL        6    94    85    1870 
  u_backbone/gen_tr_lanes[7].u_tr_ln/g8251/Y -       A->Y   F     INV_X3M_A9TL          1    42    47    1917 
  u_backbone/gen_tr_lanes[7].u_tr_ln/g8246/Y -       A->Y   R     NAND2_X4M_A9TL        2    96    64    1982 
  u_backbone/gen_tr_lanes[7].u_tr_ln/g8244/Y -       A->Y   F     NAND2_X2M_A9TL        1    79    59    2041 
  u_backbone/gen_tr_lanes[7].u_tr_ln/g8238/Y -       A->Y   R     NAND3_X2M_A9TL        1   110    89    2130 
  u_backbone/gen_tr_lanes[7].u_tr_ln/g8233/Y -       A->Y   F     NAND2_X2A_A9TL        1    74    72    2202 
  u_backbone/gen_tr_lanes[7].u_tr_ln/g8435/Y -       B0N->Y R     AO21B_X2M_A9TL        1    80    67    2269 
  u_backbone/g2928/Y                         -       A->Y   F     NAND2_X3A_A9TL        1    75    72    2340 
  u_backbone/g2774/Y                         -       A->Y   R     NAND2_X6M_A9TL        4   112    74    2415 
  u_backbone/u_post_ln/g9256/Y               -       A->Y   F     INV_X4M_A9TL          1    44    48    2462 
  u_backbone/u_post_ln/g9124/Y               -       A->Y   R     NAND2_X6M_A9TL        2    85    64    2527 
  u_backbone/u_post_ln/g9091/Y               -       A->Y   F     INV_X4M_A9TL          3    45    51    2578 
  u_backbone/u_post_ln/g9049/Y               -       B->Y   R     NAND2_X4M_A9TL        3    89    76    2653 
  u_backbone/u_post_ln/g8998/Y               -       B->Y   F     NOR2_X4A_A9TL         3    70    73    2726 
  u_backbone/u_post_ln/g8935/Y               -       A->Y   R     NAND2_X4M_A9TL        2    79    73    2799 
  u_backbone/u_post_ln/g8854/Y               -       A->Y   R     XNOR2_X0P7M_A9TL      1   284   141    2939 
  u_backbone/u_post_ln/g8792/Y               -       A0->Y  F     OAI21_X2M_A9TL        1   109   116    3055 
  u_backbone/s2_post_ln_reg_reg[7][6]/D      -       -      F     DFFRPQ_X1M_A9TL       1     -     0    3055 
#-------------------------------------------------------------------------------------------------------------



Path 50: MET (2 ps) Setup Check with Pin u_backbone/s2_post_ln_reg_reg[5][7]/CK->D
          Group: reg2reg
     Startpoint: (R) u_backbone/s1_mode_pre_ln_reg/CK
          Clock: (R) clk
       Endpoint: (R) u_backbone/s2_post_ln_reg_reg[5][7]/D
          Clock: (R) clk

                     Capture       Launch     
        Clock Edge:+    3300            0     
       Src Latency:+       0            0     
       Net Latency:+       0 (I)        0 (I) 
           Arrival:=    3300            0     
                                              
             Setup:-      99                  
       Uncertainty:-     125                  
     Required Time:=    3076                  
      Launch Clock:-       0                  
         Data Path:-    3074                  
             Slack:=       2                  

#-------------------------------------------------------------------------------------------------------------
#               Timing Point                 Flags    Arc   Edge       Cell        Fanout Trans Delay Arrival 
#                                                                                          (ps)  (ps)   (ps)  
#-------------------------------------------------------------------------------------------------------------
  u_backbone/s1_mode_pre_ln_reg/CK           -       -      R     (arrival)           362     0     0       0 
  u_backbone/s1_mode_pre_ln_reg/Q            -       CK->Q  R     DFFRPQ_X4M_A9TL       6   154   341     341 
  u_backbone/u_pre_ln/g6464/Y                -       A->Y   R     BUF_X3M_A9TL          2    76   143     484 
  u_backbone/u_pre_ln/g6327/Y                -       A->Y   F     NAND4_X4M_A9TL        2   106    81     565 
  u_backbone/u_pre_ln/g6286/Y                -       A->Y   R     NAND2_X2A_A9TL        1    67    71     636 
  u_backbone/u_pre_ln/g6275/Y                -       BN->Y  R     NOR2XB_X6M_A9TL       6   167   178     815 
  u_backbone/gen_tr_lanes[5].u_tr_ln/g7704/Y -       A->Y   F     NOR2XB_X6M_A9TL       4    77    85     900 
  u_backbone/gen_tr_lanes[5].u_tr_ln/g7675/Y -       A->Y   F     AND2_X4M_A9TL         3    58   124    1024 
  u_backbone/gen_tr_lanes[5].u_tr_ln/g7643/Y -       A0->Y  R     AOI22_X6M_A9TL        1   102    99    1123 
  u_backbone/gen_tr_lanes[5].u_tr_ln/g7624/Y -       A0->Y  F     OAI21_X3M_A9TL        1    79    69    1191 
  u_backbone/gen_tr_lanes[5].u_tr_ln/g7615/Y -       BN->Y  F     NOR2XB_X3M_A9TL       1    62   137    1329 
  u_backbone/gen_tr_lanes[5].u_tr_ln/g7608/Y -       A->Y   R     NAND4_X3A_A9TL        1   120    82    1410 
  u_backbone/gen_tr_lanes[5].u_tr_ln/g7603/Y -       B->Y   R     AND2_X4M_A9TL         2    66   128    1539 
  u_backbone/gen_tr_lanes[5].u_tr_ln/g7596/Y -       B->Y   F     NAND2_X3M_A9TL        1    64    61    1600 
  u_backbone/gen_tr_lanes[5].u_tr_ln/g7582/Y -       A0->Y  R     AOI21_X4M_A9TL        2   133   114    1713 
  u_backbone/gen_tr_lanes[5].u_tr_ln/g7573/Y -       B->Y   F     NAND2_X6M_A9TL        2    60    74    1788 
  u_backbone/gen_tr_lanes[5].u_tr_ln/g7561/Y -       B->Y   R     NAND2_X8M_A9TL        2    73    71    1859 
  u_backbone/gen_tr_lanes[5].u_tr_ln/g7557/Y -       A->Y   F     INV_X7P5M_A9TL        5    43    49    1908 
  u_backbone/gen_tr_lanes[5].u_tr_ln/g7556/Y -       A->Y   R     NAND2_X4M_A9TL        4   114    80    1988 
  u_backbone/gen_tr_lanes[5].u_tr_ln/g7544/Y -       C0->Y  R     OA211_X3M_A9TL        1    52   127    2114 
  u_backbone/gen_tr_lanes[5].u_tr_ln/g7733/Y -       B0->Y  F     OAI2XB1_X3M_A9TL      1    63    58    2172 
  u_backbone/g2756/Y                         -       B0->Y  F     AO1B2_X4M_A9TL        4   120   136    2308 
  u_backbone/u_post_ln/g9248/Y               -       A->Y   R     NOR2_X6B_A9TL         4   107   100    2408 
  u_backbone/u_post_ln/g9118/Y               -       A->Y   F     NAND2_X4B_A9TL        3   100    92    2500 
  u_backbone/u_post_ln/g9055/Y               -       A->Y   R     NOR2_X8B_A9TL         4    88    85    2585 
  u_backbone/u_post_ln/g8966/Y               -       A0->Y  F     AOI21_X3M_A9TL        2   102    92    2677 
  u_backbone/u_post_ln/g8897/Y               -       B0->Y  R     AOI2XB1_X4M_A9TL      2   134   117    2794 
  u_backbone/u_post_ln/g9379/Y               -       A0N->Y F     AO1B2_X4M_A9TL        2    70    78    2872 
  u_backbone/u_post_ln/g8821/Y               -       A->Y   R     NOR2_X2A_A9TL         1    84    76    2948 
  u_backbone/u_post_ln/g8778/Y               -       B0N->Y R     OAI21B_X2M_A9TL       1   108   126    3074 
  u_backbone/s2_post_ln_reg_reg[5][7]/D      -       -      R     DFFRPQ_X2M_A9TL       1     -     0    3074 
#-------------------------------------------------------------------------------------------------------------

