
 	 Check Design Report (c)
	 ------------------- 
No subdesign's name is greater than 1.5k in length.

 Feedthrough Module(s)
 -------------------------
No feed through module in 'transformer_core_top'

  Unresolved References & Empty Modules
  ------------------------------------- 
No unresolved references in design 'transformer_core_top'

No empty modules in design 'transformer_core_top'

 Unloaded Pin(s), Port(s)
 -------------------------
design 'transformer_core_top' has the following unloaded sequential elements
inst:transformer_core_top/u_datapath/u_piped_max/v_pipe_reg[2]
inst:transformer_core_top/u_datapath/u_mac_engine/out_valid_mask_reg[0]
inst:transformer_core_top/u_datapath/u_mac_engine/out_valid_mask_reg[1]
inst:transformer_core_top/u_datapath/u_mac_engine/out_valid_mask_reg[2]
inst:transformer_core_top/u_datapath/u_mac_engine/out_valid_mask_reg[3]
inst:transformer_core_top/u_datapath/u_mac_engine/out_valid_mask_reg[4]
inst:transformer_core_top/u_datapath/u_mac_engine/out_valid_mask_reg[5]
inst:transformer_core_top/u_datapath/u_mac_engine/out_valid_mask_reg[6]
inst:transformer_core_top/u_datapath/u_mac_engine/out_valid_mask_reg[7]
Total number of unloaded sequential elements in design 'transformer_core_top' : 9

No unloaded port in 'transformer_core_top'

 Unloaded Combinational Pin(s)
 -------------------------------
design 'transformer_core_top' has the following unloaded combinational elements
pin:transformer_core_top/u_ctrl/ctl_state_q_176_15/g1/z
pin:transformer_core_top/u_ctrl/ctl_state_q_176_15/g5/z
pin:transformer_core_top/u_ctrl/ctl_state_q_176_15/g7/z
pin:transformer_core_top/u_ctrl/ctl_state_q_176_15/g9/z
pin:transformer_core_top/u_ctrl/ctl_state_q_176_15/g13/z
pin:transformer_core_top/u_datapath/u_alpha_stab/minus_20_44_I8/g71/z
pin:transformer_core_top/u_datapath/u_alpha_stab/minus_20_44_I8/g73/z
pin:transformer_core_top/u_datapath/u_alpha_stab/minus_20_44_I8/g76/z
pin:transformer_core_top/u_datapath/u_alpha_stab/minus_20_44_I8/g86/z
pin:transformer_core_top/u_datapath/u_alpha_stab/minus_20_44_I8/g88/z
pin:transformer_core_top/u_datapath/u_alpha_stab/minus_20_44_I7/g71/z
pin:transformer_core_top/u_datapath/u_alpha_stab/minus_20_44_I7/g73/z
pin:transformer_core_top/u_datapath/u_alpha_stab/minus_20_44_I7/g76/z
pin:transformer_core_top/u_datapath/u_alpha_stab/minus_20_44_I7/g86/z
pin:transformer_core_top/u_datapath/u_alpha_stab/minus_20_44_I7/g88/z
pin:transformer_core_top/u_datapath/u_alpha_stab/minus_20_44_I6/g71/z
pin:transformer_core_top/u_datapath/u_alpha_stab/minus_20_44_I6/g73/z
pin:transformer_core_top/u_datapath/u_alpha_stab/minus_20_44_I6/g76/z
pin:transformer_core_top/u_datapath/u_alpha_stab/minus_20_44_I6/g86/z
pin:transformer_core_top/u_datapath/u_alpha_stab/minus_20_44_I6/g88/z
pin:transformer_core_top/u_datapath/u_alpha_stab/minus_20_44_I5/g71/z
pin:transformer_core_top/u_datapath/u_alpha_stab/minus_20_44_I5/g73/z
pin:transformer_core_top/u_datapath/u_alpha_stab/minus_20_44_I5/g76/z
pin:transformer_core_top/u_datapath/u_alpha_stab/minus_20_44_I5/g86/z
pin:transformer_core_top/u_datapath/u_alpha_stab/minus_20_44_I5/g88/z
pin:transformer_core_top/u_datapath/u_alpha_stab/minus_20_44_I4/g71/z
pin:transformer_core_top/u_datapath/u_alpha_stab/minus_20_44_I4/g73/z
pin:transformer_core_top/u_datapath/u_alpha_stab/minus_20_44_I4/g76/z
pin:transformer_core_top/u_datapath/u_alpha_stab/minus_20_44_I4/g86/z
pin:transformer_core_top/u_datapath/u_alpha_stab/minus_20_44_I4/g88/z
pin:transformer_core_top/u_datapath/u_alpha_stab/minus_20_44_I3/g71/z
pin:transformer_core_top/u_datapath/u_alpha_stab/minus_20_44_I3/g73/z
pin:transformer_core_top/u_datapath/u_alpha_stab/minus_20_44_I3/g76/z
pin:transformer_core_top/u_datapath/u_alpha_stab/minus_20_44_I3/g86/z
pin:transformer_core_top/u_datapath/u_alpha_stab/minus_20_44_I3/g88/z
pin:transformer_core_top/u_datapath/u_alpha_stab/minus_20_44_I2/g71/z
pin:transformer_core_top/u_datapath/u_alpha_stab/minus_20_44_I2/g73/z
pin:transformer_core_top/u_datapath/u_alpha_stab/minus_20_44_I2/g76/z
pin:transformer_core_top/u_datapath/u_alpha_stab/minus_20_44_I2/g86/z
pin:transformer_core_top/u_datapath/u_alpha_stab/minus_20_44_I2/g88/z
pin:transformer_core_top/u_datapath/u_alpha_stab/minus_20_44_I1/g71/z
pin:transformer_core_top/u_datapath/u_alpha_stab/minus_20_44_I1/g73/z
pin:transformer_core_top/u_datapath/u_alpha_stab/minus_20_44_I1/g76/z
pin:transformer_core_top/u_datapath/u_alpha_stab/minus_20_44_I1/g86/z
pin:transformer_core_top/u_datapath/u_alpha_stab/minus_20_44_I1/g88/z
pin:transformer_core_top/u_datapath/u_tr_array/u_ln_0_20b/add_52_26/g4/z
pin:transformer_core_top/u_datapath/u_tr_array/u_ln_0_20b/sll_38_27/g225/z
pin:transformer_core_top/u_datapath/u_tr_array/u_ln_0_20b/sll_38_27/g226/z
pin:transformer_core_top/u_datapath/u_tr_array/u_ln_0_20b/sll_38_27/g227/z
pin:transformer_core_top/u_datapath/u_tr_array/u_ln_0_20b/sll_38_27/g228/z
pin:transformer_core_top/u_datapath/u_tr_array/u_ln_0_20b/sll_38_27/g229/z
pin:transformer_core_top/u_datapath/u_tr_array/u_ln_0_20b/sll_38_27/g230/z
pin:transformer_core_top/u_datapath/u_tr_array/u_ln_0_20b/sll_38_27/g231/z
pin:transformer_core_top/u_datapath/u_tr_array/u_ln_0_20b/sll_38_27/g232/z
pin:transformer_core_top/u_datapath/u_tr_array/u_ln_0_20b/sll_38_27/g233/z
pin:transformer_core_top/u_datapath/u_tr_array/u_ln_0_20b/sll_38_27/g234/z
pin:transformer_core_top/u_datapath/u_tr_array/u_ln_0_20b/sll_38_27/g235/z
pin:transformer_core_top/u_datapath/u_tr_array/u_exp_0_20b/u_quad/mul_42_37/g1/z
pin:transformer_core_top/u_datapath/u_tr_array/u_exp_0_20b/u_quad/mul_42_37/g430/z
pin:transformer_core_top/u_datapath/u_tr_array/u_exp_0_20b/u_quad/mul_42_37/g433/z
pin:transformer_core_top/u_datapath/u_tr_array/u_exp_0_20b/u_quad/mul_42_37/g435/z
pin:transformer_core_top/u_datapath/u_tr_array/u_exp_0_20b/u_quad/mul_42_37/g438/z
pin:transformer_core_top/u_datapath/u_tr_array/u_exp_0_20b/u_quad/mul_42_37/g440/z
pin:transformer_core_top/u_datapath/u_tr_array/u_exp_0_20b/u_quad/mul_42_37/g443/z
pin:transformer_core_top/u_datapath/u_tr_array/u_exp_0_20b/u_quad/mul_42_37/g445/z
pin:transformer_core_top/u_datapath/u_tr_array/u_exp_0_20b/u_quad/mul_42_37/g463/z
pin:transformer_core_top/u_datapath/u_tr_array/u_ln_0_8b/add_52_26/g4/z
pin:transformer_core_top/u_datapath/u_tr_array/u_ln_0_8b/sll_38_27/g55/z
pin:transformer_core_top/u_datapath/u_tr_array/u_ln_0_8b/sll_38_27/g56/z
pin:transformer_core_top/u_datapath/u_tr_array/u_ln_0_8b/sll_38_27/g57/z
pin:transformer_core_top/u_datapath/u_tr_array/u_ln_0_8b/add0013051/g37/z
pin:transformer_core_top/u_datapath/u_tr_array/GEN_LANES[1].u_ln_i/add_52_26/g4/z
pin:transformer_core_top/u_datapath/u_tr_array/GEN_LANES[1].u_ln_i/sll_38_27/g55/z
pin:transformer_core_top/u_datapath/u_tr_array/GEN_LANES[1].u_ln_i/sll_38_27/g56/z
pin:transformer_core_top/u_datapath/u_tr_array/GEN_LANES[1].u_ln_i/sll_38_27/g57/z
pin:transformer_core_top/u_datapath/u_tr_array/GEN_LANES[1].u_ln_i/add0013051/g37/z
pin:transformer_core_top/u_datapath/u_tr_array/GEN_LANES[2].u_ln_i/add_52_26/g4/z
pin:transformer_core_top/u_datapath/u_tr_array/GEN_LANES[2].u_ln_i/sll_38_27/g55/z
pin:transformer_core_top/u_datapath/u_tr_array/GEN_LANES[2].u_ln_i/sll_38_27/g56/z
pin:transformer_core_top/u_datapath/u_tr_array/GEN_LANES[2].u_ln_i/sll_38_27/g57/z
pin:transformer_core_top/u_datapath/u_tr_array/GEN_LANES[2].u_ln_i/add0013051/g37/z
pin:transformer_core_top/u_datapath/u_tr_array/GEN_LANES[3].u_ln_i/add_52_26/g4/z
pin:transformer_core_top/u_datapath/u_tr_array/GEN_LANES[3].u_ln_i/sll_38_27/g55/z
pin:transformer_core_top/u_datapath/u_tr_array/GEN_LANES[3].u_ln_i/sll_38_27/g56/z
pin:transformer_core_top/u_datapath/u_tr_array/GEN_LANES[3].u_ln_i/sll_38_27/g57/z
pin:transformer_core_top/u_datapath/u_tr_array/GEN_LANES[3].u_ln_i/add0013051/g37/z
pin:transformer_core_top/u_datapath/u_tr_array/GEN_LANES[4].u_ln_i/add_52_26/g4/z
pin:transformer_core_top/u_datapath/u_tr_array/GEN_LANES[4].u_ln_i/sll_38_27/g55/z
pin:transformer_core_top/u_datapath/u_tr_array/GEN_LANES[4].u_ln_i/sll_38_27/g56/z
pin:transformer_core_top/u_datapath/u_tr_array/GEN_LANES[4].u_ln_i/sll_38_27/g57/z
pin:transformer_core_top/u_datapath/u_tr_array/GEN_LANES[4].u_ln_i/add0013051/g37/z
pin:transformer_core_top/u_datapath/u_tr_array/GEN_LANES[5].u_ln_i/add_52_26/g4/z
pin:transformer_core_top/u_datapath/u_tr_array/GEN_LANES[5].u_ln_i/sll_38_27/g55/z
pin:transformer_core_top/u_datapath/u_tr_array/GEN_LANES[5].u_ln_i/sll_38_27/g56/z
pin:transformer_core_top/u_datapath/u_tr_array/GEN_LANES[5].u_ln_i/sll_38_27/g57/z
pin:transformer_core_top/u_datapath/u_tr_array/GEN_LANES[5].u_ln_i/add0013051/g37/z
pin:transformer_core_top/u_datapath/u_tr_array/GEN_LANES[6].u_ln_i/add_52_26/g4/z
pin:transformer_core_top/u_datapath/u_tr_array/GEN_LANES[6].u_ln_i/sll_38_27/g55/z
pin:transformer_core_top/u_datapath/u_tr_array/GEN_LANES[6].u_ln_i/sll_38_27/g56/z
pin:transformer_core_top/u_datapath/u_tr_array/GEN_LANES[6].u_ln_i/sll_38_27/g57/z
pin:transformer_core_top/u_datapath/u_tr_array/GEN_LANES[6].u_ln_i/add0013051/g37/z
pin:transformer_core_top/u_datapath/u_tr_array/GEN_LANES[7].u_ln_i/add_52_26/g4/z
pin:transformer_core_top/u_datapath/u_tr_array/GEN_LANES[7].u_ln_i/sll_38_27/g55/z
pin:transformer_core_top/u_datapath/u_tr_array/GEN_LANES[7].u_ln_i/sll_38_27/g56/z
pin:transformer_core_top/u_datapath/u_tr_array/GEN_LANES[7].u_ln_i/sll_38_27/g57/z
pin:transformer_core_top/u_datapath/u_tr_array/GEN_LANES[7].u_ln_i/add0013051/g37/z
pin:transformer_core_top/u_datapath/u_mac_engine/add_141_26_I7/g3/z
pin:transformer_core_top/u_datapath/u_mac_engine/add_141_26_I7/g276/z
pin:transformer_core_top/u_datapath/u_mac_engine/add_141_26_I7/g278/z
pin:transformer_core_top/u_datapath/add_179_63/g4/z
pin:transformer_core_top/u_datapath/add_179_63/g374/z
pin:transformer_core_top/u_datapath/add_179_63/g376/z
pin:transformer_core_top/u_datapath/add_179_63/g379/z
pin:transformer_core_top/u_datapath/add_179_63/g381/z
pin:transformer_core_top/u_datapath/add_179_63/g384/z
pin:transformer_core_top/u_datapath/add_179_63/g386/z
pin:transformer_core_top/u_datapath/add_179_63/g410/z
pin:transformer_core_top/u_datapath/add_179_63/g412/z
pin:transformer_core_top/u_datapath/add_179_63/g415/z
pin:transformer_core_top/u_datapath/add_179_63/g417/z
pin:transformer_core_top/u_datapath/add_179_63/g420/z
pin:transformer_core_top/u_datapath/add_179_63/g423/z
pin:transformer_core_top/u_datapath/add_179_63/g426/z
pin:transformer_core_top/u_datapath/add_179_63/g428/z
pin:transformer_core_top/u_datapath/add_179_63/g431/z
pin:transformer_core_top/u_datapath/add_179_63/g433/z
pin:transformer_core_top/u_datapath/add_179_63/g436/z
pin:transformer_core_top/u_datapath/add_179_63/g438/z
pin:transformer_core_top/u_datapath/add_179_63/g441/z
pin:transformer_core_top/u_datapath/add_179_63/g444/z
pin:transformer_core_top/u_datapath/add_179_63/g447/z
pin:transformer_core_top/u_datapath/add_179_63/g449/z
pin:transformer_core_top/u_datapath/add_179_63/g452/z
pin:transformer_core_top/u_datapath/add_232_50_I8/g4/z
pin:transformer_core_top/u_datapath/add_232_50_I8/g374/z
pin:transformer_core_top/u_datapath/add_232_50_I8/g376/z
pin:transformer_core_top/u_datapath/add_232_50_I8/g379/z
pin:transformer_core_top/u_datapath/add_232_50_I8/g381/z
pin:transformer_core_top/u_datapath/add_232_50_I8/g384/z
pin:transformer_core_top/u_datapath/add_232_50_I8/g386/z
pin:transformer_core_top/u_datapath/add_232_50_I8/g389/z
pin:transformer_core_top/u_datapath/add_232_50_I8/g412/z
pin:transformer_core_top/u_datapath/add_232_50_I8/g415/z
pin:transformer_core_top/u_datapath/add_232_50_I8/g417/z
pin:transformer_core_top/u_datapath/add_232_50_I8/g420/z
pin:transformer_core_top/u_datapath/add_232_50_I8/g423/z
pin:transformer_core_top/u_datapath/add_232_50_I8/g426/z
pin:transformer_core_top/u_datapath/add_232_50_I8/g428/z
pin:transformer_core_top/u_datapath/add_232_50_I8/g431/z
pin:transformer_core_top/u_datapath/add_232_50_I8/g433/z
pin:transformer_core_top/u_datapath/add_232_50_I8/g436/z
pin:transformer_core_top/u_datapath/add_232_50_I8/g438/z
pin:transformer_core_top/u_datapath/add_232_50_I8/g441/z
pin:transformer_core_top/u_datapath/add_232_50_I8/g444/z
pin:transformer_core_top/u_datapath/add_232_50_I8/g447/z
pin:transformer_core_top/u_datapath/add_232_50_I8/g449/z
pin:transformer_core_top/u_datapath/add_232_50_I8/g452/z
pin:transformer_core_top/u_datapath/add_232_50_I7/g4/z
pin:transformer_core_top/u_datapath/add_232_50_I7/g374/z
pin:transformer_core_top/u_datapath/add_232_50_I7/g376/z
pin:transformer_core_top/u_datapath/add_232_50_I7/g379/z
pin:transformer_core_top/u_datapath/add_232_50_I7/g381/z
pin:transformer_core_top/u_datapath/add_232_50_I7/g384/z
pin:transformer_core_top/u_datapath/add_232_50_I7/g386/z
pin:transformer_core_top/u_datapath/add_232_50_I7/g389/z
pin:transformer_core_top/u_datapath/add_232_50_I7/g412/z
pin:transformer_core_top/u_datapath/add_232_50_I7/g415/z
pin:transformer_core_top/u_datapath/add_232_50_I7/g417/z
pin:transformer_core_top/u_datapath/add_232_50_I7/g420/z
pin:transformer_core_top/u_datapath/add_232_50_I7/g423/z
pin:transformer_core_top/u_datapath/add_232_50_I7/g426/z
pin:transformer_core_top/u_datapath/add_232_50_I7/g428/z
pin:transformer_core_top/u_datapath/add_232_50_I7/g431/z
pin:transformer_core_top/u_datapath/add_232_50_I7/g433/z
pin:transformer_core_top/u_datapath/add_232_50_I7/g436/z
pin:transformer_core_top/u_datapath/add_232_50_I7/g438/z
pin:transformer_core_top/u_datapath/add_232_50_I7/g441/z
pin:transformer_core_top/u_datapath/add_232_50_I7/g444/z
pin:transformer_core_top/u_datapath/add_232_50_I7/g447/z
pin:transformer_core_top/u_datapath/add_232_50_I7/g449/z
pin:transformer_core_top/u_datapath/add_232_50_I7/g452/z
pin:transformer_core_top/u_datapath/add_232_50_I6/g4/z
pin:transformer_core_top/u_datapath/add_232_50_I6/g374/z
pin:transformer_core_top/u_datapath/add_232_50_I6/g376/z
pin:transformer_core_top/u_datapath/add_232_50_I6/g379/z
pin:transformer_core_top/u_datapath/add_232_50_I6/g381/z
pin:transformer_core_top/u_datapath/add_232_50_I6/g384/z
pin:transformer_core_top/u_datapath/add_232_50_I6/g386/z
pin:transformer_core_top/u_datapath/add_232_50_I6/g389/z
pin:transformer_core_top/u_datapath/add_232_50_I6/g412/z
pin:transformer_core_top/u_datapath/add_232_50_I6/g415/z
pin:transformer_core_top/u_datapath/add_232_50_I6/g417/z
pin:transformer_core_top/u_datapath/add_232_50_I6/g420/z
pin:transformer_core_top/u_datapath/add_232_50_I6/g423/z
pin:transformer_core_top/u_datapath/add_232_50_I6/g426/z
pin:transformer_core_top/u_datapath/add_232_50_I6/g428/z
pin:transformer_core_top/u_datapath/add_232_50_I6/g431/z
pin:transformer_core_top/u_datapath/add_232_50_I6/g433/z
pin:transformer_core_top/u_datapath/add_232_50_I6/g436/z
pin:transformer_core_top/u_datapath/add_232_50_I6/g438/z
pin:transformer_core_top/u_datapath/add_232_50_I6/g441/z
pin:transformer_core_top/u_datapath/add_232_50_I6/g444/z
pin:transformer_core_top/u_datapath/add_232_50_I6/g447/z
pin:transformer_core_top/u_datapath/add_232_50_I6/g449/z
pin:transformer_core_top/u_datapath/add_232_50_I6/g452/z
pin:transformer_core_top/u_datapath/add_232_50_I5/g4/z
pin:transformer_core_top/u_datapath/add_232_50_I5/g374/z
pin:transformer_core_top/u_datapath/add_232_50_I5/g376/z
pin:transformer_core_top/u_datapath/add_232_50_I5/g379/z
pin:transformer_core_top/u_datapath/add_232_50_I5/g381/z
pin:transformer_core_top/u_datapath/add_232_50_I5/g384/z
pin:transformer_core_top/u_datapath/add_232_50_I5/g386/z
pin:transformer_core_top/u_datapath/add_232_50_I5/g389/z
pin:transformer_core_top/u_datapath/add_232_50_I5/g412/z
pin:transformer_core_top/u_datapath/add_232_50_I5/g415/z
pin:transformer_core_top/u_datapath/add_232_50_I5/g417/z
pin:transformer_core_top/u_datapath/add_232_50_I5/g420/z
pin:transformer_core_top/u_datapath/add_232_50_I5/g423/z
pin:transformer_core_top/u_datapath/add_232_50_I5/g426/z
pin:transformer_core_top/u_datapath/add_232_50_I5/g428/z
pin:transformer_core_top/u_datapath/add_232_50_I5/g431/z
pin:transformer_core_top/u_datapath/add_232_50_I5/g433/z
pin:transformer_core_top/u_datapath/add_232_50_I5/g436/z
pin:transformer_core_top/u_datapath/add_232_50_I5/g438/z
pin:transformer_core_top/u_datapath/add_232_50_I5/g441/z
pin:transformer_core_top/u_datapath/add_232_50_I5/g444/z
pin:transformer_core_top/u_datapath/add_232_50_I5/g447/z
pin:transformer_core_top/u_datapath/add_232_50_I5/g449/z
pin:transformer_core_top/u_datapath/add_232_50_I5/g452/z
pin:transformer_core_top/u_datapath/add_232_50_I4/g4/z
pin:transformer_core_top/u_datapath/add_232_50_I4/g374/z
pin:transformer_core_top/u_datapath/add_232_50_I4/g376/z
pin:transformer_core_top/u_datapath/add_232_50_I4/g379/z
pin:transformer_core_top/u_datapath/add_232_50_I4/g381/z
pin:transformer_core_top/u_datapath/add_232_50_I4/g384/z
pin:transformer_core_top/u_datapath/add_232_50_I4/g386/z
pin:transformer_core_top/u_datapath/add_232_50_I4/g389/z
pin:transformer_core_top/u_datapath/add_232_50_I4/g412/z
pin:transformer_core_top/u_datapath/add_232_50_I4/g415/z
pin:transformer_core_top/u_datapath/add_232_50_I4/g417/z
pin:transformer_core_top/u_datapath/add_232_50_I4/g420/z
pin:transformer_core_top/u_datapath/add_232_50_I4/g423/z
pin:transformer_core_top/u_datapath/add_232_50_I4/g426/z
pin:transformer_core_top/u_datapath/add_232_50_I4/g428/z
pin:transformer_core_top/u_datapath/add_232_50_I4/g431/z
pin:transformer_core_top/u_datapath/add_232_50_I4/g433/z
pin:transformer_core_top/u_datapath/add_232_50_I4/g436/z
pin:transformer_core_top/u_datapath/add_232_50_I4/g438/z
pin:transformer_core_top/u_datapath/add_232_50_I4/g441/z
pin:transformer_core_top/u_datapath/add_232_50_I4/g444/z
pin:transformer_core_top/u_datapath/add_232_50_I4/g447/z
pin:transformer_core_top/u_datapath/add_232_50_I4/g449/z
pin:transformer_core_top/u_datapath/add_232_50_I4/g452/z
pin:transformer_core_top/u_datapath/add_232_50_I3/g4/z
pin:transformer_core_top/u_datapath/add_232_50_I3/g374/z
pin:transformer_core_top/u_datapath/add_232_50_I3/g376/z
pin:transformer_core_top/u_datapath/add_232_50_I3/g379/z
pin:transformer_core_top/u_datapath/add_232_50_I3/g381/z
pin:transformer_core_top/u_datapath/add_232_50_I3/g384/z
pin:transformer_core_top/u_datapath/add_232_50_I3/g386/z
pin:transformer_core_top/u_datapath/add_232_50_I3/g389/z
pin:transformer_core_top/u_datapath/add_232_50_I3/g412/z
pin:transformer_core_top/u_datapath/add_232_50_I3/g415/z
pin:transformer_core_top/u_datapath/add_232_50_I3/g417/z
pin:transformer_core_top/u_datapath/add_232_50_I3/g420/z
pin:transformer_core_top/u_datapath/add_232_50_I3/g423/z
pin:transformer_core_top/u_datapath/add_232_50_I3/g426/z
pin:transformer_core_top/u_datapath/add_232_50_I3/g428/z
pin:transformer_core_top/u_datapath/add_232_50_I3/g431/z
pin:transformer_core_top/u_datapath/add_232_50_I3/g433/z
pin:transformer_core_top/u_datapath/add_232_50_I3/g436/z
pin:transformer_core_top/u_datapath/add_232_50_I3/g438/z
pin:transformer_core_top/u_datapath/add_232_50_I3/g441/z
pin:transformer_core_top/u_datapath/add_232_50_I3/g444/z
pin:transformer_core_top/u_datapath/add_232_50_I3/g447/z
pin:transformer_core_top/u_datapath/add_232_50_I3/g449/z
pin:transformer_core_top/u_datapath/add_232_50_I3/g452/z
pin:transformer_core_top/u_datapath/add_232_50_I2/g4/z
pin:transformer_core_top/u_datapath/add_232_50_I2/g374/z
pin:transformer_core_top/u_datapath/add_232_50_I2/g376/z
pin:transformer_core_top/u_datapath/add_232_50_I2/g379/z
pin:transformer_core_top/u_datapath/add_232_50_I2/g381/z
pin:transformer_core_top/u_datapath/add_232_50_I2/g384/z
pin:transformer_core_top/u_datapath/add_232_50_I2/g386/z
pin:transformer_core_top/u_datapath/add_232_50_I2/g389/z
pin:transformer_core_top/u_datapath/add_232_50_I2/g412/z
pin:transformer_core_top/u_datapath/add_232_50_I2/g415/z
pin:transformer_core_top/u_datapath/add_232_50_I2/g417/z
pin:transformer_core_top/u_datapath/add_232_50_I2/g420/z
pin:transformer_core_top/u_datapath/add_232_50_I2/g423/z
pin:transformer_core_top/u_datapath/add_232_50_I2/g426/z
pin:transformer_core_top/u_datapath/add_232_50_I2/g428/z
pin:transformer_core_top/u_datapath/add_232_50_I2/g431/z
pin:transformer_core_top/u_datapath/add_232_50_I2/g433/z
pin:transformer_core_top/u_datapath/add_232_50_I2/g436/z
pin:transformer_core_top/u_datapath/add_232_50_I2/g438/z
pin:transformer_core_top/u_datapath/add_232_50_I2/g441/z
pin:transformer_core_top/u_datapath/add_232_50_I2/g444/z
pin:transformer_core_top/u_datapath/add_232_50_I2/g447/z
pin:transformer_core_top/u_datapath/add_232_50_I2/g449/z
pin:transformer_core_top/u_datapath/add_232_50_I2/g452/z
pin:transformer_core_top/u_datapath/add_232_50_I1/g4/z
pin:transformer_core_top/u_datapath/add_232_50_I1/g374/z
pin:transformer_core_top/u_datapath/add_232_50_I1/g376/z
pin:transformer_core_top/u_datapath/add_232_50_I1/g379/z
pin:transformer_core_top/u_datapath/add_232_50_I1/g381/z
pin:transformer_core_top/u_datapath/add_232_50_I1/g384/z
pin:transformer_core_top/u_datapath/add_232_50_I1/g386/z
pin:transformer_core_top/u_datapath/add_232_50_I1/g389/z
pin:transformer_core_top/u_datapath/add_232_50_I1/g412/z
pin:transformer_core_top/u_datapath/add_232_50_I1/g415/z
pin:transformer_core_top/u_datapath/add_232_50_I1/g417/z
pin:transformer_core_top/u_datapath/add_232_50_I1/g420/z
pin:transformer_core_top/u_datapath/add_232_50_I1/g423/z
pin:transformer_core_top/u_datapath/add_232_50_I1/g426/z
pin:transformer_core_top/u_datapath/add_232_50_I1/g428/z
pin:transformer_core_top/u_datapath/add_232_50_I1/g431/z
pin:transformer_core_top/u_datapath/add_232_50_I1/g433/z
pin:transformer_core_top/u_datapath/add_232_50_I1/g436/z
pin:transformer_core_top/u_datapath/add_232_50_I1/g438/z
pin:transformer_core_top/u_datapath/add_232_50_I1/g441/z
pin:transformer_core_top/u_datapath/add_232_50_I1/g444/z
pin:transformer_core_top/u_datapath/add_232_50_I1/g447/z
pin:transformer_core_top/u_datapath/add_232_50_I1/g449/z
pin:transformer_core_top/u_datapath/add_232_50_I1/g452/z
pin:transformer_core_top/u_datapath/add_218_48/g1/z
pin:transformer_core_top/u_datapath/add_218_48/g459/z
pin:transformer_core_top/u_datapath/add_218_48/g461/z
pin:transformer_core_top/u_datapath/add_218_48/g464/z
pin:transformer_core_top/u_datapath/add_218_48/g466/z
pin:transformer_core_top/u_datapath/add_218_48/g469/z
pin:transformer_core_top/u_datapath/add_218_48/g471/z
pin:transformer_core_top/u_datapath/add_218_48/g474/z
pin:transformer_core_top/u_datapath/add_218_48/g476/z
pin:transformer_core_top/u_datapath/add_218_48/g479/z
pin:transformer_core_top/u_datapath/add_218_48/g481/z
pin:transformer_core_top/u_datapath/add_218_48/g484/z
pin:transformer_core_top/u_datapath/add_218_48/g508/z
pin:transformer_core_top/u_datapath/add_218_48/g511/z
pin:transformer_core_top/u_datapath/add_218_48/g513/z
pin:transformer_core_top/u_datapath/add_218_48/g516/z
pin:transformer_core_top/u_datapath/add_218_48/g518/z
pin:transformer_core_top/u_datapath/add_218_48/g521/z
pin:transformer_core_top/u_datapath/add_218_48/g523/z
pin:transformer_core_top/u_datapath/add_218_48/g526/z
pin:transformer_core_top/u_datapath/add_218_48/g529/z
pin:transformer_core_top/u_datapath/add_218_48/g532/z
pin:transformer_core_top/u_datapath/add_218_48/g534/z
pin:transformer_core_top/u_datapath/add_218_48/g537/z
pin:transformer_core_top/u_datapath/add_218_48/g539/z
pin:transformer_core_top/u_datapath/add_218_48/g542/z
pin:transformer_core_top/u_datapath/add_218_48/g544/z
pin:transformer_core_top/u_datapath/add_218_48/g547/z
pin:transformer_core_top/u_datapath/add_218_48/g550/z
pin:transformer_core_top/u_datapath/add_218_48/g553/z
pin:transformer_core_top/u_datapath/add_218_48/g555/z
pin:transformer_core_top/u_datapath/add_218_48/g558/z
pin:transformer_core_top/u_datapath/add_244_48_I8/g4/z
pin:transformer_core_top/u_datapath/add_244_48_I8/g374/z
pin:transformer_core_top/u_datapath/add_244_48_I8/g376/z
pin:transformer_core_top/u_datapath/add_244_48_I8/g379/z
pin:transformer_core_top/u_datapath/add_244_48_I8/g407/z
pin:transformer_core_top/u_datapath/add_244_48_I8/g410/z
pin:transformer_core_top/u_datapath/add_244_48_I8/g412/z
pin:transformer_core_top/u_datapath/add_244_48_I8/g415/z
pin:transformer_core_top/u_datapath/add_244_48_I8/g417/z
pin:transformer_core_top/u_datapath/add_244_48_I8/g420/z
pin:transformer_core_top/u_datapath/add_244_48_I8/g423/z
pin:transformer_core_top/u_datapath/add_244_48_I8/g426/z
pin:transformer_core_top/u_datapath/add_244_48_I8/g428/z
pin:transformer_core_top/u_datapath/add_244_48_I8/g431/z
pin:transformer_core_top/u_datapath/add_244_48_I8/g433/z
pin:transformer_core_top/u_datapath/add_244_48_I8/g436/z
pin:transformer_core_top/u_datapath/add_244_48_I8/g438/z
pin:transformer_core_top/u_datapath/add_244_48_I8/g441/z
pin:transformer_core_top/u_datapath/add_244_48_I8/g444/z
pin:transformer_core_top/u_datapath/add_244_48_I8/g447/z
pin:transformer_core_top/u_datapath/add_244_48_I8/g449/z
pin:transformer_core_top/u_datapath/add_244_48_I8/g452/z
pin:transformer_core_top/u_datapath/add_244_48_I7/g4/z
pin:transformer_core_top/u_datapath/add_244_48_I7/g374/z
pin:transformer_core_top/u_datapath/add_244_48_I7/g376/z
pin:transformer_core_top/u_datapath/add_244_48_I7/g379/z
pin:transformer_core_top/u_datapath/add_244_48_I7/g407/z
pin:transformer_core_top/u_datapath/add_244_48_I7/g410/z
pin:transformer_core_top/u_datapath/add_244_48_I7/g412/z
pin:transformer_core_top/u_datapath/add_244_48_I7/g415/z
pin:transformer_core_top/u_datapath/add_244_48_I7/g417/z
pin:transformer_core_top/u_datapath/add_244_48_I7/g420/z
pin:transformer_core_top/u_datapath/add_244_48_I7/g423/z
pin:transformer_core_top/u_datapath/add_244_48_I7/g426/z
pin:transformer_core_top/u_datapath/add_244_48_I7/g428/z
pin:transformer_core_top/u_datapath/add_244_48_I7/g431/z
pin:transformer_core_top/u_datapath/add_244_48_I7/g433/z
pin:transformer_core_top/u_datapath/add_244_48_I7/g436/z
pin:transformer_core_top/u_datapath/add_244_48_I7/g438/z
pin:transformer_core_top/u_datapath/add_244_48_I7/g441/z
pin:transformer_core_top/u_datapath/add_244_48_I7/g444/z
pin:transformer_core_top/u_datapath/add_244_48_I7/g447/z
pin:transformer_core_top/u_datapath/add_244_48_I7/g449/z
pin:transformer_core_top/u_datapath/add_244_48_I7/g452/z
pin:transformer_core_top/u_datapath/add_244_48_I6/g4/z
pin:transformer_core_top/u_datapath/add_244_48_I6/g374/z
pin:transformer_core_top/u_datapath/add_244_48_I6/g376/z
pin:transformer_core_top/u_datapath/add_244_48_I6/g379/z
pin:transformer_core_top/u_datapath/add_244_48_I6/g407/z
pin:transformer_core_top/u_datapath/add_244_48_I6/g410/z
pin:transformer_core_top/u_datapath/add_244_48_I6/g412/z
pin:transformer_core_top/u_datapath/add_244_48_I6/g415/z
pin:transformer_core_top/u_datapath/add_244_48_I6/g417/z
pin:transformer_core_top/u_datapath/add_244_48_I6/g420/z
pin:transformer_core_top/u_datapath/add_244_48_I6/g423/z
pin:transformer_core_top/u_datapath/add_244_48_I6/g426/z
pin:transformer_core_top/u_datapath/add_244_48_I6/g428/z
pin:transformer_core_top/u_datapath/add_244_48_I6/g431/z
pin:transformer_core_top/u_datapath/add_244_48_I6/g433/z
pin:transformer_core_top/u_datapath/add_244_48_I6/g436/z
pin:transformer_core_top/u_datapath/add_244_48_I6/g438/z
pin:transformer_core_top/u_datapath/add_244_48_I6/g441/z
pin:transformer_core_top/u_datapath/add_244_48_I6/g444/z
pin:transformer_core_top/u_datapath/add_244_48_I6/g447/z
pin:transformer_core_top/u_datapath/add_244_48_I6/g449/z
pin:transformer_core_top/u_datapath/add_244_48_I6/g452/z
pin:transformer_core_top/u_datapath/add_244_48_I5/g4/z
pin:transformer_core_top/u_datapath/add_244_48_I5/g374/z
pin:transformer_core_top/u_datapath/add_244_48_I5/g376/z
pin:transformer_core_top/u_datapath/add_244_48_I5/g379/z
pin:transformer_core_top/u_datapath/add_244_48_I5/g407/z
pin:transformer_core_top/u_datapath/add_244_48_I5/g410/z
pin:transformer_core_top/u_datapath/add_244_48_I5/g412/z
pin:transformer_core_top/u_datapath/add_244_48_I5/g415/z
pin:transformer_core_top/u_datapath/add_244_48_I5/g417/z
pin:transformer_core_top/u_datapath/add_244_48_I5/g420/z
pin:transformer_core_top/u_datapath/add_244_48_I5/g423/z
pin:transformer_core_top/u_datapath/add_244_48_I5/g426/z
pin:transformer_core_top/u_datapath/add_244_48_I5/g428/z
pin:transformer_core_top/u_datapath/add_244_48_I5/g431/z
pin:transformer_core_top/u_datapath/add_244_48_I5/g433/z
pin:transformer_core_top/u_datapath/add_244_48_I5/g436/z
pin:transformer_core_top/u_datapath/add_244_48_I5/g438/z
pin:transformer_core_top/u_datapath/add_244_48_I5/g441/z
pin:transformer_core_top/u_datapath/add_244_48_I5/g444/z
pin:transformer_core_top/u_datapath/add_244_48_I5/g447/z
pin:transformer_core_top/u_datapath/add_244_48_I5/g449/z
pin:transformer_core_top/u_datapath/add_244_48_I5/g452/z
pin:transformer_core_top/u_datapath/add_244_48_I4/g4/z
pin:transformer_core_top/u_datapath/add_244_48_I4/g374/z
pin:transformer_core_top/u_datapath/add_244_48_I4/g376/z
pin:transformer_core_top/u_datapath/add_244_48_I4/g379/z
pin:transformer_core_top/u_datapath/add_244_48_I4/g407/z
pin:transformer_core_top/u_datapath/add_244_48_I4/g410/z
pin:transformer_core_top/u_datapath/add_244_48_I4/g412/z
pin:transformer_core_top/u_datapath/add_244_48_I4/g415/z
pin:transformer_core_top/u_datapath/add_244_48_I4/g417/z
pin:transformer_core_top/u_datapath/add_244_48_I4/g420/z
pin:transformer_core_top/u_datapath/add_244_48_I4/g423/z
pin:transformer_core_top/u_datapath/add_244_48_I4/g426/z
pin:transformer_core_top/u_datapath/add_244_48_I4/g428/z
pin:transformer_core_top/u_datapath/add_244_48_I4/g431/z
pin:transformer_core_top/u_datapath/add_244_48_I4/g433/z
pin:transformer_core_top/u_datapath/add_244_48_I4/g436/z
pin:transformer_core_top/u_datapath/add_244_48_I4/g438/z
pin:transformer_core_top/u_datapath/add_244_48_I4/g441/z
pin:transformer_core_top/u_datapath/add_244_48_I4/g444/z
pin:transformer_core_top/u_datapath/add_244_48_I4/g447/z
pin:transformer_core_top/u_datapath/add_244_48_I4/g449/z
pin:transformer_core_top/u_datapath/add_244_48_I4/g452/z
pin:transformer_core_top/u_datapath/add_244_48_I3/g4/z
pin:transformer_core_top/u_datapath/add_244_48_I3/g374/z
pin:transformer_core_top/u_datapath/add_244_48_I3/g376/z
pin:transformer_core_top/u_datapath/add_244_48_I3/g379/z
pin:transformer_core_top/u_datapath/add_244_48_I3/g407/z
pin:transformer_core_top/u_datapath/add_244_48_I3/g410/z
pin:transformer_core_top/u_datapath/add_244_48_I3/g412/z
pin:transformer_core_top/u_datapath/add_244_48_I3/g415/z
pin:transformer_core_top/u_datapath/add_244_48_I3/g417/z
pin:transformer_core_top/u_datapath/add_244_48_I3/g420/z
pin:transformer_core_top/u_datapath/add_244_48_I3/g423/z
pin:transformer_core_top/u_datapath/add_244_48_I3/g426/z
pin:transformer_core_top/u_datapath/add_244_48_I3/g428/z
pin:transformer_core_top/u_datapath/add_244_48_I3/g431/z
pin:transformer_core_top/u_datapath/add_244_48_I3/g433/z
pin:transformer_core_top/u_datapath/add_244_48_I3/g436/z
pin:transformer_core_top/u_datapath/add_244_48_I3/g438/z
pin:transformer_core_top/u_datapath/add_244_48_I3/g441/z
pin:transformer_core_top/u_datapath/add_244_48_I3/g444/z
pin:transformer_core_top/u_datapath/add_244_48_I3/g447/z
pin:transformer_core_top/u_datapath/add_244_48_I3/g449/z
pin:transformer_core_top/u_datapath/add_244_48_I3/g452/z
pin:transformer_core_top/u_datapath/add_244_48_I2/g4/z
pin:transformer_core_top/u_datapath/add_244_48_I2/g374/z
pin:transformer_core_top/u_datapath/add_244_48_I2/g376/z
pin:transformer_core_top/u_datapath/add_244_48_I2/g379/z
pin:transformer_core_top/u_datapath/add_244_48_I2/g407/z
pin:transformer_core_top/u_datapath/add_244_48_I2/g410/z
pin:transformer_core_top/u_datapath/add_244_48_I2/g412/z
pin:transformer_core_top/u_datapath/add_244_48_I2/g415/z
pin:transformer_core_top/u_datapath/add_244_48_I2/g417/z
pin:transformer_core_top/u_datapath/add_244_48_I2/g420/z
pin:transformer_core_top/u_datapath/add_244_48_I2/g423/z
pin:transformer_core_top/u_datapath/add_244_48_I2/g426/z
pin:transformer_core_top/u_datapath/add_244_48_I2/g428/z
pin:transformer_core_top/u_datapath/add_244_48_I2/g431/z
pin:transformer_core_top/u_datapath/add_244_48_I2/g433/z
pin:transformer_core_top/u_datapath/add_244_48_I2/g436/z
pin:transformer_core_top/u_datapath/add_244_48_I2/g438/z
pin:transformer_core_top/u_datapath/add_244_48_I2/g441/z
pin:transformer_core_top/u_datapath/add_244_48_I2/g444/z
pin:transformer_core_top/u_datapath/add_244_48_I2/g447/z
pin:transformer_core_top/u_datapath/add_244_48_I2/g449/z
pin:transformer_core_top/u_datapath/add_244_48_I2/g452/z
pin:transformer_core_top/u_datapath/add_244_48_I1/g4/z
pin:transformer_core_top/u_datapath/add_244_48_I1/g374/z
pin:transformer_core_top/u_datapath/add_244_48_I1/g376/z
pin:transformer_core_top/u_datapath/add_244_48_I1/g379/z
pin:transformer_core_top/u_datapath/add_244_48_I1/g407/z
pin:transformer_core_top/u_datapath/add_244_48_I1/g410/z
pin:transformer_core_top/u_datapath/add_244_48_I1/g412/z
pin:transformer_core_top/u_datapath/add_244_48_I1/g415/z
pin:transformer_core_top/u_datapath/add_244_48_I1/g417/z
pin:transformer_core_top/u_datapath/add_244_48_I1/g420/z
pin:transformer_core_top/u_datapath/add_244_48_I1/g423/z
pin:transformer_core_top/u_datapath/add_244_48_I1/g426/z
pin:transformer_core_top/u_datapath/add_244_48_I1/g428/z
pin:transformer_core_top/u_datapath/add_244_48_I1/g431/z
pin:transformer_core_top/u_datapath/add_244_48_I1/g433/z
pin:transformer_core_top/u_datapath/add_244_48_I1/g436/z
pin:transformer_core_top/u_datapath/add_244_48_I1/g438/z
pin:transformer_core_top/u_datapath/add_244_48_I1/g441/z
pin:transformer_core_top/u_datapath/add_244_48_I1/g444/z
pin:transformer_core_top/u_datapath/add_244_48_I1/g447/z
pin:transformer_core_top/u_datapath/add_244_48_I1/g449/z
pin:transformer_core_top/u_datapath/add_244_48_I1/g452/z
Total number of unloaded combinational elements in design 'transformer_core_top' : 533

 Assigns
 ------- 
Encountered an assign statement at hport 'hport:transformer_core_top/u_ctrl/ctl_176_15/out_0[0]' in module case_box
Encountered an assign statement at hport 'hport:transformer_core_top/u_datapath/u_tr_array/u_shared_rom/e_a[7][7]' in module shared_lut_rom_N8
Encountered an assign statement at hport 'hport:transformer_core_top/u_datapath/u_tr_array/u_shared_rom/e_a[6][7]' in module shared_lut_rom_N8
Encountered an assign statement at hport 'hport:transformer_core_top/u_datapath/u_tr_array/u_shared_rom/e_a[5][7]' in module shared_lut_rom_N8
Encountered an assign statement at hport 'hport:transformer_core_top/u_datapath/u_tr_array/u_shared_rom/e_a[4][7]' in module shared_lut_rom_N8
Encountered an assign statement at hport 'hport:transformer_core_top/u_datapath/u_tr_array/u_shared_rom/e_a[3][7]' in module shared_lut_rom_N8
Encountered an assign statement at hport 'hport:transformer_core_top/u_datapath/u_tr_array/u_shared_rom/e_a[2][7]' in module shared_lut_rom_N8
Encountered an assign statement at hport 'hport:transformer_core_top/u_datapath/u_tr_array/u_shared_rom/e_a[1][7]' in module shared_lut_rom_N8
Encountered an assign statement at hport 'hport:transformer_core_top/u_datapath/u_tr_array/u_shared_rom/e_a[0][7]' in module shared_lut_rom_N8
Encountered an assign statement at hport 'hport:transformer_core_top/u_datapath/u_tr_array/u_ln_0_20b/yq[19]' in module tr_ln_WIDTH20_BITS8_OUT_WIDTH20
Encountered an assign statement at hport 'hport:transformer_core_top/u_datapath/u_tr_array/u_ln_0_20b/yq[18]' in module tr_ln_WIDTH20_BITS8_OUT_WIDTH20
Encountered an assign statement at hport 'hport:transformer_core_top/u_datapath/u_tr_array/u_ln_0_20b/yq[17]' in module tr_ln_WIDTH20_BITS8_OUT_WIDTH20
Encountered an assign statement at hport 'hport:transformer_core_top/u_datapath/u_tr_array/u_ln_0_20b/yq[16]' in module tr_ln_WIDTH20_BITS8_OUT_WIDTH20
Encountered an assign statement at hport 'hport:transformer_core_top/u_datapath/u_tr_array/u_ln_0_20b/yq[15]' in module tr_ln_WIDTH20_BITS8_OUT_WIDTH20
Encountered an assign statement at hport 'hport:transformer_core_top/u_datapath/u_tr_array/u_ln_0_20b/yq[14]' in module tr_ln_WIDTH20_BITS8_OUT_WIDTH20
Encountered an assign statement at hport 'hport:transformer_core_top/u_datapath/u_tr_array/u_ln_0_20b/yq[13]' in module tr_ln_WIDTH20_BITS8_OUT_WIDTH20
Encountered an assign statement at hport 'hport:transformer_core_top/u_datapath/u_tr_array/u_ln_0_20b/sub_38_41/Z[31]' in module sub_unsigned_773
Encountered an assign statement at hport 'hport:transformer_core_top/u_datapath/u_tr_array/u_ln_0_20b/sub_38_41/Z[30]' in module sub_unsigned_773
Encountered an assign statement at hport 'hport:transformer_core_top/u_datapath/u_tr_array/u_ln_0_20b/sub_38_41/Z[29]' in module sub_unsigned_773
Encountered an assign statement at hport 'hport:transformer_core_top/u_datapath/u_tr_array/u_ln_0_20b/sub_38_41/Z[28]' in module sub_unsigned_773
Encountered an assign statement at hport 'hport:transformer_core_top/u_datapath/u_tr_array/u_ln_0_20b/sub_38_41/Z[27]' in module sub_unsigned_773
Encountered an assign statement at hport 'hport:transformer_core_top/u_datapath/u_tr_array/u_ln_0_20b/sub_38_41/Z[26]' in module sub_unsigned_773
Encountered an assign statement at hport 'hport:transformer_core_top/u_datapath/u_tr_array/u_ln_0_20b/sub_38_41/Z[25]' in module sub_unsigned_773
Encountered an assign statement at hport 'hport:transformer_core_top/u_datapath/u_tr_array/u_ln_0_20b/sub_38_41/Z[24]' in module sub_unsigned_773
Encountered an assign statement at hport 'hport:transformer_core_top/u_datapath/u_tr_array/u_ln_0_20b/sub_38_41/Z[23]' in module sub_unsigned_773
Encountered an assign statement at hport 'hport:transformer_core_top/u_datapath/u_tr_array/u_ln_0_20b/sub_38_41/Z[22]' in module sub_unsigned_773
Encountered an assign statement at hport 'hport:transformer_core_top/u_datapath/u_tr_array/u_ln_0_20b/sub_38_41/Z[21]' in module sub_unsigned_773
Encountered an assign statement at hport 'hport:transformer_core_top/u_datapath/u_tr_array/u_ln_0_20b/sub_38_41/Z[20]' in module sub_unsigned_773
Encountered an assign statement at hport 'hport:transformer_core_top/u_datapath/u_tr_array/u_ln_0_20b/sub_38_41/Z[19]' in module sub_unsigned_773
Encountered an assign statement at hport 'hport:transformer_core_top/u_datapath/u_tr_array/u_ln_0_20b/sub_38_41/Z[18]' in module sub_unsigned_773
Encountered an assign statement at hport 'hport:transformer_core_top/u_datapath/u_tr_array/u_ln_0_20b/sub_38_41/Z[17]' in module sub_unsigned_773
Encountered an assign statement at hport 'hport:transformer_core_top/u_datapath/u_tr_array/u_ln_0_20b/sub_38_41/Z[16]' in module sub_unsigned_773
Encountered an assign statement at hport 'hport:transformer_core_top/u_datapath/u_tr_array/u_ln_0_20b/sub_38_41/Z[15]' in module sub_unsigned_773
Encountered an assign statement at hport 'hport:transformer_core_top/u_datapath/u_tr_array/u_ln_0_20b/sub_38_41/Z[14]' in module sub_unsigned_773
Encountered an assign statement at hport 'hport:transformer_core_top/u_datapath/u_tr_array/u_ln_0_20b/sub_38_41/Z[13]' in module sub_unsigned_773
Encountered an assign statement at hport 'hport:transformer_core_top/u_datapath/u_tr_array/u_ln_0_20b/sub_38_41/Z[12]' in module sub_unsigned_773
Encountered an assign statement at hport 'hport:transformer_core_top/u_datapath/u_tr_array/u_ln_0_20b/sub_38_41/Z[11]' in module sub_unsigned_773
Encountered an assign statement at hport 'hport:transformer_core_top/u_datapath/u_tr_array/u_ln_0_20b/sub_38_41/Z[10]' in module sub_unsigned_773
Encountered an assign statement at hport 'hport:transformer_core_top/u_datapath/u_tr_array/u_ln_0_20b/sub_38_41/Z[9]' in module sub_unsigned_773
Encountered an assign statement at hport 'hport:transformer_core_top/u_datapath/u_tr_array/u_ln_0_20b/sub_38_41/Z[8]' in module sub_unsigned_773
Encountered an assign statement at hport 'hport:transformer_core_top/u_datapath/u_tr_array/u_ln_0_20b/sub_38_41/Z[7]' in module sub_unsigned_773
Encountered an assign statement at hport 'hport:transformer_core_top/u_datapath/u_tr_array/u_ln_0_20b/sub_38_41/Z[6]' in module sub_unsigned_773
Encountered an assign statement at hport 'hport:transformer_core_top/u_datapath/u_tr_array/u_ln_0_20b/sub_38_41/Z[5]' in module sub_unsigned_773
Encountered an assign statement at hport 'hport:transformer_core_top/u_datapath/u_tr_array/u_ln_0_20b/ctl_xq_32_17/out_0[20]' in module case_box_46
Encountered an assign statement at hport 'hport:transformer_core_top/u_datapath/u_tr_array/u_lut_20b/e_a[19]' in module q12_8_lut
Encountered an assign statement at hport 'hport:transformer_core_top/u_datapath/u_tr_array/u_lut_20b/e_a[17]' in module q12_8_lut
Encountered an assign statement at hport 'hport:transformer_core_top/u_datapath/u_tr_array/u_exp_0_20b/u_round/is_ceil' in module round_WIDTH20_FRAC_W8_LUT_IDX_W4
Encountered an assign statement at hport 'hport:transformer_core_top/u_datapath/u_tr_array/u_exp_0_20b/u_quad/quad_out[7]' in module quadratic_divider_WIDTH20_FRAC_W8
Encountered an assign statement at hport 'hport:transformer_core_top/u_datapath/u_tr_array/u_exp_0_20b/mantisa[19]' in module tr_exp_alu_WIDTH20_FRAC_W8_LUT_IDX_W4
Encountered an assign statement at hport 'hport:transformer_core_top/u_datapath/u_tr_array/u_exp_0_20b/mantisa[18]' in module tr_exp_alu_WIDTH20_FRAC_W8_LUT_IDX_W4
Encountered an assign statement at hport 'hport:transformer_core_top/u_datapath/u_tr_array/u_exp_0_20b/mantisa[17]' in module tr_exp_alu_WIDTH20_FRAC_W8_LUT_IDX_W4
Encountered an assign statement at hport 'hport:transformer_core_top/u_datapath/u_tr_array/u_exp_0_20b/mantisa[16]' in module tr_exp_alu_WIDTH20_FRAC_W8_LUT_IDX_W4
Encountered an assign statement at hport 'hport:transformer_core_top/u_datapath/u_tr_array/u_exp_0_20b/mantisa[15]' in module tr_exp_alu_WIDTH20_FRAC_W8_LUT_IDX_W4
Encountered an assign statement at hport 'hport:transformer_core_top/u_datapath/u_tr_array/u_exp_0_20b/mantisa[14]' in module tr_exp_alu_WIDTH20_FRAC_W8_LUT_IDX_W4
Encountered an assign statement at hport 'hport:transformer_core_top/u_datapath/u_tr_array/u_exp_0_20b/mantisa[13]' in module tr_exp_alu_WIDTH20_FRAC_W8_LUT_IDX_W4
Encountered an assign statement at hport 'hport:transformer_core_top/u_datapath/u_tr_array/u_exp_0_20b/mantisa[12]' in module tr_exp_alu_WIDTH20_FRAC_W8_LUT_IDX_W4
Encountered an assign statement at hport 'hport:transformer_core_top/u_datapath/u_tr_array/u_exp_0_20b/mantisa[11]' in module tr_exp_alu_WIDTH20_FRAC_W8_LUT_IDX_W4
Encountered an assign statement at hport 'hport:transformer_core_top/u_datapath/u_tr_array/u_exp_0_20b/mantisa[10]' in module tr_exp_alu_WIDTH20_FRAC_W8_LUT_IDX_W4
Encountered an assign statement at hport 'hport:transformer_core_top/u_datapath/u_tr_array/u_ln_0_8b/sub_38_41/Z[31]' in module sub_unsigned_859
Encountered an assign statement at hport 'hport:transformer_core_top/u_datapath/u_tr_array/u_ln_0_8b/sub_38_41/Z[30]' in module sub_unsigned_859
Encountered an assign statement at hport 'hport:transformer_core_top/u_datapath/u_tr_array/u_ln_0_8b/sub_38_41/Z[29]' in module sub_unsigned_859
Encountered an assign statement at hport 'hport:transformer_core_top/u_datapath/u_tr_array/u_ln_0_8b/sub_38_41/Z[28]' in module sub_unsigned_859
Encountered an assign statement at hport 'hport:transformer_core_top/u_datapath/u_tr_array/u_ln_0_8b/sub_38_41/Z[27]' in module sub_unsigned_859
Encountered an assign statement at hport 'hport:transformer_core_top/u_datapath/u_tr_array/u_ln_0_8b/sub_38_41/Z[26]' in module sub_unsigned_859
Encountered an assign statement at hport 'hport:transformer_core_top/u_datapath/u_tr_array/u_ln_0_8b/sub_38_41/Z[25]' in module sub_unsigned_859
Encountered an assign statement at hport 'hport:transformer_core_top/u_datapath/u_tr_array/u_ln_0_8b/sub_38_41/Z[24]' in module sub_unsigned_859
Encountered an assign statement at hport 'hport:transformer_core_top/u_datapath/u_tr_array/u_ln_0_8b/sub_38_41/Z[23]' in module sub_unsigned_859
Encountered an assign statement at hport 'hport:transformer_core_top/u_datapath/u_tr_array/u_ln_0_8b/sub_38_41/Z[22]' in module sub_unsigned_859
Encountered an assign statement at hport 'hport:transformer_core_top/u_datapath/u_tr_array/u_ln_0_8b/sub_38_41/Z[21]' in module sub_unsigned_859
Encountered an assign statement at hport 'hport:transformer_core_top/u_datapath/u_tr_array/u_ln_0_8b/sub_38_41/Z[20]' in module sub_unsigned_859
Encountered an assign statement at hport 'hport:transformer_core_top/u_datapath/u_tr_array/u_ln_0_8b/sub_38_41/Z[19]' in module sub_unsigned_859
Encountered an assign statement at hport 'hport:transformer_core_top/u_datapath/u_tr_array/u_ln_0_8b/sub_38_41/Z[18]' in module sub_unsigned_859
Encountered an assign statement at hport 'hport:transformer_core_top/u_datapath/u_tr_array/u_ln_0_8b/sub_38_41/Z[17]' in module sub_unsigned_859
Encountered an assign statement at hport 'hport:transformer_core_top/u_datapath/u_tr_array/u_ln_0_8b/sub_38_41/Z[16]' in module sub_unsigned_859
Encountered an assign statement at hport 'hport:transformer_core_top/u_datapath/u_tr_array/u_ln_0_8b/sub_38_41/Z[15]' in module sub_unsigned_859
Encountered an assign statement at hport 'hport:transformer_core_top/u_datapath/u_tr_array/u_ln_0_8b/sub_38_41/Z[14]' in module sub_unsigned_859
Encountered an assign statement at hport 'hport:transformer_core_top/u_datapath/u_tr_array/u_ln_0_8b/sub_38_41/Z[13]' in module sub_unsigned_859
Encountered an assign statement at hport 'hport:transformer_core_top/u_datapath/u_tr_array/u_ln_0_8b/sub_38_41/Z[12]' in module sub_unsigned_859
Encountered an assign statement at hport 'hport:transformer_core_top/u_datapath/u_tr_array/u_ln_0_8b/sub_38_41/Z[11]' in module sub_unsigned_859
Encountered an assign statement at hport 'hport:transformer_core_top/u_datapath/u_tr_array/u_ln_0_8b/sub_38_41/Z[10]' in module sub_unsigned_859
Encountered an assign statement at hport 'hport:transformer_core_top/u_datapath/u_tr_array/u_ln_0_8b/sub_38_41/Z[9]' in module sub_unsigned_859
Encountered an assign statement at hport 'hport:transformer_core_top/u_datapath/u_tr_array/u_ln_0_8b/sub_38_41/Z[8]' in module sub_unsigned_859
Encountered an assign statement at hport 'hport:transformer_core_top/u_datapath/u_tr_array/u_ln_0_8b/sub_38_41/Z[7]' in module sub_unsigned_859
Encountered an assign statement at hport 'hport:transformer_core_top/u_datapath/u_tr_array/u_ln_0_8b/sub_38_41/Z[6]' in module sub_unsigned_859
Encountered an assign statement at hport 'hport:transformer_core_top/u_datapath/u_tr_array/u_ln_0_8b/sub_38_41/Z[5]' in module sub_unsigned_859
Encountered an assign statement at hport 'hport:transformer_core_top/u_datapath/u_tr_array/u_ln_0_8b/sub_38_41/Z[4]' in module sub_unsigned_859
Encountered an assign statement at hport 'hport:transformer_core_top/u_datapath/u_tr_array/u_ln_0_8b/sub_38_41/Z[3]' in module sub_unsigned_859
Encountered an assign statement at hport 'hport:transformer_core_top/u_datapath/u_tr_array/u_ln_0_8b/ctl_xq_32_17/out_0[8]' in module case_box_51
Encountered an assign statement at hport 'hport:transformer_core_top/u_datapath/u_tr_array/u_exp_0_8b/u_round/is_ceil' in module round_WIDTH8_FRAC_W4_LUT_IDX_W3
Encountered an assign statement at hport 'hport:transformer_core_top/u_datapath/u_tr_array/u_exp_0_8b/u_quad/quad_out[3]' in module quadratic_divider_WIDTH8_FRAC_W4
Encountered an assign statement at hport 'hport:transformer_core_top/u_datapath/u_tr_array/u_exp_0_8b/u_quad/quad_out[2]' in module quadratic_divider_WIDTH8_FRAC_W4
Encountered an assign statement at hport 'hport:transformer_core_top/u_datapath/u_tr_array/u_exp_0_8b/mantisa[7]' in module tr_exp_alu_WIDTH8_FRAC_W4_LUT_IDX_W3
Encountered an assign statement at hport 'hport:transformer_core_top/u_datapath/u_tr_array/u_exp_0_8b/mantisa[6]' in module tr_exp_alu_WIDTH8_FRAC_W4_LUT_IDX_W3
Encountered an assign statement at hport 'hport:transformer_core_top/u_datapath/out_vec[0][31]' in module transformer_core_datapath_N8_W8_ACC_W32_FRAC4
Encountered an assign statement at hport 'hport:transformer_core_top/u_datapath/out_vec[0][30]' in module transformer_core_datapath_N8_W8_ACC_W32_FRAC4
Encountered an assign statement at hport 'hport:transformer_core_top/u_datapath/out_vec[0][29]' in module transformer_core_datapath_N8_W8_ACC_W32_FRAC4
Encountered an assign statement at hport 'hport:transformer_core_top/u_datapath/out_vec[0][28]' in module transformer_core_datapath_N8_W8_ACC_W32_FRAC4
Encountered an assign statement at hport 'hport:transformer_core_top/u_datapath/out_vec[0][27]' in module transformer_core_datapath_N8_W8_ACC_W32_FRAC4
Encountered an assign statement at hport 'hport:transformer_core_top/u_datapath/out_vec[0][26]' in module transformer_core_datapath_N8_W8_ACC_W32_FRAC4
Encountered an assign statement at hport 'hport:transformer_core_top/u_datapath/out_vec[0][25]' in module transformer_core_datapath_N8_W8_ACC_W32_FRAC4
Encountered an assign statement at hport 'hport:transformer_core_top/u_datapath/out_vec[0][24]' in module transformer_core_datapath_N8_W8_ACC_W32_FRAC4
Encountered an assign statement at hport 'hport:transformer_core_top/u_datapath/out_vec[0][23]' in module transformer_core_datapath_N8_W8_ACC_W32_FRAC4
Encountered an assign statement at hport 'hport:transformer_core_top/u_datapath/out_vec[0][22]' in module transformer_core_datapath_N8_W8_ACC_W32_FRAC4
Encountered an assign statement at hport 'hport:transformer_core_top/u_datapath/out_vec[0][21]' in module transformer_core_datapath_N8_W8_ACC_W32_FRAC4
Encountered an assign statement at hport 'hport:transformer_core_top/u_datapath/out_vec[0][20]' in module transformer_core_datapath_N8_W8_ACC_W32_FRAC4
Encountered an assign statement at hport 'hport:transformer_core_top/u_datapath/out_vec[0][19]' in module transformer_core_datapath_N8_W8_ACC_W32_FRAC4
Encountered an assign statement at hport 'hport:transformer_core_top/u_datapath/out_vec[0][18]' in module transformer_core_datapath_N8_W8_ACC_W32_FRAC4
Encountered an assign statement at hport 'hport:transformer_core_top/u_datapath/out_vec[0][17]' in module transformer_core_datapath_N8_W8_ACC_W32_FRAC4
Encountered an assign statement at hport 'hport:transformer_core_top/u_datapath/out_vec[0][16]' in module transformer_core_datapath_N8_W8_ACC_W32_FRAC4
Encountered an assign statement at hport 'hport:transformer_core_top/u_datapath/out_vec[0][15]' in module transformer_core_datapath_N8_W8_ACC_W32_FRAC4
Encountered an assign statement at hport 'hport:transformer_core_top/u_datapath/out_vec[0][14]' in module transformer_core_datapath_N8_W8_ACC_W32_FRAC4
Encountered an assign statement at hport 'hport:transformer_core_top/u_datapath/out_vec[0][13]' in module transformer_core_datapath_N8_W8_ACC_W32_FRAC4
Encountered an assign statement at hport 'hport:transformer_core_top/u_datapath/out_vec[0][12]' in module transformer_core_datapath_N8_W8_ACC_W32_FRAC4
Encountered an assign statement at hport 'hport:transformer_core_top/u_datapath/out_vec[0][11]' in module transformer_core_datapath_N8_W8_ACC_W32_FRAC4
Encountered an assign statement at hport 'hport:transformer_core_top/u_datapath/out_vec[0][10]' in module transformer_core_datapath_N8_W8_ACC_W32_FRAC4
Encountered an assign statement at hport 'hport:transformer_core_top/u_datapath/out_vec[0][9]' in module transformer_core_datapath_N8_W8_ACC_W32_FRAC4
Encountered an assign statement at hport 'hport:transformer_core_top/u_datapath/out_vec[0][8]' in module transformer_core_datapath_N8_W8_ACC_W32_FRAC4
Encountered an assign statement at hport 'hport:transformer_core_top/u_datapath/out_vec[0][7]' in module transformer_core_datapath_N8_W8_ACC_W32_FRAC4
Encountered an assign statement at hport 'hport:transformer_core_top/u_datapath/out_vec[0][6]' in module transformer_core_datapath_N8_W8_ACC_W32_FRAC4
Encountered an assign statement at hport 'hport:transformer_core_top/u_datapath/out_vec[0][5]' in module transformer_core_datapath_N8_W8_ACC_W32_FRAC4
Encountered an assign statement at hport 'hport:transformer_core_top/u_datapath/out_vec[0][4]' in module transformer_core_datapath_N8_W8_ACC_W32_FRAC4
Encountered an assign statement at hport 'hport:transformer_core_top/u_datapath/out_vec[0][3]' in module transformer_core_datapath_N8_W8_ACC_W32_FRAC4
Encountered an assign statement at hport 'hport:transformer_core_top/u_datapath/out_vec[0][2]' in module transformer_core_datapath_N8_W8_ACC_W32_FRAC4
Encountered an assign statement at hport 'hport:transformer_core_top/u_datapath/out_vec[0][1]' in module transformer_core_datapath_N8_W8_ACC_W32_FRAC4
Encountered an assign statement at hport 'hport:transformer_core_top/u_datapath/out_vec[0][0]' in module transformer_core_datapath_N8_W8_ACC_W32_FRAC4
Encountered an assign statement at hport 'hport:transformer_core_top/u_datapath/out_dot[31]' in module transformer_core_datapath_N8_W8_ACC_W32_FRAC4
Encountered an assign statement at hport 'hport:transformer_core_top/u_datapath/out_dot[30]' in module transformer_core_datapath_N8_W8_ACC_W32_FRAC4
Encountered an assign statement at hport 'hport:transformer_core_top/u_datapath/out_dot[29]' in module transformer_core_datapath_N8_W8_ACC_W32_FRAC4
Encountered an assign statement at hport 'hport:transformer_core_top/u_datapath/out_dot[28]' in module transformer_core_datapath_N8_W8_ACC_W32_FRAC4
Encountered an assign statement at hport 'hport:transformer_core_top/u_datapath/out_dot[27]' in module transformer_core_datapath_N8_W8_ACC_W32_FRAC4
Encountered an assign statement at hport 'hport:transformer_core_top/u_datapath/out_dot[26]' in module transformer_core_datapath_N8_W8_ACC_W32_FRAC4
Encountered an assign statement at hport 'hport:transformer_core_top/u_datapath/out_dot[25]' in module transformer_core_datapath_N8_W8_ACC_W32_FRAC4
Encountered an assign statement at hport 'hport:transformer_core_top/u_datapath/out_dot[24]' in module transformer_core_datapath_N8_W8_ACC_W32_FRAC4
Encountered an assign statement at hport 'hport:transformer_core_top/u_datapath/out_dot[23]' in module transformer_core_datapath_N8_W8_ACC_W32_FRAC4
Encountered an assign statement at hport 'hport:transformer_core_top/u_datapath/out_dot[22]' in module transformer_core_datapath_N8_W8_ACC_W32_FRAC4
Encountered an assign statement at hport 'hport:transformer_core_top/u_datapath/out_dot[21]' in module transformer_core_datapath_N8_W8_ACC_W32_FRAC4
Encountered an assign statement at hport 'hport:transformer_core_top/u_datapath/out_dot[20]' in module transformer_core_datapath_N8_W8_ACC_W32_FRAC4
Encountered an assign statement at hport 'hport:transformer_core_top/u_datapath/out_dot[19]' in module transformer_core_datapath_N8_W8_ACC_W32_FRAC4
Encountered an assign statement at hport 'hport:transformer_core_top/u_datapath/out_dot[18]' in module transformer_core_datapath_N8_W8_ACC_W32_FRAC4
Encountered an assign statement at hport 'hport:transformer_core_top/u_datapath/out_dot[17]' in module transformer_core_datapath_N8_W8_ACC_W32_FRAC4
Encountered an assign statement at hport 'hport:transformer_core_top/u_datapath/out_dot[16]' in module transformer_core_datapath_N8_W8_ACC_W32_FRAC4
Encountered an assign statement at hport 'hport:transformer_core_top/u_datapath/out_dot[15]' in module transformer_core_datapath_N8_W8_ACC_W32_FRAC4
Encountered an assign statement at hport 'hport:transformer_core_top/u_datapath/out_dot[14]' in module transformer_core_datapath_N8_W8_ACC_W32_FRAC4
Encountered an assign statement at hport 'hport:transformer_core_top/u_datapath/out_dot[13]' in module transformer_core_datapath_N8_W8_ACC_W32_FRAC4
Encountered an assign statement at hport 'hport:transformer_core_top/u_datapath/out_dot[12]' in module transformer_core_datapath_N8_W8_ACC_W32_FRAC4
Encountered an assign statement at hport 'hport:transformer_core_top/u_datapath/out_dot[11]' in module transformer_core_datapath_N8_W8_ACC_W32_FRAC4
Encountered an assign statement at hport 'hport:transformer_core_top/u_datapath/out_dot[10]' in module transformer_core_datapath_N8_W8_ACC_W32_FRAC4
Encountered an assign statement at hport 'hport:transformer_core_top/u_datapath/out_dot[9]' in module transformer_core_datapath_N8_W8_ACC_W32_FRAC4
Encountered an assign statement at hport 'hport:transformer_core_top/u_datapath/out_dot[8]' in module transformer_core_datapath_N8_W8_ACC_W32_FRAC4
Encountered an assign statement at hport 'hport:transformer_core_top/u_datapath/out_dot[7]' in module transformer_core_datapath_N8_W8_ACC_W32_FRAC4
Encountered an assign statement at hport 'hport:transformer_core_top/u_datapath/out_dot[6]' in module transformer_core_datapath_N8_W8_ACC_W32_FRAC4
Encountered an assign statement at hport 'hport:transformer_core_top/u_datapath/out_dot[5]' in module transformer_core_datapath_N8_W8_ACC_W32_FRAC4
Encountered an assign statement at hport 'hport:transformer_core_top/u_datapath/out_dot[4]' in module transformer_core_datapath_N8_W8_ACC_W32_FRAC4
Encountered an assign statement at hport 'hport:transformer_core_top/u_datapath/out_dot[3]' in module transformer_core_datapath_N8_W8_ACC_W32_FRAC4
Encountered an assign statement at hport 'hport:transformer_core_top/u_datapath/out_dot[2]' in module transformer_core_datapath_N8_W8_ACC_W32_FRAC4
Encountered an assign statement at hport 'hport:transformer_core_top/u_datapath/out_dot[1]' in module transformer_core_datapath_N8_W8_ACC_W32_FRAC4
Encountered an assign statement at hport 'hport:transformer_core_top/u_datapath/out_dot[0]' in module transformer_core_datapath_N8_W8_ACC_W32_FRAC4
Total number of assign statements in design 'transformer_core_top' : 157

 Undriven Port(s)/Pin(s)
 ------------------------
No undriven combinational pin in 'transformer_core_top'

No undriven sequential pin in 'transformer_core_top'

No undriven hierarchical pin in 'transformer_core_top'

No undriven port in 'transformer_core_top'

 Multidriven Port(s)/Pin(s)
--------------------------

No multidriven combinational pin in 'transformer_core_top'

No multidriven sequential pin in 'transformer_core_top'

No multidriven hierarchical pin in 'transformer_core_top'

No multidriven ports in 'transformer_core_top'

No multidriven unloaded nets in 'transformer_core_top'

  Constant Pin(s)
  ----------------
design 'transformer_core_top' has the following constant input combinational pin(s)
pin:transformer_core_top/u_datapath/u_mac_engine/g96/in_1
Total number of constant combinational pins in design 'transformer_core_top' : 1

No constant sequential pin(s) in design 'transformer_core_top'

design 'transformer_core_top' has the following constant input hierarchical pin(s)
hpin:transformer_core_top/u_ctrl/eq_195_32/B 	 (fanout : 1)
hpin:transformer_core_top/u_ctrl/sub_198_45/B 	 (fanout : 2)
hpin:transformer_core_top/u_ctrl/mux_state_d_179_21/in_1[2] 	 (fanout : 1)
hpin:transformer_core_top/u_ctrl/mux_state_d_179_21/in_1[1] 	 (fanout : 1)
hpin:transformer_core_top/u_ctrl/mux_state_d_179_21/in_1[0] 	 (fanout : 1)
hpin:transformer_core_top/u_ctrl/mux_state_d_195_32/in_1[2] 	 (fanout : 1)
hpin:transformer_core_top/u_ctrl/mux_state_d_195_32/in_1[1] 	 (fanout : 1)
hpin:transformer_core_top/u_ctrl/mux_state_d_195_32/in_1[0] 	 (fanout : 1)
hpin:transformer_core_top/u_ctrl/mux_state_d_211_32/in_1[2] 	 (fanout : 1)
hpin:transformer_core_top/u_ctrl/mux_state_d_211_32/in_1[1] 	 (fanout : 1)
hpin:transformer_core_top/u_ctrl/mux_state_d_211_32/in_1[0] 	 (fanout : 1)
hpin:transformer_core_top/u_ctrl/mux_wait_cnt_d_176_15/in_1[3] 	 (fanout : 1)
hpin:transformer_core_top/u_ctrl/mux_wait_cnt_d_176_15/in_1[2] 	 (fanout : 1)
hpin:transformer_core_top/u_ctrl/mux_wait_cnt_d_176_15/in_1[1] 	 (fanout : 1)
hpin:transformer_core_top/u_ctrl/mux_wait_cnt_d_176_15/in_1[0] 	 (fanout : 1)
hpin:transformer_core_top/u_ctrl/mux_wait_cnt_d_176_15/in_3[3] 	 (fanout : 1)
hpin:transformer_core_top/u_ctrl/mux_wait_cnt_d_176_15/in_3[2] 	 (fanout : 1)
hpin:transformer_core_top/u_ctrl/mux_wait_cnt_d_176_15/in_3[1] 	 (fanout : 1)
hpin:transformer_core_top/u_ctrl/mux_wait_cnt_d_176_15/in_3[0] 	 (fanout : 1)
hpin:transformer_core_top/u_ctrl/mux_cmbsop_host_req_ready_176_15/in_0[2] 	 (fanout : 1)
hpin:transformer_core_top/u_ctrl/mux_cmbsop_host_req_ready_176_15/in_0[1] 	 (fanout : 1)
hpin:transformer_core_top/u_ctrl/mux_cmbsop_host_req_ready_176_15/in_0[0] 	 (fanout : 1)
hpin:transformer_core_top/u_ctrl/mux_cmbsop_host_req_ready_176_15/in_1[2] 	 (fanout : 1)
hpin:transformer_core_top/u_ctrl/mux_cmbsop_host_req_ready_176_15/in_1[1] 	 (fanout : 1)
hpin:transformer_core_top/u_ctrl/mux_cmbsop_host_req_ready_176_15/in_1[0] 	 (fanout : 1)
hpin:transformer_core_top/u_ctrl/mux_cmbsop_host_req_ready_176_15/in_2[2] 	 (fanout : 1)
hpin:transformer_core_top/u_ctrl/mux_cmbsop_host_req_ready_176_15/in_2[1] 	 (fanout : 1)
hpin:transformer_core_top/u_ctrl/mux_cmbsop_host_req_ready_176_15/in_2[0] 	 (fanout : 1)
hpin:transformer_core_top/u_ctrl/mux_cmbsop_host_req_ready_176_15/in_3[2] 	 (fanout : 1)
hpin:transformer_core_top/u_ctrl/mux_cmbsop_host_req_ready_176_15/in_3[1] 	 (fanout : 1)
hpin:transformer_core_top/u_ctrl/mux_cmbsop_host_req_ready_176_15/in_3[0] 	 (fanout : 1)
hpin:transformer_core_top/u_ctrl/mux_cmbsop_host_req_ready_176_15/in_4[2] 	 (fanout : 1)
hpin:transformer_core_top/u_ctrl/mux_cmbsop_host_req_ready_176_15/in_4[1] 	 (fanout : 1)
hpin:transformer_core_top/u_ctrl/mux_cmbsop_host_req_ready_176_15/in_4[0] 	 (fanout : 1)
hpin:transformer_core_top/u_ctrl/mux_cmbsop_current_uop[mac_clear_acc]_36_15/in_0[18] 	 (fanout : 1)
hpin:transformer_core_top/u_ctrl/mux_cmbsop_current_uop[mac_clear_acc]_36_15/in_0[17] 	 (fanout : 1)
hpin:transformer_core_top/u_ctrl/mux_cmbsop_current_uop[mac_clear_acc]_36_15/in_0[16] 	 (fanout : 1)
hpin:transformer_core_top/u_ctrl/mux_cmbsop_current_uop[mac_clear_acc]_36_15/in_0[15] 	 (fanout : 1)
hpin:transformer_core_top/u_ctrl/mux_cmbsop_current_uop[mac_clear_acc]_36_15/in_0[14] 	 (fanout : 1)
hpin:transformer_core_top/u_ctrl/mux_cmbsop_current_uop[mac_clear_acc]_36_15/in_0[13] 	 (fanout : 1)
hpin:transformer_core_top/u_ctrl/mux_cmbsop_current_uop[mac_clear_acc]_36_15/in_0[12] 	 (fanout : 1)
hpin:transformer_core_top/u_ctrl/mux_cmbsop_current_uop[mac_clear_acc]_36_15/in_0[11] 	 (fanout : 1)
hpin:transformer_core_top/u_ctrl/mux_cmbsop_current_uop[mac_clear_acc]_36_15/in_0[10] 	 (fanout : 1)
hpin:transformer_core_top/u_ctrl/mux_cmbsop_current_uop[mac_clear_acc]_36_15/in_0[9] 	 (fanout : 1)
hpin:transformer_core_top/u_ctrl/mux_cmbsop_current_uop[mac_clear_acc]_36_15/in_0[8] 	 (fanout : 1)
hpin:transformer_core_top/u_ctrl/mux_cmbsop_current_uop[mac_clear_acc]_36_15/in_0[7] 	 (fanout : 1)
hpin:transformer_core_top/u_ctrl/mux_cmbsop_current_uop[mac_clear_acc]_36_15/in_0[6] 	 (fanout : 1)
hpin:transformer_core_top/u_ctrl/mux_cmbsop_current_uop[mac_clear_acc]_36_15/in_0[5] 	 (fanout : 1)
hpin:transformer_core_top/u_ctrl/mux_cmbsop_current_uop[mac_clear_acc]_36_15/in_0[4] 	 (fanout : 1)
hpin:transformer_core_top/u_ctrl/mux_cmbsop_current_uop[mac_clear_acc]_36_15/in_0[3] 	 (fanout : 1)
hpin:transformer_core_top/u_ctrl/mux_cmbsop_current_uop[mac_clear_acc]_36_15/in_0[2] 	 (fanout : 1)
hpin:transformer_core_top/u_ctrl/mux_cmbsop_current_uop[mac_clear_acc]_36_15/in_0[1] 	 (fanout : 1)
hpin:transformer_core_top/u_ctrl/mux_cmbsop_current_uop[mac_clear_acc]_36_15/in_0[0] 	 (fanout : 1)
hpin:transformer_core_top/u_ctrl/mux_cmbsop_current_uop[mac_clear_acc]_36_15/in_1[18] 	 (fanout : 1)
hpin:transformer_core_top/u_ctrl/mux_cmbsop_current_uop[mac_clear_acc]_36_15/in_1[17] 	 (fanout : 1)
hpin:transformer_core_top/u_ctrl/mux_cmbsop_current_uop[mac_clear_acc]_36_15/in_1[16] 	 (fanout : 1)
hpin:transformer_core_top/u_ctrl/mux_cmbsop_current_uop[mac_clear_acc]_36_15/in_1[15] 	 (fanout : 1)
hpin:transformer_core_top/u_ctrl/mux_cmbsop_current_uop[mac_clear_acc]_36_15/in_1[14] 	 (fanout : 1)
hpin:transformer_core_top/u_ctrl/mux_cmbsop_current_uop[mac_clear_acc]_36_15/in_1[13] 	 (fanout : 1)
hpin:transformer_core_top/u_ctrl/mux_cmbsop_current_uop[mac_clear_acc]_36_15/in_1[12] 	 (fanout : 1)
hpin:transformer_core_top/u_ctrl/mux_cmbsop_current_uop[mac_clear_acc]_36_15/in_1[11] 	 (fanout : 1)
hpin:transformer_core_top/u_ctrl/mux_cmbsop_current_uop[mac_clear_acc]_36_15/in_1[10] 	 (fanout : 1)
hpin:transformer_core_top/u_ctrl/mux_cmbsop_current_uop[mac_clear_acc]_36_15/in_1[9] 	 (fanout : 1)
hpin:transformer_core_top/u_ctrl/mux_cmbsop_current_uop[mac_clear_acc]_36_15/in_1[8] 	 (fanout : 1)
hpin:transformer_core_top/u_ctrl/mux_cmbsop_current_uop[mac_clear_acc]_36_15/in_1[7] 	 (fanout : 1)
hpin:transformer_core_top/u_ctrl/mux_cmbsop_current_uop[mac_clear_acc]_36_15/in_1[6] 	 (fanout : 1)
hpin:transformer_core_top/u_ctrl/mux_cmbsop_current_uop[mac_clear_acc]_36_15/in_1[5] 	 (fanout : 1)
hpin:transformer_core_top/u_ctrl/mux_cmbsop_current_uop[mac_clear_acc]_36_15/in_1[4] 	 (fanout : 1)
hpin:transformer_core_top/u_ctrl/mux_cmbsop_current_uop[mac_clear_acc]_36_15/in_1[3] 	 (fanout : 1)
hpin:transformer_core_top/u_ctrl/mux_cmbsop_current_uop[mac_clear_acc]_36_15/in_1[2] 	 (fanout : 1)
hpin:transformer_core_top/u_ctrl/mux_cmbsop_current_uop[mac_clear_acc]_36_15/in_1[1] 	 (fanout : 1)
hpin:transformer_core_top/u_ctrl/mux_cmbsop_current_uop[mac_clear_acc]_36_15/in_1[0] 	 (fanout : 1)
hpin:transformer_core_top/u_ctrl/mux_cmbsop_current_uop[mac_clear_acc]_36_15/in_2[18] 	 (fanout : 1)
hpin:transformer_core_top/u_ctrl/mux_cmbsop_current_uop[mac_clear_acc]_36_15/in_2[17] 	 (fanout : 1)
hpin:transformer_core_top/u_ctrl/mux_cmbsop_current_uop[mac_clear_acc]_36_15/in_2[16] 	 (fanout : 1)
hpin:transformer_core_top/u_ctrl/mux_cmbsop_current_uop[mac_clear_acc]_36_15/in_2[15] 	 (fanout : 1)
hpin:transformer_core_top/u_ctrl/mux_cmbsop_current_uop[mac_clear_acc]_36_15/in_2[14] 	 (fanout : 1)
hpin:transformer_core_top/u_ctrl/mux_cmbsop_current_uop[mac_clear_acc]_36_15/in_2[13] 	 (fanout : 1)
hpin:transformer_core_top/u_ctrl/mux_cmbsop_current_uop[mac_clear_acc]_36_15/in_2[12] 	 (fanout : 1)
hpin:transformer_core_top/u_ctrl/mux_cmbsop_current_uop[mac_clear_acc]_36_15/in_2[11] 	 (fanout : 1)
hpin:transformer_core_top/u_ctrl/mux_cmbsop_current_uop[mac_clear_acc]_36_15/in_2[10] 	 (fanout : 1)
hpin:transformer_core_top/u_ctrl/mux_cmbsop_current_uop[mac_clear_acc]_36_15/in_2[9] 	 (fanout : 1)
hpin:transformer_core_top/u_ctrl/mux_cmbsop_current_uop[mac_clear_acc]_36_15/in_2[8] 	 (fanout : 1)
hpin:transformer_core_top/u_ctrl/mux_cmbsop_current_uop[mac_clear_acc]_36_15/in_2[7] 	 (fanout : 1)
hpin:transformer_core_top/u_ctrl/mux_cmbsop_current_uop[mac_clear_acc]_36_15/in_2[6] 	 (fanout : 1)
hpin:transformer_core_top/u_ctrl/mux_cmbsop_current_uop[mac_clear_acc]_36_15/in_2[5] 	 (fanout : 1)
hpin:transformer_core_top/u_ctrl/mux_cmbsop_current_uop[mac_clear_acc]_36_15/in_2[4] 	 (fanout : 1)
hpin:transformer_core_top/u_ctrl/mux_cmbsop_current_uop[mac_clear_acc]_36_15/in_2[3] 	 (fanout : 1)
hpin:transformer_core_top/u_ctrl/mux_cmbsop_current_uop[mac_clear_acc]_36_15/in_2[2] 	 (fanout : 1)
hpin:transformer_core_top/u_ctrl/mux_cmbsop_current_uop[mac_clear_acc]_36_15/in_2[1] 	 (fanout : 1)
hpin:transformer_core_top/u_ctrl/mux_cmbsop_current_uop[mac_clear_acc]_36_15/in_2[0] 	 (fanout : 1)
hpin:transformer_core_top/u_ctrl/mux_cmbsop_current_uop[mac_clear_acc]_36_15/in_3[18] 	 (fanout : 1)
hpin:transformer_core_top/u_ctrl/mux_cmbsop_current_uop[mac_clear_acc]_36_15/in_3[17] 	 (fanout : 1)
hpin:transformer_core_top/u_ctrl/mux_cmbsop_current_uop[mac_clear_acc]_36_15/in_3[16] 	 (fanout : 1)
hpin:transformer_core_top/u_ctrl/mux_cmbsop_current_uop[mac_clear_acc]_36_15/in_3[15] 	 (fanout : 1)
hpin:transformer_core_top/u_ctrl/mux_cmbsop_current_uop[mac_clear_acc]_36_15/in_3[14] 	 (fanout : 1)
hpin:transformer_core_top/u_ctrl/mux_cmbsop_current_uop[mac_clear_acc]_36_15/in_3[13] 	 (fanout : 1)
hpin:transformer_core_top/u_ctrl/mux_cmbsop_current_uop[mac_clear_acc]_36_15/in_3[12] 	 (fanout : 1)
hpin:transformer_core_top/u_ctrl/mux_cmbsop_current_uop[mac_clear_acc]_36_15/in_3[11] 	 (fanout : 1)
hpin:transformer_core_top/u_ctrl/mux_cmbsop_current_uop[mac_clear_acc]_36_15/in_3[10] 	 (fanout : 1)
hpin:transformer_core_top/u_ctrl/mux_cmbsop_current_uop[mac_clear_acc]_36_15/in_3[9] 	 (fanout : 1)
hpin:transformer_core_top/u_ctrl/mux_cmbsop_current_uop[mac_clear_acc]_36_15/in_3[8] 	 (fanout : 1)
hpin:transformer_core_top/u_ctrl/mux_cmbsop_current_uop[mac_clear_acc]_36_15/in_3[7] 	 (fanout : 1)
hpin:transformer_core_top/u_ctrl/mux_cmbsop_current_uop[mac_clear_acc]_36_15/in_3[6] 	 (fanout : 1)
hpin:transformer_core_top/u_ctrl/mux_cmbsop_current_uop[mac_clear_acc]_36_15/in_3[5] 	 (fanout : 1)
hpin:transformer_core_top/u_ctrl/mux_cmbsop_current_uop[mac_clear_acc]_36_15/in_3[4] 	 (fanout : 1)
hpin:transformer_core_top/u_ctrl/mux_cmbsop_current_uop[mac_clear_acc]_36_15/in_3[3] 	 (fanout : 1)
hpin:transformer_core_top/u_ctrl/mux_cmbsop_current_uop[mac_clear_acc]_36_15/in_3[2] 	 (fanout : 1)
hpin:transformer_core_top/u_ctrl/mux_cmbsop_current_uop[mac_clear_acc]_36_15/in_3[1] 	 (fanout : 1)
hpin:transformer_core_top/u_ctrl/mux_cmbsop_current_uop[mac_clear_acc]_36_15/in_3[0] 	 (fanout : 1)
hpin:transformer_core_top/u_ctrl/mux_cmbsop_current_uop[mac_clear_acc]_36_15/in_4[18] 	 (fanout : 1)
hpin:transformer_core_top/u_ctrl/mux_cmbsop_current_uop[mac_clear_acc]_36_15/in_4[17] 	 (fanout : 1)
hpin:transformer_core_top/u_ctrl/mux_cmbsop_current_uop[mac_clear_acc]_36_15/in_4[16] 	 (fanout : 1)
hpin:transformer_core_top/u_ctrl/mux_cmbsop_current_uop[mac_clear_acc]_36_15/in_4[15] 	 (fanout : 1)
hpin:transformer_core_top/u_ctrl/mux_cmbsop_current_uop[mac_clear_acc]_36_15/in_4[14] 	 (fanout : 1)
hpin:transformer_core_top/u_ctrl/mux_cmbsop_current_uop[mac_clear_acc]_36_15/in_4[13] 	 (fanout : 1)
hpin:transformer_core_top/u_ctrl/mux_cmbsop_current_uop[mac_clear_acc]_36_15/in_4[12] 	 (fanout : 1)
hpin:transformer_core_top/u_ctrl/mux_cmbsop_current_uop[mac_clear_acc]_36_15/in_4[11] 	 (fanout : 1)
hpin:transformer_core_top/u_ctrl/mux_cmbsop_current_uop[mac_clear_acc]_36_15/in_4[10] 	 (fanout : 1)
hpin:transformer_core_top/u_ctrl/mux_cmbsop_current_uop[mac_clear_acc]_36_15/in_4[9] 	 (fanout : 1)
hpin:transformer_core_top/u_ctrl/mux_cmbsop_current_uop[mac_clear_acc]_36_15/in_4[8] 	 (fanout : 1)
hpin:transformer_core_top/u_ctrl/mux_cmbsop_current_uop[mac_clear_acc]_36_15/in_4[7] 	 (fanout : 1)
hpin:transformer_core_top/u_ctrl/mux_cmbsop_current_uop[mac_clear_acc]_36_15/in_4[6] 	 (fanout : 1)
hpin:transformer_core_top/u_ctrl/mux_cmbsop_current_uop[mac_clear_acc]_36_15/in_4[5] 	 (fanout : 1)
hpin:transformer_core_top/u_ctrl/mux_cmbsop_current_uop[mac_clear_acc]_36_15/in_4[4] 	 (fanout : 1)
hpin:transformer_core_top/u_ctrl/mux_cmbsop_current_uop[mac_clear_acc]_36_15/in_4[3] 	 (fanout : 1)
hpin:transformer_core_top/u_ctrl/mux_cmbsop_current_uop[mac_clear_acc]_36_15/in_4[2] 	 (fanout : 1)
hpin:transformer_core_top/u_ctrl/mux_cmbsop_current_uop[mac_clear_acc]_36_15/in_4[1] 	 (fanout : 1)
hpin:transformer_core_top/u_ctrl/mux_cmbsop_current_uop[mac_clear_acc]_36_15/in_4[0] 	 (fanout : 1)
hpin:transformer_core_top/u_ctrl/mux_cmbsop_current_uop[mac_clear_acc]_36_15/in_5[18] 	 (fanout : 1)
hpin:transformer_core_top/u_ctrl/mux_cmbsop_current_uop[mac_clear_acc]_36_15/in_5[17] 	 (fanout : 1)
hpin:transformer_core_top/u_ctrl/mux_cmbsop_current_uop[mac_clear_acc]_36_15/in_5[16] 	 (fanout : 1)
hpin:transformer_core_top/u_ctrl/mux_cmbsop_current_uop[mac_clear_acc]_36_15/in_5[15] 	 (fanout : 1)
hpin:transformer_core_top/u_ctrl/mux_cmbsop_current_uop[mac_clear_acc]_36_15/in_5[14] 	 (fanout : 1)
hpin:transformer_core_top/u_ctrl/mux_cmbsop_current_uop[mac_clear_acc]_36_15/in_5[13] 	 (fanout : 1)
hpin:transformer_core_top/u_ctrl/mux_cmbsop_current_uop[mac_clear_acc]_36_15/in_5[12] 	 (fanout : 1)
hpin:transformer_core_top/u_ctrl/mux_cmbsop_current_uop[mac_clear_acc]_36_15/in_5[11] 	 (fanout : 1)
hpin:transformer_core_top/u_ctrl/mux_cmbsop_current_uop[mac_clear_acc]_36_15/in_5[10] 	 (fanout : 1)
hpin:transformer_core_top/u_ctrl/mux_cmbsop_current_uop[mac_clear_acc]_36_15/in_5[9] 	 (fanout : 1)
hpin:transformer_core_top/u_ctrl/mux_cmbsop_current_uop[mac_clear_acc]_36_15/in_5[8] 	 (fanout : 1)
hpin:transformer_core_top/u_ctrl/mux_cmbsop_current_uop[mac_clear_acc]_36_15/in_5[7] 	 (fanout : 1)
hpin:transformer_core_top/u_ctrl/mux_cmbsop_current_uop[mac_clear_acc]_36_15/in_5[6] 	 (fanout : 1)
hpin:transformer_core_top/u_ctrl/mux_cmbsop_current_uop[mac_clear_acc]_36_15/in_5[5] 	 (fanout : 1)
hpin:transformer_core_top/u_ctrl/mux_cmbsop_current_uop[mac_clear_acc]_36_15/in_5[4] 	 (fanout : 1)
hpin:transformer_core_top/u_ctrl/mux_cmbsop_current_uop[mac_clear_acc]_36_15/in_5[3] 	 (fanout : 1)
hpin:transformer_core_top/u_ctrl/mux_cmbsop_current_uop[mac_clear_acc]_36_15/in_5[2] 	 (fanout : 1)
hpin:transformer_core_top/u_ctrl/mux_cmbsop_current_uop[mac_clear_acc]_36_15/in_5[1] 	 (fanout : 1)
hpin:transformer_core_top/u_ctrl/mux_cmbsop_current_uop[mac_clear_acc]_36_15/in_5[0] 	 (fanout : 1)
hpin:transformer_core_top/u_ctrl/mux_cmbsop_current_uop[mac_clear_acc]_36_15/in_6[18] 	 (fanout : 1)
hpin:transformer_core_top/u_ctrl/mux_cmbsop_current_uop[mac_clear_acc]_36_15/in_6[17] 	 (fanout : 1)
hpin:transformer_core_top/u_ctrl/mux_cmbsop_current_uop[mac_clear_acc]_36_15/in_6[16] 	 (fanout : 1)
hpin:transformer_core_top/u_ctrl/mux_cmbsop_current_uop[mac_clear_acc]_36_15/in_6[15] 	 (fanout : 1)
hpin:transformer_core_top/u_ctrl/mux_cmbsop_current_uop[mac_clear_acc]_36_15/in_6[14] 	 (fanout : 1)
hpin:transformer_core_top/u_ctrl/mux_cmbsop_current_uop[mac_clear_acc]_36_15/in_6[13] 	 (fanout : 1)
hpin:transformer_core_top/u_ctrl/mux_cmbsop_current_uop[mac_clear_acc]_36_15/in_6[12] 	 (fanout : 1)
hpin:transformer_core_top/u_ctrl/mux_cmbsop_current_uop[mac_clear_acc]_36_15/in_6[11] 	 (fanout : 1)
hpin:transformer_core_top/u_ctrl/mux_cmbsop_current_uop[mac_clear_acc]_36_15/in_6[10] 	 (fanout : 1)
hpin:transformer_core_top/u_ctrl/mux_cmbsop_current_uop[mac_clear_acc]_36_15/in_6[9] 	 (fanout : 1)
hpin:transformer_core_top/u_ctrl/mux_cmbsop_current_uop[mac_clear_acc]_36_15/in_6[8] 	 (fanout : 1)
hpin:transformer_core_top/u_ctrl/mux_cmbsop_current_uop[mac_clear_acc]_36_15/in_6[7] 	 (fanout : 1)
hpin:transformer_core_top/u_ctrl/mux_cmbsop_current_uop[mac_clear_acc]_36_15/in_6[6] 	 (fanout : 1)
hpin:transformer_core_top/u_ctrl/mux_cmbsop_current_uop[mac_clear_acc]_36_15/in_6[5] 	 (fanout : 1)
hpin:transformer_core_top/u_ctrl/mux_cmbsop_current_uop[mac_clear_acc]_36_15/in_6[4] 	 (fanout : 1)
hpin:transformer_core_top/u_ctrl/mux_cmbsop_current_uop[mac_clear_acc]_36_15/in_6[3] 	 (fanout : 1)
hpin:transformer_core_top/u_ctrl/mux_cmbsop_current_uop[mac_clear_acc]_36_15/in_6[2] 	 (fanout : 1)
hpin:transformer_core_top/u_ctrl/mux_cmbsop_current_uop[mac_clear_acc]_36_15/in_6[1] 	 (fanout : 1)
hpin:transformer_core_top/u_ctrl/mux_cmbsop_current_uop[mac_clear_acc]_36_15/in_6[0] 	 (fanout : 1)
hpin:transformer_core_top/u_ctrl/mux_cmbsop_current_uop[mac_clear_acc]_36_15/in_7[18] 	 (fanout : 1)
hpin:transformer_core_top/u_ctrl/mux_cmbsop_current_uop[mac_clear_acc]_36_15/in_7[17] 	 (fanout : 1)
hpin:transformer_core_top/u_ctrl/mux_cmbsop_current_uop[mac_clear_acc]_36_15/in_7[16] 	 (fanout : 1)
hpin:transformer_core_top/u_ctrl/mux_cmbsop_current_uop[mac_clear_acc]_36_15/in_7[15] 	 (fanout : 1)
hpin:transformer_core_top/u_ctrl/mux_cmbsop_current_uop[mac_clear_acc]_36_15/in_7[14] 	 (fanout : 1)
hpin:transformer_core_top/u_ctrl/mux_cmbsop_current_uop[mac_clear_acc]_36_15/in_7[13] 	 (fanout : 1)
hpin:transformer_core_top/u_ctrl/mux_cmbsop_current_uop[mac_clear_acc]_36_15/in_7[12] 	 (fanout : 1)
hpin:transformer_core_top/u_ctrl/mux_cmbsop_current_uop[mac_clear_acc]_36_15/in_7[11] 	 (fanout : 1)
hpin:transformer_core_top/u_ctrl/mux_cmbsop_current_uop[mac_clear_acc]_36_15/in_7[10] 	 (fanout : 1)
hpin:transformer_core_top/u_ctrl/mux_cmbsop_current_uop[mac_clear_acc]_36_15/in_7[9] 	 (fanout : 1)
hpin:transformer_core_top/u_ctrl/mux_cmbsop_current_uop[mac_clear_acc]_36_15/in_7[8] 	 (fanout : 1)
hpin:transformer_core_top/u_ctrl/mux_cmbsop_current_uop[mac_clear_acc]_36_15/in_7[7] 	 (fanout : 1)
hpin:transformer_core_top/u_ctrl/mux_cmbsop_current_uop[mac_clear_acc]_36_15/in_7[6] 	 (fanout : 1)
hpin:transformer_core_top/u_ctrl/mux_cmbsop_current_uop[mac_clear_acc]_36_15/in_7[5] 	 (fanout : 1)
hpin:transformer_core_top/u_ctrl/mux_cmbsop_current_uop[mac_clear_acc]_36_15/in_7[4] 	 (fanout : 1)
hpin:transformer_core_top/u_ctrl/mux_cmbsop_current_uop[mac_clear_acc]_36_15/in_7[3] 	 (fanout : 1)
hpin:transformer_core_top/u_ctrl/mux_cmbsop_current_uop[mac_clear_acc]_36_15/in_7[2] 	 (fanout : 1)
hpin:transformer_core_top/u_ctrl/mux_cmbsop_current_uop[mac_clear_acc]_36_15/in_7[1] 	 (fanout : 1)
hpin:transformer_core_top/u_ctrl/mux_cmbsop_current_uop[mac_clear_acc]_36_15/in_7[0] 	 (fanout : 1)
hpin:transformer_core_top/u_ctrl/mux_cmbsop_current_uop[mac_clear_acc]_36_15/in_8[18] 	 (fanout : 1)
hpin:transformer_core_top/u_ctrl/mux_cmbsop_current_uop[mac_clear_acc]_36_15/in_8[17] 	 (fanout : 1)
hpin:transformer_core_top/u_ctrl/mux_cmbsop_current_uop[mac_clear_acc]_36_15/in_8[16] 	 (fanout : 1)
hpin:transformer_core_top/u_ctrl/mux_cmbsop_current_uop[mac_clear_acc]_36_15/in_8[15] 	 (fanout : 1)
hpin:transformer_core_top/u_ctrl/mux_cmbsop_current_uop[mac_clear_acc]_36_15/in_8[14] 	 (fanout : 1)
hpin:transformer_core_top/u_ctrl/mux_cmbsop_current_uop[mac_clear_acc]_36_15/in_8[13] 	 (fanout : 1)
hpin:transformer_core_top/u_ctrl/mux_cmbsop_current_uop[mac_clear_acc]_36_15/in_8[12] 	 (fanout : 1)
hpin:transformer_core_top/u_ctrl/mux_cmbsop_current_uop[mac_clear_acc]_36_15/in_8[11] 	 (fanout : 1)
hpin:transformer_core_top/u_ctrl/mux_cmbsop_current_uop[mac_clear_acc]_36_15/in_8[10] 	 (fanout : 1)
hpin:transformer_core_top/u_ctrl/mux_cmbsop_current_uop[mac_clear_acc]_36_15/in_8[9] 	 (fanout : 1)
hpin:transformer_core_top/u_ctrl/mux_cmbsop_current_uop[mac_clear_acc]_36_15/in_8[8] 	 (fanout : 1)
hpin:transformer_core_top/u_ctrl/mux_cmbsop_current_uop[mac_clear_acc]_36_15/in_8[7] 	 (fanout : 1)
hpin:transformer_core_top/u_ctrl/mux_cmbsop_current_uop[mac_clear_acc]_36_15/in_8[6] 	 (fanout : 1)
hpin:transformer_core_top/u_ctrl/mux_cmbsop_current_uop[mac_clear_acc]_36_15/in_8[5] 	 (fanout : 1)
hpin:transformer_core_top/u_ctrl/mux_cmbsop_current_uop[mac_clear_acc]_36_15/in_8[4] 	 (fanout : 1)
hpin:transformer_core_top/u_ctrl/mux_cmbsop_current_uop[mac_clear_acc]_36_15/in_8[3] 	 (fanout : 1)
hpin:transformer_core_top/u_ctrl/mux_cmbsop_current_uop[mac_clear_acc]_36_15/in_8[2] 	 (fanout : 1)
hpin:transformer_core_top/u_ctrl/mux_cmbsop_current_uop[mac_clear_acc]_36_15/in_8[1] 	 (fanout : 1)
hpin:transformer_core_top/u_ctrl/mux_cmbsop_current_uop[mac_clear_acc]_36_15/in_8[0] 	 (fanout : 1)
hpin:transformer_core_top/u_ctrl/mux_cmbsop_current_uop[mac_clear_acc]_36_15/in_9[18] 	 (fanout : 1)
hpin:transformer_core_top/u_ctrl/mux_cmbsop_current_uop[mac_clear_acc]_36_15/in_9[17] 	 (fanout : 1)
hpin:transformer_core_top/u_ctrl/mux_cmbsop_current_uop[mac_clear_acc]_36_15/in_9[16] 	 (fanout : 1)
hpin:transformer_core_top/u_ctrl/mux_cmbsop_current_uop[mac_clear_acc]_36_15/in_9[15] 	 (fanout : 1)
hpin:transformer_core_top/u_ctrl/mux_cmbsop_current_uop[mac_clear_acc]_36_15/in_9[14] 	 (fanout : 1)
hpin:transformer_core_top/u_ctrl/mux_cmbsop_current_uop[mac_clear_acc]_36_15/in_9[13] 	 (fanout : 1)
hpin:transformer_core_top/u_ctrl/mux_cmbsop_current_uop[mac_clear_acc]_36_15/in_9[12] 	 (fanout : 1)
hpin:transformer_core_top/u_ctrl/mux_cmbsop_current_uop[mac_clear_acc]_36_15/in_9[11] 	 (fanout : 1)
hpin:transformer_core_top/u_ctrl/mux_cmbsop_current_uop[mac_clear_acc]_36_15/in_9[10] 	 (fanout : 1)
hpin:transformer_core_top/u_ctrl/mux_cmbsop_current_uop[mac_clear_acc]_36_15/in_9[9] 	 (fanout : 1)
hpin:transformer_core_top/u_ctrl/mux_cmbsop_current_uop[mac_clear_acc]_36_15/in_9[8] 	 (fanout : 1)
hpin:transformer_core_top/u_ctrl/mux_cmbsop_current_uop[mac_clear_acc]_36_15/in_9[7] 	 (fanout : 1)
hpin:transformer_core_top/u_ctrl/mux_cmbsop_current_uop[mac_clear_acc]_36_15/in_9[6] 	 (fanout : 1)
hpin:transformer_core_top/u_ctrl/mux_cmbsop_current_uop[mac_clear_acc]_36_15/in_9[5] 	 (fanout : 1)
hpin:transformer_core_top/u_ctrl/mux_cmbsop_current_uop[mac_clear_acc]_36_15/in_9[4] 	 (fanout : 1)
hpin:transformer_core_top/u_ctrl/mux_cmbsop_current_uop[mac_clear_acc]_36_15/in_9[3] 	 (fanout : 1)
hpin:transformer_core_top/u_ctrl/mux_cmbsop_current_uop[mac_clear_acc]_36_15/in_9[2] 	 (fanout : 1)
hpin:transformer_core_top/u_ctrl/mux_cmbsop_current_uop[mac_clear_acc]_36_15/in_9[1] 	 (fanout : 1)
hpin:transformer_core_top/u_ctrl/mux_cmbsop_current_uop[mac_clear_acc]_36_15/in_9[0] 	 (fanout : 1)
hpin:transformer_core_top/u_ctrl/mux_cmbsop_current_uop[mac_clear_acc]_36_15/in_10[18] 	 (fanout : 1)
hpin:transformer_core_top/u_ctrl/mux_cmbsop_current_uop[mac_clear_acc]_36_15/in_10[17] 	 (fanout : 1)
hpin:transformer_core_top/u_ctrl/mux_cmbsop_current_uop[mac_clear_acc]_36_15/in_10[16] 	 (fanout : 1)
hpin:transformer_core_top/u_ctrl/mux_cmbsop_current_uop[mac_clear_acc]_36_15/in_10[15] 	 (fanout : 1)
hpin:transformer_core_top/u_ctrl/mux_cmbsop_current_uop[mac_clear_acc]_36_15/in_10[14] 	 (fanout : 1)
hpin:transformer_core_top/u_ctrl/mux_cmbsop_current_uop[mac_clear_acc]_36_15/in_10[13] 	 (fanout : 1)
hpin:transformer_core_top/u_ctrl/mux_cmbsop_current_uop[mac_clear_acc]_36_15/in_10[12] 	 (fanout : 1)
hpin:transformer_core_top/u_ctrl/mux_cmbsop_current_uop[mac_clear_acc]_36_15/in_10[11] 	 (fanout : 1)
hpin:transformer_core_top/u_ctrl/mux_cmbsop_current_uop[mac_clear_acc]_36_15/in_10[10] 	 (fanout : 1)
hpin:transformer_core_top/u_ctrl/mux_cmbsop_current_uop[mac_clear_acc]_36_15/in_10[9] 	 (fanout : 1)
hpin:transformer_core_top/u_ctrl/mux_cmbsop_current_uop[mac_clear_acc]_36_15/in_10[8] 	 (fanout : 1)
hpin:transformer_core_top/u_ctrl/mux_cmbsop_current_uop[mac_clear_acc]_36_15/in_10[7] 	 (fanout : 1)
hpin:transformer_core_top/u_ctrl/mux_cmbsop_current_uop[mac_clear_acc]_36_15/in_10[6] 	 (fanout : 1)
hpin:transformer_core_top/u_ctrl/mux_cmbsop_current_uop[mac_clear_acc]_36_15/in_10[5] 	 (fanout : 1)
hpin:transformer_core_top/u_ctrl/mux_cmbsop_current_uop[mac_clear_acc]_36_15/in_10[4] 	 (fanout : 1)
hpin:transformer_core_top/u_ctrl/mux_cmbsop_current_uop[mac_clear_acc]_36_15/in_10[3] 	 (fanout : 1)
hpin:transformer_core_top/u_ctrl/mux_cmbsop_current_uop[mac_clear_acc]_36_15/in_10[2] 	 (fanout : 1)
hpin:transformer_core_top/u_ctrl/mux_cmbsop_current_uop[mac_clear_acc]_36_15/in_10[1] 	 (fanout : 1)
hpin:transformer_core_top/u_ctrl/mux_cmbsop_current_uop[mac_clear_acc]_36_15/in_10[0] 	 (fanout : 1)
hpin:transformer_core_top/u_ctrl/mux_ctrl_bus[tr_lane0_mode]_176_15/in_0 	 (fanout : 1)
hpin:transformer_core_top/u_ctrl/mux_ctrl_bus[tr_lane0_mode]_176_15/in_5 	 (fanout : 1)
hpin:transformer_core_top/u_ctrl/mux_ctrl_bus[tr_lane0_mode]_176_15/in_6 	 (fanout : 1)
hpin:transformer_core_top/u_ctrl/mux_ctrl_bus[tr_lane0_mode]_176_15/in_7 	 (fanout : 1)
hpin:transformer_core_top/u_ctrl/mux_ctrl_bus[tr_shift_mode]_176_15/in_0[1] 	 (fanout : 1)
hpin:transformer_core_top/u_ctrl/mux_ctrl_bus[tr_shift_mode]_176_15/in_0[0] 	 (fanout : 1)
hpin:transformer_core_top/u_ctrl/mux_ctrl_bus[tr_shift_mode]_176_15/in_5[1] 	 (fanout : 1)
hpin:transformer_core_top/u_ctrl/mux_ctrl_bus[tr_shift_mode]_176_15/in_5[0] 	 (fanout : 1)
hpin:transformer_core_top/u_ctrl/mux_ctrl_bus[tr_shift_mode]_176_15/in_6[1] 	 (fanout : 1)
hpin:transformer_core_top/u_ctrl/mux_ctrl_bus[tr_shift_mode]_176_15/in_6[0] 	 (fanout : 1)
hpin:transformer_core_top/u_ctrl/mux_ctrl_bus[tr_shift_mode]_176_15/in_7[1] 	 (fanout : 1)
hpin:transformer_core_top/u_ctrl/mux_ctrl_bus[tr_shift_mode]_176_15/in_7[0] 	 (fanout : 1)
hpin:transformer_core_top/u_ctrl/mux_ctrl_bus[tr_exp_sel]_176_15/in_0 	 (fanout : 1)
hpin:transformer_core_top/u_ctrl/mux_ctrl_bus[tr_exp_sel]_176_15/in_5 	 (fanout : 1)
hpin:transformer_core_top/u_ctrl/mux_ctrl_bus[tr_exp_sel]_176_15/in_6 	 (fanout : 1)
hpin:transformer_core_top/u_ctrl/mux_ctrl_bus[tr_exp_sel]_176_15/in_7 	 (fanout : 1)
hpin:transformer_core_top/u_ctrl/mux_ctrl_bus[mux_sub_val_sel]_176_15/in_0 	 (fanout : 1)
hpin:transformer_core_top/u_ctrl/mux_ctrl_bus[mux_sub_val_sel]_176_15/in_5 	 (fanout : 1)
hpin:transformer_core_top/u_ctrl/mux_ctrl_bus[mux_sub_val_sel]_176_15/in_6 	 (fanout : 1)
hpin:transformer_core_top/u_ctrl/mux_ctrl_bus[mux_sub_val_sel]_176_15/in_7 	 (fanout : 1)
hpin:transformer_core_top/u_ctrl/mux_ctrl_bus[mux_tr_vec_sel]_176_15/in_0[1] 	 (fanout : 1)
hpin:transformer_core_top/u_ctrl/mux_ctrl_bus[mux_tr_vec_sel]_176_15/in_0[0] 	 (fanout : 1)
hpin:transformer_core_top/u_ctrl/mux_ctrl_bus[mux_tr_vec_sel]_176_15/in_5[1] 	 (fanout : 1)
hpin:transformer_core_top/u_ctrl/mux_ctrl_bus[mux_tr_vec_sel]_176_15/in_5[0] 	 (fanout : 1)
hpin:transformer_core_top/u_ctrl/mux_ctrl_bus[mux_tr_vec_sel]_176_15/in_6[1] 	 (fanout : 1)
hpin:transformer_core_top/u_ctrl/mux_ctrl_bus[mux_tr_vec_sel]_176_15/in_6[0] 	 (fanout : 1)
hpin:transformer_core_top/u_ctrl/mux_ctrl_bus[mux_tr_vec_sel]_176_15/in_7[1] 	 (fanout : 1)
hpin:transformer_core_top/u_ctrl/mux_ctrl_bus[mux_tr_vec_sel]_176_15/in_7[0] 	 (fanout : 1)
hpin:transformer_core_top/u_ctrl/mux_ctrl_bus[mux_a_sel]_176_15/in_0[1] 	 (fanout : 1)
hpin:transformer_core_top/u_ctrl/mux_ctrl_bus[mux_a_sel]_176_15/in_0[0] 	 (fanout : 1)
hpin:transformer_core_top/u_ctrl/mux_ctrl_bus[mux_a_sel]_176_15/in_5[1] 	 (fanout : 1)
hpin:transformer_core_top/u_ctrl/mux_ctrl_bus[mux_a_sel]_176_15/in_5[0] 	 (fanout : 1)
hpin:transformer_core_top/u_ctrl/mux_ctrl_bus[mux_a_sel]_176_15/in_6[1] 	 (fanout : 1)
hpin:transformer_core_top/u_ctrl/mux_ctrl_bus[mux_a_sel]_176_15/in_6[0] 	 (fanout : 1)
hpin:transformer_core_top/u_ctrl/mux_ctrl_bus[mux_a_sel]_176_15/in_7[1] 	 (fanout : 1)
hpin:transformer_core_top/u_ctrl/mux_ctrl_bus[mux_a_sel]_176_15/in_7[0] 	 (fanout : 1)
hpin:transformer_core_top/u_ctrl/mux_ctrl_bus[mux_b_sel]_176_15/in_0[2] 	 (fanout : 1)
hpin:transformer_core_top/u_ctrl/mux_ctrl_bus[mux_b_sel]_176_15/in_0[1] 	 (fanout : 1)
hpin:transformer_core_top/u_ctrl/mux_ctrl_bus[mux_b_sel]_176_15/in_0[0] 	 (fanout : 1)
hpin:transformer_core_top/u_ctrl/mux_ctrl_bus[mux_b_sel]_176_15/in_5[2] 	 (fanout : 1)
hpin:transformer_core_top/u_ctrl/mux_ctrl_bus[mux_b_sel]_176_15/in_5[1] 	 (fanout : 1)
hpin:transformer_core_top/u_ctrl/mux_ctrl_bus[mux_b_sel]_176_15/in_5[0] 	 (fanout : 1)
hpin:transformer_core_top/u_ctrl/mux_ctrl_bus[mux_b_sel]_176_15/in_6[2] 	 (fanout : 1)
hpin:transformer_core_top/u_ctrl/mux_ctrl_bus[mux_b_sel]_176_15/in_6[1] 	 (fanout : 1)
hpin:transformer_core_top/u_ctrl/mux_ctrl_bus[mux_b_sel]_176_15/in_6[0] 	 (fanout : 1)
hpin:transformer_core_top/u_ctrl/mux_ctrl_bus[mux_b_sel]_176_15/in_7[2] 	 (fanout : 1)
hpin:transformer_core_top/u_ctrl/mux_ctrl_bus[mux_b_sel]_176_15/in_7[1] 	 (fanout : 1)
hpin:transformer_core_top/u_ctrl/mux_ctrl_bus[mux_b_sel]_176_15/in_7[0] 	 (fanout : 1)
hpin:transformer_core_top/u_ctrl/mux_ctrl_bus[mac_op_mode]_176_15/in_0[1] 	 (fanout : 1)
hpin:transformer_core_top/u_ctrl/mux_ctrl_bus[mac_op_mode]_176_15/in_0[0] 	 (fanout : 1)
hpin:transformer_core_top/u_ctrl/mux_ctrl_bus[mac_op_mode]_176_15/in_5[1] 	 (fanout : 1)
hpin:transformer_core_top/u_ctrl/mux_ctrl_bus[mac_op_mode]_176_15/in_5[0] 	 (fanout : 1)
hpin:transformer_core_top/u_ctrl/mux_ctrl_bus[mac_op_mode]_176_15/in_6[1] 	 (fanout : 1)
hpin:transformer_core_top/u_ctrl/mux_ctrl_bus[mac_op_mode]_176_15/in_6[0] 	 (fanout : 1)
hpin:transformer_core_top/u_ctrl/mux_ctrl_bus[mac_op_mode]_176_15/in_7[1] 	 (fanout : 1)
hpin:transformer_core_top/u_ctrl/mux_ctrl_bus[mac_op_mode]_176_15/in_7[0] 	 (fanout : 1)
hpin:transformer_core_top/u_ctrl/mux_ctrl_bus[mac_elemwise]_176_15/in_0 	 (fanout : 1)
hpin:transformer_core_top/u_ctrl/mux_ctrl_bus[mac_elemwise]_176_15/in_5 	 (fanout : 1)
hpin:transformer_core_top/u_ctrl/mux_ctrl_bus[mac_elemwise]_176_15/in_6 	 (fanout : 1)
hpin:transformer_core_top/u_ctrl/mux_ctrl_bus[mac_elemwise]_176_15/in_7 	 (fanout : 1)
hpin:transformer_core_top/u_ctrl/mux_ctrl_bus[mac_clear_acc]_176_15/in_0 	 (fanout : 1)
hpin:transformer_core_top/u_ctrl/mux_ctrl_bus[mac_clear_acc]_176_15/in_5 	 (fanout : 1)
hpin:transformer_core_top/u_ctrl/mux_ctrl_bus[mac_clear_acc]_176_15/in_6 	 (fanout : 1)
hpin:transformer_core_top/u_ctrl/mux_ctrl_bus[mac_clear_acc]_176_15/in_7 	 (fanout : 1)
hpin:transformer_core_top/u_ctrl/mux_ctrl_bus[save_sum]_176_15/in_0 	 (fanout : 1)
hpin:transformer_core_top/u_ctrl/mux_ctrl_bus[save_sum]_176_15/in_5 	 (fanout : 1)
hpin:transformer_core_top/u_ctrl/mux_ctrl_bus[save_sum]_176_15/in_6 	 (fanout : 1)
hpin:transformer_core_top/u_ctrl/mux_ctrl_bus[save_sum]_176_15/in_7 	 (fanout : 1)
hpin:transformer_core_top/u_ctrl/mux_ctrl_bus[save_mean]_176_15/in_0 	 (fanout : 1)
hpin:transformer_core_top/u_ctrl/mux_ctrl_bus[save_mean]_176_15/in_5 	 (fanout : 1)
hpin:transformer_core_top/u_ctrl/mux_ctrl_bus[save_mean]_176_15/in_6 	 (fanout : 1)
hpin:transformer_core_top/u_ctrl/mux_ctrl_bus[save_mean]_176_15/in_7 	 (fanout : 1)
hpin:transformer_core_top/u_ctrl/mux_ctrl_bus[gelu_mode]_176_15/in_0 	 (fanout : 1)
hpin:transformer_core_top/u_ctrl/mux_ctrl_bus[gelu_mode]_176_15/in_5 	 (fanout : 1)
hpin:transformer_core_top/u_ctrl/mux_ctrl_bus[gelu_mode]_176_15/in_6 	 (fanout : 1)
hpin:transformer_core_top/u_ctrl/mux_ctrl_bus[gelu_mode]_176_15/in_7 	 (fanout : 1)
hpin:transformer_core_top/u_ctrl/mux_host_done_pulse_211_32/in_0 	 (fanout : 1)
hpin:transformer_core_top/u_ctrl/mux_host_done_pulse_211_32/in_1 	 (fanout : 1)
hpin:transformer_core_top/u_ctrl/mux_host_done_pulse_176_15/in_1 	 (fanout : 1)
hpin:transformer_core_top/u_ctrl/mux_state_d_176_15/in_1[2] 	 (fanout : 1)
hpin:transformer_core_top/u_ctrl/mux_state_d_176_15/in_1[1] 	 (fanout : 1)
hpin:transformer_core_top/u_ctrl/mux_state_d_176_15/in_1[0] 	 (fanout : 1)
hpin:transformer_core_top/u_ctrl/mux_state_d_176_15/in_3[2] 	 (fanout : 1)
hpin:transformer_core_top/u_ctrl/mux_state_d_176_15/in_3[1] 	 (fanout : 1)
hpin:transformer_core_top/u_ctrl/mux_state_d_176_15/in_3[0] 	 (fanout : 1)
hpin:transformer_core_top/u_datapath/u_scalar_sub/lt_24_22_I8/B[7] 	 (fanout : 3)
hpin:transformer_core_top/u_datapath/u_scalar_sub/lt_24_22_I8/B[6] 	 (fanout : 1)
hpin:transformer_core_top/u_datapath/u_scalar_sub/lt_24_22_I8/B[5] 	 (fanout : 1)
hpin:transformer_core_top/u_datapath/u_scalar_sub/lt_24_22_I8/B[4] 	 (fanout : 1)
hpin:transformer_core_top/u_datapath/u_scalar_sub/lt_24_22_I8/B[3] 	 (fanout : 1)
hpin:transformer_core_top/u_datapath/u_scalar_sub/lt_24_22_I8/B[2] 	 (fanout : 1)
hpin:transformer_core_top/u_datapath/u_scalar_sub/lt_24_22_I8/B[1] 	 (fanout : 1)
hpin:transformer_core_top/u_datapath/u_scalar_sub/lt_24_22_I8/B[0] 	 (fanout : 1)
hpin:transformer_core_top/u_datapath/u_scalar_sub/gt_26_31_I8/B[7] 	 (fanout : 3)
hpin:transformer_core_top/u_datapath/u_scalar_sub/gt_26_31_I8/B[6] 	 (fanout : 2)
hpin:transformer_core_top/u_datapath/u_scalar_sub/gt_26_31_I8/B[5] 	 (fanout : 2)
hpin:transformer_core_top/u_datapath/u_scalar_sub/gt_26_31_I8/B[4] 	 (fanout : 2)
hpin:transformer_core_top/u_datapath/u_scalar_sub/gt_26_31_I8/B[3] 	 (fanout : 2)
hpin:transformer_core_top/u_datapath/u_scalar_sub/gt_26_31_I8/B[2] 	 (fanout : 2)
hpin:transformer_core_top/u_datapath/u_scalar_sub/gt_26_31_I8/B[1] 	 (fanout : 2)
hpin:transformer_core_top/u_datapath/u_scalar_sub/gt_26_31_I8/B[0] 	 (fanout : 1)
hpin:transformer_core_top/u_datapath/u_scalar_sub/lt_24_22_I7/B[7] 	 (fanout : 3)
hpin:transformer_core_top/u_datapath/u_scalar_sub/lt_24_22_I7/B[6] 	 (fanout : 1)
hpin:transformer_core_top/u_datapath/u_scalar_sub/lt_24_22_I7/B[5] 	 (fanout : 1)
hpin:transformer_core_top/u_datapath/u_scalar_sub/lt_24_22_I7/B[4] 	 (fanout : 1)
hpin:transformer_core_top/u_datapath/u_scalar_sub/lt_24_22_I7/B[3] 	 (fanout : 1)
hpin:transformer_core_top/u_datapath/u_scalar_sub/lt_24_22_I7/B[2] 	 (fanout : 1)
hpin:transformer_core_top/u_datapath/u_scalar_sub/lt_24_22_I7/B[1] 	 (fanout : 1)
hpin:transformer_core_top/u_datapath/u_scalar_sub/lt_24_22_I7/B[0] 	 (fanout : 1)
hpin:transformer_core_top/u_datapath/u_scalar_sub/gt_26_31_I7/B[7] 	 (fanout : 3)
hpin:transformer_core_top/u_datapath/u_scalar_sub/gt_26_31_I7/B[6] 	 (fanout : 2)
hpin:transformer_core_top/u_datapath/u_scalar_sub/gt_26_31_I7/B[5] 	 (fanout : 2)
hpin:transformer_core_top/u_datapath/u_scalar_sub/gt_26_31_I7/B[4] 	 (fanout : 2)
hpin:transformer_core_top/u_datapath/u_scalar_sub/gt_26_31_I7/B[3] 	 (fanout : 2)
hpin:transformer_core_top/u_datapath/u_scalar_sub/gt_26_31_I7/B[2] 	 (fanout : 2)
hpin:transformer_core_top/u_datapath/u_scalar_sub/gt_26_31_I7/B[1] 	 (fanout : 2)
hpin:transformer_core_top/u_datapath/u_scalar_sub/gt_26_31_I7/B[0] 	 (fanout : 1)
hpin:transformer_core_top/u_datapath/u_scalar_sub/lt_24_22_I6/B[7] 	 (fanout : 3)
hpin:transformer_core_top/u_datapath/u_scalar_sub/lt_24_22_I6/B[6] 	 (fanout : 1)
hpin:transformer_core_top/u_datapath/u_scalar_sub/lt_24_22_I6/B[5] 	 (fanout : 1)
hpin:transformer_core_top/u_datapath/u_scalar_sub/lt_24_22_I6/B[4] 	 (fanout : 1)
hpin:transformer_core_top/u_datapath/u_scalar_sub/lt_24_22_I6/B[3] 	 (fanout : 1)
hpin:transformer_core_top/u_datapath/u_scalar_sub/lt_24_22_I6/B[2] 	 (fanout : 1)
hpin:transformer_core_top/u_datapath/u_scalar_sub/lt_24_22_I6/B[1] 	 (fanout : 1)
hpin:transformer_core_top/u_datapath/u_scalar_sub/lt_24_22_I6/B[0] 	 (fanout : 1)
hpin:transformer_core_top/u_datapath/u_scalar_sub/gt_26_31_I6/B[7] 	 (fanout : 3)
hpin:transformer_core_top/u_datapath/u_scalar_sub/gt_26_31_I6/B[6] 	 (fanout : 2)
hpin:transformer_core_top/u_datapath/u_scalar_sub/gt_26_31_I6/B[5] 	 (fanout : 2)
hpin:transformer_core_top/u_datapath/u_scalar_sub/gt_26_31_I6/B[4] 	 (fanout : 2)
hpin:transformer_core_top/u_datapath/u_scalar_sub/gt_26_31_I6/B[3] 	 (fanout : 2)
hpin:transformer_core_top/u_datapath/u_scalar_sub/gt_26_31_I6/B[2] 	 (fanout : 2)
hpin:transformer_core_top/u_datapath/u_scalar_sub/gt_26_31_I6/B[1] 	 (fanout : 2)
hpin:transformer_core_top/u_datapath/u_scalar_sub/gt_26_31_I6/B[0] 	 (fanout : 1)
hpin:transformer_core_top/u_datapath/u_scalar_sub/lt_24_22_I5/B[7] 	 (fanout : 3)
hpin:transformer_core_top/u_datapath/u_scalar_sub/lt_24_22_I5/B[6] 	 (fanout : 1)
hpin:transformer_core_top/u_datapath/u_scalar_sub/lt_24_22_I5/B[5] 	 (fanout : 1)
hpin:transformer_core_top/u_datapath/u_scalar_sub/lt_24_22_I5/B[4] 	 (fanout : 1)
hpin:transformer_core_top/u_datapath/u_scalar_sub/lt_24_22_I5/B[3] 	 (fanout : 1)
hpin:transformer_core_top/u_datapath/u_scalar_sub/lt_24_22_I5/B[2] 	 (fanout : 1)
hpin:transformer_core_top/u_datapath/u_scalar_sub/lt_24_22_I5/B[1] 	 (fanout : 1)
hpin:transformer_core_top/u_datapath/u_scalar_sub/lt_24_22_I5/B[0] 	 (fanout : 1)
hpin:transformer_core_top/u_datapath/u_scalar_sub/gt_26_31_I5/B[7] 	 (fanout : 3)
hpin:transformer_core_top/u_datapath/u_scalar_sub/gt_26_31_I5/B[6] 	 (fanout : 2)
hpin:transformer_core_top/u_datapath/u_scalar_sub/gt_26_31_I5/B[5] 	 (fanout : 2)
hpin:transformer_core_top/u_datapath/u_scalar_sub/gt_26_31_I5/B[4] 	 (fanout : 2)
hpin:transformer_core_top/u_datapath/u_scalar_sub/gt_26_31_I5/B[3] 	 (fanout : 2)
hpin:transformer_core_top/u_datapath/u_scalar_sub/gt_26_31_I5/B[2] 	 (fanout : 2)
hpin:transformer_core_top/u_datapath/u_scalar_sub/gt_26_31_I5/B[1] 	 (fanout : 2)
hpin:transformer_core_top/u_datapath/u_scalar_sub/gt_26_31_I5/B[0] 	 (fanout : 1)
hpin:transformer_core_top/u_datapath/u_scalar_sub/lt_24_22_I4/B[7] 	 (fanout : 3)
hpin:transformer_core_top/u_datapath/u_scalar_sub/lt_24_22_I4/B[6] 	 (fanout : 1)
hpin:transformer_core_top/u_datapath/u_scalar_sub/lt_24_22_I4/B[5] 	 (fanout : 1)
hpin:transformer_core_top/u_datapath/u_scalar_sub/lt_24_22_I4/B[4] 	 (fanout : 1)
hpin:transformer_core_top/u_datapath/u_scalar_sub/lt_24_22_I4/B[3] 	 (fanout : 1)
hpin:transformer_core_top/u_datapath/u_scalar_sub/lt_24_22_I4/B[2] 	 (fanout : 1)
hpin:transformer_core_top/u_datapath/u_scalar_sub/lt_24_22_I4/B[1] 	 (fanout : 1)
hpin:transformer_core_top/u_datapath/u_scalar_sub/lt_24_22_I4/B[0] 	 (fanout : 1)
hpin:transformer_core_top/u_datapath/u_scalar_sub/gt_26_31_I4/B[7] 	 (fanout : 3)
hpin:transformer_core_top/u_datapath/u_scalar_sub/gt_26_31_I4/B[6] 	 (fanout : 2)
hpin:transformer_core_top/u_datapath/u_scalar_sub/gt_26_31_I4/B[5] 	 (fanout : 2)
hpin:transformer_core_top/u_datapath/u_scalar_sub/gt_26_31_I4/B[4] 	 (fanout : 2)
hpin:transformer_core_top/u_datapath/u_scalar_sub/gt_26_31_I4/B[3] 	 (fanout : 2)
hpin:transformer_core_top/u_datapath/u_scalar_sub/gt_26_31_I4/B[2] 	 (fanout : 2)
hpin:transformer_core_top/u_datapath/u_scalar_sub/gt_26_31_I4/B[1] 	 (fanout : 2)
hpin:transformer_core_top/u_datapath/u_scalar_sub/gt_26_31_I4/B[0] 	 (fanout : 1)
hpin:transformer_core_top/u_datapath/u_scalar_sub/lt_24_22_I3/B[7] 	 (fanout : 3)
hpin:transformer_core_top/u_datapath/u_scalar_sub/lt_24_22_I3/B[6] 	 (fanout : 1)
hpin:transformer_core_top/u_datapath/u_scalar_sub/lt_24_22_I3/B[5] 	 (fanout : 1)
hpin:transformer_core_top/u_datapath/u_scalar_sub/lt_24_22_I3/B[4] 	 (fanout : 1)
hpin:transformer_core_top/u_datapath/u_scalar_sub/lt_24_22_I3/B[3] 	 (fanout : 1)
hpin:transformer_core_top/u_datapath/u_scalar_sub/lt_24_22_I3/B[2] 	 (fanout : 1)
hpin:transformer_core_top/u_datapath/u_scalar_sub/lt_24_22_I3/B[1] 	 (fanout : 1)
hpin:transformer_core_top/u_datapath/u_scalar_sub/lt_24_22_I3/B[0] 	 (fanout : 1)
hpin:transformer_core_top/u_datapath/u_scalar_sub/gt_26_31_I3/B[7] 	 (fanout : 3)
hpin:transformer_core_top/u_datapath/u_scalar_sub/gt_26_31_I3/B[6] 	 (fanout : 2)
hpin:transformer_core_top/u_datapath/u_scalar_sub/gt_26_31_I3/B[5] 	 (fanout : 2)
hpin:transformer_core_top/u_datapath/u_scalar_sub/gt_26_31_I3/B[4] 	 (fanout : 2)
hpin:transformer_core_top/u_datapath/u_scalar_sub/gt_26_31_I3/B[3] 	 (fanout : 2)
hpin:transformer_core_top/u_datapath/u_scalar_sub/gt_26_31_I3/B[2] 	 (fanout : 2)
hpin:transformer_core_top/u_datapath/u_scalar_sub/gt_26_31_I3/B[1] 	 (fanout : 2)
hpin:transformer_core_top/u_datapath/u_scalar_sub/gt_26_31_I3/B[0] 	 (fanout : 1)
hpin:transformer_core_top/u_datapath/u_scalar_sub/lt_24_22_I2/B[7] 	 (fanout : 3)
hpin:transformer_core_top/u_datapath/u_scalar_sub/lt_24_22_I2/B[6] 	 (fanout : 1)
hpin:transformer_core_top/u_datapath/u_scalar_sub/lt_24_22_I2/B[5] 	 (fanout : 1)
hpin:transformer_core_top/u_datapath/u_scalar_sub/lt_24_22_I2/B[4] 	 (fanout : 1)
hpin:transformer_core_top/u_datapath/u_scalar_sub/lt_24_22_I2/B[3] 	 (fanout : 1)
hpin:transformer_core_top/u_datapath/u_scalar_sub/lt_24_22_I2/B[2] 	 (fanout : 1)
hpin:transformer_core_top/u_datapath/u_scalar_sub/lt_24_22_I2/B[1] 	 (fanout : 1)
hpin:transformer_core_top/u_datapath/u_scalar_sub/lt_24_22_I2/B[0] 	 (fanout : 1)
hpin:transformer_core_top/u_datapath/u_scalar_sub/gt_26_31_I2/B[7] 	 (fanout : 3)
hpin:transformer_core_top/u_datapath/u_scalar_sub/gt_26_31_I2/B[6] 	 (fanout : 2)
hpin:transformer_core_top/u_datapath/u_scalar_sub/gt_26_31_I2/B[5] 	 (fanout : 2)
hpin:transformer_core_top/u_datapath/u_scalar_sub/gt_26_31_I2/B[4] 	 (fanout : 2)
hpin:transformer_core_top/u_datapath/u_scalar_sub/gt_26_31_I2/B[3] 	 (fanout : 2)
hpin:transformer_core_top/u_datapath/u_scalar_sub/gt_26_31_I2/B[2] 	 (fanout : 2)
hpin:transformer_core_top/u_datapath/u_scalar_sub/gt_26_31_I2/B[1] 	 (fanout : 2)
hpin:transformer_core_top/u_datapath/u_scalar_sub/gt_26_31_I2/B[0] 	 (fanout : 1)
hpin:transformer_core_top/u_datapath/u_scalar_sub/lt_24_22_I1/B[7] 	 (fanout : 3)
hpin:transformer_core_top/u_datapath/u_scalar_sub/lt_24_22_I1/B[6] 	 (fanout : 1)
hpin:transformer_core_top/u_datapath/u_scalar_sub/lt_24_22_I1/B[5] 	 (fanout : 1)
hpin:transformer_core_top/u_datapath/u_scalar_sub/lt_24_22_I1/B[4] 	 (fanout : 1)
hpin:transformer_core_top/u_datapath/u_scalar_sub/lt_24_22_I1/B[3] 	 (fanout : 1)
hpin:transformer_core_top/u_datapath/u_scalar_sub/lt_24_22_I1/B[2] 	 (fanout : 1)
hpin:transformer_core_top/u_datapath/u_scalar_sub/lt_24_22_I1/B[1] 	 (fanout : 1)
hpin:transformer_core_top/u_datapath/u_scalar_sub/lt_24_22_I1/B[0] 	 (fanout : 1)
hpin:transformer_core_top/u_datapath/u_scalar_sub/gt_26_31_I1/B[7] 	 (fanout : 3)
hpin:transformer_core_top/u_datapath/u_scalar_sub/gt_26_31_I1/B[6] 	 (fanout : 2)
hpin:transformer_core_top/u_datapath/u_scalar_sub/gt_26_31_I1/B[5] 	 (fanout : 2)
hpin:transformer_core_top/u_datapath/u_scalar_sub/gt_26_31_I1/B[4] 	 (fanout : 2)
hpin:transformer_core_top/u_datapath/u_scalar_sub/gt_26_31_I1/B[3] 	 (fanout : 2)
hpin:transformer_core_top/u_datapath/u_scalar_sub/gt_26_31_I1/B[2] 	 (fanout : 2)
hpin:transformer_core_top/u_datapath/u_scalar_sub/gt_26_31_I1/B[1] 	 (fanout : 2)
hpin:transformer_core_top/u_datapath/u_scalar_sub/gt_26_31_I1/B[0] 	 (fanout : 1)
hpin:transformer_core_top/u_datapath/u_scalar_sub/mux_out_data[0]_26_31/in_1[7] 	 (fanout : 1)
hpin:transformer_core_top/u_datapath/u_scalar_sub/mux_out_data[0]_26_31/in_1[6] 	 (fanout : 1)
hpin:transformer_core_top/u_datapath/u_scalar_sub/mux_out_data[0]_26_31/in_1[5] 	 (fanout : 1)
hpin:transformer_core_top/u_datapath/u_scalar_sub/mux_out_data[0]_26_31/in_1[4] 	 (fanout : 1)
hpin:transformer_core_top/u_datapath/u_scalar_sub/mux_out_data[0]_26_31/in_1[3] 	 (fanout : 1)
hpin:transformer_core_top/u_datapath/u_scalar_sub/mux_out_data[0]_26_31/in_1[2] 	 (fanout : 1)
hpin:transformer_core_top/u_datapath/u_scalar_sub/mux_out_data[0]_26_31/in_1[1] 	 (fanout : 1)
hpin:transformer_core_top/u_datapath/u_scalar_sub/mux_out_data[0]_26_31/in_1[0] 	 (fanout : 1)
hpin:transformer_core_top/u_datapath/u_scalar_sub/mux_out_data[0]_24_22/in_1[7] 	 (fanout : 1)
hpin:transformer_core_top/u_datapath/u_scalar_sub/mux_out_data[0]_24_22/in_1[6] 	 (fanout : 1)
hpin:transformer_core_top/u_datapath/u_scalar_sub/mux_out_data[0]_24_22/in_1[5] 	 (fanout : 1)
hpin:transformer_core_top/u_datapath/u_scalar_sub/mux_out_data[0]_24_22/in_1[4] 	 (fanout : 1)
hpin:transformer_core_top/u_datapath/u_scalar_sub/mux_out_data[0]_24_22/in_1[3] 	 (fanout : 1)
hpin:transformer_core_top/u_datapath/u_scalar_sub/mux_out_data[0]_24_22/in_1[2] 	 (fanout : 1)
hpin:transformer_core_top/u_datapath/u_scalar_sub/mux_out_data[0]_24_22/in_1[1] 	 (fanout : 1)
hpin:transformer_core_top/u_datapath/u_scalar_sub/mux_out_data[0]_24_22/in_1[0] 	 (fanout : 1)
hpin:transformer_core_top/u_datapath/u_scalar_sub/mux_out_data[1]_26_31/in_1[7] 	 (fanout : 1)
hpin:transformer_core_top/u_datapath/u_scalar_sub/mux_out_data[1]_26_31/in_1[6] 	 (fanout : 1)
hpin:transformer_core_top/u_datapath/u_scalar_sub/mux_out_data[1]_26_31/in_1[5] 	 (fanout : 1)
hpin:transformer_core_top/u_datapath/u_scalar_sub/mux_out_data[1]_26_31/in_1[4] 	 (fanout : 1)
hpin:transformer_core_top/u_datapath/u_scalar_sub/mux_out_data[1]_26_31/in_1[3] 	 (fanout : 1)
hpin:transformer_core_top/u_datapath/u_scalar_sub/mux_out_data[1]_26_31/in_1[2] 	 (fanout : 1)
hpin:transformer_core_top/u_datapath/u_scalar_sub/mux_out_data[1]_26_31/in_1[1] 	 (fanout : 1)
hpin:transformer_core_top/u_datapath/u_scalar_sub/mux_out_data[1]_26_31/in_1[0] 	 (fanout : 1)
hpin:transformer_core_top/u_datapath/u_scalar_sub/mux_out_data[1]_24_22/in_1[7] 	 (fanout : 1)
hpin:transformer_core_top/u_datapath/u_scalar_sub/mux_out_data[1]_24_22/in_1[6] 	 (fanout : 1)
hpin:transformer_core_top/u_datapath/u_scalar_sub/mux_out_data[1]_24_22/in_1[5] 	 (fanout : 1)
hpin:transformer_core_top/u_datapath/u_scalar_sub/mux_out_data[1]_24_22/in_1[4] 	 (fanout : 1)
hpin:transformer_core_top/u_datapath/u_scalar_sub/mux_out_data[1]_24_22/in_1[3] 	 (fanout : 1)
hpin:transformer_core_top/u_datapath/u_scalar_sub/mux_out_data[1]_24_22/in_1[2] 	 (fanout : 1)
hpin:transformer_core_top/u_datapath/u_scalar_sub/mux_out_data[1]_24_22/in_1[1] 	 (fanout : 1)
hpin:transformer_core_top/u_datapath/u_scalar_sub/mux_out_data[1]_24_22/in_1[0] 	 (fanout : 1)
hpin:transformer_core_top/u_datapath/u_scalar_sub/mux_out_data[2]_26_31/in_1[7] 	 (fanout : 1)
hpin:transformer_core_top/u_datapath/u_scalar_sub/mux_out_data[2]_26_31/in_1[6] 	 (fanout : 1)
hpin:transformer_core_top/u_datapath/u_scalar_sub/mux_out_data[2]_26_31/in_1[5] 	 (fanout : 1)
hpin:transformer_core_top/u_datapath/u_scalar_sub/mux_out_data[2]_26_31/in_1[4] 	 (fanout : 1)
hpin:transformer_core_top/u_datapath/u_scalar_sub/mux_out_data[2]_26_31/in_1[3] 	 (fanout : 1)
hpin:transformer_core_top/u_datapath/u_scalar_sub/mux_out_data[2]_26_31/in_1[2] 	 (fanout : 1)
hpin:transformer_core_top/u_datapath/u_scalar_sub/mux_out_data[2]_26_31/in_1[1] 	 (fanout : 1)
hpin:transformer_core_top/u_datapath/u_scalar_sub/mux_out_data[2]_26_31/in_1[0] 	 (fanout : 1)
hpin:transformer_core_top/u_datapath/u_scalar_sub/mux_out_data[2]_24_22/in_1[7] 	 (fanout : 1)
hpin:transformer_core_top/u_datapath/u_scalar_sub/mux_out_data[2]_24_22/in_1[6] 	 (fanout : 1)
hpin:transformer_core_top/u_datapath/u_scalar_sub/mux_out_data[2]_24_22/in_1[5] 	 (fanout : 1)
hpin:transformer_core_top/u_datapath/u_scalar_sub/mux_out_data[2]_24_22/in_1[4] 	 (fanout : 1)
hpin:transformer_core_top/u_datapath/u_scalar_sub/mux_out_data[2]_24_22/in_1[3] 	 (fanout : 1)
hpin:transformer_core_top/u_datapath/u_scalar_sub/mux_out_data[2]_24_22/in_1[2] 	 (fanout : 1)
hpin:transformer_core_top/u_datapath/u_scalar_sub/mux_out_data[2]_24_22/in_1[1] 	 (fanout : 1)
hpin:transformer_core_top/u_datapath/u_scalar_sub/mux_out_data[2]_24_22/in_1[0] 	 (fanout : 1)
hpin:transformer_core_top/u_datapath/u_scalar_sub/mux_out_data[3]_26_31/in_1[7] 	 (fanout : 1)
hpin:transformer_core_top/u_datapath/u_scalar_sub/mux_out_data[3]_26_31/in_1[6] 	 (fanout : 1)
hpin:transformer_core_top/u_datapath/u_scalar_sub/mux_out_data[3]_26_31/in_1[5] 	 (fanout : 1)
hpin:transformer_core_top/u_datapath/u_scalar_sub/mux_out_data[3]_26_31/in_1[4] 	 (fanout : 1)
hpin:transformer_core_top/u_datapath/u_scalar_sub/mux_out_data[3]_26_31/in_1[3] 	 (fanout : 1)
hpin:transformer_core_top/u_datapath/u_scalar_sub/mux_out_data[3]_26_31/in_1[2] 	 (fanout : 1)
hpin:transformer_core_top/u_datapath/u_scalar_sub/mux_out_data[3]_26_31/in_1[1] 	 (fanout : 1)
hpin:transformer_core_top/u_datapath/u_scalar_sub/mux_out_data[3]_26_31/in_1[0] 	 (fanout : 1)
hpin:transformer_core_top/u_datapath/u_scalar_sub/mux_out_data[3]_24_22/in_1[7] 	 (fanout : 1)
hpin:transformer_core_top/u_datapath/u_scalar_sub/mux_out_data[3]_24_22/in_1[6] 	 (fanout : 1)
hpin:transformer_core_top/u_datapath/u_scalar_sub/mux_out_data[3]_24_22/in_1[5] 	 (fanout : 1)
hpin:transformer_core_top/u_datapath/u_scalar_sub/mux_out_data[3]_24_22/in_1[4] 	 (fanout : 1)
hpin:transformer_core_top/u_datapath/u_scalar_sub/mux_out_data[3]_24_22/in_1[3] 	 (fanout : 1)
hpin:transformer_core_top/u_datapath/u_scalar_sub/mux_out_data[3]_24_22/in_1[2] 	 (fanout : 1)
hpin:transformer_core_top/u_datapath/u_scalar_sub/mux_out_data[3]_24_22/in_1[1] 	 (fanout : 1)
hpin:transformer_core_top/u_datapath/u_scalar_sub/mux_out_data[3]_24_22/in_1[0] 	 (fanout : 1)
hpin:transformer_core_top/u_datapath/u_scalar_sub/mux_out_data[4]_26_31/in_1[7] 	 (fanout : 1)
hpin:transformer_core_top/u_datapath/u_scalar_sub/mux_out_data[4]_26_31/in_1[6] 	 (fanout : 1)
hpin:transformer_core_top/u_datapath/u_scalar_sub/mux_out_data[4]_26_31/in_1[5] 	 (fanout : 1)
hpin:transformer_core_top/u_datapath/u_scalar_sub/mux_out_data[4]_26_31/in_1[4] 	 (fanout : 1)
hpin:transformer_core_top/u_datapath/u_scalar_sub/mux_out_data[4]_26_31/in_1[3] 	 (fanout : 1)
hpin:transformer_core_top/u_datapath/u_scalar_sub/mux_out_data[4]_26_31/in_1[2] 	 (fanout : 1)
hpin:transformer_core_top/u_datapath/u_scalar_sub/mux_out_data[4]_26_31/in_1[1] 	 (fanout : 1)
hpin:transformer_core_top/u_datapath/u_scalar_sub/mux_out_data[4]_26_31/in_1[0] 	 (fanout : 1)
hpin:transformer_core_top/u_datapath/u_scalar_sub/mux_out_data[4]_24_22/in_1[7] 	 (fanout : 1)
hpin:transformer_core_top/u_datapath/u_scalar_sub/mux_out_data[4]_24_22/in_1[6] 	 (fanout : 1)
hpin:transformer_core_top/u_datapath/u_scalar_sub/mux_out_data[4]_24_22/in_1[5] 	 (fanout : 1)
hpin:transformer_core_top/u_datapath/u_scalar_sub/mux_out_data[4]_24_22/in_1[4] 	 (fanout : 1)
hpin:transformer_core_top/u_datapath/u_scalar_sub/mux_out_data[4]_24_22/in_1[3] 	 (fanout : 1)
hpin:transformer_core_top/u_datapath/u_scalar_sub/mux_out_data[4]_24_22/in_1[2] 	 (fanout : 1)
hpin:transformer_core_top/u_datapath/u_scalar_sub/mux_out_data[4]_24_22/in_1[1] 	 (fanout : 1)
hpin:transformer_core_top/u_datapath/u_scalar_sub/mux_out_data[4]_24_22/in_1[0] 	 (fanout : 1)
hpin:transformer_core_top/u_datapath/u_scalar_sub/mux_out_data[5]_26_31/in_1[7] 	 (fanout : 1)
hpin:transformer_core_top/u_datapath/u_scalar_sub/mux_out_data[5]_26_31/in_1[6] 	 (fanout : 1)
hpin:transformer_core_top/u_datapath/u_scalar_sub/mux_out_data[5]_26_31/in_1[5] 	 (fanout : 1)
hpin:transformer_core_top/u_datapath/u_scalar_sub/mux_out_data[5]_26_31/in_1[4] 	 (fanout : 1)
hpin:transformer_core_top/u_datapath/u_scalar_sub/mux_out_data[5]_26_31/in_1[3] 	 (fanout : 1)
hpin:transformer_core_top/u_datapath/u_scalar_sub/mux_out_data[5]_26_31/in_1[2] 	 (fanout : 1)
hpin:transformer_core_top/u_datapath/u_scalar_sub/mux_out_data[5]_26_31/in_1[1] 	 (fanout : 1)
hpin:transformer_core_top/u_datapath/u_scalar_sub/mux_out_data[5]_26_31/in_1[0] 	 (fanout : 1)
hpin:transformer_core_top/u_datapath/u_scalar_sub/mux_out_data[5]_24_22/in_1[7] 	 (fanout : 1)
hpin:transformer_core_top/u_datapath/u_scalar_sub/mux_out_data[5]_24_22/in_1[6] 	 (fanout : 1)
hpin:transformer_core_top/u_datapath/u_scalar_sub/mux_out_data[5]_24_22/in_1[5] 	 (fanout : 1)
hpin:transformer_core_top/u_datapath/u_scalar_sub/mux_out_data[5]_24_22/in_1[4] 	 (fanout : 1)
hpin:transformer_core_top/u_datapath/u_scalar_sub/mux_out_data[5]_24_22/in_1[3] 	 (fanout : 1)
hpin:transformer_core_top/u_datapath/u_scalar_sub/mux_out_data[5]_24_22/in_1[2] 	 (fanout : 1)
hpin:transformer_core_top/u_datapath/u_scalar_sub/mux_out_data[5]_24_22/in_1[1] 	 (fanout : 1)
hpin:transformer_core_top/u_datapath/u_scalar_sub/mux_out_data[5]_24_22/in_1[0] 	 (fanout : 1)
hpin:transformer_core_top/u_datapath/u_scalar_sub/mux_out_data[6]_26_31/in_1[7] 	 (fanout : 1)
hpin:transformer_core_top/u_datapath/u_scalar_sub/mux_out_data[6]_26_31/in_1[6] 	 (fanout : 1)
hpin:transformer_core_top/u_datapath/u_scalar_sub/mux_out_data[6]_26_31/in_1[5] 	 (fanout : 1)
hpin:transformer_core_top/u_datapath/u_scalar_sub/mux_out_data[6]_26_31/in_1[4] 	 (fanout : 1)
hpin:transformer_core_top/u_datapath/u_scalar_sub/mux_out_data[6]_26_31/in_1[3] 	 (fanout : 1)
hpin:transformer_core_top/u_datapath/u_scalar_sub/mux_out_data[6]_26_31/in_1[2] 	 (fanout : 1)
hpin:transformer_core_top/u_datapath/u_scalar_sub/mux_out_data[6]_26_31/in_1[1] 	 (fanout : 1)
hpin:transformer_core_top/u_datapath/u_scalar_sub/mux_out_data[6]_26_31/in_1[0] 	 (fanout : 1)
hpin:transformer_core_top/u_datapath/u_scalar_sub/mux_out_data[6]_24_22/in_1[7] 	 (fanout : 1)
hpin:transformer_core_top/u_datapath/u_scalar_sub/mux_out_data[6]_24_22/in_1[6] 	 (fanout : 1)
hpin:transformer_core_top/u_datapath/u_scalar_sub/mux_out_data[6]_24_22/in_1[5] 	 (fanout : 1)
hpin:transformer_core_top/u_datapath/u_scalar_sub/mux_out_data[6]_24_22/in_1[4] 	 (fanout : 1)
hpin:transformer_core_top/u_datapath/u_scalar_sub/mux_out_data[6]_24_22/in_1[3] 	 (fanout : 1)
hpin:transformer_core_top/u_datapath/u_scalar_sub/mux_out_data[6]_24_22/in_1[2] 	 (fanout : 1)
hpin:transformer_core_top/u_datapath/u_scalar_sub/mux_out_data[6]_24_22/in_1[1] 	 (fanout : 1)
hpin:transformer_core_top/u_datapath/u_scalar_sub/mux_out_data[6]_24_22/in_1[0] 	 (fanout : 1)
hpin:transformer_core_top/u_datapath/u_scalar_sub/mux_out_data[7]_26_31/in_1[7] 	 (fanout : 1)
hpin:transformer_core_top/u_datapath/u_scalar_sub/mux_out_data[7]_26_31/in_1[6] 	 (fanout : 1)
hpin:transformer_core_top/u_datapath/u_scalar_sub/mux_out_data[7]_26_31/in_1[5] 	 (fanout : 1)
hpin:transformer_core_top/u_datapath/u_scalar_sub/mux_out_data[7]_26_31/in_1[4] 	 (fanout : 1)
hpin:transformer_core_top/u_datapath/u_scalar_sub/mux_out_data[7]_26_31/in_1[3] 	 (fanout : 1)
hpin:transformer_core_top/u_datapath/u_scalar_sub/mux_out_data[7]_26_31/in_1[2] 	 (fanout : 1)
hpin:transformer_core_top/u_datapath/u_scalar_sub/mux_out_data[7]_26_31/in_1[1] 	 (fanout : 1)
hpin:transformer_core_top/u_datapath/u_scalar_sub/mux_out_data[7]_26_31/in_1[0] 	 (fanout : 1)
hpin:transformer_core_top/u_datapath/u_scalar_sub/mux_out_data[7]_24_22/in_1[7] 	 (fanout : 1)
hpin:transformer_core_top/u_datapath/u_scalar_sub/mux_out_data[7]_24_22/in_1[6] 	 (fanout : 1)
hpin:transformer_core_top/u_datapath/u_scalar_sub/mux_out_data[7]_24_22/in_1[5] 	 (fanout : 1)
hpin:transformer_core_top/u_datapath/u_scalar_sub/mux_out_data[7]_24_22/in_1[4] 	 (fanout : 1)
hpin:transformer_core_top/u_datapath/u_scalar_sub/mux_out_data[7]_24_22/in_1[3] 	 (fanout : 1)
hpin:transformer_core_top/u_datapath/u_scalar_sub/mux_out_data[7]_24_22/in_1[2] 	 (fanout : 1)
hpin:transformer_core_top/u_datapath/u_scalar_sub/mux_out_data[7]_24_22/in_1[1] 	 (fanout : 1)
hpin:transformer_core_top/u_datapath/u_scalar_sub/mux_out_data[7]_24_22/in_1[0] 	 (fanout : 1)
hpin:transformer_core_top/u_datapath/u_alpha_stab/gt_40_40_I8/B 	 (fanout : 13)
hpin:transformer_core_top/u_datapath/u_alpha_stab/minus_40_47_I8/A 	 (fanout : 14)
hpin:transformer_core_top/u_datapath/u_alpha_stab/mul_32_36_I8/B[8] 	 (fanout : 8)
hpin:transformer_core_top/u_datapath/u_alpha_stab/mul_32_36_I8/B[7] 	 (fanout : 8)
hpin:transformer_core_top/u_datapath/u_alpha_stab/mul_32_36_I8/B[6] 	 (fanout : 8)
hpin:transformer_core_top/u_datapath/u_alpha_stab/mul_32_36_I8/B[5] 	 (fanout : 8)
hpin:transformer_core_top/u_datapath/u_alpha_stab/mul_32_36_I8/B[4] 	 (fanout : 8)
hpin:transformer_core_top/u_datapath/u_alpha_stab/mul_32_36_I8/B[3] 	 (fanout : 8)
hpin:transformer_core_top/u_datapath/u_alpha_stab/mul_32_36_I8/B[2] 	 (fanout : 8)
hpin:transformer_core_top/u_datapath/u_alpha_stab/gt_34_37_I8/B[11] 	 (fanout : 9)
hpin:transformer_core_top/u_datapath/u_alpha_stab/gt_34_37_I8/B[10] 	 (fanout : 2)
hpin:transformer_core_top/u_datapath/u_alpha_stab/gt_34_37_I8/B[9] 	 (fanout : 2)
hpin:transformer_core_top/u_datapath/u_alpha_stab/gt_34_37_I8/B[8] 	 (fanout : 2)
hpin:transformer_core_top/u_datapath/u_alpha_stab/gt_34_37_I8/B[7] 	 (fanout : 2)
hpin:transformer_core_top/u_datapath/u_alpha_stab/gt_34_37_I8/B[6] 	 (fanout : 2)
hpin:transformer_core_top/u_datapath/u_alpha_stab/gt_34_37_I8/B[5] 	 (fanout : 2)
hpin:transformer_core_top/u_datapath/u_alpha_stab/gt_34_37_I8/B[4] 	 (fanout : 2)
hpin:transformer_core_top/u_datapath/u_alpha_stab/gt_34_37_I8/B[3] 	 (fanout : 2)
hpin:transformer_core_top/u_datapath/u_alpha_stab/gt_34_37_I8/B[2] 	 (fanout : 2)
hpin:transformer_core_top/u_datapath/u_alpha_stab/gt_34_37_I8/B[1] 	 (fanout : 2)
hpin:transformer_core_top/u_datapath/u_alpha_stab/gt_34_37_I8/B[0] 	 (fanout : 1)
hpin:transformer_core_top/u_datapath/u_alpha_stab/lt_35_42_I8/B[11] 	 (fanout : 3)
hpin:transformer_core_top/u_datapath/u_alpha_stab/lt_35_42_I8/B[10] 	 (fanout : 1)
hpin:transformer_core_top/u_datapath/u_alpha_stab/lt_35_42_I8/B[9] 	 (fanout : 1)
hpin:transformer_core_top/u_datapath/u_alpha_stab/lt_35_42_I8/B[8] 	 (fanout : 1)
hpin:transformer_core_top/u_datapath/u_alpha_stab/lt_35_42_I8/B[7] 	 (fanout : 1)
hpin:transformer_core_top/u_datapath/u_alpha_stab/lt_35_42_I8/B[6] 	 (fanout : 1)
hpin:transformer_core_top/u_datapath/u_alpha_stab/lt_35_42_I8/B[5] 	 (fanout : 1)
hpin:transformer_core_top/u_datapath/u_alpha_stab/lt_35_42_I8/B[4] 	 (fanout : 1)
hpin:transformer_core_top/u_datapath/u_alpha_stab/lt_35_42_I8/B[3] 	 (fanout : 1)
hpin:transformer_core_top/u_datapath/u_alpha_stab/lt_35_42_I8/B[2] 	 (fanout : 1)
hpin:transformer_core_top/u_datapath/u_alpha_stab/lt_35_42_I8/B[1] 	 (fanout : 1)
hpin:transformer_core_top/u_datapath/u_alpha_stab/lt_35_42_I8/B[0] 	 (fanout : 1)
hpin:transformer_core_top/u_datapath/u_alpha_stab/gt_40_40_I7/B 	 (fanout : 13)
hpin:transformer_core_top/u_datapath/u_alpha_stab/minus_40_47_I7/A 	 (fanout : 14)
hpin:transformer_core_top/u_datapath/u_alpha_stab/mul_32_36_I7/B[8] 	 (fanout : 8)
hpin:transformer_core_top/u_datapath/u_alpha_stab/mul_32_36_I7/B[7] 	 (fanout : 8)
hpin:transformer_core_top/u_datapath/u_alpha_stab/mul_32_36_I7/B[6] 	 (fanout : 8)
hpin:transformer_core_top/u_datapath/u_alpha_stab/mul_32_36_I7/B[5] 	 (fanout : 8)
hpin:transformer_core_top/u_datapath/u_alpha_stab/mul_32_36_I7/B[4] 	 (fanout : 8)
hpin:transformer_core_top/u_datapath/u_alpha_stab/mul_32_36_I7/B[3] 	 (fanout : 8)
hpin:transformer_core_top/u_datapath/u_alpha_stab/mul_32_36_I7/B[2] 	 (fanout : 8)
hpin:transformer_core_top/u_datapath/u_alpha_stab/gt_34_37_I7/B[11] 	 (fanout : 9)
hpin:transformer_core_top/u_datapath/u_alpha_stab/gt_34_37_I7/B[10] 	 (fanout : 2)
hpin:transformer_core_top/u_datapath/u_alpha_stab/gt_34_37_I7/B[9] 	 (fanout : 2)
hpin:transformer_core_top/u_datapath/u_alpha_stab/gt_34_37_I7/B[8] 	 (fanout : 2)
hpin:transformer_core_top/u_datapath/u_alpha_stab/gt_34_37_I7/B[7] 	 (fanout : 2)
hpin:transformer_core_top/u_datapath/u_alpha_stab/gt_34_37_I7/B[6] 	 (fanout : 2)
hpin:transformer_core_top/u_datapath/u_alpha_stab/gt_34_37_I7/B[5] 	 (fanout : 2)
hpin:transformer_core_top/u_datapath/u_alpha_stab/gt_34_37_I7/B[4] 	 (fanout : 2)
hpin:transformer_core_top/u_datapath/u_alpha_stab/gt_34_37_I7/B[3] 	 (fanout : 2)
hpin:transformer_core_top/u_datapath/u_alpha_stab/gt_34_37_I7/B[2] 	 (fanout : 2)
hpin:transformer_core_top/u_datapath/u_alpha_stab/gt_34_37_I7/B[1] 	 (fanout : 2)
hpin:transformer_core_top/u_datapath/u_alpha_stab/gt_34_37_I7/B[0] 	 (fanout : 1)
hpin:transformer_core_top/u_datapath/u_alpha_stab/lt_35_42_I7/B[11] 	 (fanout : 3)
hpin:transformer_core_top/u_datapath/u_alpha_stab/lt_35_42_I7/B[10] 	 (fanout : 1)
hpin:transformer_core_top/u_datapath/u_alpha_stab/lt_35_42_I7/B[9] 	 (fanout : 1)
hpin:transformer_core_top/u_datapath/u_alpha_stab/lt_35_42_I7/B[8] 	 (fanout : 1)
hpin:transformer_core_top/u_datapath/u_alpha_stab/lt_35_42_I7/B[7] 	 (fanout : 1)
hpin:transformer_core_top/u_datapath/u_alpha_stab/lt_35_42_I7/B[6] 	 (fanout : 1)
hpin:transformer_core_top/u_datapath/u_alpha_stab/lt_35_42_I7/B[5] 	 (fanout : 1)
hpin:transformer_core_top/u_datapath/u_alpha_stab/lt_35_42_I7/B[4] 	 (fanout : 1)
hpin:transformer_core_top/u_datapath/u_alpha_stab/lt_35_42_I7/B[3] 	 (fanout : 1)
hpin:transformer_core_top/u_datapath/u_alpha_stab/lt_35_42_I7/B[2] 	 (fanout : 1)
hpin:transformer_core_top/u_datapath/u_alpha_stab/lt_35_42_I7/B[1] 	 (fanout : 1)
hpin:transformer_core_top/u_datapath/u_alpha_stab/lt_35_42_I7/B[0] 	 (fanout : 1)
hpin:transformer_core_top/u_datapath/u_alpha_stab/gt_40_40_I6/B 	 (fanout : 13)
hpin:transformer_core_top/u_datapath/u_alpha_stab/minus_40_47_I6/A 	 (fanout : 14)
hpin:transformer_core_top/u_datapath/u_alpha_stab/mul_32_36_I6/B[8] 	 (fanout : 8)
hpin:transformer_core_top/u_datapath/u_alpha_stab/mul_32_36_I6/B[7] 	 (fanout : 8)
hpin:transformer_core_top/u_datapath/u_alpha_stab/mul_32_36_I6/B[6] 	 (fanout : 8)
hpin:transformer_core_top/u_datapath/u_alpha_stab/mul_32_36_I6/B[5] 	 (fanout : 8)
hpin:transformer_core_top/u_datapath/u_alpha_stab/mul_32_36_I6/B[4] 	 (fanout : 8)
hpin:transformer_core_top/u_datapath/u_alpha_stab/mul_32_36_I6/B[3] 	 (fanout : 8)
hpin:transformer_core_top/u_datapath/u_alpha_stab/mul_32_36_I6/B[2] 	 (fanout : 8)
hpin:transformer_core_top/u_datapath/u_alpha_stab/gt_34_37_I6/B[11] 	 (fanout : 9)
hpin:transformer_core_top/u_datapath/u_alpha_stab/gt_34_37_I6/B[10] 	 (fanout : 2)
hpin:transformer_core_top/u_datapath/u_alpha_stab/gt_34_37_I6/B[9] 	 (fanout : 2)
hpin:transformer_core_top/u_datapath/u_alpha_stab/gt_34_37_I6/B[8] 	 (fanout : 2)
hpin:transformer_core_top/u_datapath/u_alpha_stab/gt_34_37_I6/B[7] 	 (fanout : 2)
hpin:transformer_core_top/u_datapath/u_alpha_stab/gt_34_37_I6/B[6] 	 (fanout : 2)
hpin:transformer_core_top/u_datapath/u_alpha_stab/gt_34_37_I6/B[5] 	 (fanout : 2)
hpin:transformer_core_top/u_datapath/u_alpha_stab/gt_34_37_I6/B[4] 	 (fanout : 2)
hpin:transformer_core_top/u_datapath/u_alpha_stab/gt_34_37_I6/B[3] 	 (fanout : 2)
hpin:transformer_core_top/u_datapath/u_alpha_stab/gt_34_37_I6/B[2] 	 (fanout : 2)
hpin:transformer_core_top/u_datapath/u_alpha_stab/gt_34_37_I6/B[1] 	 (fanout : 2)
hpin:transformer_core_top/u_datapath/u_alpha_stab/gt_34_37_I6/B[0] 	 (fanout : 1)
hpin:transformer_core_top/u_datapath/u_alpha_stab/lt_35_42_I6/B[11] 	 (fanout : 3)
hpin:transformer_core_top/u_datapath/u_alpha_stab/lt_35_42_I6/B[10] 	 (fanout : 1)
hpin:transformer_core_top/u_datapath/u_alpha_stab/lt_35_42_I6/B[9] 	 (fanout : 1)
hpin:transformer_core_top/u_datapath/u_alpha_stab/lt_35_42_I6/B[8] 	 (fanout : 1)
hpin:transformer_core_top/u_datapath/u_alpha_stab/lt_35_42_I6/B[7] 	 (fanout : 1)
hpin:transformer_core_top/u_datapath/u_alpha_stab/lt_35_42_I6/B[6] 	 (fanout : 1)
hpin:transformer_core_top/u_datapath/u_alpha_stab/lt_35_42_I6/B[5] 	 (fanout : 1)
hpin:transformer_core_top/u_datapath/u_alpha_stab/lt_35_42_I6/B[4] 	 (fanout : 1)
hpin:transformer_core_top/u_datapath/u_alpha_stab/lt_35_42_I6/B[3] 	 (fanout : 1)
hpin:transformer_core_top/u_datapath/u_alpha_stab/lt_35_42_I6/B[2] 	 (fanout : 1)
hpin:transformer_core_top/u_datapath/u_alpha_stab/lt_35_42_I6/B[1] 	 (fanout : 1)
hpin:transformer_core_top/u_datapath/u_alpha_stab/lt_35_42_I6/B[0] 	 (fanout : 1)
hpin:transformer_core_top/u_datapath/u_alpha_stab/gt_40_40_I5/B 	 (fanout : 13)
hpin:transformer_core_top/u_datapath/u_alpha_stab/minus_40_47_I5/A 	 (fanout : 14)
hpin:transformer_core_top/u_datapath/u_alpha_stab/mul_32_36_I5/B[8] 	 (fanout : 8)
hpin:transformer_core_top/u_datapath/u_alpha_stab/mul_32_36_I5/B[7] 	 (fanout : 8)
hpin:transformer_core_top/u_datapath/u_alpha_stab/mul_32_36_I5/B[6] 	 (fanout : 8)
hpin:transformer_core_top/u_datapath/u_alpha_stab/mul_32_36_I5/B[5] 	 (fanout : 8)
hpin:transformer_core_top/u_datapath/u_alpha_stab/mul_32_36_I5/B[4] 	 (fanout : 8)
hpin:transformer_core_top/u_datapath/u_alpha_stab/mul_32_36_I5/B[3] 	 (fanout : 8)
hpin:transformer_core_top/u_datapath/u_alpha_stab/mul_32_36_I5/B[2] 	 (fanout : 8)
hpin:transformer_core_top/u_datapath/u_alpha_stab/gt_34_37_I5/B[11] 	 (fanout : 9)
hpin:transformer_core_top/u_datapath/u_alpha_stab/gt_34_37_I5/B[10] 	 (fanout : 2)
hpin:transformer_core_top/u_datapath/u_alpha_stab/gt_34_37_I5/B[9] 	 (fanout : 2)
hpin:transformer_core_top/u_datapath/u_alpha_stab/gt_34_37_I5/B[8] 	 (fanout : 2)
hpin:transformer_core_top/u_datapath/u_alpha_stab/gt_34_37_I5/B[7] 	 (fanout : 2)
hpin:transformer_core_top/u_datapath/u_alpha_stab/gt_34_37_I5/B[6] 	 (fanout : 2)
hpin:transformer_core_top/u_datapath/u_alpha_stab/gt_34_37_I5/B[5] 	 (fanout : 2)
hpin:transformer_core_top/u_datapath/u_alpha_stab/gt_34_37_I5/B[4] 	 (fanout : 2)
hpin:transformer_core_top/u_datapath/u_alpha_stab/gt_34_37_I5/B[3] 	 (fanout : 2)
hpin:transformer_core_top/u_datapath/u_alpha_stab/gt_34_37_I5/B[2] 	 (fanout : 2)
hpin:transformer_core_top/u_datapath/u_alpha_stab/gt_34_37_I5/B[1] 	 (fanout : 2)
hpin:transformer_core_top/u_datapath/u_alpha_stab/gt_34_37_I5/B[0] 	 (fanout : 1)
hpin:transformer_core_top/u_datapath/u_alpha_stab/lt_35_42_I5/B[11] 	 (fanout : 3)
hpin:transformer_core_top/u_datapath/u_alpha_stab/lt_35_42_I5/B[10] 	 (fanout : 1)
hpin:transformer_core_top/u_datapath/u_alpha_stab/lt_35_42_I5/B[9] 	 (fanout : 1)
hpin:transformer_core_top/u_datapath/u_alpha_stab/lt_35_42_I5/B[8] 	 (fanout : 1)
hpin:transformer_core_top/u_datapath/u_alpha_stab/lt_35_42_I5/B[7] 	 (fanout : 1)
hpin:transformer_core_top/u_datapath/u_alpha_stab/lt_35_42_I5/B[6] 	 (fanout : 1)
hpin:transformer_core_top/u_datapath/u_alpha_stab/lt_35_42_I5/B[5] 	 (fanout : 1)
hpin:transformer_core_top/u_datapath/u_alpha_stab/lt_35_42_I5/B[4] 	 (fanout : 1)
hpin:transformer_core_top/u_datapath/u_alpha_stab/lt_35_42_I5/B[3] 	 (fanout : 1)
hpin:transformer_core_top/u_datapath/u_alpha_stab/lt_35_42_I5/B[2] 	 (fanout : 1)
hpin:transformer_core_top/u_datapath/u_alpha_stab/lt_35_42_I5/B[1] 	 (fanout : 1)
hpin:transformer_core_top/u_datapath/u_alpha_stab/lt_35_42_I5/B[0] 	 (fanout : 1)
hpin:transformer_core_top/u_datapath/u_alpha_stab/gt_40_40_I4/B 	 (fanout : 13)
hpin:transformer_core_top/u_datapath/u_alpha_stab/minus_40_47_I4/A 	 (fanout : 14)
hpin:transformer_core_top/u_datapath/u_alpha_stab/mul_32_36_I4/B[8] 	 (fanout : 8)
hpin:transformer_core_top/u_datapath/u_alpha_stab/mul_32_36_I4/B[7] 	 (fanout : 8)
hpin:transformer_core_top/u_datapath/u_alpha_stab/mul_32_36_I4/B[6] 	 (fanout : 8)
hpin:transformer_core_top/u_datapath/u_alpha_stab/mul_32_36_I4/B[5] 	 (fanout : 8)
hpin:transformer_core_top/u_datapath/u_alpha_stab/mul_32_36_I4/B[4] 	 (fanout : 8)
hpin:transformer_core_top/u_datapath/u_alpha_stab/mul_32_36_I4/B[3] 	 (fanout : 8)
hpin:transformer_core_top/u_datapath/u_alpha_stab/mul_32_36_I4/B[2] 	 (fanout : 8)
hpin:transformer_core_top/u_datapath/u_alpha_stab/gt_34_37_I4/B[11] 	 (fanout : 9)
hpin:transformer_core_top/u_datapath/u_alpha_stab/gt_34_37_I4/B[10] 	 (fanout : 2)
hpin:transformer_core_top/u_datapath/u_alpha_stab/gt_34_37_I4/B[9] 	 (fanout : 2)
hpin:transformer_core_top/u_datapath/u_alpha_stab/gt_34_37_I4/B[8] 	 (fanout : 2)
hpin:transformer_core_top/u_datapath/u_alpha_stab/gt_34_37_I4/B[7] 	 (fanout : 2)
hpin:transformer_core_top/u_datapath/u_alpha_stab/gt_34_37_I4/B[6] 	 (fanout : 2)
hpin:transformer_core_top/u_datapath/u_alpha_stab/gt_34_37_I4/B[5] 	 (fanout : 2)
hpin:transformer_core_top/u_datapath/u_alpha_stab/gt_34_37_I4/B[4] 	 (fanout : 2)
hpin:transformer_core_top/u_datapath/u_alpha_stab/gt_34_37_I4/B[3] 	 (fanout : 2)
hpin:transformer_core_top/u_datapath/u_alpha_stab/gt_34_37_I4/B[2] 	 (fanout : 2)
hpin:transformer_core_top/u_datapath/u_alpha_stab/gt_34_37_I4/B[1] 	 (fanout : 2)
hpin:transformer_core_top/u_datapath/u_alpha_stab/gt_34_37_I4/B[0] 	 (fanout : 1)
hpin:transformer_core_top/u_datapath/u_alpha_stab/lt_35_42_I4/B[11] 	 (fanout : 3)
hpin:transformer_core_top/u_datapath/u_alpha_stab/lt_35_42_I4/B[10] 	 (fanout : 1)
hpin:transformer_core_top/u_datapath/u_alpha_stab/lt_35_42_I4/B[9] 	 (fanout : 1)
hpin:transformer_core_top/u_datapath/u_alpha_stab/lt_35_42_I4/B[8] 	 (fanout : 1)
hpin:transformer_core_top/u_datapath/u_alpha_stab/lt_35_42_I4/B[7] 	 (fanout : 1)
hpin:transformer_core_top/u_datapath/u_alpha_stab/lt_35_42_I4/B[6] 	 (fanout : 1)
hpin:transformer_core_top/u_datapath/u_alpha_stab/lt_35_42_I4/B[5] 	 (fanout : 1)
hpin:transformer_core_top/u_datapath/u_alpha_stab/lt_35_42_I4/B[4] 	 (fanout : 1)
hpin:transformer_core_top/u_datapath/u_alpha_stab/lt_35_42_I4/B[3] 	 (fanout : 1)
hpin:transformer_core_top/u_datapath/u_alpha_stab/lt_35_42_I4/B[2] 	 (fanout : 1)
hpin:transformer_core_top/u_datapath/u_alpha_stab/lt_35_42_I4/B[1] 	 (fanout : 1)
hpin:transformer_core_top/u_datapath/u_alpha_stab/lt_35_42_I4/B[0] 	 (fanout : 1)
hpin:transformer_core_top/u_datapath/u_alpha_stab/gt_40_40_I3/B 	 (fanout : 13)
hpin:transformer_core_top/u_datapath/u_alpha_stab/minus_40_47_I3/A 	 (fanout : 14)
hpin:transformer_core_top/u_datapath/u_alpha_stab/mul_32_36_I3/B[8] 	 (fanout : 8)
hpin:transformer_core_top/u_datapath/u_alpha_stab/mul_32_36_I3/B[7] 	 (fanout : 8)
hpin:transformer_core_top/u_datapath/u_alpha_stab/mul_32_36_I3/B[6] 	 (fanout : 8)
hpin:transformer_core_top/u_datapath/u_alpha_stab/mul_32_36_I3/B[5] 	 (fanout : 8)
hpin:transformer_core_top/u_datapath/u_alpha_stab/mul_32_36_I3/B[4] 	 (fanout : 8)
hpin:transformer_core_top/u_datapath/u_alpha_stab/mul_32_36_I3/B[3] 	 (fanout : 8)
hpin:transformer_core_top/u_datapath/u_alpha_stab/mul_32_36_I3/B[2] 	 (fanout : 8)
hpin:transformer_core_top/u_datapath/u_alpha_stab/gt_34_37_I3/B[11] 	 (fanout : 9)
hpin:transformer_core_top/u_datapath/u_alpha_stab/gt_34_37_I3/B[10] 	 (fanout : 2)
hpin:transformer_core_top/u_datapath/u_alpha_stab/gt_34_37_I3/B[9] 	 (fanout : 2)
hpin:transformer_core_top/u_datapath/u_alpha_stab/gt_34_37_I3/B[8] 	 (fanout : 2)
hpin:transformer_core_top/u_datapath/u_alpha_stab/gt_34_37_I3/B[7] 	 (fanout : 2)
hpin:transformer_core_top/u_datapath/u_alpha_stab/gt_34_37_I3/B[6] 	 (fanout : 2)
hpin:transformer_core_top/u_datapath/u_alpha_stab/gt_34_37_I3/B[5] 	 (fanout : 2)
hpin:transformer_core_top/u_datapath/u_alpha_stab/gt_34_37_I3/B[4] 	 (fanout : 2)
hpin:transformer_core_top/u_datapath/u_alpha_stab/gt_34_37_I3/B[3] 	 (fanout : 2)
hpin:transformer_core_top/u_datapath/u_alpha_stab/gt_34_37_I3/B[2] 	 (fanout : 2)
hpin:transformer_core_top/u_datapath/u_alpha_stab/gt_34_37_I3/B[1] 	 (fanout : 2)
hpin:transformer_core_top/u_datapath/u_alpha_stab/gt_34_37_I3/B[0] 	 (fanout : 1)
hpin:transformer_core_top/u_datapath/u_alpha_stab/lt_35_42_I3/B[11] 	 (fanout : 3)
hpin:transformer_core_top/u_datapath/u_alpha_stab/lt_35_42_I3/B[10] 	 (fanout : 1)
hpin:transformer_core_top/u_datapath/u_alpha_stab/lt_35_42_I3/B[9] 	 (fanout : 1)
hpin:transformer_core_top/u_datapath/u_alpha_stab/lt_35_42_I3/B[8] 	 (fanout : 1)
hpin:transformer_core_top/u_datapath/u_alpha_stab/lt_35_42_I3/B[7] 	 (fanout : 1)
hpin:transformer_core_top/u_datapath/u_alpha_stab/lt_35_42_I3/B[6] 	 (fanout : 1)
hpin:transformer_core_top/u_datapath/u_alpha_stab/lt_35_42_I3/B[5] 	 (fanout : 1)
hpin:transformer_core_top/u_datapath/u_alpha_stab/lt_35_42_I3/B[4] 	 (fanout : 1)
hpin:transformer_core_top/u_datapath/u_alpha_stab/lt_35_42_I3/B[3] 	 (fanout : 1)
hpin:transformer_core_top/u_datapath/u_alpha_stab/lt_35_42_I3/B[2] 	 (fanout : 1)
hpin:transformer_core_top/u_datapath/u_alpha_stab/lt_35_42_I3/B[1] 	 (fanout : 1)
hpin:transformer_core_top/u_datapath/u_alpha_stab/lt_35_42_I3/B[0] 	 (fanout : 1)
hpin:transformer_core_top/u_datapath/u_alpha_stab/gt_40_40_I2/B 	 (fanout : 13)
hpin:transformer_core_top/u_datapath/u_alpha_stab/minus_40_47_I2/A 	 (fanout : 14)
hpin:transformer_core_top/u_datapath/u_alpha_stab/mul_32_36_I2/B[8] 	 (fanout : 8)
hpin:transformer_core_top/u_datapath/u_alpha_stab/mul_32_36_I2/B[7] 	 (fanout : 8)
hpin:transformer_core_top/u_datapath/u_alpha_stab/mul_32_36_I2/B[6] 	 (fanout : 8)
hpin:transformer_core_top/u_datapath/u_alpha_stab/mul_32_36_I2/B[5] 	 (fanout : 8)
hpin:transformer_core_top/u_datapath/u_alpha_stab/mul_32_36_I2/B[4] 	 (fanout : 8)
hpin:transformer_core_top/u_datapath/u_alpha_stab/mul_32_36_I2/B[3] 	 (fanout : 8)
hpin:transformer_core_top/u_datapath/u_alpha_stab/mul_32_36_I2/B[2] 	 (fanout : 8)
hpin:transformer_core_top/u_datapath/u_alpha_stab/gt_34_37_I2/B[11] 	 (fanout : 9)
hpin:transformer_core_top/u_datapath/u_alpha_stab/gt_34_37_I2/B[10] 	 (fanout : 2)
hpin:transformer_core_top/u_datapath/u_alpha_stab/gt_34_37_I2/B[9] 	 (fanout : 2)
hpin:transformer_core_top/u_datapath/u_alpha_stab/gt_34_37_I2/B[8] 	 (fanout : 2)
hpin:transformer_core_top/u_datapath/u_alpha_stab/gt_34_37_I2/B[7] 	 (fanout : 2)
hpin:transformer_core_top/u_datapath/u_alpha_stab/gt_34_37_I2/B[6] 	 (fanout : 2)
hpin:transformer_core_top/u_datapath/u_alpha_stab/gt_34_37_I2/B[5] 	 (fanout : 2)
hpin:transformer_core_top/u_datapath/u_alpha_stab/gt_34_37_I2/B[4] 	 (fanout : 2)
hpin:transformer_core_top/u_datapath/u_alpha_stab/gt_34_37_I2/B[3] 	 (fanout : 2)
hpin:transformer_core_top/u_datapath/u_alpha_stab/gt_34_37_I2/B[2] 	 (fanout : 2)
hpin:transformer_core_top/u_datapath/u_alpha_stab/gt_34_37_I2/B[1] 	 (fanout : 2)
hpin:transformer_core_top/u_datapath/u_alpha_stab/gt_34_37_I2/B[0] 	 (fanout : 1)
hpin:transformer_core_top/u_datapath/u_alpha_stab/lt_35_42_I2/B[11] 	 (fanout : 3)
hpin:transformer_core_top/u_datapath/u_alpha_stab/lt_35_42_I2/B[10] 	 (fanout : 1)
hpin:transformer_core_top/u_datapath/u_alpha_stab/lt_35_42_I2/B[9] 	 (fanout : 1)
hpin:transformer_core_top/u_datapath/u_alpha_stab/lt_35_42_I2/B[8] 	 (fanout : 1)
hpin:transformer_core_top/u_datapath/u_alpha_stab/lt_35_42_I2/B[7] 	 (fanout : 1)
hpin:transformer_core_top/u_datapath/u_alpha_stab/lt_35_42_I2/B[6] 	 (fanout : 1)
hpin:transformer_core_top/u_datapath/u_alpha_stab/lt_35_42_I2/B[5] 	 (fanout : 1)
hpin:transformer_core_top/u_datapath/u_alpha_stab/lt_35_42_I2/B[4] 	 (fanout : 1)
hpin:transformer_core_top/u_datapath/u_alpha_stab/lt_35_42_I2/B[3] 	 (fanout : 1)
hpin:transformer_core_top/u_datapath/u_alpha_stab/lt_35_42_I2/B[2] 	 (fanout : 1)
hpin:transformer_core_top/u_datapath/u_alpha_stab/lt_35_42_I2/B[1] 	 (fanout : 1)
hpin:transformer_core_top/u_datapath/u_alpha_stab/lt_35_42_I2/B[0] 	 (fanout : 1)
hpin:transformer_core_top/u_datapath/u_alpha_stab/gt_40_40_I1/B 	 (fanout : 13)
hpin:transformer_core_top/u_datapath/u_alpha_stab/minus_40_47_I1/A 	 (fanout : 14)
hpin:transformer_core_top/u_datapath/u_alpha_stab/mul_32_36_I1/B[8] 	 (fanout : 8)
hpin:transformer_core_top/u_datapath/u_alpha_stab/mul_32_36_I1/B[7] 	 (fanout : 8)
hpin:transformer_core_top/u_datapath/u_alpha_stab/mul_32_36_I1/B[6] 	 (fanout : 8)
hpin:transformer_core_top/u_datapath/u_alpha_stab/mul_32_36_I1/B[5] 	 (fanout : 8)
hpin:transformer_core_top/u_datapath/u_alpha_stab/mul_32_36_I1/B[4] 	 (fanout : 8)
hpin:transformer_core_top/u_datapath/u_alpha_stab/mul_32_36_I1/B[3] 	 (fanout : 8)
hpin:transformer_core_top/u_datapath/u_alpha_stab/mul_32_36_I1/B[2] 	 (fanout : 8)
hpin:transformer_core_top/u_datapath/u_alpha_stab/gt_34_37_I1/B[11] 	 (fanout : 9)
hpin:transformer_core_top/u_datapath/u_alpha_stab/gt_34_37_I1/B[10] 	 (fanout : 2)
hpin:transformer_core_top/u_datapath/u_alpha_stab/gt_34_37_I1/B[9] 	 (fanout : 2)
hpin:transformer_core_top/u_datapath/u_alpha_stab/gt_34_37_I1/B[8] 	 (fanout : 2)
hpin:transformer_core_top/u_datapath/u_alpha_stab/gt_34_37_I1/B[7] 	 (fanout : 2)
hpin:transformer_core_top/u_datapath/u_alpha_stab/gt_34_37_I1/B[6] 	 (fanout : 2)
hpin:transformer_core_top/u_datapath/u_alpha_stab/gt_34_37_I1/B[5] 	 (fanout : 2)
hpin:transformer_core_top/u_datapath/u_alpha_stab/gt_34_37_I1/B[4] 	 (fanout : 2)
hpin:transformer_core_top/u_datapath/u_alpha_stab/gt_34_37_I1/B[3] 	 (fanout : 2)
hpin:transformer_core_top/u_datapath/u_alpha_stab/gt_34_37_I1/B[2] 	 (fanout : 2)
hpin:transformer_core_top/u_datapath/u_alpha_stab/gt_34_37_I1/B[1] 	 (fanout : 2)
hpin:transformer_core_top/u_datapath/u_alpha_stab/gt_34_37_I1/B[0] 	 (fanout : 1)
hpin:transformer_core_top/u_datapath/u_alpha_stab/lt_35_42_I1/B[11] 	 (fanout : 3)
hpin:transformer_core_top/u_datapath/u_alpha_stab/lt_35_42_I1/B[10] 	 (fanout : 1)
hpin:transformer_core_top/u_datapath/u_alpha_stab/lt_35_42_I1/B[9] 	 (fanout : 1)
hpin:transformer_core_top/u_datapath/u_alpha_stab/lt_35_42_I1/B[8] 	 (fanout : 1)
hpin:transformer_core_top/u_datapath/u_alpha_stab/lt_35_42_I1/B[7] 	 (fanout : 1)
hpin:transformer_core_top/u_datapath/u_alpha_stab/lt_35_42_I1/B[6] 	 (fanout : 1)
hpin:transformer_core_top/u_datapath/u_alpha_stab/lt_35_42_I1/B[5] 	 (fanout : 1)
hpin:transformer_core_top/u_datapath/u_alpha_stab/lt_35_42_I1/B[4] 	 (fanout : 1)
hpin:transformer_core_top/u_datapath/u_alpha_stab/lt_35_42_I1/B[3] 	 (fanout : 1)
hpin:transformer_core_top/u_datapath/u_alpha_stab/lt_35_42_I1/B[2] 	 (fanout : 1)
hpin:transformer_core_top/u_datapath/u_alpha_stab/lt_35_42_I1/B[1] 	 (fanout : 1)
hpin:transformer_core_top/u_datapath/u_alpha_stab/lt_35_42_I1/B[0] 	 (fanout : 1)
hpin:transformer_core_top/u_datapath/u_alpha_stab/minus_20_44_I8/A 	 (fanout : 14)
hpin:transformer_core_top/u_datapath/u_alpha_stab/minus_20_44_I7/A 	 (fanout : 14)
hpin:transformer_core_top/u_datapath/u_alpha_stab/minus_20_44_I6/A 	 (fanout : 14)
hpin:transformer_core_top/u_datapath/u_alpha_stab/minus_20_44_I5/A 	 (fanout : 14)
hpin:transformer_core_top/u_datapath/u_alpha_stab/minus_20_44_I4/A 	 (fanout : 14)
hpin:transformer_core_top/u_datapath/u_alpha_stab/minus_20_44_I3/A 	 (fanout : 14)
hpin:transformer_core_top/u_datapath/u_alpha_stab/minus_20_44_I2/A 	 (fanout : 14)
hpin:transformer_core_top/u_datapath/u_alpha_stab/minus_20_44_I1/A 	 (fanout : 14)
hpin:transformer_core_top/u_datapath/u_alpha_stab/mux_GEN_LANES[0].alpha_g_23_23/in_0[1] 	 (fanout : 1)
hpin:transformer_core_top/u_datapath/u_alpha_stab/mux_GEN_LANES[0].alpha_g_23_23/in_0[0] 	 (fanout : 1)
hpin:transformer_core_top/u_datapath/u_alpha_stab/mux_GEN_LANES[0].alpha_g_23_23/in_1[1] 	 (fanout : 1)
hpin:transformer_core_top/u_datapath/u_alpha_stab/mux_GEN_LANES[0].alpha_g_23_23/in_1[0] 	 (fanout : 1)
hpin:transformer_core_top/u_datapath/u_alpha_stab/mux_GEN_LANES[0].alpha_g_23_23/in_2[1] 	 (fanout : 1)
hpin:transformer_core_top/u_datapath/u_alpha_stab/mux_GEN_LANES[0].alpha_g_23_23/in_2[0] 	 (fanout : 1)
hpin:transformer_core_top/u_datapath/u_alpha_stab/mux_GEN_LANES[0].alpha_g_23_23/in_3[1] 	 (fanout : 1)
hpin:transformer_core_top/u_datapath/u_alpha_stab/mux_GEN_LANES[0].alpha_g_23_23/in_3[0] 	 (fanout : 1)
hpin:transformer_core_top/u_datapath/u_alpha_stab/mux_GEN_LANES[0].x_scaled_35_42/in_1[7] 	 (fanout : 1)
hpin:transformer_core_top/u_datapath/u_alpha_stab/mux_GEN_LANES[0].x_scaled_35_42/in_1[6] 	 (fanout : 1)
hpin:transformer_core_top/u_datapath/u_alpha_stab/mux_GEN_LANES[0].x_scaled_35_42/in_1[5] 	 (fanout : 1)
hpin:transformer_core_top/u_datapath/u_alpha_stab/mux_GEN_LANES[0].x_scaled_35_42/in_1[4] 	 (fanout : 1)
hpin:transformer_core_top/u_datapath/u_alpha_stab/mux_GEN_LANES[0].x_scaled_35_42/in_1[3] 	 (fanout : 1)
hpin:transformer_core_top/u_datapath/u_alpha_stab/mux_GEN_LANES[0].x_scaled_35_42/in_1[2] 	 (fanout : 1)
hpin:transformer_core_top/u_datapath/u_alpha_stab/mux_GEN_LANES[0].x_scaled_35_42/in_1[1] 	 (fanout : 1)
hpin:transformer_core_top/u_datapath/u_alpha_stab/mux_GEN_LANES[0].x_scaled_35_42/in_1[0] 	 (fanout : 1)
hpin:transformer_core_top/u_datapath/u_alpha_stab/mux_GEN_LANES[0].x_scaled_34_37/in_1[7] 	 (fanout : 1)
hpin:transformer_core_top/u_datapath/u_alpha_stab/mux_GEN_LANES[0].x_scaled_34_37/in_1[6] 	 (fanout : 1)
hpin:transformer_core_top/u_datapath/u_alpha_stab/mux_GEN_LANES[0].x_scaled_34_37/in_1[5] 	 (fanout : 1)
hpin:transformer_core_top/u_datapath/u_alpha_stab/mux_GEN_LANES[0].x_scaled_34_37/in_1[4] 	 (fanout : 1)
hpin:transformer_core_top/u_datapath/u_alpha_stab/mux_GEN_LANES[0].x_scaled_34_37/in_1[3] 	 (fanout : 1)
hpin:transformer_core_top/u_datapath/u_alpha_stab/mux_GEN_LANES[0].x_scaled_34_37/in_1[2] 	 (fanout : 1)
hpin:transformer_core_top/u_datapath/u_alpha_stab/mux_GEN_LANES[0].x_scaled_34_37/in_1[1] 	 (fanout : 1)
hpin:transformer_core_top/u_datapath/u_alpha_stab/mux_GEN_LANES[0].x_scaled_34_37/in_1[0] 	 (fanout : 1)
hpin:transformer_core_top/u_datapath/u_alpha_stab/mux_GEN_LANES[1].alpha_g_23_23/in_0[1] 	 (fanout : 1)
hpin:transformer_core_top/u_datapath/u_alpha_stab/mux_GEN_LANES[1].alpha_g_23_23/in_0[0] 	 (fanout : 1)
hpin:transformer_core_top/u_datapath/u_alpha_stab/mux_GEN_LANES[1].alpha_g_23_23/in_1[1] 	 (fanout : 1)
hpin:transformer_core_top/u_datapath/u_alpha_stab/mux_GEN_LANES[1].alpha_g_23_23/in_1[0] 	 (fanout : 1)
hpin:transformer_core_top/u_datapath/u_alpha_stab/mux_GEN_LANES[1].alpha_g_23_23/in_2[1] 	 (fanout : 1)
hpin:transformer_core_top/u_datapath/u_alpha_stab/mux_GEN_LANES[1].alpha_g_23_23/in_2[0] 	 (fanout : 1)
hpin:transformer_core_top/u_datapath/u_alpha_stab/mux_GEN_LANES[1].alpha_g_23_23/in_3[1] 	 (fanout : 1)
hpin:transformer_core_top/u_datapath/u_alpha_stab/mux_GEN_LANES[1].alpha_g_23_23/in_3[0] 	 (fanout : 1)
hpin:transformer_core_top/u_datapath/u_alpha_stab/mux_GEN_LANES[1].x_scaled_35_42/in_1[7] 	 (fanout : 1)
hpin:transformer_core_top/u_datapath/u_alpha_stab/mux_GEN_LANES[1].x_scaled_35_42/in_1[6] 	 (fanout : 1)
hpin:transformer_core_top/u_datapath/u_alpha_stab/mux_GEN_LANES[1].x_scaled_35_42/in_1[5] 	 (fanout : 1)
hpin:transformer_core_top/u_datapath/u_alpha_stab/mux_GEN_LANES[1].x_scaled_35_42/in_1[4] 	 (fanout : 1)
hpin:transformer_core_top/u_datapath/u_alpha_stab/mux_GEN_LANES[1].x_scaled_35_42/in_1[3] 	 (fanout : 1)
hpin:transformer_core_top/u_datapath/u_alpha_stab/mux_GEN_LANES[1].x_scaled_35_42/in_1[2] 	 (fanout : 1)
hpin:transformer_core_top/u_datapath/u_alpha_stab/mux_GEN_LANES[1].x_scaled_35_42/in_1[1] 	 (fanout : 1)
hpin:transformer_core_top/u_datapath/u_alpha_stab/mux_GEN_LANES[1].x_scaled_35_42/in_1[0] 	 (fanout : 1)
hpin:transformer_core_top/u_datapath/u_alpha_stab/mux_GEN_LANES[1].x_scaled_34_37/in_1[7] 	 (fanout : 1)
hpin:transformer_core_top/u_datapath/u_alpha_stab/mux_GEN_LANES[1].x_scaled_34_37/in_1[6] 	 (fanout : 1)
hpin:transformer_core_top/u_datapath/u_alpha_stab/mux_GEN_LANES[1].x_scaled_34_37/in_1[5] 	 (fanout : 1)
hpin:transformer_core_top/u_datapath/u_alpha_stab/mux_GEN_LANES[1].x_scaled_34_37/in_1[4] 	 (fanout : 1)
hpin:transformer_core_top/u_datapath/u_alpha_stab/mux_GEN_LANES[1].x_scaled_34_37/in_1[3] 	 (fanout : 1)
hpin:transformer_core_top/u_datapath/u_alpha_stab/mux_GEN_LANES[1].x_scaled_34_37/in_1[2] 	 (fanout : 1)
hpin:transformer_core_top/u_datapath/u_alpha_stab/mux_GEN_LANES[1].x_scaled_34_37/in_1[1] 	 (fanout : 1)
hpin:transformer_core_top/u_datapath/u_alpha_stab/mux_GEN_LANES[1].x_scaled_34_37/in_1[0] 	 (fanout : 1)
hpin:transformer_core_top/u_datapath/u_alpha_stab/mux_GEN_LANES[2].alpha_g_23_23/in_0[1] 	 (fanout : 1)
hpin:transformer_core_top/u_datapath/u_alpha_stab/mux_GEN_LANES[2].alpha_g_23_23/in_0[0] 	 (fanout : 1)
hpin:transformer_core_top/u_datapath/u_alpha_stab/mux_GEN_LANES[2].alpha_g_23_23/in_1[1] 	 (fanout : 1)
hpin:transformer_core_top/u_datapath/u_alpha_stab/mux_GEN_LANES[2].alpha_g_23_23/in_1[0] 	 (fanout : 1)
hpin:transformer_core_top/u_datapath/u_alpha_stab/mux_GEN_LANES[2].alpha_g_23_23/in_2[1] 	 (fanout : 1)
hpin:transformer_core_top/u_datapath/u_alpha_stab/mux_GEN_LANES[2].alpha_g_23_23/in_2[0] 	 (fanout : 1)
hpin:transformer_core_top/u_datapath/u_alpha_stab/mux_GEN_LANES[2].alpha_g_23_23/in_3[1] 	 (fanout : 1)
hpin:transformer_core_top/u_datapath/u_alpha_stab/mux_GEN_LANES[2].alpha_g_23_23/in_3[0] 	 (fanout : 1)
hpin:transformer_core_top/u_datapath/u_alpha_stab/mux_GEN_LANES[2].x_scaled_35_42/in_1[7] 	 (fanout : 1)
hpin:transformer_core_top/u_datapath/u_alpha_stab/mux_GEN_LANES[2].x_scaled_35_42/in_1[6] 	 (fanout : 1)
hpin:transformer_core_top/u_datapath/u_alpha_stab/mux_GEN_LANES[2].x_scaled_35_42/in_1[5] 	 (fanout : 1)
hpin:transformer_core_top/u_datapath/u_alpha_stab/mux_GEN_LANES[2].x_scaled_35_42/in_1[4] 	 (fanout : 1)
hpin:transformer_core_top/u_datapath/u_alpha_stab/mux_GEN_LANES[2].x_scaled_35_42/in_1[3] 	 (fanout : 1)
hpin:transformer_core_top/u_datapath/u_alpha_stab/mux_GEN_LANES[2].x_scaled_35_42/in_1[2] 	 (fanout : 1)
hpin:transformer_core_top/u_datapath/u_alpha_stab/mux_GEN_LANES[2].x_scaled_35_42/in_1[1] 	 (fanout : 1)
hpin:transformer_core_top/u_datapath/u_alpha_stab/mux_GEN_LANES[2].x_scaled_35_42/in_1[0] 	 (fanout : 1)
hpin:transformer_core_top/u_datapath/u_alpha_stab/mux_GEN_LANES[2].x_scaled_34_37/in_1[7] 	 (fanout : 1)
hpin:transformer_core_top/u_datapath/u_alpha_stab/mux_GEN_LANES[2].x_scaled_34_37/in_1[6] 	 (fanout : 1)
hpin:transformer_core_top/u_datapath/u_alpha_stab/mux_GEN_LANES[2].x_scaled_34_37/in_1[5] 	 (fanout : 1)
hpin:transformer_core_top/u_datapath/u_alpha_stab/mux_GEN_LANES[2].x_scaled_34_37/in_1[4] 	 (fanout : 1)
hpin:transformer_core_top/u_datapath/u_alpha_stab/mux_GEN_LANES[2].x_scaled_34_37/in_1[3] 	 (fanout : 1)
hpin:transformer_core_top/u_datapath/u_alpha_stab/mux_GEN_LANES[2].x_scaled_34_37/in_1[2] 	 (fanout : 1)
hpin:transformer_core_top/u_datapath/u_alpha_stab/mux_GEN_LANES[2].x_scaled_34_37/in_1[1] 	 (fanout : 1)
hpin:transformer_core_top/u_datapath/u_alpha_stab/mux_GEN_LANES[2].x_scaled_34_37/in_1[0] 	 (fanout : 1)
hpin:transformer_core_top/u_datapath/u_alpha_stab/mux_GEN_LANES[3].alpha_g_23_23/in_0[1] 	 (fanout : 1)
hpin:transformer_core_top/u_datapath/u_alpha_stab/mux_GEN_LANES[3].alpha_g_23_23/in_0[0] 	 (fanout : 1)
hpin:transformer_core_top/u_datapath/u_alpha_stab/mux_GEN_LANES[3].alpha_g_23_23/in_1[1] 	 (fanout : 1)
hpin:transformer_core_top/u_datapath/u_alpha_stab/mux_GEN_LANES[3].alpha_g_23_23/in_1[0] 	 (fanout : 1)
hpin:transformer_core_top/u_datapath/u_alpha_stab/mux_GEN_LANES[3].alpha_g_23_23/in_2[1] 	 (fanout : 1)
hpin:transformer_core_top/u_datapath/u_alpha_stab/mux_GEN_LANES[3].alpha_g_23_23/in_2[0] 	 (fanout : 1)
hpin:transformer_core_top/u_datapath/u_alpha_stab/mux_GEN_LANES[3].alpha_g_23_23/in_3[1] 	 (fanout : 1)
hpin:transformer_core_top/u_datapath/u_alpha_stab/mux_GEN_LANES[3].alpha_g_23_23/in_3[0] 	 (fanout : 1)
hpin:transformer_core_top/u_datapath/u_alpha_stab/mux_GEN_LANES[3].x_scaled_35_42/in_1[7] 	 (fanout : 1)
hpin:transformer_core_top/u_datapath/u_alpha_stab/mux_GEN_LANES[3].x_scaled_35_42/in_1[6] 	 (fanout : 1)
hpin:transformer_core_top/u_datapath/u_alpha_stab/mux_GEN_LANES[3].x_scaled_35_42/in_1[5] 	 (fanout : 1)
hpin:transformer_core_top/u_datapath/u_alpha_stab/mux_GEN_LANES[3].x_scaled_35_42/in_1[4] 	 (fanout : 1)
hpin:transformer_core_top/u_datapath/u_alpha_stab/mux_GEN_LANES[3].x_scaled_35_42/in_1[3] 	 (fanout : 1)
hpin:transformer_core_top/u_datapath/u_alpha_stab/mux_GEN_LANES[3].x_scaled_35_42/in_1[2] 	 (fanout : 1)
hpin:transformer_core_top/u_datapath/u_alpha_stab/mux_GEN_LANES[3].x_scaled_35_42/in_1[1] 	 (fanout : 1)
hpin:transformer_core_top/u_datapath/u_alpha_stab/mux_GEN_LANES[3].x_scaled_35_42/in_1[0] 	 (fanout : 1)
hpin:transformer_core_top/u_datapath/u_alpha_stab/mux_GEN_LANES[3].x_scaled_34_37/in_1[7] 	 (fanout : 1)
hpin:transformer_core_top/u_datapath/u_alpha_stab/mux_GEN_LANES[3].x_scaled_34_37/in_1[6] 	 (fanout : 1)
hpin:transformer_core_top/u_datapath/u_alpha_stab/mux_GEN_LANES[3].x_scaled_34_37/in_1[5] 	 (fanout : 1)
hpin:transformer_core_top/u_datapath/u_alpha_stab/mux_GEN_LANES[3].x_scaled_34_37/in_1[4] 	 (fanout : 1)
hpin:transformer_core_top/u_datapath/u_alpha_stab/mux_GEN_LANES[3].x_scaled_34_37/in_1[3] 	 (fanout : 1)
hpin:transformer_core_top/u_datapath/u_alpha_stab/mux_GEN_LANES[3].x_scaled_34_37/in_1[2] 	 (fanout : 1)
hpin:transformer_core_top/u_datapath/u_alpha_stab/mux_GEN_LANES[3].x_scaled_34_37/in_1[1] 	 (fanout : 1)
hpin:transformer_core_top/u_datapath/u_alpha_stab/mux_GEN_LANES[3].x_scaled_34_37/in_1[0] 	 (fanout : 1)
hpin:transformer_core_top/u_datapath/u_alpha_stab/mux_GEN_LANES[4].alpha_g_23_23/in_0[1] 	 (fanout : 1)
hpin:transformer_core_top/u_datapath/u_alpha_stab/mux_GEN_LANES[4].alpha_g_23_23/in_0[0] 	 (fanout : 1)
hpin:transformer_core_top/u_datapath/u_alpha_stab/mux_GEN_LANES[4].alpha_g_23_23/in_1[1] 	 (fanout : 1)
hpin:transformer_core_top/u_datapath/u_alpha_stab/mux_GEN_LANES[4].alpha_g_23_23/in_1[0] 	 (fanout : 1)
hpin:transformer_core_top/u_datapath/u_alpha_stab/mux_GEN_LANES[4].alpha_g_23_23/in_2[1] 	 (fanout : 1)
hpin:transformer_core_top/u_datapath/u_alpha_stab/mux_GEN_LANES[4].alpha_g_23_23/in_2[0] 	 (fanout : 1)
hpin:transformer_core_top/u_datapath/u_alpha_stab/mux_GEN_LANES[4].alpha_g_23_23/in_3[1] 	 (fanout : 1)
hpin:transformer_core_top/u_datapath/u_alpha_stab/mux_GEN_LANES[4].alpha_g_23_23/in_3[0] 	 (fanout : 1)
hpin:transformer_core_top/u_datapath/u_alpha_stab/mux_GEN_LANES[4].x_scaled_35_42/in_1[7] 	 (fanout : 1)
hpin:transformer_core_top/u_datapath/u_alpha_stab/mux_GEN_LANES[4].x_scaled_35_42/in_1[6] 	 (fanout : 1)
hpin:transformer_core_top/u_datapath/u_alpha_stab/mux_GEN_LANES[4].x_scaled_35_42/in_1[5] 	 (fanout : 1)
hpin:transformer_core_top/u_datapath/u_alpha_stab/mux_GEN_LANES[4].x_scaled_35_42/in_1[4] 	 (fanout : 1)
hpin:transformer_core_top/u_datapath/u_alpha_stab/mux_GEN_LANES[4].x_scaled_35_42/in_1[3] 	 (fanout : 1)
hpin:transformer_core_top/u_datapath/u_alpha_stab/mux_GEN_LANES[4].x_scaled_35_42/in_1[2] 	 (fanout : 1)
hpin:transformer_core_top/u_datapath/u_alpha_stab/mux_GEN_LANES[4].x_scaled_35_42/in_1[1] 	 (fanout : 1)
hpin:transformer_core_top/u_datapath/u_alpha_stab/mux_GEN_LANES[4].x_scaled_35_42/in_1[0] 	 (fanout : 1)
hpin:transformer_core_top/u_datapath/u_alpha_stab/mux_GEN_LANES[4].x_scaled_34_37/in_1[7] 	 (fanout : 1)
hpin:transformer_core_top/u_datapath/u_alpha_stab/mux_GEN_LANES[4].x_scaled_34_37/in_1[6] 	 (fanout : 1)
hpin:transformer_core_top/u_datapath/u_alpha_stab/mux_GEN_LANES[4].x_scaled_34_37/in_1[5] 	 (fanout : 1)
hpin:transformer_core_top/u_datapath/u_alpha_stab/mux_GEN_LANES[4].x_scaled_34_37/in_1[4] 	 (fanout : 1)
hpin:transformer_core_top/u_datapath/u_alpha_stab/mux_GEN_LANES[4].x_scaled_34_37/in_1[3] 	 (fanout : 1)
hpin:transformer_core_top/u_datapath/u_alpha_stab/mux_GEN_LANES[4].x_scaled_34_37/in_1[2] 	 (fanout : 1)
hpin:transformer_core_top/u_datapath/u_alpha_stab/mux_GEN_LANES[4].x_scaled_34_37/in_1[1] 	 (fanout : 1)
hpin:transformer_core_top/u_datapath/u_alpha_stab/mux_GEN_LANES[4].x_scaled_34_37/in_1[0] 	 (fanout : 1)
hpin:transformer_core_top/u_datapath/u_alpha_stab/mux_GEN_LANES[5].alpha_g_23_23/in_0[1] 	 (fanout : 1)
hpin:transformer_core_top/u_datapath/u_alpha_stab/mux_GEN_LANES[5].alpha_g_23_23/in_0[0] 	 (fanout : 1)
hpin:transformer_core_top/u_datapath/u_alpha_stab/mux_GEN_LANES[5].alpha_g_23_23/in_1[1] 	 (fanout : 1)
hpin:transformer_core_top/u_datapath/u_alpha_stab/mux_GEN_LANES[5].alpha_g_23_23/in_1[0] 	 (fanout : 1)
hpin:transformer_core_top/u_datapath/u_alpha_stab/mux_GEN_LANES[5].alpha_g_23_23/in_2[1] 	 (fanout : 1)
hpin:transformer_core_top/u_datapath/u_alpha_stab/mux_GEN_LANES[5].alpha_g_23_23/in_2[0] 	 (fanout : 1)
hpin:transformer_core_top/u_datapath/u_alpha_stab/mux_GEN_LANES[5].alpha_g_23_23/in_3[1] 	 (fanout : 1)
hpin:transformer_core_top/u_datapath/u_alpha_stab/mux_GEN_LANES[5].alpha_g_23_23/in_3[0] 	 (fanout : 1)
hpin:transformer_core_top/u_datapath/u_alpha_stab/mux_GEN_LANES[5].x_scaled_35_42/in_1[7] 	 (fanout : 1)
hpin:transformer_core_top/u_datapath/u_alpha_stab/mux_GEN_LANES[5].x_scaled_35_42/in_1[6] 	 (fanout : 1)
hpin:transformer_core_top/u_datapath/u_alpha_stab/mux_GEN_LANES[5].x_scaled_35_42/in_1[5] 	 (fanout : 1)
hpin:transformer_core_top/u_datapath/u_alpha_stab/mux_GEN_LANES[5].x_scaled_35_42/in_1[4] 	 (fanout : 1)
hpin:transformer_core_top/u_datapath/u_alpha_stab/mux_GEN_LANES[5].x_scaled_35_42/in_1[3] 	 (fanout : 1)
hpin:transformer_core_top/u_datapath/u_alpha_stab/mux_GEN_LANES[5].x_scaled_35_42/in_1[2] 	 (fanout : 1)
hpin:transformer_core_top/u_datapath/u_alpha_stab/mux_GEN_LANES[5].x_scaled_35_42/in_1[1] 	 (fanout : 1)
hpin:transformer_core_top/u_datapath/u_alpha_stab/mux_GEN_LANES[5].x_scaled_35_42/in_1[0] 	 (fanout : 1)
hpin:transformer_core_top/u_datapath/u_alpha_stab/mux_GEN_LANES[5].x_scaled_34_37/in_1[7] 	 (fanout : 1)
hpin:transformer_core_top/u_datapath/u_alpha_stab/mux_GEN_LANES[5].x_scaled_34_37/in_1[6] 	 (fanout : 1)
hpin:transformer_core_top/u_datapath/u_alpha_stab/mux_GEN_LANES[5].x_scaled_34_37/in_1[5] 	 (fanout : 1)
hpin:transformer_core_top/u_datapath/u_alpha_stab/mux_GEN_LANES[5].x_scaled_34_37/in_1[4] 	 (fanout : 1)
hpin:transformer_core_top/u_datapath/u_alpha_stab/mux_GEN_LANES[5].x_scaled_34_37/in_1[3] 	 (fanout : 1)
hpin:transformer_core_top/u_datapath/u_alpha_stab/mux_GEN_LANES[5].x_scaled_34_37/in_1[2] 	 (fanout : 1)
hpin:transformer_core_top/u_datapath/u_alpha_stab/mux_GEN_LANES[5].x_scaled_34_37/in_1[1] 	 (fanout : 1)
hpin:transformer_core_top/u_datapath/u_alpha_stab/mux_GEN_LANES[5].x_scaled_34_37/in_1[0] 	 (fanout : 1)
hpin:transformer_core_top/u_datapath/u_alpha_stab/mux_GEN_LANES[6].alpha_g_23_23/in_0[1] 	 (fanout : 1)
hpin:transformer_core_top/u_datapath/u_alpha_stab/mux_GEN_LANES[6].alpha_g_23_23/in_0[0] 	 (fanout : 1)
hpin:transformer_core_top/u_datapath/u_alpha_stab/mux_GEN_LANES[6].alpha_g_23_23/in_1[1] 	 (fanout : 1)
hpin:transformer_core_top/u_datapath/u_alpha_stab/mux_GEN_LANES[6].alpha_g_23_23/in_1[0] 	 (fanout : 1)
hpin:transformer_core_top/u_datapath/u_alpha_stab/mux_GEN_LANES[6].alpha_g_23_23/in_2[1] 	 (fanout : 1)
hpin:transformer_core_top/u_datapath/u_alpha_stab/mux_GEN_LANES[6].alpha_g_23_23/in_2[0] 	 (fanout : 1)
hpin:transformer_core_top/u_datapath/u_alpha_stab/mux_GEN_LANES[6].alpha_g_23_23/in_3[1] 	 (fanout : 1)
hpin:transformer_core_top/u_datapath/u_alpha_stab/mux_GEN_LANES[6].alpha_g_23_23/in_3[0] 	 (fanout : 1)
hpin:transformer_core_top/u_datapath/u_alpha_stab/mux_GEN_LANES[6].x_scaled_35_42/in_1[7] 	 (fanout : 1)
hpin:transformer_core_top/u_datapath/u_alpha_stab/mux_GEN_LANES[6].x_scaled_35_42/in_1[6] 	 (fanout : 1)
hpin:transformer_core_top/u_datapath/u_alpha_stab/mux_GEN_LANES[6].x_scaled_35_42/in_1[5] 	 (fanout : 1)
hpin:transformer_core_top/u_datapath/u_alpha_stab/mux_GEN_LANES[6].x_scaled_35_42/in_1[4] 	 (fanout : 1)
hpin:transformer_core_top/u_datapath/u_alpha_stab/mux_GEN_LANES[6].x_scaled_35_42/in_1[3] 	 (fanout : 1)
hpin:transformer_core_top/u_datapath/u_alpha_stab/mux_GEN_LANES[6].x_scaled_35_42/in_1[2] 	 (fanout : 1)
hpin:transformer_core_top/u_datapath/u_alpha_stab/mux_GEN_LANES[6].x_scaled_35_42/in_1[1] 	 (fanout : 1)
hpin:transformer_core_top/u_datapath/u_alpha_stab/mux_GEN_LANES[6].x_scaled_35_42/in_1[0] 	 (fanout : 1)
hpin:transformer_core_top/u_datapath/u_alpha_stab/mux_GEN_LANES[6].x_scaled_34_37/in_1[7] 	 (fanout : 1)
hpin:transformer_core_top/u_datapath/u_alpha_stab/mux_GEN_LANES[6].x_scaled_34_37/in_1[6] 	 (fanout : 1)
hpin:transformer_core_top/u_datapath/u_alpha_stab/mux_GEN_LANES[6].x_scaled_34_37/in_1[5] 	 (fanout : 1)
hpin:transformer_core_top/u_datapath/u_alpha_stab/mux_GEN_LANES[6].x_scaled_34_37/in_1[4] 	 (fanout : 1)
hpin:transformer_core_top/u_datapath/u_alpha_stab/mux_GEN_LANES[6].x_scaled_34_37/in_1[3] 	 (fanout : 1)
hpin:transformer_core_top/u_datapath/u_alpha_stab/mux_GEN_LANES[6].x_scaled_34_37/in_1[2] 	 (fanout : 1)
hpin:transformer_core_top/u_datapath/u_alpha_stab/mux_GEN_LANES[6].x_scaled_34_37/in_1[1] 	 (fanout : 1)
hpin:transformer_core_top/u_datapath/u_alpha_stab/mux_GEN_LANES[6].x_scaled_34_37/in_1[0] 	 (fanout : 1)
hpin:transformer_core_top/u_datapath/u_alpha_stab/mux_GEN_LANES[7].alpha_g_23_23/in_0[1] 	 (fanout : 1)
hpin:transformer_core_top/u_datapath/u_alpha_stab/mux_GEN_LANES[7].alpha_g_23_23/in_0[0] 	 (fanout : 1)
hpin:transformer_core_top/u_datapath/u_alpha_stab/mux_GEN_LANES[7].alpha_g_23_23/in_1[1] 	 (fanout : 1)
hpin:transformer_core_top/u_datapath/u_alpha_stab/mux_GEN_LANES[7].alpha_g_23_23/in_1[0] 	 (fanout : 1)
hpin:transformer_core_top/u_datapath/u_alpha_stab/mux_GEN_LANES[7].alpha_g_23_23/in_2[1] 	 (fanout : 1)
hpin:transformer_core_top/u_datapath/u_alpha_stab/mux_GEN_LANES[7].alpha_g_23_23/in_2[0] 	 (fanout : 1)
hpin:transformer_core_top/u_datapath/u_alpha_stab/mux_GEN_LANES[7].alpha_g_23_23/in_3[1] 	 (fanout : 1)
hpin:transformer_core_top/u_datapath/u_alpha_stab/mux_GEN_LANES[7].alpha_g_23_23/in_3[0] 	 (fanout : 1)
hpin:transformer_core_top/u_datapath/u_alpha_stab/mux_GEN_LANES[7].x_scaled_35_42/in_1[7] 	 (fanout : 1)
hpin:transformer_core_top/u_datapath/u_alpha_stab/mux_GEN_LANES[7].x_scaled_35_42/in_1[6] 	 (fanout : 1)
hpin:transformer_core_top/u_datapath/u_alpha_stab/mux_GEN_LANES[7].x_scaled_35_42/in_1[5] 	 (fanout : 1)
hpin:transformer_core_top/u_datapath/u_alpha_stab/mux_GEN_LANES[7].x_scaled_35_42/in_1[4] 	 (fanout : 1)
hpin:transformer_core_top/u_datapath/u_alpha_stab/mux_GEN_LANES[7].x_scaled_35_42/in_1[3] 	 (fanout : 1)
hpin:transformer_core_top/u_datapath/u_alpha_stab/mux_GEN_LANES[7].x_scaled_35_42/in_1[2] 	 (fanout : 1)
hpin:transformer_core_top/u_datapath/u_alpha_stab/mux_GEN_LANES[7].x_scaled_35_42/in_1[1] 	 (fanout : 1)
hpin:transformer_core_top/u_datapath/u_alpha_stab/mux_GEN_LANES[7].x_scaled_35_42/in_1[0] 	 (fanout : 1)
hpin:transformer_core_top/u_datapath/u_alpha_stab/mux_GEN_LANES[7].x_scaled_34_37/in_1[7] 	 (fanout : 1)
hpin:transformer_core_top/u_datapath/u_alpha_stab/mux_GEN_LANES[7].x_scaled_34_37/in_1[6] 	 (fanout : 1)
hpin:transformer_core_top/u_datapath/u_alpha_stab/mux_GEN_LANES[7].x_scaled_34_37/in_1[5] 	 (fanout : 1)
hpin:transformer_core_top/u_datapath/u_alpha_stab/mux_GEN_LANES[7].x_scaled_34_37/in_1[4] 	 (fanout : 1)
hpin:transformer_core_top/u_datapath/u_alpha_stab/mux_GEN_LANES[7].x_scaled_34_37/in_1[3] 	 (fanout : 1)
hpin:transformer_core_top/u_datapath/u_alpha_stab/mux_GEN_LANES[7].x_scaled_34_37/in_1[2] 	 (fanout : 1)
hpin:transformer_core_top/u_datapath/u_alpha_stab/mux_GEN_LANES[7].x_scaled_34_37/in_1[1] 	 (fanout : 1)
hpin:transformer_core_top/u_datapath/u_alpha_stab/mux_GEN_LANES[7].x_scaled_34_37/in_1[0] 	 (fanout : 1)
hpin:transformer_core_top/u_datapath/u_tr_array/u_shared_rom/mux_exp_lut[a_idx[0]]_24_22/in_0[6] 	 (fanout : 1)
hpin:transformer_core_top/u_datapath/u_tr_array/u_shared_rom/mux_exp_lut[a_idx[0]]_24_22/in_0[5] 	 (fanout : 1)
hpin:transformer_core_top/u_datapath/u_tr_array/u_shared_rom/mux_exp_lut[a_idx[0]]_24_22/in_0[4] 	 (fanout : 1)
hpin:transformer_core_top/u_datapath/u_tr_array/u_shared_rom/mux_exp_lut[a_idx[0]]_24_22/in_0[3] 	 (fanout : 1)
hpin:transformer_core_top/u_datapath/u_tr_array/u_shared_rom/mux_exp_lut[a_idx[0]]_24_22/in_0[2] 	 (fanout : 1)
hpin:transformer_core_top/u_datapath/u_tr_array/u_shared_rom/mux_exp_lut[a_idx[0]]_24_22/in_0[1] 	 (fanout : 1)
hpin:transformer_core_top/u_datapath/u_tr_array/u_shared_rom/mux_exp_lut[a_idx[0]]_24_22/in_0[0] 	 (fanout : 1)
hpin:transformer_core_top/u_datapath/u_tr_array/u_shared_rom/mux_exp_lut[a_idx[0]]_24_22/in_1[6] 	 (fanout : 1)
hpin:transformer_core_top/u_datapath/u_tr_array/u_shared_rom/mux_exp_lut[a_idx[0]]_24_22/in_1[5] 	 (fanout : 1)
hpin:transformer_core_top/u_datapath/u_tr_array/u_shared_rom/mux_exp_lut[a_idx[0]]_24_22/in_1[4] 	 (fanout : 1)
hpin:transformer_core_top/u_datapath/u_tr_array/u_shared_rom/mux_exp_lut[a_idx[0]]_24_22/in_1[3] 	 (fanout : 1)
hpin:transformer_core_top/u_datapath/u_tr_array/u_shared_rom/mux_exp_lut[a_idx[0]]_24_22/in_1[2] 	 (fanout : 1)
hpin:transformer_core_top/u_datapath/u_tr_array/u_shared_rom/mux_exp_lut[a_idx[0]]_24_22/in_1[1] 	 (fanout : 1)
hpin:transformer_core_top/u_datapath/u_tr_array/u_shared_rom/mux_exp_lut[a_idx[0]]_24_22/in_1[0] 	 (fanout : 1)
hpin:transformer_core_top/u_datapath/u_tr_array/u_shared_rom/mux_exp_lut[a_idx[0]]_24_22/in_2[6] 	 (fanout : 1)
hpin:transformer_core_top/u_datapath/u_tr_array/u_shared_rom/mux_exp_lut[a_idx[0]]_24_22/in_2[5] 	 (fanout : 1)
hpin:transformer_core_top/u_datapath/u_tr_array/u_shared_rom/mux_exp_lut[a_idx[0]]_24_22/in_2[4] 	 (fanout : 1)
hpin:transformer_core_top/u_datapath/u_tr_array/u_shared_rom/mux_exp_lut[a_idx[0]]_24_22/in_2[3] 	 (fanout : 1)
hpin:transformer_core_top/u_datapath/u_tr_array/u_shared_rom/mux_exp_lut[a_idx[0]]_24_22/in_2[2] 	 (fanout : 1)
hpin:transformer_core_top/u_datapath/u_tr_array/u_shared_rom/mux_exp_lut[a_idx[0]]_24_22/in_2[1] 	 (fanout : 1)
hpin:transformer_core_top/u_datapath/u_tr_array/u_shared_rom/mux_exp_lut[a_idx[0]]_24_22/in_2[0] 	 (fanout : 1)
hpin:transformer_core_top/u_datapath/u_tr_array/u_shared_rom/mux_exp_lut[a_idx[0]]_24_22/in_3[6] 	 (fanout : 1)
hpin:transformer_core_top/u_datapath/u_tr_array/u_shared_rom/mux_exp_lut[a_idx[0]]_24_22/in_3[5] 	 (fanout : 1)
hpin:transformer_core_top/u_datapath/u_tr_array/u_shared_rom/mux_exp_lut[a_idx[0]]_24_22/in_3[4] 	 (fanout : 1)
hpin:transformer_core_top/u_datapath/u_tr_array/u_shared_rom/mux_exp_lut[a_idx[0]]_24_22/in_3[3] 	 (fanout : 1)
hpin:transformer_core_top/u_datapath/u_tr_array/u_shared_rom/mux_exp_lut[a_idx[0]]_24_22/in_3[2] 	 (fanout : 1)
hpin:transformer_core_top/u_datapath/u_tr_array/u_shared_rom/mux_exp_lut[a_idx[0]]_24_22/in_3[1] 	 (fanout : 1)
hpin:transformer_core_top/u_datapath/u_tr_array/u_shared_rom/mux_exp_lut[a_idx[0]]_24_22/in_3[0] 	 (fanout : 1)
hpin:transformer_core_top/u_datapath/u_tr_array/u_shared_rom/mux_exp_lut[a_idx[0]]_24_22/in_4[6] 	 (fanout : 1)
hpin:transformer_core_top/u_datapath/u_tr_array/u_shared_rom/mux_exp_lut[a_idx[0]]_24_22/in_4[5] 	 (fanout : 1)
hpin:transformer_core_top/u_datapath/u_tr_array/u_shared_rom/mux_exp_lut[a_idx[0]]_24_22/in_4[4] 	 (fanout : 1)
hpin:transformer_core_top/u_datapath/u_tr_array/u_shared_rom/mux_exp_lut[a_idx[0]]_24_22/in_4[3] 	 (fanout : 1)
hpin:transformer_core_top/u_datapath/u_tr_array/u_shared_rom/mux_exp_lut[a_idx[0]]_24_22/in_4[2] 	 (fanout : 1)
hpin:transformer_core_top/u_datapath/u_tr_array/u_shared_rom/mux_exp_lut[a_idx[0]]_24_22/in_4[1] 	 (fanout : 1)
hpin:transformer_core_top/u_datapath/u_tr_array/u_shared_rom/mux_exp_lut[a_idx[0]]_24_22/in_4[0] 	 (fanout : 1)
hpin:transformer_core_top/u_datapath/u_tr_array/u_shared_rom/mux_exp_lut[a_idx[0]]_24_22/in_5[6] 	 (fanout : 1)
hpin:transformer_core_top/u_datapath/u_tr_array/u_shared_rom/mux_exp_lut[a_idx[0]]_24_22/in_5[5] 	 (fanout : 1)
hpin:transformer_core_top/u_datapath/u_tr_array/u_shared_rom/mux_exp_lut[a_idx[0]]_24_22/in_5[4] 	 (fanout : 1)
hpin:transformer_core_top/u_datapath/u_tr_array/u_shared_rom/mux_exp_lut[a_idx[0]]_24_22/in_5[3] 	 (fanout : 1)
hpin:transformer_core_top/u_datapath/u_tr_array/u_shared_rom/mux_exp_lut[a_idx[0]]_24_22/in_5[2] 	 (fanout : 1)
hpin:transformer_core_top/u_datapath/u_tr_array/u_shared_rom/mux_exp_lut[a_idx[0]]_24_22/in_5[1] 	 (fanout : 1)
hpin:transformer_core_top/u_datapath/u_tr_array/u_shared_rom/mux_exp_lut[a_idx[0]]_24_22/in_5[0] 	 (fanout : 1)
hpin:transformer_core_top/u_datapath/u_tr_array/u_shared_rom/mux_exp_lut[a_idx[0]]_24_22/in_6[6] 	 (fanout : 1)
hpin:transformer_core_top/u_datapath/u_tr_array/u_shared_rom/mux_exp_lut[a_idx[0]]_24_22/in_6[5] 	 (fanout : 1)
hpin:transformer_core_top/u_datapath/u_tr_array/u_shared_rom/mux_exp_lut[a_idx[0]]_24_22/in_6[4] 	 (fanout : 1)
hpin:transformer_core_top/u_datapath/u_tr_array/u_shared_rom/mux_exp_lut[a_idx[0]]_24_22/in_6[3] 	 (fanout : 1)
hpin:transformer_core_top/u_datapath/u_tr_array/u_shared_rom/mux_exp_lut[a_idx[0]]_24_22/in_6[2] 	 (fanout : 1)
hpin:transformer_core_top/u_datapath/u_tr_array/u_shared_rom/mux_exp_lut[a_idx[0]]_24_22/in_6[1] 	 (fanout : 1)
hpin:transformer_core_top/u_datapath/u_tr_array/u_shared_rom/mux_exp_lut[a_idx[0]]_24_22/in_6[0] 	 (fanout : 1)
hpin:transformer_core_top/u_datapath/u_tr_array/u_shared_rom/mux_exp_lut[a_idx[0]]_24_22/in_7[6] 	 (fanout : 1)
hpin:transformer_core_top/u_datapath/u_tr_array/u_shared_rom/mux_exp_lut[a_idx[0]]_24_22/in_7[5] 	 (fanout : 1)
hpin:transformer_core_top/u_datapath/u_tr_array/u_shared_rom/mux_exp_lut[a_idx[0]]_24_22/in_7[4] 	 (fanout : 1)
hpin:transformer_core_top/u_datapath/u_tr_array/u_shared_rom/mux_exp_lut[a_idx[0]]_24_22/in_7[3] 	 (fanout : 1)
hpin:transformer_core_top/u_datapath/u_tr_array/u_shared_rom/mux_exp_lut[a_idx[0]]_24_22/in_7[2] 	 (fanout : 1)
hpin:transformer_core_top/u_datapath/u_tr_array/u_shared_rom/mux_exp_lut[a_idx[0]]_24_22/in_7[1] 	 (fanout : 1)
hpin:transformer_core_top/u_datapath/u_tr_array/u_shared_rom/mux_exp_lut[a_idx[0]]_24_22/in_7[0] 	 (fanout : 1)
hpin:transformer_core_top/u_datapath/u_tr_array/u_shared_rom/mux_exp_lut[a_idx[1]]_24_22/in_0[6] 	 (fanout : 1)
hpin:transformer_core_top/u_datapath/u_tr_array/u_shared_rom/mux_exp_lut[a_idx[1]]_24_22/in_0[5] 	 (fanout : 1)
hpin:transformer_core_top/u_datapath/u_tr_array/u_shared_rom/mux_exp_lut[a_idx[1]]_24_22/in_0[4] 	 (fanout : 1)
hpin:transformer_core_top/u_datapath/u_tr_array/u_shared_rom/mux_exp_lut[a_idx[1]]_24_22/in_0[3] 	 (fanout : 1)
hpin:transformer_core_top/u_datapath/u_tr_array/u_shared_rom/mux_exp_lut[a_idx[1]]_24_22/in_0[2] 	 (fanout : 1)
hpin:transformer_core_top/u_datapath/u_tr_array/u_shared_rom/mux_exp_lut[a_idx[1]]_24_22/in_0[1] 	 (fanout : 1)
hpin:transformer_core_top/u_datapath/u_tr_array/u_shared_rom/mux_exp_lut[a_idx[1]]_24_22/in_0[0] 	 (fanout : 1)
hpin:transformer_core_top/u_datapath/u_tr_array/u_shared_rom/mux_exp_lut[a_idx[1]]_24_22/in_1[6] 	 (fanout : 1)
hpin:transformer_core_top/u_datapath/u_tr_array/u_shared_rom/mux_exp_lut[a_idx[1]]_24_22/in_1[5] 	 (fanout : 1)
hpin:transformer_core_top/u_datapath/u_tr_array/u_shared_rom/mux_exp_lut[a_idx[1]]_24_22/in_1[4] 	 (fanout : 1)
hpin:transformer_core_top/u_datapath/u_tr_array/u_shared_rom/mux_exp_lut[a_idx[1]]_24_22/in_1[3] 	 (fanout : 1)
hpin:transformer_core_top/u_datapath/u_tr_array/u_shared_rom/mux_exp_lut[a_idx[1]]_24_22/in_1[2] 	 (fanout : 1)
hpin:transformer_core_top/u_datapath/u_tr_array/u_shared_rom/mux_exp_lut[a_idx[1]]_24_22/in_1[1] 	 (fanout : 1)
hpin:transformer_core_top/u_datapath/u_tr_array/u_shared_rom/mux_exp_lut[a_idx[1]]_24_22/in_1[0] 	 (fanout : 1)
hpin:transformer_core_top/u_datapath/u_tr_array/u_shared_rom/mux_exp_lut[a_idx[1]]_24_22/in_2[6] 	 (fanout : 1)
hpin:transformer_core_top/u_datapath/u_tr_array/u_shared_rom/mux_exp_lut[a_idx[1]]_24_22/in_2[5] 	 (fanout : 1)
hpin:transformer_core_top/u_datapath/u_tr_array/u_shared_rom/mux_exp_lut[a_idx[1]]_24_22/in_2[4] 	 (fanout : 1)
hpin:transformer_core_top/u_datapath/u_tr_array/u_shared_rom/mux_exp_lut[a_idx[1]]_24_22/in_2[3] 	 (fanout : 1)
hpin:transformer_core_top/u_datapath/u_tr_array/u_shared_rom/mux_exp_lut[a_idx[1]]_24_22/in_2[2] 	 (fanout : 1)
hpin:transformer_core_top/u_datapath/u_tr_array/u_shared_rom/mux_exp_lut[a_idx[1]]_24_22/in_2[1] 	 (fanout : 1)
hpin:transformer_core_top/u_datapath/u_tr_array/u_shared_rom/mux_exp_lut[a_idx[1]]_24_22/in_2[0] 	 (fanout : 1)
hpin:transformer_core_top/u_datapath/u_tr_array/u_shared_rom/mux_exp_lut[a_idx[1]]_24_22/in_3[6] 	 (fanout : 1)
hpin:transformer_core_top/u_datapath/u_tr_array/u_shared_rom/mux_exp_lut[a_idx[1]]_24_22/in_3[5] 	 (fanout : 1)
hpin:transformer_core_top/u_datapath/u_tr_array/u_shared_rom/mux_exp_lut[a_idx[1]]_24_22/in_3[4] 	 (fanout : 1)
hpin:transformer_core_top/u_datapath/u_tr_array/u_shared_rom/mux_exp_lut[a_idx[1]]_24_22/in_3[3] 	 (fanout : 1)
hpin:transformer_core_top/u_datapath/u_tr_array/u_shared_rom/mux_exp_lut[a_idx[1]]_24_22/in_3[2] 	 (fanout : 1)
hpin:transformer_core_top/u_datapath/u_tr_array/u_shared_rom/mux_exp_lut[a_idx[1]]_24_22/in_3[1] 	 (fanout : 1)
hpin:transformer_core_top/u_datapath/u_tr_array/u_shared_rom/mux_exp_lut[a_idx[1]]_24_22/in_3[0] 	 (fanout : 1)
hpin:transformer_core_top/u_datapath/u_tr_array/u_shared_rom/mux_exp_lut[a_idx[1]]_24_22/in_4[6] 	 (fanout : 1)
hpin:transformer_core_top/u_datapath/u_tr_array/u_shared_rom/mux_exp_lut[a_idx[1]]_24_22/in_4[5] 	 (fanout : 1)
hpin:transformer_core_top/u_datapath/u_tr_array/u_shared_rom/mux_exp_lut[a_idx[1]]_24_22/in_4[4] 	 (fanout : 1)
hpin:transformer_core_top/u_datapath/u_tr_array/u_shared_rom/mux_exp_lut[a_idx[1]]_24_22/in_4[3] 	 (fanout : 1)
hpin:transformer_core_top/u_datapath/u_tr_array/u_shared_rom/mux_exp_lut[a_idx[1]]_24_22/in_4[2] 	 (fanout : 1)
hpin:transformer_core_top/u_datapath/u_tr_array/u_shared_rom/mux_exp_lut[a_idx[1]]_24_22/in_4[1] 	 (fanout : 1)
hpin:transformer_core_top/u_datapath/u_tr_array/u_shared_rom/mux_exp_lut[a_idx[1]]_24_22/in_4[0] 	 (fanout : 1)
hpin:transformer_core_top/u_datapath/u_tr_array/u_shared_rom/mux_exp_lut[a_idx[1]]_24_22/in_5[6] 	 (fanout : 1)
hpin:transformer_core_top/u_datapath/u_tr_array/u_shared_rom/mux_exp_lut[a_idx[1]]_24_22/in_5[5] 	 (fanout : 1)
hpin:transformer_core_top/u_datapath/u_tr_array/u_shared_rom/mux_exp_lut[a_idx[1]]_24_22/in_5[4] 	 (fanout : 1)
hpin:transformer_core_top/u_datapath/u_tr_array/u_shared_rom/mux_exp_lut[a_idx[1]]_24_22/in_5[3] 	 (fanout : 1)
hpin:transformer_core_top/u_datapath/u_tr_array/u_shared_rom/mux_exp_lut[a_idx[1]]_24_22/in_5[2] 	 (fanout : 1)
hpin:transformer_core_top/u_datapath/u_tr_array/u_shared_rom/mux_exp_lut[a_idx[1]]_24_22/in_5[1] 	 (fanout : 1)
hpin:transformer_core_top/u_datapath/u_tr_array/u_shared_rom/mux_exp_lut[a_idx[1]]_24_22/in_5[0] 	 (fanout : 1)
hpin:transformer_core_top/u_datapath/u_tr_array/u_shared_rom/mux_exp_lut[a_idx[1]]_24_22/in_6[6] 	 (fanout : 1)
hpin:transformer_core_top/u_datapath/u_tr_array/u_shared_rom/mux_exp_lut[a_idx[1]]_24_22/in_6[5] 	 (fanout : 1)
hpin:transformer_core_top/u_datapath/u_tr_array/u_shared_rom/mux_exp_lut[a_idx[1]]_24_22/in_6[4] 	 (fanout : 1)
hpin:transformer_core_top/u_datapath/u_tr_array/u_shared_rom/mux_exp_lut[a_idx[1]]_24_22/in_6[3] 	 (fanout : 1)
hpin:transformer_core_top/u_datapath/u_tr_array/u_shared_rom/mux_exp_lut[a_idx[1]]_24_22/in_6[2] 	 (fanout : 1)
hpin:transformer_core_top/u_datapath/u_tr_array/u_shared_rom/mux_exp_lut[a_idx[1]]_24_22/in_6[1] 	 (fanout : 1)
hpin:transformer_core_top/u_datapath/u_tr_array/u_shared_rom/mux_exp_lut[a_idx[1]]_24_22/in_6[0] 	 (fanout : 1)
hpin:transformer_core_top/u_datapath/u_tr_array/u_shared_rom/mux_exp_lut[a_idx[1]]_24_22/in_7[6] 	 (fanout : 1)
hpin:transformer_core_top/u_datapath/u_tr_array/u_shared_rom/mux_exp_lut[a_idx[1]]_24_22/in_7[5] 	 (fanout : 1)
hpin:transformer_core_top/u_datapath/u_tr_array/u_shared_rom/mux_exp_lut[a_idx[1]]_24_22/in_7[4] 	 (fanout : 1)
hpin:transformer_core_top/u_datapath/u_tr_array/u_shared_rom/mux_exp_lut[a_idx[1]]_24_22/in_7[3] 	 (fanout : 1)
hpin:transformer_core_top/u_datapath/u_tr_array/u_shared_rom/mux_exp_lut[a_idx[1]]_24_22/in_7[2] 	 (fanout : 1)
hpin:transformer_core_top/u_datapath/u_tr_array/u_shared_rom/mux_exp_lut[a_idx[1]]_24_22/in_7[1] 	 (fanout : 1)
hpin:transformer_core_top/u_datapath/u_tr_array/u_shared_rom/mux_exp_lut[a_idx[1]]_24_22/in_7[0] 	 (fanout : 1)
hpin:transformer_core_top/u_datapath/u_tr_array/u_shared_rom/mux_exp_lut[a_idx[2]]_24_22/in_0[6] 	 (fanout : 1)
hpin:transformer_core_top/u_datapath/u_tr_array/u_shared_rom/mux_exp_lut[a_idx[2]]_24_22/in_0[5] 	 (fanout : 1)
hpin:transformer_core_top/u_datapath/u_tr_array/u_shared_rom/mux_exp_lut[a_idx[2]]_24_22/in_0[4] 	 (fanout : 1)
hpin:transformer_core_top/u_datapath/u_tr_array/u_shared_rom/mux_exp_lut[a_idx[2]]_24_22/in_0[3] 	 (fanout : 1)
hpin:transformer_core_top/u_datapath/u_tr_array/u_shared_rom/mux_exp_lut[a_idx[2]]_24_22/in_0[2] 	 (fanout : 1)
hpin:transformer_core_top/u_datapath/u_tr_array/u_shared_rom/mux_exp_lut[a_idx[2]]_24_22/in_0[1] 	 (fanout : 1)
hpin:transformer_core_top/u_datapath/u_tr_array/u_shared_rom/mux_exp_lut[a_idx[2]]_24_22/in_0[0] 	 (fanout : 1)
hpin:transformer_core_top/u_datapath/u_tr_array/u_shared_rom/mux_exp_lut[a_idx[2]]_24_22/in_1[6] 	 (fanout : 1)
hpin:transformer_core_top/u_datapath/u_tr_array/u_shared_rom/mux_exp_lut[a_idx[2]]_24_22/in_1[5] 	 (fanout : 1)
hpin:transformer_core_top/u_datapath/u_tr_array/u_shared_rom/mux_exp_lut[a_idx[2]]_24_22/in_1[4] 	 (fanout : 1)
hpin:transformer_core_top/u_datapath/u_tr_array/u_shared_rom/mux_exp_lut[a_idx[2]]_24_22/in_1[3] 	 (fanout : 1)
hpin:transformer_core_top/u_datapath/u_tr_array/u_shared_rom/mux_exp_lut[a_idx[2]]_24_22/in_1[2] 	 (fanout : 1)
hpin:transformer_core_top/u_datapath/u_tr_array/u_shared_rom/mux_exp_lut[a_idx[2]]_24_22/in_1[1] 	 (fanout : 1)
hpin:transformer_core_top/u_datapath/u_tr_array/u_shared_rom/mux_exp_lut[a_idx[2]]_24_22/in_1[0] 	 (fanout : 1)
hpin:transformer_core_top/u_datapath/u_tr_array/u_shared_rom/mux_exp_lut[a_idx[2]]_24_22/in_2[6] 	 (fanout : 1)
hpin:transformer_core_top/u_datapath/u_tr_array/u_shared_rom/mux_exp_lut[a_idx[2]]_24_22/in_2[5] 	 (fanout : 1)
hpin:transformer_core_top/u_datapath/u_tr_array/u_shared_rom/mux_exp_lut[a_idx[2]]_24_22/in_2[4] 	 (fanout : 1)
hpin:transformer_core_top/u_datapath/u_tr_array/u_shared_rom/mux_exp_lut[a_idx[2]]_24_22/in_2[3] 	 (fanout : 1)
hpin:transformer_core_top/u_datapath/u_tr_array/u_shared_rom/mux_exp_lut[a_idx[2]]_24_22/in_2[2] 	 (fanout : 1)
hpin:transformer_core_top/u_datapath/u_tr_array/u_shared_rom/mux_exp_lut[a_idx[2]]_24_22/in_2[1] 	 (fanout : 1)
hpin:transformer_core_top/u_datapath/u_tr_array/u_shared_rom/mux_exp_lut[a_idx[2]]_24_22/in_2[0] 	 (fanout : 1)
hpin:transformer_core_top/u_datapath/u_tr_array/u_shared_rom/mux_exp_lut[a_idx[2]]_24_22/in_3[6] 	 (fanout : 1)
hpin:transformer_core_top/u_datapath/u_tr_array/u_shared_rom/mux_exp_lut[a_idx[2]]_24_22/in_3[5] 	 (fanout : 1)
hpin:transformer_core_top/u_datapath/u_tr_array/u_shared_rom/mux_exp_lut[a_idx[2]]_24_22/in_3[4] 	 (fanout : 1)
hpin:transformer_core_top/u_datapath/u_tr_array/u_shared_rom/mux_exp_lut[a_idx[2]]_24_22/in_3[3] 	 (fanout : 1)
hpin:transformer_core_top/u_datapath/u_tr_array/u_shared_rom/mux_exp_lut[a_idx[2]]_24_22/in_3[2] 	 (fanout : 1)
hpin:transformer_core_top/u_datapath/u_tr_array/u_shared_rom/mux_exp_lut[a_idx[2]]_24_22/in_3[1] 	 (fanout : 1)
hpin:transformer_core_top/u_datapath/u_tr_array/u_shared_rom/mux_exp_lut[a_idx[2]]_24_22/in_3[0] 	 (fanout : 1)
hpin:transformer_core_top/u_datapath/u_tr_array/u_shared_rom/mux_exp_lut[a_idx[2]]_24_22/in_4[6] 	 (fanout : 1)
hpin:transformer_core_top/u_datapath/u_tr_array/u_shared_rom/mux_exp_lut[a_idx[2]]_24_22/in_4[5] 	 (fanout : 1)
hpin:transformer_core_top/u_datapath/u_tr_array/u_shared_rom/mux_exp_lut[a_idx[2]]_24_22/in_4[4] 	 (fanout : 1)
hpin:transformer_core_top/u_datapath/u_tr_array/u_shared_rom/mux_exp_lut[a_idx[2]]_24_22/in_4[3] 	 (fanout : 1)
hpin:transformer_core_top/u_datapath/u_tr_array/u_shared_rom/mux_exp_lut[a_idx[2]]_24_22/in_4[2] 	 (fanout : 1)
hpin:transformer_core_top/u_datapath/u_tr_array/u_shared_rom/mux_exp_lut[a_idx[2]]_24_22/in_4[1] 	 (fanout : 1)
hpin:transformer_core_top/u_datapath/u_tr_array/u_shared_rom/mux_exp_lut[a_idx[2]]_24_22/in_4[0] 	 (fanout : 1)
hpin:transformer_core_top/u_datapath/u_tr_array/u_shared_rom/mux_exp_lut[a_idx[2]]_24_22/in_5[6] 	 (fanout : 1)
hpin:transformer_core_top/u_datapath/u_tr_array/u_shared_rom/mux_exp_lut[a_idx[2]]_24_22/in_5[5] 	 (fanout : 1)
hpin:transformer_core_top/u_datapath/u_tr_array/u_shared_rom/mux_exp_lut[a_idx[2]]_24_22/in_5[4] 	 (fanout : 1)
hpin:transformer_core_top/u_datapath/u_tr_array/u_shared_rom/mux_exp_lut[a_idx[2]]_24_22/in_5[3] 	 (fanout : 1)
hpin:transformer_core_top/u_datapath/u_tr_array/u_shared_rom/mux_exp_lut[a_idx[2]]_24_22/in_5[2] 	 (fanout : 1)
hpin:transformer_core_top/u_datapath/u_tr_array/u_shared_rom/mux_exp_lut[a_idx[2]]_24_22/in_5[1] 	 (fanout : 1)
hpin:transformer_core_top/u_datapath/u_tr_array/u_shared_rom/mux_exp_lut[a_idx[2]]_24_22/in_5[0] 	 (fanout : 1)
hpin:transformer_core_top/u_datapath/u_tr_array/u_shared_rom/mux_exp_lut[a_idx[2]]_24_22/in_6[6] 	 (fanout : 1)
hpin:transformer_core_top/u_datapath/u_tr_array/u_shared_rom/mux_exp_lut[a_idx[2]]_24_22/in_6[5] 	 (fanout : 1)
hpin:transformer_core_top/u_datapath/u_tr_array/u_shared_rom/mux_exp_lut[a_idx[2]]_24_22/in_6[4] 	 (fanout : 1)
hpin:transformer_core_top/u_datapath/u_tr_array/u_shared_rom/mux_exp_lut[a_idx[2]]_24_22/in_6[3] 	 (fanout : 1)
hpin:transformer_core_top/u_datapath/u_tr_array/u_shared_rom/mux_exp_lut[a_idx[2]]_24_22/in_6[2] 	 (fanout : 1)
hpin:transformer_core_top/u_datapath/u_tr_array/u_shared_rom/mux_exp_lut[a_idx[2]]_24_22/in_6[1] 	 (fanout : 1)
hpin:transformer_core_top/u_datapath/u_tr_array/u_shared_rom/mux_exp_lut[a_idx[2]]_24_22/in_6[0] 	 (fanout : 1)
hpin:transformer_core_top/u_datapath/u_tr_array/u_shared_rom/mux_exp_lut[a_idx[2]]_24_22/in_7[6] 	 (fanout : 1)
hpin:transformer_core_top/u_datapath/u_tr_array/u_shared_rom/mux_exp_lut[a_idx[2]]_24_22/in_7[5] 	 (fanout : 1)
hpin:transformer_core_top/u_datapath/u_tr_array/u_shared_rom/mux_exp_lut[a_idx[2]]_24_22/in_7[4] 	 (fanout : 1)
hpin:transformer_core_top/u_datapath/u_tr_array/u_shared_rom/mux_exp_lut[a_idx[2]]_24_22/in_7[3] 	 (fanout : 1)
hpin:transformer_core_top/u_datapath/u_tr_array/u_shared_rom/mux_exp_lut[a_idx[2]]_24_22/in_7[2] 	 (fanout : 1)
hpin:transformer_core_top/u_datapath/u_tr_array/u_shared_rom/mux_exp_lut[a_idx[2]]_24_22/in_7[1] 	 (fanout : 1)
hpin:transformer_core_top/u_datapath/u_tr_array/u_shared_rom/mux_exp_lut[a_idx[2]]_24_22/in_7[0] 	 (fanout : 1)
hpin:transformer_core_top/u_datapath/u_tr_array/u_shared_rom/mux_exp_lut[a_idx[3]]_24_22/in_0[6] 	 (fanout : 1)
hpin:transformer_core_top/u_datapath/u_tr_array/u_shared_rom/mux_exp_lut[a_idx[3]]_24_22/in_0[5] 	 (fanout : 1)
hpin:transformer_core_top/u_datapath/u_tr_array/u_shared_rom/mux_exp_lut[a_idx[3]]_24_22/in_0[4] 	 (fanout : 1)
hpin:transformer_core_top/u_datapath/u_tr_array/u_shared_rom/mux_exp_lut[a_idx[3]]_24_22/in_0[3] 	 (fanout : 1)
hpin:transformer_core_top/u_datapath/u_tr_array/u_shared_rom/mux_exp_lut[a_idx[3]]_24_22/in_0[2] 	 (fanout : 1)
hpin:transformer_core_top/u_datapath/u_tr_array/u_shared_rom/mux_exp_lut[a_idx[3]]_24_22/in_0[1] 	 (fanout : 1)
hpin:transformer_core_top/u_datapath/u_tr_array/u_shared_rom/mux_exp_lut[a_idx[3]]_24_22/in_0[0] 	 (fanout : 1)
hpin:transformer_core_top/u_datapath/u_tr_array/u_shared_rom/mux_exp_lut[a_idx[3]]_24_22/in_1[6] 	 (fanout : 1)
hpin:transformer_core_top/u_datapath/u_tr_array/u_shared_rom/mux_exp_lut[a_idx[3]]_24_22/in_1[5] 	 (fanout : 1)
hpin:transformer_core_top/u_datapath/u_tr_array/u_shared_rom/mux_exp_lut[a_idx[3]]_24_22/in_1[4] 	 (fanout : 1)
hpin:transformer_core_top/u_datapath/u_tr_array/u_shared_rom/mux_exp_lut[a_idx[3]]_24_22/in_1[3] 	 (fanout : 1)
hpin:transformer_core_top/u_datapath/u_tr_array/u_shared_rom/mux_exp_lut[a_idx[3]]_24_22/in_1[2] 	 (fanout : 1)
hpin:transformer_core_top/u_datapath/u_tr_array/u_shared_rom/mux_exp_lut[a_idx[3]]_24_22/in_1[1] 	 (fanout : 1)
hpin:transformer_core_top/u_datapath/u_tr_array/u_shared_rom/mux_exp_lut[a_idx[3]]_24_22/in_1[0] 	 (fanout : 1)
hpin:transformer_core_top/u_datapath/u_tr_array/u_shared_rom/mux_exp_lut[a_idx[3]]_24_22/in_2[6] 	 (fanout : 1)
hpin:transformer_core_top/u_datapath/u_tr_array/u_shared_rom/mux_exp_lut[a_idx[3]]_24_22/in_2[5] 	 (fanout : 1)
hpin:transformer_core_top/u_datapath/u_tr_array/u_shared_rom/mux_exp_lut[a_idx[3]]_24_22/in_2[4] 	 (fanout : 1)
hpin:transformer_core_top/u_datapath/u_tr_array/u_shared_rom/mux_exp_lut[a_idx[3]]_24_22/in_2[3] 	 (fanout : 1)
hpin:transformer_core_top/u_datapath/u_tr_array/u_shared_rom/mux_exp_lut[a_idx[3]]_24_22/in_2[2] 	 (fanout : 1)
hpin:transformer_core_top/u_datapath/u_tr_array/u_shared_rom/mux_exp_lut[a_idx[3]]_24_22/in_2[1] 	 (fanout : 1)
hpin:transformer_core_top/u_datapath/u_tr_array/u_shared_rom/mux_exp_lut[a_idx[3]]_24_22/in_2[0] 	 (fanout : 1)
hpin:transformer_core_top/u_datapath/u_tr_array/u_shared_rom/mux_exp_lut[a_idx[3]]_24_22/in_3[6] 	 (fanout : 1)
hpin:transformer_core_top/u_datapath/u_tr_array/u_shared_rom/mux_exp_lut[a_idx[3]]_24_22/in_3[5] 	 (fanout : 1)
hpin:transformer_core_top/u_datapath/u_tr_array/u_shared_rom/mux_exp_lut[a_idx[3]]_24_22/in_3[4] 	 (fanout : 1)
hpin:transformer_core_top/u_datapath/u_tr_array/u_shared_rom/mux_exp_lut[a_idx[3]]_24_22/in_3[3] 	 (fanout : 1)
hpin:transformer_core_top/u_datapath/u_tr_array/u_shared_rom/mux_exp_lut[a_idx[3]]_24_22/in_3[2] 	 (fanout : 1)
hpin:transformer_core_top/u_datapath/u_tr_array/u_shared_rom/mux_exp_lut[a_idx[3]]_24_22/in_3[1] 	 (fanout : 1)
hpin:transformer_core_top/u_datapath/u_tr_array/u_shared_rom/mux_exp_lut[a_idx[3]]_24_22/in_3[0] 	 (fanout : 1)
hpin:transformer_core_top/u_datapath/u_tr_array/u_shared_rom/mux_exp_lut[a_idx[3]]_24_22/in_4[6] 	 (fanout : 1)
hpin:transformer_core_top/u_datapath/u_tr_array/u_shared_rom/mux_exp_lut[a_idx[3]]_24_22/in_4[5] 	 (fanout : 1)
hpin:transformer_core_top/u_datapath/u_tr_array/u_shared_rom/mux_exp_lut[a_idx[3]]_24_22/in_4[4] 	 (fanout : 1)
hpin:transformer_core_top/u_datapath/u_tr_array/u_shared_rom/mux_exp_lut[a_idx[3]]_24_22/in_4[3] 	 (fanout : 1)
hpin:transformer_core_top/u_datapath/u_tr_array/u_shared_rom/mux_exp_lut[a_idx[3]]_24_22/in_4[2] 	 (fanout : 1)
hpin:transformer_core_top/u_datapath/u_tr_array/u_shared_rom/mux_exp_lut[a_idx[3]]_24_22/in_4[1] 	 (fanout : 1)
hpin:transformer_core_top/u_datapath/u_tr_array/u_shared_rom/mux_exp_lut[a_idx[3]]_24_22/in_4[0] 	 (fanout : 1)
hpin:transformer_core_top/u_datapath/u_tr_array/u_shared_rom/mux_exp_lut[a_idx[3]]_24_22/in_5[6] 	 (fanout : 1)
hpin:transformer_core_top/u_datapath/u_tr_array/u_shared_rom/mux_exp_lut[a_idx[3]]_24_22/in_5[5] 	 (fanout : 1)
hpin:transformer_core_top/u_datapath/u_tr_array/u_shared_rom/mux_exp_lut[a_idx[3]]_24_22/in_5[4] 	 (fanout : 1)
hpin:transformer_core_top/u_datapath/u_tr_array/u_shared_rom/mux_exp_lut[a_idx[3]]_24_22/in_5[3] 	 (fanout : 1)
hpin:transformer_core_top/u_datapath/u_tr_array/u_shared_rom/mux_exp_lut[a_idx[3]]_24_22/in_5[2] 	 (fanout : 1)
hpin:transformer_core_top/u_datapath/u_tr_array/u_shared_rom/mux_exp_lut[a_idx[3]]_24_22/in_5[1] 	 (fanout : 1)
hpin:transformer_core_top/u_datapath/u_tr_array/u_shared_rom/mux_exp_lut[a_idx[3]]_24_22/in_5[0] 	 (fanout : 1)
hpin:transformer_core_top/u_datapath/u_tr_array/u_shared_rom/mux_exp_lut[a_idx[3]]_24_22/in_6[6] 	 (fanout : 1)
hpin:transformer_core_top/u_datapath/u_tr_array/u_shared_rom/mux_exp_lut[a_idx[3]]_24_22/in_6[5] 	 (fanout : 1)
hpin:transformer_core_top/u_datapath/u_tr_array/u_shared_rom/mux_exp_lut[a_idx[3]]_24_22/in_6[4] 	 (fanout : 1)
hpin:transformer_core_top/u_datapath/u_tr_array/u_shared_rom/mux_exp_lut[a_idx[3]]_24_22/in_6[3] 	 (fanout : 1)
hpin:transformer_core_top/u_datapath/u_tr_array/u_shared_rom/mux_exp_lut[a_idx[3]]_24_22/in_6[2] 	 (fanout : 1)
hpin:transformer_core_top/u_datapath/u_tr_array/u_shared_rom/mux_exp_lut[a_idx[3]]_24_22/in_6[1] 	 (fanout : 1)
hpin:transformer_core_top/u_datapath/u_tr_array/u_shared_rom/mux_exp_lut[a_idx[3]]_24_22/in_6[0] 	 (fanout : 1)
hpin:transformer_core_top/u_datapath/u_tr_array/u_shared_rom/mux_exp_lut[a_idx[3]]_24_22/in_7[6] 	 (fanout : 1)
hpin:transformer_core_top/u_datapath/u_tr_array/u_shared_rom/mux_exp_lut[a_idx[3]]_24_22/in_7[5] 	 (fanout : 1)
hpin:transformer_core_top/u_datapath/u_tr_array/u_shared_rom/mux_exp_lut[a_idx[3]]_24_22/in_7[4] 	 (fanout : 1)
hpin:transformer_core_top/u_datapath/u_tr_array/u_shared_rom/mux_exp_lut[a_idx[3]]_24_22/in_7[3] 	 (fanout : 1)
hpin:transformer_core_top/u_datapath/u_tr_array/u_shared_rom/mux_exp_lut[a_idx[3]]_24_22/in_7[2] 	 (fanout : 1)
hpin:transformer_core_top/u_datapath/u_tr_array/u_shared_rom/mux_exp_lut[a_idx[3]]_24_22/in_7[1] 	 (fanout : 1)
hpin:transformer_core_top/u_datapath/u_tr_array/u_shared_rom/mux_exp_lut[a_idx[3]]_24_22/in_7[0] 	 (fanout : 1)
hpin:transformer_core_top/u_datapath/u_tr_array/u_shared_rom/mux_exp_lut[a_idx[4]]_24_22/in_0[6] 	 (fanout : 1)
hpin:transformer_core_top/u_datapath/u_tr_array/u_shared_rom/mux_exp_lut[a_idx[4]]_24_22/in_0[5] 	 (fanout : 1)
hpin:transformer_core_top/u_datapath/u_tr_array/u_shared_rom/mux_exp_lut[a_idx[4]]_24_22/in_0[4] 	 (fanout : 1)
hpin:transformer_core_top/u_datapath/u_tr_array/u_shared_rom/mux_exp_lut[a_idx[4]]_24_22/in_0[3] 	 (fanout : 1)
hpin:transformer_core_top/u_datapath/u_tr_array/u_shared_rom/mux_exp_lut[a_idx[4]]_24_22/in_0[2] 	 (fanout : 1)
hpin:transformer_core_top/u_datapath/u_tr_array/u_shared_rom/mux_exp_lut[a_idx[4]]_24_22/in_0[1] 	 (fanout : 1)
hpin:transformer_core_top/u_datapath/u_tr_array/u_shared_rom/mux_exp_lut[a_idx[4]]_24_22/in_0[0] 	 (fanout : 1)
hpin:transformer_core_top/u_datapath/u_tr_array/u_shared_rom/mux_exp_lut[a_idx[4]]_24_22/in_1[6] 	 (fanout : 1)
hpin:transformer_core_top/u_datapath/u_tr_array/u_shared_rom/mux_exp_lut[a_idx[4]]_24_22/in_1[5] 	 (fanout : 1)
hpin:transformer_core_top/u_datapath/u_tr_array/u_shared_rom/mux_exp_lut[a_idx[4]]_24_22/in_1[4] 	 (fanout : 1)
hpin:transformer_core_top/u_datapath/u_tr_array/u_shared_rom/mux_exp_lut[a_idx[4]]_24_22/in_1[3] 	 (fanout : 1)
hpin:transformer_core_top/u_datapath/u_tr_array/u_shared_rom/mux_exp_lut[a_idx[4]]_24_22/in_1[2] 	 (fanout : 1)
hpin:transformer_core_top/u_datapath/u_tr_array/u_shared_rom/mux_exp_lut[a_idx[4]]_24_22/in_1[1] 	 (fanout : 1)
hpin:transformer_core_top/u_datapath/u_tr_array/u_shared_rom/mux_exp_lut[a_idx[4]]_24_22/in_1[0] 	 (fanout : 1)
hpin:transformer_core_top/u_datapath/u_tr_array/u_shared_rom/mux_exp_lut[a_idx[4]]_24_22/in_2[6] 	 (fanout : 1)
hpin:transformer_core_top/u_datapath/u_tr_array/u_shared_rom/mux_exp_lut[a_idx[4]]_24_22/in_2[5] 	 (fanout : 1)
hpin:transformer_core_top/u_datapath/u_tr_array/u_shared_rom/mux_exp_lut[a_idx[4]]_24_22/in_2[4] 	 (fanout : 1)
hpin:transformer_core_top/u_datapath/u_tr_array/u_shared_rom/mux_exp_lut[a_idx[4]]_24_22/in_2[3] 	 (fanout : 1)
hpin:transformer_core_top/u_datapath/u_tr_array/u_shared_rom/mux_exp_lut[a_idx[4]]_24_22/in_2[2] 	 (fanout : 1)
hpin:transformer_core_top/u_datapath/u_tr_array/u_shared_rom/mux_exp_lut[a_idx[4]]_24_22/in_2[1] 	 (fanout : 1)
hpin:transformer_core_top/u_datapath/u_tr_array/u_shared_rom/mux_exp_lut[a_idx[4]]_24_22/in_2[0] 	 (fanout : 1)
hpin:transformer_core_top/u_datapath/u_tr_array/u_shared_rom/mux_exp_lut[a_idx[4]]_24_22/in_3[6] 	 (fanout : 1)
hpin:transformer_core_top/u_datapath/u_tr_array/u_shared_rom/mux_exp_lut[a_idx[4]]_24_22/in_3[5] 	 (fanout : 1)
hpin:transformer_core_top/u_datapath/u_tr_array/u_shared_rom/mux_exp_lut[a_idx[4]]_24_22/in_3[4] 	 (fanout : 1)
hpin:transformer_core_top/u_datapath/u_tr_array/u_shared_rom/mux_exp_lut[a_idx[4]]_24_22/in_3[3] 	 (fanout : 1)
hpin:transformer_core_top/u_datapath/u_tr_array/u_shared_rom/mux_exp_lut[a_idx[4]]_24_22/in_3[2] 	 (fanout : 1)
hpin:transformer_core_top/u_datapath/u_tr_array/u_shared_rom/mux_exp_lut[a_idx[4]]_24_22/in_3[1] 	 (fanout : 1)
hpin:transformer_core_top/u_datapath/u_tr_array/u_shared_rom/mux_exp_lut[a_idx[4]]_24_22/in_3[0] 	 (fanout : 1)
hpin:transformer_core_top/u_datapath/u_tr_array/u_shared_rom/mux_exp_lut[a_idx[4]]_24_22/in_4[6] 	 (fanout : 1)
hpin:transformer_core_top/u_datapath/u_tr_array/u_shared_rom/mux_exp_lut[a_idx[4]]_24_22/in_4[5] 	 (fanout : 1)
hpin:transformer_core_top/u_datapath/u_tr_array/u_shared_rom/mux_exp_lut[a_idx[4]]_24_22/in_4[4] 	 (fanout : 1)
hpin:transformer_core_top/u_datapath/u_tr_array/u_shared_rom/mux_exp_lut[a_idx[4]]_24_22/in_4[3] 	 (fanout : 1)
hpin:transformer_core_top/u_datapath/u_tr_array/u_shared_rom/mux_exp_lut[a_idx[4]]_24_22/in_4[2] 	 (fanout : 1)
hpin:transformer_core_top/u_datapath/u_tr_array/u_shared_rom/mux_exp_lut[a_idx[4]]_24_22/in_4[1] 	 (fanout : 1)
hpin:transformer_core_top/u_datapath/u_tr_array/u_shared_rom/mux_exp_lut[a_idx[4]]_24_22/in_4[0] 	 (fanout : 1)
hpin:transformer_core_top/u_datapath/u_tr_array/u_shared_rom/mux_exp_lut[a_idx[4]]_24_22/in_5[6] 	 (fanout : 1)
hpin:transformer_core_top/u_datapath/u_tr_array/u_shared_rom/mux_exp_lut[a_idx[4]]_24_22/in_5[5] 	 (fanout : 1)
hpin:transformer_core_top/u_datapath/u_tr_array/u_shared_rom/mux_exp_lut[a_idx[4]]_24_22/in_5[4] 	 (fanout : 1)
hpin:transformer_core_top/u_datapath/u_tr_array/u_shared_rom/mux_exp_lut[a_idx[4]]_24_22/in_5[3] 	 (fanout : 1)
hpin:transformer_core_top/u_datapath/u_tr_array/u_shared_rom/mux_exp_lut[a_idx[4]]_24_22/in_5[2] 	 (fanout : 1)
hpin:transformer_core_top/u_datapath/u_tr_array/u_shared_rom/mux_exp_lut[a_idx[4]]_24_22/in_5[1] 	 (fanout : 1)
hpin:transformer_core_top/u_datapath/u_tr_array/u_shared_rom/mux_exp_lut[a_idx[4]]_24_22/in_5[0] 	 (fanout : 1)
hpin:transformer_core_top/u_datapath/u_tr_array/u_shared_rom/mux_exp_lut[a_idx[4]]_24_22/in_6[6] 	 (fanout : 1)
hpin:transformer_core_top/u_datapath/u_tr_array/u_shared_rom/mux_exp_lut[a_idx[4]]_24_22/in_6[5] 	 (fanout : 1)
hpin:transformer_core_top/u_datapath/u_tr_array/u_shared_rom/mux_exp_lut[a_idx[4]]_24_22/in_6[4] 	 (fanout : 1)
hpin:transformer_core_top/u_datapath/u_tr_array/u_shared_rom/mux_exp_lut[a_idx[4]]_24_22/in_6[3] 	 (fanout : 1)
hpin:transformer_core_top/u_datapath/u_tr_array/u_shared_rom/mux_exp_lut[a_idx[4]]_24_22/in_6[2] 	 (fanout : 1)
hpin:transformer_core_top/u_datapath/u_tr_array/u_shared_rom/mux_exp_lut[a_idx[4]]_24_22/in_6[1] 	 (fanout : 1)
hpin:transformer_core_top/u_datapath/u_tr_array/u_shared_rom/mux_exp_lut[a_idx[4]]_24_22/in_6[0] 	 (fanout : 1)
hpin:transformer_core_top/u_datapath/u_tr_array/u_shared_rom/mux_exp_lut[a_idx[4]]_24_22/in_7[6] 	 (fanout : 1)
hpin:transformer_core_top/u_datapath/u_tr_array/u_shared_rom/mux_exp_lut[a_idx[4]]_24_22/in_7[5] 	 (fanout : 1)
hpin:transformer_core_top/u_datapath/u_tr_array/u_shared_rom/mux_exp_lut[a_idx[4]]_24_22/in_7[4] 	 (fanout : 1)
hpin:transformer_core_top/u_datapath/u_tr_array/u_shared_rom/mux_exp_lut[a_idx[4]]_24_22/in_7[3] 	 (fanout : 1)
hpin:transformer_core_top/u_datapath/u_tr_array/u_shared_rom/mux_exp_lut[a_idx[4]]_24_22/in_7[2] 	 (fanout : 1)
hpin:transformer_core_top/u_datapath/u_tr_array/u_shared_rom/mux_exp_lut[a_idx[4]]_24_22/in_7[1] 	 (fanout : 1)
hpin:transformer_core_top/u_datapath/u_tr_array/u_shared_rom/mux_exp_lut[a_idx[4]]_24_22/in_7[0] 	 (fanout : 1)
hpin:transformer_core_top/u_datapath/u_tr_array/u_shared_rom/mux_exp_lut[a_idx[5]]_24_22/in_0[6] 	 (fanout : 1)
hpin:transformer_core_top/u_datapath/u_tr_array/u_shared_rom/mux_exp_lut[a_idx[5]]_24_22/in_0[5] 	 (fanout : 1)
hpin:transformer_core_top/u_datapath/u_tr_array/u_shared_rom/mux_exp_lut[a_idx[5]]_24_22/in_0[4] 	 (fanout : 1)
hpin:transformer_core_top/u_datapath/u_tr_array/u_shared_rom/mux_exp_lut[a_idx[5]]_24_22/in_0[3] 	 (fanout : 1)
hpin:transformer_core_top/u_datapath/u_tr_array/u_shared_rom/mux_exp_lut[a_idx[5]]_24_22/in_0[2] 	 (fanout : 1)
hpin:transformer_core_top/u_datapath/u_tr_array/u_shared_rom/mux_exp_lut[a_idx[5]]_24_22/in_0[1] 	 (fanout : 1)
hpin:transformer_core_top/u_datapath/u_tr_array/u_shared_rom/mux_exp_lut[a_idx[5]]_24_22/in_0[0] 	 (fanout : 1)
hpin:transformer_core_top/u_datapath/u_tr_array/u_shared_rom/mux_exp_lut[a_idx[5]]_24_22/in_1[6] 	 (fanout : 1)
hpin:transformer_core_top/u_datapath/u_tr_array/u_shared_rom/mux_exp_lut[a_idx[5]]_24_22/in_1[5] 	 (fanout : 1)
hpin:transformer_core_top/u_datapath/u_tr_array/u_shared_rom/mux_exp_lut[a_idx[5]]_24_22/in_1[4] 	 (fanout : 1)
hpin:transformer_core_top/u_datapath/u_tr_array/u_shared_rom/mux_exp_lut[a_idx[5]]_24_22/in_1[3] 	 (fanout : 1)
hpin:transformer_core_top/u_datapath/u_tr_array/u_shared_rom/mux_exp_lut[a_idx[5]]_24_22/in_1[2] 	 (fanout : 1)
hpin:transformer_core_top/u_datapath/u_tr_array/u_shared_rom/mux_exp_lut[a_idx[5]]_24_22/in_1[1] 	 (fanout : 1)
hpin:transformer_core_top/u_datapath/u_tr_array/u_shared_rom/mux_exp_lut[a_idx[5]]_24_22/in_1[0] 	 (fanout : 1)
hpin:transformer_core_top/u_datapath/u_tr_array/u_shared_rom/mux_exp_lut[a_idx[5]]_24_22/in_2[6] 	 (fanout : 1)
hpin:transformer_core_top/u_datapath/u_tr_array/u_shared_rom/mux_exp_lut[a_idx[5]]_24_22/in_2[5] 	 (fanout : 1)
hpin:transformer_core_top/u_datapath/u_tr_array/u_shared_rom/mux_exp_lut[a_idx[5]]_24_22/in_2[4] 	 (fanout : 1)
hpin:transformer_core_top/u_datapath/u_tr_array/u_shared_rom/mux_exp_lut[a_idx[5]]_24_22/in_2[3] 	 (fanout : 1)
hpin:transformer_core_top/u_datapath/u_tr_array/u_shared_rom/mux_exp_lut[a_idx[5]]_24_22/in_2[2] 	 (fanout : 1)
hpin:transformer_core_top/u_datapath/u_tr_array/u_shared_rom/mux_exp_lut[a_idx[5]]_24_22/in_2[1] 	 (fanout : 1)
hpin:transformer_core_top/u_datapath/u_tr_array/u_shared_rom/mux_exp_lut[a_idx[5]]_24_22/in_2[0] 	 (fanout : 1)
hpin:transformer_core_top/u_datapath/u_tr_array/u_shared_rom/mux_exp_lut[a_idx[5]]_24_22/in_3[6] 	 (fanout : 1)
hpin:transformer_core_top/u_datapath/u_tr_array/u_shared_rom/mux_exp_lut[a_idx[5]]_24_22/in_3[5] 	 (fanout : 1)
hpin:transformer_core_top/u_datapath/u_tr_array/u_shared_rom/mux_exp_lut[a_idx[5]]_24_22/in_3[4] 	 (fanout : 1)
hpin:transformer_core_top/u_datapath/u_tr_array/u_shared_rom/mux_exp_lut[a_idx[5]]_24_22/in_3[3] 	 (fanout : 1)
hpin:transformer_core_top/u_datapath/u_tr_array/u_shared_rom/mux_exp_lut[a_idx[5]]_24_22/in_3[2] 	 (fanout : 1)
hpin:transformer_core_top/u_datapath/u_tr_array/u_shared_rom/mux_exp_lut[a_idx[5]]_24_22/in_3[1] 	 (fanout : 1)
hpin:transformer_core_top/u_datapath/u_tr_array/u_shared_rom/mux_exp_lut[a_idx[5]]_24_22/in_3[0] 	 (fanout : 1)
hpin:transformer_core_top/u_datapath/u_tr_array/u_shared_rom/mux_exp_lut[a_idx[5]]_24_22/in_4[6] 	 (fanout : 1)
hpin:transformer_core_top/u_datapath/u_tr_array/u_shared_rom/mux_exp_lut[a_idx[5]]_24_22/in_4[5] 	 (fanout : 1)
hpin:transformer_core_top/u_datapath/u_tr_array/u_shared_rom/mux_exp_lut[a_idx[5]]_24_22/in_4[4] 	 (fanout : 1)
hpin:transformer_core_top/u_datapath/u_tr_array/u_shared_rom/mux_exp_lut[a_idx[5]]_24_22/in_4[3] 	 (fanout : 1)
hpin:transformer_core_top/u_datapath/u_tr_array/u_shared_rom/mux_exp_lut[a_idx[5]]_24_22/in_4[2] 	 (fanout : 1)
hpin:transformer_core_top/u_datapath/u_tr_array/u_shared_rom/mux_exp_lut[a_idx[5]]_24_22/in_4[1] 	 (fanout : 1)
hpin:transformer_core_top/u_datapath/u_tr_array/u_shared_rom/mux_exp_lut[a_idx[5]]_24_22/in_4[0] 	 (fanout : 1)
hpin:transformer_core_top/u_datapath/u_tr_array/u_shared_rom/mux_exp_lut[a_idx[5]]_24_22/in_5[6] 	 (fanout : 1)
hpin:transformer_core_top/u_datapath/u_tr_array/u_shared_rom/mux_exp_lut[a_idx[5]]_24_22/in_5[5] 	 (fanout : 1)
hpin:transformer_core_top/u_datapath/u_tr_array/u_shared_rom/mux_exp_lut[a_idx[5]]_24_22/in_5[4] 	 (fanout : 1)
hpin:transformer_core_top/u_datapath/u_tr_array/u_shared_rom/mux_exp_lut[a_idx[5]]_24_22/in_5[3] 	 (fanout : 1)
hpin:transformer_core_top/u_datapath/u_tr_array/u_shared_rom/mux_exp_lut[a_idx[5]]_24_22/in_5[2] 	 (fanout : 1)
hpin:transformer_core_top/u_datapath/u_tr_array/u_shared_rom/mux_exp_lut[a_idx[5]]_24_22/in_5[1] 	 (fanout : 1)
hpin:transformer_core_top/u_datapath/u_tr_array/u_shared_rom/mux_exp_lut[a_idx[5]]_24_22/in_5[0] 	 (fanout : 1)
hpin:transformer_core_top/u_datapath/u_tr_array/u_shared_rom/mux_exp_lut[a_idx[5]]_24_22/in_6[6] 	 (fanout : 1)
hpin:transformer_core_top/u_datapath/u_tr_array/u_shared_rom/mux_exp_lut[a_idx[5]]_24_22/in_6[5] 	 (fanout : 1)
hpin:transformer_core_top/u_datapath/u_tr_array/u_shared_rom/mux_exp_lut[a_idx[5]]_24_22/in_6[4] 	 (fanout : 1)
hpin:transformer_core_top/u_datapath/u_tr_array/u_shared_rom/mux_exp_lut[a_idx[5]]_24_22/in_6[3] 	 (fanout : 1)
hpin:transformer_core_top/u_datapath/u_tr_array/u_shared_rom/mux_exp_lut[a_idx[5]]_24_22/in_6[2] 	 (fanout : 1)
hpin:transformer_core_top/u_datapath/u_tr_array/u_shared_rom/mux_exp_lut[a_idx[5]]_24_22/in_6[1] 	 (fanout : 1)
hpin:transformer_core_top/u_datapath/u_tr_array/u_shared_rom/mux_exp_lut[a_idx[5]]_24_22/in_6[0] 	 (fanout : 1)
hpin:transformer_core_top/u_datapath/u_tr_array/u_shared_rom/mux_exp_lut[a_idx[5]]_24_22/in_7[6] 	 (fanout : 1)
hpin:transformer_core_top/u_datapath/u_tr_array/u_shared_rom/mux_exp_lut[a_idx[5]]_24_22/in_7[5] 	 (fanout : 1)
hpin:transformer_core_top/u_datapath/u_tr_array/u_shared_rom/mux_exp_lut[a_idx[5]]_24_22/in_7[4] 	 (fanout : 1)
hpin:transformer_core_top/u_datapath/u_tr_array/u_shared_rom/mux_exp_lut[a_idx[5]]_24_22/in_7[3] 	 (fanout : 1)
hpin:transformer_core_top/u_datapath/u_tr_array/u_shared_rom/mux_exp_lut[a_idx[5]]_24_22/in_7[2] 	 (fanout : 1)
hpin:transformer_core_top/u_datapath/u_tr_array/u_shared_rom/mux_exp_lut[a_idx[5]]_24_22/in_7[1] 	 (fanout : 1)
hpin:transformer_core_top/u_datapath/u_tr_array/u_shared_rom/mux_exp_lut[a_idx[5]]_24_22/in_7[0] 	 (fanout : 1)
hpin:transformer_core_top/u_datapath/u_tr_array/u_shared_rom/mux_exp_lut[a_idx[6]]_24_22/in_0[6] 	 (fanout : 1)
hpin:transformer_core_top/u_datapath/u_tr_array/u_shared_rom/mux_exp_lut[a_idx[6]]_24_22/in_0[5] 	 (fanout : 1)
hpin:transformer_core_top/u_datapath/u_tr_array/u_shared_rom/mux_exp_lut[a_idx[6]]_24_22/in_0[4] 	 (fanout : 1)
hpin:transformer_core_top/u_datapath/u_tr_array/u_shared_rom/mux_exp_lut[a_idx[6]]_24_22/in_0[3] 	 (fanout : 1)
hpin:transformer_core_top/u_datapath/u_tr_array/u_shared_rom/mux_exp_lut[a_idx[6]]_24_22/in_0[2] 	 (fanout : 1)
hpin:transformer_core_top/u_datapath/u_tr_array/u_shared_rom/mux_exp_lut[a_idx[6]]_24_22/in_0[1] 	 (fanout : 1)
hpin:transformer_core_top/u_datapath/u_tr_array/u_shared_rom/mux_exp_lut[a_idx[6]]_24_22/in_0[0] 	 (fanout : 1)
hpin:transformer_core_top/u_datapath/u_tr_array/u_shared_rom/mux_exp_lut[a_idx[6]]_24_22/in_1[6] 	 (fanout : 1)
hpin:transformer_core_top/u_datapath/u_tr_array/u_shared_rom/mux_exp_lut[a_idx[6]]_24_22/in_1[5] 	 (fanout : 1)
hpin:transformer_core_top/u_datapath/u_tr_array/u_shared_rom/mux_exp_lut[a_idx[6]]_24_22/in_1[4] 	 (fanout : 1)
hpin:transformer_core_top/u_datapath/u_tr_array/u_shared_rom/mux_exp_lut[a_idx[6]]_24_22/in_1[3] 	 (fanout : 1)
hpin:transformer_core_top/u_datapath/u_tr_array/u_shared_rom/mux_exp_lut[a_idx[6]]_24_22/in_1[2] 	 (fanout : 1)
hpin:transformer_core_top/u_datapath/u_tr_array/u_shared_rom/mux_exp_lut[a_idx[6]]_24_22/in_1[1] 	 (fanout : 1)
hpin:transformer_core_top/u_datapath/u_tr_array/u_shared_rom/mux_exp_lut[a_idx[6]]_24_22/in_1[0] 	 (fanout : 1)
hpin:transformer_core_top/u_datapath/u_tr_array/u_shared_rom/mux_exp_lut[a_idx[6]]_24_22/in_2[6] 	 (fanout : 1)
hpin:transformer_core_top/u_datapath/u_tr_array/u_shared_rom/mux_exp_lut[a_idx[6]]_24_22/in_2[5] 	 (fanout : 1)
hpin:transformer_core_top/u_datapath/u_tr_array/u_shared_rom/mux_exp_lut[a_idx[6]]_24_22/in_2[4] 	 (fanout : 1)
hpin:transformer_core_top/u_datapath/u_tr_array/u_shared_rom/mux_exp_lut[a_idx[6]]_24_22/in_2[3] 	 (fanout : 1)
hpin:transformer_core_top/u_datapath/u_tr_array/u_shared_rom/mux_exp_lut[a_idx[6]]_24_22/in_2[2] 	 (fanout : 1)
hpin:transformer_core_top/u_datapath/u_tr_array/u_shared_rom/mux_exp_lut[a_idx[6]]_24_22/in_2[1] 	 (fanout : 1)
hpin:transformer_core_top/u_datapath/u_tr_array/u_shared_rom/mux_exp_lut[a_idx[6]]_24_22/in_2[0] 	 (fanout : 1)
hpin:transformer_core_top/u_datapath/u_tr_array/u_shared_rom/mux_exp_lut[a_idx[6]]_24_22/in_3[6] 	 (fanout : 1)
hpin:transformer_core_top/u_datapath/u_tr_array/u_shared_rom/mux_exp_lut[a_idx[6]]_24_22/in_3[5] 	 (fanout : 1)
hpin:transformer_core_top/u_datapath/u_tr_array/u_shared_rom/mux_exp_lut[a_idx[6]]_24_22/in_3[4] 	 (fanout : 1)
hpin:transformer_core_top/u_datapath/u_tr_array/u_shared_rom/mux_exp_lut[a_idx[6]]_24_22/in_3[3] 	 (fanout : 1)
hpin:transformer_core_top/u_datapath/u_tr_array/u_shared_rom/mux_exp_lut[a_idx[6]]_24_22/in_3[2] 	 (fanout : 1)
hpin:transformer_core_top/u_datapath/u_tr_array/u_shared_rom/mux_exp_lut[a_idx[6]]_24_22/in_3[1] 	 (fanout : 1)
hpin:transformer_core_top/u_datapath/u_tr_array/u_shared_rom/mux_exp_lut[a_idx[6]]_24_22/in_3[0] 	 (fanout : 1)
hpin:transformer_core_top/u_datapath/u_tr_array/u_shared_rom/mux_exp_lut[a_idx[6]]_24_22/in_4[6] 	 (fanout : 1)
hpin:transformer_core_top/u_datapath/u_tr_array/u_shared_rom/mux_exp_lut[a_idx[6]]_24_22/in_4[5] 	 (fanout : 1)
hpin:transformer_core_top/u_datapath/u_tr_array/u_shared_rom/mux_exp_lut[a_idx[6]]_24_22/in_4[4] 	 (fanout : 1)
hpin:transformer_core_top/u_datapath/u_tr_array/u_shared_rom/mux_exp_lut[a_idx[6]]_24_22/in_4[3] 	 (fanout : 1)
hpin:transformer_core_top/u_datapath/u_tr_array/u_shared_rom/mux_exp_lut[a_idx[6]]_24_22/in_4[2] 	 (fanout : 1)
hpin:transformer_core_top/u_datapath/u_tr_array/u_shared_rom/mux_exp_lut[a_idx[6]]_24_22/in_4[1] 	 (fanout : 1)
hpin:transformer_core_top/u_datapath/u_tr_array/u_shared_rom/mux_exp_lut[a_idx[6]]_24_22/in_4[0] 	 (fanout : 1)
hpin:transformer_core_top/u_datapath/u_tr_array/u_shared_rom/mux_exp_lut[a_idx[6]]_24_22/in_5[6] 	 (fanout : 1)
hpin:transformer_core_top/u_datapath/u_tr_array/u_shared_rom/mux_exp_lut[a_idx[6]]_24_22/in_5[5] 	 (fanout : 1)
hpin:transformer_core_top/u_datapath/u_tr_array/u_shared_rom/mux_exp_lut[a_idx[6]]_24_22/in_5[4] 	 (fanout : 1)
hpin:transformer_core_top/u_datapath/u_tr_array/u_shared_rom/mux_exp_lut[a_idx[6]]_24_22/in_5[3] 	 (fanout : 1)
hpin:transformer_core_top/u_datapath/u_tr_array/u_shared_rom/mux_exp_lut[a_idx[6]]_24_22/in_5[2] 	 (fanout : 1)
hpin:transformer_core_top/u_datapath/u_tr_array/u_shared_rom/mux_exp_lut[a_idx[6]]_24_22/in_5[1] 	 (fanout : 1)
hpin:transformer_core_top/u_datapath/u_tr_array/u_shared_rom/mux_exp_lut[a_idx[6]]_24_22/in_5[0] 	 (fanout : 1)
hpin:transformer_core_top/u_datapath/u_tr_array/u_shared_rom/mux_exp_lut[a_idx[6]]_24_22/in_6[6] 	 (fanout : 1)
hpin:transformer_core_top/u_datapath/u_tr_array/u_shared_rom/mux_exp_lut[a_idx[6]]_24_22/in_6[5] 	 (fanout : 1)
hpin:transformer_core_top/u_datapath/u_tr_array/u_shared_rom/mux_exp_lut[a_idx[6]]_24_22/in_6[4] 	 (fanout : 1)
hpin:transformer_core_top/u_datapath/u_tr_array/u_shared_rom/mux_exp_lut[a_idx[6]]_24_22/in_6[3] 	 (fanout : 1)
hpin:transformer_core_top/u_datapath/u_tr_array/u_shared_rom/mux_exp_lut[a_idx[6]]_24_22/in_6[2] 	 (fanout : 1)
hpin:transformer_core_top/u_datapath/u_tr_array/u_shared_rom/mux_exp_lut[a_idx[6]]_24_22/in_6[1] 	 (fanout : 1)
hpin:transformer_core_top/u_datapath/u_tr_array/u_shared_rom/mux_exp_lut[a_idx[6]]_24_22/in_6[0] 	 (fanout : 1)
hpin:transformer_core_top/u_datapath/u_tr_array/u_shared_rom/mux_exp_lut[a_idx[6]]_24_22/in_7[6] 	 (fanout : 1)
hpin:transformer_core_top/u_datapath/u_tr_array/u_shared_rom/mux_exp_lut[a_idx[6]]_24_22/in_7[5] 	 (fanout : 1)
hpin:transformer_core_top/u_datapath/u_tr_array/u_shared_rom/mux_exp_lut[a_idx[6]]_24_22/in_7[4] 	 (fanout : 1)
hpin:transformer_core_top/u_datapath/u_tr_array/u_shared_rom/mux_exp_lut[a_idx[6]]_24_22/in_7[3] 	 (fanout : 1)
hpin:transformer_core_top/u_datapath/u_tr_array/u_shared_rom/mux_exp_lut[a_idx[6]]_24_22/in_7[2] 	 (fanout : 1)
hpin:transformer_core_top/u_datapath/u_tr_array/u_shared_rom/mux_exp_lut[a_idx[6]]_24_22/in_7[1] 	 (fanout : 1)
hpin:transformer_core_top/u_datapath/u_tr_array/u_shared_rom/mux_exp_lut[a_idx[6]]_24_22/in_7[0] 	 (fanout : 1)
hpin:transformer_core_top/u_datapath/u_tr_array/u_shared_rom/mux_exp_lut[a_idx[7]]_24_22/in_0[6] 	 (fanout : 1)
hpin:transformer_core_top/u_datapath/u_tr_array/u_shared_rom/mux_exp_lut[a_idx[7]]_24_22/in_0[5] 	 (fanout : 1)
hpin:transformer_core_top/u_datapath/u_tr_array/u_shared_rom/mux_exp_lut[a_idx[7]]_24_22/in_0[4] 	 (fanout : 1)
hpin:transformer_core_top/u_datapath/u_tr_array/u_shared_rom/mux_exp_lut[a_idx[7]]_24_22/in_0[3] 	 (fanout : 1)
hpin:transformer_core_top/u_datapath/u_tr_array/u_shared_rom/mux_exp_lut[a_idx[7]]_24_22/in_0[2] 	 (fanout : 1)
hpin:transformer_core_top/u_datapath/u_tr_array/u_shared_rom/mux_exp_lut[a_idx[7]]_24_22/in_0[1] 	 (fanout : 1)
hpin:transformer_core_top/u_datapath/u_tr_array/u_shared_rom/mux_exp_lut[a_idx[7]]_24_22/in_0[0] 	 (fanout : 1)
hpin:transformer_core_top/u_datapath/u_tr_array/u_shared_rom/mux_exp_lut[a_idx[7]]_24_22/in_1[6] 	 (fanout : 1)
hpin:transformer_core_top/u_datapath/u_tr_array/u_shared_rom/mux_exp_lut[a_idx[7]]_24_22/in_1[5] 	 (fanout : 1)
hpin:transformer_core_top/u_datapath/u_tr_array/u_shared_rom/mux_exp_lut[a_idx[7]]_24_22/in_1[4] 	 (fanout : 1)
hpin:transformer_core_top/u_datapath/u_tr_array/u_shared_rom/mux_exp_lut[a_idx[7]]_24_22/in_1[3] 	 (fanout : 1)
hpin:transformer_core_top/u_datapath/u_tr_array/u_shared_rom/mux_exp_lut[a_idx[7]]_24_22/in_1[2] 	 (fanout : 1)
hpin:transformer_core_top/u_datapath/u_tr_array/u_shared_rom/mux_exp_lut[a_idx[7]]_24_22/in_1[1] 	 (fanout : 1)
hpin:transformer_core_top/u_datapath/u_tr_array/u_shared_rom/mux_exp_lut[a_idx[7]]_24_22/in_1[0] 	 (fanout : 1)
hpin:transformer_core_top/u_datapath/u_tr_array/u_shared_rom/mux_exp_lut[a_idx[7]]_24_22/in_2[6] 	 (fanout : 1)
hpin:transformer_core_top/u_datapath/u_tr_array/u_shared_rom/mux_exp_lut[a_idx[7]]_24_22/in_2[5] 	 (fanout : 1)
hpin:transformer_core_top/u_datapath/u_tr_array/u_shared_rom/mux_exp_lut[a_idx[7]]_24_22/in_2[4] 	 (fanout : 1)
hpin:transformer_core_top/u_datapath/u_tr_array/u_shared_rom/mux_exp_lut[a_idx[7]]_24_22/in_2[3] 	 (fanout : 1)
hpin:transformer_core_top/u_datapath/u_tr_array/u_shared_rom/mux_exp_lut[a_idx[7]]_24_22/in_2[2] 	 (fanout : 1)
hpin:transformer_core_top/u_datapath/u_tr_array/u_shared_rom/mux_exp_lut[a_idx[7]]_24_22/in_2[1] 	 (fanout : 1)
hpin:transformer_core_top/u_datapath/u_tr_array/u_shared_rom/mux_exp_lut[a_idx[7]]_24_22/in_2[0] 	 (fanout : 1)
hpin:transformer_core_top/u_datapath/u_tr_array/u_shared_rom/mux_exp_lut[a_idx[7]]_24_22/in_3[6] 	 (fanout : 1)
hpin:transformer_core_top/u_datapath/u_tr_array/u_shared_rom/mux_exp_lut[a_idx[7]]_24_22/in_3[5] 	 (fanout : 1)
hpin:transformer_core_top/u_datapath/u_tr_array/u_shared_rom/mux_exp_lut[a_idx[7]]_24_22/in_3[4] 	 (fanout : 1)
hpin:transformer_core_top/u_datapath/u_tr_array/u_shared_rom/mux_exp_lut[a_idx[7]]_24_22/in_3[3] 	 (fanout : 1)
hpin:transformer_core_top/u_datapath/u_tr_array/u_shared_rom/mux_exp_lut[a_idx[7]]_24_22/in_3[2] 	 (fanout : 1)
hpin:transformer_core_top/u_datapath/u_tr_array/u_shared_rom/mux_exp_lut[a_idx[7]]_24_22/in_3[1] 	 (fanout : 1)
hpin:transformer_core_top/u_datapath/u_tr_array/u_shared_rom/mux_exp_lut[a_idx[7]]_24_22/in_3[0] 	 (fanout : 1)
hpin:transformer_core_top/u_datapath/u_tr_array/u_shared_rom/mux_exp_lut[a_idx[7]]_24_22/in_4[6] 	 (fanout : 1)
hpin:transformer_core_top/u_datapath/u_tr_array/u_shared_rom/mux_exp_lut[a_idx[7]]_24_22/in_4[5] 	 (fanout : 1)
hpin:transformer_core_top/u_datapath/u_tr_array/u_shared_rom/mux_exp_lut[a_idx[7]]_24_22/in_4[4] 	 (fanout : 1)
hpin:transformer_core_top/u_datapath/u_tr_array/u_shared_rom/mux_exp_lut[a_idx[7]]_24_22/in_4[3] 	 (fanout : 1)
hpin:transformer_core_top/u_datapath/u_tr_array/u_shared_rom/mux_exp_lut[a_idx[7]]_24_22/in_4[2] 	 (fanout : 1)
hpin:transformer_core_top/u_datapath/u_tr_array/u_shared_rom/mux_exp_lut[a_idx[7]]_24_22/in_4[1] 	 (fanout : 1)
hpin:transformer_core_top/u_datapath/u_tr_array/u_shared_rom/mux_exp_lut[a_idx[7]]_24_22/in_4[0] 	 (fanout : 1)
hpin:transformer_core_top/u_datapath/u_tr_array/u_shared_rom/mux_exp_lut[a_idx[7]]_24_22/in_5[6] 	 (fanout : 1)
hpin:transformer_core_top/u_datapath/u_tr_array/u_shared_rom/mux_exp_lut[a_idx[7]]_24_22/in_5[5] 	 (fanout : 1)
hpin:transformer_core_top/u_datapath/u_tr_array/u_shared_rom/mux_exp_lut[a_idx[7]]_24_22/in_5[4] 	 (fanout : 1)
hpin:transformer_core_top/u_datapath/u_tr_array/u_shared_rom/mux_exp_lut[a_idx[7]]_24_22/in_5[3] 	 (fanout : 1)
hpin:transformer_core_top/u_datapath/u_tr_array/u_shared_rom/mux_exp_lut[a_idx[7]]_24_22/in_5[2] 	 (fanout : 1)
hpin:transformer_core_top/u_datapath/u_tr_array/u_shared_rom/mux_exp_lut[a_idx[7]]_24_22/in_5[1] 	 (fanout : 1)
hpin:transformer_core_top/u_datapath/u_tr_array/u_shared_rom/mux_exp_lut[a_idx[7]]_24_22/in_5[0] 	 (fanout : 1)
hpin:transformer_core_top/u_datapath/u_tr_array/u_shared_rom/mux_exp_lut[a_idx[7]]_24_22/in_6[6] 	 (fanout : 1)
hpin:transformer_core_top/u_datapath/u_tr_array/u_shared_rom/mux_exp_lut[a_idx[7]]_24_22/in_6[5] 	 (fanout : 1)
hpin:transformer_core_top/u_datapath/u_tr_array/u_shared_rom/mux_exp_lut[a_idx[7]]_24_22/in_6[4] 	 (fanout : 1)
hpin:transformer_core_top/u_datapath/u_tr_array/u_shared_rom/mux_exp_lut[a_idx[7]]_24_22/in_6[3] 	 (fanout : 1)
hpin:transformer_core_top/u_datapath/u_tr_array/u_shared_rom/mux_exp_lut[a_idx[7]]_24_22/in_6[2] 	 (fanout : 1)
hpin:transformer_core_top/u_datapath/u_tr_array/u_shared_rom/mux_exp_lut[a_idx[7]]_24_22/in_6[1] 	 (fanout : 1)
hpin:transformer_core_top/u_datapath/u_tr_array/u_shared_rom/mux_exp_lut[a_idx[7]]_24_22/in_6[0] 	 (fanout : 1)
hpin:transformer_core_top/u_datapath/u_tr_array/u_shared_rom/mux_exp_lut[a_idx[7]]_24_22/in_7[6] 	 (fanout : 1)
hpin:transformer_core_top/u_datapath/u_tr_array/u_shared_rom/mux_exp_lut[a_idx[7]]_24_22/in_7[5] 	 (fanout : 1)
hpin:transformer_core_top/u_datapath/u_tr_array/u_shared_rom/mux_exp_lut[a_idx[7]]_24_22/in_7[4] 	 (fanout : 1)
hpin:transformer_core_top/u_datapath/u_tr_array/u_shared_rom/mux_exp_lut[a_idx[7]]_24_22/in_7[3] 	 (fanout : 1)
hpin:transformer_core_top/u_datapath/u_tr_array/u_shared_rom/mux_exp_lut[a_idx[7]]_24_22/in_7[2] 	 (fanout : 1)
hpin:transformer_core_top/u_datapath/u_tr_array/u_shared_rom/mux_exp_lut[a_idx[7]]_24_22/in_7[1] 	 (fanout : 1)
hpin:transformer_core_top/u_datapath/u_tr_array/u_shared_rom/mux_exp_lut[a_idx[7]]_24_22/in_7[0] 	 (fanout : 1)
hpin:transformer_core_top/u_datapath/u_tr_array/u_ln_0_20b/add_52_26/A[9] 	 (fanout : 9)
hpin:transformer_core_top/u_datapath/u_tr_array/u_ln_0_20b/add_52_26/B[7] 	 (fanout : 2)
hpin:transformer_core_top/u_datapath/u_tr_array/u_ln_0_20b/add_52_26/B[6] 	 (fanout : 2)
hpin:transformer_core_top/u_datapath/u_tr_array/u_ln_0_20b/add_52_26/B[5] 	 (fanout : 2)
hpin:transformer_core_top/u_datapath/u_tr_array/u_ln_0_20b/add_52_26/B[4] 	 (fanout : 2)
hpin:transformer_core_top/u_datapath/u_tr_array/u_ln_0_20b/add_52_26/B[3] 	 (fanout : 2)
hpin:transformer_core_top/u_datapath/u_tr_array/u_ln_0_20b/add_52_26/B[2] 	 (fanout : 2)
hpin:transformer_core_top/u_datapath/u_tr_array/u_ln_0_20b/add_52_26/B[1] 	 (fanout : 2)
hpin:transformer_core_top/u_datapath/u_tr_array/u_ln_0_20b/add_52_26/B[0] 	 (fanout : 2)
hpin:transformer_core_top/u_datapath/u_tr_array/u_ln_0_20b/sub_38_41/A[4] 	 (fanout : 2)
hpin:transformer_core_top/u_datapath/u_tr_array/u_ln_0_20b/sub_38_41/A[3] 	 (fanout : 2)
hpin:transformer_core_top/u_datapath/u_tr_array/u_ln_0_20b/sub_38_41/A[2] 	 (fanout : 2)
hpin:transformer_core_top/u_datapath/u_tr_array/u_ln_0_20b/sub_38_41/A[1] 	 (fanout : 2)
hpin:transformer_core_top/u_datapath/u_tr_array/u_ln_0_20b/sub_38_41/A[0] 	 (fanout : 2)
hpin:transformer_core_top/u_datapath/u_tr_array/u_ln_0_20b/add0011768/B[5] 	 (fanout : 1)
hpin:transformer_core_top/u_datapath/u_tr_array/u_ln_0_20b/add0011768/B[4] 	 (fanout : 2)
hpin:transformer_core_top/u_datapath/u_tr_array/u_ln_0_20b/add0011768/B[3] 	 (fanout : 2)
hpin:transformer_core_top/u_datapath/u_tr_array/u_ln_0_20b/add0011768/B[2] 	 (fanout : 2)
hpin:transformer_core_top/u_datapath/u_tr_array/u_ln_0_20b/add0011768/B[1] 	 (fanout : 2)
hpin:transformer_core_top/u_datapath/u_tr_array/u_ln_0_20b/add0011768/B[0] 	 (fanout : 2)
hpin:transformer_core_top/u_datapath/u_tr_array/u_ln_0_20b/mux_msb_32_17/in_0[4] 	 (fanout : 1)
hpin:transformer_core_top/u_datapath/u_tr_array/u_ln_0_20b/mux_msb_32_17/in_0[3] 	 (fanout : 1)
hpin:transformer_core_top/u_datapath/u_tr_array/u_ln_0_20b/mux_msb_32_17/in_0[2] 	 (fanout : 1)
hpin:transformer_core_top/u_datapath/u_tr_array/u_ln_0_20b/mux_msb_32_17/in_0[1] 	 (fanout : 1)
hpin:transformer_core_top/u_datapath/u_tr_array/u_ln_0_20b/mux_msb_32_17/in_0[0] 	 (fanout : 1)
hpin:transformer_core_top/u_datapath/u_tr_array/u_ln_0_20b/mux_msb_32_17/in_1[4] 	 (fanout : 1)
hpin:transformer_core_top/u_datapath/u_tr_array/u_ln_0_20b/mux_msb_32_17/in_1[3] 	 (fanout : 1)
hpin:transformer_core_top/u_datapath/u_tr_array/u_ln_0_20b/mux_msb_32_17/in_1[2] 	 (fanout : 1)
hpin:transformer_core_top/u_datapath/u_tr_array/u_ln_0_20b/mux_msb_32_17/in_1[1] 	 (fanout : 1)
hpin:transformer_core_top/u_datapath/u_tr_array/u_ln_0_20b/mux_msb_32_17/in_1[0] 	 (fanout : 1)
hpin:transformer_core_top/u_datapath/u_tr_array/u_ln_0_20b/mux_msb_32_17/in_2[4] 	 (fanout : 1)
hpin:transformer_core_top/u_datapath/u_tr_array/u_ln_0_20b/mux_msb_32_17/in_2[3] 	 (fanout : 1)
hpin:transformer_core_top/u_datapath/u_tr_array/u_ln_0_20b/mux_msb_32_17/in_2[2] 	 (fanout : 1)
hpin:transformer_core_top/u_datapath/u_tr_array/u_ln_0_20b/mux_msb_32_17/in_2[1] 	 (fanout : 1)
hpin:transformer_core_top/u_datapath/u_tr_array/u_ln_0_20b/mux_msb_32_17/in_2[0] 	 (fanout : 1)
hpin:transformer_core_top/u_datapath/u_tr_array/u_ln_0_20b/mux_msb_32_17/in_3[4] 	 (fanout : 1)
hpin:transformer_core_top/u_datapath/u_tr_array/u_ln_0_20b/mux_msb_32_17/in_3[3] 	 (fanout : 1)
hpin:transformer_core_top/u_datapath/u_tr_array/u_ln_0_20b/mux_msb_32_17/in_3[2] 	 (fanout : 1)
hpin:transformer_core_top/u_datapath/u_tr_array/u_ln_0_20b/mux_msb_32_17/in_3[1] 	 (fanout : 1)
hpin:transformer_core_top/u_datapath/u_tr_array/u_ln_0_20b/mux_msb_32_17/in_3[0] 	 (fanout : 1)
hpin:transformer_core_top/u_datapath/u_tr_array/u_ln_0_20b/mux_msb_32_17/in_4[4] 	 (fanout : 1)
hpin:transformer_core_top/u_datapath/u_tr_array/u_ln_0_20b/mux_msb_32_17/in_4[3] 	 (fanout : 1)
hpin:transformer_core_top/u_datapath/u_tr_array/u_ln_0_20b/mux_msb_32_17/in_4[2] 	 (fanout : 1)
hpin:transformer_core_top/u_datapath/u_tr_array/u_ln_0_20b/mux_msb_32_17/in_4[1] 	 (fanout : 1)
hpin:transformer_core_top/u_datapath/u_tr_array/u_ln_0_20b/mux_msb_32_17/in_4[0] 	 (fanout : 1)
hpin:transformer_core_top/u_datapath/u_tr_array/u_ln_0_20b/mux_msb_32_17/in_5[4] 	 (fanout : 1)
hpin:transformer_core_top/u_datapath/u_tr_array/u_ln_0_20b/mux_msb_32_17/in_5[3] 	 (fanout : 1)
hpin:transformer_core_top/u_datapath/u_tr_array/u_ln_0_20b/mux_msb_32_17/in_5[2] 	 (fanout : 1)
hpin:transformer_core_top/u_datapath/u_tr_array/u_ln_0_20b/mux_msb_32_17/in_5[1] 	 (fanout : 1)
hpin:transformer_core_top/u_datapath/u_tr_array/u_ln_0_20b/mux_msb_32_17/in_5[0] 	 (fanout : 1)
hpin:transformer_core_top/u_datapath/u_tr_array/u_ln_0_20b/mux_msb_32_17/in_6[4] 	 (fanout : 1)
hpin:transformer_core_top/u_datapath/u_tr_array/u_ln_0_20b/mux_msb_32_17/in_6[3] 	 (fanout : 1)
hpin:transformer_core_top/u_datapath/u_tr_array/u_ln_0_20b/mux_msb_32_17/in_6[2] 	 (fanout : 1)
hpin:transformer_core_top/u_datapath/u_tr_array/u_ln_0_20b/mux_msb_32_17/in_6[1] 	 (fanout : 1)
hpin:transformer_core_top/u_datapath/u_tr_array/u_ln_0_20b/mux_msb_32_17/in_6[0] 	 (fanout : 1)
hpin:transformer_core_top/u_datapath/u_tr_array/u_ln_0_20b/mux_msb_32_17/in_7[4] 	 (fanout : 1)
hpin:transformer_core_top/u_datapath/u_tr_array/u_ln_0_20b/mux_msb_32_17/in_7[3] 	 (fanout : 1)
hpin:transformer_core_top/u_datapath/u_tr_array/u_ln_0_20b/mux_msb_32_17/in_7[2] 	 (fanout : 1)
hpin:transformer_core_top/u_datapath/u_tr_array/u_ln_0_20b/mux_msb_32_17/in_7[1] 	 (fanout : 1)
hpin:transformer_core_top/u_datapath/u_tr_array/u_ln_0_20b/mux_msb_32_17/in_7[0] 	 (fanout : 1)
hpin:transformer_core_top/u_datapath/u_tr_array/u_ln_0_20b/mux_msb_32_17/in_8[4] 	 (fanout : 1)
hpin:transformer_core_top/u_datapath/u_tr_array/u_ln_0_20b/mux_msb_32_17/in_8[3] 	 (fanout : 1)
hpin:transformer_core_top/u_datapath/u_tr_array/u_ln_0_20b/mux_msb_32_17/in_8[2] 	 (fanout : 1)
hpin:transformer_core_top/u_datapath/u_tr_array/u_ln_0_20b/mux_msb_32_17/in_8[1] 	 (fanout : 1)
hpin:transformer_core_top/u_datapath/u_tr_array/u_ln_0_20b/mux_msb_32_17/in_8[0] 	 (fanout : 1)
hpin:transformer_core_top/u_datapath/u_tr_array/u_ln_0_20b/mux_msb_32_17/in_9[4] 	 (fanout : 1)
hpin:transformer_core_top/u_datapath/u_tr_array/u_ln_0_20b/mux_msb_32_17/in_9[3] 	 (fanout : 1)
hpin:transformer_core_top/u_datapath/u_tr_array/u_ln_0_20b/mux_msb_32_17/in_9[2] 	 (fanout : 1)
hpin:transformer_core_top/u_datapath/u_tr_array/u_ln_0_20b/mux_msb_32_17/in_9[1] 	 (fanout : 1)
hpin:transformer_core_top/u_datapath/u_tr_array/u_ln_0_20b/mux_msb_32_17/in_9[0] 	 (fanout : 1)
hpin:transformer_core_top/u_datapath/u_tr_array/u_ln_0_20b/mux_msb_32_17/in_10[4] 	 (fanout : 1)
hpin:transformer_core_top/u_datapath/u_tr_array/u_ln_0_20b/mux_msb_32_17/in_10[3] 	 (fanout : 1)
hpin:transformer_core_top/u_datapath/u_tr_array/u_ln_0_20b/mux_msb_32_17/in_10[2] 	 (fanout : 1)
hpin:transformer_core_top/u_datapath/u_tr_array/u_ln_0_20b/mux_msb_32_17/in_10[1] 	 (fanout : 1)
hpin:transformer_core_top/u_datapath/u_tr_array/u_ln_0_20b/mux_msb_32_17/in_10[0] 	 (fanout : 1)
hpin:transformer_core_top/u_datapath/u_tr_array/u_ln_0_20b/mux_msb_32_17/in_11[4] 	 (fanout : 1)
hpin:transformer_core_top/u_datapath/u_tr_array/u_ln_0_20b/mux_msb_32_17/in_11[3] 	 (fanout : 1)
hpin:transformer_core_top/u_datapath/u_tr_array/u_ln_0_20b/mux_msb_32_17/in_11[2] 	 (fanout : 1)
hpin:transformer_core_top/u_datapath/u_tr_array/u_ln_0_20b/mux_msb_32_17/in_11[1] 	 (fanout : 1)
hpin:transformer_core_top/u_datapath/u_tr_array/u_ln_0_20b/mux_msb_32_17/in_11[0] 	 (fanout : 1)
hpin:transformer_core_top/u_datapath/u_tr_array/u_ln_0_20b/mux_msb_32_17/in_12[4] 	 (fanout : 1)
hpin:transformer_core_top/u_datapath/u_tr_array/u_ln_0_20b/mux_msb_32_17/in_12[3] 	 (fanout : 1)
hpin:transformer_core_top/u_datapath/u_tr_array/u_ln_0_20b/mux_msb_32_17/in_12[2] 	 (fanout : 1)
hpin:transformer_core_top/u_datapath/u_tr_array/u_ln_0_20b/mux_msb_32_17/in_12[1] 	 (fanout : 1)
hpin:transformer_core_top/u_datapath/u_tr_array/u_ln_0_20b/mux_msb_32_17/in_12[0] 	 (fanout : 1)
hpin:transformer_core_top/u_datapath/u_tr_array/u_ln_0_20b/mux_msb_32_17/in_13[4] 	 (fanout : 1)
hpin:transformer_core_top/u_datapath/u_tr_array/u_ln_0_20b/mux_msb_32_17/in_13[3] 	 (fanout : 1)
hpin:transformer_core_top/u_datapath/u_tr_array/u_ln_0_20b/mux_msb_32_17/in_13[2] 	 (fanout : 1)
hpin:transformer_core_top/u_datapath/u_tr_array/u_ln_0_20b/mux_msb_32_17/in_13[1] 	 (fanout : 1)
hpin:transformer_core_top/u_datapath/u_tr_array/u_ln_0_20b/mux_msb_32_17/in_13[0] 	 (fanout : 1)
hpin:transformer_core_top/u_datapath/u_tr_array/u_ln_0_20b/mux_msb_32_17/in_14[4] 	 (fanout : 1)
hpin:transformer_core_top/u_datapath/u_tr_array/u_ln_0_20b/mux_msb_32_17/in_14[3] 	 (fanout : 1)
hpin:transformer_core_top/u_datapath/u_tr_array/u_ln_0_20b/mux_msb_32_17/in_14[2] 	 (fanout : 1)
hpin:transformer_core_top/u_datapath/u_tr_array/u_ln_0_20b/mux_msb_32_17/in_14[1] 	 (fanout : 1)
hpin:transformer_core_top/u_datapath/u_tr_array/u_ln_0_20b/mux_msb_32_17/in_14[0] 	 (fanout : 1)
hpin:transformer_core_top/u_datapath/u_tr_array/u_ln_0_20b/mux_msb_32_17/in_15[4] 	 (fanout : 1)
hpin:transformer_core_top/u_datapath/u_tr_array/u_ln_0_20b/mux_msb_32_17/in_15[3] 	 (fanout : 1)
hpin:transformer_core_top/u_datapath/u_tr_array/u_ln_0_20b/mux_msb_32_17/in_15[2] 	 (fanout : 1)
hpin:transformer_core_top/u_datapath/u_tr_array/u_ln_0_20b/mux_msb_32_17/in_15[1] 	 (fanout : 1)
hpin:transformer_core_top/u_datapath/u_tr_array/u_ln_0_20b/mux_msb_32_17/in_15[0] 	 (fanout : 1)
hpin:transformer_core_top/u_datapath/u_tr_array/u_ln_0_20b/mux_msb_32_17/in_16[4] 	 (fanout : 1)
hpin:transformer_core_top/u_datapath/u_tr_array/u_ln_0_20b/mux_msb_32_17/in_16[3] 	 (fanout : 1)
hpin:transformer_core_top/u_datapath/u_tr_array/u_ln_0_20b/mux_msb_32_17/in_16[2] 	 (fanout : 1)
hpin:transformer_core_top/u_datapath/u_tr_array/u_ln_0_20b/mux_msb_32_17/in_16[1] 	 (fanout : 1)
hpin:transformer_core_top/u_datapath/u_tr_array/u_ln_0_20b/mux_msb_32_17/in_16[0] 	 (fanout : 1)
hpin:transformer_core_top/u_datapath/u_tr_array/u_ln_0_20b/mux_msb_32_17/in_17[4] 	 (fanout : 1)
hpin:transformer_core_top/u_datapath/u_tr_array/u_ln_0_20b/mux_msb_32_17/in_17[3] 	 (fanout : 1)
hpin:transformer_core_top/u_datapath/u_tr_array/u_ln_0_20b/mux_msb_32_17/in_17[2] 	 (fanout : 1)
hpin:transformer_core_top/u_datapath/u_tr_array/u_ln_0_20b/mux_msb_32_17/in_17[1] 	 (fanout : 1)
hpin:transformer_core_top/u_datapath/u_tr_array/u_ln_0_20b/mux_msb_32_17/in_17[0] 	 (fanout : 1)
hpin:transformer_core_top/u_datapath/u_tr_array/u_ln_0_20b/mux_msb_32_17/in_18[4] 	 (fanout : 1)
hpin:transformer_core_top/u_datapath/u_tr_array/u_ln_0_20b/mux_msb_32_17/in_18[3] 	 (fanout : 1)
hpin:transformer_core_top/u_datapath/u_tr_array/u_ln_0_20b/mux_msb_32_17/in_18[2] 	 (fanout : 1)
hpin:transformer_core_top/u_datapath/u_tr_array/u_ln_0_20b/mux_msb_32_17/in_18[1] 	 (fanout : 1)
hpin:transformer_core_top/u_datapath/u_tr_array/u_ln_0_20b/mux_msb_32_17/in_18[0] 	 (fanout : 1)
hpin:transformer_core_top/u_datapath/u_tr_array/u_ln_0_20b/mux_msb_32_17/in_19[4] 	 (fanout : 1)
hpin:transformer_core_top/u_datapath/u_tr_array/u_ln_0_20b/mux_msb_32_17/in_19[3] 	 (fanout : 1)
hpin:transformer_core_top/u_datapath/u_tr_array/u_ln_0_20b/mux_msb_32_17/in_19[2] 	 (fanout : 1)
hpin:transformer_core_top/u_datapath/u_tr_array/u_ln_0_20b/mux_msb_32_17/in_19[1] 	 (fanout : 1)
hpin:transformer_core_top/u_datapath/u_tr_array/u_ln_0_20b/mux_msb_32_17/in_19[0] 	 (fanout : 1)
hpin:transformer_core_top/u_datapath/u_tr_array/u_ln_0_20b/mux_msb_32_17/in_20[4] 	 (fanout : 1)
hpin:transformer_core_top/u_datapath/u_tr_array/u_ln_0_20b/mux_msb_32_17/in_20[3] 	 (fanout : 1)
hpin:transformer_core_top/u_datapath/u_tr_array/u_ln_0_20b/mux_msb_32_17/in_20[2] 	 (fanout : 1)
hpin:transformer_core_top/u_datapath/u_tr_array/u_ln_0_20b/mux_msb_32_17/in_20[1] 	 (fanout : 1)
hpin:transformer_core_top/u_datapath/u_tr_array/u_ln_0_20b/mux_msb_32_17/in_20[0] 	 (fanout : 1)
hpin:transformer_core_top/u_datapath/u_tr_array/u_ln_0_20b/mux_38_27/in_1[8] 	 (fanout : 1)
hpin:transformer_core_top/u_datapath/u_tr_array/u_ln_0_20b/mux_38_27/in_1[7] 	 (fanout : 1)
hpin:transformer_core_top/u_datapath/u_tr_array/u_ln_0_20b/mux_38_27/in_1[6] 	 (fanout : 1)
hpin:transformer_core_top/u_datapath/u_tr_array/u_ln_0_20b/mux_38_27/in_1[5] 	 (fanout : 1)
hpin:transformer_core_top/u_datapath/u_tr_array/u_ln_0_20b/mux_38_27/in_1[4] 	 (fanout : 1)
hpin:transformer_core_top/u_datapath/u_tr_array/u_ln_0_20b/mux_38_27/in_1[3] 	 (fanout : 1)
hpin:transformer_core_top/u_datapath/u_tr_array/u_ln_0_20b/mux_38_27/in_1[2] 	 (fanout : 1)
hpin:transformer_core_top/u_datapath/u_tr_array/u_ln_0_20b/mux_38_27/in_1[1] 	 (fanout : 1)
hpin:transformer_core_top/u_datapath/u_tr_array/u_ln_0_20b/mux_38_27/in_1[0] 	 (fanout : 1)
hpin:transformer_core_top/u_datapath/u_tr_array/u_lut_20b/mux_e_a_9_15/in_0[17] 	 (fanout : 1)
hpin:transformer_core_top/u_datapath/u_tr_array/u_lut_20b/mux_e_a_9_15/in_0[16] 	 (fanout : 1)
hpin:transformer_core_top/u_datapath/u_tr_array/u_lut_20b/mux_e_a_9_15/in_0[15] 	 (fanout : 1)
hpin:transformer_core_top/u_datapath/u_tr_array/u_lut_20b/mux_e_a_9_15/in_0[14] 	 (fanout : 1)
hpin:transformer_core_top/u_datapath/u_tr_array/u_lut_20b/mux_e_a_9_15/in_0[13] 	 (fanout : 1)
hpin:transformer_core_top/u_datapath/u_tr_array/u_lut_20b/mux_e_a_9_15/in_0[12] 	 (fanout : 1)
hpin:transformer_core_top/u_datapath/u_tr_array/u_lut_20b/mux_e_a_9_15/in_0[11] 	 (fanout : 1)
hpin:transformer_core_top/u_datapath/u_tr_array/u_lut_20b/mux_e_a_9_15/in_0[10] 	 (fanout : 1)
hpin:transformer_core_top/u_datapath/u_tr_array/u_lut_20b/mux_e_a_9_15/in_0[9] 	 (fanout : 1)
hpin:transformer_core_top/u_datapath/u_tr_array/u_lut_20b/mux_e_a_9_15/in_0[8] 	 (fanout : 1)
hpin:transformer_core_top/u_datapath/u_tr_array/u_lut_20b/mux_e_a_9_15/in_0[7] 	 (fanout : 1)
hpin:transformer_core_top/u_datapath/u_tr_array/u_lut_20b/mux_e_a_9_15/in_0[6] 	 (fanout : 1)
hpin:transformer_core_top/u_datapath/u_tr_array/u_lut_20b/mux_e_a_9_15/in_0[5] 	 (fanout : 1)
hpin:transformer_core_top/u_datapath/u_tr_array/u_lut_20b/mux_e_a_9_15/in_0[4] 	 (fanout : 1)
hpin:transformer_core_top/u_datapath/u_tr_array/u_lut_20b/mux_e_a_9_15/in_0[3] 	 (fanout : 1)
hpin:transformer_core_top/u_datapath/u_tr_array/u_lut_20b/mux_e_a_9_15/in_0[2] 	 (fanout : 1)
hpin:transformer_core_top/u_datapath/u_tr_array/u_lut_20b/mux_e_a_9_15/in_0[1] 	 (fanout : 1)
hpin:transformer_core_top/u_datapath/u_tr_array/u_lut_20b/mux_e_a_9_15/in_0[0] 	 (fanout : 1)
hpin:transformer_core_top/u_datapath/u_tr_array/u_lut_20b/mux_e_a_9_15/in_1[17] 	 (fanout : 1)
hpin:transformer_core_top/u_datapath/u_tr_array/u_lut_20b/mux_e_a_9_15/in_1[16] 	 (fanout : 1)
hpin:transformer_core_top/u_datapath/u_tr_array/u_lut_20b/mux_e_a_9_15/in_1[15] 	 (fanout : 1)
hpin:transformer_core_top/u_datapath/u_tr_array/u_lut_20b/mux_e_a_9_15/in_1[14] 	 (fanout : 1)
hpin:transformer_core_top/u_datapath/u_tr_array/u_lut_20b/mux_e_a_9_15/in_1[13] 	 (fanout : 1)
hpin:transformer_core_top/u_datapath/u_tr_array/u_lut_20b/mux_e_a_9_15/in_1[12] 	 (fanout : 1)
hpin:transformer_core_top/u_datapath/u_tr_array/u_lut_20b/mux_e_a_9_15/in_1[11] 	 (fanout : 1)
hpin:transformer_core_top/u_datapath/u_tr_array/u_lut_20b/mux_e_a_9_15/in_1[10] 	 (fanout : 1)
hpin:transformer_core_top/u_datapath/u_tr_array/u_lut_20b/mux_e_a_9_15/in_1[9] 	 (fanout : 1)
hpin:transformer_core_top/u_datapath/u_tr_array/u_lut_20b/mux_e_a_9_15/in_1[8] 	 (fanout : 1)
hpin:transformer_core_top/u_datapath/u_tr_array/u_lut_20b/mux_e_a_9_15/in_1[7] 	 (fanout : 1)
hpin:transformer_core_top/u_datapath/u_tr_array/u_lut_20b/mux_e_a_9_15/in_1[6] 	 (fanout : 1)
hpin:transformer_core_top/u_datapath/u_tr_array/u_lut_20b/mux_e_a_9_15/in_1[5] 	 (fanout : 1)
hpin:transformer_core_top/u_datapath/u_tr_array/u_lut_20b/mux_e_a_9_15/in_1[4] 	 (fanout : 1)
hpin:transformer_core_top/u_datapath/u_tr_array/u_lut_20b/mux_e_a_9_15/in_1[3] 	 (fanout : 1)
hpin:transformer_core_top/u_datapath/u_tr_array/u_lut_20b/mux_e_a_9_15/in_1[2] 	 (fanout : 1)
hpin:transformer_core_top/u_datapath/u_tr_array/u_lut_20b/mux_e_a_9_15/in_1[1] 	 (fanout : 1)
hpin:transformer_core_top/u_datapath/u_tr_array/u_lut_20b/mux_e_a_9_15/in_1[0] 	 (fanout : 1)
hpin:transformer_core_top/u_datapath/u_tr_array/u_lut_20b/mux_e_a_9_15/in_2[17] 	 (fanout : 1)
hpin:transformer_core_top/u_datapath/u_tr_array/u_lut_20b/mux_e_a_9_15/in_2[16] 	 (fanout : 1)
hpin:transformer_core_top/u_datapath/u_tr_array/u_lut_20b/mux_e_a_9_15/in_2[15] 	 (fanout : 1)
hpin:transformer_core_top/u_datapath/u_tr_array/u_lut_20b/mux_e_a_9_15/in_2[14] 	 (fanout : 1)
hpin:transformer_core_top/u_datapath/u_tr_array/u_lut_20b/mux_e_a_9_15/in_2[13] 	 (fanout : 1)
hpin:transformer_core_top/u_datapath/u_tr_array/u_lut_20b/mux_e_a_9_15/in_2[12] 	 (fanout : 1)
hpin:transformer_core_top/u_datapath/u_tr_array/u_lut_20b/mux_e_a_9_15/in_2[11] 	 (fanout : 1)
hpin:transformer_core_top/u_datapath/u_tr_array/u_lut_20b/mux_e_a_9_15/in_2[10] 	 (fanout : 1)
hpin:transformer_core_top/u_datapath/u_tr_array/u_lut_20b/mux_e_a_9_15/in_2[9] 	 (fanout : 1)
hpin:transformer_core_top/u_datapath/u_tr_array/u_lut_20b/mux_e_a_9_15/in_2[8] 	 (fanout : 1)
hpin:transformer_core_top/u_datapath/u_tr_array/u_lut_20b/mux_e_a_9_15/in_2[7] 	 (fanout : 1)
hpin:transformer_core_top/u_datapath/u_tr_array/u_lut_20b/mux_e_a_9_15/in_2[6] 	 (fanout : 1)
hpin:transformer_core_top/u_datapath/u_tr_array/u_lut_20b/mux_e_a_9_15/in_2[5] 	 (fanout : 1)
hpin:transformer_core_top/u_datapath/u_tr_array/u_lut_20b/mux_e_a_9_15/in_2[4] 	 (fanout : 1)
hpin:transformer_core_top/u_datapath/u_tr_array/u_lut_20b/mux_e_a_9_15/in_2[3] 	 (fanout : 1)
hpin:transformer_core_top/u_datapath/u_tr_array/u_lut_20b/mux_e_a_9_15/in_2[2] 	 (fanout : 1)
hpin:transformer_core_top/u_datapath/u_tr_array/u_lut_20b/mux_e_a_9_15/in_2[1] 	 (fanout : 1)
hpin:transformer_core_top/u_datapath/u_tr_array/u_lut_20b/mux_e_a_9_15/in_2[0] 	 (fanout : 1)
hpin:transformer_core_top/u_datapath/u_tr_array/u_lut_20b/mux_e_a_9_15/in_3[17] 	 (fanout : 1)
hpin:transformer_core_top/u_datapath/u_tr_array/u_lut_20b/mux_e_a_9_15/in_3[16] 	 (fanout : 1)
hpin:transformer_core_top/u_datapath/u_tr_array/u_lut_20b/mux_e_a_9_15/in_3[15] 	 (fanout : 1)
hpin:transformer_core_top/u_datapath/u_tr_array/u_lut_20b/mux_e_a_9_15/in_3[14] 	 (fanout : 1)
hpin:transformer_core_top/u_datapath/u_tr_array/u_lut_20b/mux_e_a_9_15/in_3[13] 	 (fanout : 1)
hpin:transformer_core_top/u_datapath/u_tr_array/u_lut_20b/mux_e_a_9_15/in_3[12] 	 (fanout : 1)
hpin:transformer_core_top/u_datapath/u_tr_array/u_lut_20b/mux_e_a_9_15/in_3[11] 	 (fanout : 1)
hpin:transformer_core_top/u_datapath/u_tr_array/u_lut_20b/mux_e_a_9_15/in_3[10] 	 (fanout : 1)
hpin:transformer_core_top/u_datapath/u_tr_array/u_lut_20b/mux_e_a_9_15/in_3[9] 	 (fanout : 1)
hpin:transformer_core_top/u_datapath/u_tr_array/u_lut_20b/mux_e_a_9_15/in_3[8] 	 (fanout : 1)
hpin:transformer_core_top/u_datapath/u_tr_array/u_lut_20b/mux_e_a_9_15/in_3[7] 	 (fanout : 1)
hpin:transformer_core_top/u_datapath/u_tr_array/u_lut_20b/mux_e_a_9_15/in_3[6] 	 (fanout : 1)
hpin:transformer_core_top/u_datapath/u_tr_array/u_lut_20b/mux_e_a_9_15/in_3[5] 	 (fanout : 1)
hpin:transformer_core_top/u_datapath/u_tr_array/u_lut_20b/mux_e_a_9_15/in_3[4] 	 (fanout : 1)
hpin:transformer_core_top/u_datapath/u_tr_array/u_lut_20b/mux_e_a_9_15/in_3[3] 	 (fanout : 1)
hpin:transformer_core_top/u_datapath/u_tr_array/u_lut_20b/mux_e_a_9_15/in_3[2] 	 (fanout : 1)
hpin:transformer_core_top/u_datapath/u_tr_array/u_lut_20b/mux_e_a_9_15/in_3[1] 	 (fanout : 1)
hpin:transformer_core_top/u_datapath/u_tr_array/u_lut_20b/mux_e_a_9_15/in_3[0] 	 (fanout : 1)
hpin:transformer_core_top/u_datapath/u_tr_array/u_lut_20b/mux_e_a_9_15/in_4[17] 	 (fanout : 1)
hpin:transformer_core_top/u_datapath/u_tr_array/u_lut_20b/mux_e_a_9_15/in_4[16] 	 (fanout : 1)
hpin:transformer_core_top/u_datapath/u_tr_array/u_lut_20b/mux_e_a_9_15/in_4[15] 	 (fanout : 1)
hpin:transformer_core_top/u_datapath/u_tr_array/u_lut_20b/mux_e_a_9_15/in_4[14] 	 (fanout : 1)
hpin:transformer_core_top/u_datapath/u_tr_array/u_lut_20b/mux_e_a_9_15/in_4[13] 	 (fanout : 1)
hpin:transformer_core_top/u_datapath/u_tr_array/u_lut_20b/mux_e_a_9_15/in_4[12] 	 (fanout : 1)
hpin:transformer_core_top/u_datapath/u_tr_array/u_lut_20b/mux_e_a_9_15/in_4[11] 	 (fanout : 1)
hpin:transformer_core_top/u_datapath/u_tr_array/u_lut_20b/mux_e_a_9_15/in_4[10] 	 (fanout : 1)
hpin:transformer_core_top/u_datapath/u_tr_array/u_lut_20b/mux_e_a_9_15/in_4[9] 	 (fanout : 1)
hpin:transformer_core_top/u_datapath/u_tr_array/u_lut_20b/mux_e_a_9_15/in_4[8] 	 (fanout : 1)
hpin:transformer_core_top/u_datapath/u_tr_array/u_lut_20b/mux_e_a_9_15/in_4[7] 	 (fanout : 1)
hpin:transformer_core_top/u_datapath/u_tr_array/u_lut_20b/mux_e_a_9_15/in_4[6] 	 (fanout : 1)
hpin:transformer_core_top/u_datapath/u_tr_array/u_lut_20b/mux_e_a_9_15/in_4[5] 	 (fanout : 1)
hpin:transformer_core_top/u_datapath/u_tr_array/u_lut_20b/mux_e_a_9_15/in_4[4] 	 (fanout : 1)
hpin:transformer_core_top/u_datapath/u_tr_array/u_lut_20b/mux_e_a_9_15/in_4[3] 	 (fanout : 1)
hpin:transformer_core_top/u_datapath/u_tr_array/u_lut_20b/mux_e_a_9_15/in_4[2] 	 (fanout : 1)
hpin:transformer_core_top/u_datapath/u_tr_array/u_lut_20b/mux_e_a_9_15/in_4[1] 	 (fanout : 1)
hpin:transformer_core_top/u_datapath/u_tr_array/u_lut_20b/mux_e_a_9_15/in_4[0] 	 (fanout : 1)
hpin:transformer_core_top/u_datapath/u_tr_array/u_lut_20b/mux_e_a_9_15/in_5[17] 	 (fanout : 1)
hpin:transformer_core_top/u_datapath/u_tr_array/u_lut_20b/mux_e_a_9_15/in_5[16] 	 (fanout : 1)
hpin:transformer_core_top/u_datapath/u_tr_array/u_lut_20b/mux_e_a_9_15/in_5[15] 	 (fanout : 1)
hpin:transformer_core_top/u_datapath/u_tr_array/u_lut_20b/mux_e_a_9_15/in_5[14] 	 (fanout : 1)
hpin:transformer_core_top/u_datapath/u_tr_array/u_lut_20b/mux_e_a_9_15/in_5[13] 	 (fanout : 1)
hpin:transformer_core_top/u_datapath/u_tr_array/u_lut_20b/mux_e_a_9_15/in_5[12] 	 (fanout : 1)
hpin:transformer_core_top/u_datapath/u_tr_array/u_lut_20b/mux_e_a_9_15/in_5[11] 	 (fanout : 1)
hpin:transformer_core_top/u_datapath/u_tr_array/u_lut_20b/mux_e_a_9_15/in_5[10] 	 (fanout : 1)
hpin:transformer_core_top/u_datapath/u_tr_array/u_lut_20b/mux_e_a_9_15/in_5[9] 	 (fanout : 1)
hpin:transformer_core_top/u_datapath/u_tr_array/u_lut_20b/mux_e_a_9_15/in_5[8] 	 (fanout : 1)
hpin:transformer_core_top/u_datapath/u_tr_array/u_lut_20b/mux_e_a_9_15/in_5[7] 	 (fanout : 1)
hpin:transformer_core_top/u_datapath/u_tr_array/u_lut_20b/mux_e_a_9_15/in_5[6] 	 (fanout : 1)
hpin:transformer_core_top/u_datapath/u_tr_array/u_lut_20b/mux_e_a_9_15/in_5[5] 	 (fanout : 1)
hpin:transformer_core_top/u_datapath/u_tr_array/u_lut_20b/mux_e_a_9_15/in_5[4] 	 (fanout : 1)
hpin:transformer_core_top/u_datapath/u_tr_array/u_lut_20b/mux_e_a_9_15/in_5[3] 	 (fanout : 1)
hpin:transformer_core_top/u_datapath/u_tr_array/u_lut_20b/mux_e_a_9_15/in_5[2] 	 (fanout : 1)
hpin:transformer_core_top/u_datapath/u_tr_array/u_lut_20b/mux_e_a_9_15/in_5[1] 	 (fanout : 1)
hpin:transformer_core_top/u_datapath/u_tr_array/u_lut_20b/mux_e_a_9_15/in_5[0] 	 (fanout : 1)
hpin:transformer_core_top/u_datapath/u_tr_array/u_lut_20b/mux_e_a_9_15/in_6[17] 	 (fanout : 1)
hpin:transformer_core_top/u_datapath/u_tr_array/u_lut_20b/mux_e_a_9_15/in_6[16] 	 (fanout : 1)
hpin:transformer_core_top/u_datapath/u_tr_array/u_lut_20b/mux_e_a_9_15/in_6[15] 	 (fanout : 1)
hpin:transformer_core_top/u_datapath/u_tr_array/u_lut_20b/mux_e_a_9_15/in_6[14] 	 (fanout : 1)
hpin:transformer_core_top/u_datapath/u_tr_array/u_lut_20b/mux_e_a_9_15/in_6[13] 	 (fanout : 1)
hpin:transformer_core_top/u_datapath/u_tr_array/u_lut_20b/mux_e_a_9_15/in_6[12] 	 (fanout : 1)
hpin:transformer_core_top/u_datapath/u_tr_array/u_lut_20b/mux_e_a_9_15/in_6[11] 	 (fanout : 1)
hpin:transformer_core_top/u_datapath/u_tr_array/u_lut_20b/mux_e_a_9_15/in_6[10] 	 (fanout : 1)
hpin:transformer_core_top/u_datapath/u_tr_array/u_lut_20b/mux_e_a_9_15/in_6[9] 	 (fanout : 1)
hpin:transformer_core_top/u_datapath/u_tr_array/u_lut_20b/mux_e_a_9_15/in_6[8] 	 (fanout : 1)
hpin:transformer_core_top/u_datapath/u_tr_array/u_lut_20b/mux_e_a_9_15/in_6[7] 	 (fanout : 1)
hpin:transformer_core_top/u_datapath/u_tr_array/u_lut_20b/mux_e_a_9_15/in_6[6] 	 (fanout : 1)
hpin:transformer_core_top/u_datapath/u_tr_array/u_lut_20b/mux_e_a_9_15/in_6[5] 	 (fanout : 1)
hpin:transformer_core_top/u_datapath/u_tr_array/u_lut_20b/mux_e_a_9_15/in_6[4] 	 (fanout : 1)
hpin:transformer_core_top/u_datapath/u_tr_array/u_lut_20b/mux_e_a_9_15/in_6[3] 	 (fanout : 1)
hpin:transformer_core_top/u_datapath/u_tr_array/u_lut_20b/mux_e_a_9_15/in_6[2] 	 (fanout : 1)
hpin:transformer_core_top/u_datapath/u_tr_array/u_lut_20b/mux_e_a_9_15/in_6[1] 	 (fanout : 1)
hpin:transformer_core_top/u_datapath/u_tr_array/u_lut_20b/mux_e_a_9_15/in_6[0] 	 (fanout : 1)
hpin:transformer_core_top/u_datapath/u_tr_array/u_lut_20b/mux_e_a_9_15/in_7[17] 	 (fanout : 1)
hpin:transformer_core_top/u_datapath/u_tr_array/u_lut_20b/mux_e_a_9_15/in_7[16] 	 (fanout : 1)
hpin:transformer_core_top/u_datapath/u_tr_array/u_lut_20b/mux_e_a_9_15/in_7[15] 	 (fanout : 1)
hpin:transformer_core_top/u_datapath/u_tr_array/u_lut_20b/mux_e_a_9_15/in_7[14] 	 (fanout : 1)
hpin:transformer_core_top/u_datapath/u_tr_array/u_lut_20b/mux_e_a_9_15/in_7[13] 	 (fanout : 1)
hpin:transformer_core_top/u_datapath/u_tr_array/u_lut_20b/mux_e_a_9_15/in_7[12] 	 (fanout : 1)
hpin:transformer_core_top/u_datapath/u_tr_array/u_lut_20b/mux_e_a_9_15/in_7[11] 	 (fanout : 1)
hpin:transformer_core_top/u_datapath/u_tr_array/u_lut_20b/mux_e_a_9_15/in_7[10] 	 (fanout : 1)
hpin:transformer_core_top/u_datapath/u_tr_array/u_lut_20b/mux_e_a_9_15/in_7[9] 	 (fanout : 1)
hpin:transformer_core_top/u_datapath/u_tr_array/u_lut_20b/mux_e_a_9_15/in_7[8] 	 (fanout : 1)
hpin:transformer_core_top/u_datapath/u_tr_array/u_lut_20b/mux_e_a_9_15/in_7[7] 	 (fanout : 1)
hpin:transformer_core_top/u_datapath/u_tr_array/u_lut_20b/mux_e_a_9_15/in_7[6] 	 (fanout : 1)
hpin:transformer_core_top/u_datapath/u_tr_array/u_lut_20b/mux_e_a_9_15/in_7[5] 	 (fanout : 1)
hpin:transformer_core_top/u_datapath/u_tr_array/u_lut_20b/mux_e_a_9_15/in_7[4] 	 (fanout : 1)
hpin:transformer_core_top/u_datapath/u_tr_array/u_lut_20b/mux_e_a_9_15/in_7[3] 	 (fanout : 1)
hpin:transformer_core_top/u_datapath/u_tr_array/u_lut_20b/mux_e_a_9_15/in_7[2] 	 (fanout : 1)
hpin:transformer_core_top/u_datapath/u_tr_array/u_lut_20b/mux_e_a_9_15/in_7[1] 	 (fanout : 1)
hpin:transformer_core_top/u_datapath/u_tr_array/u_lut_20b/mux_e_a_9_15/in_7[0] 	 (fanout : 1)
hpin:transformer_core_top/u_datapath/u_tr_array/u_lut_20b/mux_e_a_9_15/in_8[17] 	 (fanout : 1)
hpin:transformer_core_top/u_datapath/u_tr_array/u_lut_20b/mux_e_a_9_15/in_8[16] 	 (fanout : 1)
hpin:transformer_core_top/u_datapath/u_tr_array/u_lut_20b/mux_e_a_9_15/in_8[15] 	 (fanout : 1)
hpin:transformer_core_top/u_datapath/u_tr_array/u_lut_20b/mux_e_a_9_15/in_8[14] 	 (fanout : 1)
hpin:transformer_core_top/u_datapath/u_tr_array/u_lut_20b/mux_e_a_9_15/in_8[13] 	 (fanout : 1)
hpin:transformer_core_top/u_datapath/u_tr_array/u_lut_20b/mux_e_a_9_15/in_8[12] 	 (fanout : 1)
hpin:transformer_core_top/u_datapath/u_tr_array/u_lut_20b/mux_e_a_9_15/in_8[11] 	 (fanout : 1)
hpin:transformer_core_top/u_datapath/u_tr_array/u_lut_20b/mux_e_a_9_15/in_8[10] 	 (fanout : 1)
hpin:transformer_core_top/u_datapath/u_tr_array/u_lut_20b/mux_e_a_9_15/in_8[9] 	 (fanout : 1)
hpin:transformer_core_top/u_datapath/u_tr_array/u_lut_20b/mux_e_a_9_15/in_8[8] 	 (fanout : 1)
hpin:transformer_core_top/u_datapath/u_tr_array/u_lut_20b/mux_e_a_9_15/in_8[7] 	 (fanout : 1)
hpin:transformer_core_top/u_datapath/u_tr_array/u_lut_20b/mux_e_a_9_15/in_8[6] 	 (fanout : 1)
hpin:transformer_core_top/u_datapath/u_tr_array/u_lut_20b/mux_e_a_9_15/in_8[5] 	 (fanout : 1)
hpin:transformer_core_top/u_datapath/u_tr_array/u_lut_20b/mux_e_a_9_15/in_8[4] 	 (fanout : 1)
hpin:transformer_core_top/u_datapath/u_tr_array/u_lut_20b/mux_e_a_9_15/in_8[3] 	 (fanout : 1)
hpin:transformer_core_top/u_datapath/u_tr_array/u_lut_20b/mux_e_a_9_15/in_8[2] 	 (fanout : 1)
hpin:transformer_core_top/u_datapath/u_tr_array/u_lut_20b/mux_e_a_9_15/in_8[1] 	 (fanout : 1)
hpin:transformer_core_top/u_datapath/u_tr_array/u_lut_20b/mux_e_a_9_15/in_8[0] 	 (fanout : 1)
hpin:transformer_core_top/u_datapath/u_tr_array/u_lut_20b/mux_e_a_9_15/in_9[17] 	 (fanout : 1)
hpin:transformer_core_top/u_datapath/u_tr_array/u_lut_20b/mux_e_a_9_15/in_9[16] 	 (fanout : 1)
hpin:transformer_core_top/u_datapath/u_tr_array/u_lut_20b/mux_e_a_9_15/in_9[15] 	 (fanout : 1)
hpin:transformer_core_top/u_datapath/u_tr_array/u_lut_20b/mux_e_a_9_15/in_9[14] 	 (fanout : 1)
hpin:transformer_core_top/u_datapath/u_tr_array/u_lut_20b/mux_e_a_9_15/in_9[13] 	 (fanout : 1)
hpin:transformer_core_top/u_datapath/u_tr_array/u_lut_20b/mux_e_a_9_15/in_9[12] 	 (fanout : 1)
hpin:transformer_core_top/u_datapath/u_tr_array/u_lut_20b/mux_e_a_9_15/in_9[11] 	 (fanout : 1)
hpin:transformer_core_top/u_datapath/u_tr_array/u_lut_20b/mux_e_a_9_15/in_9[10] 	 (fanout : 1)
hpin:transformer_core_top/u_datapath/u_tr_array/u_lut_20b/mux_e_a_9_15/in_9[9] 	 (fanout : 1)
hpin:transformer_core_top/u_datapath/u_tr_array/u_lut_20b/mux_e_a_9_15/in_9[8] 	 (fanout : 1)
hpin:transformer_core_top/u_datapath/u_tr_array/u_lut_20b/mux_e_a_9_15/in_9[7] 	 (fanout : 1)
hpin:transformer_core_top/u_datapath/u_tr_array/u_lut_20b/mux_e_a_9_15/in_9[6] 	 (fanout : 1)
hpin:transformer_core_top/u_datapath/u_tr_array/u_lut_20b/mux_e_a_9_15/in_9[5] 	 (fanout : 1)
hpin:transformer_core_top/u_datapath/u_tr_array/u_lut_20b/mux_e_a_9_15/in_9[4] 	 (fanout : 1)
hpin:transformer_core_top/u_datapath/u_tr_array/u_lut_20b/mux_e_a_9_15/in_9[3] 	 (fanout : 1)
hpin:transformer_core_top/u_datapath/u_tr_array/u_lut_20b/mux_e_a_9_15/in_9[2] 	 (fanout : 1)
hpin:transformer_core_top/u_datapath/u_tr_array/u_lut_20b/mux_e_a_9_15/in_9[1] 	 (fanout : 1)
hpin:transformer_core_top/u_datapath/u_tr_array/u_lut_20b/mux_e_a_9_15/in_9[0] 	 (fanout : 1)
hpin:transformer_core_top/u_datapath/u_tr_array/u_lut_20b/mux_e_a_9_15/in_10[17] 	 (fanout : 1)
hpin:transformer_core_top/u_datapath/u_tr_array/u_lut_20b/mux_e_a_9_15/in_10[16] 	 (fanout : 1)
hpin:transformer_core_top/u_datapath/u_tr_array/u_lut_20b/mux_e_a_9_15/in_10[15] 	 (fanout : 1)
hpin:transformer_core_top/u_datapath/u_tr_array/u_lut_20b/mux_e_a_9_15/in_10[14] 	 (fanout : 1)
hpin:transformer_core_top/u_datapath/u_tr_array/u_lut_20b/mux_e_a_9_15/in_10[13] 	 (fanout : 1)
hpin:transformer_core_top/u_datapath/u_tr_array/u_lut_20b/mux_e_a_9_15/in_10[12] 	 (fanout : 1)
hpin:transformer_core_top/u_datapath/u_tr_array/u_lut_20b/mux_e_a_9_15/in_10[11] 	 (fanout : 1)
hpin:transformer_core_top/u_datapath/u_tr_array/u_lut_20b/mux_e_a_9_15/in_10[10] 	 (fanout : 1)
hpin:transformer_core_top/u_datapath/u_tr_array/u_lut_20b/mux_e_a_9_15/in_10[9] 	 (fanout : 1)
hpin:transformer_core_top/u_datapath/u_tr_array/u_lut_20b/mux_e_a_9_15/in_10[8] 	 (fanout : 1)
hpin:transformer_core_top/u_datapath/u_tr_array/u_lut_20b/mux_e_a_9_15/in_10[7] 	 (fanout : 1)
hpin:transformer_core_top/u_datapath/u_tr_array/u_lut_20b/mux_e_a_9_15/in_10[6] 	 (fanout : 1)
hpin:transformer_core_top/u_datapath/u_tr_array/u_lut_20b/mux_e_a_9_15/in_10[5] 	 (fanout : 1)
hpin:transformer_core_top/u_datapath/u_tr_array/u_lut_20b/mux_e_a_9_15/in_10[4] 	 (fanout : 1)
hpin:transformer_core_top/u_datapath/u_tr_array/u_lut_20b/mux_e_a_9_15/in_10[3] 	 (fanout : 1)
hpin:transformer_core_top/u_datapath/u_tr_array/u_lut_20b/mux_e_a_9_15/in_10[2] 	 (fanout : 1)
hpin:transformer_core_top/u_datapath/u_tr_array/u_lut_20b/mux_e_a_9_15/in_10[1] 	 (fanout : 1)
hpin:transformer_core_top/u_datapath/u_tr_array/u_lut_20b/mux_e_a_9_15/in_10[0] 	 (fanout : 1)
hpin:transformer_core_top/u_datapath/u_tr_array/u_lut_20b/mux_e_a_9_15/in_11[17] 	 (fanout : 1)
hpin:transformer_core_top/u_datapath/u_tr_array/u_lut_20b/mux_e_a_9_15/in_11[16] 	 (fanout : 1)
hpin:transformer_core_top/u_datapath/u_tr_array/u_lut_20b/mux_e_a_9_15/in_11[15] 	 (fanout : 1)
hpin:transformer_core_top/u_datapath/u_tr_array/u_lut_20b/mux_e_a_9_15/in_11[14] 	 (fanout : 1)
hpin:transformer_core_top/u_datapath/u_tr_array/u_lut_20b/mux_e_a_9_15/in_11[13] 	 (fanout : 1)
hpin:transformer_core_top/u_datapath/u_tr_array/u_lut_20b/mux_e_a_9_15/in_11[12] 	 (fanout : 1)
hpin:transformer_core_top/u_datapath/u_tr_array/u_lut_20b/mux_e_a_9_15/in_11[11] 	 (fanout : 1)
hpin:transformer_core_top/u_datapath/u_tr_array/u_lut_20b/mux_e_a_9_15/in_11[10] 	 (fanout : 1)
hpin:transformer_core_top/u_datapath/u_tr_array/u_lut_20b/mux_e_a_9_15/in_11[9] 	 (fanout : 1)
hpin:transformer_core_top/u_datapath/u_tr_array/u_lut_20b/mux_e_a_9_15/in_11[8] 	 (fanout : 1)
hpin:transformer_core_top/u_datapath/u_tr_array/u_lut_20b/mux_e_a_9_15/in_11[7] 	 (fanout : 1)
hpin:transformer_core_top/u_datapath/u_tr_array/u_lut_20b/mux_e_a_9_15/in_11[6] 	 (fanout : 1)
hpin:transformer_core_top/u_datapath/u_tr_array/u_lut_20b/mux_e_a_9_15/in_11[5] 	 (fanout : 1)
hpin:transformer_core_top/u_datapath/u_tr_array/u_lut_20b/mux_e_a_9_15/in_11[4] 	 (fanout : 1)
hpin:transformer_core_top/u_datapath/u_tr_array/u_lut_20b/mux_e_a_9_15/in_11[3] 	 (fanout : 1)
hpin:transformer_core_top/u_datapath/u_tr_array/u_lut_20b/mux_e_a_9_15/in_11[2] 	 (fanout : 1)
hpin:transformer_core_top/u_datapath/u_tr_array/u_lut_20b/mux_e_a_9_15/in_11[1] 	 (fanout : 1)
hpin:transformer_core_top/u_datapath/u_tr_array/u_lut_20b/mux_e_a_9_15/in_11[0] 	 (fanout : 1)
hpin:transformer_core_top/u_datapath/u_tr_array/u_lut_20b/mux_e_a_9_15/in_12[17] 	 (fanout : 1)
hpin:transformer_core_top/u_datapath/u_tr_array/u_lut_20b/mux_e_a_9_15/in_12[16] 	 (fanout : 1)
hpin:transformer_core_top/u_datapath/u_tr_array/u_lut_20b/mux_e_a_9_15/in_12[15] 	 (fanout : 1)
hpin:transformer_core_top/u_datapath/u_tr_array/u_lut_20b/mux_e_a_9_15/in_12[14] 	 (fanout : 1)
hpin:transformer_core_top/u_datapath/u_tr_array/u_lut_20b/mux_e_a_9_15/in_12[13] 	 (fanout : 1)
hpin:transformer_core_top/u_datapath/u_tr_array/u_lut_20b/mux_e_a_9_15/in_12[12] 	 (fanout : 1)
hpin:transformer_core_top/u_datapath/u_tr_array/u_lut_20b/mux_e_a_9_15/in_12[11] 	 (fanout : 1)
hpin:transformer_core_top/u_datapath/u_tr_array/u_lut_20b/mux_e_a_9_15/in_12[10] 	 (fanout : 1)
hpin:transformer_core_top/u_datapath/u_tr_array/u_lut_20b/mux_e_a_9_15/in_12[9] 	 (fanout : 1)
hpin:transformer_core_top/u_datapath/u_tr_array/u_lut_20b/mux_e_a_9_15/in_12[8] 	 (fanout : 1)
hpin:transformer_core_top/u_datapath/u_tr_array/u_lut_20b/mux_e_a_9_15/in_12[7] 	 (fanout : 1)
hpin:transformer_core_top/u_datapath/u_tr_array/u_lut_20b/mux_e_a_9_15/in_12[6] 	 (fanout : 1)
hpin:transformer_core_top/u_datapath/u_tr_array/u_lut_20b/mux_e_a_9_15/in_12[5] 	 (fanout : 1)
hpin:transformer_core_top/u_datapath/u_tr_array/u_lut_20b/mux_e_a_9_15/in_12[4] 	 (fanout : 1)
hpin:transformer_core_top/u_datapath/u_tr_array/u_lut_20b/mux_e_a_9_15/in_12[3] 	 (fanout : 1)
hpin:transformer_core_top/u_datapath/u_tr_array/u_lut_20b/mux_e_a_9_15/in_12[2] 	 (fanout : 1)
hpin:transformer_core_top/u_datapath/u_tr_array/u_lut_20b/mux_e_a_9_15/in_12[1] 	 (fanout : 1)
hpin:transformer_core_top/u_datapath/u_tr_array/u_lut_20b/mux_e_a_9_15/in_12[0] 	 (fanout : 1)
hpin:transformer_core_top/u_datapath/u_tr_array/u_lut_20b/mux_e_a_9_15/in_13[17] 	 (fanout : 1)
hpin:transformer_core_top/u_datapath/u_tr_array/u_lut_20b/mux_e_a_9_15/in_13[16] 	 (fanout : 1)
hpin:transformer_core_top/u_datapath/u_tr_array/u_lut_20b/mux_e_a_9_15/in_13[15] 	 (fanout : 1)
hpin:transformer_core_top/u_datapath/u_tr_array/u_lut_20b/mux_e_a_9_15/in_13[14] 	 (fanout : 1)
hpin:transformer_core_top/u_datapath/u_tr_array/u_lut_20b/mux_e_a_9_15/in_13[13] 	 (fanout : 1)
hpin:transformer_core_top/u_datapath/u_tr_array/u_lut_20b/mux_e_a_9_15/in_13[12] 	 (fanout : 1)
hpin:transformer_core_top/u_datapath/u_tr_array/u_lut_20b/mux_e_a_9_15/in_13[11] 	 (fanout : 1)
hpin:transformer_core_top/u_datapath/u_tr_array/u_lut_20b/mux_e_a_9_15/in_13[10] 	 (fanout : 1)
hpin:transformer_core_top/u_datapath/u_tr_array/u_lut_20b/mux_e_a_9_15/in_13[9] 	 (fanout : 1)
hpin:transformer_core_top/u_datapath/u_tr_array/u_lut_20b/mux_e_a_9_15/in_13[8] 	 (fanout : 1)
hpin:transformer_core_top/u_datapath/u_tr_array/u_lut_20b/mux_e_a_9_15/in_13[7] 	 (fanout : 1)
hpin:transformer_core_top/u_datapath/u_tr_array/u_lut_20b/mux_e_a_9_15/in_13[6] 	 (fanout : 1)
hpin:transformer_core_top/u_datapath/u_tr_array/u_lut_20b/mux_e_a_9_15/in_13[5] 	 (fanout : 1)
hpin:transformer_core_top/u_datapath/u_tr_array/u_lut_20b/mux_e_a_9_15/in_13[4] 	 (fanout : 1)
hpin:transformer_core_top/u_datapath/u_tr_array/u_lut_20b/mux_e_a_9_15/in_13[3] 	 (fanout : 1)
hpin:transformer_core_top/u_datapath/u_tr_array/u_lut_20b/mux_e_a_9_15/in_13[2] 	 (fanout : 1)
hpin:transformer_core_top/u_datapath/u_tr_array/u_lut_20b/mux_e_a_9_15/in_13[1] 	 (fanout : 1)
hpin:transformer_core_top/u_datapath/u_tr_array/u_lut_20b/mux_e_a_9_15/in_13[0] 	 (fanout : 1)
hpin:transformer_core_top/u_datapath/u_tr_array/u_lut_20b/mux_e_a_9_15/in_14[17] 	 (fanout : 1)
hpin:transformer_core_top/u_datapath/u_tr_array/u_lut_20b/mux_e_a_9_15/in_14[16] 	 (fanout : 1)
hpin:transformer_core_top/u_datapath/u_tr_array/u_lut_20b/mux_e_a_9_15/in_14[15] 	 (fanout : 1)
hpin:transformer_core_top/u_datapath/u_tr_array/u_lut_20b/mux_e_a_9_15/in_14[14] 	 (fanout : 1)
hpin:transformer_core_top/u_datapath/u_tr_array/u_lut_20b/mux_e_a_9_15/in_14[13] 	 (fanout : 1)
hpin:transformer_core_top/u_datapath/u_tr_array/u_lut_20b/mux_e_a_9_15/in_14[12] 	 (fanout : 1)
hpin:transformer_core_top/u_datapath/u_tr_array/u_lut_20b/mux_e_a_9_15/in_14[11] 	 (fanout : 1)
hpin:transformer_core_top/u_datapath/u_tr_array/u_lut_20b/mux_e_a_9_15/in_14[10] 	 (fanout : 1)
hpin:transformer_core_top/u_datapath/u_tr_array/u_lut_20b/mux_e_a_9_15/in_14[9] 	 (fanout : 1)
hpin:transformer_core_top/u_datapath/u_tr_array/u_lut_20b/mux_e_a_9_15/in_14[8] 	 (fanout : 1)
hpin:transformer_core_top/u_datapath/u_tr_array/u_lut_20b/mux_e_a_9_15/in_14[7] 	 (fanout : 1)
hpin:transformer_core_top/u_datapath/u_tr_array/u_lut_20b/mux_e_a_9_15/in_14[6] 	 (fanout : 1)
hpin:transformer_core_top/u_datapath/u_tr_array/u_lut_20b/mux_e_a_9_15/in_14[5] 	 (fanout : 1)
hpin:transformer_core_top/u_datapath/u_tr_array/u_lut_20b/mux_e_a_9_15/in_14[4] 	 (fanout : 1)
hpin:transformer_core_top/u_datapath/u_tr_array/u_lut_20b/mux_e_a_9_15/in_14[3] 	 (fanout : 1)
hpin:transformer_core_top/u_datapath/u_tr_array/u_lut_20b/mux_e_a_9_15/in_14[2] 	 (fanout : 1)
hpin:transformer_core_top/u_datapath/u_tr_array/u_lut_20b/mux_e_a_9_15/in_14[1] 	 (fanout : 1)
hpin:transformer_core_top/u_datapath/u_tr_array/u_lut_20b/mux_e_a_9_15/in_14[0] 	 (fanout : 1)
hpin:transformer_core_top/u_datapath/u_tr_array/u_exp_0_20b/u_round/eq_39_44/B 	 (fanout : 1)
hpin:transformer_core_top/u_datapath/u_tr_array/u_exp_0_20b/u_round/add_36_61/B 	 (fanout : 2)
hpin:transformer_core_top/u_datapath/u_tr_array/u_ln_0_8b/add_52_26/A[5] 	 (fanout : 5)
hpin:transformer_core_top/u_datapath/u_tr_array/u_ln_0_8b/add_52_26/B[3] 	 (fanout : 2)
hpin:transformer_core_top/u_datapath/u_tr_array/u_ln_0_8b/add_52_26/B[2] 	 (fanout : 2)
hpin:transformer_core_top/u_datapath/u_tr_array/u_ln_0_8b/add_52_26/B[1] 	 (fanout : 2)
hpin:transformer_core_top/u_datapath/u_tr_array/u_ln_0_8b/add_52_26/B[0] 	 (fanout : 2)
hpin:transformer_core_top/u_datapath/u_tr_array/u_ln_0_8b/sub_38_41/A[2] 	 (fanout : 2)
hpin:transformer_core_top/u_datapath/u_tr_array/u_ln_0_8b/sub_38_41/A[1] 	 (fanout : 2)
hpin:transformer_core_top/u_datapath/u_tr_array/u_ln_0_8b/sub_38_41/A[0] 	 (fanout : 2)
hpin:transformer_core_top/u_datapath/u_tr_array/u_ln_0_8b/add0013051/B[4] 	 (fanout : 1)
hpin:transformer_core_top/u_datapath/u_tr_array/u_ln_0_8b/add0013051/B[3] 	 (fanout : 1)
hpin:transformer_core_top/u_datapath/u_tr_array/u_ln_0_8b/add0013051/B[2] 	 (fanout : 2)
hpin:transformer_core_top/u_datapath/u_tr_array/u_ln_0_8b/add0013051/B[1] 	 (fanout : 2)
hpin:transformer_core_top/u_datapath/u_tr_array/u_ln_0_8b/add0013051/B[0] 	 (fanout : 2)
hpin:transformer_core_top/u_datapath/u_tr_array/u_ln_0_8b/mux_msb_32_17/in_0[2] 	 (fanout : 1)
hpin:transformer_core_top/u_datapath/u_tr_array/u_ln_0_8b/mux_msb_32_17/in_0[1] 	 (fanout : 1)
hpin:transformer_core_top/u_datapath/u_tr_array/u_ln_0_8b/mux_msb_32_17/in_0[0] 	 (fanout : 1)
hpin:transformer_core_top/u_datapath/u_tr_array/u_ln_0_8b/mux_msb_32_17/in_1[2] 	 (fanout : 1)
hpin:transformer_core_top/u_datapath/u_tr_array/u_ln_0_8b/mux_msb_32_17/in_1[1] 	 (fanout : 1)
hpin:transformer_core_top/u_datapath/u_tr_array/u_ln_0_8b/mux_msb_32_17/in_1[0] 	 (fanout : 1)
hpin:transformer_core_top/u_datapath/u_tr_array/u_ln_0_8b/mux_msb_32_17/in_2[2] 	 (fanout : 1)
hpin:transformer_core_top/u_datapath/u_tr_array/u_ln_0_8b/mux_msb_32_17/in_2[1] 	 (fanout : 1)
hpin:transformer_core_top/u_datapath/u_tr_array/u_ln_0_8b/mux_msb_32_17/in_2[0] 	 (fanout : 1)
hpin:transformer_core_top/u_datapath/u_tr_array/u_ln_0_8b/mux_msb_32_17/in_3[2] 	 (fanout : 1)
hpin:transformer_core_top/u_datapath/u_tr_array/u_ln_0_8b/mux_msb_32_17/in_3[1] 	 (fanout : 1)
hpin:transformer_core_top/u_datapath/u_tr_array/u_ln_0_8b/mux_msb_32_17/in_3[0] 	 (fanout : 1)
hpin:transformer_core_top/u_datapath/u_tr_array/u_ln_0_8b/mux_msb_32_17/in_4[2] 	 (fanout : 1)
hpin:transformer_core_top/u_datapath/u_tr_array/u_ln_0_8b/mux_msb_32_17/in_4[1] 	 (fanout : 1)
hpin:transformer_core_top/u_datapath/u_tr_array/u_ln_0_8b/mux_msb_32_17/in_4[0] 	 (fanout : 1)
hpin:transformer_core_top/u_datapath/u_tr_array/u_ln_0_8b/mux_msb_32_17/in_5[2] 	 (fanout : 1)
hpin:transformer_core_top/u_datapath/u_tr_array/u_ln_0_8b/mux_msb_32_17/in_5[1] 	 (fanout : 1)
hpin:transformer_core_top/u_datapath/u_tr_array/u_ln_0_8b/mux_msb_32_17/in_5[0] 	 (fanout : 1)
hpin:transformer_core_top/u_datapath/u_tr_array/u_ln_0_8b/mux_msb_32_17/in_6[2] 	 (fanout : 1)
hpin:transformer_core_top/u_datapath/u_tr_array/u_ln_0_8b/mux_msb_32_17/in_6[1] 	 (fanout : 1)
hpin:transformer_core_top/u_datapath/u_tr_array/u_ln_0_8b/mux_msb_32_17/in_6[0] 	 (fanout : 1)
hpin:transformer_core_top/u_datapath/u_tr_array/u_ln_0_8b/mux_msb_32_17/in_7[2] 	 (fanout : 1)
hpin:transformer_core_top/u_datapath/u_tr_array/u_ln_0_8b/mux_msb_32_17/in_7[1] 	 (fanout : 1)
hpin:transformer_core_top/u_datapath/u_tr_array/u_ln_0_8b/mux_msb_32_17/in_7[0] 	 (fanout : 1)
hpin:transformer_core_top/u_datapath/u_tr_array/u_ln_0_8b/mux_msb_32_17/in_8[2] 	 (fanout : 1)
hpin:transformer_core_top/u_datapath/u_tr_array/u_ln_0_8b/mux_msb_32_17/in_8[1] 	 (fanout : 1)
hpin:transformer_core_top/u_datapath/u_tr_array/u_ln_0_8b/mux_msb_32_17/in_8[0] 	 (fanout : 1)
hpin:transformer_core_top/u_datapath/u_tr_array/u_ln_0_8b/mux_38_27/in_1[4] 	 (fanout : 1)
hpin:transformer_core_top/u_datapath/u_tr_array/u_ln_0_8b/mux_38_27/in_1[3] 	 (fanout : 1)
hpin:transformer_core_top/u_datapath/u_tr_array/u_ln_0_8b/mux_38_27/in_1[2] 	 (fanout : 1)
hpin:transformer_core_top/u_datapath/u_tr_array/u_ln_0_8b/mux_38_27/in_1[1] 	 (fanout : 1)
hpin:transformer_core_top/u_datapath/u_tr_array/u_ln_0_8b/mux_38_27/in_1[0] 	 (fanout : 1)
hpin:transformer_core_top/u_datapath/u_tr_array/u_exp_0_8b/u_round/eq_39_44/B 	 (fanout : 1)
hpin:transformer_core_top/u_datapath/u_tr_array/u_exp_0_8b/u_round/add_36_61/B 	 (fanout : 2)
hpin:transformer_core_top/u_datapath/u_tr_array/minus_157_44_I7/A 	 (fanout : 14)
hpin:transformer_core_top/u_datapath/u_tr_array/minus_158_44_I7/A 	 (fanout : 14)
hpin:transformer_core_top/u_datapath/u_tr_array/minus_157_44_I6/A 	 (fanout : 14)
hpin:transformer_core_top/u_datapath/u_tr_array/minus_158_44_I6/A 	 (fanout : 14)
hpin:transformer_core_top/u_datapath/u_tr_array/minus_157_44_I5/A 	 (fanout : 14)
hpin:transformer_core_top/u_datapath/u_tr_array/minus_158_44_I5/A 	 (fanout : 14)
hpin:transformer_core_top/u_datapath/u_tr_array/minus_157_44_I4/A 	 (fanout : 14)
hpin:transformer_core_top/u_datapath/u_tr_array/minus_158_44_I4/A 	 (fanout : 14)
hpin:transformer_core_top/u_datapath/u_tr_array/minus_157_44_I3/A 	 (fanout : 14)
hpin:transformer_core_top/u_datapath/u_tr_array/minus_158_44_I3/A 	 (fanout : 14)
hpin:transformer_core_top/u_datapath/u_tr_array/minus_157_44_I2/A 	 (fanout : 14)
hpin:transformer_core_top/u_datapath/u_tr_array/minus_158_44_I2/A 	 (fanout : 14)
hpin:transformer_core_top/u_datapath/u_tr_array/minus_157_44_I1/A 	 (fanout : 14)
hpin:transformer_core_top/u_datapath/u_tr_array/minus_158_44_I1/A 	 (fanout : 14)
hpin:transformer_core_top/u_datapath/u_tr_array/minus_102_40/A 	 (fanout : 14)
hpin:transformer_core_top/u_datapath/u_tr_array/minus_103_40/A 	 (fanout : 14)
hpin:transformer_core_top/u_datapath/u_tr_array/minus_57_41/A 	 (fanout : 38)
hpin:transformer_core_top/u_datapath/u_tr_array/minus_58_41/A 	 (fanout : 38)
hpin:transformer_core_top/u_datapath/u_tr_array/mux_127_33/in_1[19] 	 (fanout : 1)
hpin:transformer_core_top/u_datapath/u_tr_array/mux_127_33/in_1[18] 	 (fanout : 1)
hpin:transformer_core_top/u_datapath/u_tr_array/mux_127_33/in_1[17] 	 (fanout : 1)
hpin:transformer_core_top/u_datapath/u_tr_array/mux_127_33/in_1[16] 	 (fanout : 1)
hpin:transformer_core_top/u_datapath/u_tr_array/mux_127_33/in_1[15] 	 (fanout : 1)
hpin:transformer_core_top/u_datapath/u_tr_array/mux_127_33/in_1[14] 	 (fanout : 1)
hpin:transformer_core_top/u_datapath/u_tr_array/mux_127_33/in_1[13] 	 (fanout : 1)
hpin:transformer_core_top/u_datapath/u_tr_array/mux_127_33/in_1[12] 	 (fanout : 1)
hpin:transformer_core_top/u_datapath/u_tr_array/mux_127_33/in_1[11] 	 (fanout : 1)
hpin:transformer_core_top/u_datapath/u_tr_array/mux_127_33/in_1[10] 	 (fanout : 1)
hpin:transformer_core_top/u_datapath/u_tr_array/mux_127_33/in_1[9] 	 (fanout : 1)
hpin:transformer_core_top/u_datapath/u_tr_array/mux_127_33/in_1[8] 	 (fanout : 1)
hpin:transformer_core_top/u_datapath/u_tr_array/mux_127_33/in_1[7] 	 (fanout : 1)
hpin:transformer_core_top/u_datapath/u_tr_array/mux_127_33/in_1[6] 	 (fanout : 1)
hpin:transformer_core_top/u_datapath/u_tr_array/mux_127_33/in_1[5] 	 (fanout : 1)
hpin:transformer_core_top/u_datapath/u_tr_array/mux_127_33/in_1[4] 	 (fanout : 1)
hpin:transformer_core_top/u_datapath/u_tr_array/mux_127_33/in_1[3] 	 (fanout : 1)
hpin:transformer_core_top/u_datapath/u_tr_array/mux_127_33/in_1[2] 	 (fanout : 1)
hpin:transformer_core_top/u_datapath/u_tr_array/mux_127_33/in_1[1] 	 (fanout : 1)
hpin:transformer_core_top/u_datapath/u_tr_array/mux_127_33/in_1[0] 	 (fanout : 1)
hpin:transformer_core_top/u_datapath/u_tr_array/mux_128_33/in_1[7] 	 (fanout : 1)
hpin:transformer_core_top/u_datapath/u_tr_array/mux_128_33/in_1[6] 	 (fanout : 1)
hpin:transformer_core_top/u_datapath/u_tr_array/mux_128_33/in_1[5] 	 (fanout : 1)
hpin:transformer_core_top/u_datapath/u_tr_array/mux_128_33/in_1[4] 	 (fanout : 1)
hpin:transformer_core_top/u_datapath/u_tr_array/mux_128_33/in_1[3] 	 (fanout : 1)
hpin:transformer_core_top/u_datapath/u_tr_array/mux_128_33/in_1[2] 	 (fanout : 1)
hpin:transformer_core_top/u_datapath/u_tr_array/mux_128_33/in_1[1] 	 (fanout : 1)
hpin:transformer_core_top/u_datapath/u_tr_array/mux_128_33/in_1[0] 	 (fanout : 1)
hpin:transformer_core_top/u_datapath/u_tr_array/mux_179_38/in_1[7] 	 (fanout : 1)
hpin:transformer_core_top/u_datapath/u_tr_array/mux_179_38/in_1[6] 	 (fanout : 1)
hpin:transformer_core_top/u_datapath/u_tr_array/mux_179_38/in_1[5] 	 (fanout : 1)
hpin:transformer_core_top/u_datapath/u_tr_array/mux_179_38/in_1[4] 	 (fanout : 1)
hpin:transformer_core_top/u_datapath/u_tr_array/mux_179_38/in_1[3] 	 (fanout : 1)
hpin:transformer_core_top/u_datapath/u_tr_array/mux_179_38/in_1[2] 	 (fanout : 1)
hpin:transformer_core_top/u_datapath/u_tr_array/mux_179_38/in_1[1] 	 (fanout : 1)
hpin:transformer_core_top/u_datapath/u_tr_array/mux_179_38/in_1[0] 	 (fanout : 1)
hpin:transformer_core_top/u_datapath/u_tr_array/mux_179_13/in_1[7] 	 (fanout : 1)
hpin:transformer_core_top/u_datapath/u_tr_array/mux_179_13/in_1[6] 	 (fanout : 1)
hpin:transformer_core_top/u_datapath/u_tr_array/mux_179_13/in_1[5] 	 (fanout : 1)
hpin:transformer_core_top/u_datapath/u_tr_array/mux_179_13/in_1[4] 	 (fanout : 1)
hpin:transformer_core_top/u_datapath/u_tr_array/mux_179_13/in_1[3] 	 (fanout : 1)
hpin:transformer_core_top/u_datapath/u_tr_array/mux_179_13/in_1[2] 	 (fanout : 1)
hpin:transformer_core_top/u_datapath/u_tr_array/mux_179_13/in_1[1] 	 (fanout : 1)
hpin:transformer_core_top/u_datapath/u_tr_array/mux_179_13/in_1[0] 	 (fanout : 1)
hpin:transformer_core_top/u_datapath/u_tr_array/mux_179_15/in_1[7] 	 (fanout : 1)
hpin:transformer_core_top/u_datapath/u_tr_array/mux_179_15/in_1[6] 	 (fanout : 1)
hpin:transformer_core_top/u_datapath/u_tr_array/mux_179_15/in_1[5] 	 (fanout : 1)
hpin:transformer_core_top/u_datapath/u_tr_array/mux_179_15/in_1[4] 	 (fanout : 1)
hpin:transformer_core_top/u_datapath/u_tr_array/mux_179_15/in_1[3] 	 (fanout : 1)
hpin:transformer_core_top/u_datapath/u_tr_array/mux_179_15/in_1[2] 	 (fanout : 1)
hpin:transformer_core_top/u_datapath/u_tr_array/mux_179_15/in_1[1] 	 (fanout : 1)
hpin:transformer_core_top/u_datapath/u_tr_array/mux_179_15/in_1[0] 	 (fanout : 1)
hpin:transformer_core_top/u_datapath/u_tr_array/mux_179_17/in_1[7] 	 (fanout : 1)
hpin:transformer_core_top/u_datapath/u_tr_array/mux_179_17/in_1[6] 	 (fanout : 1)
hpin:transformer_core_top/u_datapath/u_tr_array/mux_179_17/in_1[5] 	 (fanout : 1)
hpin:transformer_core_top/u_datapath/u_tr_array/mux_179_17/in_1[4] 	 (fanout : 1)
hpin:transformer_core_top/u_datapath/u_tr_array/mux_179_17/in_1[3] 	 (fanout : 1)
hpin:transformer_core_top/u_datapath/u_tr_array/mux_179_17/in_1[2] 	 (fanout : 1)
hpin:transformer_core_top/u_datapath/u_tr_array/mux_179_17/in_1[1] 	 (fanout : 1)
hpin:transformer_core_top/u_datapath/u_tr_array/mux_179_17/in_1[0] 	 (fanout : 1)
hpin:transformer_core_top/u_datapath/u_tr_array/mux_179_19/in_1[7] 	 (fanout : 1)
hpin:transformer_core_top/u_datapath/u_tr_array/mux_179_19/in_1[6] 	 (fanout : 1)
hpin:transformer_core_top/u_datapath/u_tr_array/mux_179_19/in_1[5] 	 (fanout : 1)
hpin:transformer_core_top/u_datapath/u_tr_array/mux_179_19/in_1[4] 	 (fanout : 1)
hpin:transformer_core_top/u_datapath/u_tr_array/mux_179_19/in_1[3] 	 (fanout : 1)
hpin:transformer_core_top/u_datapath/u_tr_array/mux_179_19/in_1[2] 	 (fanout : 1)
hpin:transformer_core_top/u_datapath/u_tr_array/mux_179_19/in_1[1] 	 (fanout : 1)
hpin:transformer_core_top/u_datapath/u_tr_array/mux_179_19/in_1[0] 	 (fanout : 1)
hpin:transformer_core_top/u_datapath/u_tr_array/mux_179_21/in_1[7] 	 (fanout : 1)
hpin:transformer_core_top/u_datapath/u_tr_array/mux_179_21/in_1[6] 	 (fanout : 1)
hpin:transformer_core_top/u_datapath/u_tr_array/mux_179_21/in_1[5] 	 (fanout : 1)
hpin:transformer_core_top/u_datapath/u_tr_array/mux_179_21/in_1[4] 	 (fanout : 1)
hpin:transformer_core_top/u_datapath/u_tr_array/mux_179_21/in_1[3] 	 (fanout : 1)
hpin:transformer_core_top/u_datapath/u_tr_array/mux_179_21/in_1[2] 	 (fanout : 1)
hpin:transformer_core_top/u_datapath/u_tr_array/mux_179_21/in_1[1] 	 (fanout : 1)
hpin:transformer_core_top/u_datapath/u_tr_array/mux_179_21/in_1[0] 	 (fanout : 1)
hpin:transformer_core_top/u_datapath/u_tr_array/mux_179_23/in_1[7] 	 (fanout : 1)
hpin:transformer_core_top/u_datapath/u_tr_array/mux_179_23/in_1[6] 	 (fanout : 1)
hpin:transformer_core_top/u_datapath/u_tr_array/mux_179_23/in_1[5] 	 (fanout : 1)
hpin:transformer_core_top/u_datapath/u_tr_array/mux_179_23/in_1[4] 	 (fanout : 1)
hpin:transformer_core_top/u_datapath/u_tr_array/mux_179_23/in_1[3] 	 (fanout : 1)
hpin:transformer_core_top/u_datapath/u_tr_array/mux_179_23/in_1[2] 	 (fanout : 1)
hpin:transformer_core_top/u_datapath/u_tr_array/mux_179_23/in_1[1] 	 (fanout : 1)
hpin:transformer_core_top/u_datapath/u_tr_array/mux_179_23/in_1[0] 	 (fanout : 1)
hpin:transformer_core_top/u_datapath/u_tr_array/GEN_LANES[1].u_ln_i/add_52_26/A[5] 	 (fanout : 5)
hpin:transformer_core_top/u_datapath/u_tr_array/GEN_LANES[1].u_ln_i/add_52_26/B[3] 	 (fanout : 2)
hpin:transformer_core_top/u_datapath/u_tr_array/GEN_LANES[1].u_ln_i/add_52_26/B[2] 	 (fanout : 2)
hpin:transformer_core_top/u_datapath/u_tr_array/GEN_LANES[1].u_ln_i/add_52_26/B[1] 	 (fanout : 2)
hpin:transformer_core_top/u_datapath/u_tr_array/GEN_LANES[1].u_ln_i/add_52_26/B[0] 	 (fanout : 2)
hpin:transformer_core_top/u_datapath/u_tr_array/GEN_LANES[1].u_ln_i/sub_38_41/A[2] 	 (fanout : 2)
hpin:transformer_core_top/u_datapath/u_tr_array/GEN_LANES[1].u_ln_i/sub_38_41/A[1] 	 (fanout : 2)
hpin:transformer_core_top/u_datapath/u_tr_array/GEN_LANES[1].u_ln_i/sub_38_41/A[0] 	 (fanout : 2)
hpin:transformer_core_top/u_datapath/u_tr_array/GEN_LANES[1].u_ln_i/add0013051/B[4] 	 (fanout : 1)
hpin:transformer_core_top/u_datapath/u_tr_array/GEN_LANES[1].u_ln_i/add0013051/B[3] 	 (fanout : 1)
hpin:transformer_core_top/u_datapath/u_tr_array/GEN_LANES[1].u_ln_i/add0013051/B[2] 	 (fanout : 2)
hpin:transformer_core_top/u_datapath/u_tr_array/GEN_LANES[1].u_ln_i/add0013051/B[1] 	 (fanout : 2)
hpin:transformer_core_top/u_datapath/u_tr_array/GEN_LANES[1].u_ln_i/add0013051/B[0] 	 (fanout : 2)
hpin:transformer_core_top/u_datapath/u_tr_array/GEN_LANES[1].u_ln_i/mux_msb_32_17/in_0[2] 	 (fanout : 1)
hpin:transformer_core_top/u_datapath/u_tr_array/GEN_LANES[1].u_ln_i/mux_msb_32_17/in_0[1] 	 (fanout : 1)
hpin:transformer_core_top/u_datapath/u_tr_array/GEN_LANES[1].u_ln_i/mux_msb_32_17/in_0[0] 	 (fanout : 1)
hpin:transformer_core_top/u_datapath/u_tr_array/GEN_LANES[1].u_ln_i/mux_msb_32_17/in_1[2] 	 (fanout : 1)
hpin:transformer_core_top/u_datapath/u_tr_array/GEN_LANES[1].u_ln_i/mux_msb_32_17/in_1[1] 	 (fanout : 1)
hpin:transformer_core_top/u_datapath/u_tr_array/GEN_LANES[1].u_ln_i/mux_msb_32_17/in_1[0] 	 (fanout : 1)
hpin:transformer_core_top/u_datapath/u_tr_array/GEN_LANES[1].u_ln_i/mux_msb_32_17/in_2[2] 	 (fanout : 1)
hpin:transformer_core_top/u_datapath/u_tr_array/GEN_LANES[1].u_ln_i/mux_msb_32_17/in_2[1] 	 (fanout : 1)
hpin:transformer_core_top/u_datapath/u_tr_array/GEN_LANES[1].u_ln_i/mux_msb_32_17/in_2[0] 	 (fanout : 1)
hpin:transformer_core_top/u_datapath/u_tr_array/GEN_LANES[1].u_ln_i/mux_msb_32_17/in_3[2] 	 (fanout : 1)
hpin:transformer_core_top/u_datapath/u_tr_array/GEN_LANES[1].u_ln_i/mux_msb_32_17/in_3[1] 	 (fanout : 1)
hpin:transformer_core_top/u_datapath/u_tr_array/GEN_LANES[1].u_ln_i/mux_msb_32_17/in_3[0] 	 (fanout : 1)
hpin:transformer_core_top/u_datapath/u_tr_array/GEN_LANES[1].u_ln_i/mux_msb_32_17/in_4[2] 	 (fanout : 1)
hpin:transformer_core_top/u_datapath/u_tr_array/GEN_LANES[1].u_ln_i/mux_msb_32_17/in_4[1] 	 (fanout : 1)
hpin:transformer_core_top/u_datapath/u_tr_array/GEN_LANES[1].u_ln_i/mux_msb_32_17/in_4[0] 	 (fanout : 1)
hpin:transformer_core_top/u_datapath/u_tr_array/GEN_LANES[1].u_ln_i/mux_msb_32_17/in_5[2] 	 (fanout : 1)
hpin:transformer_core_top/u_datapath/u_tr_array/GEN_LANES[1].u_ln_i/mux_msb_32_17/in_5[1] 	 (fanout : 1)
hpin:transformer_core_top/u_datapath/u_tr_array/GEN_LANES[1].u_ln_i/mux_msb_32_17/in_5[0] 	 (fanout : 1)
hpin:transformer_core_top/u_datapath/u_tr_array/GEN_LANES[1].u_ln_i/mux_msb_32_17/in_6[2] 	 (fanout : 1)
hpin:transformer_core_top/u_datapath/u_tr_array/GEN_LANES[1].u_ln_i/mux_msb_32_17/in_6[1] 	 (fanout : 1)
hpin:transformer_core_top/u_datapath/u_tr_array/GEN_LANES[1].u_ln_i/mux_msb_32_17/in_6[0] 	 (fanout : 1)
hpin:transformer_core_top/u_datapath/u_tr_array/GEN_LANES[1].u_ln_i/mux_msb_32_17/in_7[2] 	 (fanout : 1)
hpin:transformer_core_top/u_datapath/u_tr_array/GEN_LANES[1].u_ln_i/mux_msb_32_17/in_7[1] 	 (fanout : 1)
hpin:transformer_core_top/u_datapath/u_tr_array/GEN_LANES[1].u_ln_i/mux_msb_32_17/in_7[0] 	 (fanout : 1)
hpin:transformer_core_top/u_datapath/u_tr_array/GEN_LANES[1].u_ln_i/mux_msb_32_17/in_8[2] 	 (fanout : 1)
hpin:transformer_core_top/u_datapath/u_tr_array/GEN_LANES[1].u_ln_i/mux_msb_32_17/in_8[1] 	 (fanout : 1)
hpin:transformer_core_top/u_datapath/u_tr_array/GEN_LANES[1].u_ln_i/mux_msb_32_17/in_8[0] 	 (fanout : 1)
hpin:transformer_core_top/u_datapath/u_tr_array/GEN_LANES[1].u_ln_i/mux_38_27/in_1[4] 	 (fanout : 1)
hpin:transformer_core_top/u_datapath/u_tr_array/GEN_LANES[1].u_ln_i/mux_38_27/in_1[3] 	 (fanout : 1)
hpin:transformer_core_top/u_datapath/u_tr_array/GEN_LANES[1].u_ln_i/mux_38_27/in_1[2] 	 (fanout : 1)
hpin:transformer_core_top/u_datapath/u_tr_array/GEN_LANES[1].u_ln_i/mux_38_27/in_1[1] 	 (fanout : 1)
hpin:transformer_core_top/u_datapath/u_tr_array/GEN_LANES[1].u_ln_i/mux_38_27/in_1[0] 	 (fanout : 1)
hpin:transformer_core_top/u_datapath/u_tr_array/GEN_LANES[1].u_exp_i/u_round/eq_39_44/B 	 (fanout : 1)
hpin:transformer_core_top/u_datapath/u_tr_array/GEN_LANES[1].u_exp_i/u_round/add_36_61/B 	 (fanout : 2)
hpin:transformer_core_top/u_datapath/u_tr_array/GEN_LANES[2].u_ln_i/add_52_26/A[5] 	 (fanout : 5)
hpin:transformer_core_top/u_datapath/u_tr_array/GEN_LANES[2].u_ln_i/add_52_26/B[3] 	 (fanout : 2)
hpin:transformer_core_top/u_datapath/u_tr_array/GEN_LANES[2].u_ln_i/add_52_26/B[2] 	 (fanout : 2)
hpin:transformer_core_top/u_datapath/u_tr_array/GEN_LANES[2].u_ln_i/add_52_26/B[1] 	 (fanout : 2)
hpin:transformer_core_top/u_datapath/u_tr_array/GEN_LANES[2].u_ln_i/add_52_26/B[0] 	 (fanout : 2)
hpin:transformer_core_top/u_datapath/u_tr_array/GEN_LANES[2].u_ln_i/sub_38_41/A[2] 	 (fanout : 2)
hpin:transformer_core_top/u_datapath/u_tr_array/GEN_LANES[2].u_ln_i/sub_38_41/A[1] 	 (fanout : 2)
hpin:transformer_core_top/u_datapath/u_tr_array/GEN_LANES[2].u_ln_i/sub_38_41/A[0] 	 (fanout : 2)
hpin:transformer_core_top/u_datapath/u_tr_array/GEN_LANES[2].u_ln_i/add0013051/B[4] 	 (fanout : 1)
hpin:transformer_core_top/u_datapath/u_tr_array/GEN_LANES[2].u_ln_i/add0013051/B[3] 	 (fanout : 1)
hpin:transformer_core_top/u_datapath/u_tr_array/GEN_LANES[2].u_ln_i/add0013051/B[2] 	 (fanout : 2)
hpin:transformer_core_top/u_datapath/u_tr_array/GEN_LANES[2].u_ln_i/add0013051/B[1] 	 (fanout : 2)
hpin:transformer_core_top/u_datapath/u_tr_array/GEN_LANES[2].u_ln_i/add0013051/B[0] 	 (fanout : 2)
hpin:transformer_core_top/u_datapath/u_tr_array/GEN_LANES[2].u_ln_i/mux_msb_32_17/in_0[2] 	 (fanout : 1)
hpin:transformer_core_top/u_datapath/u_tr_array/GEN_LANES[2].u_ln_i/mux_msb_32_17/in_0[1] 	 (fanout : 1)
hpin:transformer_core_top/u_datapath/u_tr_array/GEN_LANES[2].u_ln_i/mux_msb_32_17/in_0[0] 	 (fanout : 1)
hpin:transformer_core_top/u_datapath/u_tr_array/GEN_LANES[2].u_ln_i/mux_msb_32_17/in_1[2] 	 (fanout : 1)
hpin:transformer_core_top/u_datapath/u_tr_array/GEN_LANES[2].u_ln_i/mux_msb_32_17/in_1[1] 	 (fanout : 1)
hpin:transformer_core_top/u_datapath/u_tr_array/GEN_LANES[2].u_ln_i/mux_msb_32_17/in_1[0] 	 (fanout : 1)
hpin:transformer_core_top/u_datapath/u_tr_array/GEN_LANES[2].u_ln_i/mux_msb_32_17/in_2[2] 	 (fanout : 1)
hpin:transformer_core_top/u_datapath/u_tr_array/GEN_LANES[2].u_ln_i/mux_msb_32_17/in_2[1] 	 (fanout : 1)
hpin:transformer_core_top/u_datapath/u_tr_array/GEN_LANES[2].u_ln_i/mux_msb_32_17/in_2[0] 	 (fanout : 1)
hpin:transformer_core_top/u_datapath/u_tr_array/GEN_LANES[2].u_ln_i/mux_msb_32_17/in_3[2] 	 (fanout : 1)
hpin:transformer_core_top/u_datapath/u_tr_array/GEN_LANES[2].u_ln_i/mux_msb_32_17/in_3[1] 	 (fanout : 1)
hpin:transformer_core_top/u_datapath/u_tr_array/GEN_LANES[2].u_ln_i/mux_msb_32_17/in_3[0] 	 (fanout : 1)
hpin:transformer_core_top/u_datapath/u_tr_array/GEN_LANES[2].u_ln_i/mux_msb_32_17/in_4[2] 	 (fanout : 1)
hpin:transformer_core_top/u_datapath/u_tr_array/GEN_LANES[2].u_ln_i/mux_msb_32_17/in_4[1] 	 (fanout : 1)
hpin:transformer_core_top/u_datapath/u_tr_array/GEN_LANES[2].u_ln_i/mux_msb_32_17/in_4[0] 	 (fanout : 1)
hpin:transformer_core_top/u_datapath/u_tr_array/GEN_LANES[2].u_ln_i/mux_msb_32_17/in_5[2] 	 (fanout : 1)
hpin:transformer_core_top/u_datapath/u_tr_array/GEN_LANES[2].u_ln_i/mux_msb_32_17/in_5[1] 	 (fanout : 1)
hpin:transformer_core_top/u_datapath/u_tr_array/GEN_LANES[2].u_ln_i/mux_msb_32_17/in_5[0] 	 (fanout : 1)
hpin:transformer_core_top/u_datapath/u_tr_array/GEN_LANES[2].u_ln_i/mux_msb_32_17/in_6[2] 	 (fanout : 1)
hpin:transformer_core_top/u_datapath/u_tr_array/GEN_LANES[2].u_ln_i/mux_msb_32_17/in_6[1] 	 (fanout : 1)
hpin:transformer_core_top/u_datapath/u_tr_array/GEN_LANES[2].u_ln_i/mux_msb_32_17/in_6[0] 	 (fanout : 1)
hpin:transformer_core_top/u_datapath/u_tr_array/GEN_LANES[2].u_ln_i/mux_msb_32_17/in_7[2] 	 (fanout : 1)
hpin:transformer_core_top/u_datapath/u_tr_array/GEN_LANES[2].u_ln_i/mux_msb_32_17/in_7[1] 	 (fanout : 1)
hpin:transformer_core_top/u_datapath/u_tr_array/GEN_LANES[2].u_ln_i/mux_msb_32_17/in_7[0] 	 (fanout : 1)
hpin:transformer_core_top/u_datapath/u_tr_array/GEN_LANES[2].u_ln_i/mux_msb_32_17/in_8[2] 	 (fanout : 1)
hpin:transformer_core_top/u_datapath/u_tr_array/GEN_LANES[2].u_ln_i/mux_msb_32_17/in_8[1] 	 (fanout : 1)
hpin:transformer_core_top/u_datapath/u_tr_array/GEN_LANES[2].u_ln_i/mux_msb_32_17/in_8[0] 	 (fanout : 1)
hpin:transformer_core_top/u_datapath/u_tr_array/GEN_LANES[2].u_ln_i/mux_38_27/in_1[4] 	 (fanout : 1)
hpin:transformer_core_top/u_datapath/u_tr_array/GEN_LANES[2].u_ln_i/mux_38_27/in_1[3] 	 (fanout : 1)
hpin:transformer_core_top/u_datapath/u_tr_array/GEN_LANES[2].u_ln_i/mux_38_27/in_1[2] 	 (fanout : 1)
hpin:transformer_core_top/u_datapath/u_tr_array/GEN_LANES[2].u_ln_i/mux_38_27/in_1[1] 	 (fanout : 1)
hpin:transformer_core_top/u_datapath/u_tr_array/GEN_LANES[2].u_ln_i/mux_38_27/in_1[0] 	 (fanout : 1)
hpin:transformer_core_top/u_datapath/u_tr_array/GEN_LANES[2].u_exp_i/u_round/eq_39_44/B 	 (fanout : 1)
hpin:transformer_core_top/u_datapath/u_tr_array/GEN_LANES[2].u_exp_i/u_round/add_36_61/B 	 (fanout : 2)
hpin:transformer_core_top/u_datapath/u_tr_array/GEN_LANES[3].u_ln_i/add_52_26/A[5] 	 (fanout : 5)
hpin:transformer_core_top/u_datapath/u_tr_array/GEN_LANES[3].u_ln_i/add_52_26/B[3] 	 (fanout : 2)
hpin:transformer_core_top/u_datapath/u_tr_array/GEN_LANES[3].u_ln_i/add_52_26/B[2] 	 (fanout : 2)
hpin:transformer_core_top/u_datapath/u_tr_array/GEN_LANES[3].u_ln_i/add_52_26/B[1] 	 (fanout : 2)
hpin:transformer_core_top/u_datapath/u_tr_array/GEN_LANES[3].u_ln_i/add_52_26/B[0] 	 (fanout : 2)
hpin:transformer_core_top/u_datapath/u_tr_array/GEN_LANES[3].u_ln_i/sub_38_41/A[2] 	 (fanout : 2)
hpin:transformer_core_top/u_datapath/u_tr_array/GEN_LANES[3].u_ln_i/sub_38_41/A[1] 	 (fanout : 2)
hpin:transformer_core_top/u_datapath/u_tr_array/GEN_LANES[3].u_ln_i/sub_38_41/A[0] 	 (fanout : 2)
hpin:transformer_core_top/u_datapath/u_tr_array/GEN_LANES[3].u_ln_i/add0013051/B[4] 	 (fanout : 1)
hpin:transformer_core_top/u_datapath/u_tr_array/GEN_LANES[3].u_ln_i/add0013051/B[3] 	 (fanout : 1)
hpin:transformer_core_top/u_datapath/u_tr_array/GEN_LANES[3].u_ln_i/add0013051/B[2] 	 (fanout : 2)
hpin:transformer_core_top/u_datapath/u_tr_array/GEN_LANES[3].u_ln_i/add0013051/B[1] 	 (fanout : 2)
hpin:transformer_core_top/u_datapath/u_tr_array/GEN_LANES[3].u_ln_i/add0013051/B[0] 	 (fanout : 2)
hpin:transformer_core_top/u_datapath/u_tr_array/GEN_LANES[3].u_ln_i/mux_msb_32_17/in_0[2] 	 (fanout : 1)
hpin:transformer_core_top/u_datapath/u_tr_array/GEN_LANES[3].u_ln_i/mux_msb_32_17/in_0[1] 	 (fanout : 1)
hpin:transformer_core_top/u_datapath/u_tr_array/GEN_LANES[3].u_ln_i/mux_msb_32_17/in_0[0] 	 (fanout : 1)
hpin:transformer_core_top/u_datapath/u_tr_array/GEN_LANES[3].u_ln_i/mux_msb_32_17/in_1[2] 	 (fanout : 1)
hpin:transformer_core_top/u_datapath/u_tr_array/GEN_LANES[3].u_ln_i/mux_msb_32_17/in_1[1] 	 (fanout : 1)
hpin:transformer_core_top/u_datapath/u_tr_array/GEN_LANES[3].u_ln_i/mux_msb_32_17/in_1[0] 	 (fanout : 1)
hpin:transformer_core_top/u_datapath/u_tr_array/GEN_LANES[3].u_ln_i/mux_msb_32_17/in_2[2] 	 (fanout : 1)
hpin:transformer_core_top/u_datapath/u_tr_array/GEN_LANES[3].u_ln_i/mux_msb_32_17/in_2[1] 	 (fanout : 1)
hpin:transformer_core_top/u_datapath/u_tr_array/GEN_LANES[3].u_ln_i/mux_msb_32_17/in_2[0] 	 (fanout : 1)
hpin:transformer_core_top/u_datapath/u_tr_array/GEN_LANES[3].u_ln_i/mux_msb_32_17/in_3[2] 	 (fanout : 1)
hpin:transformer_core_top/u_datapath/u_tr_array/GEN_LANES[3].u_ln_i/mux_msb_32_17/in_3[1] 	 (fanout : 1)
hpin:transformer_core_top/u_datapath/u_tr_array/GEN_LANES[3].u_ln_i/mux_msb_32_17/in_3[0] 	 (fanout : 1)
hpin:transformer_core_top/u_datapath/u_tr_array/GEN_LANES[3].u_ln_i/mux_msb_32_17/in_4[2] 	 (fanout : 1)
hpin:transformer_core_top/u_datapath/u_tr_array/GEN_LANES[3].u_ln_i/mux_msb_32_17/in_4[1] 	 (fanout : 1)
hpin:transformer_core_top/u_datapath/u_tr_array/GEN_LANES[3].u_ln_i/mux_msb_32_17/in_4[0] 	 (fanout : 1)
hpin:transformer_core_top/u_datapath/u_tr_array/GEN_LANES[3].u_ln_i/mux_msb_32_17/in_5[2] 	 (fanout : 1)
hpin:transformer_core_top/u_datapath/u_tr_array/GEN_LANES[3].u_ln_i/mux_msb_32_17/in_5[1] 	 (fanout : 1)
hpin:transformer_core_top/u_datapath/u_tr_array/GEN_LANES[3].u_ln_i/mux_msb_32_17/in_5[0] 	 (fanout : 1)
hpin:transformer_core_top/u_datapath/u_tr_array/GEN_LANES[3].u_ln_i/mux_msb_32_17/in_6[2] 	 (fanout : 1)
hpin:transformer_core_top/u_datapath/u_tr_array/GEN_LANES[3].u_ln_i/mux_msb_32_17/in_6[1] 	 (fanout : 1)
hpin:transformer_core_top/u_datapath/u_tr_array/GEN_LANES[3].u_ln_i/mux_msb_32_17/in_6[0] 	 (fanout : 1)
hpin:transformer_core_top/u_datapath/u_tr_array/GEN_LANES[3].u_ln_i/mux_msb_32_17/in_7[2] 	 (fanout : 1)
hpin:transformer_core_top/u_datapath/u_tr_array/GEN_LANES[3].u_ln_i/mux_msb_32_17/in_7[1] 	 (fanout : 1)
hpin:transformer_core_top/u_datapath/u_tr_array/GEN_LANES[3].u_ln_i/mux_msb_32_17/in_7[0] 	 (fanout : 1)
hpin:transformer_core_top/u_datapath/u_tr_array/GEN_LANES[3].u_ln_i/mux_msb_32_17/in_8[2] 	 (fanout : 1)
hpin:transformer_core_top/u_datapath/u_tr_array/GEN_LANES[3].u_ln_i/mux_msb_32_17/in_8[1] 	 (fanout : 1)
hpin:transformer_core_top/u_datapath/u_tr_array/GEN_LANES[3].u_ln_i/mux_msb_32_17/in_8[0] 	 (fanout : 1)
hpin:transformer_core_top/u_datapath/u_tr_array/GEN_LANES[3].u_ln_i/mux_38_27/in_1[4] 	 (fanout : 1)
hpin:transformer_core_top/u_datapath/u_tr_array/GEN_LANES[3].u_ln_i/mux_38_27/in_1[3] 	 (fanout : 1)
hpin:transformer_core_top/u_datapath/u_tr_array/GEN_LANES[3].u_ln_i/mux_38_27/in_1[2] 	 (fanout : 1)
hpin:transformer_core_top/u_datapath/u_tr_array/GEN_LANES[3].u_ln_i/mux_38_27/in_1[1] 	 (fanout : 1)
hpin:transformer_core_top/u_datapath/u_tr_array/GEN_LANES[3].u_ln_i/mux_38_27/in_1[0] 	 (fanout : 1)
hpin:transformer_core_top/u_datapath/u_tr_array/GEN_LANES[3].u_exp_i/u_round/eq_39_44/B 	 (fanout : 1)
hpin:transformer_core_top/u_datapath/u_tr_array/GEN_LANES[3].u_exp_i/u_round/add_36_61/B 	 (fanout : 2)
hpin:transformer_core_top/u_datapath/u_tr_array/GEN_LANES[4].u_ln_i/add_52_26/A[5] 	 (fanout : 5)
hpin:transformer_core_top/u_datapath/u_tr_array/GEN_LANES[4].u_ln_i/add_52_26/B[3] 	 (fanout : 2)
hpin:transformer_core_top/u_datapath/u_tr_array/GEN_LANES[4].u_ln_i/add_52_26/B[2] 	 (fanout : 2)
hpin:transformer_core_top/u_datapath/u_tr_array/GEN_LANES[4].u_ln_i/add_52_26/B[1] 	 (fanout : 2)
hpin:transformer_core_top/u_datapath/u_tr_array/GEN_LANES[4].u_ln_i/add_52_26/B[0] 	 (fanout : 2)
hpin:transformer_core_top/u_datapath/u_tr_array/GEN_LANES[4].u_ln_i/sub_38_41/A[2] 	 (fanout : 2)
hpin:transformer_core_top/u_datapath/u_tr_array/GEN_LANES[4].u_ln_i/sub_38_41/A[1] 	 (fanout : 2)
hpin:transformer_core_top/u_datapath/u_tr_array/GEN_LANES[4].u_ln_i/sub_38_41/A[0] 	 (fanout : 2)
hpin:transformer_core_top/u_datapath/u_tr_array/GEN_LANES[4].u_ln_i/add0013051/B[4] 	 (fanout : 1)
hpin:transformer_core_top/u_datapath/u_tr_array/GEN_LANES[4].u_ln_i/add0013051/B[3] 	 (fanout : 1)
hpin:transformer_core_top/u_datapath/u_tr_array/GEN_LANES[4].u_ln_i/add0013051/B[2] 	 (fanout : 2)
hpin:transformer_core_top/u_datapath/u_tr_array/GEN_LANES[4].u_ln_i/add0013051/B[1] 	 (fanout : 2)
hpin:transformer_core_top/u_datapath/u_tr_array/GEN_LANES[4].u_ln_i/add0013051/B[0] 	 (fanout : 2)
hpin:transformer_core_top/u_datapath/u_tr_array/GEN_LANES[4].u_ln_i/mux_msb_32_17/in_0[2] 	 (fanout : 1)
hpin:transformer_core_top/u_datapath/u_tr_array/GEN_LANES[4].u_ln_i/mux_msb_32_17/in_0[1] 	 (fanout : 1)
hpin:transformer_core_top/u_datapath/u_tr_array/GEN_LANES[4].u_ln_i/mux_msb_32_17/in_0[0] 	 (fanout : 1)
hpin:transformer_core_top/u_datapath/u_tr_array/GEN_LANES[4].u_ln_i/mux_msb_32_17/in_1[2] 	 (fanout : 1)
hpin:transformer_core_top/u_datapath/u_tr_array/GEN_LANES[4].u_ln_i/mux_msb_32_17/in_1[1] 	 (fanout : 1)
hpin:transformer_core_top/u_datapath/u_tr_array/GEN_LANES[4].u_ln_i/mux_msb_32_17/in_1[0] 	 (fanout : 1)
hpin:transformer_core_top/u_datapath/u_tr_array/GEN_LANES[4].u_ln_i/mux_msb_32_17/in_2[2] 	 (fanout : 1)
hpin:transformer_core_top/u_datapath/u_tr_array/GEN_LANES[4].u_ln_i/mux_msb_32_17/in_2[1] 	 (fanout : 1)
hpin:transformer_core_top/u_datapath/u_tr_array/GEN_LANES[4].u_ln_i/mux_msb_32_17/in_2[0] 	 (fanout : 1)
hpin:transformer_core_top/u_datapath/u_tr_array/GEN_LANES[4].u_ln_i/mux_msb_32_17/in_3[2] 	 (fanout : 1)
hpin:transformer_core_top/u_datapath/u_tr_array/GEN_LANES[4].u_ln_i/mux_msb_32_17/in_3[1] 	 (fanout : 1)
hpin:transformer_core_top/u_datapath/u_tr_array/GEN_LANES[4].u_ln_i/mux_msb_32_17/in_3[0] 	 (fanout : 1)
hpin:transformer_core_top/u_datapath/u_tr_array/GEN_LANES[4].u_ln_i/mux_msb_32_17/in_4[2] 	 (fanout : 1)
hpin:transformer_core_top/u_datapath/u_tr_array/GEN_LANES[4].u_ln_i/mux_msb_32_17/in_4[1] 	 (fanout : 1)
hpin:transformer_core_top/u_datapath/u_tr_array/GEN_LANES[4].u_ln_i/mux_msb_32_17/in_4[0] 	 (fanout : 1)
hpin:transformer_core_top/u_datapath/u_tr_array/GEN_LANES[4].u_ln_i/mux_msb_32_17/in_5[2] 	 (fanout : 1)
hpin:transformer_core_top/u_datapath/u_tr_array/GEN_LANES[4].u_ln_i/mux_msb_32_17/in_5[1] 	 (fanout : 1)
hpin:transformer_core_top/u_datapath/u_tr_array/GEN_LANES[4].u_ln_i/mux_msb_32_17/in_5[0] 	 (fanout : 1)
hpin:transformer_core_top/u_datapath/u_tr_array/GEN_LANES[4].u_ln_i/mux_msb_32_17/in_6[2] 	 (fanout : 1)
hpin:transformer_core_top/u_datapath/u_tr_array/GEN_LANES[4].u_ln_i/mux_msb_32_17/in_6[1] 	 (fanout : 1)
hpin:transformer_core_top/u_datapath/u_tr_array/GEN_LANES[4].u_ln_i/mux_msb_32_17/in_6[0] 	 (fanout : 1)
hpin:transformer_core_top/u_datapath/u_tr_array/GEN_LANES[4].u_ln_i/mux_msb_32_17/in_7[2] 	 (fanout : 1)
hpin:transformer_core_top/u_datapath/u_tr_array/GEN_LANES[4].u_ln_i/mux_msb_32_17/in_7[1] 	 (fanout : 1)
hpin:transformer_core_top/u_datapath/u_tr_array/GEN_LANES[4].u_ln_i/mux_msb_32_17/in_7[0] 	 (fanout : 1)
hpin:transformer_core_top/u_datapath/u_tr_array/GEN_LANES[4].u_ln_i/mux_msb_32_17/in_8[2] 	 (fanout : 1)
hpin:transformer_core_top/u_datapath/u_tr_array/GEN_LANES[4].u_ln_i/mux_msb_32_17/in_8[1] 	 (fanout : 1)
hpin:transformer_core_top/u_datapath/u_tr_array/GEN_LANES[4].u_ln_i/mux_msb_32_17/in_8[0] 	 (fanout : 1)
hpin:transformer_core_top/u_datapath/u_tr_array/GEN_LANES[4].u_ln_i/mux_38_27/in_1[4] 	 (fanout : 1)
hpin:transformer_core_top/u_datapath/u_tr_array/GEN_LANES[4].u_ln_i/mux_38_27/in_1[3] 	 (fanout : 1)
hpin:transformer_core_top/u_datapath/u_tr_array/GEN_LANES[4].u_ln_i/mux_38_27/in_1[2] 	 (fanout : 1)
hpin:transformer_core_top/u_datapath/u_tr_array/GEN_LANES[4].u_ln_i/mux_38_27/in_1[1] 	 (fanout : 1)
hpin:transformer_core_top/u_datapath/u_tr_array/GEN_LANES[4].u_ln_i/mux_38_27/in_1[0] 	 (fanout : 1)
hpin:transformer_core_top/u_datapath/u_tr_array/GEN_LANES[4].u_exp_i/u_round/eq_39_44/B 	 (fanout : 1)
hpin:transformer_core_top/u_datapath/u_tr_array/GEN_LANES[4].u_exp_i/u_round/add_36_61/B 	 (fanout : 2)
hpin:transformer_core_top/u_datapath/u_tr_array/GEN_LANES[5].u_ln_i/add_52_26/A[5] 	 (fanout : 5)
hpin:transformer_core_top/u_datapath/u_tr_array/GEN_LANES[5].u_ln_i/add_52_26/B[3] 	 (fanout : 2)
hpin:transformer_core_top/u_datapath/u_tr_array/GEN_LANES[5].u_ln_i/add_52_26/B[2] 	 (fanout : 2)
hpin:transformer_core_top/u_datapath/u_tr_array/GEN_LANES[5].u_ln_i/add_52_26/B[1] 	 (fanout : 2)
hpin:transformer_core_top/u_datapath/u_tr_array/GEN_LANES[5].u_ln_i/add_52_26/B[0] 	 (fanout : 2)
hpin:transformer_core_top/u_datapath/u_tr_array/GEN_LANES[5].u_ln_i/sub_38_41/A[2] 	 (fanout : 2)
hpin:transformer_core_top/u_datapath/u_tr_array/GEN_LANES[5].u_ln_i/sub_38_41/A[1] 	 (fanout : 2)
hpin:transformer_core_top/u_datapath/u_tr_array/GEN_LANES[5].u_ln_i/sub_38_41/A[0] 	 (fanout : 2)
hpin:transformer_core_top/u_datapath/u_tr_array/GEN_LANES[5].u_ln_i/add0013051/B[4] 	 (fanout : 1)
hpin:transformer_core_top/u_datapath/u_tr_array/GEN_LANES[5].u_ln_i/add0013051/B[3] 	 (fanout : 1)
hpin:transformer_core_top/u_datapath/u_tr_array/GEN_LANES[5].u_ln_i/add0013051/B[2] 	 (fanout : 2)
hpin:transformer_core_top/u_datapath/u_tr_array/GEN_LANES[5].u_ln_i/add0013051/B[1] 	 (fanout : 2)
hpin:transformer_core_top/u_datapath/u_tr_array/GEN_LANES[5].u_ln_i/add0013051/B[0] 	 (fanout : 2)
hpin:transformer_core_top/u_datapath/u_tr_array/GEN_LANES[5].u_ln_i/mux_msb_32_17/in_0[2] 	 (fanout : 1)
hpin:transformer_core_top/u_datapath/u_tr_array/GEN_LANES[5].u_ln_i/mux_msb_32_17/in_0[1] 	 (fanout : 1)
hpin:transformer_core_top/u_datapath/u_tr_array/GEN_LANES[5].u_ln_i/mux_msb_32_17/in_0[0] 	 (fanout : 1)
hpin:transformer_core_top/u_datapath/u_tr_array/GEN_LANES[5].u_ln_i/mux_msb_32_17/in_1[2] 	 (fanout : 1)
hpin:transformer_core_top/u_datapath/u_tr_array/GEN_LANES[5].u_ln_i/mux_msb_32_17/in_1[1] 	 (fanout : 1)
hpin:transformer_core_top/u_datapath/u_tr_array/GEN_LANES[5].u_ln_i/mux_msb_32_17/in_1[0] 	 (fanout : 1)
hpin:transformer_core_top/u_datapath/u_tr_array/GEN_LANES[5].u_ln_i/mux_msb_32_17/in_2[2] 	 (fanout : 1)
hpin:transformer_core_top/u_datapath/u_tr_array/GEN_LANES[5].u_ln_i/mux_msb_32_17/in_2[1] 	 (fanout : 1)
hpin:transformer_core_top/u_datapath/u_tr_array/GEN_LANES[5].u_ln_i/mux_msb_32_17/in_2[0] 	 (fanout : 1)
hpin:transformer_core_top/u_datapath/u_tr_array/GEN_LANES[5].u_ln_i/mux_msb_32_17/in_3[2] 	 (fanout : 1)
hpin:transformer_core_top/u_datapath/u_tr_array/GEN_LANES[5].u_ln_i/mux_msb_32_17/in_3[1] 	 (fanout : 1)
hpin:transformer_core_top/u_datapath/u_tr_array/GEN_LANES[5].u_ln_i/mux_msb_32_17/in_3[0] 	 (fanout : 1)
hpin:transformer_core_top/u_datapath/u_tr_array/GEN_LANES[5].u_ln_i/mux_msb_32_17/in_4[2] 	 (fanout : 1)
hpin:transformer_core_top/u_datapath/u_tr_array/GEN_LANES[5].u_ln_i/mux_msb_32_17/in_4[1] 	 (fanout : 1)
hpin:transformer_core_top/u_datapath/u_tr_array/GEN_LANES[5].u_ln_i/mux_msb_32_17/in_4[0] 	 (fanout : 1)
hpin:transformer_core_top/u_datapath/u_tr_array/GEN_LANES[5].u_ln_i/mux_msb_32_17/in_5[2] 	 (fanout : 1)
hpin:transformer_core_top/u_datapath/u_tr_array/GEN_LANES[5].u_ln_i/mux_msb_32_17/in_5[1] 	 (fanout : 1)
hpin:transformer_core_top/u_datapath/u_tr_array/GEN_LANES[5].u_ln_i/mux_msb_32_17/in_5[0] 	 (fanout : 1)
hpin:transformer_core_top/u_datapath/u_tr_array/GEN_LANES[5].u_ln_i/mux_msb_32_17/in_6[2] 	 (fanout : 1)
hpin:transformer_core_top/u_datapath/u_tr_array/GEN_LANES[5].u_ln_i/mux_msb_32_17/in_6[1] 	 (fanout : 1)
hpin:transformer_core_top/u_datapath/u_tr_array/GEN_LANES[5].u_ln_i/mux_msb_32_17/in_6[0] 	 (fanout : 1)
hpin:transformer_core_top/u_datapath/u_tr_array/GEN_LANES[5].u_ln_i/mux_msb_32_17/in_7[2] 	 (fanout : 1)
hpin:transformer_core_top/u_datapath/u_tr_array/GEN_LANES[5].u_ln_i/mux_msb_32_17/in_7[1] 	 (fanout : 1)
hpin:transformer_core_top/u_datapath/u_tr_array/GEN_LANES[5].u_ln_i/mux_msb_32_17/in_7[0] 	 (fanout : 1)
hpin:transformer_core_top/u_datapath/u_tr_array/GEN_LANES[5].u_ln_i/mux_msb_32_17/in_8[2] 	 (fanout : 1)
hpin:transformer_core_top/u_datapath/u_tr_array/GEN_LANES[5].u_ln_i/mux_msb_32_17/in_8[1] 	 (fanout : 1)
hpin:transformer_core_top/u_datapath/u_tr_array/GEN_LANES[5].u_ln_i/mux_msb_32_17/in_8[0] 	 (fanout : 1)
hpin:transformer_core_top/u_datapath/u_tr_array/GEN_LANES[5].u_ln_i/mux_38_27/in_1[4] 	 (fanout : 1)
hpin:transformer_core_top/u_datapath/u_tr_array/GEN_LANES[5].u_ln_i/mux_38_27/in_1[3] 	 (fanout : 1)
hpin:transformer_core_top/u_datapath/u_tr_array/GEN_LANES[5].u_ln_i/mux_38_27/in_1[2] 	 (fanout : 1)
hpin:transformer_core_top/u_datapath/u_tr_array/GEN_LANES[5].u_ln_i/mux_38_27/in_1[1] 	 (fanout : 1)
hpin:transformer_core_top/u_datapath/u_tr_array/GEN_LANES[5].u_ln_i/mux_38_27/in_1[0] 	 (fanout : 1)
hpin:transformer_core_top/u_datapath/u_tr_array/GEN_LANES[5].u_exp_i/u_round/eq_39_44/B 	 (fanout : 1)
hpin:transformer_core_top/u_datapath/u_tr_array/GEN_LANES[5].u_exp_i/u_round/add_36_61/B 	 (fanout : 2)
hpin:transformer_core_top/u_datapath/u_tr_array/GEN_LANES[6].u_ln_i/add_52_26/A[5] 	 (fanout : 5)
hpin:transformer_core_top/u_datapath/u_tr_array/GEN_LANES[6].u_ln_i/add_52_26/B[3] 	 (fanout : 2)
hpin:transformer_core_top/u_datapath/u_tr_array/GEN_LANES[6].u_ln_i/add_52_26/B[2] 	 (fanout : 2)
hpin:transformer_core_top/u_datapath/u_tr_array/GEN_LANES[6].u_ln_i/add_52_26/B[1] 	 (fanout : 2)
hpin:transformer_core_top/u_datapath/u_tr_array/GEN_LANES[6].u_ln_i/add_52_26/B[0] 	 (fanout : 2)
hpin:transformer_core_top/u_datapath/u_tr_array/GEN_LANES[6].u_ln_i/sub_38_41/A[2] 	 (fanout : 2)
hpin:transformer_core_top/u_datapath/u_tr_array/GEN_LANES[6].u_ln_i/sub_38_41/A[1] 	 (fanout : 2)
hpin:transformer_core_top/u_datapath/u_tr_array/GEN_LANES[6].u_ln_i/sub_38_41/A[0] 	 (fanout : 2)
hpin:transformer_core_top/u_datapath/u_tr_array/GEN_LANES[6].u_ln_i/add0013051/B[4] 	 (fanout : 1)
hpin:transformer_core_top/u_datapath/u_tr_array/GEN_LANES[6].u_ln_i/add0013051/B[3] 	 (fanout : 1)
hpin:transformer_core_top/u_datapath/u_tr_array/GEN_LANES[6].u_ln_i/add0013051/B[2] 	 (fanout : 2)
hpin:transformer_core_top/u_datapath/u_tr_array/GEN_LANES[6].u_ln_i/add0013051/B[1] 	 (fanout : 2)
hpin:transformer_core_top/u_datapath/u_tr_array/GEN_LANES[6].u_ln_i/add0013051/B[0] 	 (fanout : 2)
hpin:transformer_core_top/u_datapath/u_tr_array/GEN_LANES[6].u_ln_i/mux_msb_32_17/in_0[2] 	 (fanout : 1)
hpin:transformer_core_top/u_datapath/u_tr_array/GEN_LANES[6].u_ln_i/mux_msb_32_17/in_0[1] 	 (fanout : 1)
hpin:transformer_core_top/u_datapath/u_tr_array/GEN_LANES[6].u_ln_i/mux_msb_32_17/in_0[0] 	 (fanout : 1)
hpin:transformer_core_top/u_datapath/u_tr_array/GEN_LANES[6].u_ln_i/mux_msb_32_17/in_1[2] 	 (fanout : 1)
hpin:transformer_core_top/u_datapath/u_tr_array/GEN_LANES[6].u_ln_i/mux_msb_32_17/in_1[1] 	 (fanout : 1)
hpin:transformer_core_top/u_datapath/u_tr_array/GEN_LANES[6].u_ln_i/mux_msb_32_17/in_1[0] 	 (fanout : 1)
hpin:transformer_core_top/u_datapath/u_tr_array/GEN_LANES[6].u_ln_i/mux_msb_32_17/in_2[2] 	 (fanout : 1)
hpin:transformer_core_top/u_datapath/u_tr_array/GEN_LANES[6].u_ln_i/mux_msb_32_17/in_2[1] 	 (fanout : 1)
hpin:transformer_core_top/u_datapath/u_tr_array/GEN_LANES[6].u_ln_i/mux_msb_32_17/in_2[0] 	 (fanout : 1)
hpin:transformer_core_top/u_datapath/u_tr_array/GEN_LANES[6].u_ln_i/mux_msb_32_17/in_3[2] 	 (fanout : 1)
hpin:transformer_core_top/u_datapath/u_tr_array/GEN_LANES[6].u_ln_i/mux_msb_32_17/in_3[1] 	 (fanout : 1)
hpin:transformer_core_top/u_datapath/u_tr_array/GEN_LANES[6].u_ln_i/mux_msb_32_17/in_3[0] 	 (fanout : 1)
hpin:transformer_core_top/u_datapath/u_tr_array/GEN_LANES[6].u_ln_i/mux_msb_32_17/in_4[2] 	 (fanout : 1)
hpin:transformer_core_top/u_datapath/u_tr_array/GEN_LANES[6].u_ln_i/mux_msb_32_17/in_4[1] 	 (fanout : 1)
hpin:transformer_core_top/u_datapath/u_tr_array/GEN_LANES[6].u_ln_i/mux_msb_32_17/in_4[0] 	 (fanout : 1)
hpin:transformer_core_top/u_datapath/u_tr_array/GEN_LANES[6].u_ln_i/mux_msb_32_17/in_5[2] 	 (fanout : 1)
hpin:transformer_core_top/u_datapath/u_tr_array/GEN_LANES[6].u_ln_i/mux_msb_32_17/in_5[1] 	 (fanout : 1)
hpin:transformer_core_top/u_datapath/u_tr_array/GEN_LANES[6].u_ln_i/mux_msb_32_17/in_5[0] 	 (fanout : 1)
hpin:transformer_core_top/u_datapath/u_tr_array/GEN_LANES[6].u_ln_i/mux_msb_32_17/in_6[2] 	 (fanout : 1)
hpin:transformer_core_top/u_datapath/u_tr_array/GEN_LANES[6].u_ln_i/mux_msb_32_17/in_6[1] 	 (fanout : 1)
hpin:transformer_core_top/u_datapath/u_tr_array/GEN_LANES[6].u_ln_i/mux_msb_32_17/in_6[0] 	 (fanout : 1)
hpin:transformer_core_top/u_datapath/u_tr_array/GEN_LANES[6].u_ln_i/mux_msb_32_17/in_7[2] 	 (fanout : 1)
hpin:transformer_core_top/u_datapath/u_tr_array/GEN_LANES[6].u_ln_i/mux_msb_32_17/in_7[1] 	 (fanout : 1)
hpin:transformer_core_top/u_datapath/u_tr_array/GEN_LANES[6].u_ln_i/mux_msb_32_17/in_7[0] 	 (fanout : 1)
hpin:transformer_core_top/u_datapath/u_tr_array/GEN_LANES[6].u_ln_i/mux_msb_32_17/in_8[2] 	 (fanout : 1)
hpin:transformer_core_top/u_datapath/u_tr_array/GEN_LANES[6].u_ln_i/mux_msb_32_17/in_8[1] 	 (fanout : 1)
hpin:transformer_core_top/u_datapath/u_tr_array/GEN_LANES[6].u_ln_i/mux_msb_32_17/in_8[0] 	 (fanout : 1)
hpin:transformer_core_top/u_datapath/u_tr_array/GEN_LANES[6].u_ln_i/mux_38_27/in_1[4] 	 (fanout : 1)
hpin:transformer_core_top/u_datapath/u_tr_array/GEN_LANES[6].u_ln_i/mux_38_27/in_1[3] 	 (fanout : 1)
hpin:transformer_core_top/u_datapath/u_tr_array/GEN_LANES[6].u_ln_i/mux_38_27/in_1[2] 	 (fanout : 1)
hpin:transformer_core_top/u_datapath/u_tr_array/GEN_LANES[6].u_ln_i/mux_38_27/in_1[1] 	 (fanout : 1)
hpin:transformer_core_top/u_datapath/u_tr_array/GEN_LANES[6].u_ln_i/mux_38_27/in_1[0] 	 (fanout : 1)
hpin:transformer_core_top/u_datapath/u_tr_array/GEN_LANES[6].u_exp_i/u_round/eq_39_44/B 	 (fanout : 1)
hpin:transformer_core_top/u_datapath/u_tr_array/GEN_LANES[6].u_exp_i/u_round/add_36_61/B 	 (fanout : 2)
hpin:transformer_core_top/u_datapath/u_tr_array/GEN_LANES[7].u_ln_i/add_52_26/A[5] 	 (fanout : 5)
hpin:transformer_core_top/u_datapath/u_tr_array/GEN_LANES[7].u_ln_i/add_52_26/B[3] 	 (fanout : 2)
hpin:transformer_core_top/u_datapath/u_tr_array/GEN_LANES[7].u_ln_i/add_52_26/B[2] 	 (fanout : 2)
hpin:transformer_core_top/u_datapath/u_tr_array/GEN_LANES[7].u_ln_i/add_52_26/B[1] 	 (fanout : 2)
hpin:transformer_core_top/u_datapath/u_tr_array/GEN_LANES[7].u_ln_i/add_52_26/B[0] 	 (fanout : 2)
hpin:transformer_core_top/u_datapath/u_tr_array/GEN_LANES[7].u_ln_i/sub_38_41/A[2] 	 (fanout : 2)
hpin:transformer_core_top/u_datapath/u_tr_array/GEN_LANES[7].u_ln_i/sub_38_41/A[1] 	 (fanout : 2)
hpin:transformer_core_top/u_datapath/u_tr_array/GEN_LANES[7].u_ln_i/sub_38_41/A[0] 	 (fanout : 2)
hpin:transformer_core_top/u_datapath/u_tr_array/GEN_LANES[7].u_ln_i/add0013051/B[4] 	 (fanout : 1)
hpin:transformer_core_top/u_datapath/u_tr_array/GEN_LANES[7].u_ln_i/add0013051/B[3] 	 (fanout : 1)
hpin:transformer_core_top/u_datapath/u_tr_array/GEN_LANES[7].u_ln_i/add0013051/B[2] 	 (fanout : 2)
hpin:transformer_core_top/u_datapath/u_tr_array/GEN_LANES[7].u_ln_i/add0013051/B[1] 	 (fanout : 2)
hpin:transformer_core_top/u_datapath/u_tr_array/GEN_LANES[7].u_ln_i/add0013051/B[0] 	 (fanout : 2)
hpin:transformer_core_top/u_datapath/u_tr_array/GEN_LANES[7].u_ln_i/mux_msb_32_17/in_0[2] 	 (fanout : 1)
hpin:transformer_core_top/u_datapath/u_tr_array/GEN_LANES[7].u_ln_i/mux_msb_32_17/in_0[1] 	 (fanout : 1)
hpin:transformer_core_top/u_datapath/u_tr_array/GEN_LANES[7].u_ln_i/mux_msb_32_17/in_0[0] 	 (fanout : 1)
hpin:transformer_core_top/u_datapath/u_tr_array/GEN_LANES[7].u_ln_i/mux_msb_32_17/in_1[2] 	 (fanout : 1)
hpin:transformer_core_top/u_datapath/u_tr_array/GEN_LANES[7].u_ln_i/mux_msb_32_17/in_1[1] 	 (fanout : 1)
hpin:transformer_core_top/u_datapath/u_tr_array/GEN_LANES[7].u_ln_i/mux_msb_32_17/in_1[0] 	 (fanout : 1)
hpin:transformer_core_top/u_datapath/u_tr_array/GEN_LANES[7].u_ln_i/mux_msb_32_17/in_2[2] 	 (fanout : 1)
hpin:transformer_core_top/u_datapath/u_tr_array/GEN_LANES[7].u_ln_i/mux_msb_32_17/in_2[1] 	 (fanout : 1)
hpin:transformer_core_top/u_datapath/u_tr_array/GEN_LANES[7].u_ln_i/mux_msb_32_17/in_2[0] 	 (fanout : 1)
hpin:transformer_core_top/u_datapath/u_tr_array/GEN_LANES[7].u_ln_i/mux_msb_32_17/in_3[2] 	 (fanout : 1)
hpin:transformer_core_top/u_datapath/u_tr_array/GEN_LANES[7].u_ln_i/mux_msb_32_17/in_3[1] 	 (fanout : 1)
hpin:transformer_core_top/u_datapath/u_tr_array/GEN_LANES[7].u_ln_i/mux_msb_32_17/in_3[0] 	 (fanout : 1)
hpin:transformer_core_top/u_datapath/u_tr_array/GEN_LANES[7].u_ln_i/mux_msb_32_17/in_4[2] 	 (fanout : 1)
hpin:transformer_core_top/u_datapath/u_tr_array/GEN_LANES[7].u_ln_i/mux_msb_32_17/in_4[1] 	 (fanout : 1)
hpin:transformer_core_top/u_datapath/u_tr_array/GEN_LANES[7].u_ln_i/mux_msb_32_17/in_4[0] 	 (fanout : 1)
hpin:transformer_core_top/u_datapath/u_tr_array/GEN_LANES[7].u_ln_i/mux_msb_32_17/in_5[2] 	 (fanout : 1)
hpin:transformer_core_top/u_datapath/u_tr_array/GEN_LANES[7].u_ln_i/mux_msb_32_17/in_5[1] 	 (fanout : 1)
hpin:transformer_core_top/u_datapath/u_tr_array/GEN_LANES[7].u_ln_i/mux_msb_32_17/in_5[0] 	 (fanout : 1)
hpin:transformer_core_top/u_datapath/u_tr_array/GEN_LANES[7].u_ln_i/mux_msb_32_17/in_6[2] 	 (fanout : 1)
hpin:transformer_core_top/u_datapath/u_tr_array/GEN_LANES[7].u_ln_i/mux_msb_32_17/in_6[1] 	 (fanout : 1)
hpin:transformer_core_top/u_datapath/u_tr_array/GEN_LANES[7].u_ln_i/mux_msb_32_17/in_6[0] 	 (fanout : 1)
hpin:transformer_core_top/u_datapath/u_tr_array/GEN_LANES[7].u_ln_i/mux_msb_32_17/in_7[2] 	 (fanout : 1)
hpin:transformer_core_top/u_datapath/u_tr_array/GEN_LANES[7].u_ln_i/mux_msb_32_17/in_7[1] 	 (fanout : 1)
hpin:transformer_core_top/u_datapath/u_tr_array/GEN_LANES[7].u_ln_i/mux_msb_32_17/in_7[0] 	 (fanout : 1)
hpin:transformer_core_top/u_datapath/u_tr_array/GEN_LANES[7].u_ln_i/mux_msb_32_17/in_8[2] 	 (fanout : 1)
hpin:transformer_core_top/u_datapath/u_tr_array/GEN_LANES[7].u_ln_i/mux_msb_32_17/in_8[1] 	 (fanout : 1)
hpin:transformer_core_top/u_datapath/u_tr_array/GEN_LANES[7].u_ln_i/mux_msb_32_17/in_8[0] 	 (fanout : 1)
hpin:transformer_core_top/u_datapath/u_tr_array/GEN_LANES[7].u_ln_i/mux_38_27/in_1[4] 	 (fanout : 1)
hpin:transformer_core_top/u_datapath/u_tr_array/GEN_LANES[7].u_ln_i/mux_38_27/in_1[3] 	 (fanout : 1)
hpin:transformer_core_top/u_datapath/u_tr_array/GEN_LANES[7].u_ln_i/mux_38_27/in_1[2] 	 (fanout : 1)
hpin:transformer_core_top/u_datapath/u_tr_array/GEN_LANES[7].u_ln_i/mux_38_27/in_1[1] 	 (fanout : 1)
hpin:transformer_core_top/u_datapath/u_tr_array/GEN_LANES[7].u_ln_i/mux_38_27/in_1[0] 	 (fanout : 1)
hpin:transformer_core_top/u_datapath/u_tr_array/GEN_LANES[7].u_exp_i/u_round/eq_39_44/B 	 (fanout : 1)
hpin:transformer_core_top/u_datapath/u_tr_array/GEN_LANES[7].u_exp_i/u_round/add_36_61/B 	 (fanout : 2)
hpin:transformer_core_top/u_datapath/u_mac_engine/mul_118_58_I8/B[8] 	 (fanout : 8)
hpin:transformer_core_top/u_datapath/u_mac_engine/mul_121_66_I8/A[8] 	 (fanout : 9)
hpin:transformer_core_top/u_datapath/u_mac_engine/mul_121_66_I8/B[8] 	 (fanout : 9)
hpin:transformer_core_top/u_datapath/u_mac_engine/mul_118_58_I7/B[8] 	 (fanout : 8)
hpin:transformer_core_top/u_datapath/u_mac_engine/mul_121_66_I7/A[8] 	 (fanout : 9)
hpin:transformer_core_top/u_datapath/u_mac_engine/mul_121_66_I7/B[8] 	 (fanout : 9)
hpin:transformer_core_top/u_datapath/u_mac_engine/mul_118_58_I6/B[8] 	 (fanout : 8)
hpin:transformer_core_top/u_datapath/u_mac_engine/mul_121_66_I6/A[8] 	 (fanout : 9)
hpin:transformer_core_top/u_datapath/u_mac_engine/mul_121_66_I6/B[8] 	 (fanout : 9)
hpin:transformer_core_top/u_datapath/u_mac_engine/mul_118_58_I5/B[8] 	 (fanout : 8)
hpin:transformer_core_top/u_datapath/u_mac_engine/mul_121_66_I5/A[8] 	 (fanout : 9)
hpin:transformer_core_top/u_datapath/u_mac_engine/mul_121_66_I5/B[8] 	 (fanout : 9)
hpin:transformer_core_top/u_datapath/u_mac_engine/mul_118_58_I4/B[8] 	 (fanout : 8)
hpin:transformer_core_top/u_datapath/u_mac_engine/mul_121_66_I4/A[8] 	 (fanout : 9)
hpin:transformer_core_top/u_datapath/u_mac_engine/mul_121_66_I4/B[8] 	 (fanout : 9)
hpin:transformer_core_top/u_datapath/u_mac_engine/mul_118_58_I3/B[8] 	 (fanout : 8)
hpin:transformer_core_top/u_datapath/u_mac_engine/mul_121_66_I3/A[8] 	 (fanout : 9)
hpin:transformer_core_top/u_datapath/u_mac_engine/mul_121_66_I3/B[8] 	 (fanout : 9)
hpin:transformer_core_top/u_datapath/u_mac_engine/mul_118_58_I2/B[8] 	 (fanout : 8)
hpin:transformer_core_top/u_datapath/u_mac_engine/mul_121_66_I2/A[8] 	 (fanout : 9)
hpin:transformer_core_top/u_datapath/u_mac_engine/mul_121_66_I2/B[8] 	 (fanout : 9)
hpin:transformer_core_top/u_datapath/u_mac_engine/mul_118_58_I1/B[8] 	 (fanout : 8)
hpin:transformer_core_top/u_datapath/u_mac_engine/mul_121_66_I1/A[8] 	 (fanout : 9)
hpin:transformer_core_top/u_datapath/u_mac_engine/mul_121_66_I1/B[8] 	 (fanout : 9)
hpin:transformer_core_top/u_datapath/u_mac_engine/mux_out_vec[1]_180_21/in_0[31] 	 (fanout : 1)
hpin:transformer_core_top/u_datapath/u_mac_engine/mux_out_vec[1]_180_21/in_0[30] 	 (fanout : 1)
hpin:transformer_core_top/u_datapath/u_mac_engine/mux_out_vec[1]_180_21/in_0[29] 	 (fanout : 1)
hpin:transformer_core_top/u_datapath/u_mac_engine/mux_out_vec[1]_180_21/in_0[28] 	 (fanout : 1)
hpin:transformer_core_top/u_datapath/u_mac_engine/mux_out_vec[1]_180_21/in_0[27] 	 (fanout : 1)
hpin:transformer_core_top/u_datapath/u_mac_engine/mux_out_vec[1]_180_21/in_0[26] 	 (fanout : 1)
hpin:transformer_core_top/u_datapath/u_mac_engine/mux_out_vec[1]_180_21/in_0[25] 	 (fanout : 1)
hpin:transformer_core_top/u_datapath/u_mac_engine/mux_out_vec[1]_180_21/in_0[24] 	 (fanout : 1)
hpin:transformer_core_top/u_datapath/u_mac_engine/mux_out_vec[1]_180_21/in_0[23] 	 (fanout : 1)
hpin:transformer_core_top/u_datapath/u_mac_engine/mux_out_vec[1]_180_21/in_0[22] 	 (fanout : 1)
hpin:transformer_core_top/u_datapath/u_mac_engine/mux_out_vec[1]_180_21/in_0[21] 	 (fanout : 1)
hpin:transformer_core_top/u_datapath/u_mac_engine/mux_out_vec[1]_180_21/in_0[20] 	 (fanout : 1)
hpin:transformer_core_top/u_datapath/u_mac_engine/mux_out_vec[1]_180_21/in_0[19] 	 (fanout : 1)
hpin:transformer_core_top/u_datapath/u_mac_engine/mux_out_vec[1]_180_21/in_0[18] 	 (fanout : 1)
hpin:transformer_core_top/u_datapath/u_mac_engine/mux_out_vec[1]_180_21/in_0[17] 	 (fanout : 1)
hpin:transformer_core_top/u_datapath/u_mac_engine/mux_out_vec[1]_180_21/in_0[16] 	 (fanout : 1)
hpin:transformer_core_top/u_datapath/u_mac_engine/mux_out_vec[1]_180_21/in_0[15] 	 (fanout : 1)
hpin:transformer_core_top/u_datapath/u_mac_engine/mux_out_vec[1]_180_21/in_0[14] 	 (fanout : 1)
hpin:transformer_core_top/u_datapath/u_mac_engine/mux_out_vec[1]_180_21/in_0[13] 	 (fanout : 1)
hpin:transformer_core_top/u_datapath/u_mac_engine/mux_out_vec[1]_180_21/in_0[12] 	 (fanout : 1)
hpin:transformer_core_top/u_datapath/u_mac_engine/mux_out_vec[1]_180_21/in_0[11] 	 (fanout : 1)
hpin:transformer_core_top/u_datapath/u_mac_engine/mux_out_vec[1]_180_21/in_0[10] 	 (fanout : 1)
hpin:transformer_core_top/u_datapath/u_mac_engine/mux_out_vec[1]_180_21/in_0[9] 	 (fanout : 1)
hpin:transformer_core_top/u_datapath/u_mac_engine/mux_out_vec[1]_180_21/in_0[8] 	 (fanout : 1)
hpin:transformer_core_top/u_datapath/u_mac_engine/mux_out_vec[1]_180_21/in_0[7] 	 (fanout : 1)
hpin:transformer_core_top/u_datapath/u_mac_engine/mux_out_vec[1]_180_21/in_0[6] 	 (fanout : 1)
hpin:transformer_core_top/u_datapath/u_mac_engine/mux_out_vec[1]_180_21/in_0[5] 	 (fanout : 1)
hpin:transformer_core_top/u_datapath/u_mac_engine/mux_out_vec[1]_180_21/in_0[4] 	 (fanout : 1)
hpin:transformer_core_top/u_datapath/u_mac_engine/mux_out_vec[1]_180_21/in_0[3] 	 (fanout : 1)
hpin:transformer_core_top/u_datapath/u_mac_engine/mux_out_vec[1]_180_21/in_0[2] 	 (fanout : 1)
hpin:transformer_core_top/u_datapath/u_mac_engine/mux_out_vec[1]_180_21/in_0[1] 	 (fanout : 1)
hpin:transformer_core_top/u_datapath/u_mac_engine/mux_out_vec[1]_180_21/in_0[0] 	 (fanout : 1)
hpin:transformer_core_top/u_datapath/u_mac_engine/mux_out_vec[2]_180_21/in_0[31] 	 (fanout : 1)
hpin:transformer_core_top/u_datapath/u_mac_engine/mux_out_vec[2]_180_21/in_0[30] 	 (fanout : 1)
hpin:transformer_core_top/u_datapath/u_mac_engine/mux_out_vec[2]_180_21/in_0[29] 	 (fanout : 1)
hpin:transformer_core_top/u_datapath/u_mac_engine/mux_out_vec[2]_180_21/in_0[28] 	 (fanout : 1)
hpin:transformer_core_top/u_datapath/u_mac_engine/mux_out_vec[2]_180_21/in_0[27] 	 (fanout : 1)
hpin:transformer_core_top/u_datapath/u_mac_engine/mux_out_vec[2]_180_21/in_0[26] 	 (fanout : 1)
hpin:transformer_core_top/u_datapath/u_mac_engine/mux_out_vec[2]_180_21/in_0[25] 	 (fanout : 1)
hpin:transformer_core_top/u_datapath/u_mac_engine/mux_out_vec[2]_180_21/in_0[24] 	 (fanout : 1)
hpin:transformer_core_top/u_datapath/u_mac_engine/mux_out_vec[2]_180_21/in_0[23] 	 (fanout : 1)
hpin:transformer_core_top/u_datapath/u_mac_engine/mux_out_vec[2]_180_21/in_0[22] 	 (fanout : 1)
hpin:transformer_core_top/u_datapath/u_mac_engine/mux_out_vec[2]_180_21/in_0[21] 	 (fanout : 1)
hpin:transformer_core_top/u_datapath/u_mac_engine/mux_out_vec[2]_180_21/in_0[20] 	 (fanout : 1)
hpin:transformer_core_top/u_datapath/u_mac_engine/mux_out_vec[2]_180_21/in_0[19] 	 (fanout : 1)
hpin:transformer_core_top/u_datapath/u_mac_engine/mux_out_vec[2]_180_21/in_0[18] 	 (fanout : 1)
hpin:transformer_core_top/u_datapath/u_mac_engine/mux_out_vec[2]_180_21/in_0[17] 	 (fanout : 1)
hpin:transformer_core_top/u_datapath/u_mac_engine/mux_out_vec[2]_180_21/in_0[16] 	 (fanout : 1)
hpin:transformer_core_top/u_datapath/u_mac_engine/mux_out_vec[2]_180_21/in_0[15] 	 (fanout : 1)
hpin:transformer_core_top/u_datapath/u_mac_engine/mux_out_vec[2]_180_21/in_0[14] 	 (fanout : 1)
hpin:transformer_core_top/u_datapath/u_mac_engine/mux_out_vec[2]_180_21/in_0[13] 	 (fanout : 1)
hpin:transformer_core_top/u_datapath/u_mac_engine/mux_out_vec[2]_180_21/in_0[12] 	 (fanout : 1)
hpin:transformer_core_top/u_datapath/u_mac_engine/mux_out_vec[2]_180_21/in_0[11] 	 (fanout : 1)
hpin:transformer_core_top/u_datapath/u_mac_engine/mux_out_vec[2]_180_21/in_0[10] 	 (fanout : 1)
hpin:transformer_core_top/u_datapath/u_mac_engine/mux_out_vec[2]_180_21/in_0[9] 	 (fanout : 1)
hpin:transformer_core_top/u_datapath/u_mac_engine/mux_out_vec[2]_180_21/in_0[8] 	 (fanout : 1)
hpin:transformer_core_top/u_datapath/u_mac_engine/mux_out_vec[2]_180_21/in_0[7] 	 (fanout : 1)
hpin:transformer_core_top/u_datapath/u_mac_engine/mux_out_vec[2]_180_21/in_0[6] 	 (fanout : 1)
hpin:transformer_core_top/u_datapath/u_mac_engine/mux_out_vec[2]_180_21/in_0[5] 	 (fanout : 1)
hpin:transformer_core_top/u_datapath/u_mac_engine/mux_out_vec[2]_180_21/in_0[4] 	 (fanout : 1)
hpin:transformer_core_top/u_datapath/u_mac_engine/mux_out_vec[2]_180_21/in_0[3] 	 (fanout : 1)
hpin:transformer_core_top/u_datapath/u_mac_engine/mux_out_vec[2]_180_21/in_0[2] 	 (fanout : 1)
hpin:transformer_core_top/u_datapath/u_mac_engine/mux_out_vec[2]_180_21/in_0[1] 	 (fanout : 1)
hpin:transformer_core_top/u_datapath/u_mac_engine/mux_out_vec[2]_180_21/in_0[0] 	 (fanout : 1)
hpin:transformer_core_top/u_datapath/u_mac_engine/mux_out_vec[3]_180_21/in_0[31] 	 (fanout : 1)
hpin:transformer_core_top/u_datapath/u_mac_engine/mux_out_vec[3]_180_21/in_0[30] 	 (fanout : 1)
hpin:transformer_core_top/u_datapath/u_mac_engine/mux_out_vec[3]_180_21/in_0[29] 	 (fanout : 1)
hpin:transformer_core_top/u_datapath/u_mac_engine/mux_out_vec[3]_180_21/in_0[28] 	 (fanout : 1)
hpin:transformer_core_top/u_datapath/u_mac_engine/mux_out_vec[3]_180_21/in_0[27] 	 (fanout : 1)
hpin:transformer_core_top/u_datapath/u_mac_engine/mux_out_vec[3]_180_21/in_0[26] 	 (fanout : 1)
hpin:transformer_core_top/u_datapath/u_mac_engine/mux_out_vec[3]_180_21/in_0[25] 	 (fanout : 1)
hpin:transformer_core_top/u_datapath/u_mac_engine/mux_out_vec[3]_180_21/in_0[24] 	 (fanout : 1)
hpin:transformer_core_top/u_datapath/u_mac_engine/mux_out_vec[3]_180_21/in_0[23] 	 (fanout : 1)
hpin:transformer_core_top/u_datapath/u_mac_engine/mux_out_vec[3]_180_21/in_0[22] 	 (fanout : 1)
hpin:transformer_core_top/u_datapath/u_mac_engine/mux_out_vec[3]_180_21/in_0[21] 	 (fanout : 1)
hpin:transformer_core_top/u_datapath/u_mac_engine/mux_out_vec[3]_180_21/in_0[20] 	 (fanout : 1)
hpin:transformer_core_top/u_datapath/u_mac_engine/mux_out_vec[3]_180_21/in_0[19] 	 (fanout : 1)
hpin:transformer_core_top/u_datapath/u_mac_engine/mux_out_vec[3]_180_21/in_0[18] 	 (fanout : 1)
hpin:transformer_core_top/u_datapath/u_mac_engine/mux_out_vec[3]_180_21/in_0[17] 	 (fanout : 1)
hpin:transformer_core_top/u_datapath/u_mac_engine/mux_out_vec[3]_180_21/in_0[16] 	 (fanout : 1)
hpin:transformer_core_top/u_datapath/u_mac_engine/mux_out_vec[3]_180_21/in_0[15] 	 (fanout : 1)
hpin:transformer_core_top/u_datapath/u_mac_engine/mux_out_vec[3]_180_21/in_0[14] 	 (fanout : 1)
hpin:transformer_core_top/u_datapath/u_mac_engine/mux_out_vec[3]_180_21/in_0[13] 	 (fanout : 1)
hpin:transformer_core_top/u_datapath/u_mac_engine/mux_out_vec[3]_180_21/in_0[12] 	 (fanout : 1)
hpin:transformer_core_top/u_datapath/u_mac_engine/mux_out_vec[3]_180_21/in_0[11] 	 (fanout : 1)
hpin:transformer_core_top/u_datapath/u_mac_engine/mux_out_vec[3]_180_21/in_0[10] 	 (fanout : 1)
hpin:transformer_core_top/u_datapath/u_mac_engine/mux_out_vec[3]_180_21/in_0[9] 	 (fanout : 1)
hpin:transformer_core_top/u_datapath/u_mac_engine/mux_out_vec[3]_180_21/in_0[8] 	 (fanout : 1)
hpin:transformer_core_top/u_datapath/u_mac_engine/mux_out_vec[3]_180_21/in_0[7] 	 (fanout : 1)
hpin:transformer_core_top/u_datapath/u_mac_engine/mux_out_vec[3]_180_21/in_0[6] 	 (fanout : 1)
hpin:transformer_core_top/u_datapath/u_mac_engine/mux_out_vec[3]_180_21/in_0[5] 	 (fanout : 1)
hpin:transformer_core_top/u_datapath/u_mac_engine/mux_out_vec[3]_180_21/in_0[4] 	 (fanout : 1)
hpin:transformer_core_top/u_datapath/u_mac_engine/mux_out_vec[3]_180_21/in_0[3] 	 (fanout : 1)
hpin:transformer_core_top/u_datapath/u_mac_engine/mux_out_vec[3]_180_21/in_0[2] 	 (fanout : 1)
hpin:transformer_core_top/u_datapath/u_mac_engine/mux_out_vec[3]_180_21/in_0[1] 	 (fanout : 1)
hpin:transformer_core_top/u_datapath/u_mac_engine/mux_out_vec[3]_180_21/in_0[0] 	 (fanout : 1)
hpin:transformer_core_top/u_datapath/u_mac_engine/mux_out_vec[4]_180_21/in_0[31] 	 (fanout : 1)
hpin:transformer_core_top/u_datapath/u_mac_engine/mux_out_vec[4]_180_21/in_0[30] 	 (fanout : 1)
hpin:transformer_core_top/u_datapath/u_mac_engine/mux_out_vec[4]_180_21/in_0[29] 	 (fanout : 1)
hpin:transformer_core_top/u_datapath/u_mac_engine/mux_out_vec[4]_180_21/in_0[28] 	 (fanout : 1)
hpin:transformer_core_top/u_datapath/u_mac_engine/mux_out_vec[4]_180_21/in_0[27] 	 (fanout : 1)
hpin:transformer_core_top/u_datapath/u_mac_engine/mux_out_vec[4]_180_21/in_0[26] 	 (fanout : 1)
hpin:transformer_core_top/u_datapath/u_mac_engine/mux_out_vec[4]_180_21/in_0[25] 	 (fanout : 1)
hpin:transformer_core_top/u_datapath/u_mac_engine/mux_out_vec[4]_180_21/in_0[24] 	 (fanout : 1)
hpin:transformer_core_top/u_datapath/u_mac_engine/mux_out_vec[4]_180_21/in_0[23] 	 (fanout : 1)
hpin:transformer_core_top/u_datapath/u_mac_engine/mux_out_vec[4]_180_21/in_0[22] 	 (fanout : 1)
hpin:transformer_core_top/u_datapath/u_mac_engine/mux_out_vec[4]_180_21/in_0[21] 	 (fanout : 1)
hpin:transformer_core_top/u_datapath/u_mac_engine/mux_out_vec[4]_180_21/in_0[20] 	 (fanout : 1)
hpin:transformer_core_top/u_datapath/u_mac_engine/mux_out_vec[4]_180_21/in_0[19] 	 (fanout : 1)
hpin:transformer_core_top/u_datapath/u_mac_engine/mux_out_vec[4]_180_21/in_0[18] 	 (fanout : 1)
hpin:transformer_core_top/u_datapath/u_mac_engine/mux_out_vec[4]_180_21/in_0[17] 	 (fanout : 1)
hpin:transformer_core_top/u_datapath/u_mac_engine/mux_out_vec[4]_180_21/in_0[16] 	 (fanout : 1)
hpin:transformer_core_top/u_datapath/u_mac_engine/mux_out_vec[4]_180_21/in_0[15] 	 (fanout : 1)
hpin:transformer_core_top/u_datapath/u_mac_engine/mux_out_vec[4]_180_21/in_0[14] 	 (fanout : 1)
hpin:transformer_core_top/u_datapath/u_mac_engine/mux_out_vec[4]_180_21/in_0[13] 	 (fanout : 1)
hpin:transformer_core_top/u_datapath/u_mac_engine/mux_out_vec[4]_180_21/in_0[12] 	 (fanout : 1)
hpin:transformer_core_top/u_datapath/u_mac_engine/mux_out_vec[4]_180_21/in_0[11] 	 (fanout : 1)
hpin:transformer_core_top/u_datapath/u_mac_engine/mux_out_vec[4]_180_21/in_0[10] 	 (fanout : 1)
hpin:transformer_core_top/u_datapath/u_mac_engine/mux_out_vec[4]_180_21/in_0[9] 	 (fanout : 1)
hpin:transformer_core_top/u_datapath/u_mac_engine/mux_out_vec[4]_180_21/in_0[8] 	 (fanout : 1)
hpin:transformer_core_top/u_datapath/u_mac_engine/mux_out_vec[4]_180_21/in_0[7] 	 (fanout : 1)
hpin:transformer_core_top/u_datapath/u_mac_engine/mux_out_vec[4]_180_21/in_0[6] 	 (fanout : 1)
hpin:transformer_core_top/u_datapath/u_mac_engine/mux_out_vec[4]_180_21/in_0[5] 	 (fanout : 1)
hpin:transformer_core_top/u_datapath/u_mac_engine/mux_out_vec[4]_180_21/in_0[4] 	 (fanout : 1)
hpin:transformer_core_top/u_datapath/u_mac_engine/mux_out_vec[4]_180_21/in_0[3] 	 (fanout : 1)
hpin:transformer_core_top/u_datapath/u_mac_engine/mux_out_vec[4]_180_21/in_0[2] 	 (fanout : 1)
hpin:transformer_core_top/u_datapath/u_mac_engine/mux_out_vec[4]_180_21/in_0[1] 	 (fanout : 1)
hpin:transformer_core_top/u_datapath/u_mac_engine/mux_out_vec[4]_180_21/in_0[0] 	 (fanout : 1)
hpin:transformer_core_top/u_datapath/u_mac_engine/mux_out_vec[5]_180_21/in_0[31] 	 (fanout : 1)
hpin:transformer_core_top/u_datapath/u_mac_engine/mux_out_vec[5]_180_21/in_0[30] 	 (fanout : 1)
hpin:transformer_core_top/u_datapath/u_mac_engine/mux_out_vec[5]_180_21/in_0[29] 	 (fanout : 1)
hpin:transformer_core_top/u_datapath/u_mac_engine/mux_out_vec[5]_180_21/in_0[28] 	 (fanout : 1)
hpin:transformer_core_top/u_datapath/u_mac_engine/mux_out_vec[5]_180_21/in_0[27] 	 (fanout : 1)
hpin:transformer_core_top/u_datapath/u_mac_engine/mux_out_vec[5]_180_21/in_0[26] 	 (fanout : 1)
hpin:transformer_core_top/u_datapath/u_mac_engine/mux_out_vec[5]_180_21/in_0[25] 	 (fanout : 1)
hpin:transformer_core_top/u_datapath/u_mac_engine/mux_out_vec[5]_180_21/in_0[24] 	 (fanout : 1)
hpin:transformer_core_top/u_datapath/u_mac_engine/mux_out_vec[5]_180_21/in_0[23] 	 (fanout : 1)
hpin:transformer_core_top/u_datapath/u_mac_engine/mux_out_vec[5]_180_21/in_0[22] 	 (fanout : 1)
hpin:transformer_core_top/u_datapath/u_mac_engine/mux_out_vec[5]_180_21/in_0[21] 	 (fanout : 1)
hpin:transformer_core_top/u_datapath/u_mac_engine/mux_out_vec[5]_180_21/in_0[20] 	 (fanout : 1)
hpin:transformer_core_top/u_datapath/u_mac_engine/mux_out_vec[5]_180_21/in_0[19] 	 (fanout : 1)
hpin:transformer_core_top/u_datapath/u_mac_engine/mux_out_vec[5]_180_21/in_0[18] 	 (fanout : 1)
hpin:transformer_core_top/u_datapath/u_mac_engine/mux_out_vec[5]_180_21/in_0[17] 	 (fanout : 1)
hpin:transformer_core_top/u_datapath/u_mac_engine/mux_out_vec[5]_180_21/in_0[16] 	 (fanout : 1)
hpin:transformer_core_top/u_datapath/u_mac_engine/mux_out_vec[5]_180_21/in_0[15] 	 (fanout : 1)
hpin:transformer_core_top/u_datapath/u_mac_engine/mux_out_vec[5]_180_21/in_0[14] 	 (fanout : 1)
hpin:transformer_core_top/u_datapath/u_mac_engine/mux_out_vec[5]_180_21/in_0[13] 	 (fanout : 1)
hpin:transformer_core_top/u_datapath/u_mac_engine/mux_out_vec[5]_180_21/in_0[12] 	 (fanout : 1)
hpin:transformer_core_top/u_datapath/u_mac_engine/mux_out_vec[5]_180_21/in_0[11] 	 (fanout : 1)
hpin:transformer_core_top/u_datapath/u_mac_engine/mux_out_vec[5]_180_21/in_0[10] 	 (fanout : 1)
hpin:transformer_core_top/u_datapath/u_mac_engine/mux_out_vec[5]_180_21/in_0[9] 	 (fanout : 1)
hpin:transformer_core_top/u_datapath/u_mac_engine/mux_out_vec[5]_180_21/in_0[8] 	 (fanout : 1)
hpin:transformer_core_top/u_datapath/u_mac_engine/mux_out_vec[5]_180_21/in_0[7] 	 (fanout : 1)
hpin:transformer_core_top/u_datapath/u_mac_engine/mux_out_vec[5]_180_21/in_0[6] 	 (fanout : 1)
hpin:transformer_core_top/u_datapath/u_mac_engine/mux_out_vec[5]_180_21/in_0[5] 	 (fanout : 1)
hpin:transformer_core_top/u_datapath/u_mac_engine/mux_out_vec[5]_180_21/in_0[4] 	 (fanout : 1)
hpin:transformer_core_top/u_datapath/u_mac_engine/mux_out_vec[5]_180_21/in_0[3] 	 (fanout : 1)
hpin:transformer_core_top/u_datapath/u_mac_engine/mux_out_vec[5]_180_21/in_0[2] 	 (fanout : 1)
hpin:transformer_core_top/u_datapath/u_mac_engine/mux_out_vec[5]_180_21/in_0[1] 	 (fanout : 1)
hpin:transformer_core_top/u_datapath/u_mac_engine/mux_out_vec[5]_180_21/in_0[0] 	 (fanout : 1)
hpin:transformer_core_top/u_datapath/u_mac_engine/mux_out_vec[6]_180_21/in_0[31] 	 (fanout : 1)
hpin:transformer_core_top/u_datapath/u_mac_engine/mux_out_vec[6]_180_21/in_0[30] 	 (fanout : 1)
hpin:transformer_core_top/u_datapath/u_mac_engine/mux_out_vec[6]_180_21/in_0[29] 	 (fanout : 1)
hpin:transformer_core_top/u_datapath/u_mac_engine/mux_out_vec[6]_180_21/in_0[28] 	 (fanout : 1)
hpin:transformer_core_top/u_datapath/u_mac_engine/mux_out_vec[6]_180_21/in_0[27] 	 (fanout : 1)
hpin:transformer_core_top/u_datapath/u_mac_engine/mux_out_vec[6]_180_21/in_0[26] 	 (fanout : 1)
hpin:transformer_core_top/u_datapath/u_mac_engine/mux_out_vec[6]_180_21/in_0[25] 	 (fanout : 1)
hpin:transformer_core_top/u_datapath/u_mac_engine/mux_out_vec[6]_180_21/in_0[24] 	 (fanout : 1)
hpin:transformer_core_top/u_datapath/u_mac_engine/mux_out_vec[6]_180_21/in_0[23] 	 (fanout : 1)
hpin:transformer_core_top/u_datapath/u_mac_engine/mux_out_vec[6]_180_21/in_0[22] 	 (fanout : 1)
hpin:transformer_core_top/u_datapath/u_mac_engine/mux_out_vec[6]_180_21/in_0[21] 	 (fanout : 1)
hpin:transformer_core_top/u_datapath/u_mac_engine/mux_out_vec[6]_180_21/in_0[20] 	 (fanout : 1)
hpin:transformer_core_top/u_datapath/u_mac_engine/mux_out_vec[6]_180_21/in_0[19] 	 (fanout : 1)
hpin:transformer_core_top/u_datapath/u_mac_engine/mux_out_vec[6]_180_21/in_0[18] 	 (fanout : 1)
hpin:transformer_core_top/u_datapath/u_mac_engine/mux_out_vec[6]_180_21/in_0[17] 	 (fanout : 1)
hpin:transformer_core_top/u_datapath/u_mac_engine/mux_out_vec[6]_180_21/in_0[16] 	 (fanout : 1)
hpin:transformer_core_top/u_datapath/u_mac_engine/mux_out_vec[6]_180_21/in_0[15] 	 (fanout : 1)
hpin:transformer_core_top/u_datapath/u_mac_engine/mux_out_vec[6]_180_21/in_0[14] 	 (fanout : 1)
hpin:transformer_core_top/u_datapath/u_mac_engine/mux_out_vec[6]_180_21/in_0[13] 	 (fanout : 1)
hpin:transformer_core_top/u_datapath/u_mac_engine/mux_out_vec[6]_180_21/in_0[12] 	 (fanout : 1)
hpin:transformer_core_top/u_datapath/u_mac_engine/mux_out_vec[6]_180_21/in_0[11] 	 (fanout : 1)
hpin:transformer_core_top/u_datapath/u_mac_engine/mux_out_vec[6]_180_21/in_0[10] 	 (fanout : 1)
hpin:transformer_core_top/u_datapath/u_mac_engine/mux_out_vec[6]_180_21/in_0[9] 	 (fanout : 1)
hpin:transformer_core_top/u_datapath/u_mac_engine/mux_out_vec[6]_180_21/in_0[8] 	 (fanout : 1)
hpin:transformer_core_top/u_datapath/u_mac_engine/mux_out_vec[6]_180_21/in_0[7] 	 (fanout : 1)
hpin:transformer_core_top/u_datapath/u_mac_engine/mux_out_vec[6]_180_21/in_0[6] 	 (fanout : 1)
hpin:transformer_core_top/u_datapath/u_mac_engine/mux_out_vec[6]_180_21/in_0[5] 	 (fanout : 1)
hpin:transformer_core_top/u_datapath/u_mac_engine/mux_out_vec[6]_180_21/in_0[4] 	 (fanout : 1)
hpin:transformer_core_top/u_datapath/u_mac_engine/mux_out_vec[6]_180_21/in_0[3] 	 (fanout : 1)
hpin:transformer_core_top/u_datapath/u_mac_engine/mux_out_vec[6]_180_21/in_0[2] 	 (fanout : 1)
hpin:transformer_core_top/u_datapath/u_mac_engine/mux_out_vec[6]_180_21/in_0[1] 	 (fanout : 1)
hpin:transformer_core_top/u_datapath/u_mac_engine/mux_out_vec[6]_180_21/in_0[0] 	 (fanout : 1)
hpin:transformer_core_top/u_datapath/u_mac_engine/mux_out_vec[7]_180_21/in_0[31] 	 (fanout : 1)
hpin:transformer_core_top/u_datapath/u_mac_engine/mux_out_vec[7]_180_21/in_0[30] 	 (fanout : 1)
hpin:transformer_core_top/u_datapath/u_mac_engine/mux_out_vec[7]_180_21/in_0[29] 	 (fanout : 1)
hpin:transformer_core_top/u_datapath/u_mac_engine/mux_out_vec[7]_180_21/in_0[28] 	 (fanout : 1)
hpin:transformer_core_top/u_datapath/u_mac_engine/mux_out_vec[7]_180_21/in_0[27] 	 (fanout : 1)
hpin:transformer_core_top/u_datapath/u_mac_engine/mux_out_vec[7]_180_21/in_0[26] 	 (fanout : 1)
hpin:transformer_core_top/u_datapath/u_mac_engine/mux_out_vec[7]_180_21/in_0[25] 	 (fanout : 1)
hpin:transformer_core_top/u_datapath/u_mac_engine/mux_out_vec[7]_180_21/in_0[24] 	 (fanout : 1)
hpin:transformer_core_top/u_datapath/u_mac_engine/mux_out_vec[7]_180_21/in_0[23] 	 (fanout : 1)
hpin:transformer_core_top/u_datapath/u_mac_engine/mux_out_vec[7]_180_21/in_0[22] 	 (fanout : 1)
hpin:transformer_core_top/u_datapath/u_mac_engine/mux_out_vec[7]_180_21/in_0[21] 	 (fanout : 1)
hpin:transformer_core_top/u_datapath/u_mac_engine/mux_out_vec[7]_180_21/in_0[20] 	 (fanout : 1)
hpin:transformer_core_top/u_datapath/u_mac_engine/mux_out_vec[7]_180_21/in_0[19] 	 (fanout : 1)
hpin:transformer_core_top/u_datapath/u_mac_engine/mux_out_vec[7]_180_21/in_0[18] 	 (fanout : 1)
hpin:transformer_core_top/u_datapath/u_mac_engine/mux_out_vec[7]_180_21/in_0[17] 	 (fanout : 1)
hpin:transformer_core_top/u_datapath/u_mac_engine/mux_out_vec[7]_180_21/in_0[16] 	 (fanout : 1)
hpin:transformer_core_top/u_datapath/u_mac_engine/mux_out_vec[7]_180_21/in_0[15] 	 (fanout : 1)
hpin:transformer_core_top/u_datapath/u_mac_engine/mux_out_vec[7]_180_21/in_0[14] 	 (fanout : 1)
hpin:transformer_core_top/u_datapath/u_mac_engine/mux_out_vec[7]_180_21/in_0[13] 	 (fanout : 1)
hpin:transformer_core_top/u_datapath/u_mac_engine/mux_out_vec[7]_180_21/in_0[12] 	 (fanout : 1)
hpin:transformer_core_top/u_datapath/u_mac_engine/mux_out_vec[7]_180_21/in_0[11] 	 (fanout : 1)
hpin:transformer_core_top/u_datapath/u_mac_engine/mux_out_vec[7]_180_21/in_0[10] 	 (fanout : 1)
hpin:transformer_core_top/u_datapath/u_mac_engine/mux_out_vec[7]_180_21/in_0[9] 	 (fanout : 1)
hpin:transformer_core_top/u_datapath/u_mac_engine/mux_out_vec[7]_180_21/in_0[8] 	 (fanout : 1)
hpin:transformer_core_top/u_datapath/u_mac_engine/mux_out_vec[7]_180_21/in_0[7] 	 (fanout : 1)
hpin:transformer_core_top/u_datapath/u_mac_engine/mux_out_vec[7]_180_21/in_0[6] 	 (fanout : 1)
hpin:transformer_core_top/u_datapath/u_mac_engine/mux_out_vec[7]_180_21/in_0[5] 	 (fanout : 1)
hpin:transformer_core_top/u_datapath/u_mac_engine/mux_out_vec[7]_180_21/in_0[4] 	 (fanout : 1)
hpin:transformer_core_top/u_datapath/u_mac_engine/mux_out_vec[7]_180_21/in_0[3] 	 (fanout : 1)
hpin:transformer_core_top/u_datapath/u_mac_engine/mux_out_vec[7]_180_21/in_0[2] 	 (fanout : 1)
hpin:transformer_core_top/u_datapath/u_mac_engine/mux_out_vec[7]_180_21/in_0[1] 	 (fanout : 1)
hpin:transformer_core_top/u_datapath/u_mac_engine/mux_out_vec[7]_180_21/in_0[0] 	 (fanout : 1)
hpin:transformer_core_top/u_datapath/u_mac_engine/mux_out_valid_mask_180_21/in_0[6] 	 (fanout : 1)
hpin:transformer_core_top/u_datapath/u_mac_engine/mux_out_valid_mask_180_21/in_0[5] 	 (fanout : 1)
hpin:transformer_core_top/u_datapath/u_mac_engine/mux_out_valid_mask_180_21/in_0[4] 	 (fanout : 1)
hpin:transformer_core_top/u_datapath/u_mac_engine/mux_out_valid_mask_180_21/in_0[3] 	 (fanout : 1)
hpin:transformer_core_top/u_datapath/u_mac_engine/mux_out_valid_mask_180_21/in_0[2] 	 (fanout : 1)
hpin:transformer_core_top/u_datapath/u_mac_engine/mux_out_valid_mask_180_21/in_0[1] 	 (fanout : 1)
hpin:transformer_core_top/u_datapath/u_mac_engine/mux_out_valid_mask_180_21/in_0[0] 	 (fanout : 1)
hpin:transformer_core_top/u_datapath/u_mac_engine/mux_out_valid_mask_180_21/in_1[6] 	 (fanout : 1)
hpin:transformer_core_top/u_datapath/u_mac_engine/mux_out_valid_mask_180_21/in_1[5] 	 (fanout : 1)
hpin:transformer_core_top/u_datapath/u_mac_engine/mux_out_valid_mask_180_21/in_1[4] 	 (fanout : 1)
hpin:transformer_core_top/u_datapath/u_mac_engine/mux_out_valid_mask_180_21/in_1[3] 	 (fanout : 1)
hpin:transformer_core_top/u_datapath/u_mac_engine/mux_out_valid_mask_180_21/in_1[2] 	 (fanout : 1)
hpin:transformer_core_top/u_datapath/u_mac_engine/mux_out_valid_mask_180_21/in_1[1] 	 (fanout : 1)
hpin:transformer_core_top/u_datapath/u_mac_engine/mux_out_valid_mask_180_21/in_1[0] 	 (fanout : 1)
hpin:transformer_core_top/u_datapath/u_tr_array/x_scalar_in[19] 	 (fanout : 2)
hpin:transformer_core_top/u_datapath/u_tr_array/x_scalar_in[18] 	 (fanout : 2)
hpin:transformer_core_top/u_datapath/u_tr_array/x_scalar_in[17] 	 (fanout : 2)
hpin:transformer_core_top/u_datapath/u_mac_engine/out_ready 	 (fanout : 1)
hpin:transformer_core_top/u_datapath/add_179_63/B[7] 	 (fanout : 49)
hpin:transformer_core_top/u_datapath/add_179_63/B[6] 	 (fanout : 2)
hpin:transformer_core_top/u_datapath/add_179_63/B[5] 	 (fanout : 2)
hpin:transformer_core_top/u_datapath/add_179_63/B[4] 	 (fanout : 2)
hpin:transformer_core_top/u_datapath/add_179_63/B[3] 	 (fanout : 2)
hpin:transformer_core_top/u_datapath/add_179_63/B[2] 	 (fanout : 2)
hpin:transformer_core_top/u_datapath/add_179_63/B[1] 	 (fanout : 2)
hpin:transformer_core_top/u_datapath/add_179_63/B[0] 	 (fanout : 2)
hpin:transformer_core_top/u_datapath/add_147_48_I8/B[5] 	 (fanout : 3)
hpin:transformer_core_top/u_datapath/add_147_48_I8/B[4] 	 (fanout : 2)
hpin:transformer_core_top/u_datapath/add_147_48_I8/B[3] 	 (fanout : 2)
hpin:transformer_core_top/u_datapath/add_147_48_I8/B[2] 	 (fanout : 2)
hpin:transformer_core_top/u_datapath/add_147_48_I8/B[1] 	 (fanout : 2)
hpin:transformer_core_top/u_datapath/add_147_48_I8/B[0] 	 (fanout : 2)
hpin:transformer_core_top/u_datapath/add_147_48_I7/B[5] 	 (fanout : 3)
hpin:transformer_core_top/u_datapath/add_147_48_I7/B[4] 	 (fanout : 2)
hpin:transformer_core_top/u_datapath/add_147_48_I7/B[3] 	 (fanout : 2)
hpin:transformer_core_top/u_datapath/add_147_48_I7/B[2] 	 (fanout : 2)
hpin:transformer_core_top/u_datapath/add_147_48_I7/B[1] 	 (fanout : 2)
hpin:transformer_core_top/u_datapath/add_147_48_I7/B[0] 	 (fanout : 2)
hpin:transformer_core_top/u_datapath/add_147_48_I6/B[5] 	 (fanout : 3)
hpin:transformer_core_top/u_datapath/add_147_48_I6/B[4] 	 (fanout : 2)
hpin:transformer_core_top/u_datapath/add_147_48_I6/B[3] 	 (fanout : 2)
hpin:transformer_core_top/u_datapath/add_147_48_I6/B[2] 	 (fanout : 2)
hpin:transformer_core_top/u_datapath/add_147_48_I6/B[1] 	 (fanout : 2)
hpin:transformer_core_top/u_datapath/add_147_48_I6/B[0] 	 (fanout : 2)
hpin:transformer_core_top/u_datapath/add_147_48_I5/B[5] 	 (fanout : 3)
hpin:transformer_core_top/u_datapath/add_147_48_I5/B[4] 	 (fanout : 2)
hpin:transformer_core_top/u_datapath/add_147_48_I5/B[3] 	 (fanout : 2)
hpin:transformer_core_top/u_datapath/add_147_48_I5/B[2] 	 (fanout : 2)
hpin:transformer_core_top/u_datapath/add_147_48_I5/B[1] 	 (fanout : 2)
hpin:transformer_core_top/u_datapath/add_147_48_I5/B[0] 	 (fanout : 2)
hpin:transformer_core_top/u_datapath/add_147_48_I4/B[5] 	 (fanout : 3)
hpin:transformer_core_top/u_datapath/add_147_48_I4/B[4] 	 (fanout : 2)
hpin:transformer_core_top/u_datapath/add_147_48_I4/B[3] 	 (fanout : 2)
hpin:transformer_core_top/u_datapath/add_147_48_I4/B[2] 	 (fanout : 2)
hpin:transformer_core_top/u_datapath/add_147_48_I4/B[1] 	 (fanout : 2)
hpin:transformer_core_top/u_datapath/add_147_48_I4/B[0] 	 (fanout : 2)
hpin:transformer_core_top/u_datapath/add_147_48_I3/B[5] 	 (fanout : 3)
hpin:transformer_core_top/u_datapath/add_147_48_I3/B[4] 	 (fanout : 2)
hpin:transformer_core_top/u_datapath/add_147_48_I3/B[3] 	 (fanout : 2)
hpin:transformer_core_top/u_datapath/add_147_48_I3/B[2] 	 (fanout : 2)
hpin:transformer_core_top/u_datapath/add_147_48_I3/B[1] 	 (fanout : 2)
hpin:transformer_core_top/u_datapath/add_147_48_I3/B[0] 	 (fanout : 2)
hpin:transformer_core_top/u_datapath/add_147_48_I2/B[5] 	 (fanout : 3)
hpin:transformer_core_top/u_datapath/add_147_48_I2/B[4] 	 (fanout : 2)
hpin:transformer_core_top/u_datapath/add_147_48_I2/B[3] 	 (fanout : 2)
hpin:transformer_core_top/u_datapath/add_147_48_I2/B[2] 	 (fanout : 2)
hpin:transformer_core_top/u_datapath/add_147_48_I2/B[1] 	 (fanout : 2)
hpin:transformer_core_top/u_datapath/add_147_48_I2/B[0] 	 (fanout : 2)
hpin:transformer_core_top/u_datapath/add_147_48_I1/B[5] 	 (fanout : 3)
hpin:transformer_core_top/u_datapath/add_147_48_I1/B[4] 	 (fanout : 2)
hpin:transformer_core_top/u_datapath/add_147_48_I1/B[3] 	 (fanout : 2)
hpin:transformer_core_top/u_datapath/add_147_48_I1/B[2] 	 (fanout : 2)
hpin:transformer_core_top/u_datapath/add_147_48_I1/B[1] 	 (fanout : 2)
hpin:transformer_core_top/u_datapath/add_147_48_I1/B[0] 	 (fanout : 2)
hpin:transformer_core_top/u_datapath/eq_184_44/B[1] 	 (fanout : 1)
hpin:transformer_core_top/u_datapath/eq_184_44/B[0] 	 (fanout : 1)
hpin:transformer_core_top/u_datapath/add_232_50_I8/B[8] 	 (fanout : 47)
hpin:transformer_core_top/u_datapath/add_232_50_I8/B[7] 	 (fanout : 2)
hpin:transformer_core_top/u_datapath/add_232_50_I8/B[6] 	 (fanout : 2)
hpin:transformer_core_top/u_datapath/add_232_50_I8/B[5] 	 (fanout : 2)
hpin:transformer_core_top/u_datapath/add_232_50_I8/B[4] 	 (fanout : 2)
hpin:transformer_core_top/u_datapath/add_232_50_I8/B[3] 	 (fanout : 2)
hpin:transformer_core_top/u_datapath/add_232_50_I8/B[2] 	 (fanout : 2)
hpin:transformer_core_top/u_datapath/add_232_50_I8/B[1] 	 (fanout : 2)
hpin:transformer_core_top/u_datapath/add_232_50_I8/B[0] 	 (fanout : 2)
hpin:transformer_core_top/u_datapath/add_232_50_I7/B[8] 	 (fanout : 47)
hpin:transformer_core_top/u_datapath/add_232_50_I7/B[7] 	 (fanout : 2)
hpin:transformer_core_top/u_datapath/add_232_50_I7/B[6] 	 (fanout : 2)
hpin:transformer_core_top/u_datapath/add_232_50_I7/B[5] 	 (fanout : 2)
hpin:transformer_core_top/u_datapath/add_232_50_I7/B[4] 	 (fanout : 2)
hpin:transformer_core_top/u_datapath/add_232_50_I7/B[3] 	 (fanout : 2)
hpin:transformer_core_top/u_datapath/add_232_50_I7/B[2] 	 (fanout : 2)
hpin:transformer_core_top/u_datapath/add_232_50_I7/B[1] 	 (fanout : 2)
hpin:transformer_core_top/u_datapath/add_232_50_I7/B[0] 	 (fanout : 2)
hpin:transformer_core_top/u_datapath/add_232_50_I6/B[8] 	 (fanout : 47)
hpin:transformer_core_top/u_datapath/add_232_50_I6/B[7] 	 (fanout : 2)
hpin:transformer_core_top/u_datapath/add_232_50_I6/B[6] 	 (fanout : 2)
hpin:transformer_core_top/u_datapath/add_232_50_I6/B[5] 	 (fanout : 2)
hpin:transformer_core_top/u_datapath/add_232_50_I6/B[4] 	 (fanout : 2)
hpin:transformer_core_top/u_datapath/add_232_50_I6/B[3] 	 (fanout : 2)
hpin:transformer_core_top/u_datapath/add_232_50_I6/B[2] 	 (fanout : 2)
hpin:transformer_core_top/u_datapath/add_232_50_I6/B[1] 	 (fanout : 2)
hpin:transformer_core_top/u_datapath/add_232_50_I6/B[0] 	 (fanout : 2)
hpin:transformer_core_top/u_datapath/add_232_50_I5/B[8] 	 (fanout : 47)
hpin:transformer_core_top/u_datapath/add_232_50_I5/B[7] 	 (fanout : 2)
hpin:transformer_core_top/u_datapath/add_232_50_I5/B[6] 	 (fanout : 2)
hpin:transformer_core_top/u_datapath/add_232_50_I5/B[5] 	 (fanout : 2)
hpin:transformer_core_top/u_datapath/add_232_50_I5/B[4] 	 (fanout : 2)
hpin:transformer_core_top/u_datapath/add_232_50_I5/B[3] 	 (fanout : 2)
hpin:transformer_core_top/u_datapath/add_232_50_I5/B[2] 	 (fanout : 2)
hpin:transformer_core_top/u_datapath/add_232_50_I5/B[1] 	 (fanout : 2)
hpin:transformer_core_top/u_datapath/add_232_50_I5/B[0] 	 (fanout : 2)
hpin:transformer_core_top/u_datapath/add_232_50_I4/B[8] 	 (fanout : 47)
hpin:transformer_core_top/u_datapath/add_232_50_I4/B[7] 	 (fanout : 2)
hpin:transformer_core_top/u_datapath/add_232_50_I4/B[6] 	 (fanout : 2)
hpin:transformer_core_top/u_datapath/add_232_50_I4/B[5] 	 (fanout : 2)
hpin:transformer_core_top/u_datapath/add_232_50_I4/B[4] 	 (fanout : 2)
hpin:transformer_core_top/u_datapath/add_232_50_I4/B[3] 	 (fanout : 2)
hpin:transformer_core_top/u_datapath/add_232_50_I4/B[2] 	 (fanout : 2)
hpin:transformer_core_top/u_datapath/add_232_50_I4/B[1] 	 (fanout : 2)
hpin:transformer_core_top/u_datapath/add_232_50_I4/B[0] 	 (fanout : 2)
hpin:transformer_core_top/u_datapath/add_232_50_I3/B[8] 	 (fanout : 47)
hpin:transformer_core_top/u_datapath/add_232_50_I3/B[7] 	 (fanout : 2)
hpin:transformer_core_top/u_datapath/add_232_50_I3/B[6] 	 (fanout : 2)
hpin:transformer_core_top/u_datapath/add_232_50_I3/B[5] 	 (fanout : 2)
hpin:transformer_core_top/u_datapath/add_232_50_I3/B[4] 	 (fanout : 2)
hpin:transformer_core_top/u_datapath/add_232_50_I3/B[3] 	 (fanout : 2)
hpin:transformer_core_top/u_datapath/add_232_50_I3/B[2] 	 (fanout : 2)
hpin:transformer_core_top/u_datapath/add_232_50_I3/B[1] 	 (fanout : 2)
hpin:transformer_core_top/u_datapath/add_232_50_I3/B[0] 	 (fanout : 2)
hpin:transformer_core_top/u_datapath/add_232_50_I2/B[8] 	 (fanout : 47)
hpin:transformer_core_top/u_datapath/add_232_50_I2/B[7] 	 (fanout : 2)
hpin:transformer_core_top/u_datapath/add_232_50_I2/B[6] 	 (fanout : 2)
hpin:transformer_core_top/u_datapath/add_232_50_I2/B[5] 	 (fanout : 2)
hpin:transformer_core_top/u_datapath/add_232_50_I2/B[4] 	 (fanout : 2)
hpin:transformer_core_top/u_datapath/add_232_50_I2/B[3] 	 (fanout : 2)
hpin:transformer_core_top/u_datapath/add_232_50_I2/B[2] 	 (fanout : 2)
hpin:transformer_core_top/u_datapath/add_232_50_I2/B[1] 	 (fanout : 2)
hpin:transformer_core_top/u_datapath/add_232_50_I2/B[0] 	 (fanout : 2)
hpin:transformer_core_top/u_datapath/add_232_50_I1/B[8] 	 (fanout : 47)
hpin:transformer_core_top/u_datapath/add_232_50_I1/B[7] 	 (fanout : 2)
hpin:transformer_core_top/u_datapath/add_232_50_I1/B[6] 	 (fanout : 2)
hpin:transformer_core_top/u_datapath/add_232_50_I1/B[5] 	 (fanout : 2)
hpin:transformer_core_top/u_datapath/add_232_50_I1/B[4] 	 (fanout : 2)
hpin:transformer_core_top/u_datapath/add_232_50_I1/B[3] 	 (fanout : 2)
hpin:transformer_core_top/u_datapath/add_232_50_I1/B[2] 	 (fanout : 2)
hpin:transformer_core_top/u_datapath/add_232_50_I1/B[1] 	 (fanout : 2)
hpin:transformer_core_top/u_datapath/add_232_50_I1/B[0] 	 (fanout : 2)
hpin:transformer_core_top/u_datapath/add_218_48/B[11] 	 (fanout : 2)
hpin:transformer_core_top/u_datapath/add_218_48/B[10] 	 (fanout : 2)
hpin:transformer_core_top/u_datapath/add_218_48/B[9] 	 (fanout : 2)
hpin:transformer_core_top/u_datapath/add_218_48/B[8] 	 (fanout : 2)
hpin:transformer_core_top/u_datapath/add_218_48/B[7] 	 (fanout : 2)
hpin:transformer_core_top/u_datapath/add_218_48/B[6] 	 (fanout : 2)
hpin:transformer_core_top/u_datapath/add_218_48/B[5] 	 (fanout : 2)
hpin:transformer_core_top/u_datapath/add_218_48/B[4] 	 (fanout : 2)
hpin:transformer_core_top/u_datapath/add_218_48/B[3] 	 (fanout : 2)
hpin:transformer_core_top/u_datapath/add_218_48/B[2] 	 (fanout : 2)
hpin:transformer_core_top/u_datapath/add_218_48/B[1] 	 (fanout : 2)
hpin:transformer_core_top/u_datapath/add_218_48/B[0] 	 (fanout : 2)
hpin:transformer_core_top/u_datapath/gte_253_48_I8/B[7] 	 (fanout : 1)
hpin:transformer_core_top/u_datapath/gte_253_48_I8/B[6] 	 (fanout : 1)
hpin:transformer_core_top/u_datapath/gte_253_48_I8/B[5] 	 (fanout : 1)
hpin:transformer_core_top/u_datapath/gte_253_48_I8/B[4] 	 (fanout : 1)
hpin:transformer_core_top/u_datapath/gte_253_48_I8/B[3] 	 (fanout : 1)
hpin:transformer_core_top/u_datapath/gte_253_48_I8/B[2] 	 (fanout : 1)
hpin:transformer_core_top/u_datapath/gte_253_48_I8/B[1] 	 (fanout : 1)
hpin:transformer_core_top/u_datapath/gte_253_48_I8/B[0] 	 (fanout : 1)
hpin:transformer_core_top/u_datapath/sub_250_68_I8/A[8] 	 (fanout : 2)
hpin:transformer_core_top/u_datapath/sub_250_68_I8/A[7] 	 (fanout : 2)
hpin:transformer_core_top/u_datapath/sub_250_68_I8/A[6] 	 (fanout : 2)
hpin:transformer_core_top/u_datapath/sub_250_68_I8/A[5] 	 (fanout : 2)
hpin:transformer_core_top/u_datapath/sub_250_68_I8/A[4] 	 (fanout : 2)
hpin:transformer_core_top/u_datapath/sub_250_68_I8/A[3] 	 (fanout : 2)
hpin:transformer_core_top/u_datapath/sub_250_68_I8/A[2] 	 (fanout : 2)
hpin:transformer_core_top/u_datapath/sub_250_68_I8/A[1] 	 (fanout : 2)
hpin:transformer_core_top/u_datapath/sub_250_68_I8/A[0] 	 (fanout : 2)
hpin:transformer_core_top/u_datapath/add_244_48_I8/A[0] 	 (fanout : 2)
hpin:transformer_core_top/u_datapath/add_244_48_I8/B[4] 	 (fanout : 55)
hpin:transformer_core_top/u_datapath/add_244_48_I8/B[3] 	 (fanout : 2)
hpin:transformer_core_top/u_datapath/add_244_48_I8/B[2] 	 (fanout : 2)
hpin:transformer_core_top/u_datapath/add_244_48_I8/B[1] 	 (fanout : 2)
hpin:transformer_core_top/u_datapath/add_244_48_I8/B[0] 	 (fanout : 2)
hpin:transformer_core_top/u_datapath/gte_255_46_I8/B[7] 	 (fanout : 1)
hpin:transformer_core_top/u_datapath/gte_255_46_I8/B[6] 	 (fanout : 1)
hpin:transformer_core_top/u_datapath/gte_255_46_I8/B[5] 	 (fanout : 1)
hpin:transformer_core_top/u_datapath/gte_255_46_I8/B[4] 	 (fanout : 1)
hpin:transformer_core_top/u_datapath/gte_255_46_I8/B[3] 	 (fanout : 1)
hpin:transformer_core_top/u_datapath/gte_255_46_I8/B[2] 	 (fanout : 1)
hpin:transformer_core_top/u_datapath/gte_255_46_I8/B[1] 	 (fanout : 1)
hpin:transformer_core_top/u_datapath/gte_255_46_I8/B[0] 	 (fanout : 1)
hpin:transformer_core_top/u_datapath/gte_253_48_I7/B[7] 	 (fanout : 1)
hpin:transformer_core_top/u_datapath/gte_253_48_I7/B[6] 	 (fanout : 1)
hpin:transformer_core_top/u_datapath/gte_253_48_I7/B[5] 	 (fanout : 1)
hpin:transformer_core_top/u_datapath/gte_253_48_I7/B[4] 	 (fanout : 1)
hpin:transformer_core_top/u_datapath/gte_253_48_I7/B[3] 	 (fanout : 1)
hpin:transformer_core_top/u_datapath/gte_253_48_I7/B[2] 	 (fanout : 1)
hpin:transformer_core_top/u_datapath/gte_253_48_I7/B[1] 	 (fanout : 1)
hpin:transformer_core_top/u_datapath/gte_253_48_I7/B[0] 	 (fanout : 1)
hpin:transformer_core_top/u_datapath/sub_250_68_I7/A[8] 	 (fanout : 2)
hpin:transformer_core_top/u_datapath/sub_250_68_I7/A[7] 	 (fanout : 2)
hpin:transformer_core_top/u_datapath/sub_250_68_I7/A[6] 	 (fanout : 2)
hpin:transformer_core_top/u_datapath/sub_250_68_I7/A[5] 	 (fanout : 2)
hpin:transformer_core_top/u_datapath/sub_250_68_I7/A[4] 	 (fanout : 2)
hpin:transformer_core_top/u_datapath/sub_250_68_I7/A[3] 	 (fanout : 2)
hpin:transformer_core_top/u_datapath/sub_250_68_I7/A[2] 	 (fanout : 2)
hpin:transformer_core_top/u_datapath/sub_250_68_I7/A[1] 	 (fanout : 2)
hpin:transformer_core_top/u_datapath/sub_250_68_I7/A[0] 	 (fanout : 2)
hpin:transformer_core_top/u_datapath/add_244_48_I7/A[0] 	 (fanout : 2)
hpin:transformer_core_top/u_datapath/add_244_48_I7/B[4] 	 (fanout : 55)
hpin:transformer_core_top/u_datapath/add_244_48_I7/B[3] 	 (fanout : 2)
hpin:transformer_core_top/u_datapath/add_244_48_I7/B[2] 	 (fanout : 2)
hpin:transformer_core_top/u_datapath/add_244_48_I7/B[1] 	 (fanout : 2)
hpin:transformer_core_top/u_datapath/add_244_48_I7/B[0] 	 (fanout : 2)
hpin:transformer_core_top/u_datapath/gte_255_46_I7/B[7] 	 (fanout : 1)
hpin:transformer_core_top/u_datapath/gte_255_46_I7/B[6] 	 (fanout : 1)
hpin:transformer_core_top/u_datapath/gte_255_46_I7/B[5] 	 (fanout : 1)
hpin:transformer_core_top/u_datapath/gte_255_46_I7/B[4] 	 (fanout : 1)
hpin:transformer_core_top/u_datapath/gte_255_46_I7/B[3] 	 (fanout : 1)
hpin:transformer_core_top/u_datapath/gte_255_46_I7/B[2] 	 (fanout : 1)
hpin:transformer_core_top/u_datapath/gte_255_46_I7/B[1] 	 (fanout : 1)
hpin:transformer_core_top/u_datapath/gte_255_46_I7/B[0] 	 (fanout : 1)
hpin:transformer_core_top/u_datapath/gte_253_48_I6/B[7] 	 (fanout : 1)
hpin:transformer_core_top/u_datapath/gte_253_48_I6/B[6] 	 (fanout : 1)
hpin:transformer_core_top/u_datapath/gte_253_48_I6/B[5] 	 (fanout : 1)
hpin:transformer_core_top/u_datapath/gte_253_48_I6/B[4] 	 (fanout : 1)
hpin:transformer_core_top/u_datapath/gte_253_48_I6/B[3] 	 (fanout : 1)
hpin:transformer_core_top/u_datapath/gte_253_48_I6/B[2] 	 (fanout : 1)
hpin:transformer_core_top/u_datapath/gte_253_48_I6/B[1] 	 (fanout : 1)
hpin:transformer_core_top/u_datapath/gte_253_48_I6/B[0] 	 (fanout : 1)
hpin:transformer_core_top/u_datapath/sub_250_68_I6/A[8] 	 (fanout : 2)
hpin:transformer_core_top/u_datapath/sub_250_68_I6/A[7] 	 (fanout : 2)
hpin:transformer_core_top/u_datapath/sub_250_68_I6/A[6] 	 (fanout : 2)
hpin:transformer_core_top/u_datapath/sub_250_68_I6/A[5] 	 (fanout : 2)
hpin:transformer_core_top/u_datapath/sub_250_68_I6/A[4] 	 (fanout : 2)
hpin:transformer_core_top/u_datapath/sub_250_68_I6/A[3] 	 (fanout : 2)
hpin:transformer_core_top/u_datapath/sub_250_68_I6/A[2] 	 (fanout : 2)
hpin:transformer_core_top/u_datapath/sub_250_68_I6/A[1] 	 (fanout : 2)
hpin:transformer_core_top/u_datapath/sub_250_68_I6/A[0] 	 (fanout : 2)
hpin:transformer_core_top/u_datapath/add_244_48_I6/A[0] 	 (fanout : 2)
hpin:transformer_core_top/u_datapath/add_244_48_I6/B[4] 	 (fanout : 55)
hpin:transformer_core_top/u_datapath/add_244_48_I6/B[3] 	 (fanout : 2)
hpin:transformer_core_top/u_datapath/add_244_48_I6/B[2] 	 (fanout : 2)
hpin:transformer_core_top/u_datapath/add_244_48_I6/B[1] 	 (fanout : 2)
hpin:transformer_core_top/u_datapath/add_244_48_I6/B[0] 	 (fanout : 2)
hpin:transformer_core_top/u_datapath/gte_255_46_I6/B[7] 	 (fanout : 1)
hpin:transformer_core_top/u_datapath/gte_255_46_I6/B[6] 	 (fanout : 1)
hpin:transformer_core_top/u_datapath/gte_255_46_I6/B[5] 	 (fanout : 1)
hpin:transformer_core_top/u_datapath/gte_255_46_I6/B[4] 	 (fanout : 1)
hpin:transformer_core_top/u_datapath/gte_255_46_I6/B[3] 	 (fanout : 1)
hpin:transformer_core_top/u_datapath/gte_255_46_I6/B[2] 	 (fanout : 1)
hpin:transformer_core_top/u_datapath/gte_255_46_I6/B[1] 	 (fanout : 1)
hpin:transformer_core_top/u_datapath/gte_255_46_I6/B[0] 	 (fanout : 1)
hpin:transformer_core_top/u_datapath/gte_253_48_I5/B[7] 	 (fanout : 1)
hpin:transformer_core_top/u_datapath/gte_253_48_I5/B[6] 	 (fanout : 1)
hpin:transformer_core_top/u_datapath/gte_253_48_I5/B[5] 	 (fanout : 1)
hpin:transformer_core_top/u_datapath/gte_253_48_I5/B[4] 	 (fanout : 1)
hpin:transformer_core_top/u_datapath/gte_253_48_I5/B[3] 	 (fanout : 1)
hpin:transformer_core_top/u_datapath/gte_253_48_I5/B[2] 	 (fanout : 1)
hpin:transformer_core_top/u_datapath/gte_253_48_I5/B[1] 	 (fanout : 1)
hpin:transformer_core_top/u_datapath/gte_253_48_I5/B[0] 	 (fanout : 1)
hpin:transformer_core_top/u_datapath/sub_250_68_I5/A[8] 	 (fanout : 2)
hpin:transformer_core_top/u_datapath/sub_250_68_I5/A[7] 	 (fanout : 2)
hpin:transformer_core_top/u_datapath/sub_250_68_I5/A[6] 	 (fanout : 2)
hpin:transformer_core_top/u_datapath/sub_250_68_I5/A[5] 	 (fanout : 2)
hpin:transformer_core_top/u_datapath/sub_250_68_I5/A[4] 	 (fanout : 2)
hpin:transformer_core_top/u_datapath/sub_250_68_I5/A[3] 	 (fanout : 2)
hpin:transformer_core_top/u_datapath/sub_250_68_I5/A[2] 	 (fanout : 2)
hpin:transformer_core_top/u_datapath/sub_250_68_I5/A[1] 	 (fanout : 2)
hpin:transformer_core_top/u_datapath/sub_250_68_I5/A[0] 	 (fanout : 2)
hpin:transformer_core_top/u_datapath/add_244_48_I5/A[0] 	 (fanout : 2)
hpin:transformer_core_top/u_datapath/add_244_48_I5/B[4] 	 (fanout : 55)
hpin:transformer_core_top/u_datapath/add_244_48_I5/B[3] 	 (fanout : 2)
hpin:transformer_core_top/u_datapath/add_244_48_I5/B[2] 	 (fanout : 2)
hpin:transformer_core_top/u_datapath/add_244_48_I5/B[1] 	 (fanout : 2)
hpin:transformer_core_top/u_datapath/add_244_48_I5/B[0] 	 (fanout : 2)
hpin:transformer_core_top/u_datapath/gte_255_46_I5/B[7] 	 (fanout : 1)
hpin:transformer_core_top/u_datapath/gte_255_46_I5/B[6] 	 (fanout : 1)
hpin:transformer_core_top/u_datapath/gte_255_46_I5/B[5] 	 (fanout : 1)
hpin:transformer_core_top/u_datapath/gte_255_46_I5/B[4] 	 (fanout : 1)
hpin:transformer_core_top/u_datapath/gte_255_46_I5/B[3] 	 (fanout : 1)
hpin:transformer_core_top/u_datapath/gte_255_46_I5/B[2] 	 (fanout : 1)
hpin:transformer_core_top/u_datapath/gte_255_46_I5/B[1] 	 (fanout : 1)
hpin:transformer_core_top/u_datapath/gte_255_46_I5/B[0] 	 (fanout : 1)
hpin:transformer_core_top/u_datapath/gte_253_48_I4/B[7] 	 (fanout : 1)
hpin:transformer_core_top/u_datapath/gte_253_48_I4/B[6] 	 (fanout : 1)
hpin:transformer_core_top/u_datapath/gte_253_48_I4/B[5] 	 (fanout : 1)
hpin:transformer_core_top/u_datapath/gte_253_48_I4/B[4] 	 (fanout : 1)
hpin:transformer_core_top/u_datapath/gte_253_48_I4/B[3] 	 (fanout : 1)
hpin:transformer_core_top/u_datapath/gte_253_48_I4/B[2] 	 (fanout : 1)
hpin:transformer_core_top/u_datapath/gte_253_48_I4/B[1] 	 (fanout : 1)
hpin:transformer_core_top/u_datapath/gte_253_48_I4/B[0] 	 (fanout : 1)
hpin:transformer_core_top/u_datapath/sub_250_68_I4/A[8] 	 (fanout : 2)
hpin:transformer_core_top/u_datapath/sub_250_68_I4/A[7] 	 (fanout : 2)
hpin:transformer_core_top/u_datapath/sub_250_68_I4/A[6] 	 (fanout : 2)
hpin:transformer_core_top/u_datapath/sub_250_68_I4/A[5] 	 (fanout : 2)
hpin:transformer_core_top/u_datapath/sub_250_68_I4/A[4] 	 (fanout : 2)
hpin:transformer_core_top/u_datapath/sub_250_68_I4/A[3] 	 (fanout : 2)
hpin:transformer_core_top/u_datapath/sub_250_68_I4/A[2] 	 (fanout : 2)
hpin:transformer_core_top/u_datapath/sub_250_68_I4/A[1] 	 (fanout : 2)
hpin:transformer_core_top/u_datapath/sub_250_68_I4/A[0] 	 (fanout : 2)
hpin:transformer_core_top/u_datapath/add_244_48_I4/A[0] 	 (fanout : 2)
hpin:transformer_core_top/u_datapath/add_244_48_I4/B[4] 	 (fanout : 55)
hpin:transformer_core_top/u_datapath/add_244_48_I4/B[3] 	 (fanout : 2)
hpin:transformer_core_top/u_datapath/add_244_48_I4/B[2] 	 (fanout : 2)
hpin:transformer_core_top/u_datapath/add_244_48_I4/B[1] 	 (fanout : 2)
hpin:transformer_core_top/u_datapath/add_244_48_I4/B[0] 	 (fanout : 2)
hpin:transformer_core_top/u_datapath/gte_255_46_I4/B[7] 	 (fanout : 1)
hpin:transformer_core_top/u_datapath/gte_255_46_I4/B[6] 	 (fanout : 1)
hpin:transformer_core_top/u_datapath/gte_255_46_I4/B[5] 	 (fanout : 1)
hpin:transformer_core_top/u_datapath/gte_255_46_I4/B[4] 	 (fanout : 1)
hpin:transformer_core_top/u_datapath/gte_255_46_I4/B[3] 	 (fanout : 1)
hpin:transformer_core_top/u_datapath/gte_255_46_I4/B[2] 	 (fanout : 1)
hpin:transformer_core_top/u_datapath/gte_255_46_I4/B[1] 	 (fanout : 1)
hpin:transformer_core_top/u_datapath/gte_255_46_I4/B[0] 	 (fanout : 1)
hpin:transformer_core_top/u_datapath/gte_253_48_I3/B[7] 	 (fanout : 1)
hpin:transformer_core_top/u_datapath/gte_253_48_I3/B[6] 	 (fanout : 1)
hpin:transformer_core_top/u_datapath/gte_253_48_I3/B[5] 	 (fanout : 1)
hpin:transformer_core_top/u_datapath/gte_253_48_I3/B[4] 	 (fanout : 1)
hpin:transformer_core_top/u_datapath/gte_253_48_I3/B[3] 	 (fanout : 1)
hpin:transformer_core_top/u_datapath/gte_253_48_I3/B[2] 	 (fanout : 1)
hpin:transformer_core_top/u_datapath/gte_253_48_I3/B[1] 	 (fanout : 1)
hpin:transformer_core_top/u_datapath/gte_253_48_I3/B[0] 	 (fanout : 1)
hpin:transformer_core_top/u_datapath/sub_250_68_I3/A[8] 	 (fanout : 2)
hpin:transformer_core_top/u_datapath/sub_250_68_I3/A[7] 	 (fanout : 2)
hpin:transformer_core_top/u_datapath/sub_250_68_I3/A[6] 	 (fanout : 2)
hpin:transformer_core_top/u_datapath/sub_250_68_I3/A[5] 	 (fanout : 2)
hpin:transformer_core_top/u_datapath/sub_250_68_I3/A[4] 	 (fanout : 2)
hpin:transformer_core_top/u_datapath/sub_250_68_I3/A[3] 	 (fanout : 2)
hpin:transformer_core_top/u_datapath/sub_250_68_I3/A[2] 	 (fanout : 2)
hpin:transformer_core_top/u_datapath/sub_250_68_I3/A[1] 	 (fanout : 2)
hpin:transformer_core_top/u_datapath/sub_250_68_I3/A[0] 	 (fanout : 2)
hpin:transformer_core_top/u_datapath/add_244_48_I3/A[0] 	 (fanout : 2)
hpin:transformer_core_top/u_datapath/add_244_48_I3/B[4] 	 (fanout : 55)
hpin:transformer_core_top/u_datapath/add_244_48_I3/B[3] 	 (fanout : 2)
hpin:transformer_core_top/u_datapath/add_244_48_I3/B[2] 	 (fanout : 2)
hpin:transformer_core_top/u_datapath/add_244_48_I3/B[1] 	 (fanout : 2)
hpin:transformer_core_top/u_datapath/add_244_48_I3/B[0] 	 (fanout : 2)
hpin:transformer_core_top/u_datapath/gte_255_46_I3/B[7] 	 (fanout : 1)
hpin:transformer_core_top/u_datapath/gte_255_46_I3/B[6] 	 (fanout : 1)
hpin:transformer_core_top/u_datapath/gte_255_46_I3/B[5] 	 (fanout : 1)
hpin:transformer_core_top/u_datapath/gte_255_46_I3/B[4] 	 (fanout : 1)
hpin:transformer_core_top/u_datapath/gte_255_46_I3/B[3] 	 (fanout : 1)
hpin:transformer_core_top/u_datapath/gte_255_46_I3/B[2] 	 (fanout : 1)
hpin:transformer_core_top/u_datapath/gte_255_46_I3/B[1] 	 (fanout : 1)
hpin:transformer_core_top/u_datapath/gte_255_46_I3/B[0] 	 (fanout : 1)
hpin:transformer_core_top/u_datapath/gte_253_48_I2/B[7] 	 (fanout : 1)
hpin:transformer_core_top/u_datapath/gte_253_48_I2/B[6] 	 (fanout : 1)
hpin:transformer_core_top/u_datapath/gte_253_48_I2/B[5] 	 (fanout : 1)
hpin:transformer_core_top/u_datapath/gte_253_48_I2/B[4] 	 (fanout : 1)
hpin:transformer_core_top/u_datapath/gte_253_48_I2/B[3] 	 (fanout : 1)
hpin:transformer_core_top/u_datapath/gte_253_48_I2/B[2] 	 (fanout : 1)
hpin:transformer_core_top/u_datapath/gte_253_48_I2/B[1] 	 (fanout : 1)
hpin:transformer_core_top/u_datapath/gte_253_48_I2/B[0] 	 (fanout : 1)
hpin:transformer_core_top/u_datapath/sub_250_68_I2/A[8] 	 (fanout : 2)
hpin:transformer_core_top/u_datapath/sub_250_68_I2/A[7] 	 (fanout : 2)
hpin:transformer_core_top/u_datapath/sub_250_68_I2/A[6] 	 (fanout : 2)
hpin:transformer_core_top/u_datapath/sub_250_68_I2/A[5] 	 (fanout : 2)
hpin:transformer_core_top/u_datapath/sub_250_68_I2/A[4] 	 (fanout : 2)
hpin:transformer_core_top/u_datapath/sub_250_68_I2/A[3] 	 (fanout : 2)
hpin:transformer_core_top/u_datapath/sub_250_68_I2/A[2] 	 (fanout : 2)
hpin:transformer_core_top/u_datapath/sub_250_68_I2/A[1] 	 (fanout : 2)
hpin:transformer_core_top/u_datapath/sub_250_68_I2/A[0] 	 (fanout : 2)
hpin:transformer_core_top/u_datapath/add_244_48_I2/A[0] 	 (fanout : 2)
hpin:transformer_core_top/u_datapath/add_244_48_I2/B[4] 	 (fanout : 55)
hpin:transformer_core_top/u_datapath/add_244_48_I2/B[3] 	 (fanout : 2)
hpin:transformer_core_top/u_datapath/add_244_48_I2/B[2] 	 (fanout : 2)
hpin:transformer_core_top/u_datapath/add_244_48_I2/B[1] 	 (fanout : 2)
hpin:transformer_core_top/u_datapath/add_244_48_I2/B[0] 	 (fanout : 2)
hpin:transformer_core_top/u_datapath/gte_255_46_I2/B[7] 	 (fanout : 1)
hpin:transformer_core_top/u_datapath/gte_255_46_I2/B[6] 	 (fanout : 1)
hpin:transformer_core_top/u_datapath/gte_255_46_I2/B[5] 	 (fanout : 1)
hpin:transformer_core_top/u_datapath/gte_255_46_I2/B[4] 	 (fanout : 1)
hpin:transformer_core_top/u_datapath/gte_255_46_I2/B[3] 	 (fanout : 1)
hpin:transformer_core_top/u_datapath/gte_255_46_I2/B[2] 	 (fanout : 1)
hpin:transformer_core_top/u_datapath/gte_255_46_I2/B[1] 	 (fanout : 1)
hpin:transformer_core_top/u_datapath/gte_255_46_I2/B[0] 	 (fanout : 1)
hpin:transformer_core_top/u_datapath/gte_253_48_I1/B[7] 	 (fanout : 1)
hpin:transformer_core_top/u_datapath/gte_253_48_I1/B[6] 	 (fanout : 1)
hpin:transformer_core_top/u_datapath/gte_253_48_I1/B[5] 	 (fanout : 1)
hpin:transformer_core_top/u_datapath/gte_253_48_I1/B[4] 	 (fanout : 1)
hpin:transformer_core_top/u_datapath/gte_253_48_I1/B[3] 	 (fanout : 1)
hpin:transformer_core_top/u_datapath/gte_253_48_I1/B[2] 	 (fanout : 1)
hpin:transformer_core_top/u_datapath/gte_253_48_I1/B[1] 	 (fanout : 1)
hpin:transformer_core_top/u_datapath/gte_253_48_I1/B[0] 	 (fanout : 1)
hpin:transformer_core_top/u_datapath/sub_250_68_I1/A[8] 	 (fanout : 2)
hpin:transformer_core_top/u_datapath/sub_250_68_I1/A[7] 	 (fanout : 2)
hpin:transformer_core_top/u_datapath/sub_250_68_I1/A[6] 	 (fanout : 2)
hpin:transformer_core_top/u_datapath/sub_250_68_I1/A[5] 	 (fanout : 2)
hpin:transformer_core_top/u_datapath/sub_250_68_I1/A[4] 	 (fanout : 2)
hpin:transformer_core_top/u_datapath/sub_250_68_I1/A[3] 	 (fanout : 2)
hpin:transformer_core_top/u_datapath/sub_250_68_I1/A[2] 	 (fanout : 2)
hpin:transformer_core_top/u_datapath/sub_250_68_I1/A[1] 	 (fanout : 2)
hpin:transformer_core_top/u_datapath/sub_250_68_I1/A[0] 	 (fanout : 2)
hpin:transformer_core_top/u_datapath/add_244_48_I1/A[0] 	 (fanout : 2)
hpin:transformer_core_top/u_datapath/add_244_48_I1/B[4] 	 (fanout : 55)
hpin:transformer_core_top/u_datapath/add_244_48_I1/B[3] 	 (fanout : 2)
hpin:transformer_core_top/u_datapath/add_244_48_I1/B[2] 	 (fanout : 2)
hpin:transformer_core_top/u_datapath/add_244_48_I1/B[1] 	 (fanout : 2)
hpin:transformer_core_top/u_datapath/add_244_48_I1/B[0] 	 (fanout : 2)
hpin:transformer_core_top/u_datapath/gte_255_46_I1/B[7] 	 (fanout : 1)
hpin:transformer_core_top/u_datapath/gte_255_46_I1/B[6] 	 (fanout : 1)
hpin:transformer_core_top/u_datapath/gte_255_46_I1/B[5] 	 (fanout : 1)
hpin:transformer_core_top/u_datapath/gte_255_46_I1/B[4] 	 (fanout : 1)
hpin:transformer_core_top/u_datapath/gte_255_46_I1/B[3] 	 (fanout : 1)
hpin:transformer_core_top/u_datapath/gte_255_46_I1/B[2] 	 (fanout : 1)
hpin:transformer_core_top/u_datapath/gte_255_46_I1/B[1] 	 (fanout : 1)
hpin:transformer_core_top/u_datapath/gte_255_46_I1/B[0] 	 (fanout : 1)
hpin:transformer_core_top/u_datapath/mux_tr_vec_in[7]_154_19/in_2[0] 	 (fanout : 1)
hpin:transformer_core_top/u_datapath/mux_tr_vec_in[6]_154_19/in_2[0] 	 (fanout : 1)
hpin:transformer_core_top/u_datapath/mux_tr_vec_in[5]_154_19/in_2[0] 	 (fanout : 1)
hpin:transformer_core_top/u_datapath/mux_tr_vec_in[4]_154_19/in_2[0] 	 (fanout : 1)
hpin:transformer_core_top/u_datapath/mux_tr_vec_in[3]_154_19/in_2[0] 	 (fanout : 1)
hpin:transformer_core_top/u_datapath/mux_tr_vec_in[2]_154_19/in_2[0] 	 (fanout : 1)
hpin:transformer_core_top/u_datapath/mux_tr_vec_in[1]_154_19/in_2[0] 	 (fanout : 1)
hpin:transformer_core_top/u_datapath/mux_tr_vec_in[0]_154_19/in_2[0] 	 (fanout : 1)
hpin:transformer_core_top/u_datapath/mux_185_31/in_0[16] 	 (fanout : 1)
hpin:transformer_core_top/u_datapath/mux_253_48/in_1[7] 	 (fanout : 1)
hpin:transformer_core_top/u_datapath/mux_253_48/in_1[6] 	 (fanout : 1)
hpin:transformer_core_top/u_datapath/mux_253_48/in_1[5] 	 (fanout : 1)
hpin:transformer_core_top/u_datapath/mux_253_48/in_1[4] 	 (fanout : 1)
hpin:transformer_core_top/u_datapath/mux_253_48/in_1[3] 	 (fanout : 1)
hpin:transformer_core_top/u_datapath/mux_253_48/in_1[2] 	 (fanout : 1)
hpin:transformer_core_top/u_datapath/mux_253_48/in_1[1] 	 (fanout : 1)
hpin:transformer_core_top/u_datapath/mux_253_48/in_1[0] 	 (fanout : 1)
hpin:transformer_core_top/u_datapath/mux_255_46/in_1[7] 	 (fanout : 1)
hpin:transformer_core_top/u_datapath/mux_255_46/in_1[6] 	 (fanout : 1)
hpin:transformer_core_top/u_datapath/mux_255_46/in_1[5] 	 (fanout : 1)
hpin:transformer_core_top/u_datapath/mux_255_46/in_1[4] 	 (fanout : 1)
hpin:transformer_core_top/u_datapath/mux_255_46/in_1[3] 	 (fanout : 1)
hpin:transformer_core_top/u_datapath/mux_255_46/in_1[2] 	 (fanout : 1)
hpin:transformer_core_top/u_datapath/mux_255_46/in_1[1] 	 (fanout : 1)
hpin:transformer_core_top/u_datapath/mux_255_46/in_1[0] 	 (fanout : 1)
hpin:transformer_core_top/u_datapath/mux_mac_b_in[7]_237_19/in_5[7] 	 (fanout : 1)
hpin:transformer_core_top/u_datapath/mux_mac_b_in[7]_237_19/in_5[6] 	 (fanout : 1)
hpin:transformer_core_top/u_datapath/mux_mac_b_in[7]_237_19/in_5[5] 	 (fanout : 1)
hpin:transformer_core_top/u_datapath/mux_mac_b_in[7]_237_19/in_5[4] 	 (fanout : 1)
hpin:transformer_core_top/u_datapath/mux_mac_b_in[7]_237_19/in_5[3] 	 (fanout : 1)
hpin:transformer_core_top/u_datapath/mux_mac_b_in[7]_237_19/in_5[2] 	 (fanout : 1)
hpin:transformer_core_top/u_datapath/mux_mac_b_in[7]_237_19/in_5[1] 	 (fanout : 1)
hpin:transformer_core_top/u_datapath/mux_mac_b_in[7]_237_19/in_5[0] 	 (fanout : 1)
hpin:transformer_core_top/u_datapath/mux_253_64/in_1[7] 	 (fanout : 1)
hpin:transformer_core_top/u_datapath/mux_253_64/in_1[6] 	 (fanout : 1)
hpin:transformer_core_top/u_datapath/mux_253_64/in_1[5] 	 (fanout : 1)
hpin:transformer_core_top/u_datapath/mux_253_64/in_1[4] 	 (fanout : 1)
hpin:transformer_core_top/u_datapath/mux_253_64/in_1[3] 	 (fanout : 1)
hpin:transformer_core_top/u_datapath/mux_253_64/in_1[2] 	 (fanout : 1)
hpin:transformer_core_top/u_datapath/mux_253_64/in_1[1] 	 (fanout : 1)
hpin:transformer_core_top/u_datapath/mux_253_64/in_1[0] 	 (fanout : 1)
hpin:transformer_core_top/u_datapath/mux_255_66/in_1[7] 	 (fanout : 1)
hpin:transformer_core_top/u_datapath/mux_255_66/in_1[6] 	 (fanout : 1)
hpin:transformer_core_top/u_datapath/mux_255_66/in_1[5] 	 (fanout : 1)
hpin:transformer_core_top/u_datapath/mux_255_66/in_1[4] 	 (fanout : 1)
hpin:transformer_core_top/u_datapath/mux_255_66/in_1[3] 	 (fanout : 1)
hpin:transformer_core_top/u_datapath/mux_255_66/in_1[2] 	 (fanout : 1)
hpin:transformer_core_top/u_datapath/mux_255_66/in_1[1] 	 (fanout : 1)
hpin:transformer_core_top/u_datapath/mux_255_66/in_1[0] 	 (fanout : 1)
hpin:transformer_core_top/u_datapath/mux_mac_b_in[6]_237_19/in_5[7] 	 (fanout : 1)
hpin:transformer_core_top/u_datapath/mux_mac_b_in[6]_237_19/in_5[6] 	 (fanout : 1)
hpin:transformer_core_top/u_datapath/mux_mac_b_in[6]_237_19/in_5[5] 	 (fanout : 1)
hpin:transformer_core_top/u_datapath/mux_mac_b_in[6]_237_19/in_5[4] 	 (fanout : 1)
hpin:transformer_core_top/u_datapath/mux_mac_b_in[6]_237_19/in_5[3] 	 (fanout : 1)
hpin:transformer_core_top/u_datapath/mux_mac_b_in[6]_237_19/in_5[2] 	 (fanout : 1)
hpin:transformer_core_top/u_datapath/mux_mac_b_in[6]_237_19/in_5[1] 	 (fanout : 1)
hpin:transformer_core_top/u_datapath/mux_mac_b_in[6]_237_19/in_5[0] 	 (fanout : 1)
hpin:transformer_core_top/u_datapath/mux_253_70/in_1[7] 	 (fanout : 1)
hpin:transformer_core_top/u_datapath/mux_253_70/in_1[6] 	 (fanout : 1)
hpin:transformer_core_top/u_datapath/mux_253_70/in_1[5] 	 (fanout : 1)
hpin:transformer_core_top/u_datapath/mux_253_70/in_1[4] 	 (fanout : 1)
hpin:transformer_core_top/u_datapath/mux_253_70/in_1[3] 	 (fanout : 1)
hpin:transformer_core_top/u_datapath/mux_253_70/in_1[2] 	 (fanout : 1)
hpin:transformer_core_top/u_datapath/mux_253_70/in_1[1] 	 (fanout : 1)
hpin:transformer_core_top/u_datapath/mux_253_70/in_1[0] 	 (fanout : 1)
hpin:transformer_core_top/u_datapath/mux_255_72/in_1[7] 	 (fanout : 1)
hpin:transformer_core_top/u_datapath/mux_255_72/in_1[6] 	 (fanout : 1)
hpin:transformer_core_top/u_datapath/mux_255_72/in_1[5] 	 (fanout : 1)
hpin:transformer_core_top/u_datapath/mux_255_72/in_1[4] 	 (fanout : 1)
hpin:transformer_core_top/u_datapath/mux_255_72/in_1[3] 	 (fanout : 1)
hpin:transformer_core_top/u_datapath/mux_255_72/in_1[2] 	 (fanout : 1)
hpin:transformer_core_top/u_datapath/mux_255_72/in_1[1] 	 (fanout : 1)
hpin:transformer_core_top/u_datapath/mux_255_72/in_1[0] 	 (fanout : 1)
hpin:transformer_core_top/u_datapath/mux_mac_b_in[5]_237_19/in_5[7] 	 (fanout : 1)
hpin:transformer_core_top/u_datapath/mux_mac_b_in[5]_237_19/in_5[6] 	 (fanout : 1)
hpin:transformer_core_top/u_datapath/mux_mac_b_in[5]_237_19/in_5[5] 	 (fanout : 1)
hpin:transformer_core_top/u_datapath/mux_mac_b_in[5]_237_19/in_5[4] 	 (fanout : 1)
hpin:transformer_core_top/u_datapath/mux_mac_b_in[5]_237_19/in_5[3] 	 (fanout : 1)
hpin:transformer_core_top/u_datapath/mux_mac_b_in[5]_237_19/in_5[2] 	 (fanout : 1)
hpin:transformer_core_top/u_datapath/mux_mac_b_in[5]_237_19/in_5[1] 	 (fanout : 1)
hpin:transformer_core_top/u_datapath/mux_mac_b_in[5]_237_19/in_5[0] 	 (fanout : 1)
hpin:transformer_core_top/u_datapath/mux_253_76/in_1[7] 	 (fanout : 1)
hpin:transformer_core_top/u_datapath/mux_253_76/in_1[6] 	 (fanout : 1)
hpin:transformer_core_top/u_datapath/mux_253_76/in_1[5] 	 (fanout : 1)
hpin:transformer_core_top/u_datapath/mux_253_76/in_1[4] 	 (fanout : 1)
hpin:transformer_core_top/u_datapath/mux_253_76/in_1[3] 	 (fanout : 1)
hpin:transformer_core_top/u_datapath/mux_253_76/in_1[2] 	 (fanout : 1)
hpin:transformer_core_top/u_datapath/mux_253_76/in_1[1] 	 (fanout : 1)
hpin:transformer_core_top/u_datapath/mux_253_76/in_1[0] 	 (fanout : 1)
hpin:transformer_core_top/u_datapath/mux_255_78/in_1[7] 	 (fanout : 1)
hpin:transformer_core_top/u_datapath/mux_255_78/in_1[6] 	 (fanout : 1)
hpin:transformer_core_top/u_datapath/mux_255_78/in_1[5] 	 (fanout : 1)
hpin:transformer_core_top/u_datapath/mux_255_78/in_1[4] 	 (fanout : 1)
hpin:transformer_core_top/u_datapath/mux_255_78/in_1[3] 	 (fanout : 1)
hpin:transformer_core_top/u_datapath/mux_255_78/in_1[2] 	 (fanout : 1)
hpin:transformer_core_top/u_datapath/mux_255_78/in_1[1] 	 (fanout : 1)
hpin:transformer_core_top/u_datapath/mux_255_78/in_1[0] 	 (fanout : 1)
hpin:transformer_core_top/u_datapath/mux_mac_b_in[4]_237_19/in_5[7] 	 (fanout : 1)
hpin:transformer_core_top/u_datapath/mux_mac_b_in[4]_237_19/in_5[6] 	 (fanout : 1)
hpin:transformer_core_top/u_datapath/mux_mac_b_in[4]_237_19/in_5[5] 	 (fanout : 1)
hpin:transformer_core_top/u_datapath/mux_mac_b_in[4]_237_19/in_5[4] 	 (fanout : 1)
hpin:transformer_core_top/u_datapath/mux_mac_b_in[4]_237_19/in_5[3] 	 (fanout : 1)
hpin:transformer_core_top/u_datapath/mux_mac_b_in[4]_237_19/in_5[2] 	 (fanout : 1)
hpin:transformer_core_top/u_datapath/mux_mac_b_in[4]_237_19/in_5[1] 	 (fanout : 1)
hpin:transformer_core_top/u_datapath/mux_mac_b_in[4]_237_19/in_5[0] 	 (fanout : 1)
hpin:transformer_core_top/u_datapath/mux_253_82/in_1[7] 	 (fanout : 1)
hpin:transformer_core_top/u_datapath/mux_253_82/in_1[6] 	 (fanout : 1)
hpin:transformer_core_top/u_datapath/mux_253_82/in_1[5] 	 (fanout : 1)
hpin:transformer_core_top/u_datapath/mux_253_82/in_1[4] 	 (fanout : 1)
hpin:transformer_core_top/u_datapath/mux_253_82/in_1[3] 	 (fanout : 1)
hpin:transformer_core_top/u_datapath/mux_253_82/in_1[2] 	 (fanout : 1)
hpin:transformer_core_top/u_datapath/mux_253_82/in_1[1] 	 (fanout : 1)
hpin:transformer_core_top/u_datapath/mux_253_82/in_1[0] 	 (fanout : 1)
hpin:transformer_core_top/u_datapath/mux_255_84/in_1[7] 	 (fanout : 1)
hpin:transformer_core_top/u_datapath/mux_255_84/in_1[6] 	 (fanout : 1)
hpin:transformer_core_top/u_datapath/mux_255_84/in_1[5] 	 (fanout : 1)
hpin:transformer_core_top/u_datapath/mux_255_84/in_1[4] 	 (fanout : 1)
hpin:transformer_core_top/u_datapath/mux_255_84/in_1[3] 	 (fanout : 1)
hpin:transformer_core_top/u_datapath/mux_255_84/in_1[2] 	 (fanout : 1)
hpin:transformer_core_top/u_datapath/mux_255_84/in_1[1] 	 (fanout : 1)
hpin:transformer_core_top/u_datapath/mux_255_84/in_1[0] 	 (fanout : 1)
hpin:transformer_core_top/u_datapath/mux_mac_b_in[3]_237_19/in_5[7] 	 (fanout : 1)
hpin:transformer_core_top/u_datapath/mux_mac_b_in[3]_237_19/in_5[6] 	 (fanout : 1)
hpin:transformer_core_top/u_datapath/mux_mac_b_in[3]_237_19/in_5[5] 	 (fanout : 1)
hpin:transformer_core_top/u_datapath/mux_mac_b_in[3]_237_19/in_5[4] 	 (fanout : 1)
hpin:transformer_core_top/u_datapath/mux_mac_b_in[3]_237_19/in_5[3] 	 (fanout : 1)
hpin:transformer_core_top/u_datapath/mux_mac_b_in[3]_237_19/in_5[2] 	 (fanout : 1)
hpin:transformer_core_top/u_datapath/mux_mac_b_in[3]_237_19/in_5[1] 	 (fanout : 1)
hpin:transformer_core_top/u_datapath/mux_mac_b_in[3]_237_19/in_5[0] 	 (fanout : 1)
hpin:transformer_core_top/u_datapath/mux_253_88/in_1[7] 	 (fanout : 1)
hpin:transformer_core_top/u_datapath/mux_253_88/in_1[6] 	 (fanout : 1)
hpin:transformer_core_top/u_datapath/mux_253_88/in_1[5] 	 (fanout : 1)
hpin:transformer_core_top/u_datapath/mux_253_88/in_1[4] 	 (fanout : 1)
hpin:transformer_core_top/u_datapath/mux_253_88/in_1[3] 	 (fanout : 1)
hpin:transformer_core_top/u_datapath/mux_253_88/in_1[2] 	 (fanout : 1)
hpin:transformer_core_top/u_datapath/mux_253_88/in_1[1] 	 (fanout : 1)
hpin:transformer_core_top/u_datapath/mux_253_88/in_1[0] 	 (fanout : 1)
hpin:transformer_core_top/u_datapath/mux_255_90/in_1[7] 	 (fanout : 1)
hpin:transformer_core_top/u_datapath/mux_255_90/in_1[6] 	 (fanout : 1)
hpin:transformer_core_top/u_datapath/mux_255_90/in_1[5] 	 (fanout : 1)
hpin:transformer_core_top/u_datapath/mux_255_90/in_1[4] 	 (fanout : 1)
hpin:transformer_core_top/u_datapath/mux_255_90/in_1[3] 	 (fanout : 1)
hpin:transformer_core_top/u_datapath/mux_255_90/in_1[2] 	 (fanout : 1)
hpin:transformer_core_top/u_datapath/mux_255_90/in_1[1] 	 (fanout : 1)
hpin:transformer_core_top/u_datapath/mux_255_90/in_1[0] 	 (fanout : 1)
hpin:transformer_core_top/u_datapath/mux_mac_b_in[2]_237_19/in_5[7] 	 (fanout : 1)
hpin:transformer_core_top/u_datapath/mux_mac_b_in[2]_237_19/in_5[6] 	 (fanout : 1)
hpin:transformer_core_top/u_datapath/mux_mac_b_in[2]_237_19/in_5[5] 	 (fanout : 1)
hpin:transformer_core_top/u_datapath/mux_mac_b_in[2]_237_19/in_5[4] 	 (fanout : 1)
hpin:transformer_core_top/u_datapath/mux_mac_b_in[2]_237_19/in_5[3] 	 (fanout : 1)
hpin:transformer_core_top/u_datapath/mux_mac_b_in[2]_237_19/in_5[2] 	 (fanout : 1)
hpin:transformer_core_top/u_datapath/mux_mac_b_in[2]_237_19/in_5[1] 	 (fanout : 1)
hpin:transformer_core_top/u_datapath/mux_mac_b_in[2]_237_19/in_5[0] 	 (fanout : 1)
hpin:transformer_core_top/u_datapath/mux_253_94/in_1[7] 	 (fanout : 1)
hpin:transformer_core_top/u_datapath/mux_253_94/in_1[6] 	 (fanout : 1)
hpin:transformer_core_top/u_datapath/mux_253_94/in_1[5] 	 (fanout : 1)
hpin:transformer_core_top/u_datapath/mux_253_94/in_1[4] 	 (fanout : 1)
hpin:transformer_core_top/u_datapath/mux_253_94/in_1[3] 	 (fanout : 1)
hpin:transformer_core_top/u_datapath/mux_253_94/in_1[2] 	 (fanout : 1)
hpin:transformer_core_top/u_datapath/mux_253_94/in_1[1] 	 (fanout : 1)
hpin:transformer_core_top/u_datapath/mux_253_94/in_1[0] 	 (fanout : 1)
hpin:transformer_core_top/u_datapath/mux_255_96/in_1[7] 	 (fanout : 1)
hpin:transformer_core_top/u_datapath/mux_255_96/in_1[6] 	 (fanout : 1)
hpin:transformer_core_top/u_datapath/mux_255_96/in_1[5] 	 (fanout : 1)
hpin:transformer_core_top/u_datapath/mux_255_96/in_1[4] 	 (fanout : 1)
hpin:transformer_core_top/u_datapath/mux_255_96/in_1[3] 	 (fanout : 1)
hpin:transformer_core_top/u_datapath/mux_255_96/in_1[2] 	 (fanout : 1)
hpin:transformer_core_top/u_datapath/mux_255_96/in_1[1] 	 (fanout : 1)
hpin:transformer_core_top/u_datapath/mux_255_96/in_1[0] 	 (fanout : 1)
hpin:transformer_core_top/u_datapath/mux_mac_b_in[1]_237_19/in_5[7] 	 (fanout : 1)
hpin:transformer_core_top/u_datapath/mux_mac_b_in[1]_237_19/in_5[6] 	 (fanout : 1)
hpin:transformer_core_top/u_datapath/mux_mac_b_in[1]_237_19/in_5[5] 	 (fanout : 1)
hpin:transformer_core_top/u_datapath/mux_mac_b_in[1]_237_19/in_5[4] 	 (fanout : 1)
hpin:transformer_core_top/u_datapath/mux_mac_b_in[1]_237_19/in_5[3] 	 (fanout : 1)
hpin:transformer_core_top/u_datapath/mux_mac_b_in[1]_237_19/in_5[2] 	 (fanout : 1)
hpin:transformer_core_top/u_datapath/mux_mac_b_in[1]_237_19/in_5[1] 	 (fanout : 1)
hpin:transformer_core_top/u_datapath/mux_mac_b_in[1]_237_19/in_5[0] 	 (fanout : 1)
hpin:transformer_core_top/u_datapath/mux_253_100/in_1[7] 	 (fanout : 1)
hpin:transformer_core_top/u_datapath/mux_253_100/in_1[6] 	 (fanout : 1)
hpin:transformer_core_top/u_datapath/mux_253_100/in_1[5] 	 (fanout : 1)
hpin:transformer_core_top/u_datapath/mux_253_100/in_1[4] 	 (fanout : 1)
hpin:transformer_core_top/u_datapath/mux_253_100/in_1[3] 	 (fanout : 1)
hpin:transformer_core_top/u_datapath/mux_253_100/in_1[2] 	 (fanout : 1)
hpin:transformer_core_top/u_datapath/mux_253_100/in_1[1] 	 (fanout : 1)
hpin:transformer_core_top/u_datapath/mux_253_100/in_1[0] 	 (fanout : 1)
hpin:transformer_core_top/u_datapath/mux_255_102/in_1[7] 	 (fanout : 1)
hpin:transformer_core_top/u_datapath/mux_255_102/in_1[6] 	 (fanout : 1)
hpin:transformer_core_top/u_datapath/mux_255_102/in_1[5] 	 (fanout : 1)
hpin:transformer_core_top/u_datapath/mux_255_102/in_1[4] 	 (fanout : 1)
hpin:transformer_core_top/u_datapath/mux_255_102/in_1[3] 	 (fanout : 1)
hpin:transformer_core_top/u_datapath/mux_255_102/in_1[2] 	 (fanout : 1)
hpin:transformer_core_top/u_datapath/mux_255_102/in_1[1] 	 (fanout : 1)
hpin:transformer_core_top/u_datapath/mux_255_102/in_1[0] 	 (fanout : 1)
hpin:transformer_core_top/u_datapath/mux_mac_b_in[0]_237_19/in_5[7] 	 (fanout : 1)
hpin:transformer_core_top/u_datapath/mux_mac_b_in[0]_237_19/in_5[6] 	 (fanout : 1)
hpin:transformer_core_top/u_datapath/mux_mac_b_in[0]_237_19/in_5[5] 	 (fanout : 1)
hpin:transformer_core_top/u_datapath/mux_mac_b_in[0]_237_19/in_5[4] 	 (fanout : 1)
hpin:transformer_core_top/u_datapath/mux_mac_b_in[0]_237_19/in_5[3] 	 (fanout : 1)
hpin:transformer_core_top/u_datapath/mux_mac_b_in[0]_237_19/in_5[2] 	 (fanout : 1)
hpin:transformer_core_top/u_datapath/mux_mac_b_in[0]_237_19/in_5[1] 	 (fanout : 1)
hpin:transformer_core_top/u_datapath/mux_mac_b_in[0]_237_19/in_5[0] 	 (fanout : 1)
Total number of constant hierarchical pins in design 'transformer_core_top' : 3237

No constant connected ports in design 'transformer_core_top'

  Preserved instances(s)
  ----------------
No preserved combinational instance(s) in design 'transformer_core_top'
No preserved sequential instance(s) in design 'transformer_core_top'
No preserved hierarchical instance(s) in design 'transformer_core_top'

  Physical only instances(s)
  ----------------
No physical only instance(s) in design 'transformer_core_top'

  Logical only instance(s) and linked libcells
    -----------------------------------------
No logical only instance(s) in design 'transformer_core_top'

Libcells with no corresponding LEF
----------------------------------
No libcell(s) found.

LEF cells with no corresponding libcell
---------------------------------------

No physical (LEF) cells found.

 Summary
 ------- 

              Name                       Total
----------------------------------------------
Unresolved References                        0
Empty Modules                                0
Unloaded Port(s)                             0
Unloaded Sequential Pin(s)                   9
Unloaded Combinational Pin(s)              533
Assigns                                    157
Undriven Port(s)                             0
Undriven Leaf Pin(s)                         0
Undriven hierarchical pin(s)                 0
Multidriven Port(s)                          0
Multidriven Leaf Pin(s)                      0
Multidriven hierarchical Pin(s)              0
Multidriven unloaded net(s)                  0
Constant Port(s)                             0
Constant Leaf Pin(s)                         1
Constant hierarchical Pin(s)              3237
Preserved leaf instance(s)                   0
Preserved hierarchical instance(s)           0
Feedthrough Modules(s)                       0
Libcells with no LEF cell                    0
Physical (LEF) cells with no libcell         0
Subdesigns with long module name             0
Physical only instance(s)                    0
Logical only instance(s)                     0

  Done Checking the design.
