============================================================
  Generated by:           Genus(TM) Synthesis Solution 25.12-s067_1
  Generated on:           Jul 24 2026  08:08:23 pm
  Module:                 tr_soc_top_int
  Operating conditions:   ss_typical_max_0p90v_125c (balanced_tree)
  Wireload mode:          top
  Area mode:              timing library
============================================================


Path 1: VIOLATED (-83 ps) Setup Check with Pin u_req/prod_reg_reg[3][58]/CK->A
          Group: reg2reg
     Startpoint: (R) u_ctrl/reg_req_mult_reg[13]/CK
          Clock: (R) clk
       Endpoint: (F) u_req/prod_reg_reg[3][58]/A
          Clock: (R) clk

                     Capture       Launch     
        Clock Edge:+    3300            0     
       Src Latency:+       0            0     
       Net Latency:+       0 (I)        0 (I) 
           Arrival:=    3300            0     
                                              
             Setup:-     133                  
       Uncertainty:-     125                  
     Required Time:=    3042                  
      Launch Clock:-       0                  
         Data Path:-    3125                  
             Slack:=     -83                  

#------------------------------------------------------------------------------------------------
#         Timing Point           Flags    Arc   Edge      Cell        Fanout Trans Delay Arrival 
#                                                                             (ps)  (ps)   (ps)  
#------------------------------------------------------------------------------------------------
  u_ctrl/reg_req_mult_reg[13]/CK -       -      R     (arrival)           32     0     0       0 
  u_ctrl/reg_req_mult_reg[13]/Q  -       CK->Q  R     DFFRPQ_X4M_A9TL      2    87   303     303 
  g2433/Y                        -       A->Y   R     BUFH_X16M_A9TL       4    71    98     401 
  u_req/mul_61_51_I4_g57379/Y    -       A->Y   F     INV_X11M_A9TL        6    49    56     458 
  u_req/mul_61_51_I4_g57371/Y    -       A->Y   R     INV_X4M_A9TL         1    38    40     498 
  u_req/mul_61_51_I4_g56423/Y    -       A->Y   R     MXT2_X6M_A9TL        1    58   114     612 
  u_req/mul_61_51_I4_g55673/Y    -       B->Y   F     NAND2_X8A_A9TL       7   109    94     706 
  u_req/mul_61_51_I4_g55495/Y    -       A->Y   R     INV_X5M_A9TL         3    73    78     784 
  u_req/mul_61_51_I4_g55301/Y    -       B->Y   F     NAND2_X3A_A9TL       1    95    68     852 
  u_req/mul_61_51_I4_g55038/Y    -       B0N->Y R     AO21B_X4M_A9TL       3    92    83     935 
  u_req/mul_61_51_I4_g53909/Y    -       B->Y   F     XNOR3_X4M_A9TL       3   102   267    1201 
  u_req/mul_61_51_I4_g53418/Y    -       C->Y   F     XNOR3_X4M_A9TL       2    91   288    1489 
  u_req/mul_61_51_I4_g53048/Y    -       B->Y   F     XNOR3_X4M_A9TL       3    89   252    1742 
  u_req/mul_61_51_I4_g52626/Y    -       B->Y   F     XNOR3_X4M_A9TL       2    86   247    1989 
  u_req/fopt59405/Y              -       A->Y   R     INV_X2M_A9TL         1    49    54    2043 
  u_req/mul_61_51_I4_g52404/CO   -       CI->CO R     CGEN_X2M_A9TL        2   111   162    2205 
  u_req/mul_61_51_I4_g52299/Y    -       B->Y   F     NAND2_X4A_A9TL       1    75    81    2286 
  u_req/fopt59515/Y              -       A->Y   R     INV_X7P5M_A9TL       2    51    55    2341 
  u_req/fopt59514/Y              -       A->Y   F     INV_X4M_A9TL         2    43    46    2387 
  u_req/mul_61_51_I4_g52245/Y    -       A0->Y  R     AOI21_X8M_A9TL       1    86    75    2462 
  u_req/mul_61_51_I4_g52202/Y    -       A0N->Y F     AO1B2_X6M_A9TL       3    80    79    2541 
  u_req/mul_61_51_I4_g52195/Y    -       A->Y   R     NAND2_X6M_A9TL       1    55    59    2601 
  u_req/mul_61_51_I4_g52188/Y    -       A->Y   F     NAND3_X6A_A9TL       2    94    71    2671 
  u_req/mul_61_51_I4_g52169/Y    -       A0->Y  R     AOI21_X8M_A9TL       2   128   119    2790 
  u_req/mul_61_51_I4_g52168/Y    -       A->Y   F     INV_X7P5M_A9TL       6    66    72    2863 
  u_req/mul_61_51_I4_g52146/Y    -       A0->Y  R     AOI21_X3M_A9TL       1    94    92    2955 
  u_req/mul_61_51_I4_g52121/Y    -       B0N->Y F     AO21B_X2M_A9TL       1    94    86    3040 
  u_req/mul_61_51_I4_g52106/Y    -       A->Y   F     XNOR2_X3M_A9TL       1    86    84    3125 
  u_req/prod_reg_reg[3][58]/A    -       -      F     A2DFFQ_X1M_A9TL      1     -     0    3125 
#------------------------------------------------------------------------------------------------



Path 2: VIOLATED (-83 ps) Setup Check with Pin u_req/prod_reg_reg[3][57]/CK->A
          Group: reg2reg
     Startpoint: (R) u_ctrl/reg_req_mult_reg[13]/CK
          Clock: (R) clk
       Endpoint: (F) u_req/prod_reg_reg[3][57]/A
          Clock: (R) clk

                     Capture       Launch     
        Clock Edge:+    3300            0     
       Src Latency:+       0            0     
       Net Latency:+       0 (I)        0 (I) 
           Arrival:=    3300            0     
                                              
             Setup:-     138                  
       Uncertainty:-     125                  
     Required Time:=    3036                  
      Launch Clock:-       0                  
         Data Path:-    3119                  
             Slack:=     -83                  

#------------------------------------------------------------------------------------------------
#         Timing Point           Flags    Arc   Edge      Cell        Fanout Trans Delay Arrival 
#                                                                             (ps)  (ps)   (ps)  
#------------------------------------------------------------------------------------------------
  u_ctrl/reg_req_mult_reg[13]/CK -       -      R     (arrival)           32     0     0       0 
  u_ctrl/reg_req_mult_reg[13]/Q  -       CK->Q  R     DFFRPQ_X4M_A9TL      2    87   303     303 
  g2433/Y                        -       A->Y   R     BUFH_X16M_A9TL       4    71    98     401 
  u_req/mul_61_51_I4_g57379/Y    -       A->Y   F     INV_X11M_A9TL        6    49    56     458 
  u_req/mul_61_51_I4_g57371/Y    -       A->Y   R     INV_X4M_A9TL         1    38    40     498 
  u_req/mul_61_51_I4_g56423/Y    -       A->Y   R     MXT2_X6M_A9TL        1    58   114     612 
  u_req/mul_61_51_I4_g55673/Y    -       B->Y   F     NAND2_X8A_A9TL       7   109    94     706 
  u_req/mul_61_51_I4_g55495/Y    -       A->Y   R     INV_X5M_A9TL         3    73    78     784 
  u_req/mul_61_51_I4_g55301/Y    -       B->Y   F     NAND2_X3A_A9TL       1    95    68     852 
  u_req/mul_61_51_I4_g55038/Y    -       B0N->Y R     AO21B_X4M_A9TL       3    92    83     935 
  u_req/mul_61_51_I4_g53909/Y    -       B->Y   F     XNOR3_X4M_A9TL       3   102   267    1201 
  u_req/mul_61_51_I4_g53418/Y    -       C->Y   F     XNOR3_X4M_A9TL       2    91   288    1489 
  u_req/mul_61_51_I4_g53048/Y    -       B->Y   F     XNOR3_X4M_A9TL       3    89   252    1742 
  u_req/mul_61_51_I4_g52626/Y    -       B->Y   F     XNOR3_X4M_A9TL       2    86   247    1989 
  u_req/fopt59405/Y              -       A->Y   R     INV_X2M_A9TL         1    49    54    2043 
  u_req/mul_61_51_I4_g52404/CO   -       CI->CO R     CGEN_X2M_A9TL        2   111   162    2205 
  u_req/mul_61_51_I4_g52299/Y    -       B->Y   F     NAND2_X4A_A9TL       1    75    81    2286 
  u_req/fopt59515/Y              -       A->Y   R     INV_X7P5M_A9TL       2    51    55    2341 
  u_req/fopt59514/Y              -       A->Y   F     INV_X4M_A9TL         2    43    46    2387 
  u_req/mul_61_51_I4_g52245/Y    -       A0->Y  R     AOI21_X8M_A9TL       1    86    75    2462 
  u_req/mul_61_51_I4_g52202/Y    -       A0N->Y F     AO1B2_X6M_A9TL       3    80    79    2541 
  u_req/mul_61_51_I4_g52195/Y    -       A->Y   R     NAND2_X6M_A9TL       1    55    59    2601 
  u_req/mul_61_51_I4_g52188/Y    -       A->Y   F     NAND3_X6A_A9TL       2    94    71    2671 
  u_req/mul_61_51_I4_g52169/Y    -       A0->Y  R     AOI21_X8M_A9TL       2   128   119    2790 
  u_req/mul_61_51_I4_g52168/Y    -       A->Y   F     INV_X7P5M_A9TL       6    66    72    2863 
  u_req/mul_61_51_I4_g52147/Y    -       A0->Y  R     AOI21_X3M_A9TL       1    95    92    2955 
  u_req/mul_61_51_I4_g52122/Y    -       B0N->Y F     AO21B_X2M_A9TL       1    83    78    3032 
  u_req/mul_61_51_I4_g52104/Y    -       A->Y   F     XOR2_X2M_A9TL        1   100    87    3119 
  u_req/prod_reg_reg[3][57]/A    -       -      F     A2DFFQ_X1M_A9TL      1     -     0    3119 
#------------------------------------------------------------------------------------------------



Path 3: VIOLATED (-83 ps) Setup Check with Pin u_req/prod_reg_reg[2][61]/CK->A
          Group: reg2reg
     Startpoint: (R) u_ctrl/reg_req_mult_reg[3]/CK
          Clock: (R) clk
       Endpoint: (R) u_req/prod_reg_reg[2][61]/A
          Clock: (R) clk

                     Capture       Launch     
        Clock Edge:+    3300            0     
       Src Latency:+       0            0     
       Net Latency:+       0 (I)        0 (I) 
           Arrival:=    3300            0     
                                              
             Setup:-     130                  
       Uncertainty:-     125                  
     Required Time:=    3045                  
      Launch Clock:-       0                  
         Data Path:-    3128                  
             Slack:=     -83                  

#------------------------------------------------------------------------------------------------
#         Timing Point          Flags   Arc   Edge       Cell         Fanout Trans Delay Arrival 
#                                                                             (ps)  (ps)   (ps)  
#------------------------------------------------------------------------------------------------
  u_ctrl/reg_req_mult_reg[3]/CK -       -     R     (arrival)             32     0     0       0 
  u_ctrl/reg_req_mult_reg[3]/Q  -       CK->Q R     DFFRPQ_X4M_A9TL        3   102   312     312 
  u_req/fopt60498/Y             -       A->Y  F     INV_X7P5M_A9TL         2    50    56     368 
  u_req/fopt60482/Y             -       A->Y  R     INV_X9M_A9TL           3    62    58     426 
  u_req/fopt60453/Y             -       A->Y  F     INV_X4M_A9TL           3    68    65     490 
  u_req/fopt60452/Y             -       A->Y  R     INV_X11M_A9TL          7    78    75     566 
  u_req/fopt60450/Y             -       A->Y  R     BUFH_X5M_A9TL          2    61    90     656 
  u_req/mul_61_51_I3_g56171/Y   -       S0->Y R     MXIT2_X3M_A9TL         2   140    81     736 
  u_req/mul_61_51_I3_g58259/Y   -       AN->Y R     NAND2B_X2M_A9TL        1    72   140     876 
  u_req/mul_61_51_I3_g54993/Y   -       BN->Y R     NOR2XB_X4M_A9TL        2   122   158    1035 
  u_req/mul_61_51_I3_g54047/CO  -       A->CO R     CGEN_X2M_A9TL          2   105   197    1232 
  u_req/mul_61_51_I3_g53394/Y   -       C->Y  F     XOR3_X4M_A9TL          4   100   292    1524 
  u_req/mul_61_51_I3_g53162/Y   -       A->Y  R     NOR2_X3M_A9TL          1   117   103    1627 
  u_req/mul_61_51_I3_g53067/Y   -       B0->Y F     AOI21_X6M_A9TL         2    77    74    1701 
  u_req/mul_61_51_I3_g52714/Y   -       B->Y  F     XOR3_X3M_A9TL          2   102   263    1964 
  u_req/mul_61_51_I3_g52613/Y   -       B->Y  R     NAND2_X6M_A9TL         3    85    92    2056 
  u_req/mul_61_51_I3_g52565/Y   -       A->Y  F     NAND2_X4M_A9TL         2    61    61    2117 
  u_req/mul_61_51_I3_g52517/Y   -       A1->Y F     OA21_X4M_A9TL          3    69   162    2279 
  u_req/mul_61_51_I3_g52343/Y   -       A1->Y F     OA211_X6M_A9TL         4    62   173    2452 
  u_req/mul_61_51_I3_g52304/Y   -       A->Y  R     NAND2_X8B_A9TL         4    53    53    2505 
  u_req/mul_61_51_I3_g52269/Y   -       A->Y  F     NAND2_X6M_A9TL         2    59    50    2556 
  u_req/mul_61_51_I3_g52191/Y   -       A0->Y R     OAI2XB1_X8M_A9TL       2    94    87    2643 
  u_req/mul_61_51_I3_g52186/Y   -       A->Y  R     AND2_X11M_A9TL         2    44    99    2742 
  u_req/mul_61_51_I3_g52177/Y   -       A->Y  F     NAND2_X6M_A9TL         2    60    51    2793 
  u_req/mul_61_51_I3_g52159/Y   -       B->Y  R     NAND2_X8M_A9TL         7   112    94    2887 
  u_req/mul_61_51_I3_g52140/Y   -       A->Y  F     NAND2XB_X2M_A9TL       1    76    74    2961 
  u_req/mul_61_51_I3_g52113/Y   -       A->Y  R     NAND3XXB_X4M_A9TL      1   119    80    3041 
  u_req/mul_61_51_I3_g52100/Y   -       A->Y  R     XOR2_X3M_A9TL          1   155    87    3128 
  u_req/prod_reg_reg[2][61]/A   -       -     R     A2DFFQ_X1M_A9TL        1     -     0    3128 
#------------------------------------------------------------------------------------------------



Path 4: VIOLATED (-83 ps) Setup Check with Pin u_req/prod_reg_reg[2][61]/CK->A
          Group: reg2reg
     Startpoint: (R) u_ctrl/reg_req_mult_reg[31]/CK
          Clock: (R) clk
       Endpoint: (R) u_req/prod_reg_reg[2][61]/A
          Clock: (R) clk

                     Capture       Launch     
        Clock Edge:+    3300            0     
       Src Latency:+       0            0     
       Net Latency:+       0 (I)        0 (I) 
           Arrival:=    3300            0     
                                              
             Setup:-     130                  
       Uncertainty:-     125                  
     Required Time:=    3045                  
      Launch Clock:-       0                  
         Data Path:-    3128                  
             Slack:=     -83                  

#--------------------------------------------------------------------------------------------------
#         Timing Point           Flags    Arc   Edge       Cell         Fanout Trans Delay Arrival 
#                                                                               (ps)  (ps)   (ps)  
#--------------------------------------------------------------------------------------------------
  u_ctrl/reg_req_mult_reg[31]/CK -       -      R     (arrival)             32     0     0       0 
  u_ctrl/reg_req_mult_reg[31]/Q  -       CK->Q  F     DFFRPQ_X4M_A9TL        2    67   288     288 
  g2434/Y                        -       A->Y   F     BUFH_X16M_A9TL        12    67   105     393 
  u_req/mul_61_51_I3_g57264/Y    -       A->Y   R     INV_X4M_A9TL           9   158   118     511 
  u_req/mul_61_51_I3_g56739/Y    -       S0->Y  R     MXIT2_X1M_A9TL         2   246   160     671 
  u_req/mul_61_51_I3_g55167/Y    -       BN->Y  R     NOR2XB_X2M_A9TL        1   114   211     882 
  u_req/mul_61_51_I3_g54945/Y    -       A->Y   F     NOR2XB_X3M_A9TL        2    91    87     969 
  u_req/mul_61_51_I3_g58209/Y    -       B->Y   F     XOR3_X2M_A9TL          2   110   298    1266 
  u_req/mul_61_51_I3_g53449/CO   -       CI->CO F     CGEN_X2M_A9TL          3   114   218    1484 
  u_req/mul_61_51_I3_g53160/Y    -       BN->Y  F     NOR2XB_X8M_A9TR        1    67   179    1663 
  u_req/mul_61_51_I3_g53080/Y    -       A0->Y  R     OAI21_X6M_A9TL         2   114   100    1764 
  u_req/mul_61_51_I3_g52625/Y    -       B->Y   F     XNOR3_X4M_A9TL         3    94   265    2029 
  u_req/mul_61_51_I3_g52532/Y    -       B->Y   R     NOR2_X1P4A_A9TL        1   170   138    2168 
  u_req/mul_61_51_I3_g52412/Y    -       B0->Y  F     AOI21_X4M_A9TL         2   107   101    2268 
  u_req/mul_61_51_I3_g57968/Y    -       B->Y   F     OR2_X2M_A9TL           3    86   166    2434 
  u_req/mul_61_51_I3_g52258/Y    -       A->Y   R     NOR2_X4M_A9TL          1    94    88    2522 
  u_req/mul_61_51_I3_g52207/Y    -       B0->Y  F     AOI2XB1_X6M_A9TL       1    61    54    2576 
  u_req/mul_61_51_I3_g52188/Y    -       B->Y   R     NAND3_X6A_A9TL         2   145   108    2684 
  u_req/mul_61_51_I3_g52169/Y    -       A0->Y  F     AOI21_X8M_A9TL         2   100   101    2784 
  u_req/mul_61_51_I3_g52159/Y    -       A->Y   R     NAND2_X8M_A9TL         7   112   103    2887 
  u_req/mul_61_51_I3_g52140/Y    -       A->Y   F     NAND2XB_X2M_A9TL       1    76    74    2961 
  u_req/mul_61_51_I3_g52113/Y    -       A->Y   R     NAND3XXB_X4M_A9TL      1   119    80    3041 
  u_req/mul_61_51_I3_g52100/Y    -       A->Y   R     XOR2_X3M_A9TL          1   155    87    3128 
  u_req/prod_reg_reg[2][61]/A    -       -      R     A2DFFQ_X1M_A9TL        1     -     0    3128 
#--------------------------------------------------------------------------------------------------



Path 5: VIOLATED (-83 ps) Setup Check with Pin u_req/prod_reg_reg[2][61]/CK->A
          Group: reg2reg
     Startpoint: (R) u_ctrl/reg_req_mult_reg[31]/CK
          Clock: (R) clk
       Endpoint: (F) u_req/prod_reg_reg[2][61]/A
          Clock: (R) clk

                     Capture       Launch     
        Clock Edge:+    3300            0     
       Src Latency:+       0            0     
       Net Latency:+       0 (I)        0 (I) 
           Arrival:=    3300            0     
                                              
             Setup:-     137                  
       Uncertainty:-     125                  
     Required Time:=    3038                  
      Launch Clock:-       0                  
         Data Path:-    3121                  
             Slack:=     -83                  

#--------------------------------------------------------------------------------------------------
#         Timing Point           Flags    Arc   Edge       Cell         Fanout Trans Delay Arrival 
#                                                                               (ps)  (ps)   (ps)  
#--------------------------------------------------------------------------------------------------
  u_ctrl/reg_req_mult_reg[31]/CK -       -      R     (arrival)             32     0     0       0 
  u_ctrl/reg_req_mult_reg[31]/Q  -       CK->Q  F     DFFRPQ_X4M_A9TL        2    67   288     288 
  g2434/Y                        -       A->Y   F     BUFH_X16M_A9TL        12    67   105     393 
  u_req/mul_61_51_I3_g57257/Y    -       A->Y   R     INV_X4M_A9TL           9   150   114     507 
  u_req/mul_61_51_I3_g57256/Y    -       A->Y   F     INV_X7P5M_A9TL        13    85    87     594 
  u_req/mul_61_51_I3_g57255/Y    -       A->Y   R     INV_X5M_A9TL          12   128   106     700 
  u_req/mul_61_51_I3_g56928/Y    -       B->Y   F     NAND2_X1A_A9TL         1   112   110     810 
  u_req/mul_61_51_I3_g56753/Y    -       B0N->Y R     AO21B_X2M_A9TR         2   118   109     919 
  u_req/mul_61_51_I3_g54761/Y    -       B0->Y  R     AO1B2_X2M_A9TL         2    94   164    1082 
  u_req/mul_61_51_I3_g53939/Y    -       C->Y   F     XNOR3_X2M_A9TL         2   108   325    1407 
  u_req/mul_61_51_I3_g58101/Y    -       B->Y   F     XNOR2_X3M_A9TL         2   106   145    1553 
  u_req/mul_61_51_I3_g53034/CON  -       B->CON R     CGENI_X2M_A9TL         2   199   170    1722 
  u_req/mul_61_51_I3_g58016/Y    -       A1N->Y R     AOI2XB1_X2M_A9TL       1   100   209    1932 
  u_req/mul_61_51_I3_g52596/SUM  -       A->SUM R     ADDFH_X2M_A9TL         2    96   337    2269 
  u_req/mul_61_51_I3_g57989/Y    -       AN->Y  R     NAND2B_X3M_A9TL        2    95   136    2405 
  u_req/mul_61_51_I3_g57988/Y    -       B->Y   F     NOR2B_X2M_A9TL         1    71    75    2480 
  u_req/mul_61_51_I3_g52307/Y    -       B0->Y  R     AOI21_X3M_A9TL         1   106    96    2575 
  u_req/mul_61_51_I3_g52192/Y    -       C0->Y  F     OAI211_X4M_A9TL        1   107    93    2668 
  u_req/mul_61_51_I3_g52169/Y    -       B0->Y  R     AOI21_X8M_A9TL         2   134   120    2789 
  u_req/mul_61_51_I3_g52159/Y    -       A->Y   F     NAND2_X8M_A9TL         7    95    88    2876 
  u_req/mul_61_51_I3_g52140/Y    -       A->Y   R     NAND2XB_X2M_A9TL       1    96    88    2964 
  u_req/mul_61_51_I3_g52113/Y    -       A->Y   F     NAND3XXB_X4M_A9TL      1   108    68    3032 
  u_req/mul_61_51_I3_g52100/Y    -       A->Y   F     XOR2_X3M_A9TL          1    96    89    3121 
  u_req/prod_reg_reg[2][61]/A    -       -      F     A2DFFQ_X1M_A9TL        1     -     0    3121 
#--------------------------------------------------------------------------------------------------



Path 6: VIOLATED (-83 ps) Setup Check with Pin u_req/prod_reg_reg[1][63]/CK->A
          Group: reg2reg
     Startpoint: (R) u_ctrl/reg_req_mult_reg[11]/CK
          Clock: (R) clk
       Endpoint: (F) u_req/prod_reg_reg[1][63]/A
          Clock: (R) clk

                     Capture       Launch     
        Clock Edge:+    3300            0     
       Src Latency:+       0            0     
       Net Latency:+       0 (I)        0 (I) 
           Arrival:=    3300            0     
                                              
             Setup:-     138                  
       Uncertainty:-     125                  
     Required Time:=    3036                  
      Launch Clock:-       0                  
         Data Path:-    3119                  
             Slack:=     -83                  

#------------------------------------------------------------------------------------------------
#         Timing Point           Flags   Arc   Edge       Cell        Fanout Trans Delay Arrival 
#                                                                             (ps)  (ps)   (ps)  
#------------------------------------------------------------------------------------------------
  u_ctrl/reg_req_mult_reg[11]/CK -       -     R     (arrival)            32     0     0       0 
  u_ctrl/reg_req_mult_reg[11]/Q  -       CK->Q R     DFFRPQ_X4M_A9TL       2    87   303     303 
  g2454/Y                        -       A->Y  R     BUFH_X16M_A9TL       16   128   129     433 
  u_req/mul_61_51_I2_g57766/Y    -       A->Y  F     INV_X6M_A9TL          3    59    64     497 
  u_req/mul_61_51_I2_g56789/Y    -       A->Y  R     NAND2_X3M_A9TL        1    90    75     572 
  u_req/mul_61_51_I2_g55497/Y    -       A0->Y F     AOI21_X6M_A9TL        1    64    68     640 
  u_req/mul_61_51_I2_g55375/Y    -       A->Y  F     AND2_X11M_A9TL       16    85   134     774 
  u_req/mul_61_51_I2_g55249/Y    -       A->Y  R     INV_X6M_A9TL          3    80    80     854 
  u_req/mul_61_51_I2_g55247/Y    -       A->Y  F     INV_X13M_A9TR         7    53    64     919 
  u_req/mul_61_51_I2_g54364/Y    -       A0->Y R     AOI2XB1_X3M_A9TL      2   129   105    1023 
  u_req/mul_61_51_I2_g54028/CO   -       A->CO R     CGEN_X2M_A9TL         2   123   209    1232 
  u_req/mul_61_51_I2_g53407/Y    -       B->Y  F     XOR3_X4M_A9TL         2    85   256    1488 
  u_req/mul_61_51_I2_g53046/CO   -       A->CO F     CGEN_X2M_A9TL         2   102   222    1710 
  u_req/mul_61_51_I2_g52657/Y    -       C->Y  F     XNOR3_X4M_A9TL        2    91   288    1998 
  u_req/mul_61_51_I2_g52477/Y    -       B->Y  F     XNOR3_X4M_A9TL        2    96   262    2260 
  u_req/mul_61_51_I2_g52316/Y    -       A->Y  R     NOR2XB_X8M_A9TL       3    85    81    2341 
  u_req/mul_61_51_I2_g52252/Y    -       B0->Y R     AO1B2_X6M_A9TL        3    80   142    2483 
  u_req/mul_61_51_I2_g52214/Y    -       A1->Y F     AOI21_X8M_A9TL        2    59    71    2554 
  u_req/mul_61_51_I2_g52192/Y    -       A0->Y R     OAI211_X4M_A9TL       1   159   132    2686 
  u_req/mul_61_51_I2_g52169/Y    -       B0->Y F     AOI21_X8M_A9TL        2   100    95    2781 
  u_req/mul_61_51_I2_g52159/Y    -       A->Y  R     NAND2_X8M_A9TL        7   109   102    2882 
  u_req/fopt62231/Y              -       A->Y  F     INV_X3M_A9TL          2    51    57    2940 
  u_req/fopt62230/Y              -       A->Y  R     INV_X1P4M_A9TL        2   121    92    3031 
  u_req/mul_61_51_I2_g52115/Y    -       A0->Y F     AOI31_X2M_A9TL        1   101    88    3119 
  u_req/prod_reg_reg[1][63]/A    -       -     F     A2DFFQ_X1M_A9TL       1     -     0    3119 
#------------------------------------------------------------------------------------------------



Path 7: VIOLATED (-83 ps) Setup Check with Pin u_req/prod_reg_reg[1][61]/CK->A
          Group: reg2reg
     Startpoint: (R) u_ctrl/reg_req_mult_reg[13]/CK
          Clock: (R) clk
       Endpoint: (F) u_req/prod_reg_reg[1][61]/A
          Clock: (R) clk

                     Capture       Launch     
        Clock Edge:+    3300            0     
       Src Latency:+       0            0     
       Net Latency:+       0 (I)        0 (I) 
           Arrival:=    3300            0     
                                              
             Setup:-     137                  
       Uncertainty:-     125                  
     Required Time:=    3038                  
      Launch Clock:-       0                  
         Data Path:-    3121                  
             Slack:=     -83                  

#---------------------------------------------------------------------------------------------------
#         Timing Point           Flags    Arc    Edge       Cell         Fanout Trans Delay Arrival 
#                                                                                (ps)  (ps)   (ps)  
#---------------------------------------------------------------------------------------------------
  u_ctrl/reg_req_mult_reg[13]/CK -       -       R     (arrival)             32     0     0       0 
  u_ctrl/reg_req_mult_reg[13]/Q  -       CK->Q   F     DFFRPQ_X4M_A9TL        2    67   288     288 
  g2433/Y                        -       A->Y    F     BUFH_X16M_A9TL         4    49    94     382 
  u_req/mul_61_51_I2_g57379/Y    -       A->Y    R     INV_X13M_A9TL          6    64    60     441 
  u_req/mul_61_51_I2_g57371/Y    -       A->Y    F     INV_X4M_A9TL           1    29    35     476 
  u_req/mul_61_51_I2_g56423/Y    -       A->Y    F     MXT2_X6M_A9TL          1    59   128     604 
  u_req/mul_61_51_I2_g55673/Y    -       B->Y    R     NAND2_X8A_A9TL         7   101    87     691 
  u_req/mul_61_51_I2_g55495/Y    -       A->Y    F     INV_X5M_A9TL           3    50    56     748 
  u_req/mul_61_51_I2_g54574/Y    -       A0->Y   R     AOI22_X1M_A9TL         1   181   146     894 
  u_req/mul_61_51_I2_g53639/CO   -       A->CO   R     ADDFH_X2M_A9TL         2   120   379    1273 
  u_req/mul_61_51_I2_g53340/Y    -       B->Y    F     XOR3_X4M_A9TL          2    83   251    1524 
  u_req/mul_61_51_I2_g53083/CON  -       CI->CON R     CGENI_X2M_A9TL         3   226   162    1686 
  u_req/mul_61_51_I2_g52730/Y    -       C->Y    F     XNOR3_X2M_A9TL         1    84   322    2008 
  u_req/mul_61_51_I2_g52458/SUM  -       CI->SUM R     ADDFH_X2M_A9TL         2   108   264    2272 
  u_req/mul_61_51_I2_g57971/Y    -       A->Y    R     OR2_X3M_A9TL           3   115   152    2424 
  u_req/mul_61_51_I2_g57972/Y    -       A0->Y   F     OAI2XB1_X8M_A9TL       1    59    68    2492 
  u_req/mul_61_51_I2_g52214/Y    -       B0->Y   R     AOI21_X8M_A9TL         2    84    79    2571 
  u_req/mul_61_51_I2_g52192/Y    -       A0->Y   F     OAI211_X4M_A9TL        1   108    99    2670 
  u_req/mul_61_51_I2_g52169/Y    -       B0->Y   R     AOI21_X8M_A9TL         2   134   121    2791 
  u_req/mul_61_51_I2_g52159/Y    -       A->Y    F     NAND2_X8M_A9TL         7    93    86    2877 
  u_req/mul_61_51_I2_g52140/Y    -       A->Y    R     NAND2XB_X2M_A9TL       1    96    87    2964 
  u_req/mul_61_51_I2_g52113/Y    -       A->Y    F     NAND3XXB_X4M_A9TL      1   108    68    3032 
  u_req/mul_61_51_I2_g52100/Y    -       A->Y    F     XOR2_X3M_A9TL          1    96    89    3121 
  u_req/prod_reg_reg[1][61]/A    -       -       F     A2DFFQ_X1M_A9TL        1     -     0    3121 
#---------------------------------------------------------------------------------------------------



Path 8: VIOLATED (-83 ps) Setup Check with Pin u_req/prod_reg_reg[1][59]/CK->A
          Group: reg2reg
     Startpoint: (R) u_dot/GEN_MAC_LANES[1].u_mac_lane/out_dot_reg[31]/CK
          Clock: (R) clk
       Endpoint: (R) u_req/prod_reg_reg[1][59]/A
          Clock: (R) clk

                     Capture       Launch     
        Clock Edge:+    3300            0     
       Src Latency:+       0            0     
       Net Latency:+       0 (I)        0 (I) 
           Arrival:=    3300            0     
                                              
             Setup:-     133                  
       Uncertainty:-     125                  
     Required Time:=    3042                  
      Launch Clock:-       0                  
         Data Path:-    3125                  
             Slack:=     -83                  

#-----------------------------------------------------------------------------------------------------------------------
#                    Timing Point                      Flags   Arc   Edge       Cell         Fanout Trans Delay Arrival 
#                                                                                                    (ps)  (ps)   (ps)  
#-----------------------------------------------------------------------------------------------------------------------
  u_dot/GEN_MAC_LANES[1].u_mac_lane/out_dot_reg[31]/CK -       -     R     (arrival)           3259     0     0       0 
  u_dot/GEN_MAC_LANES[1].u_mac_lane/out_dot_reg[31]/Q  -       CK->Q R     A2DFFQ_X3M_A9TL        8   200   332     332 
  u_req/mul_61_51_I2_g57508/Y                          -       A->Y  F     INV_X2M_A9TL           3    97   103     435 
  u_req/mul_61_51_I2_g57507/Y                          -       A->Y  R     INV_X1M_A9TL           3   206   154     590 
  u_req/mul_61_51_I2_g56658/Y                          -       A->Y  F     MXIT2_X1M_A9TL         2   145   150     740 
  u_req/mul_61_51_I2_g55647/Y                          -       A->Y  R     NOR2_X1P4A_A9TL        2   189   158     898 
  u_req/mul_61_51_I2_g54670/Y                          -       B0->Y F     AOI2XB1_X1M_A9TL       1   147   133    1031 
  u_req/mul_61_51_I2_g53775/S                          -       CI->S R     ADDF_X1P4M_A9TL        2   156   379    1409 
  u_req/mul_61_51_I2_g53258/Y                          -       B->Y  R     XNOR3_X3M_A9TL         2    85   261    1670 
  u_req/mul_61_51_I2_g53144/Y                          -       A->Y  F     INV_X2M_A9TL           2    52    59    1730 
  u_req/mul_61_51_I2_g53089/Y                          -       A->Y  R     NOR2XB_X2M_A9TL        1   124    94    1823 
  u_req/mul_61_51_I2_g52929/Y                          -       B0->Y F     AOI21_X4M_A9TL         1    64    60    1883 
  u_req/mul_61_51_I2_g52597/CO                         -       A->CO F     ADDFH_X2M_A9TL         2   102   350    2233 
  u_req/mul_61_51_I2_g52574/Y                          -       B->Y  R     NOR2_X4M_A9TL          2   120   114    2346 
  u_req/mul_61_51_I2_g52519/Y                          -       A0->Y F     AOI21_X6M_A9TL         2    79    81    2428 
  u_req/mul_61_51_I2_g52447/Y                          -       A0->Y R     OAI21_X6M_A9TL         2   118   101    2528 
  u_req/mul_61_51_I2_g57997/Y                          -       A0->Y F     AOI21_X6M_A9TL         1   137    75    2604 
  u_req/mul_61_51_I2_g52344/Y                          -       A->Y  R     NAND2_X6A_A9TL         5    80    88    2692 
  u_req/mul_61_51_I2_g52336/Y                          -       A->Y  F     INV_X3M_A9TL           4    59    64    2755 
  u_req/mul_61_51_I2_g52271/Y                          -       B0->Y R     OAI22_X1P4M_A9TL       1   179   107    2862 
  u_req/mul_61_51_I2_g52116/Y                          -       CN->Y R     NAND3XXB_X4M_A9TL      1   114   169    3031 
  u_req/mul_61_51_I2_g52101/Y                          -       A->Y  R     XNOR2_X2M_A9TL         1   167    94    3125 
  u_req/prod_reg_reg[1][59]/A                          -       -     R     A2DFFQ_X1M_A9TL        1     -     0    3125 
#-----------------------------------------------------------------------------------------------------------------------



Path 9: VIOLATED (-83 ps) Setup Check with Pin u_req/prod_reg_reg[0][61]/CK->A
          Group: reg2reg
     Startpoint: (R) u_ctrl/reg_req_mult_reg[11]/CK
          Clock: (R) clk
       Endpoint: (F) u_req/prod_reg_reg[0][61]/A
          Clock: (R) clk

                     Capture       Launch     
        Clock Edge:+    3300            0     
       Src Latency:+       0            0     
       Net Latency:+       0 (I)        0 (I) 
           Arrival:=    3300            0     
                                              
             Setup:-     137                  
       Uncertainty:-     125                  
     Required Time:=    3038                  
      Launch Clock:-       0                  
         Data Path:-    3121                  
             Slack:=     -83                  

#--------------------------------------------------------------------------------------------------
#         Timing Point           Flags    Arc   Edge       Cell         Fanout Trans Delay Arrival 
#                                                                               (ps)  (ps)   (ps)  
#--------------------------------------------------------------------------------------------------
  u_ctrl/reg_req_mult_reg[11]/CK -       -      R     (arrival)             32     0     0       0 
  u_ctrl/reg_req_mult_reg[11]/Q  -       CK->Q  F     DFFRPQ_X4M_A9TL        2    67   288     288 
  g2454/Y                        -       A->Y   F     BUFH_X16M_A9TL        16    83   114     402 
  u_req/mul_61_51_I1_g57761/Y    -       A->Y   R     INV_X9M_A9TL           2    51    56     458 
  u_req/mul_61_51_I1_g57760/Y    -       A->Y   F     INV_X9M_A9TL           2    38    40     498 
  u_req/mul_61_51_I1_g57759/Y    -       A->Y   R     INV_X16M_A9TL         13    83    66     564 
  u_req/mul_61_51_I1_g57750/Y    -       A->Y   F     INV_X9B_A9TL           7    79    78     642 
  u_req/mul_61_51_I1_g56722/Y    -       S0->Y  F     MXIT2_X4M_A9TL         2    74    97     739 
  u_req/mul_61_51_I1_g55571/Y    -       A->Y   R     NOR2_X3B_A9TL          1    91    83     822 
  u_req/mul_61_51_I1_g54370/Y    -       B0->Y  F     AOI2XB1_X4M_A9TL       1    70    60     882 
  u_req/mul_61_51_I1_g53635/S    -       B->S   R     ADDF_X2M_A9TL          3   140   384    1266 
  u_req/mul_61_51_I1_g53443/CO   -       CI->CO R     CGEN_X2M_A9TL          3   169   226    1493 
  u_req/mul_61_51_I1_g53159/Y    -       A->Y   F     NAND2_X3A_A9TL         1   112   108    1600 
  u_req/mul_61_51_I1_g52987/Y    -       A0->Y  R     AOI21_X8M_A9TL         2   102   111    1711 
  u_req/mul_61_51_I1_g52781/CON  -       B->CON F     CGENI_X2M_A9TL         1   129   107    1818 
  u_req/mul_61_51_I1_g52670/Y    -       A->Y   R     INV_X4M_A9TL           3    93    96    1915 
  u_req/mul_61_51_I1_g52618/Y    -       S0->Y  R     MXIT2_X4M_A9TL         1   137    98    2012 
  u_req/mul_61_51_I1_g52512/Y    -       A->Y   R     XOR2_X4M_A9TL          2   176   113    2126 
  u_req/mul_61_51_I1_g57973/Y    -       A->Y   R     OR2_X2M_A9TL           2    93   159    2285 
  u_req/mul_61_51_I1_g52366/Y    -       B0->Y  F     OAI21_X6M_A9TL         1    56    62    2346 
  u_req/mul_61_51_I1_g52319/Y    -       B0->Y  R     AOI21_X6M_A9TL         2    83    77    2423 
  u_req/mul_61_51_I1_g52196/Y    -       A1->Y  R     OA211_X3M_A9TL         1    71   151    2574 
  u_req/mul_61_51_I1_g52191/Y    -       B0->Y  F     OAI2XB1_X8M_A9TL       2    60    62    2636 
  u_req/mul_61_51_I1_g52186/Y    -       A->Y   F     AND2_X11M_A9TL         2    38    97    2733 
  u_req/mul_61_51_I1_g52177/Y    -       A->Y   R     NAND2_X6M_A9TL         2    90    63    2796 
  u_req/mul_61_51_I1_g52159/Y    -       B->Y   F     NAND2_X8M_A9TL         7    95    80    2876 
  u_req/mul_61_51_I1_g52140/Y    -       A->Y   R     NAND2XB_X2M_A9TL       1    96    88    2964 
  u_req/mul_61_51_I1_g52113/Y    -       A->Y   F     NAND3XXB_X4M_A9TL      1   108    68    3032 
  u_req/mul_61_51_I1_g52100/Y    -       A->Y   F     XOR2_X3M_A9TL          1    96    89    3121 
  u_req/prod_reg_reg[0][61]/A    -       -      F     A2DFFQ_X1M_A9TL        1     -     0    3121 
#--------------------------------------------------------------------------------------------------



Path 10: VIOLATED (-83 ps) Setup Check with Pin u_req/prod_reg_reg[3][59]/CK->A
          Group: reg2reg
     Startpoint: (R) u_ctrl/reg_req_mult_reg[0]/CK
          Clock: (R) clk
       Endpoint: (R) u_req/prod_reg_reg[3][59]/A
          Clock: (R) clk

                     Capture       Launch     
        Clock Edge:+    3300            0     
       Src Latency:+       0            0     
       Net Latency:+       0 (I)        0 (I) 
           Arrival:=    3300            0     
                                              
             Setup:-     129                  
       Uncertainty:-     125                  
     Required Time:=    3046                  
      Launch Clock:-       0                  
         Data Path:-    3128                  
             Slack:=     -83                  

#-------------------------------------------------------------------------------------------------
#         Timing Point          Flags    Arc   Edge       Cell         Fanout Trans Delay Arrival 
#                                                                              (ps)  (ps)   (ps)  
#-------------------------------------------------------------------------------------------------
  u_ctrl/reg_req_mult_reg[0]/CK -       -      R     (arrival)             32     0     0       0 
  u_ctrl/reg_req_mult_reg[0]/Q  -       CK->Q  R     DFFRPQ_X2M_A9TL        2    86   304     304 
  g2453/Y                       -       A->Y   R     BUF_X9M_A9TL           8    90   127     431 
  u_req/mul_61_51_I4_g57668/Y   -       A->Y   F     INV_X6B_A9TL           7   111    98     529 
  u_req/mul_61_51_I4_g57663/Y   -       A->Y   R     INV_X3P5M_A9TL        14   195   153     682 
  u_req/mul_61_51_I4_g58263/Y   -       B->Y   R     AND2_X2M_A9TL          1    72   159     841 
  u_req/mul_61_51_I4_g54669/Y   -       B0->Y  F     AOI2XB1_X4M_A9TL       3   116    80     922 
  u_req/mul_61_51_I4_g58177/Y   -       S0->Y  R     MXIT2_X2M_A9TL         1   194   129    1050 
  u_req/mul_61_51_I4_g58199/Y   -       A->Y   R     XNOR2_X4M_A9TL         2   200   140    1190 
  u_req/mul_61_51_I4_g53414/Y   -       B->Y   F     XNOR3_X2M_A9TL         1    97   308    1498 
  u_req/mul_61_51_I4_g52676/CO  -       B->CO  F     ADDF_X2M_A9TL          2   116   263    1761 
  u_req/mul_61_51_I4_g52645/Y   -       B0->Y  R     AOI21_X6M_A9TL         1   100   100    1861 
  u_req/mul_61_51_I4_g52627/Y   -       A->Y   F     NOR2XB_X8M_A9TL        3    60    62    1924 
  u_req/mul_61_51_I4_g57984/Y   -       BN->Y  F     NOR2XB_X3M_A9TL        1    64   132    2056 
  u_req/mul_61_51_I4_g52409/Y   -       A1N->Y F     AOI2XB1_X8M_A9TL       2   108   138    2193 
  u_req/mul_61_51_I4_g52298/Y   -       B->Y   R     NAND2_X6M_A9TL         3    96   101    2294 
  u_req/mul_61_51_I4_g52230/Y   -       B->Y   F     NAND2_X6M_A9TL         1    54    58    2352 
  u_req/mul_61_51_I4_g52225/Y   -       B->Y   R     NAND2_X6M_A9TL         2    70    69    2421 
  u_req/mul_61_51_I4_g52202/Y   -       B0->Y  R     AO1B2_X6M_A9TL         3    77   136    2556 
  u_req/mul_61_51_I4_g52195/Y   -       A->Y   F     NAND2_X6M_A9TL         1    42    45    2601 
  u_req/mul_61_51_I4_g52188/Y   -       A->Y   R     NAND3_X6A_A9TL         2   145    88    2689 
  u_req/mul_61_51_I4_g52169/Y   -       A0->Y  F     AOI21_X8M_A9TL         2    97    98    2788 
  u_req/mul_61_51_I4_g52159/Y   -       A->Y   R     NAND2_X8M_A9TL         7   109   100    2888 
  u_req/mul_61_51_I4_g52143/Y   -       A->Y   F     NAND2XB_X2M_A9TL       1    75    73    2961 
  u_req/mul_61_51_I4_g52116/Y   -       A->Y   R     NAND3XXB_X4M_A9TL      1   121    81    3042 
  u_req/mul_61_51_I4_g52101/Y   -       A->Y   R     XNOR2_X3M_A9TL         1   151    87    3128 
  u_req/prod_reg_reg[3][59]/A   -       -      R     A2DFFQ_X1M_A9TL        1     -     0    3128 
#-------------------------------------------------------------------------------------------------



Path 11: VIOLATED (-83 ps) Setup Check with Pin u_req/prod_reg_reg[3][58]/CK->A
          Group: reg2reg
     Startpoint: (R) u_ctrl/reg_req_mult_reg[19]/CK
          Clock: (R) clk
       Endpoint: (F) u_req/prod_reg_reg[3][58]/A
          Clock: (R) clk

                     Capture       Launch     
        Clock Edge:+    3300            0     
       Src Latency:+       0            0     
       Net Latency:+       0 (I)        0 (I) 
           Arrival:=    3300            0     
                                              
             Setup:-     133                  
       Uncertainty:-     125                  
     Required Time:=    3042                  
      Launch Clock:-       0                  
         Data Path:-    3125                  
             Slack:=     -83                  

#--------------------------------------------------------------------------------------------------
#         Timing Point           Flags    Arc    Edge       Cell        Fanout Trans Delay Arrival 
#                                                                               (ps)  (ps)   (ps)  
#--------------------------------------------------------------------------------------------------
  u_ctrl/reg_req_mult_reg[19]/CK -       -       R     (arrival)            32     0     0       0 
  u_ctrl/reg_req_mult_reg[19]/Q  -       CK->Q   F     DFFRPQ_X4M_A9TL       2    61   283     283 
  u_req/fopt60645/Y              -       A->Y    R     INV_X9M_A9TL          3    63    63     346 
  u_req/fopt60644/Y              -       A->Y    F     INV_X7P5M_A9TL        3    40    46     392 
  u_req/fopt60596/Y              -       A->Y    R     INV_X3M_A9TL          2    67    57     450 
  u_req/fopt60595/Y              -       A->Y    F     INV_X4M_A9TL          3    64    64     514 
  u_req/fopt60594/Y              -       A->Y    R     INV_X7P5M_A9TL        4    68    68     582 
  u_req/fopt60593/Y              -       A->Y    F     INV_X4M_A9TL          2    36    42     624 
  u_req/fopt60592/Y              -       A->Y    R     INV_X3M_A9TL          2    65    54     678 
  u_req/fopt60591/Y              -       A->Y    F     INV_X4M_A9TL          2    31    37     715 
  u_req/mul_61_51_I4_g56173/Y    -       A0->Y   F     AO21B_X1P4M_A9TL      2   133   156     871 
  u_req/mul_61_51_I4_g55914/Y    -       A->Y    R     INV_X2M_A9TL          1    66    72     943 
  u_req/mul_61_51_I4_g54423/Y    -       A0->Y   R     OA21_X2M_A9TL         2   100   142    1085 
  u_req/mul_61_51_I4_g53858/CON  -       B->CON  F     CGENI_X2M_A9TL        1   117   107    1192 
  u_req/mul_61_51_I4_g53308/S    -       B->S    R     ADDF_X1P4M_A9TL       2   161   387    1579 
  u_req/mul_61_51_I4_g53299/Y    -       A->Y    F     INV_X4M_A9TL          2    57    59    1639 
  u_req/mul_61_51_I4_g53061/Y    -       B->Y    R     MXIT2_X3M_A9TL        1   153    96    1735 
  u_req/mul_61_51_I4_g58053/Y    -       A->Y    R     XNOR2_X4M_A9TL        2   182   117    1852 
  u_req/mul_61_51_I4_g52730/Y    -       A->Y    F     XNOR3_X3M_A9TL        1    73   164    2016 
  u_req/mul_61_51_I4_g52458/SUM  -       CI->SUM R     ADDFH_X2M_A9TL        2   108   260    2276 
  u_req/mul_61_51_I4_g52396/Y    -       A->Y    F     NAND2_X4M_A9TL        4    77    75    2350 
  u_req/mul_61_51_I4_g52353/Y    -       B->Y    F     AND2_X4M_A9TL         2    64   137    2487 
  u_req/mul_61_51_I4_g52214/Y    -       A0->Y   R     AOI21_X8M_A9TL        2    84    87    2575 
  u_req/mul_61_51_I4_g52192/Y    -       A0->Y   F     OAI211_X4M_A9TL       1   107    99    2673 
  u_req/mul_61_51_I4_g52169/Y    -       B0->Y   R     AOI21_X8M_A9TL        2   128   117    2790 
  u_req/mul_61_51_I4_g52168/Y    -       A->Y    F     INV_X7P5M_A9TL        6    66    72    2862 
  u_req/mul_61_51_I4_g52146/Y    -       A0->Y   R     AOI21_X3M_A9TL        1    94    92    2954 
  u_req/mul_61_51_I4_g52121/Y    -       B0N->Y  F     AO21B_X2M_A9TL        1    94    86    3040 
  u_req/mul_61_51_I4_g52106/Y    -       A->Y    F     XNOR2_X3M_A9TL        1    86    84    3124 
  u_req/prod_reg_reg[3][58]/A    -       -       F     A2DFFQ_X1M_A9TL       1     -     0    3125 
#--------------------------------------------------------------------------------------------------



Path 12: VIOLATED (-83 ps) Setup Check with Pin u_req/prod_reg_reg[3][57]/CK->A
          Group: reg2reg
     Startpoint: (R) u_ctrl/reg_req_mult_reg[19]/CK
          Clock: (R) clk
       Endpoint: (F) u_req/prod_reg_reg[3][57]/A
          Clock: (R) clk

                     Capture       Launch     
        Clock Edge:+    3300            0     
       Src Latency:+       0            0     
       Net Latency:+       0 (I)        0 (I) 
           Arrival:=    3300            0     
                                              
             Setup:-     138                  
       Uncertainty:-     125                  
     Required Time:=    3036                  
      Launch Clock:-       0                  
         Data Path:-    3119                  
             Slack:=     -83                  

#--------------------------------------------------------------------------------------------------
#         Timing Point           Flags    Arc    Edge       Cell        Fanout Trans Delay Arrival 
#                                                                               (ps)  (ps)   (ps)  
#--------------------------------------------------------------------------------------------------
  u_ctrl/reg_req_mult_reg[19]/CK -       -       R     (arrival)            32     0     0       0 
  u_ctrl/reg_req_mult_reg[19]/Q  -       CK->Q   F     DFFRPQ_X4M_A9TL       2    61   283     283 
  u_req/fopt60645/Y              -       A->Y    R     INV_X9M_A9TL          3    63    63     346 
  u_req/fopt60644/Y              -       A->Y    F     INV_X7P5M_A9TL        3    40    46     392 
  u_req/fopt60596/Y              -       A->Y    R     INV_X3M_A9TL          2    67    57     450 
  u_req/fopt60595/Y              -       A->Y    F     INV_X4M_A9TL          3    64    64     514 
  u_req/fopt60594/Y              -       A->Y    R     INV_X7P5M_A9TL        4    68    68     582 
  u_req/fopt60593/Y              -       A->Y    F     INV_X4M_A9TL          2    36    42     624 
  u_req/fopt60592/Y              -       A->Y    R     INV_X3M_A9TL          2    65    54     678 
  u_req/fopt60591/Y              -       A->Y    F     INV_X4M_A9TL          2    31    37     715 
  u_req/mul_61_51_I4_g56173/Y    -       A0->Y   F     AO21B_X1P4M_A9TL      2   133   156     871 
  u_req/mul_61_51_I4_g55914/Y    -       A->Y    R     INV_X2M_A9TL          1    66    72     943 
  u_req/mul_61_51_I4_g54423/Y    -       A0->Y   R     OA21_X2M_A9TL         2   100   142    1085 
  u_req/mul_61_51_I4_g53858/CON  -       B->CON  F     CGENI_X2M_A9TL        1   117   107    1192 
  u_req/mul_61_51_I4_g53308/S    -       B->S    R     ADDF_X1P4M_A9TL       2   161   387    1579 
  u_req/mul_61_51_I4_g53299/Y    -       A->Y    F     INV_X4M_A9TL          2    57    59    1639 
  u_req/mul_61_51_I4_g53061/Y    -       B->Y    R     MXIT2_X3M_A9TL        1   153    96    1735 
  u_req/mul_61_51_I4_g58053/Y    -       A->Y    R     XNOR2_X4M_A9TL        2   182   117    1852 
  u_req/mul_61_51_I4_g52730/Y    -       A->Y    F     XNOR3_X3M_A9TL        1    73   164    2016 
  u_req/mul_61_51_I4_g52458/SUM  -       CI->SUM R     ADDFH_X2M_A9TL        2   108   260    2276 
  u_req/mul_61_51_I4_g52396/Y    -       A->Y    F     NAND2_X4M_A9TL        4    77    75    2350 
  u_req/mul_61_51_I4_g52353/Y    -       B->Y    F     AND2_X4M_A9TL         2    64   137    2487 
  u_req/mul_61_51_I4_g52214/Y    -       A0->Y   R     AOI21_X8M_A9TL        2    84    87    2575 
  u_req/mul_61_51_I4_g52192/Y    -       A0->Y   F     OAI211_X4M_A9TL       1   107    99    2673 
  u_req/mul_61_51_I4_g52169/Y    -       B0->Y   R     AOI21_X8M_A9TL        2   128   117    2790 
  u_req/mul_61_51_I4_g52168/Y    -       A->Y    F     INV_X7P5M_A9TL        6    66    72    2862 
  u_req/mul_61_51_I4_g52147/Y    -       A0->Y   R     AOI21_X3M_A9TL        1    95    92    2954 
  u_req/mul_61_51_I4_g52122/Y    -       B0N->Y  F     AO21B_X2M_A9TL        1    83    78    3032 
  u_req/mul_61_51_I4_g52104/Y    -       A->Y    F     XOR2_X2M_A9TL         1   100    87    3119 
  u_req/prod_reg_reg[3][57]/A    -       -       F     A2DFFQ_X1M_A9TL       1     -     0    3119 
#--------------------------------------------------------------------------------------------------



Path 13: VIOLATED (-83 ps) Setup Check with Pin u_req/prod_reg_reg[2][61]/CK->A
          Group: reg2reg
     Startpoint: (R) u_ctrl/reg_req_mult_reg[4]/CK
          Clock: (R) clk
       Endpoint: (R) u_req/prod_reg_reg[2][61]/A
          Clock: (R) clk

                     Capture       Launch     
        Clock Edge:+    3300            0     
       Src Latency:+       0            0     
       Net Latency:+       0 (I)        0 (I) 
           Arrival:=    3300            0     
                                              
             Setup:-     130                  
       Uncertainty:-     125                  
     Required Time:=    3045                  
      Launch Clock:-       0                  
         Data Path:-    3128                  
             Slack:=     -83                  

#-------------------------------------------------------------------------------------------------
#         Timing Point          Flags    Arc   Edge       Cell         Fanout Trans Delay Arrival 
#                                                                              (ps)  (ps)   (ps)  
#-------------------------------------------------------------------------------------------------
  u_ctrl/reg_req_mult_reg[4]/CK -       -      R     (arrival)             32     0     0       0 
  u_ctrl/reg_req_mult_reg[4]/Q  -       CK->Q  R     DFFRPQ_X4M_A9TL        2    88   304     304 
  g2430/Y                       -       A->Y   R     BUFH_X16M_A9TL        15    84   106     410 
  u_req/mul_61_51_I3_g57470/Y   -       A->Y   F     INV_X3M_A9TL           1    39    45     455 
  u_req/mul_61_51_I3_g56799/Y   -       B->Y   R     NAND2_X4M_A9TL         1    84    70     526 
  u_req/mul_61_51_I3_g56411/Y   -       A->Y   F     NAND2_X8M_A9TL         3    61    61     587 
  u_req/mul_61_51_I3_g56031/Y   -       A->Y   R     INV_X4M_A9TL           2    65    64     651 
  u_req/mul_61_51_I3_g56030/Y   -       A->Y   F     INV_X6M_A9TL           2    31    37     688 
  u_req/mul_61_51_I3_g56029/Y   -       A->Y   R     INV_X5M_A9TL           2    75    59     747 
  u_req/mul_61_51_I3_g56018/Y   -       A->Y   F     INV_X7P5M_A9TL         8    56    61     808 
  u_req/mul_61_51_I3_g58285/Y   -       B->Y   R     NAND2B_X2M_A9TL        1   106    87     896 
  u_req/mul_61_51_I3_g54753/Y   -       A0N->Y F     AO1B2_X4M_A9TL         3   100    95     991 
  u_req/mul_61_51_I3_g53977/Y   -       C->Y   F     XNOR3_X3M_A9TL         2   105   302    1292 
  u_req/mul_61_51_I3_g53481/Y   -       S0->Y  R     MXIT2_X4M_A9TL         1   129    95    1387 
  u_req/mul_61_51_I3_g53348/Y   -       S0->Y  R     MXIT2_X3M_A9TL         2   172   117    1504 
  u_req/mul_61_51_I3_g52928/CO  -       A->CO  R     CGEN_X2M_A9TL          2   130   228    1731 
  u_req/mul_61_51_I3_g52694/Y   -       B->Y   F     XOR3_X4M_A9TL          2    84   256    1987 
  u_req/mul_61_51_I3_g57993/Y   -       A1N->Y F     AOI2XB1_X6M_A9TL       2    73   151    2138 
  u_req/mul_61_51_I3_g52432/Y   -       B->Y   R     NAND2_X4M_A9TL         2    83    82    2221 
  u_req/mul_61_51_I3_g52334/Y   -       B->Y   F     NAND2_X4A_A9TL         4    76    78    2299 
  u_req/mul_61_51_I3_g52218/Y   -       BN->Y  F     NAND2XB_X6M_A9TL       2    50   125    2424 
  u_req/mul_61_51_I3_g52215/Y   -       A->Y   R     INV_X2M_A9TR           1    71    69    2493 
  u_req/mul_61_51_I3_g52191/Y   -       A1N->Y R     OAI2XB1_X8M_A9TL       2    94   150    2643 
  u_req/mul_61_51_I3_g52186/Y   -       A->Y   R     AND2_X11M_A9TL         2    44    99    2742 
  u_req/mul_61_51_I3_g52177/Y   -       A->Y   F     NAND2_X6M_A9TL         2    60    51    2793 
  u_req/mul_61_51_I3_g52159/Y   -       B->Y   R     NAND2_X8M_A9TL         7   112    94    2887 
  u_req/mul_61_51_I3_g52140/Y   -       A->Y   F     NAND2XB_X2M_A9TL       1    76    74    2961 
  u_req/mul_61_51_I3_g52113/Y   -       A->Y   R     NAND3XXB_X4M_A9TL      1   119    80    3041 
  u_req/mul_61_51_I3_g52100/Y   -       A->Y   R     XOR2_X3M_A9TL          1   155    87    3128 
  u_req/prod_reg_reg[2][61]/A   -       -      R     A2DFFQ_X1M_A9TL        1     -     0    3128 
#-------------------------------------------------------------------------------------------------



Path 14: VIOLATED (-83 ps) Setup Check with Pin u_req/prod_reg_reg[2][61]/CK->A
          Group: reg2reg
     Startpoint: (R) u_ctrl/reg_req_mult_reg[3]/CK
          Clock: (R) clk
       Endpoint: (R) u_req/prod_reg_reg[2][61]/A
          Clock: (R) clk

                     Capture       Launch     
        Clock Edge:+    3300            0     
       Src Latency:+       0            0     
       Net Latency:+       0 (I)        0 (I) 
           Arrival:=    3300            0     
                                              
             Setup:-     130                  
       Uncertainty:-     125                  
     Required Time:=    3045                  
      Launch Clock:-       0                  
         Data Path:-    3128                  
             Slack:=     -83                  

#-------------------------------------------------------------------------------------------------
#         Timing Point          Flags    Arc   Edge       Cell         Fanout Trans Delay Arrival 
#                                                                              (ps)  (ps)   (ps)  
#-------------------------------------------------------------------------------------------------
  u_ctrl/reg_req_mult_reg[3]/CK -       -      R     (arrival)             32     0     0       0 
  u_ctrl/reg_req_mult_reg[3]/Q  -       CK->Q  R     DFFRPQ_X4M_A9TL        3   102   312     312 
  u_req/fopt60498/Y             -       A->Y   F     INV_X7P5M_A9TL         2    50    56     368 
  u_req/fopt60482/Y             -       A->Y   R     INV_X9M_A9TL           3    62    58     426 
  u_req/fopt60453/Y             -       A->Y   F     INV_X4M_A9TL           3    68    65     490 
  u_req/fopt60452/Y             -       A->Y   R     INV_X11M_A9TL          7    78    75     566 
  u_req/fopt60445/Y             -       A->Y   F     INV_X7P5M_A9TL         4    46    53     618 
  u_req/mul_61_51_I3_g56673/Y   -       B->Y   R     MXIT2_X3M_A9TL         2   132    88     707 
  u_req/mul_61_51_I3_g55228/Y   -       BN->Y  R     NAND2XB_X3M_A9TL       1    99   158     865 
  u_req/mul_61_51_I3_g54646/Y   -       B->Y   F     NAND2_X6M_A9TL         2    59    65     930 
  u_req/mul_61_51_I3_g54470/Y   -       A->Y   R     INV_X3M_A9TL           2    83    74    1005 
  u_req/mul_61_51_I3_g54359/Y   -       B->Y   F     NAND2_X3A_A9TL         1    87    84    1088 
  u_req/mul_61_51_I3_g54004/Y   -       A->Y   R     NAND2_X8M_A9TL         2    61    66    1155 
  u_req/mul_61_51_I3_g53722/Y   -       A->Y   F     INV_X4M_A9TL           2    34    39    1194 
  u_req/mul_61_51_I3_g53434/CO  -       CI->CO F     CGEN_X2M_A9TL          2   103   183    1377 
  u_req/mul_61_51_I3_g53107/Y   -       S0->Y  R     MXIT2_X3M_A9TL         1   146   102    1479 
  u_req/mul_61_51_I3_g53041/Y   -       S0->Y  R     MXIT2_X4M_A9TL         2   151   125    1604 
  u_req/mul_61_51_I3_g52734/Y   -       B->Y   F     XNOR3_X3M_A9TL         2    92   271    1875 
  u_req/mul_61_51_I3_g52624/Y   -       A->Y   R     XNOR3_X4M_A9TL         2    88   166    2041 
  u_req/mul_61_51_I3_g52407/Y   -       B->Y   F     XNOR3_X4M_A9TL         2    85   244    2285 
  u_req/mul_61_51_I3_g57964/Y   -       A->Y   F     OR2_X6M_A9TL           3    56   129    2414 
  u_req/mul_61_51_I3_g52251/Y   -       A0->Y  R     OAI21_X8M_A9TL         3   104    93    2506 
  u_req/mul_61_51_I3_g52207/Y   -       A0->Y  F     AOI2XB1_X6M_A9TL       1    61    69    2576 
  u_req/mul_61_51_I3_g52188/Y   -       B->Y   R     NAND3_X6A_A9TL         2   145   108    2683 
  u_req/mul_61_51_I3_g52169/Y   -       A0->Y  F     AOI21_X8M_A9TL         2   100   101    2784 
  u_req/mul_61_51_I3_g52159/Y   -       A->Y   R     NAND2_X8M_A9TL         7   112   103    2887 
  u_req/mul_61_51_I3_g52140/Y   -       A->Y   F     NAND2XB_X2M_A9TL       1    76    74    2961 
  u_req/mul_61_51_I3_g52113/Y   -       A->Y   R     NAND3XXB_X4M_A9TL      1   119    80    3041 
  u_req/mul_61_51_I3_g52100/Y   -       A->Y   R     XOR2_X3M_A9TL          1   155    87    3128 
  u_req/prod_reg_reg[2][61]/A   -       -      R     A2DFFQ_X1M_A9TL        1     -     0    3128 
#-------------------------------------------------------------------------------------------------



Path 15: VIOLATED (-83 ps) Setup Check with Pin u_req/prod_reg_reg[2][61]/CK->A
          Group: reg2reg
     Startpoint: (R) u_ctrl/reg_req_mult_reg[7]/CK
          Clock: (R) clk
       Endpoint: (R) u_req/prod_reg_reg[2][61]/A
          Clock: (R) clk

                     Capture       Launch     
        Clock Edge:+    3300            0     
       Src Latency:+       0            0     
       Net Latency:+       0 (I)        0 (I) 
           Arrival:=    3300            0     
                                              
             Setup:-     130                  
       Uncertainty:-     125                  
     Required Time:=    3045                  
      Launch Clock:-       0                  
         Data Path:-    3128                  
             Slack:=     -83                  

#--------------------------------------------------------------------------------------------------
#         Timing Point          Flags    Arc    Edge       Cell         Fanout Trans Delay Arrival 
#                                                                               (ps)  (ps)   (ps)  
#--------------------------------------------------------------------------------------------------
  u_ctrl/reg_req_mult_reg[7]/CK -       -       R     (arrival)             32     0     0       0 
  u_ctrl/reg_req_mult_reg[7]/Q  -       CK->Q   R     DFFRPQ_X4M_A9TL        1    66   287     287 
  u_ctrl/fopt2/Y                -       A->Y    F     INV_X7P5M_A9TL         2    40    47     334 
  u_ctrl/fopt1/Y                -       A->Y    R     INV_X16M_A9TL         17   116    85     420 
  u_req/fopt58840/Y             -       A->Y    F     INV_X7P5M_A9TL         4    54    59     479 
  u_req/fopt58838/Y             -       A->Y    F     BUF_X6M_A9TL           8    77   126     604 
  u_req/fopt58837/Y             -       A->Y    R     INV_X4M_A9TL           3    62    65     670 
  u_req/fopt58836/Y             -       A->Y    F     INV_X4M_A9TL           2    40    46     715 
  u_req/mul_61_51_I3_g56699/Y   -       S0->Y   R     MXIT2_X2M_A9TL         2   226   115     830 
  u_req/mul_61_51_I3_g55867/Y   -       A->Y    F     NAND2_X2A_A9TL         1   101    98     928 
  u_req/mul_61_51_I3_g55062/Y   -       A0N->Y  R     AO1B2_X2M_A9TL         2   120   104    1032 
  u_req/mul_61_51_I3_g58226/Y   -       B->Y    F     XOR3_X4M_A9TL          2    83   251    1284 
  u_req/mul_61_51_I3_g58084/CON -       CI->CON R     CGENI_X2M_A9TL         2   218   157    1441 
  u_req/mul_61_51_I3_g53031/Y   -       B->Y    R     XOR2_X4M_A9TL          2   200   163    1604 
  u_req/mul_61_51_I3_g52874/Y   -       A->Y    F     XNOR3_X3M_A9TL         2    90   190    1793 
  u_req/mul_61_51_I3_g52687/Y   -       A->Y    R     XNOR3_X4M_A9TL         2    71   151    1944 
  u_req/mul_61_51_I3_g52608/Y   -       A->Y    F     NAND2_X4A_A9TL         3    96    70    2014 
  u_req/mul_61_51_I3_g52479/CON -       A->CON  R     CGENI_X2M_A9TL         2   232   186    2200 
  u_req/mul_61_51_I3_g52402/Y   -       B1->Y   F     AOI22_X4M_A9TL         1   107   111    2310 
  u_req/mul_61_51_I3_g52343/Y   -       C0->Y   F     OA211_X6M_A9TL         4    62   142    2452 
  u_req/mul_61_51_I3_g52304/Y   -       A->Y    R     NAND2_X8B_A9TL         4    53    53    2505 
  u_req/mul_61_51_I3_g52269/Y   -       A->Y    F     NAND2_X6M_A9TL         2    59    50    2556 
  u_req/mul_61_51_I3_g52191/Y   -       A0->Y   R     OAI2XB1_X8M_A9TL       2    94    87    2643 
  u_req/mul_61_51_I3_g52186/Y   -       A->Y    R     AND2_X11M_A9TL         2    44    99    2742 
  u_req/mul_61_51_I3_g52177/Y   -       A->Y    F     NAND2_X6M_A9TL         2    60    51    2793 
  u_req/mul_61_51_I3_g52159/Y   -       B->Y    R     NAND2_X8M_A9TL         7   112    94    2887 
  u_req/mul_61_51_I3_g52140/Y   -       A->Y    F     NAND2XB_X2M_A9TL       1    76    74    2961 
  u_req/mul_61_51_I3_g52113/Y   -       A->Y    R     NAND3XXB_X4M_A9TL      1   119    80    3041 
  u_req/mul_61_51_I3_g52100/Y   -       A->Y    R     XOR2_X3M_A9TL          1   155    87    3128 
  u_req/prod_reg_reg[2][61]/A   -       -       R     A2DFFQ_X1M_A9TL        1     -     0    3128 
#--------------------------------------------------------------------------------------------------



Path 16: VIOLATED (-83 ps) Setup Check with Pin u_req/prod_reg_reg[2][61]/CK->A
          Group: reg2reg
     Startpoint: (R) u_ctrl/reg_req_mult_reg[31]/CK
          Clock: (R) clk
       Endpoint: (F) u_req/prod_reg_reg[2][61]/A
          Clock: (R) clk

                     Capture       Launch     
        Clock Edge:+    3300            0     
       Src Latency:+       0            0     
       Net Latency:+       0 (I)        0 (I) 
           Arrival:=    3300            0     
                                              
             Setup:-     137                  
       Uncertainty:-     125                  
     Required Time:=    3038                  
      Launch Clock:-       0                  
         Data Path:-    3121                  
             Slack:=     -83                  

#--------------------------------------------------------------------------------------------------
#         Timing Point           Flags    Arc   Edge       Cell         Fanout Trans Delay Arrival 
#                                                                               (ps)  (ps)   (ps)  
#--------------------------------------------------------------------------------------------------
  u_ctrl/reg_req_mult_reg[31]/CK -       -      R     (arrival)             32     0     0       0 
  u_ctrl/reg_req_mult_reg[31]/Q  -       CK->Q  F     DFFRPQ_X4M_A9TL        2    67   288     288 
  g2434/Y                        -       A->Y   F     BUFH_X16M_A9TL        12    67   105     393 
  u_req/mul_61_51_I3_g57257/Y    -       A->Y   R     INV_X4M_A9TL           9   150   114     507 
  u_req/mul_61_51_I3_g57256/Y    -       A->Y   F     INV_X7P5M_A9TL        13    85    87     594 
  u_req/mul_61_51_I3_g56760/Y    -       B->Y   R     MXIT2_X1M_A9TL         2   276   164     757 
  u_req/mul_61_51_I3_g56495/Y    -       A->Y   F     INV_X1M_A9TL           1   116   130     887 
  u_req/mul_61_51_I3_g54747/Y    -       A0->Y  R     OAI22_X3M_A9TR         1   183   174    1061 
  u_req/mul_61_51_I3_g53638/S    -       B->S   F     ADDF_X2M_A9TL          2   106   348    1409 
  u_req/mul_61_51_I3_g53404/Y    -       A->Y   F     XNOR3_X2M_A9TL         1    97   173    1582 
  u_req/mul_61_51_I3_g52841/CO   -       B->CO  F     ADDF_X2M_A9TL          2   109   258    1839 
  u_req/mul_61_51_I3_g52693/Y    -       A0->Y  R     AOI21_X3M_A9TL         1    81   101    1940 
  u_req/mul_61_51_I3_g52458/SUM  -       A->SUM R     ADDFH_X2M_A9TL         2   116   343    2283 
  u_req/mul_61_51_I3_g52396/Y    -       A->Y   F     NAND2_X4M_A9TL         2    65    64    2347 
  u_req/mul_61_51_I3_g52353/Y    -       B->Y   F     AND2_X6M_A9TL          2    55   127    2475 
  u_req/mul_61_51_I3_g52214/Y    -       A1->Y  R     AOI21_X8M_A9TL         2    83    95    2570 
  u_req/mul_61_51_I3_g52192/Y    -       A0->Y  F     OAI211_X4M_A9TL        1   107    98    2668 
  u_req/mul_61_51_I3_g52169/Y    -       B0->Y  R     AOI21_X8M_A9TL         2   134   120    2789 
  u_req/mul_61_51_I3_g52159/Y    -       A->Y   F     NAND2_X8M_A9TL         7    95    88    2876 
  u_req/mul_61_51_I3_g52140/Y    -       A->Y   R     NAND2XB_X2M_A9TL       1    96    88    2964 
  u_req/mul_61_51_I3_g52113/Y    -       A->Y   F     NAND3XXB_X4M_A9TL      1   108    68    3032 
  u_req/mul_61_51_I3_g52100/Y    -       A->Y   F     XOR2_X3M_A9TL          1    96    89    3121 
  u_req/prod_reg_reg[2][61]/A    -       -      F     A2DFFQ_X1M_A9TL        1     -     0    3121 
#--------------------------------------------------------------------------------------------------



Path 17: VIOLATED (-83 ps) Setup Check with Pin u_req/prod_reg_reg[1][61]/CK->A
          Group: reg2reg
     Startpoint: (R) u_dot/GEN_MAC_LANES[1].u_mac_lane/out_dot_reg[25]/CK
          Clock: (R) clk
       Endpoint: (F) u_req/prod_reg_reg[1][61]/A
          Clock: (R) clk

                     Capture       Launch     
        Clock Edge:+    3300            0     
       Src Latency:+       0            0     
       Net Latency:+       0 (I)        0 (I) 
           Arrival:=    3300            0     
                                              
             Setup:-     137                  
       Uncertainty:-     125                  
     Required Time:=    3038                  
      Launch Clock:-       0                  
         Data Path:-    3121                  
             Slack:=     -83                  

#------------------------------------------------------------------------------------------------------------------------
#                    Timing Point                      Flags    Arc   Edge       Cell         Fanout Trans Delay Arrival 
#                                                                                                     (ps)  (ps)   (ps)  
#------------------------------------------------------------------------------------------------------------------------
  u_dot/GEN_MAC_LANES[1].u_mac_lane/out_dot_reg[25]/CK -       -      R     (arrival)           3259     0     0       0 
  u_dot/GEN_MAC_LANES[1].u_mac_lane/out_dot_reg[25]/Q  -       CK->Q  R     A2DFFQ_X3M_A9TL        6   127   291     291 
  u_req/mul_61_51_I2_g57014/Y                          -       A->Y   R     BUF_X6M_A9TL           7   116   154     444 
  u_req/mul_61_51_I2_g57013/Y                          -       A->Y   F     INV_X16M_A9TH         10    81   108     553 
  u_req/mul_61_51_I2_g56778/Y                          -       B->Y   R     MXIT2_X1P4M_A9TL       2   268   157     710 
  u_req/mul_61_51_I2_g55881/Y                          -       B->Y   F     NAND2_X3M_A9TL         1    70    86     796 
  u_req/mul_61_51_I2_g55076/Y                          -       BN->Y  F     NOR2XB_X4M_A9TL        2    78   146     942 
  u_req/g61893/Y                                       -       B->Y   F     XOR2_X3M_A9TL          1    93   130    1071 
  u_req/mul_61_51_I2_g53945/Y                          -       S0->Y  F     MXIT2_X3M_A9TL         1    77    90    1162 
  u_req/mul_61_51_I2_g53309/S                          -       CI->S  R     ADDF_X1P4M_A9TL        2   158   355    1516 
  u_req/mul_61_51_I2_g53024/Y                          -       A->Y   F     XNOR3_X3M_A9TL         3   106   192    1709 
  u_req/mul_61_51_I2_g52951/Y                          -       A->Y   R     INV_X3M_A9TL           1    70    74    1783 
  u_req/mul_61_51_I2_g52645/Y                          -       A1->Y  F     AOI21_X6M_A9TL         1    72    71    1854 
  u_req/mul_61_51_I2_g52627/Y                          -       A->Y   R     NOR2XB_X8M_A9TL        3    86    79    1934 
  u_req/mul_61_51_I2_g57984/Y                          -       BN->Y  R     NOR2XB_X4M_A9TL        1    75   135    2068 
  u_req/mul_61_51_I2_g52409/Y                          -       A1N->Y R     AOI2XB1_X8M_A9TL       2    94   148    2217 
  u_req/mul_61_51_I2_g57965/Y                          -       B->Y   R     OR2_X3M_A9TL           2    79   133    2350 
  u_req/mul_61_51_I2_g52225/Y                          -       B->Y   F     NAND2_X6M_A9TL         2    47    59    2409 
  u_req/mul_61_51_I2_g52202/Y                          -       B1->Y  F     AO1B2_X6M_A9TL         2    62   112    2521 
  u_req/mul_61_51_I2_g52195/Y                          -       A->Y   R     NAND2_X6M_A9TL         1    58    56    2578 
  u_req/mul_61_51_I2_g52188/Y                          -       B->Y   F     NAND3_X6M_A9TL         2   104    87    2664 
  u_req/mul_61_51_I2_g52169/Y                          -       A0->Y  R     AOI21_X8M_A9TL         2   134   126    2790 
  u_req/mul_61_51_I2_g52159/Y                          -       A->Y   F     NAND2_X8M_A9TL         7    93    86    2877 
  u_req/mul_61_51_I2_g52140/Y                          -       A->Y   R     NAND2XB_X2M_A9TL       1    96    87    2964 
  u_req/mul_61_51_I2_g52113/Y                          -       A->Y   F     NAND3XXB_X4M_A9TL      1   108    68    3032 
  u_req/mul_61_51_I2_g52100/Y                          -       A->Y   F     XOR2_X3M_A9TL          1    96    89    3121 
  u_req/prod_reg_reg[1][61]/A                          -       -      F     A2DFFQ_X1M_A9TL        1     -     0    3121 
#------------------------------------------------------------------------------------------------------------------------



Path 18: VIOLATED (-83 ps) Setup Check with Pin u_req/prod_reg_reg[1][61]/CK->A
          Group: reg2reg
     Startpoint: (R) u_ctrl/reg_req_mult_reg[25]/CK
          Clock: (R) clk
       Endpoint: (F) u_req/prod_reg_reg[1][61]/A
          Clock: (R) clk

                     Capture       Launch     
        Clock Edge:+    3300            0     
       Src Latency:+       0            0     
       Net Latency:+       0 (I)        0 (I) 
           Arrival:=    3300            0     
                                              
             Setup:-     137                  
       Uncertainty:-     125                  
     Required Time:=    3038                  
      Launch Clock:-       0                  
         Data Path:-    3121                  
             Slack:=     -83                  

#---------------------------------------------------------------------------------------------------
#         Timing Point           Flags    Arc   Edge        Cell         Fanout Trans Delay Arrival 
#                                                                                (ps)  (ps)   (ps)  
#---------------------------------------------------------------------------------------------------
  u_ctrl/reg_req_mult_reg[25]/CK -       -      R     (arrival)              32     0     0       0 
  u_ctrl/reg_req_mult_reg[25]/Q  -       CK->Q  R     DFFRPQ_X4M_A9TL         2    78   297     297 
  u_req/fopt59299/Y              -       A->Y   F     INV_X9M_A9TL            2    49    56     354 
  u_req/fopt59240/Y              -       A->Y   R     INV_X16M_A9TL          13   104    82     436 
  u_req/fopt59217/Y              -       A->Y   F     INV_X9M_A9TL            2    39    43     478 
  u_req/fopt59216/Y              -       A->Y   R     INV_X5M_A9TL            2    50    45     524 
  u_req/mul_61_51_I2_g58388/Y    -       A->Y   F     MXIT2_X3M_A9TL          1    80    70     594 
  u_req/mul_61_51_I2_g55910/Y    -       B->Y   F     AND2_X11M_A9TL         15    81   149     743 
  u_req/mul_61_51_I2_g55733/Y    -       A->Y   R     INV_X7P5M_A9TL          5    64    67     810 
  u_req/mul_61_51_I2_g55730/Y    -       A->Y   F     INV_X6B_A9TL           10   118    96     906 
  u_req/mul_61_51_I2_g58362/Y    -       A->Y   R     NAND2_X2M_A9TR          1   107   111    1016 
  u_req/mul_61_51_I2_g54964/Y    -       B0N->Y F     AO21B_X2M_A9TL          2   131   110    1126 
  u_req/mul_61_51_I2_g54236/Y    -       S0->Y  R     MXIT2_X3M_A9TL          1   145   106    1232 
  u_req/mul_61_51_I2_g54088/Y    -       S0->Y  R     MXIT2_X3M_A9TL          2   162   117    1349 
  u_req/mul_61_51_I2_g53337/Y    -       C->Y   F     XOR3_X3M_A9TL           3    98   305    1654 
  u_req/mul_61_51_I2_g58046/Y    -       BN->Y  F     NAND2XB_X1P4M_A9TL      1    88   160    1815 
  u_req/mul_61_51_I2_g58016/Y    -       A0->Y  R     AOI2XB1_X2M_A9TL        1   101   106    1921 
  u_req/mul_61_51_I2_g52596/CO   -       A->CO  R     ADDFH_X2M_A9TL          2    92   335    2256 
  u_req/mul_61_51_I2_g52572/Y    -       A->Y   F     NAND2_X3M_A9TL          3    77    74    2330 
  u_req/mul_61_51_I2_g52496/Y    -       A->Y   F     AND2_X4M_A9TL           2    53   120    2450 
  u_req/mul_61_51_I2_g52307/Y    -       A1->Y  R     AOI21_X2M_A9TL          1   131   121    2571 
  u_req/mul_61_51_I2_g52192/Y    -       C0->Y  F     OAI211_X4M_A9TL         1   108    99    2670 
  u_req/mul_61_51_I2_g52169/Y    -       B0->Y  R     AOI21_X8M_A9TL          2   134   121    2790 
  u_req/mul_61_51_I2_g52159/Y    -       A->Y   F     NAND2_X8M_A9TL          7    93    86    2877 
  u_req/mul_61_51_I2_g52140/Y    -       A->Y   R     NAND2XB_X2M_A9TL        1    96    87    2964 
  u_req/mul_61_51_I2_g52113/Y    -       A->Y   F     NAND3XXB_X4M_A9TL       1   108    68    3032 
  u_req/mul_61_51_I2_g52100/Y    -       A->Y   F     XOR2_X3M_A9TL           1    96    89    3121 
  u_req/prod_reg_reg[1][61]/A    -       -      F     A2DFFQ_X1M_A9TL         1     -     0    3121 
#---------------------------------------------------------------------------------------------------



Path 19: VIOLATED (-83 ps) Setup Check with Pin u_req/prod_reg_reg[1][61]/CK->A
          Group: reg2reg
     Startpoint: (R) u_dot/GEN_MAC_LANES[1].u_mac_lane/out_dot_reg[25]/CK
          Clock: (R) clk
       Endpoint: (F) u_req/prod_reg_reg[1][61]/A
          Clock: (R) clk

                     Capture       Launch     
        Clock Edge:+    3300            0     
       Src Latency:+       0            0     
       Net Latency:+       0 (I)        0 (I) 
           Arrival:=    3300            0     
                                              
             Setup:-     137                  
       Uncertainty:-     125                  
     Required Time:=    3038                  
      Launch Clock:-       0                  
         Data Path:-    3121                  
             Slack:=     -83                  

#------------------------------------------------------------------------------------------------------------------------
#                    Timing Point                      Flags    Arc   Edge       Cell         Fanout Trans Delay Arrival 
#                                                                                                     (ps)  (ps)   (ps)  
#------------------------------------------------------------------------------------------------------------------------
  u_dot/GEN_MAC_LANES[1].u_mac_lane/out_dot_reg[25]/CK -       -      R     (arrival)           3259     0     0       0 
  u_dot/GEN_MAC_LANES[1].u_mac_lane/out_dot_reg[25]/Q  -       CK->Q  R     A2DFFQ_X3M_A9TL        6   127   291     291 
  u_req/mul_61_51_I2_g57014/Y                          -       A->Y   R     BUF_X6M_A9TL           7   116   154     444 
  u_req/mul_61_51_I2_g57013/Y                          -       A->Y   F     INV_X16M_A9TH         10    81   108     553 
  u_req/mul_61_51_I2_g56778/Y                          -       B->Y   R     MXIT2_X1P4M_A9TL       2   268   157     710 
  u_req/mul_61_51_I2_g55881/Y                          -       B->Y   F     NAND2_X3M_A9TL         1    70    86     796 
  u_req/mul_61_51_I2_g55076/Y                          -       BN->Y  F     NOR2XB_X4M_A9TL        2    78   146     942 
  u_req/g61893/Y                                       -       B->Y   F     XOR2_X3M_A9TL          1    93   130    1071 
  u_req/mul_61_51_I2_g53945/Y                          -       S0->Y  F     MXIT2_X3M_A9TL         1    77    90    1162 
  u_req/mul_61_51_I2_g53309/S                          -       CI->S  R     ADDF_X1P4M_A9TL        2   158   355    1516 
  u_req/mul_61_51_I2_g53024/Y                          -       A->Y   F     XNOR3_X3M_A9TL         3   106   192    1709 
  u_req/mul_61_51_I2_g52951/Y                          -       A->Y   R     INV_X3M_A9TL           1    70    74    1783 
  u_req/mul_61_51_I2_g52645/Y                          -       A1->Y  F     AOI21_X6M_A9TL         1    72    71    1854 
  u_req/mul_61_51_I2_g52627/Y                          -       A->Y   R     NOR2XB_X8M_A9TL        3    86    79    1934 
  u_req/mul_61_51_I2_g57984/Y                          -       BN->Y  R     NOR2XB_X4M_A9TL        1    75   135    2068 
  u_req/mul_61_51_I2_g52409/Y                          -       A1N->Y R     AOI2XB1_X8M_A9TL       2    94   148    2217 
  u_req/mul_61_51_I2_g52298/Y                          -       A->Y   F     NAND2_X4A_A9TL         3   100    89    2306 
  u_req/mul_61_51_I2_g52230/Y                          -       A->Y   R     NAND2_X6B_A9TL         1    50    58    2364 
  u_req/mul_61_51_I2_g52225/Y                          -       A->Y   F     NAND2_X6M_A9TL         2    47    45    2409 
  u_req/mul_61_51_I2_g52202/Y                          -       B1->Y  F     AO1B2_X6M_A9TL         2    62   112    2521 
  u_req/mul_61_51_I2_g52195/Y                          -       A->Y   R     NAND2_X6M_A9TL         1    58    56    2578 
  u_req/mul_61_51_I2_g52188/Y                          -       B->Y   F     NAND3_X6M_A9TL         2   104    87    2664 
  u_req/mul_61_51_I2_g52169/Y                          -       A0->Y  R     AOI21_X8M_A9TL         2   134   126    2790 
  u_req/mul_61_51_I2_g52159/Y                          -       A->Y   F     NAND2_X8M_A9TL         7    93    86    2877 
  u_req/mul_61_51_I2_g52140/Y                          -       A->Y   R     NAND2XB_X2M_A9TL       1    96    87    2964 
  u_req/mul_61_51_I2_g52113/Y                          -       A->Y   F     NAND3XXB_X4M_A9TL      1   108    68    3032 
  u_req/mul_61_51_I2_g52100/Y                          -       A->Y   F     XOR2_X3M_A9TL          1    96    89    3121 
  u_req/prod_reg_reg[1][61]/A                          -       -      F     A2DFFQ_X1M_A9TL        1     -     0    3121 
#------------------------------------------------------------------------------------------------------------------------



Path 20: VIOLATED (-83 ps) Setup Check with Pin u_req/prod_reg_reg[1][59]/CK->A
          Group: reg2reg
     Startpoint: (R) u_ctrl/reg_req_mult_reg[11]/CK
          Clock: (R) clk
       Endpoint: (R) u_req/prod_reg_reg[1][59]/A
          Clock: (R) clk

                     Capture       Launch     
        Clock Edge:+    3300            0     
       Src Latency:+       0            0     
       Net Latency:+       0 (I)        0 (I) 
           Arrival:=    3300            0     
                                              
             Setup:-     133                  
       Uncertainty:-     125                  
     Required Time:=    3042                  
      Launch Clock:-       0                  
         Data Path:-    3125                  
             Slack:=     -83                  

#-------------------------------------------------------------------------------------------------
#         Timing Point           Flags   Arc   Edge       Cell         Fanout Trans Delay Arrival 
#                                                                              (ps)  (ps)   (ps)  
#-------------------------------------------------------------------------------------------------
  u_ctrl/reg_req_mult_reg[11]/CK -       -     R     (arrival)             32     0     0       0 
  u_ctrl/reg_req_mult_reg[11]/Q  -       CK->Q R     DFFRPQ_X4M_A9TL        2    87   303     303 
  g2454/Y                        -       A->Y  R     BUFH_X16M_A9TL        16   128   129     433 
  u_req/mul_61_51_I2_g57766/Y    -       A->Y  F     INV_X6M_A9TL           3    59    64     497 
  u_req/mul_61_51_I2_g56789/Y    -       A->Y  R     NAND2_X3M_A9TL         1    90    75     572 
  u_req/mul_61_51_I2_g55497/Y    -       A0->Y F     AOI21_X6M_A9TL         1    64    68     640 
  u_req/mul_61_51_I2_g55375/Y    -       A->Y  F     AND2_X11M_A9TL        16    85   134     774 
  u_req/mul_61_51_I2_g55249/Y    -       A->Y  R     INV_X6M_A9TL           3    80    80     854 
  u_req/mul_61_51_I2_g55247/Y    -       A->Y  F     INV_X13M_A9TR          7    53    64     919 
  u_req/mul_61_51_I2_g54364/Y    -       A0->Y R     AOI2XB1_X3M_A9TL       2   129   105    1023 
  u_req/mul_61_51_I2_g54028/CO   -       A->CO R     CGEN_X2M_A9TL          2   123   209    1232 
  u_req/mul_61_51_I2_g53407/Y    -       B->Y  F     XOR3_X4M_A9TL          2    85   256    1488 
  u_req/mul_61_51_I2_g53046/CO   -       A->CO F     CGEN_X2M_A9TL          2   102   222    1710 
  u_req/mul_61_51_I2_g52657/Y    -       C->Y  F     XNOR3_X4M_A9TL         2    91   288    1998 
  u_req/mul_61_51_I2_g52477/Y    -       B->Y  F     XNOR3_X4M_A9TL         2    96   262    2260 
  u_req/mul_61_51_I2_g52316/Y    -       A->Y  R     NOR2XB_X8M_A9TL        3    85    81    2341 
  u_req/mul_61_51_I2_g52252/Y    -       B0->Y R     AO1B2_X6M_A9TL         3    80   142    2483 
  u_req/mul_61_51_I2_g52214/Y    -       A1->Y F     AOI21_X8M_A9TL         2    59    71    2554 
  u_req/mul_61_51_I2_g52192/Y    -       A0->Y R     OAI211_X4M_A9TL        1   159   132    2686 
  u_req/mul_61_51_I2_g52169/Y    -       B0->Y F     AOI21_X8M_A9TL         2   100    95    2781 
  u_req/mul_61_51_I2_g52159/Y    -       A->Y  R     NAND2_X8M_A9TL         7   109   102    2882 
  u_req/mul_61_51_I2_g52143/Y    -       A->Y  F     NAND2XB_X2M_A9TL       1    75    73    2955 
  u_req/mul_61_51_I2_g52116/Y    -       A->Y  R     NAND3XXB_X4M_A9TL      1   114    76    3031 
  u_req/mul_61_51_I2_g52101/Y    -       A->Y  R     XNOR2_X2M_A9TL         1   167    94    3125 
  u_req/prod_reg_reg[1][59]/A    -       -     R     A2DFFQ_X1M_A9TL        1     -     0    3125 
#-------------------------------------------------------------------------------------------------



Path 21: VIOLATED (-83 ps) Setup Check with Pin u_req/prod_reg_reg[0][61]/CK->A
          Group: reg2reg
     Startpoint: (R) u_ctrl/reg_req_mult_reg[9]/CK
          Clock: (R) clk
       Endpoint: (F) u_req/prod_reg_reg[0][61]/A
          Clock: (R) clk

                     Capture       Launch     
        Clock Edge:+    3300            0     
       Src Latency:+       0            0     
       Net Latency:+       0 (I)        0 (I) 
           Arrival:=    3300            0     
                                              
             Setup:-     137                  
       Uncertainty:-     125                  
     Required Time:=    3038                  
      Launch Clock:-       0                  
         Data Path:-    3121                  
             Slack:=     -83                  

#------------------------------------------------------------------------------------------------
#         Timing Point          Flags   Arc   Edge       Cell         Fanout Trans Delay Arrival 
#                                                                             (ps)  (ps)   (ps)  
#------------------------------------------------------------------------------------------------
  u_ctrl/reg_req_mult_reg[9]/CK -       -     R     (arrival)             32     0     0       0 
  u_ctrl/reg_req_mult_reg[9]/Q  -       CK->Q R     DFFRPQ_X4M_A9TL        1    66   287     287 
  u_ctrl/fopt8966/Y             -       A->Y  F     INV_X7P5M_A9TL         2    37    44     331 
  u_ctrl/fopt8965/Y             -       A->Y  R     INV_X13M_A9TL          3    60    52     383 
  u_req/fopt59689/Y             -       A->Y  F     INV_X11M_A9TL          8    50    54     436 
  u_req/mul_61_51_I1_g56879/Y   -       A->Y  F     OR2_X6M_A9TL           3    67   129     565 
  u_req/mul_61_51_I1_g57951/Y   -       A->Y  R     NAND2_X8M_A9TL         3    92    76     642 
  u_req/mul_61_51_I1_g55997/Y   -       A->Y  F     INV_X11M_A9TL         12    66    68     710 
  u_req/mul_61_51_I1_g55996/Y   -       A->Y  R     INV_X9M_A9TL           7    63    64     774 
  u_req/mul_61_51_I1_g55995/Y   -       A->Y  F     INV_X5M_A9TL           5    48    54     829 
  u_req/mul_61_51_I1_g55628/Y   -       A->Y  R     NOR2XB_X3M_A9TL        1    94    77     906 
  u_req/mul_61_51_I1_g54396/Y   -       B0->Y F     AOI2XB1_X4M_A9TL       1    66    61     967 
  u_req/mul_61_51_I1_g53639/S   -       B->S  R     ADDF_X1P4M_A9TL        2   164   372    1338 
  u_req/mul_61_51_I1_g53347/Y   -       B->Y  F     XNOR3_X4M_A9TL         1    74   251    1589 
  u_req/mul_61_51_I1_g52841/CO  -       A->CO F     ADDF_X2M_A9TL          2   114   256    1845 
  u_req/mul_61_51_I1_g52693/Y   -       A0->Y R     AOI21_X4M_A9TL         1    69    94    1939 
  u_req/mul_61_51_I1_g52458/CO  -       A->CO R     ADDFH_X2M_A9TL         2   116   339    2278 
  u_req/mul_61_51_I1_g57974/Y   -       A->Y  R     OR2_X2M_A9TL           2   106   148    2426 
  u_req/mul_61_51_I1_g57972/Y   -       B0->Y F     OAI2XB1_X8M_A9TL       1    59    65    2491 
  u_req/mul_61_51_I1_g52214/Y   -       B0->Y R     AOI21_X8M_A9TL         2    83    79    2570 
  u_req/mul_61_51_I1_g52192/Y   -       A0->Y F     OAI211_X4M_A9TL        1   107    98    2668 
  u_req/mul_61_51_I1_g52169/Y   -       B0->Y R     AOI21_X8M_A9TL         2   134   120    2789 
  u_req/mul_61_51_I1_g52159/Y   -       A->Y  F     NAND2_X8M_A9TL         7    95    88    2876 
  u_req/mul_61_51_I1_g52140/Y   -       A->Y  R     NAND2XB_X2M_A9TL       1    96    88    2964 
  u_req/mul_61_51_I1_g52113/Y   -       A->Y  F     NAND3XXB_X4M_A9TL      1   108    68    3032 
  u_req/mul_61_51_I1_g52100/Y   -       A->Y  F     XOR2_X3M_A9TL          1    96    89    3121 
  u_req/prod_reg_reg[0][61]/A   -       -     F     A2DFFQ_X1M_A9TL        1     -     0    3121 
#------------------------------------------------------------------------------------------------



Path 22: VIOLATED (-83 ps) Setup Check with Pin u_req/prod_reg_reg[0][61]/CK->A
          Group: reg2reg
     Startpoint: (R) u_ctrl/reg_req_mult_reg[11]/CK
          Clock: (R) clk
       Endpoint: (F) u_req/prod_reg_reg[0][61]/A
          Clock: (R) clk

                     Capture       Launch     
        Clock Edge:+    3300            0     
       Src Latency:+       0            0     
       Net Latency:+       0 (I)        0 (I) 
           Arrival:=    3300            0     
                                              
             Setup:-     137                  
       Uncertainty:-     125                  
     Required Time:=    3038                  
      Launch Clock:-       0                  
         Data Path:-    3121                  
             Slack:=     -83                  

#-------------------------------------------------------------------------------------------------
#         Timing Point           Flags   Arc   Edge       Cell         Fanout Trans Delay Arrival 
#                                                                              (ps)  (ps)   (ps)  
#-------------------------------------------------------------------------------------------------
  u_ctrl/reg_req_mult_reg[11]/CK -       -     R     (arrival)             32     0     0       0 
  u_ctrl/reg_req_mult_reg[11]/Q  -       CK->Q F     DFFRPQ_X4M_A9TL        2    67   288     288 
  g2454/Y                        -       A->Y  F     BUFH_X16M_A9TL        16    83   114     402 
  u_req/mul_61_51_I1_g57766/Y    -       A->Y  R     INV_X6M_A9TL           3    69    72     474 
  u_req/mul_61_51_I1_g56789/Y    -       A->Y  F     NAND2_X3A_A9TL         1    81    72     546 
  u_req/mul_61_51_I1_g55497/Y    -       A0->Y R     AOI21_X6M_A9TL         1    84    93     639 
  u_req/mul_61_51_I1_g55375/Y    -       A->Y  R     AND2_X11M_A9TL        16   117   145     784 
  u_req/mul_61_51_I1_g55249/Y    -       A->Y  F     INV_X6M_A9TL           3    63    69     853 
  u_req/mul_61_51_I1_g55247/Y    -       A->Y  R     INV_X13B_A9TL          7    50    54     907 
  u_req/mul_61_51_I1_g54396/Y    -       A0->Y F     AOI2XB1_X4M_A9TL       1    66    60     967 
  u_req/mul_61_51_I1_g53639/S    -       B->S  R     ADDF_X1P4M_A9TL        2   164   372    1338 
  u_req/mul_61_51_I1_g53347/Y    -       B->Y  F     XNOR3_X4M_A9TL         1    74   251    1589 
  u_req/mul_61_51_I1_g52841/CO   -       A->CO F     ADDF_X2M_A9TL          2   114   256    1845 
  u_req/mul_61_51_I1_g52693/Y    -       A0->Y R     AOI21_X4M_A9TL         1    69    94    1939 
  u_req/mul_61_51_I1_g52458/CO   -       A->CO R     ADDFH_X2M_A9TL         2   116   339    2278 
  u_req/mul_61_51_I1_g57974/Y    -       A->Y  R     OR2_X2M_A9TL           2   106   148    2426 
  u_req/mul_61_51_I1_g57972/Y    -       B0->Y F     OAI2XB1_X8M_A9TL       1    59    65    2491 
  u_req/mul_61_51_I1_g52214/Y    -       B0->Y R     AOI21_X8M_A9TL         2    83    79    2570 
  u_req/mul_61_51_I1_g52192/Y    -       A0->Y F     OAI211_X4M_A9TL        1   107    98    2668 
  u_req/mul_61_51_I1_g52169/Y    -       B0->Y R     AOI21_X8M_A9TL         2   134   120    2789 
  u_req/mul_61_51_I1_g52159/Y    -       A->Y  F     NAND2_X8M_A9TL         7    95    88    2876 
  u_req/mul_61_51_I1_g52140/Y    -       A->Y  R     NAND2XB_X2M_A9TL       1    96    88    2964 
  u_req/mul_61_51_I1_g52113/Y    -       A->Y  F     NAND3XXB_X4M_A9TL      1   108    68    3032 
  u_req/mul_61_51_I1_g52100/Y    -       A->Y  F     XOR2_X3M_A9TL          1    96    89    3121 
  u_req/prod_reg_reg[0][61]/A    -       -     F     A2DFFQ_X1M_A9TL        1     -     0    3121 
#-------------------------------------------------------------------------------------------------



Path 23: VIOLATED (-83 ps) Setup Check with Pin u_req/prod_reg_reg[3][61]/CK->A
          Group: reg2reg
     Startpoint: (R) u_ctrl/reg_req_mult_reg[0]/CK
          Clock: (R) clk
       Endpoint: (R) u_req/prod_reg_reg[3][61]/A
          Clock: (R) clk

                     Capture       Launch     
        Clock Edge:+    3300            0     
       Src Latency:+       0            0     
       Net Latency:+       0 (I)        0 (I) 
           Arrival:=    3300            0     
                                              
             Setup:-     130                  
       Uncertainty:-     125                  
     Required Time:=    3045                  
      Launch Clock:-       0                  
         Data Path:-    3128                  
             Slack:=     -83                  

#-------------------------------------------------------------------------------------------------
#         Timing Point          Flags    Arc   Edge       Cell         Fanout Trans Delay Arrival 
#                                                                              (ps)  (ps)   (ps)  
#-------------------------------------------------------------------------------------------------
  u_ctrl/reg_req_mult_reg[0]/CK -       -      R     (arrival)             32     0     0       0 
  u_ctrl/reg_req_mult_reg[0]/Q  -       CK->Q  R     DFFRPQ_X2M_A9TL        2    86   304     304 
  g2453/Y                       -       A->Y   R     BUF_X9M_A9TL           8    90   127     431 
  u_req/mul_61_51_I4_g57668/Y   -       A->Y   F     INV_X6B_A9TL           7   111    98     529 
  u_req/mul_61_51_I4_g57663/Y   -       A->Y   R     INV_X3P5M_A9TL        14   195   153     682 
  u_req/mul_61_51_I4_g58263/Y   -       B->Y   R     AND2_X2M_A9TL          1    72   159     841 
  u_req/mul_61_51_I4_g54669/Y   -       B0->Y  F     AOI2XB1_X4M_A9TL       3   116    80     922 
  u_req/mul_61_51_I4_g58177/Y   -       S0->Y  R     MXIT2_X2M_A9TL         1   194   129    1050 
  u_req/mul_61_51_I4_g58199/Y   -       A->Y   R     XNOR2_X4M_A9TL         2   200   140    1190 
  u_req/mul_61_51_I4_g53414/Y   -       B->Y   F     XNOR3_X2M_A9TL         1    97   308    1498 
  u_req/mul_61_51_I4_g52676/CO  -       B->CO  F     ADDF_X2M_A9TL          2   116   263    1761 
  u_req/mul_61_51_I4_g52645/Y   -       B0->Y  R     AOI21_X6M_A9TL         1   100   100    1861 
  u_req/mul_61_51_I4_g52627/Y   -       A->Y   F     NOR2XB_X8M_A9TL        3    60    62    1924 
  u_req/mul_61_51_I4_g57984/Y   -       BN->Y  F     NOR2XB_X3M_A9TL        1    64   132    2056 
  u_req/mul_61_51_I4_g52409/Y   -       A1N->Y F     AOI2XB1_X8M_A9TL       2   108   138    2193 
  u_req/mul_61_51_I4_g52298/Y   -       B->Y   R     NAND2_X6M_A9TL         3    96   101    2294 
  u_req/mul_61_51_I4_g52230/Y   -       B->Y   F     NAND2_X6M_A9TL         1    54    58    2352 
  u_req/mul_61_51_I4_g52225/Y   -       B->Y   R     NAND2_X6M_A9TL         2    70    69    2421 
  u_req/mul_61_51_I4_g52202/Y   -       B0->Y  R     AO1B2_X6M_A9TL         3    77   136    2556 
  u_req/mul_61_51_I4_g52195/Y   -       A->Y   F     NAND2_X6M_A9TL         1    42    45    2601 
  u_req/mul_61_51_I4_g52188/Y   -       A->Y   R     NAND3_X6A_A9TL         2   145    88    2689 
  u_req/mul_61_51_I4_g52169/Y   -       A0->Y  F     AOI21_X8M_A9TL         2    97    98    2788 
  u_req/mul_61_51_I4_g52159/Y   -       A->Y   R     NAND2_X8M_A9TL         7   109   100    2888 
  u_req/mul_61_51_I4_g52140/Y   -       A->Y   F     NAND2XB_X2M_A9TL       1    75    73    2961 
  u_req/mul_61_51_I4_g52113/Y   -       A->Y   R     NAND3XXB_X4M_A9TL      1   119    80    3041 
  u_req/mul_61_51_I4_g52100/Y   -       A->Y   R     XOR2_X3M_A9TL          1   155    87    3128 
  u_req/prod_reg_reg[3][61]/A   -       -      R     A2DFFQ_X1M_A9TL        1     -     0    3128 
#-------------------------------------------------------------------------------------------------



Path 24: VIOLATED (-83 ps) Setup Check with Pin u_req/prod_reg_reg[3][59]/CK->A
          Group: reg2reg
     Startpoint: (R) u_ctrl/reg_req_mult_reg[11]/CK
          Clock: (R) clk
       Endpoint: (R) u_req/prod_reg_reg[3][59]/A
          Clock: (R) clk

                     Capture       Launch     
        Clock Edge:+    3300            0     
       Src Latency:+       0            0     
       Net Latency:+       0 (I)        0 (I) 
           Arrival:=    3300            0     
                                              
             Setup:-     129                  
       Uncertainty:-     125                  
     Required Time:=    3046                  
      Launch Clock:-       0                  
         Data Path:-    3128                  
             Slack:=     -83                  

#--------------------------------------------------------------------------------------------------
#         Timing Point           Flags    Arc   Edge       Cell         Fanout Trans Delay Arrival 
#                                                                               (ps)  (ps)   (ps)  
#--------------------------------------------------------------------------------------------------
  u_ctrl/reg_req_mult_reg[11]/CK -       -      R     (arrival)             32     0     0       0 
  u_ctrl/reg_req_mult_reg[11]/Q  -       CK->Q  R     DFFRPQ_X4M_A9TL        2    87   303     303 
  g2454/Y                        -       A->Y   R     BUFH_X16M_A9TL        16   128   129     433 
  u_req/mul_61_51_I4_g57761/Y    -       A->Y   F     INV_X9M_A9TL           2    46    49     482 
  u_req/mul_61_51_I4_g57760/Y    -       A->Y   R     INV_X9M_A9TL           2    58    54     535 
  u_req/mul_61_51_I4_g57759/Y    -       A->Y   F     INV_X16M_A9TL         13    51    54     590 
  u_req/mul_61_51_I4_g56296/Y    -       S0->Y  R     MXT2_X1P4M_A9TL        2   117   174     764 
  u_req/mul_61_51_I4_g55808/Y    -       A->Y   F     NOR2_X3M_A9TL          1    82    85     849 
  u_req/mul_61_51_I4_g54402/Y    -       B0->Y  R     AOI2XB1_X8M_A9TL       3   104    97     945 
  u_req/mul_61_51_I4_g53813/Y    -       C->Y   F     XNOR3_X4M_A9TL         2    91   282    1227 
  u_req/mul_61_51_I4_g53264/Y    -       B->Y   F     XNOR3_X4M_A9TL         2    94   260    1487 
  u_req/mul_61_51_I4_g53097/Y    -       B0N->Y R     AO21B_X6M_A9TL         1    59    59    1546 
  u_req/mul_61_51_I4_g53073/Y    -       B0N->Y F     AO21B_X6M_A9TL         2    59    56    1601 
  u_req/mul_61_51_I4_g52733/Y    -       B->Y   F     XNOR3_X4M_A9TL         2    81   228    1829 
  u_req/mul_61_51_I4_g52630/Y    -       B->Y   R     XNOR2_X4M_A9TL         2   192   130    1959 
  u_req/mul_61_51_I4_g52374/Y    -       B->Y   F     XNOR3_X4M_A9TL         2    82   272    2230 
  u_req/mul_61_51_I4_g52296/Y    -       A->Y   R     NOR2_X2A_A9TL          2   222   161    2392 
  u_req/mul_61_51_I4_g52245/Y    -       B0->Y  F     AOI21_X8M_A9TL         1    98    85    2477 
  u_req/mul_61_51_I4_g52202/Y    -       A0N->Y R     AO1B2_X6M_A9TL         3    77    80    2556 
  u_req/mul_61_51_I4_g52195/Y    -       A->Y   F     NAND2_X6M_A9TL         1    42    45    2601 
  u_req/mul_61_51_I4_g52188/Y    -       A->Y   R     NAND3_X6A_A9TL         2   145    88    2689 
  u_req/mul_61_51_I4_g52169/Y    -       A0->Y  F     AOI21_X8M_A9TL         2    97    98    2788 
  u_req/mul_61_51_I4_g52159/Y    -       A->Y   R     NAND2_X8M_A9TL         7   109   100    2888 
  u_req/mul_61_51_I4_g52143/Y    -       A->Y   F     NAND2XB_X2M_A9TL       1    75    73    2961 
  u_req/mul_61_51_I4_g52116/Y    -       A->Y   R     NAND3XXB_X4M_A9TL      1   121    81    3042 
  u_req/mul_61_51_I4_g52101/Y    -       A->Y   R     XNOR2_X3M_A9TL         1   151    87    3128 
  u_req/prod_reg_reg[3][59]/A    -       -      R     A2DFFQ_X1M_A9TL        1     -     0    3128 
#--------------------------------------------------------------------------------------------------



Path 25: VIOLATED (-83 ps) Setup Check with Pin u_req/prod_reg_reg[2][61]/CK->A
          Group: reg2reg
     Startpoint: (R) u_ctrl/reg_req_mult_reg[5]/CK
          Clock: (R) clk
       Endpoint: (R) u_req/prod_reg_reg[2][61]/A
          Clock: (R) clk

                     Capture       Launch     
        Clock Edge:+    3300            0     
       Src Latency:+       0            0     
       Net Latency:+       0 (I)        0 (I) 
           Arrival:=    3300            0     
                                              
             Setup:-     130                  
       Uncertainty:-     125                  
     Required Time:=    3045                  
      Launch Clock:-       0                  
         Data Path:-    3128                  
             Slack:=     -83                  

#-------------------------------------------------------------------------------------------------
#         Timing Point          Flags    Arc   Edge       Cell         Fanout Trans Delay Arrival 
#                                                                              (ps)  (ps)   (ps)  
#-------------------------------------------------------------------------------------------------
  u_ctrl/reg_req_mult_reg[5]/CK -       -      R     (arrival)             32     0     0       0 
  u_ctrl/reg_req_mult_reg[5]/Q  -       CK->Q  R     DFFRPQ_X4M_A9TL        2    94   308     308 
  u_req/fopt116/Y               -       A->Y   F     INV_X13M_A9TL          6    60    65     373 
  u_req/fopt115/Y               -       A->Y   R     INV_X9M_A9TL           6    87    77     450 
  u_req/fopt59094/Y             -       A->Y   F     INV_X11M_A9TL          9    61    65     515 
  u_req/mul_61_51_I3_g56914/Y   -       A->Y   R     NAND2_X1P4M_A9TL       1   146   102     617 
  u_req/mul_61_51_I3_g56538/Y   -       B->Y   F     NAND2_X4A_A9TL         2    71    82     699 
  u_req/mul_61_51_I3_g55292/Y   -       BN->Y  F     NOR2XB_X3M_A9TL        1    76   143     842 
  u_req/mul_61_51_I3_g55001/Y   -       A->Y   R     NOR2XB_X6M_A9TL        2   100    88     930 
  u_req/mul_61_51_I3_g54820/Y   -       A->Y   F     INV_X3M_A9TL           2    65    70    1000 
  u_req/mul_61_51_I3_g54080/Y   -       A1->Y  R     OAI21_X6M_A9TL         1   103   104    1103 
  u_req/mul_61_51_I3_g54004/Y   -       B->Y   F     NAND2_X8M_A9TL         2    46    57    1160 
  u_req/mul_61_51_I3_g53722/Y   -       A->Y   R     INV_X4M_A9TL           2    47    46    1206 
  u_req/mul_61_51_I3_g53434/CO  -       CI->CO R     CGEN_X2M_A9TL          2   117   165    1371 
  u_req/mul_61_51_I3_g53107/Y   -       S0->Y  R     MXIT2_X3M_A9TL         1   146   108    1479 
  u_req/mul_61_51_I3_g53041/Y   -       S0->Y  R     MXIT2_X4M_A9TL         2   151   125    1604 
  u_req/mul_61_51_I3_g52734/Y   -       B->Y   F     XNOR3_X3M_A9TL         2    92   271    1875 
  u_req/mul_61_51_I3_g52624/Y   -       A->Y   R     XNOR3_X4M_A9TL         2    88   166    2041 
  u_req/mul_61_51_I3_g52407/Y   -       B->Y   F     XNOR3_X4M_A9TL         2    85   244    2285 
  u_req/mul_61_51_I3_g57964/Y   -       A->Y   F     OR2_X6M_A9TL           3    56   129    2413 
  u_req/mul_61_51_I3_g52251/Y   -       A0->Y  R     OAI21_X8M_A9TL         3   104    93    2506 
  u_req/mul_61_51_I3_g52207/Y   -       A0->Y  F     AOI2XB1_X6M_A9TL       1    61    69    2576 
  u_req/mul_61_51_I3_g52188/Y   -       B->Y   R     NAND3_X6A_A9TL         2   145   108    2683 
  u_req/mul_61_51_I3_g52169/Y   -       A0->Y  F     AOI21_X8M_A9TL         2   100   101    2784 
  u_req/mul_61_51_I3_g52159/Y   -       A->Y   R     NAND2_X8M_A9TL         7   112   103    2887 
  u_req/mul_61_51_I3_g52140/Y   -       A->Y   F     NAND2XB_X2M_A9TL       1    76    74    2961 
  u_req/mul_61_51_I3_g52113/Y   -       A->Y   R     NAND3XXB_X4M_A9TL      1   119    80    3041 
  u_req/mul_61_51_I3_g52100/Y   -       A->Y   R     XOR2_X3M_A9TL          1   155    87    3128 
  u_req/prod_reg_reg[2][61]/A   -       -      R     A2DFFQ_X1M_A9TL        1     -     0    3128 
#-------------------------------------------------------------------------------------------------



Path 26: VIOLATED (-83 ps) Setup Check with Pin u_req/prod_reg_reg[2][61]/CK->A
          Group: reg2reg
     Startpoint: (R) u_ctrl/reg_req_mult_reg[5]/CK
          Clock: (R) clk
       Endpoint: (R) u_req/prod_reg_reg[2][61]/A
          Clock: (R) clk

                     Capture       Launch     
        Clock Edge:+    3300            0     
       Src Latency:+       0            0     
       Net Latency:+       0 (I)        0 (I) 
           Arrival:=    3300            0     
                                              
             Setup:-     130                  
       Uncertainty:-     125                  
     Required Time:=    3045                  
      Launch Clock:-       0                  
         Data Path:-    3128                  
             Slack:=     -83                  

#-------------------------------------------------------------------------------------------------
#         Timing Point          Flags    Arc   Edge       Cell         Fanout Trans Delay Arrival 
#                                                                              (ps)  (ps)   (ps)  
#-------------------------------------------------------------------------------------------------
  u_ctrl/reg_req_mult_reg[5]/CK -       -      R     (arrival)             32     0     0       0 
  u_ctrl/reg_req_mult_reg[5]/Q  -       CK->Q  R     DFFRPQ_X4M_A9TL        2    94   308     308 
  u_req/fopt116/Y               -       A->Y   F     INV_X13M_A9TL          6    60    65     373 
  u_req/fopt59041/Y             -       A->Y   R     INV_X4M_A9TL           3   113    91     464 
  u_req/fopt59040/Y             -       A->Y   F     INV_X9M_A9TL           4    60    66     530 
  u_req/fopt59027/Y             -       A->Y   R     INV_X5M_A9TL           2    45    48     578 
  u_req/fopt59026/Y             -       A->Y   F     INV_X3M_A9TL           2    45    45     624 
  u_req/mul_61_51_I3_g56371/Y   -       B->Y   R     MXIT2_X3M_A9TL         2   137    90     713 
  u_req/mul_61_51_I3_g55873/Y   -       A->Y   F     NAND2_X2A_A9TL         1    80    78     791 
  u_req/mul_61_51_I3_g55001/Y   -       BN->Y  F     NOR2XB_X6M_A9TL        2    68   138     929 
  u_req/mul_61_51_I3_g54820/Y   -       A->Y   R     INV_X3M_A9TL           2    84    78    1007 
  u_req/mul_61_51_I3_g54359/Y   -       A->Y   F     NAND2_X3A_A9TL         1    87    81    1088 
  u_req/mul_61_51_I3_g54004/Y   -       A->Y   R     NAND2_X8M_A9TL         2    61    66    1155 
  u_req/mul_61_51_I3_g53722/Y   -       A->Y   F     INV_X4M_A9TL           2    34    39    1194 
  u_req/mul_61_51_I3_g53434/CO  -       CI->CO F     CGEN_X2M_A9TL          2   103   183    1377 
  u_req/mul_61_51_I3_g53107/Y   -       S0->Y  R     MXIT2_X3M_A9TL         1   146   102    1479 
  u_req/mul_61_51_I3_g53041/Y   -       S0->Y  R     MXIT2_X4M_A9TL         2   151   125    1604 
  u_req/mul_61_51_I3_g52734/Y   -       B->Y   F     XNOR3_X3M_A9TL         2    92   271    1875 
  u_req/mul_61_51_I3_g52624/Y   -       A->Y   R     XNOR3_X4M_A9TL         2    88   166    2041 
  u_req/mul_61_51_I3_g52407/Y   -       B->Y   F     XNOR3_X4M_A9TL         2    85   244    2285 
  u_req/mul_61_51_I3_g57964/Y   -       A->Y   F     OR2_X6M_A9TL           3    56   129    2413 
  u_req/mul_61_51_I3_g52251/Y   -       A0->Y  R     OAI21_X8M_A9TL         3   104    93    2506 
  u_req/mul_61_51_I3_g52207/Y   -       A0->Y  F     AOI2XB1_X6M_A9TL       1    61    69    2576 
  u_req/mul_61_51_I3_g52188/Y   -       B->Y   R     NAND3_X6A_A9TL         2   145   108    2683 
  u_req/mul_61_51_I3_g52169/Y   -       A0->Y  F     AOI21_X8M_A9TL         2   100   101    2784 
  u_req/mul_61_51_I3_g52159/Y   -       A->Y   R     NAND2_X8M_A9TL         7   112   103    2887 
  u_req/mul_61_51_I3_g52140/Y   -       A->Y   F     NAND2XB_X2M_A9TL       1    76    74    2961 
  u_req/mul_61_51_I3_g52113/Y   -       A->Y   R     NAND3XXB_X4M_A9TL      1   119    80    3041 
  u_req/mul_61_51_I3_g52100/Y   -       A->Y   R     XOR2_X3M_A9TL          1   155    87    3128 
  u_req/prod_reg_reg[2][61]/A   -       -      R     A2DFFQ_X1M_A9TL        1     -     0    3128 
#-------------------------------------------------------------------------------------------------



Path 27: VIOLATED (-83 ps) Setup Check with Pin u_req/prod_reg_reg[1][61]/CK->A
          Group: reg2reg
     Startpoint: (R) u_ctrl/reg_req_mult_reg[17]/CK
          Clock: (R) clk
       Endpoint: (F) u_req/prod_reg_reg[1][61]/A
          Clock: (R) clk

                     Capture       Launch     
        Clock Edge:+    3300            0     
       Src Latency:+       0            0     
       Net Latency:+       0 (I)        0 (I) 
           Arrival:=    3300            0     
                                              
             Setup:-     137                  
       Uncertainty:-     125                  
     Required Time:=    3038                  
      Launch Clock:-       0                  
         Data Path:-    3121                  
             Slack:=     -83                  

#--------------------------------------------------------------------------------------------------
#         Timing Point           Flags    Arc   Edge       Cell         Fanout Trans Delay Arrival 
#                                                                               (ps)  (ps)   (ps)  
#--------------------------------------------------------------------------------------------------
  u_ctrl/reg_req_mult_reg[17]/CK -       -      R     (arrival)             32     0     0       0 
  u_ctrl/reg_req_mult_reg[17]/Q  -       CK->Q  R     DFFRPQ_X4M_A9TL        2    78   298     298 
  u_req/fopt58987/Y              -       A->Y   F     INV_X9M_A9TL           3    55    60     358 
  u_req/fopt58986/Y              -       A->Y   R     INV_X13M_A9TL         17   117    91     449 
  u_req/fopt58977/Y              -       A->Y   F     INV_X4M_A9TL           6    82    82     532 
  u_req/fopt58974/Y              -       A->Y   F     BUF_X9M_A9TL           6    54   120     651 
  u_req/fopt58973/Y              -       A->Y   R     INV_X3P5M_A9TR         2    60    63     714 
  u_req/mul_61_51_I2_g56703/Y    -       B0->Y  R     AO1B2_X3M_A9TL         2    77   131     846 
  u_req/mul_61_51_I2_g54611/Y    -       A0->Y  R     AO21B_X3M_A9TL         2    77   137     983 
  u_req/mul_61_51_I2_g54452/Y    -       A->Y   F     INV_X1P7M_A9TR         1    74    78    1061 
  u_req/mul_61_51_I2_g53926/Y    -       B->Y   F     XOR2_X4M_A9TL          3   122   136    1198 
  u_req/mul_61_51_I2_g53420/CON  -       B->CON R     CGENI_X2M_A9TL         1   172   162    1359 
  u_req/mul_61_51_I2_g53415/Y    -       A->Y   F     INV_X4M_A9TL           2    66    70    1429 
  u_req/mul_61_51_I2_g52978/CON  -       A->CON R     CGENI_X2M_A9TL         2   215   166    1594 
  u_req/mul_61_51_I2_g52877/Y    -       A->Y   F     INV_X2M_A9TL           1    76    79    1674 
  u_req/mul_61_51_I2_g52654/Y    -       A->Y   F     XNOR3_X3M_A9TL         2    93   158    1832 
  u_req/mul_61_51_I2_g52552/Y    -       A->Y   R     XNOR3_X4M_A9TL         2    71   152    1983 
  u_req/mul_61_51_I2_g52444/CO   -       CI->CO R     CGEN_X2M_A9TL          2   137   185    2168 
  u_req/mul_61_51_I2_g52270/Y    -       B->Y   F     NAND2_X6A_A9TL         4    79    91    2259 
  u_req/mul_61_51_I2_g52237/Y    -       B->Y   F     AND2_X11M_A9TL         2    42   118    2377 
  u_req/mul_61_51_I2_g52206/Y    -       A0->Y  R     AOI21_X6M_A9TL         1    67    69    2446 
  u_req/mul_61_51_I2_g52196/Y    -       C0->Y  R     OA211_X3M_A9TL         1    71   130    2576 
  u_req/mul_61_51_I2_g52191/Y    -       B0->Y  F     OAI2XB1_X8M_A9TL       2    60    62    2638 
  u_req/mul_61_51_I2_g52186/Y    -       A->Y   F     AND2_X11M_A9TL         2    38    97    2734 
  u_req/mul_61_51_I2_g52177/Y    -       A->Y   R     NAND2_X6M_A9TL         2    90    63    2798 
  u_req/mul_61_51_I2_g52159/Y    -       B->Y   F     NAND2_X8M_A9TL         7    93    79    2877 
  u_req/mul_61_51_I2_g52140/Y    -       A->Y   R     NAND2XB_X2M_A9TL       1    96    87    2964 
  u_req/mul_61_51_I2_g52113/Y    -       A->Y   F     NAND3XXB_X4M_A9TL      1   108    68    3032 
  u_req/mul_61_51_I2_g52100/Y    -       A->Y   F     XOR2_X3M_A9TL          1    96    89    3121 
  u_req/prod_reg_reg[1][61]/A    -       -      F     A2DFFQ_X1M_A9TL        1     -     0    3121 
#--------------------------------------------------------------------------------------------------



Path 28: VIOLATED (-83 ps) Setup Check with Pin u_req/prod_reg_reg[0][61]/CK->A
          Group: reg2reg
     Startpoint: (R) u_ctrl/reg_req_mult_reg[11]/CK
          Clock: (R) clk
       Endpoint: (R) u_req/prod_reg_reg[0][61]/A
          Clock: (R) clk

                     Capture       Launch     
        Clock Edge:+    3300            0     
       Src Latency:+       0            0     
       Net Latency:+       0 (I)        0 (I) 
           Arrival:=    3300            0     
                                              
             Setup:-     130                  
       Uncertainty:-     125                  
     Required Time:=    3045                  
      Launch Clock:-       0                  
         Data Path:-    3128                  
             Slack:=     -83                  

#--------------------------------------------------------------------------------------------------
#         Timing Point           Flags    Arc   Edge       Cell         Fanout Trans Delay Arrival 
#                                                                               (ps)  (ps)   (ps)  
#--------------------------------------------------------------------------------------------------
  u_ctrl/reg_req_mult_reg[11]/CK -       -      R     (arrival)             32     0     0       0 
  u_ctrl/reg_req_mult_reg[11]/Q  -       CK->Q  F     DFFRPQ_X4M_A9TL        2    67   288     288 
  g2454/Y                        -       A->Y   F     BUFH_X16M_A9TL        16    83   114     402 
  u_req/mul_61_51_I1_g57761/Y    -       A->Y   R     INV_X9M_A9TL           2    51    56     458 
  u_req/mul_61_51_I1_g57760/Y    -       A->Y   F     INV_X9M_A9TL           2    38    40     498 
  u_req/mul_61_51_I1_g57759/Y    -       A->Y   R     INV_X16M_A9TL         13    83    66     564 
  u_req/mul_61_51_I1_g57752/Y    -       A->Y   F     INV_X7P5M_A9TL         6    55    61     625 
  u_req/mul_61_51_I1_g56681/Y    -       A->Y   R     MXIT2_X2M_A9TL         2   187   114     740 
  u_req/mul_61_51_I1_g55642/Y    -       A->Y   F     NOR2_X3M_A9TL          1    90    98     838 
  u_req/mul_61_51_I1_g54390/Y    -       B0->Y  R     AOI2XB1_X6M_A9TL       3   132   115     953 
  u_req/mul_61_51_I1_g53809/Y    -       C->Y   F     XNOR3_X4M_A9TL         2    86   280    1233 
  u_req/mul_61_51_I1_g58124/Y    -       B->Y   F     XOR3_X4M_A9TL          3    95   259    1492 
  u_req/mul_61_51_I1_g52976/Y    -       B->Y   F     XNOR3_X4M_A9TL         2    91   256    1749 
  u_req/mul_61_51_I1_g52809/Y    -       S0->Y  R     MXIT2_X4M_A9TL         1   128    92    1841 
  u_req/mul_61_51_I1_g52630/Y    -       A->Y   R     XNOR2_X4M_A9TL         2   192   115    1956 
  u_req/mul_61_51_I1_g52374/Y    -       B->Y   F     XNOR3_X4M_A9TL         2    82   272    2228 
  u_req/mul_61_51_I1_g52296/Y    -       A->Y   R     NOR2_X2A_A9TL          2   222   161    2389 
  u_req/mul_61_51_I1_g52245/Y    -       B0->Y  F     AOI21_X8M_A9TL         1    98    85    2474 
  u_req/mul_61_51_I1_g52202/Y    -       A0N->Y R     AO1B2_X6M_A9TL         2    62    68    2542 
  u_req/mul_61_51_I1_g52195/Y    -       A->Y   F     NAND2_X6M_A9TL         1    40    42    2584 
  u_req/mul_61_51_I1_g52188/Y    -       B->Y   R     NAND3_X6A_A9TL         2   145    99    2683 
  u_req/mul_61_51_I1_g52169/Y    -       A0->Y  F     AOI21_X8M_A9TL         2   100   101    2784 
  u_req/mul_61_51_I1_g52159/Y    -       A->Y   R     NAND2_X8M_A9TL         7   112   103    2887 
  u_req/mul_61_51_I1_g52140/Y    -       A->Y   F     NAND2XB_X2M_A9TL       1    76    74    2961 
  u_req/mul_61_51_I1_g52113/Y    -       A->Y   R     NAND3XXB_X4M_A9TL      1   119    80    3041 
  u_req/mul_61_51_I1_g52100/Y    -       A->Y   R     XOR2_X3M_A9TL          1   155    87    3128 
  u_req/prod_reg_reg[0][61]/A    -       -      R     A2DFFQ_X1M_A9TL        1     -     0    3128 
#--------------------------------------------------------------------------------------------------



Path 29: VIOLATED (-82 ps) Setup Check with Pin u_vpu/u_backbone/s1_vec_in_reg[3][11]/CK->D
          Group: reg2reg
     Startpoint: (R) u_ctrl/state_reg[2]/CK
          Clock: (R) clk
       Endpoint: (R) u_vpu/u_backbone/s1_vec_in_reg[3][11]/D
          Clock: (R) clk

                     Capture       Launch     
        Clock Edge:+    3300            0     
       Src Latency:+       0            0     
       Net Latency:+       0 (I)        0 (I) 
           Arrival:=    3300            0     
                                              
             Setup:-      99                  
       Uncertainty:-     125                  
     Required Time:=    3076                  
      Launch Clock:-       0                  
         Data Path:-    3159                  
             Slack:=     -82                  

#-------------------------------------------------------------------------------------------------------------
#               Timing Point                Flags    Arc   Edge       Cell         Fanout Trans Delay Arrival 
#                                                                                          (ps)  (ps)   (ps)  
#-------------------------------------------------------------------------------------------------------------
  u_ctrl/state_reg[2]/CK                    -       -      R     (arrival)           3259     0     0       0 
  u_ctrl/state_reg[2]/Q                     -       CK->Q  R     DFFRPQ_X4M_A9TL        4    89   304     304 
  u_ctrl/g2__8246/Y                         -       A->Y   R     AND2_X6M_A9TL          3    62   115     419 
  u_ctrl/g8830__5477/Y                      -       CN->Y  R     NAND3XXB_X6M_A9TL      1    89   127     546 
  u_ctrl/g8796__6783/Y                      -       A->Y   F     NAND3_X6A_A9TL         2    74    67     613 
  u_ctrl/g8730__9315/Y                      -       A->Y   R     NOR2_X8M_A9TL          2    81    77     690 
  u_ctrl/g8698__9315/Y                      -       A->Y   F     NAND2XB_X8M_A9TL       4    57    57     747 
  u_ctrl/g8681__6783/Y                      -       A->Y   R     NAND2XB_X8M_A9TL       1    81    66     813 
  g2426/Y                                   -       A->Y   F     INV_X13M_A9TL          3    44    50     863 
  g2762/Y                                   -       A->Y   R     INV_X9M_A9TL           3    69    60     923 
  g2758/Y                                   -       A->Y   F     INV_X7P5M_A9TL         2    43    50     973 
  g2756/Y                                   -       A->Y   R     INV_X11M_A9TL          4    66    59    1032 
  g2656/Y                                   -       S0->Y  R     MXIT2_X4M_A9TL         1   192   110    1141 
  g2617/Y                                   -       A->Y   F     INV_X11M_A9TL         24   111   112    1253 
  u_vpu/u_alpha/const_MULT_TC_OP_760_g870/Y -       C->Y   F     XOR3_X1M_A9TL          2   122   339    1592 
  u_vpu/u_alpha/const_MULT_TC_OP_760_g850/Y -       B->Y   F     OR2_X0P5M_A9TL         2   168   227    1820 
  u_vpu/u_alpha/const_MULT_TC_OP_760_g835/Y -       B->Y   R     NAND2_X1A_A9TL         1   108   113    1932 
  u_vpu/u_alpha/const_MULT_TC_OP_760_g823/Y -       B->Y   R     XNOR2_X1M_A9TL         1   203   152    2085 
  u_vpu/u_alpha/g7185/Y                     -       A->Y   F     NAND2_X1A_A9TL         1   135   131    2216 
  u_vpu/u_alpha/g7164/Y                     -       B0N->Y R     AO21B_X2M_A9TL         1   116   110    2325 
  u_vpu/u_alpha/g7158/Y                     -       B->Y   F     NOR2_X8A_A9TL          2    57    68    2394 
  u_vpu/u_alpha/g7136/Y                     -       B0->Y  R     OAI2XB1_X8M_A9TL       2    93    62    2456 
  u_vpu/u_alpha/g7135/Y                     -       A->Y   F     NAND2XB_X6M_A9TL       2    58    58    2514 
  u_vpu/u_alpha/g7134/Y                     -       A->Y   R     NAND2XB_X6M_A9TL       2    76    62    2576 
  u_vpu/u_alpha/g7132/Y                     -       A->Y   F     NAND2XB_X6M_A9TL       2    55    55    2630 
  u_vpu/u_alpha/g7131/Y                     -       A->Y   R     NAND2XB_X6M_A9TL       2    71    58    2688 
  u_vpu/u_alpha/g7129/Y                     -       A->Y   F     NAND2_X4A_A9TL         2    67    62    2750 
  u_vpu/u_alpha/g7243/Y                     -       A->Y   R     NAND3XXB_X3M_A9TL      1   118    86    2836 
  u_vpu/g15803/Y                            -       B0->Y  F     AOI22_X4M_A9TL         1   140    82    2917 
  u_vpu/g15622/Y                            -       A->Y   F     AND3_X8M_A9TL          9    72   153    3070 
  u_vpu/g15555/Y                            -       A->Y   R     NAND2XB_X1M_A9TL       1   110    89    3159 
  u_vpu/u_backbone/s1_vec_in_reg[3][11]/D   -       -      R     DFFRPQ_X3M_A9TL        1     -     0    3159 
#-------------------------------------------------------------------------------------------------------------



Path 30: VIOLATED (-82 ps) Setup Check with Pin u_vpu/u_backbone/s1_vec_in_reg[3][9]/CK->D
          Group: reg2reg
     Startpoint: (R) u_ctrl/state_reg[2]/CK
          Clock: (R) clk
       Endpoint: (R) u_vpu/u_backbone/s1_vec_in_reg[3][9]/D
          Clock: (R) clk

                     Capture       Launch     
        Clock Edge:+    3300            0     
       Src Latency:+       0            0     
       Net Latency:+       0 (I)        0 (I) 
           Arrival:=    3300            0     
                                              
             Setup:-      99                  
       Uncertainty:-     125                  
     Required Time:=    3076                  
      Launch Clock:-       0                  
         Data Path:-    3159                  
             Slack:=     -82                  

#-------------------------------------------------------------------------------------------------------------
#               Timing Point                Flags    Arc   Edge       Cell         Fanout Trans Delay Arrival 
#                                                                                          (ps)  (ps)   (ps)  
#-------------------------------------------------------------------------------------------------------------
  u_ctrl/state_reg[2]/CK                    -       -      R     (arrival)           3259     0     0       0 
  u_ctrl/state_reg[2]/Q                     -       CK->Q  R     DFFRPQ_X4M_A9TL        4    89   304     304 
  u_ctrl/g2__8246/Y                         -       A->Y   R     AND2_X6M_A9TL          3    62   115     419 
  u_ctrl/g8830__5477/Y                      -       CN->Y  R     NAND3XXB_X6M_A9TL      1    89   127     546 
  u_ctrl/g8796__6783/Y                      -       A->Y   F     NAND3_X6A_A9TL         2    74    67     613 
  u_ctrl/g8730__9315/Y                      -       A->Y   R     NOR2_X8M_A9TL          2    81    77     690 
  u_ctrl/g8698__9315/Y                      -       A->Y   F     NAND2XB_X8M_A9TL       4    57    57     747 
  u_ctrl/g8681__6783/Y                      -       A->Y   R     NAND2XB_X8M_A9TL       1    81    66     813 
  g2426/Y                                   -       A->Y   F     INV_X13M_A9TL          3    44    50     863 
  g2762/Y                                   -       A->Y   R     INV_X9M_A9TL           3    69    60     923 
  g2758/Y                                   -       A->Y   F     INV_X7P5M_A9TL         2    43    50     973 
  g2756/Y                                   -       A->Y   R     INV_X11M_A9TL          4    66    59    1032 
  g2656/Y                                   -       S0->Y  R     MXIT2_X4M_A9TL         1   192   110    1141 
  g2617/Y                                   -       A->Y   F     INV_X11M_A9TL         24   111   112    1253 
  u_vpu/u_alpha/const_MULT_TC_OP_760_g870/Y -       C->Y   F     XOR3_X1M_A9TL          2   122   339    1592 
  u_vpu/u_alpha/const_MULT_TC_OP_760_g850/Y -       B->Y   F     OR2_X0P5M_A9TL         2   168   227    1820 
  u_vpu/u_alpha/const_MULT_TC_OP_760_g835/Y -       B->Y   R     NAND2_X1A_A9TL         1   108   113    1932 
  u_vpu/u_alpha/const_MULT_TC_OP_760_g823/Y -       B->Y   R     XNOR2_X1M_A9TL         1   203   152    2085 
  u_vpu/u_alpha/g7185/Y                     -       A->Y   F     NAND2_X1A_A9TL         1   135   131    2216 
  u_vpu/u_alpha/g7164/Y                     -       B0N->Y R     AO21B_X2M_A9TL         1   116   110    2325 
  u_vpu/u_alpha/g7158/Y                     -       B->Y   F     NOR2_X8A_A9TL          2    57    68    2394 
  u_vpu/u_alpha/g7136/Y                     -       B0->Y  R     OAI2XB1_X8M_A9TL       2    93    62    2456 
  u_vpu/u_alpha/g7135/Y                     -       A->Y   F     NAND2XB_X6M_A9TL       2    58    58    2514 
  u_vpu/u_alpha/g7134/Y                     -       A->Y   R     NAND2XB_X6M_A9TL       2    76    62    2576 
  u_vpu/u_alpha/g7132/Y                     -       A->Y   F     NAND2XB_X6M_A9TL       2    55    55    2630 
  u_vpu/u_alpha/g7131/Y                     -       A->Y   R     NAND2XB_X6M_A9TL       2    71    58    2688 
  u_vpu/u_alpha/g7129/Y                     -       A->Y   F     NAND2_X4A_A9TL         2    67    62    2750 
  u_vpu/u_alpha/g7243/Y                     -       A->Y   R     NAND3XXB_X3M_A9TL      1   118    86    2836 
  u_vpu/g15803/Y                            -       B0->Y  F     AOI22_X4M_A9TL         1   140    82    2917 
  u_vpu/g15622/Y                            -       A->Y   F     AND3_X8M_A9TL          9    72   153    3070 
  u_vpu/g15554/Y                            -       A->Y   R     NAND2XB_X1M_A9TL       1   110    89    3159 
  u_vpu/u_backbone/s1_vec_in_reg[3][9]/D    -       -      R     DFFRPQ_X3M_A9TL        1     -     0    3159 
#-------------------------------------------------------------------------------------------------------------



Path 31: VIOLATED (-82 ps) Setup Check with Pin u_req/prod_reg_reg[3][61]/CK->A
          Group: reg2reg
     Startpoint: (R) u_ctrl/reg_req_mult_reg[11]/CK
          Clock: (R) clk
       Endpoint: (R) u_req/prod_reg_reg[3][61]/A
          Clock: (R) clk

                     Capture       Launch     
        Clock Edge:+    3300            0     
       Src Latency:+       0            0     
       Net Latency:+       0 (I)        0 (I) 
           Arrival:=    3300            0     
                                              
             Setup:-     130                  
       Uncertainty:-     125                  
     Required Time:=    3045                  
      Launch Clock:-       0                  
         Data Path:-    3128                  
             Slack:=     -82                  

#--------------------------------------------------------------------------------------------------
#         Timing Point           Flags    Arc   Edge       Cell         Fanout Trans Delay Arrival 
#                                                                               (ps)  (ps)   (ps)  
#--------------------------------------------------------------------------------------------------
  u_ctrl/reg_req_mult_reg[11]/CK -       -      R     (arrival)             32     0     0       0 
  u_ctrl/reg_req_mult_reg[11]/Q  -       CK->Q  R     DFFRPQ_X4M_A9TL        2    87   303     303 
  g2454/Y                        -       A->Y   R     BUFH_X16M_A9TL        16   128   129     433 
  u_req/mul_61_51_I4_g57761/Y    -       A->Y   F     INV_X9M_A9TL           2    46    49     482 
  u_req/mul_61_51_I4_g57760/Y    -       A->Y   R     INV_X9M_A9TL           2    58    54     535 
  u_req/mul_61_51_I4_g57759/Y    -       A->Y   F     INV_X16M_A9TL         13    51    54     590 
  u_req/mul_61_51_I4_g56296/Y    -       S0->Y  R     MXT2_X1P4M_A9TL        2   117   174     764 
  u_req/mul_61_51_I4_g55808/Y    -       A->Y   F     NOR2_X3M_A9TL          1    82    85     849 
  u_req/mul_61_51_I4_g54402/Y    -       B0->Y  R     AOI2XB1_X8M_A9TL       3   104    97     945 
  u_req/mul_61_51_I4_g53813/Y    -       C->Y   F     XNOR3_X4M_A9TL         2    91   282    1227 
  u_req/mul_61_51_I4_g53264/Y    -       B->Y   F     XNOR3_X4M_A9TL         2    94   260    1487 
  u_req/mul_61_51_I4_g53097/Y    -       B0N->Y R     AO21B_X6M_A9TL         1    59    59    1546 
  u_req/mul_61_51_I4_g53073/Y    -       B0N->Y F     AO21B_X6M_A9TL         2    59    56    1601 
  u_req/mul_61_51_I4_g52733/Y    -       B->Y   F     XNOR3_X4M_A9TL         2    81   228    1829 
  u_req/mul_61_51_I4_g52630/Y    -       B->Y   R     XNOR2_X4M_A9TL         2   192   130    1959 
  u_req/mul_61_51_I4_g52374/Y    -       B->Y   F     XNOR3_X4M_A9TL         2    82   272    2230 
  u_req/mul_61_51_I4_g52296/Y    -       A->Y   R     NOR2_X2A_A9TL          2   222   161    2392 
  u_req/mul_61_51_I4_g52245/Y    -       B0->Y  F     AOI21_X8M_A9TL         1    98    85    2477 
  u_req/mul_61_51_I4_g52202/Y    -       A0N->Y R     AO1B2_X6M_A9TL         3    77    80    2556 
  u_req/mul_61_51_I4_g52195/Y    -       A->Y   F     NAND2_X6M_A9TL         1    42    45    2601 
  u_req/mul_61_51_I4_g52188/Y    -       A->Y   R     NAND3_X6A_A9TL         2   145    88    2689 
  u_req/mul_61_51_I4_g52169/Y    -       A0->Y  F     AOI21_X8M_A9TL         2    97    98    2788 
  u_req/mul_61_51_I4_g52159/Y    -       A->Y   R     NAND2_X8M_A9TL         7   109   100    2888 
  u_req/mul_61_51_I4_g52140/Y    -       A->Y   F     NAND2XB_X2M_A9TL       1    75    73    2961 
  u_req/mul_61_51_I4_g52113/Y    -       A->Y   R     NAND3XXB_X4M_A9TL      1   119    80    3040 
  u_req/mul_61_51_I4_g52100/Y    -       A->Y   R     XOR2_X3M_A9TL          1   155    87    3127 
  u_req/prod_reg_reg[3][61]/A    -       -      R     A2DFFQ_X1M_A9TL        1     -     0    3128 
#--------------------------------------------------------------------------------------------------



Path 32: VIOLATED (-82 ps) Setup Check with Pin u_req/prod_reg_reg[3][59]/CK->A
          Group: reg2reg
     Startpoint: (R) u_ctrl/reg_req_mult_reg[0]/CK
          Clock: (R) clk
       Endpoint: (R) u_req/prod_reg_reg[3][59]/A
          Clock: (R) clk

                     Capture       Launch     
        Clock Edge:+    3300            0     
       Src Latency:+       0            0     
       Net Latency:+       0 (I)        0 (I) 
           Arrival:=    3300            0     
                                              
             Setup:-     129                  
       Uncertainty:-     125                  
     Required Time:=    3046                  
      Launch Clock:-       0                  
         Data Path:-    3128                  
             Slack:=     -82                  

#------------------------------------------------------------------------------------------------
#         Timing Point          Flags   Arc   Edge       Cell         Fanout Trans Delay Arrival 
#                                                                             (ps)  (ps)   (ps)  
#------------------------------------------------------------------------------------------------
  u_ctrl/reg_req_mult_reg[0]/CK -       -     R     (arrival)             32     0     0       0 
  u_ctrl/reg_req_mult_reg[0]/Q  -       CK->Q R     DFFRPQ_X2M_A9TL        2    86   304     304 
  g2453/Y                       -       A->Y  R     BUF_X9M_A9TL           8    90   127     431 
  u_req/mul_61_51_I4_g57668/Y   -       A->Y  F     INV_X6B_A9TL           7   111    98     529 
  u_req/mul_61_51_I4_g57663/Y   -       A->Y  R     INV_X3P5M_A9TL        14   195   153     682 
  u_req/mul_61_51_I4_g58263/Y   -       B->Y  R     AND2_X2M_A9TL          1    72   159     841 
  u_req/mul_61_51_I4_g54669/Y   -       B0->Y F     AOI2XB1_X4M_A9TL       3   116    80     922 
  u_req/mul_61_51_I4_g58177/Y   -       S0->Y R     MXIT2_X2M_A9TL         1   194   129    1050 
  u_req/mul_61_51_I4_g58199/Y   -       A->Y  R     XNOR2_X4M_A9TL         2   200   140    1190 
  u_req/mul_61_51_I4_g53414/Y   -       B->Y  F     XNOR3_X2M_A9TL         1    97   308    1498 
  u_req/mul_61_51_I4_g52676/CO  -       B->CO F     ADDF_X2M_A9TL          2   116   263    1761 
  u_req/mul_61_51_I4_g52645/Y   -       B0->Y R     AOI21_X6M_A9TL         1   100   100    1861 
  u_req/mul_61_51_I4_g52627/Y   -       A->Y  F     NOR2XB_X8M_A9TL        3    60    62    1924 
  u_req/mul_61_51_I4_g52529/Y   -       B->Y  R     NOR2_X1P4A_A9TL        1   248   177    2100 
  u_req/mul_61_51_I4_g52409/Y   -       B0->Y F     AOI2XB1_X8M_A9TL       2   108    93    2193 
  u_req/mul_61_51_I4_g52298/Y   -       B->Y  R     NAND2_X6M_A9TL         3    96   101    2294 
  u_req/mul_61_51_I4_g52230/Y   -       B->Y  F     NAND2_X6M_A9TL         1    54    58    2351 
  u_req/mul_61_51_I4_g52225/Y   -       B->Y  R     NAND2_X6M_A9TL         2    70    69    2420 
  u_req/mul_61_51_I4_g52202/Y   -       B0->Y R     AO1B2_X6M_A9TL         3    77   136    2556 
  u_req/mul_61_51_I4_g52195/Y   -       A->Y  F     NAND2_X6M_A9TL         1    42    45    2601 
  u_req/mul_61_51_I4_g52188/Y   -       A->Y  R     NAND3_X6A_A9TL         2   145    88    2689 
  u_req/mul_61_51_I4_g52169/Y   -       A0->Y F     AOI21_X8M_A9TL         2    97    98    2787 
  u_req/mul_61_51_I4_g52159/Y   -       A->Y  R     NAND2_X8M_A9TL         7   109   100    2888 
  u_req/mul_61_51_I4_g52143/Y   -       A->Y  F     NAND2XB_X2M_A9TL       1    75    73    2961 
  u_req/mul_61_51_I4_g52116/Y   -       A->Y  R     NAND3XXB_X4M_A9TL      1   121    81    3042 
  u_req/mul_61_51_I4_g52101/Y   -       A->Y  R     XNOR2_X3M_A9TL         1   151    87    3128 
  u_req/prod_reg_reg[3][59]/A   -       -     R     A2DFFQ_X1M_A9TL        1     -     0    3128 
#------------------------------------------------------------------------------------------------



Path 33: VIOLATED (-82 ps) Setup Check with Pin u_req/prod_reg_reg[2][61]/CK->A
          Group: reg2reg
     Startpoint: (R) u_ctrl/reg_req_mult_reg[25]/CK
          Clock: (R) clk
       Endpoint: (R) u_req/prod_reg_reg[2][61]/A
          Clock: (R) clk

                     Capture       Launch     
        Clock Edge:+    3300            0     
       Src Latency:+       0            0     
       Net Latency:+       0 (I)        0 (I) 
           Arrival:=    3300            0     
                                              
             Setup:-     130                  
       Uncertainty:-     125                  
     Required Time:=    3045                  
      Launch Clock:-       0                  
         Data Path:-    3128                  
             Slack:=     -82                  

#--------------------------------------------------------------------------------------------------
#         Timing Point           Flags    Arc   Edge       Cell         Fanout Trans Delay Arrival 
#                                                                               (ps)  (ps)   (ps)  
#--------------------------------------------------------------------------------------------------
  u_ctrl/reg_req_mult_reg[25]/CK -       -      R     (arrival)             32     0     0       0 
  u_ctrl/reg_req_mult_reg[25]/Q  -       CK->Q  F     DFFRPQ_X4M_A9TL        2    61   283     283 
  u_req/fopt59299/Y              -       A->Y   R     INV_X9M_A9TL           2    69    68     351 
  u_req/fopt59298/Y              -       A->Y   F     INV_X11M_A9TL          6    57    60     411 
  u_req/fopt59280/Y              -       A->Y   R     INV_X5M_A9TL           2    69    66     477 
  u_req/fopt59279/Y              -       A->Y   F     INV_X11M_A9TR          2    44    55     532 
  u_req/fopt59278/Y              -       A->Y   R     INV_X7P5M_A9TL         5    56    52     584 
  u_req/mul_61_51_I3_g56846/Y    -       BN->Y  R     NAND2XB_X1M_A9TL       1   158   161     744 
  u_req/mul_61_51_I3_g56262/Y    -       A->Y   F     NAND2_X3A_A9TL         2    86    84     829 
  u_req/mul_61_51_I3_g55153/Y    -       BN->Y  F     NOR2XB_X3M_A9TL        1    76   149     978 
  u_req/mul_61_51_I3_g54667/Y    -       A->Y   R     NOR2XB_X6M_A9TL        2    86    80    1057 
  u_req/mul_61_51_I3_g58176/Y    -       A->Y   R     XOR2_X4M_A9TL          1   194    95    1152 
  u_req/mul_61_51_I3_g53928/Y    -       A->Y   R     XOR2_X4M_A9TL          1   156   124    1275 
  u_req/mul_61_51_I3_g53234/CO   -       B->CO  R     ADDF_X2M_A9TL          2    95   212    1488 
  u_req/fopt60748/Y              -       A->Y   R     BUFH_X1P4M_A9TL        1    89   117    1604 
  u_req/mul_61_51_I3_g58045/Y    -       A->Y   F     XOR3_X4M_A9TL          2    90   167    1771 
  u_req/mul_61_51_I3_g52631/Y    -       B->Y   F     XOR3_X3M_A9TL          2    94   259    2030 
  u_req/mul_61_51_I3_g57980/Y    -       B->Y   F     XOR3_X3M_A9TL          2    88   252    2282 
  u_req/mul_61_51_I3_g52315/Y    -       A->Y   R     NAND2_X4M_A9TL         2    90    83    2365 
  u_req/mul_61_51_I3_g52283/Y    -       B->Y   F     NAND2_X4M_A9TL         2    72    73    2438 
  u_req/mul_61_51_I3_g52207/Y    -       A1N->Y F     AOI2XB1_X6M_A9TL       1    61   137    2575 
  u_req/mul_61_51_I3_g52188/Y    -       B->Y   R     NAND3_X6A_A9TL         2   145   108    2683 
  u_req/mul_61_51_I3_g52169/Y    -       A0->Y  F     AOI21_X8M_A9TL         2   100   101    2784 
  u_req/mul_61_51_I3_g52159/Y    -       A->Y   R     NAND2_X8M_A9TL         7   112   103    2887 
  u_req/mul_61_51_I3_g52140/Y    -       A->Y   F     NAND2XB_X2M_A9TL       1    76    74    2960 
  u_req/mul_61_51_I3_g52113/Y    -       A->Y   R     NAND3XXB_X4M_A9TL      1   119    80    3040 
  u_req/mul_61_51_I3_g52100/Y    -       A->Y   R     XOR2_X3M_A9TL          1   155    87    3127 
  u_req/prod_reg_reg[2][61]/A    -       -      R     A2DFFQ_X1M_A9TL        1     -     0    3128 
#--------------------------------------------------------------------------------------------------



Path 34: VIOLATED (-82 ps) Setup Check with Pin u_req/prod_reg_reg[2][61]/CK->A
          Group: reg2reg
     Startpoint: (R) u_ctrl/reg_req_mult_reg[9]/CK
          Clock: (R) clk
       Endpoint: (F) u_req/prod_reg_reg[2][61]/A
          Clock: (R) clk

                     Capture       Launch     
        Clock Edge:+    3300            0     
       Src Latency:+       0            0     
       Net Latency:+       0 (I)        0 (I) 
           Arrival:=    3300            0     
                                              
             Setup:-     137                  
       Uncertainty:-     125                  
     Required Time:=    3038                  
      Launch Clock:-       0                  
         Data Path:-    3121                  
             Slack:=     -82                  

#--------------------------------------------------------------------------------------------------
#         Timing Point          Flags    Arc    Edge       Cell         Fanout Trans Delay Arrival 
#                                                                               (ps)  (ps)   (ps)  
#--------------------------------------------------------------------------------------------------
  u_ctrl/reg_req_mult_reg[9]/CK -       -       R     (arrival)             32     0     0       0 
  u_ctrl/reg_req_mult_reg[9]/Q  -       CK->Q   F     DFFRPQ_X4M_A9TL        1    53   274     274 
  u_ctrl/fopt8966/Y             -       A->Y    R     INV_X7P5M_A9TL         2    53    52     327 
  u_ctrl/fopt8965/Y             -       A->Y    F     INV_X13M_A9TL          3    40    43     370 
  u_req/fopt59682/Y             -       A->Y    R     INV_X7P5M_A9TL         2    64    56     426 
  u_req/fopt59681/Y             -       A->Y    F     INV_X11M_A9TL          9    54    58     484 
  u_req/fopt59668/Y             -       A->Y    R     INV_X11M_A9TL         11    95    79     563 
  u_req/fopt59666/Y             -       A->Y    F     INV_X5M_A9TL           2    45    50     613 
  u_req/fopt59665/Y             -       A->Y    R     INV_X5M_A9TL           3    50    48     660 
  u_req/fopt59664/Y             -       A->Y    F     INV_X4M_A9TL           2    30    34     694 
  u_req/mul_61_51_I3_g56972/Y   -       A->Y    R     NAND2_X1P4M_A9TL       1   105    67     762 
  u_req/mul_61_51_I3_g56575/Y   -       B0N->Y  F     AO21B_X2M_A9TL         2    99    90     852 
  u_req/mul_61_51_I3_g55125/Y   -       A->Y    R     NAND2_X1P4M_A9TL       1   117   105     957 
  u_req/mul_61_51_I3_g58336/Y   -       B0->Y   F     OAI2XB1_X4M_A9TL       2    81    82    1039 
  u_req/mul_61_51_I3_g53844/CON -       CI->CON R     CGENI_X2M_A9TL         2   201   146    1186 
  u_req/mul_61_51_I3_g53432/CO  -       CI->CO  R     CGEN_X2M_A9TL          2   118   216    1402 
  u_req/mul_61_51_I3_g53026/Y   -       C->Y    F     XNOR3_X4M_A9TL         3    95   291    1692 
  u_req/mul_61_51_I3_g58024/Y   -       B->Y    F     XOR3_X3M_A9TL          2    92   257    1950 
  u_req/mul_61_51_I3_g52620/CON -       CI->CON R     CGENI_X2M_A9TL         2   228   166    2115 
  u_req/mul_61_51_I3_g57977/Y   -       B->Y    R     OR2_X4M_A9TL           2    69   169    2284 
  u_req/mul_61_51_I3_g52366/Y   -       A1->Y   F     OAI21_X6M_A9TL         1    56    66    2351 
  u_req/mul_61_51_I3_g52319/Y   -       B0->Y   R     AOI21_X6M_A9TL         2    90    81    2432 
  u_req/mul_61_51_I3_g52196/Y   -       A1->Y   R     OA211_X4M_A9TL         1    60   144    2576 
  u_req/mul_61_51_I3_g52191/Y   -       B0->Y   F     OAI2XB1_X8M_A9TL       2    60    59    2635 
  u_req/mul_61_51_I3_g52186/Y   -       A->Y    F     AND2_X11M_A9TL         2    38    97    2732 
  u_req/mul_61_51_I3_g52177/Y   -       A->Y    R     NAND2_X6M_A9TL         2    92    63    2795 
  u_req/mul_61_51_I3_g52159/Y   -       B->Y    F     NAND2_X8M_A9TL         7    95    81    2876 
  u_req/mul_61_51_I3_g52140/Y   -       A->Y    R     NAND2XB_X2M_A9TL       1    96    88    2964 
  u_req/mul_61_51_I3_g52113/Y   -       A->Y    F     NAND3XXB_X4M_A9TL      1   108    68    3032 
  u_req/mul_61_51_I3_g52100/Y   -       A->Y    F     XOR2_X3M_A9TL          1    96    89    3120 
  u_req/prod_reg_reg[2][61]/A   -       -       F     A2DFFQ_X1M_A9TL        1     -     0    3121 
#--------------------------------------------------------------------------------------------------



Path 35: VIOLATED (-82 ps) Setup Check with Pin u_req/prod_reg_reg[2][56]/CK->A
          Group: reg2reg
     Startpoint: (R) u_ctrl/reg_req_mult_reg[3]/CK
          Clock: (R) clk
       Endpoint: (R) u_req/prod_reg_reg[2][56]/A
          Clock: (R) clk

                     Capture       Launch     
        Clock Edge:+    3300            0     
       Src Latency:+       0            0     
       Net Latency:+       0 (I)        0 (I) 
           Arrival:=    3300            0     
                                              
             Setup:-     126                  
       Uncertainty:-     125                  
     Required Time:=    3049                  
      Launch Clock:-       0                  
         Data Path:-    3131                  
             Slack:=     -82                  

#-----------------------------------------------------------------------------------------------
#         Timing Point          Flags   Arc   Edge       Cell        Fanout Trans Delay Arrival 
#                                                                            (ps)  (ps)   (ps)  
#-----------------------------------------------------------------------------------------------
  u_ctrl/reg_req_mult_reg[3]/CK -       -     R     (arrival)            32     0     0       0 
  u_ctrl/reg_req_mult_reg[3]/Q  -       CK->Q R     DFFRPQ_X4M_A9TL       3   102   312     312 
  u_req/fopt60498/Y             -       A->Y  F     INV_X7P5M_A9TL        2    50    56     368 
  u_req/fopt60482/Y             -       A->Y  R     INV_X9M_A9TL          3    62    58     426 
  u_req/fopt60453/Y             -       A->Y  F     INV_X4M_A9TL          3    68    65     490 
  u_req/fopt60452/Y             -       A->Y  R     INV_X11M_A9TL         7    78    75     566 
  u_req/fopt60450/Y             -       A->Y  R     BUFH_X5M_A9TL         2    61    90     656 
  u_req/mul_61_51_I3_g56171/Y   -       S0->Y R     MXIT2_X3M_A9TL        2   140    81     736 
  u_req/mul_61_51_I3_g58259/Y   -       AN->Y R     NAND2B_X2M_A9TL       1    72   140     876 
  u_req/mul_61_51_I3_g54993/Y   -       BN->Y R     NOR2XB_X4M_A9TL       2   122   158    1035 
  u_req/mul_61_51_I3_g54047/CO  -       A->CO R     CGEN_X2M_A9TL         2   105   197    1232 
  u_req/mul_61_51_I3_g53394/Y   -       C->Y  F     XOR3_X4M_A9TL         4   100   292    1524 
  u_req/mul_61_51_I3_g53162/Y   -       A->Y  R     NOR2_X3M_A9TL         1   117   103    1627 
  u_req/mul_61_51_I3_g53067/Y   -       B0->Y F     AOI21_X6M_A9TL        2    77    74    1701 
  u_req/mul_61_51_I3_g52714/Y   -       B->Y  F     XOR3_X3M_A9TL         2   102   263    1964 
  u_req/mul_61_51_I3_g52613/Y   -       B->Y  R     NAND2_X6M_A9TL        3    85    92    2056 
  u_req/mul_61_51_I3_g52565/Y   -       A->Y  F     NAND2_X4M_A9TL        2    61    61    2117 
  u_req/mul_61_51_I3_g52517/Y   -       A1->Y F     OA21_X4M_A9TL         3    69   162    2279 
  u_req/mul_61_51_I3_g52343/Y   -       A1->Y F     OA211_X6M_A9TL        4    62   173    2452 
  u_req/mul_61_51_I3_g52304/Y   -       A->Y  R     NAND2_X8B_A9TL        4    53    53    2505 
  u_req/mul_61_51_I3_g52269/Y   -       A->Y  F     NAND2_X6M_A9TL        2    59    50    2556 
  u_req/mul_61_51_I3_g52191/Y   -       A0->Y R     OAI2XB1_X8M_A9TL      2    94    87    2643 
  u_req/mul_61_51_I3_g52186/Y   -       A->Y  R     AND2_X11M_A9TL        2    44    99    2742 
  u_req/mul_61_51_I3_g52177/Y   -       A->Y  F     NAND2_X6M_A9TL        2    60    51    2793 
  u_req/mul_61_51_I3_g52159/Y   -       B->Y  R     NAND2_X8M_A9TL        7   112    94    2887 
  u_req/fopt58501/Y             -       A->Y  F     INV_X4M_A9TL          2    49    54    2942 
  u_req/mul_61_51_I3_g52119/Y   -       A0->Y R     OAI2XB1_X3M_A9TL      1   124   101    3043 
  u_req/mul_61_51_I3_g52105/Y   -       A->Y  R     XOR2_X3M_A9TL         1   137    88    3131 
  u_req/prod_reg_reg[2][56]/A   -       -     R     A2DFFQ_X1M_A9TL       1     -     0    3131 
#-----------------------------------------------------------------------------------------------



Path 36: VIOLATED (-82 ps) Setup Check with Pin u_req/prod_reg_reg[2][56]/CK->A
          Group: reg2reg
     Startpoint: (R) u_ctrl/reg_req_mult_reg[31]/CK
          Clock: (R) clk
       Endpoint: (R) u_req/prod_reg_reg[2][56]/A
          Clock: (R) clk

                     Capture       Launch     
        Clock Edge:+    3300            0     
       Src Latency:+       0            0     
       Net Latency:+       0 (I)        0 (I) 
           Arrival:=    3300            0     
                                              
             Setup:-     126                  
       Uncertainty:-     125                  
     Required Time:=    3049                  
      Launch Clock:-       0                  
         Data Path:-    3131                  
             Slack:=     -82                  

#-------------------------------------------------------------------------------------------------
#         Timing Point           Flags    Arc   Edge       Cell        Fanout Trans Delay Arrival 
#                                                                              (ps)  (ps)   (ps)  
#-------------------------------------------------------------------------------------------------
  u_ctrl/reg_req_mult_reg[31]/CK -       -      R     (arrival)            32     0     0       0 
  u_ctrl/reg_req_mult_reg[31]/Q  -       CK->Q  F     DFFRPQ_X4M_A9TL       2    67   288     288 
  g2434/Y                        -       A->Y   F     BUFH_X16M_A9TL       12    67   105     393 
  u_req/mul_61_51_I3_g57264/Y    -       A->Y   R     INV_X4M_A9TL          9   158   118     511 
  u_req/mul_61_51_I3_g56739/Y    -       S0->Y  R     MXIT2_X1M_A9TL        2   246   160     671 
  u_req/mul_61_51_I3_g55167/Y    -       BN->Y  R     NOR2XB_X2M_A9TL       1   114   211     882 
  u_req/mul_61_51_I3_g54945/Y    -       A->Y   F     NOR2XB_X3M_A9TL       2    91    87     969 
  u_req/mul_61_51_I3_g58209/Y    -       B->Y   F     XOR3_X2M_A9TL         2   110   298    1266 
  u_req/mul_61_51_I3_g53449/CO   -       CI->CO F     CGEN_X2M_A9TL         3   114   218    1484 
  u_req/mul_61_51_I3_g53160/Y    -       BN->Y  F     NOR2XB_X8M_A9TR       1    67   179    1663 
  u_req/mul_61_51_I3_g53080/Y    -       A0->Y  R     OAI21_X6M_A9TL        2   114   100    1764 
  u_req/mul_61_51_I3_g52625/Y    -       B->Y   F     XNOR3_X4M_A9TL        3    94   265    2029 
  u_req/mul_61_51_I3_g52532/Y    -       B->Y   R     NOR2_X1P4A_A9TL       1   170   138    2168 
  u_req/mul_61_51_I3_g52412/Y    -       B0->Y  F     AOI21_X4M_A9TL        2   107   101    2268 
  u_req/mul_61_51_I3_g57968/Y    -       B->Y   F     OR2_X2M_A9TL          3    86   166    2434 
  u_req/mul_61_51_I3_g52258/Y    -       A->Y   R     NOR2_X4M_A9TL         1    94    88    2522 
  u_req/mul_61_51_I3_g52207/Y    -       B0->Y  F     AOI2XB1_X6M_A9TL      1    61    54    2576 
  u_req/mul_61_51_I3_g52188/Y    -       B->Y   R     NAND3_X6A_A9TL        2   145   108    2684 
  u_req/mul_61_51_I3_g52169/Y    -       A0->Y  F     AOI21_X8M_A9TL        2   100   101    2784 
  u_req/mul_61_51_I3_g52159/Y    -       A->Y   R     NAND2_X8M_A9TL        7   112   103    2887 
  u_req/fopt58501/Y              -       A->Y   F     INV_X4M_A9TL          2    49    54    2942 
  u_req/mul_61_51_I3_g52119/Y    -       A0->Y  R     OAI2XB1_X3M_A9TL      1   124   101    3043 
  u_req/mul_61_51_I3_g52105/Y    -       A->Y   R     XOR2_X3M_A9TL         1   137    88    3131 
  u_req/prod_reg_reg[2][56]/A    -       -      R     A2DFFQ_X1M_A9TL       1     -     0    3131 
#-------------------------------------------------------------------------------------------------



Path 37: VIOLATED (-82 ps) Setup Check with Pin u_req/prod_reg_reg[0][61]/CK->A
          Group: reg2reg
     Startpoint: (R) u_ctrl/reg_req_mult_reg[0]/CK
          Clock: (R) clk
       Endpoint: (F) u_req/prod_reg_reg[0][61]/A
          Clock: (R) clk

                     Capture       Launch     
        Clock Edge:+    3300            0     
       Src Latency:+       0            0     
       Net Latency:+       0 (I)        0 (I) 
           Arrival:=    3300            0     
                                              
             Setup:-     137                  
       Uncertainty:-     125                  
     Required Time:=    3038                  
      Launch Clock:-       0                  
         Data Path:-    3121                  
             Slack:=     -82                  

#-------------------------------------------------------------------------------------------------
#         Timing Point          Flags    Arc   Edge       Cell         Fanout Trans Delay Arrival 
#                                                                              (ps)  (ps)   (ps)  
#-------------------------------------------------------------------------------------------------
  u_ctrl/reg_req_mult_reg[0]/CK -       -      R     (arrival)             32     0     0       0 
  u_ctrl/reg_req_mult_reg[0]/Q  -       CK->Q  F     DFFRPQ_X2M_A9TL        2    66   292     292 
  g2453/Y                       -       A->Y   F     BUF_X9M_A9TL           8    68   125     417 
  u_req/mul_61_51_I1_g57668/Y   -       A->Y   R     INV_X4M_A9TL           7   142   110     527 
  u_req/mul_61_51_I1_g57663/Y   -       A->Y   F     INV_X6M_A9TR          14   124   125     652 
  u_req/mul_61_51_I1_g58263/Y   -       B->Y   F     AND2_X2M_A9TL          1    64   160     812 
  u_req/mul_61_51_I1_g54669/Y   -       B0->Y  R     AOI2XB1_X6M_A9TL       3   135   109     921 
  u_req/mul_61_51_I1_g54279/Y   -       A->Y   F     NAND2XB_X3M_A9TL       1    83    80    1001 
  u_req/mul_61_51_I1_g54063/Y   -       A0->Y  R     AOI21_X6M_A9TL         2    91    97    1098 
  u_req/mul_61_51_I1_g53552/Y   -       S0->Y  R     MXIT2_X3M_A9TL         1   146    98    1196 
  u_req/mul_61_51_I1_g53323/Y   -       A->Y   R     XOR2_X4M_A9TL          1   156   109    1305 
  u_req/mul_61_51_I1_g52844/S   -       A->S   F     ADDF_X2M_A9TL          4   156   386    1690 
  u_req/fopt60363/Y             -       A->Y   R     INV_X3M_A9TL           1    79    86    1777 
  u_req/mul_61_51_I1_g52645/Y   -       A0->Y  F     AOI21_X6M_A9TL         1    72    67    1844 
  u_req/mul_61_51_I1_g52627/Y   -       A->Y   R     NOR2XB_X8M_A9TL        3    86    79    1923 
  u_req/mul_61_51_I1_g57984/Y   -       BN->Y  R     NOR2XB_X4M_A9TL        1    75   135    2058 
  u_req/mul_61_51_I1_g52409/Y   -       A1N->Y R     AOI2XB1_X8M_A9TL       2   104   154    2212 
  u_req/mul_61_51_I1_g52298/Y   -       A->Y   F     NAND2_X6B_A9TL         3    81    78    2291 
  u_req/mul_61_51_I1_g52230/Y   -       B->Y   R     NAND2_X6M_A9TL         1    65    74    2365 
  u_req/mul_61_51_I1_g52225/Y   -       B->Y   F     NAND2_X6M_A9TL         2    48    57    2422 
  u_req/mul_61_51_I1_g52202/Y   -       B0->Y  F     AO1B2_X6M_A9TL         2    62   108    2530 
  u_req/mul_61_51_I1_g52195/Y   -       A->Y   R     NAND2_X6M_A9TL         1    56    54    2584 
  u_req/mul_61_51_I1_g52188/Y   -       B->Y   F     NAND3_X6A_A9TL         2    94    81    2666 
  u_req/mul_61_51_I1_g52169/Y   -       A0->Y  R     AOI21_X8M_A9TL         2   134   123    2788 
  u_req/mul_61_51_I1_g52159/Y   -       A->Y   F     NAND2_X8M_A9TL         7    95    88    2876 
  u_req/mul_61_51_I1_g52140/Y   -       A->Y   R     NAND2XB_X2M_A9TL       1    96    88    2964 
  u_req/mul_61_51_I1_g52113/Y   -       A->Y   F     NAND3XXB_X4M_A9TL      1   108    68    3032 
  u_req/mul_61_51_I1_g52100/Y   -       A->Y   F     XOR2_X3M_A9TL          1    96    89    3120 
  u_req/prod_reg_reg[0][61]/A   -       -      F     A2DFFQ_X1M_A9TL        1     -     0    3121 
#-------------------------------------------------------------------------------------------------



Path 38: VIOLATED (-82 ps) Setup Check with Pin u_req/prod_reg_reg[0][61]/CK->A
          Group: reg2reg
     Startpoint: (R) u_ctrl/reg_req_mult_reg[13]/CK
          Clock: (R) clk
       Endpoint: (F) u_req/prod_reg_reg[0][61]/A
          Clock: (R) clk

                     Capture       Launch     
        Clock Edge:+    3300            0     
       Src Latency:+       0            0     
       Net Latency:+       0 (I)        0 (I) 
           Arrival:=    3300            0     
                                              
             Setup:-     137                  
       Uncertainty:-     125                  
     Required Time:=    3038                  
      Launch Clock:-       0                  
         Data Path:-    3121                  
             Slack:=     -82                  

#---------------------------------------------------------------------------------------------------
#         Timing Point           Flags    Arc    Edge       Cell         Fanout Trans Delay Arrival 
#                                                                                (ps)  (ps)   (ps)  
#---------------------------------------------------------------------------------------------------
  u_ctrl/reg_req_mult_reg[13]/CK -       -       R     (arrival)             32     0     0       0 
  u_ctrl/reg_req_mult_reg[13]/Q  -       CK->Q   F     DFFRPQ_X4M_A9TL        2    67   288     288 
  g2433/Y                        -       A->Y    F     BUFH_X16M_A9TL         4    49    94     382 
  u_req/mul_61_51_I1_g57379/Y    -       A->Y    R     INV_X11M_A9TL          6    73    65     447 
  u_req/mul_61_51_I1_g57363/Y    -       A->Y    F     INV_X9M_A9TL           3    35    41     488 
  u_req/mul_61_51_I1_g56807/Y    -       A->Y    R     NAND2_X4M_A9TL         1    67    52     540 
  u_req/mul_61_51_I1_g56424/Y    -       A->Y    R     AND2_X8M_A9TL          7   102   133     673 
  u_req/mul_61_51_I1_g56113/Y    -       A->Y    F     INV_X13M_A9TL         15    57    63     736 
  u_req/mul_61_51_I1_g55594/Y    -       A->Y    R     NAND2_X3M_A9TR         1    82    75     811 
  u_req/mul_61_51_I1_g54676/Y    -       BN->Y   R     NOR2XB_X6M_A9TL        2    82   134     945 
  u_req/mul_61_51_I1_g53971/Y    -       C->Y    R     XNOR3_X3M_A9TL         2   114   286    1231 
  u_req/mul_61_51_I1_g53732/Y    -       A->Y    F     INV_X7P5M_A9TL         3    50    55    1286 
  u_req/mul_61_51_I1_g53563/Y    -       A->Y    R     MXIT2_X3M_A9TL         1   146    89    1376 
  u_req/mul_61_51_I1_g58098/Y    -       A->Y    R     XOR2_X4M_A9TL          2   186   118    1494 
  u_req/mul_61_51_I1_g53076/CO   -       CI->CO  R     CGEN_X2M_A9TL          2   102   202    1696 
  u_req/mul_61_51_I1_g52820/CON  -       CI->CON F     CGENI_X2M_A9TL         1   109    96    1792 
  u_req/mul_61_51_I1_g52667/Y    -       A->Y    R     INV_X3P5M_A9TL         3    85    88    1880 
  u_req/mul_61_51_I1_g52666/Y    -       A->Y    F     INV_X2P5M_A9TL         2    62    66    1946 
  u_req/mul_61_51_I1_g52510/Y    -       A->Y    R     MXIT2_X4M_A9TL         2   158    99    2045 
  u_req/fopt59959/Y              -       A->Y    F     INV_X4M_A9TL           1    48    48    2094 
  u_req/mul_61_51_I1_g52410/Y    -       B->Y    R     MXIT2_X3M_A9TL         2   190   112    2205 
  u_req/mul_61_51_I1_g52264/Y    -       A->Y    F     NOR2XB_X6M_A9TL        3    87    94    2299 
  u_req/mul_61_51_I1_g52230/Y    -       A->Y    R     NAND2_X6M_A9TL         1    65    66    2365 
  u_req/mul_61_51_I1_g52225/Y    -       B->Y    F     NAND2_X6M_A9TL         2    48    57    2422 
  u_req/mul_61_51_I1_g52202/Y    -       B0->Y   F     AO1B2_X6M_A9TL         2    62   108    2530 
  u_req/mul_61_51_I1_g52195/Y    -       A->Y    R     NAND2_X6M_A9TL         1    56    54    2584 
  u_req/mul_61_51_I1_g52188/Y    -       B->Y    F     NAND3_X6A_A9TL         2    94    81    2666 
  u_req/mul_61_51_I1_g52169/Y    -       A0->Y   R     AOI21_X8M_A9TL         2   134   123    2788 
  u_req/mul_61_51_I1_g52159/Y    -       A->Y    F     NAND2_X8M_A9TL         7    95    88    2876 
  u_req/mul_61_51_I1_g52140/Y    -       A->Y    R     NAND2XB_X2M_A9TL       1    96    88    2964 
  u_req/mul_61_51_I1_g52113/Y    -       A->Y    F     NAND3XXB_X4M_A9TL      1   108    68    3032 
  u_req/mul_61_51_I1_g52100/Y    -       A->Y    F     XOR2_X3M_A9TL          1    96    89    3120 
  u_req/prod_reg_reg[0][61]/A    -       -       F     A2DFFQ_X1M_A9TL        1     -     0    3121 
#---------------------------------------------------------------------------------------------------



Path 39: VIOLATED (-82 ps) Setup Check with Pin u_req/prod_reg_reg[3][61]/CK->A
          Group: reg2reg
     Startpoint: (R) u_ctrl/reg_req_mult_reg[0]/CK
          Clock: (R) clk
       Endpoint: (R) u_req/prod_reg_reg[3][61]/A
          Clock: (R) clk

                     Capture       Launch     
        Clock Edge:+    3300            0     
       Src Latency:+       0            0     
       Net Latency:+       0 (I)        0 (I) 
           Arrival:=    3300            0     
                                              
             Setup:-     130                  
       Uncertainty:-     125                  
     Required Time:=    3045                  
      Launch Clock:-       0                  
         Data Path:-    3127                  
             Slack:=     -82                  

#------------------------------------------------------------------------------------------------
#         Timing Point          Flags   Arc   Edge       Cell         Fanout Trans Delay Arrival 
#                                                                             (ps)  (ps)   (ps)  
#------------------------------------------------------------------------------------------------
  u_ctrl/reg_req_mult_reg[0]/CK -       -     R     (arrival)             32     0     0       0 
  u_ctrl/reg_req_mult_reg[0]/Q  -       CK->Q R     DFFRPQ_X2M_A9TL        2    86   304     304 
  g2453/Y                       -       A->Y  R     BUF_X9M_A9TL           8    90   127     431 
  u_req/mul_61_51_I4_g57668/Y   -       A->Y  F     INV_X6B_A9TL           7   111    98     529 
  u_req/mul_61_51_I4_g57663/Y   -       A->Y  R     INV_X3P5M_A9TL        14   195   153     682 
  u_req/mul_61_51_I4_g58263/Y   -       B->Y  R     AND2_X2M_A9TL          1    72   159     841 
  u_req/mul_61_51_I4_g54669/Y   -       B0->Y F     AOI2XB1_X4M_A9TL       3   116    80     922 
  u_req/mul_61_51_I4_g58177/Y   -       S0->Y R     MXIT2_X2M_A9TL         1   194   129    1050 
  u_req/mul_61_51_I4_g58199/Y   -       A->Y  R     XNOR2_X4M_A9TL         2   200   140    1190 
  u_req/mul_61_51_I4_g53414/Y   -       B->Y  F     XNOR3_X2M_A9TL         1    97   308    1498 
  u_req/mul_61_51_I4_g52676/CO  -       B->CO F     ADDF_X2M_A9TL          2   116   263    1761 
  u_req/mul_61_51_I4_g52645/Y   -       B0->Y R     AOI21_X6M_A9TL         1   100   100    1861 
  u_req/mul_61_51_I4_g52627/Y   -       A->Y  F     NOR2XB_X8M_A9TL        3    60    62    1924 
  u_req/mul_61_51_I4_g52529/Y   -       B->Y  R     NOR2_X1P4A_A9TL        1   248   177    2100 
  u_req/mul_61_51_I4_g52409/Y   -       B0->Y F     AOI2XB1_X8M_A9TL       2   108    93    2193 
  u_req/mul_61_51_I4_g52298/Y   -       B->Y  R     NAND2_X6M_A9TL         3    96   101    2294 
  u_req/mul_61_51_I4_g52230/Y   -       B->Y  F     NAND2_X6M_A9TL         1    54    58    2351 
  u_req/mul_61_51_I4_g52225/Y   -       B->Y  R     NAND2_X6M_A9TL         2    70    69    2420 
  u_req/mul_61_51_I4_g52202/Y   -       B0->Y R     AO1B2_X6M_A9TL         3    77   136    2556 
  u_req/mul_61_51_I4_g52195/Y   -       A->Y  F     NAND2_X6M_A9TL         1    42    45    2601 
  u_req/mul_61_51_I4_g52188/Y   -       A->Y  R     NAND3_X6A_A9TL         2   145    88    2689 
  u_req/mul_61_51_I4_g52169/Y   -       A0->Y F     AOI21_X8M_A9TL         2    97    98    2787 
  u_req/mul_61_51_I4_g52159/Y   -       A->Y  R     NAND2_X8M_A9TL         7   109   100    2888 
  u_req/mul_61_51_I4_g52140/Y   -       A->Y  F     NAND2XB_X2M_A9TL       1    75    73    2961 
  u_req/mul_61_51_I4_g52113/Y   -       A->Y  R     NAND3XXB_X4M_A9TL      1   119    80    3040 
  u_req/mul_61_51_I4_g52100/Y   -       A->Y  R     XOR2_X3M_A9TL          1   155    87    3127 
  u_req/prod_reg_reg[3][61]/A   -       -     R     A2DFFQ_X1M_A9TL        1     -     0    3127 
#------------------------------------------------------------------------------------------------



Path 40: VIOLATED (-82 ps) Setup Check with Pin u_req/prod_reg_reg[3][59]/CK->A
          Group: reg2reg
     Startpoint: (R) u_ctrl/reg_req_mult_reg[11]/CK
          Clock: (R) clk
       Endpoint: (R) u_req/prod_reg_reg[3][59]/A
          Clock: (R) clk

                     Capture       Launch     
        Clock Edge:+    3300            0     
       Src Latency:+       0            0     
       Net Latency:+       0 (I)        0 (I) 
           Arrival:=    3300            0     
                                              
             Setup:-     129                  
       Uncertainty:-     125                  
     Required Time:=    3046                  
      Launch Clock:-       0                  
         Data Path:-    3128                  
             Slack:=     -82                  

#--------------------------------------------------------------------------------------------------
#         Timing Point           Flags    Arc   Edge       Cell         Fanout Trans Delay Arrival 
#                                                                               (ps)  (ps)   (ps)  
#--------------------------------------------------------------------------------------------------
  u_ctrl/reg_req_mult_reg[11]/CK -       -      R     (arrival)             32     0     0       0 
  u_ctrl/reg_req_mult_reg[11]/Q  -       CK->Q  R     DFFRPQ_X4M_A9TL        2    87   303     303 
  g2454/Y                        -       A->Y   R     BUFH_X16M_A9TL        16   128   129     433 
  u_req/mul_61_51_I4_g57761/Y    -       A->Y   F     INV_X9M_A9TL           2    46    49     482 
  u_req/mul_61_51_I4_g56417/Y    -       A->Y   F     MXT2_X6M_A9TL          4    98   172     653 
  u_req/g62183/Y                 -       B->Y   R     NAND2_X8B_A9TL         1    68    77     730 
  u_req/fopt60702/Y              -       A->Y   F     INV_X16M_A9TL         24    70    68     798 
  u_req/mul_61_51_I4_g58345/Y    -       B->Y   R     NAND2B_X3M_A9TL        1    83    80     878 
  u_req/mul_61_51_I4_g54627/Y    -       B0N->Y F     AO21B_X4M_A9TL         2    77    72     949 
  u_req/mul_61_51_I4_g58193/Y    -       A->Y   F     XOR2_X4M_A9TL          1    79    92    1041 
  u_req/mul_61_51_I4_g53897/Y    -       A->Y   F     XOR2_X3M_A9TL          1    86    89    1130 
  u_req/mul_61_51_I4_g53309/CO   -       A->CO  F     ADDF_X2M_A9TL          1    88   237    1367 
  u_req/mul_61_51_I4_g52904/CO   -       A->CO  F     ADDF_X2M_A9TL          2   117   263    1630 
  u_req/mul_61_51_I4_g58034/Y    -       B->Y   F     XOR3_X3M_A9TL          3   122   293    1923 
  u_req/mul_61_51_I4_g57978/Y    -       C->Y   F     XOR3_X4M_A9TL          2    86   287    2210 
  u_req/mul_61_51_I4_g52298/Y    -       A->Y   R     NAND2_X6M_A9TL         3    96    83    2294 
  u_req/mul_61_51_I4_g52230/Y    -       B->Y   F     NAND2_X6M_A9TL         1    54    58    2351 
  u_req/mul_61_51_I4_g52225/Y    -       B->Y   R     NAND2_X6M_A9TL         2    70    69    2420 
  u_req/mul_61_51_I4_g52202/Y    -       B0->Y  R     AO1B2_X6M_A9TL         3    77   136    2556 
  u_req/mul_61_51_I4_g52195/Y    -       A->Y   F     NAND2_X6M_A9TL         1    42    45    2601 
  u_req/mul_61_51_I4_g52188/Y    -       A->Y   R     NAND3_X6A_A9TL         2   145    88    2689 
  u_req/mul_61_51_I4_g52169/Y    -       A0->Y  F     AOI21_X8M_A9TL         2    97    98    2787 
  u_req/mul_61_51_I4_g52159/Y    -       A->Y   R     NAND2_X8M_A9TL         7   109   100    2888 
  u_req/mul_61_51_I4_g52143/Y    -       A->Y   F     NAND2XB_X2M_A9TL       1    75    73    2961 
  u_req/mul_61_51_I4_g52116/Y    -       A->Y   R     NAND3XXB_X4M_A9TL      1   121    81    3041 
  u_req/mul_61_51_I4_g52101/Y    -       A->Y   R     XNOR2_X3M_A9TL         1   151    87    3128 
  u_req/prod_reg_reg[3][59]/A    -       -      R     A2DFFQ_X1M_A9TL        1     -     0    3128 
#--------------------------------------------------------------------------------------------------



Path 41: VIOLATED (-82 ps) Setup Check with Pin u_req/prod_reg_reg[2][61]/CK->A
          Group: reg2reg
     Startpoint: (R) u_ctrl/reg_req_mult_reg[7]/CK
          Clock: (R) clk
       Endpoint: (F) u_req/prod_reg_reg[2][61]/A
          Clock: (R) clk

                     Capture       Launch     
        Clock Edge:+    3300            0     
       Src Latency:+       0            0     
       Net Latency:+       0 (I)        0 (I) 
           Arrival:=    3300            0     
                                              
             Setup:-     137                  
       Uncertainty:-     125                  
     Required Time:=    3038                  
      Launch Clock:-       0                  
         Data Path:-    3120                  
             Slack:=     -82                  

#--------------------------------------------------------------------------------------------------
#         Timing Point          Flags    Arc    Edge       Cell         Fanout Trans Delay Arrival 
#                                                                               (ps)  (ps)   (ps)  
#--------------------------------------------------------------------------------------------------
  u_ctrl/reg_req_mult_reg[7]/CK -       -       R     (arrival)             32     0     0       0 
  u_ctrl/reg_req_mult_reg[7]/Q  -       CK->Q   R     DFFRPQ_X4M_A9TL        1    66   287     287 
  u_ctrl/fopt2/Y                -       A->Y    F     INV_X7P5M_A9TL         2    40    47     334 
  u_ctrl/fopt1/Y                -       A->Y    R     INV_X16M_A9TL         17   116    85     420 
  u_req/fopt58840/Y             -       A->Y    F     INV_X7P5M_A9TL         4    54    59     479 
  u_req/fopt58838/Y             -       A->Y    F     BUF_X6M_A9TL           8    77   126     604 
  u_req/fopt58837/Y             -       A->Y    R     INV_X4M_A9TL           3    62    65     670 
  u_req/fopt58836/Y             -       A->Y    F     INV_X4M_A9TL           2    40    46     715 
  u_req/mul_61_51_I3_g56699/Y   -       S0->Y   R     MXIT2_X2M_A9TL         2   226   115     830 
  u_req/mul_61_51_I3_g55867/Y   -       A->Y    F     NAND2_X2A_A9TL         1   101    98     928 
  u_req/mul_61_51_I3_g55062/Y   -       A0N->Y  R     AO1B2_X2M_A9TL         2   120   104    1032 
  u_req/mul_61_51_I3_g58226/Y   -       B->Y    F     XOR3_X4M_A9TL          2    83   251    1284 
  u_req/mul_61_51_I3_g58084/CON -       CI->CON R     CGENI_X2M_A9TL         2   218   157    1441 
  u_req/mul_61_51_I3_g53031/Y   -       B->Y    R     XOR2_X4M_A9TL          2   200   163    1604 
  u_req/mul_61_51_I3_g52874/Y   -       A->Y    F     XNOR3_X3M_A9TL         2    90   190    1793 
  u_req/mul_61_51_I3_g52687/Y   -       A->Y    F     XNOR3_X4M_A9TL         2    81   142    1936 
  u_req/mul_61_51_I3_g57996/Y   -       A->Y    F     OR2_X2M_A9TL           3    76   141    2077 
  u_req/mul_61_51_I3_g52498/Y   -       BN->Y   F     NOR2XB_X8M_A9TL        3    56   128    2205 
  u_req/mul_61_51_I3_g52422/Y   -       A->Y    R     NAND2_X4M_A9TL         2   107    83    2288 
  u_req/mul_61_51_I3_g52343/Y   -       A0->Y   R     OA211_X6M_A9TL         4    73   148    2435 
  u_req/mul_61_51_I3_g52304/Y   -       A->Y    F     NAND2_X8B_A9TL         4    63    63    2498 
  u_req/mul_61_51_I3_g52269/Y   -       A->Y    R     NAND2_X6M_A9TL         2    84    70    2568 
  u_req/mul_61_51_I3_g52191/Y   -       A0->Y   F     OAI2XB1_X8M_A9TL       2    60    67    2635 
  u_req/mul_61_51_I3_g52186/Y   -       A->Y    F     AND2_X11M_A9TL         2    38    97    2732 
  u_req/mul_61_51_I3_g52177/Y   -       A->Y    R     NAND2_X6M_A9TL         2    92    63    2795 
  u_req/mul_61_51_I3_g52159/Y   -       B->Y    F     NAND2_X8M_A9TL         7    95    81    2876 
  u_req/mul_61_51_I3_g52140/Y   -       A->Y    R     NAND2XB_X2M_A9TL       1    96    88    2964 
  u_req/mul_61_51_I3_g52113/Y   -       A->Y    F     NAND3XXB_X4M_A9TL      1   108    68    3032 
  u_req/mul_61_51_I3_g52100/Y   -       A->Y    F     XOR2_X3M_A9TL          1    96    89    3120 
  u_req/prod_reg_reg[2][61]/A   -       -       F     A2DFFQ_X1M_A9TL        1     -     0    3120 
#--------------------------------------------------------------------------------------------------



Path 42: VIOLATED (-82 ps) Setup Check with Pin u_req/prod_reg_reg[2][56]/CK->A
          Group: reg2reg
     Startpoint: (R) u_ctrl/reg_req_mult_reg[4]/CK
          Clock: (R) clk
       Endpoint: (R) u_req/prod_reg_reg[2][56]/A
          Clock: (R) clk

                     Capture       Launch     
        Clock Edge:+    3300            0     
       Src Latency:+       0            0     
       Net Latency:+       0 (I)        0 (I) 
           Arrival:=    3300            0     
                                              
             Setup:-     126                  
       Uncertainty:-     125                  
     Required Time:=    3049                  
      Launch Clock:-       0                  
         Data Path:-    3131                  
             Slack:=     -82                  

#------------------------------------------------------------------------------------------------
#         Timing Point          Flags    Arc   Edge       Cell        Fanout Trans Delay Arrival 
#                                                                             (ps)  (ps)   (ps)  
#------------------------------------------------------------------------------------------------
  u_ctrl/reg_req_mult_reg[4]/CK -       -      R     (arrival)            32     0     0       0 
  u_ctrl/reg_req_mult_reg[4]/Q  -       CK->Q  R     DFFRPQ_X4M_A9TL       2    88   304     304 
  g2430/Y                       -       A->Y   R     BUFH_X16M_A9TL       15    84   106     410 
  u_req/mul_61_51_I3_g57470/Y   -       A->Y   F     INV_X3M_A9TL          1    39    45     455 
  u_req/mul_61_51_I3_g56799/Y   -       B->Y   R     NAND2_X4M_A9TL        1    84    70     526 
  u_req/mul_61_51_I3_g56411/Y   -       A->Y   F     NAND2_X8M_A9TL        3    61    61     587 
  u_req/mul_61_51_I3_g56031/Y   -       A->Y   R     INV_X4M_A9TL          2    65    64     651 
  u_req/mul_61_51_I3_g56030/Y   -       A->Y   F     INV_X6M_A9TL          2    31    37     688 
  u_req/mul_61_51_I3_g56029/Y   -       A->Y   R     INV_X5M_A9TL          2    75    59     747 
  u_req/mul_61_51_I3_g56018/Y   -       A->Y   F     INV_X7P5M_A9TL        8    56    61     808 
  u_req/mul_61_51_I3_g58285/Y   -       B->Y   R     NAND2B_X2M_A9TL       1   106    87     896 
  u_req/mul_61_51_I3_g54753/Y   -       A0N->Y F     AO1B2_X4M_A9TL        3   100    95     991 
  u_req/mul_61_51_I3_g53977/Y   -       C->Y   F     XNOR3_X3M_A9TL        2   105   302    1292 
  u_req/mul_61_51_I3_g53481/Y   -       S0->Y  R     MXIT2_X4M_A9TL        1   129    95    1387 
  u_req/mul_61_51_I3_g53348/Y   -       S0->Y  R     MXIT2_X3M_A9TL        2   172   117    1504 
  u_req/mul_61_51_I3_g52928/CO  -       A->CO  R     CGEN_X2M_A9TL         2   130   228    1731 
  u_req/mul_61_51_I3_g52694/Y   -       B->Y   F     XOR3_X4M_A9TL         2    84   256    1987 
  u_req/mul_61_51_I3_g57993/Y   -       A1N->Y F     AOI2XB1_X6M_A9TL      2    73   151    2138 
  u_req/mul_61_51_I3_g52432/Y   -       B->Y   R     NAND2_X4M_A9TL        2    83    82    2221 
  u_req/mul_61_51_I3_g52334/Y   -       B->Y   F     NAND2_X4A_A9TL        4    76    78    2299 
  u_req/mul_61_51_I3_g52218/Y   -       BN->Y  F     NAND2XB_X6M_A9TL      2    50   125    2424 
  u_req/mul_61_51_I3_g52215/Y   -       A->Y   R     INV_X2M_A9TR          1    71    69    2493 
  u_req/mul_61_51_I3_g52191/Y   -       A1N->Y R     OAI2XB1_X8M_A9TL      2    94   150    2643 
  u_req/mul_61_51_I3_g52186/Y   -       A->Y   R     AND2_X11M_A9TL        2    44    99    2742 
  u_req/mul_61_51_I3_g52177/Y   -       A->Y   F     NAND2_X6M_A9TL        2    60    51    2793 
  u_req/mul_61_51_I3_g52159/Y   -       B->Y   R     NAND2_X8M_A9TL        7   112    94    2887 
  u_req/fopt58501/Y             -       A->Y   F     INV_X4M_A9TL          2    49    54    2942 
  u_req/mul_61_51_I3_g52119/Y   -       A0->Y  R     OAI2XB1_X3M_A9TL      1   124   101    3043 
  u_req/mul_61_51_I3_g52105/Y   -       A->Y   R     XOR2_X3M_A9TL         1   137    88    3131 
  u_req/prod_reg_reg[2][56]/A   -       -      R     A2DFFQ_X1M_A9TL       1     -     0    3131 
#------------------------------------------------------------------------------------------------



Path 43: VIOLATED (-82 ps) Setup Check with Pin u_req/prod_reg_reg[2][56]/CK->A
          Group: reg2reg
     Startpoint: (R) u_ctrl/reg_req_mult_reg[3]/CK
          Clock: (R) clk
       Endpoint: (R) u_req/prod_reg_reg[2][56]/A
          Clock: (R) clk

                     Capture       Launch     
        Clock Edge:+    3300            0     
       Src Latency:+       0            0     
       Net Latency:+       0 (I)        0 (I) 
           Arrival:=    3300            0     
                                              
             Setup:-     126                  
       Uncertainty:-     125                  
     Required Time:=    3049                  
      Launch Clock:-       0                  
         Data Path:-    3131                  
             Slack:=     -82                  

#------------------------------------------------------------------------------------------------
#         Timing Point          Flags    Arc   Edge       Cell        Fanout Trans Delay Arrival 
#                                                                             (ps)  (ps)   (ps)  
#------------------------------------------------------------------------------------------------
  u_ctrl/reg_req_mult_reg[3]/CK -       -      R     (arrival)            32     0     0       0 
  u_ctrl/reg_req_mult_reg[3]/Q  -       CK->Q  R     DFFRPQ_X4M_A9TL       3   102   312     312 
  u_req/fopt60498/Y             -       A->Y   F     INV_X7P5M_A9TL        2    50    56     368 
  u_req/fopt60482/Y             -       A->Y   R     INV_X9M_A9TL          3    62    58     426 
  u_req/fopt60453/Y             -       A->Y   F     INV_X4M_A9TL          3    68    65     490 
  u_req/fopt60452/Y             -       A->Y   R     INV_X11M_A9TL         7    78    75     566 
  u_req/fopt60445/Y             -       A->Y   F     INV_X7P5M_A9TL        4    46    53     618 
  u_req/mul_61_51_I3_g56673/Y   -       B->Y   R     MXIT2_X3M_A9TL        2   132    88     707 
  u_req/mul_61_51_I3_g55228/Y   -       BN->Y  R     NAND2XB_X3M_A9TL      1    99   158     865 
  u_req/mul_61_51_I3_g54646/Y   -       B->Y   F     NAND2_X6M_A9TL        2    59    65     930 
  u_req/mul_61_51_I3_g54470/Y   -       A->Y   R     INV_X3M_A9TL          2    83    74    1005 
  u_req/mul_61_51_I3_g54359/Y   -       B->Y   F     NAND2_X3A_A9TL        1    87    84    1088 
  u_req/mul_61_51_I3_g54004/Y   -       A->Y   R     NAND2_X8M_A9TL        2    61    66    1155 
  u_req/mul_61_51_I3_g53722/Y   -       A->Y   F     INV_X4M_A9TL          2    34    39    1194 
  u_req/mul_61_51_I3_g53434/CO  -       CI->CO F     CGEN_X2M_A9TL         2   103   183    1377 
  u_req/mul_61_51_I3_g53107/Y   -       S0->Y  R     MXIT2_X3M_A9TL        1   146   102    1479 
  u_req/mul_61_51_I3_g53041/Y   -       S0->Y  R     MXIT2_X4M_A9TL        2   151   125    1604 
  u_req/mul_61_51_I3_g52734/Y   -       B->Y   F     XNOR3_X3M_A9TL        2    92   271    1875 
  u_req/mul_61_51_I3_g52624/Y   -       A->Y   R     XNOR3_X4M_A9TL        2    88   166    2041 
  u_req/mul_61_51_I3_g52407/Y   -       B->Y   F     XNOR3_X4M_A9TL        2    85   244    2285 
  u_req/mul_61_51_I3_g57964/Y   -       A->Y   F     OR2_X6M_A9TL          3    56   129    2414 
  u_req/mul_61_51_I3_g52251/Y   -       A0->Y  R     OAI21_X8M_A9TL        3   104    93    2506 
  u_req/mul_61_51_I3_g52207/Y   -       A0->Y  F     AOI2XB1_X6M_A9TL      1    61    69    2576 
  u_req/mul_61_51_I3_g52188/Y   -       B->Y   R     NAND3_X6A_A9TL        2   145   108    2683 
  u_req/mul_61_51_I3_g52169/Y   -       A0->Y  F     AOI21_X8M_A9TL        2   100   101    2784 
  u_req/mul_61_51_I3_g52159/Y   -       A->Y   R     NAND2_X8M_A9TL        7   112   103    2887 
  u_req/fopt58501/Y             -       A->Y   F     INV_X4M_A9TL          2    49    54    2942 
  u_req/mul_61_51_I3_g52119/Y   -       A0->Y  R     OAI2XB1_X3M_A9TL      1   124   101    3043 
  u_req/mul_61_51_I3_g52105/Y   -       A->Y   R     XOR2_X3M_A9TL         1   137    88    3131 
  u_req/prod_reg_reg[2][56]/A   -       -      R     A2DFFQ_X1M_A9TL       1     -     0    3131 
#------------------------------------------------------------------------------------------------



Path 44: VIOLATED (-82 ps) Setup Check with Pin u_req/prod_reg_reg[2][56]/CK->A
          Group: reg2reg
     Startpoint: (R) u_ctrl/reg_req_mult_reg[7]/CK
          Clock: (R) clk
       Endpoint: (R) u_req/prod_reg_reg[2][56]/A
          Clock: (R) clk

                     Capture       Launch     
        Clock Edge:+    3300            0     
       Src Latency:+       0            0     
       Net Latency:+       0 (I)        0 (I) 
           Arrival:=    3300            0     
                                              
             Setup:-     126                  
       Uncertainty:-     125                  
     Required Time:=    3049                  
      Launch Clock:-       0                  
         Data Path:-    3131                  
             Slack:=     -82                  

#-------------------------------------------------------------------------------------------------
#         Timing Point          Flags    Arc    Edge       Cell        Fanout Trans Delay Arrival 
#                                                                              (ps)  (ps)   (ps)  
#-------------------------------------------------------------------------------------------------
  u_ctrl/reg_req_mult_reg[7]/CK -       -       R     (arrival)            32     0     0       0 
  u_ctrl/reg_req_mult_reg[7]/Q  -       CK->Q   R     DFFRPQ_X4M_A9TL       1    66   287     287 
  u_ctrl/fopt2/Y                -       A->Y    F     INV_X7P5M_A9TL        2    40    47     334 
  u_ctrl/fopt1/Y                -       A->Y    R     INV_X16M_A9TL        17   116    85     420 
  u_req/fopt58840/Y             -       A->Y    F     INV_X7P5M_A9TL        4    54    59     479 
  u_req/fopt58838/Y             -       A->Y    F     BUF_X6M_A9TL          8    77   126     604 
  u_req/fopt58837/Y             -       A->Y    R     INV_X4M_A9TL          3    62    65     670 
  u_req/fopt58836/Y             -       A->Y    F     INV_X4M_A9TL          2    40    46     715 
  u_req/mul_61_51_I3_g56699/Y   -       S0->Y   R     MXIT2_X2M_A9TL        2   226   115     830 
  u_req/mul_61_51_I3_g55867/Y   -       A->Y    F     NAND2_X2A_A9TL        1   101    98     928 
  u_req/mul_61_51_I3_g55062/Y   -       A0N->Y  R     AO1B2_X2M_A9TL        2   120   104    1032 
  u_req/mul_61_51_I3_g58226/Y   -       B->Y    F     XOR3_X4M_A9TL         2    83   251    1284 
  u_req/mul_61_51_I3_g58084/CON -       CI->CON R     CGENI_X2M_A9TL        2   218   157    1441 
  u_req/mul_61_51_I3_g53031/Y   -       B->Y    R     XOR2_X4M_A9TL         2   200   163    1604 
  u_req/mul_61_51_I3_g52874/Y   -       A->Y    F     XNOR3_X3M_A9TL        2    90   190    1793 
  u_req/mul_61_51_I3_g52687/Y   -       A->Y    R     XNOR3_X4M_A9TL        2    71   151    1944 
  u_req/mul_61_51_I3_g52608/Y   -       A->Y    F     NAND2_X4A_A9TL        3    96    70    2014 
  u_req/mul_61_51_I3_g52479/CON -       A->CON  R     CGENI_X2M_A9TL        2   232   186    2200 
  u_req/mul_61_51_I3_g52402/Y   -       B1->Y   F     AOI22_X4M_A9TL        1   107   111    2310 
  u_req/mul_61_51_I3_g52343/Y   -       C0->Y   F     OA211_X6M_A9TL        4    62   142    2452 
  u_req/mul_61_51_I3_g52304/Y   -       A->Y    R     NAND2_X8B_A9TL        4    53    53    2505 
  u_req/mul_61_51_I3_g52269/Y   -       A->Y    F     NAND2_X6M_A9TL        2    59    50    2556 
  u_req/mul_61_51_I3_g52191/Y   -       A0->Y   R     OAI2XB1_X8M_A9TL      2    94    87    2643 
  u_req/mul_61_51_I3_g52186/Y   -       A->Y    R     AND2_X11M_A9TL        2    44    99    2742 
  u_req/mul_61_51_I3_g52177/Y   -       A->Y    F     NAND2_X6M_A9TL        2    60    51    2793 
  u_req/mul_61_51_I3_g52159/Y   -       B->Y    R     NAND2_X8M_A9TL        7   112    94    2887 
  u_req/fopt58501/Y             -       A->Y    F     INV_X4M_A9TL          2    49    54    2942 
  u_req/mul_61_51_I3_g52119/Y   -       A0->Y   R     OAI2XB1_X3M_A9TL      1   124   101    3043 
  u_req/mul_61_51_I3_g52105/Y   -       A->Y    R     XOR2_X3M_A9TL         1   137    88    3131 
  u_req/prod_reg_reg[2][56]/A   -       -       R     A2DFFQ_X1M_A9TL       1     -     0    3131 
#-------------------------------------------------------------------------------------------------



Path 45: VIOLATED (-82 ps) Setup Check with Pin u_req/prod_reg_reg[1][61]/CK->A
          Group: reg2reg
     Startpoint: (R) u_ctrl/reg_req_mult_reg[25]/CK
          Clock: (R) clk
       Endpoint: (F) u_req/prod_reg_reg[1][61]/A
          Clock: (R) clk

                     Capture       Launch     
        Clock Edge:+    3300            0     
       Src Latency:+       0            0     
       Net Latency:+       0 (I)        0 (I) 
           Arrival:=    3300            0     
                                              
             Setup:-     137                  
       Uncertainty:-     125                  
     Required Time:=    3038                  
      Launch Clock:-       0                  
         Data Path:-    3120                  
             Slack:=     -82                  

#--------------------------------------------------------------------------------------------------
#         Timing Point           Flags    Arc   Edge       Cell         Fanout Trans Delay Arrival 
#                                                                               (ps)  (ps)   (ps)  
#--------------------------------------------------------------------------------------------------
  u_ctrl/reg_req_mult_reg[25]/CK -       -      R     (arrival)             32     0     0       0 
  u_ctrl/reg_req_mult_reg[25]/Q  -       CK->Q  R     DFFRPQ_X4M_A9TL        2    78   297     297 
  u_req/fopt59299/Y              -       A->Y   F     INV_X9M_A9TL           2    49    56     354 
  u_req/fopt59298/Y              -       A->Y   R     INV_X11M_A9TL          6    86    72     426 
  u_req/fopt59297/Y              -       A->Y   R     BUF_X6M_A9TL           6   106   136     562 
  u_req/fopt59295/Y              -       A->Y   F     INV_X4M_A9TL           5    73    75     637 
  u_req/mul_61_51_I2_g56558/Y    -       A1->Y  F     AO21B_X2M_A9TL         2   102   157     794 
  u_req/mul_61_51_I2_g55007/Y    -       B0->Y  F     AO1B2_X4M_A9TL         2    88   141     935 
  u_req/mul_61_51_I2_g53839/CON  -       B->CON R     CGENI_X2M_A9TL         2   226   182    1117 
  u_req/mul_61_51_I2_g53592/Y    -       A->Y   F     INV_X2M_A9TL           1    89    96    1213 
  u_req/mul_61_51_I2_g53251/Y    -       B->Y   F     XOR3_X3M_A9TL          2    96   262    1475 
  u_req/mul_61_51_I2_g52973/Y    -       B->Y   R     XNOR3_X4M_A9TL         3   107   246    1721 
  u_req/mul_61_51_I2_g52854/Y    -       A->Y   F     NOR2_X6M_A9TR          1    73    78    1799 
  u_req/mul_61_51_I2_g58010/Y    -       B0->Y  R     AOI2XB1_X6M_A9TL       2   110    98    1897 
  u_req/mul_61_51_I2_g52583/Y    -       S0->Y  R     MXIT2_X4M_A9TL         1   130   103    2000 
  u_req/mul_61_51_I2_g52508/Y    -       A->Y   R     XOR2_X4M_A9TL          2   213   127    2128 
  u_req/mul_61_51_I2_g52432/Y    -       A->Y   F     NAND2_X6M_A9TL         4    94    89    2217 
  u_req/mul_61_51_I2_g52334/Y    -       B->Y   R     NAND2_X4M_A9TL         4   105   101    2317 
  u_req/mul_61_51_I2_g52218/Y    -       BN->Y  R     NAND2XB_X8M_A9TL       2    62   121    2438 
  u_req/mul_61_51_I2_g52196/Y    -       A0->Y  R     OA211_X3M_A9TL         1    71   137    2575 
  u_req/mul_61_51_I2_g52191/Y    -       B0->Y  F     OAI2XB1_X8M_A9TL       2    60    62    2638 
  u_req/mul_61_51_I2_g52186/Y    -       A->Y   F     AND2_X11M_A9TL         2    38    97    2734 
  u_req/mul_61_51_I2_g52177/Y    -       A->Y   R     NAND2_X6M_A9TL         2    90    63    2798 
  u_req/mul_61_51_I2_g52159/Y    -       B->Y   F     NAND2_X8M_A9TL         7    93    79    2877 
  u_req/mul_61_51_I2_g52140/Y    -       A->Y   R     NAND2XB_X2M_A9TL       1    96    87    2964 
  u_req/mul_61_51_I2_g52113/Y    -       A->Y   F     NAND3XXB_X4M_A9TL      1   108    68    3032 
  u_req/mul_61_51_I2_g52100/Y    -       A->Y   F     XOR2_X3M_A9TL          1    96    89    3120 
  u_req/prod_reg_reg[1][61]/A    -       -      F     A2DFFQ_X1M_A9TL        1     -     0    3120 
#--------------------------------------------------------------------------------------------------



Path 46: VIOLATED (-82 ps) Setup Check with Pin u_req/prod_reg_reg[0][61]/CK->A
          Group: reg2reg
     Startpoint: (R) u_ctrl/reg_req_mult_reg[21]/CK
          Clock: (R) clk
       Endpoint: (R) u_req/prod_reg_reg[0][61]/A
          Clock: (R) clk

                     Capture       Launch     
        Clock Edge:+    3300            0     
       Src Latency:+       0            0     
       Net Latency:+       0 (I)        0 (I) 
           Arrival:=    3300            0     
                                              
             Setup:-     130                  
       Uncertainty:-     125                  
     Required Time:=    3045                  
      Launch Clock:-       0                  
         Data Path:-    3127                  
             Slack:=     -82                  

#-------------------------------------------------------------------------------------------------
#         Timing Point           Flags   Arc   Edge       Cell         Fanout Trans Delay Arrival 
#                                                                              (ps)  (ps)   (ps)  
#-------------------------------------------------------------------------------------------------
  u_ctrl/reg_req_mult_reg[21]/CK -       -     R     (arrival)             32     0     0       0 
  u_ctrl/reg_req_mult_reg[21]/Q  -       CK->Q R     DFFRPQ_X4M_A9TL        3   102   312     312 
  u_req/fopt59805/Y              -       A->Y  F     INV_X6M_A9TL           3    48    53     365 
  u_req/fopt59790/Y              -       A->Y  F     BUF_X9M_A9TL           8    78   123     488 
  u_req/fopt59789/Y              -       A->Y  R     INV_X4M_A9TL           4   113    96     585 
  u_req/fopt59788/Y              -       A->Y  F     INV_X4M_A9TL           5    68    72     657 
  u_req/mul_61_51_I1_g56824/Y    -       B->Y  R     NAND2_X2M_A9TL         1    99    90     747 
  u_req/mul_61_51_I1_g56556/Y    -       B->Y  F     NAND2_X4M_A9TL         2   107    86     833 
  u_req/mul_61_51_I1_g54915/Y    -       B0->Y R     AOI22_X6M_A9TL         2   127   111     944 
  u_req/mul_61_51_I1_g53831/Y    -       C->Y  F     XNOR3_X4M_A9TL         2    96   294    1238 
  u_req/mul_61_51_I1_g58090/Y    -       B->Y  F     XOR3_X4M_A9TL          2    84   247    1485 
  u_req/fopt61082/Y              -       A->Y  F     BUF_X3M_A9TL           1    64   133    1619 
  u_req/mul_61_51_I1_g52932/Y    -       A1->Y R     AOI21_X8M_A9TL         3   103   110    1728 
  u_req/mul_61_51_I1_g52550/Y    -       B->Y  F     XOR3_X4M_A9TL          2    84   248    1976 
  u_req/mul_61_51_I1_g57978/Y    -       B->Y  F     XOR3_X4M_A9TL          2    89   249    2225 
  u_req/mul_61_51_I1_g52298/Y    -       B->Y  R     NAND2_X6B_A9TL         3    67    73    2298 
  u_req/mul_61_51_I1_g52230/Y    -       B->Y  F     NAND2_X6M_A9TL         1    52    52    2350 
  u_req/mul_61_51_I1_g52225/Y    -       B->Y  R     NAND2_X6M_A9TL         2    70    69    2419 
  u_req/mul_61_51_I1_g52202/Y    -       B0->Y R     AO1B2_X6M_A9TL         2    62   124    2542 
  u_req/mul_61_51_I1_g52195/Y    -       A->Y  F     NAND2_X6M_A9TL         1    40    42    2584 
  u_req/mul_61_51_I1_g52188/Y    -       B->Y  R     NAND3_X6A_A9TL         2   145    99    2683 
  u_req/mul_61_51_I1_g52169/Y    -       A0->Y F     AOI21_X8M_A9TL         2   100   101    2784 
  u_req/mul_61_51_I1_g52159/Y    -       A->Y  R     NAND2_X8M_A9TL         7   112   103    2887 
  u_req/mul_61_51_I1_g52140/Y    -       A->Y  F     NAND2XB_X2M_A9TL       1    76    74    2960 
  u_req/mul_61_51_I1_g52113/Y    -       A->Y  R     NAND3XXB_X4M_A9TL      1   119    80    3040 
  u_req/mul_61_51_I1_g52100/Y    -       A->Y  R     XOR2_X3M_A9TL          1   155    87    3127 
  u_req/prod_reg_reg[0][61]/A    -       -     R     A2DFFQ_X1M_A9TL        1     -     0    3127 
#-------------------------------------------------------------------------------------------------



Path 47: VIOLATED (-82 ps) Setup Check with Pin u_req/prod_reg_reg[0][61]/CK->A
          Group: reg2reg
     Startpoint: (R) u_ctrl/reg_req_mult_reg[2]/CK
          Clock: (R) clk
       Endpoint: (F) u_req/prod_reg_reg[0][61]/A
          Clock: (R) clk

                     Capture       Launch     
        Clock Edge:+    3300            0     
       Src Latency:+       0            0     
       Net Latency:+       0 (I)        0 (I) 
           Arrival:=    3300            0     
                                              
             Setup:-     137                  
       Uncertainty:-     125                  
     Required Time:=    3038                  
      Launch Clock:-       0                  
         Data Path:-    3120                  
             Slack:=     -82                  

#--------------------------------------------------------------------------------------------------
#         Timing Point          Flags    Arc    Edge       Cell         Fanout Trans Delay Arrival 
#                                                                               (ps)  (ps)   (ps)  
#--------------------------------------------------------------------------------------------------
  u_ctrl/reg_req_mult_reg[2]/CK -       -       R     (arrival)             32     0     0       0 
  u_ctrl/reg_req_mult_reg[2]/Q  -       CK->Q   F     DFFRPQ_X4M_A9TL        2    68   288     288 
  g2452/Y                       -       A->Y    F     BUFH_X16M_A9TL        14    64   103     392 
  u_req/mul_61_51_I1_g57462/Y   -       A->Y    R     INV_X7P5M_A9TL         3    54    56     448 
  u_req/mul_61_51_I1_g56786/Y   -       B->Y    F     NAND2_X2A_A9TL         1    94    77     525 
  u_req/mul_61_51_I1_g56415/Y   -       A->Y    F     AND2_X8M_A9TL          3    63   134     659 
  u_req/mul_61_51_I1_g56046/Y   -       A->Y    R     INV_X11M_A9TL         12    84    77     736 
  u_req/mul_61_51_I1_g58286/Y   -       B->Y    F     NAND2B_X1P4M_A9TL      1    73    71     807 
  u_req/mul_61_51_I1_g54739/Y   -       BN->Y   F     NOR2XB_X4M_A9TL        2    66   140     946 
  u_req/mul_61_51_I1_g54050/CON -       CI->CON R     CGENI_X2M_A9TL         1   172   125    1071 
  u_req/mul_61_51_I1_g53714/Y   -       A->Y    F     INV_X4M_A9TL           3    71    76    1147 
  u_req/mul_61_51_I1_g53494/CON -       CI->CON R     CGENI_X2M_A9TL         1   173   126    1273 
  u_req/mul_61_51_I1_g52842/CO  -       A->CO   R     ADDF_X2M_A9TL          2   134   250    1522 
  u_req/fopt60089/Y             -       A->Y    F     INV_X6B_A9TL           2    62    67    1589 
  u_req/mul_61_51_I1_g52787/Y   -       A->Y    R     NOR2_X4A_A9TL          1    73    68    1657 
  u_req/mul_61_51_I1_g52661/Y   -       B0->Y   F     AOI21_X3M_A9TL         2   103    72    1728 
  u_req/mul_61_51_I1_g52518/CON -       CI->CON R     CGENI_X2M_A9TL         1   173   137    1866 
  u_req/mul_61_51_I1_g52504/Y   -       A->Y    F     INV_X4M_A9TL           2    72    78    1944 
  u_req/mul_61_51_I1_g52341/Y   -       B->Y    R     XOR3_X4M_A9TL          2    68   212    2155 
  u_req/mul_61_51_I1_g52267/Y   -       A->Y    F     NAND2_X4A_A9TL         3    75    68    2223 
  u_req/mul_61_51_I1_g57956/Y   -       BN->Y   F     NOR2XB_X4M_A9TL        1    61   136    2359 
  u_req/mul_61_51_I1_g52206/Y   -       B0->Y   R     AOI21_X4M_A9TL         1    84    80    2439 
  u_req/mul_61_51_I1_g52196/Y   -       C0->Y   R     OA211_X3M_A9TL         1    71   134    2574 
  u_req/mul_61_51_I1_g52191/Y   -       B0->Y   F     OAI2XB1_X8M_A9TL       2    60    62    2636 
  u_req/mul_61_51_I1_g52186/Y   -       A->Y    F     AND2_X11M_A9TL         2    38    97    2732 
  u_req/mul_61_51_I1_g52177/Y   -       A->Y    R     NAND2_X6M_A9TL         2    90    63    2796 
  u_req/mul_61_51_I1_g52159/Y   -       B->Y    F     NAND2_X8M_A9TL         7    95    80    2876 
  u_req/mul_61_51_I1_g52140/Y   -       A->Y    R     NAND2XB_X2M_A9TL       1    96    88    2964 
  u_req/mul_61_51_I1_g52113/Y   -       A->Y    F     NAND3XXB_X4M_A9TL      1   108    68    3032 
  u_req/mul_61_51_I1_g52100/Y   -       A->Y    F     XOR2_X3M_A9TL          1    96    89    3120 
  u_req/prod_reg_reg[0][61]/A   -       -       F     A2DFFQ_X1M_A9TL        1     -     0    3120 
#--------------------------------------------------------------------------------------------------



Path 48: VIOLATED (-82 ps) Setup Check with Pin u_req/prod_reg_reg[3][61]/CK->A
          Group: reg2reg
     Startpoint: (R) u_ctrl/reg_req_mult_reg[11]/CK
          Clock: (R) clk
       Endpoint: (R) u_req/prod_reg_reg[3][61]/A
          Clock: (R) clk

                     Capture       Launch     
        Clock Edge:+    3300            0     
       Src Latency:+       0            0     
       Net Latency:+       0 (I)        0 (I) 
           Arrival:=    3300            0     
                                              
             Setup:-     130                  
       Uncertainty:-     125                  
     Required Time:=    3045                  
      Launch Clock:-       0                  
         Data Path:-    3127                  
             Slack:=     -82                  

#--------------------------------------------------------------------------------------------------
#         Timing Point           Flags    Arc   Edge       Cell         Fanout Trans Delay Arrival 
#                                                                               (ps)  (ps)   (ps)  
#--------------------------------------------------------------------------------------------------
  u_ctrl/reg_req_mult_reg[11]/CK -       -      R     (arrival)             32     0     0       0 
  u_ctrl/reg_req_mult_reg[11]/Q  -       CK->Q  R     DFFRPQ_X4M_A9TL        2    87   303     303 
  g2454/Y                        -       A->Y   R     BUFH_X16M_A9TL        16   128   129     433 
  u_req/mul_61_51_I4_g57761/Y    -       A->Y   F     INV_X9M_A9TL           2    46    49     482 
  u_req/mul_61_51_I4_g56417/Y    -       A->Y   F     MXT2_X6M_A9TL          4    98   172     653 
  u_req/g62183/Y                 -       B->Y   R     NAND2_X8B_A9TL         1    68    77     730 
  u_req/fopt60702/Y              -       A->Y   F     INV_X16M_A9TL         24    70    68     798 
  u_req/mul_61_51_I4_g58345/Y    -       B->Y   R     NAND2B_X3M_A9TL        1    83    80     878 
  u_req/mul_61_51_I4_g54627/Y    -       B0N->Y F     AO21B_X4M_A9TL         2    77    72     949 
  u_req/mul_61_51_I4_g58193/Y    -       A->Y   F     XOR2_X4M_A9TL          1    79    92    1041 
  u_req/mul_61_51_I4_g53897/Y    -       A->Y   F     XOR2_X3M_A9TL          1    86    89    1130 
  u_req/mul_61_51_I4_g53309/CO   -       A->CO  F     ADDF_X2M_A9TL          1    88   237    1367 
  u_req/mul_61_51_I4_g52904/CO   -       A->CO  F     ADDF_X2M_A9TL          2   117   263    1630 
  u_req/mul_61_51_I4_g58034/Y    -       B->Y   F     XOR3_X3M_A9TL          3   122   293    1923 
  u_req/mul_61_51_I4_g57978/Y    -       C->Y   F     XOR3_X4M_A9TL          2    86   287    2210 
  u_req/mul_61_51_I4_g52298/Y    -       A->Y   R     NAND2_X6M_A9TL         3    96    83    2294 
  u_req/mul_61_51_I4_g52230/Y    -       B->Y   F     NAND2_X6M_A9TL         1    54    58    2351 
  u_req/mul_61_51_I4_g52225/Y    -       B->Y   R     NAND2_X6M_A9TL         2    70    69    2420 
  u_req/mul_61_51_I4_g52202/Y    -       B0->Y  R     AO1B2_X6M_A9TL         3    77   136    2556 
  u_req/mul_61_51_I4_g52195/Y    -       A->Y   F     NAND2_X6M_A9TL         1    42    45    2601 
  u_req/mul_61_51_I4_g52188/Y    -       A->Y   R     NAND3_X6A_A9TL         2   145    88    2689 
  u_req/mul_61_51_I4_g52169/Y    -       A0->Y  F     AOI21_X8M_A9TL         2    97    98    2787 
  u_req/mul_61_51_I4_g52159/Y    -       A->Y   R     NAND2_X8M_A9TL         7   109   100    2888 
  u_req/mul_61_51_I4_g52140/Y    -       A->Y   F     NAND2XB_X2M_A9TL       1    75    73    2961 
  u_req/mul_61_51_I4_g52113/Y    -       A->Y   R     NAND3XXB_X4M_A9TL      1   119    80    3040 
  u_req/mul_61_51_I4_g52100/Y    -       A->Y   R     XOR2_X3M_A9TL          1   155    87    3127 
  u_req/prod_reg_reg[3][61]/A    -       -      R     A2DFFQ_X1M_A9TL        1     -     0    3127 
#--------------------------------------------------------------------------------------------------



Path 49: VIOLATED (-82 ps) Setup Check with Pin u_req/prod_reg_reg[2][61]/CK->A
          Group: reg2reg
     Startpoint: (R) u_ctrl/reg_req_mult_reg[2]/CK
          Clock: (R) clk
       Endpoint: (R) u_req/prod_reg_reg[2][61]/A
          Clock: (R) clk

                     Capture       Launch     
        Clock Edge:+    3300            0     
       Src Latency:+       0            0     
       Net Latency:+       0 (I)        0 (I) 
           Arrival:=    3300            0     
                                              
             Setup:-     130                  
       Uncertainty:-     125                  
     Required Time:=    3045                  
      Launch Clock:-       0                  
         Data Path:-    3127                  
             Slack:=     -82                  

#-------------------------------------------------------------------------------------------------
#         Timing Point          Flags    Arc   Edge       Cell         Fanout Trans Delay Arrival 
#                                                                              (ps)  (ps)   (ps)  
#-------------------------------------------------------------------------------------------------
  u_ctrl/reg_req_mult_reg[2]/CK -       -      R     (arrival)             32     0     0       0 
  u_ctrl/reg_req_mult_reg[2]/Q  -       CK->Q  F     DFFRPQ_X4M_A9TL        2    68   288     288 
  g2452/Y                       -       A->Y   F     BUFH_X16M_A9TL        14    64   103     392 
  u_req/mul_61_51_I3_g57462/Y   -       A->Y   R     INV_X7P5M_A9TL         3    54    56     448 
  u_req/mul_61_51_I3_g56786/Y   -       B->Y   F     NAND2_X2A_A9TL         1    94    77     525 
  u_req/mul_61_51_I3_g56415/Y   -       A->Y   F     AND2_X8M_A9TL          3    63   134     659 
  u_req/mul_61_51_I3_g56046/Y   -       A->Y   R     INV_X11M_A9TL         12    80    75     734 
  u_req/mul_61_51_I3_g56050/Y   -       A->Y   F     INV_X4M_A9TL           4    51    58     792 
  u_req/mul_61_51_I3_g58294/Y   -       B->Y   R     NOR2B_X2M_A9TL         1   110    95     886 
  u_req/mul_61_51_I3_g54881/Y   -       BN->Y  R     NAND2XB_X6M_A9TL       2    88   138    1024 
  u_req/mul_61_51_I3_g54063/Y   -       A1->Y  F     AOI21_X6M_A9TL         2    69    79    1103 
  u_req/mul_61_51_I3_g53552/Y   -       S0->Y  F     MXIT2_X3M_A9TL         1    94    90    1193 
  u_req/mul_61_51_I3_g53323/Y   -       A->Y   F     XOR2_X4M_A9TL          1    82    97    1290 
  u_req/mul_61_51_I3_g52844/S   -       A->S   R     ADDF_X2M_A9TL          3   153   400    1689 
  u_req/mul_61_51_I3_g52838/Y   -       A->Y   F     INV_X4M_A9TL           2    63    68    1757 
  u_req/mul_61_51_I3_g58030/Y   -       A->Y   R     MXIT2_X2M_A9TL         1   188   114    1871 
  u_req/mul_61_51_I3_g52629/Y   -       A->Y   R     XOR2_X3M_A9TL          2   216   140    2011 
  u_req/mul_61_51_I3_g52341/Y   -       A->Y   F     XOR3_X4M_A9TL          2    84   193    2204 
  u_req/mul_61_51_I3_g52267/Y   -       A->Y   R     NAND2_X6B_A9TL         3    60    60    2264 
  u_req/mul_61_51_I3_g52237/Y   -       B->Y   R     AND2_X6M_A9TL          2    61   112    2375 
  u_req/mul_61_51_I3_g52218/Y   -       A->Y   F     NAND2XB_X6M_A9TL       2    50    48    2424 
  u_req/mul_61_51_I3_g52215/Y   -       A->Y   R     INV_X2M_A9TR           1    71    69    2492 
  u_req/mul_61_51_I3_g52191/Y   -       A1N->Y R     OAI2XB1_X8M_A9TL       2    94   150    2642 
  u_req/mul_61_51_I3_g52186/Y   -       A->Y   R     AND2_X11M_A9TL         2    44    99    2742 
  u_req/mul_61_51_I3_g52177/Y   -       A->Y   F     NAND2_X6M_A9TL         2    60    51    2792 
  u_req/mul_61_51_I3_g52159/Y   -       B->Y   R     NAND2_X8M_A9TL         7   112    94    2887 
  u_req/mul_61_51_I3_g52140/Y   -       A->Y   F     NAND2XB_X2M_A9TL       1    76    74    2960 
  u_req/mul_61_51_I3_g52113/Y   -       A->Y   R     NAND3XXB_X4M_A9TL      1   119    80    3040 
  u_req/mul_61_51_I3_g52100/Y   -       A->Y   R     XOR2_X3M_A9TL          1   155    87    3127 
  u_req/prod_reg_reg[2][61]/A   -       -      R     A2DFFQ_X1M_A9TL        1     -     0    3127 
#-------------------------------------------------------------------------------------------------



Path 50: VIOLATED (-82 ps) Setup Check with Pin u_req/prod_reg_reg[2][61]/CK->A
          Group: reg2reg
     Startpoint: (R) u_ctrl/reg_req_mult_reg[27]/CK
          Clock: (R) clk
       Endpoint: (F) u_req/prod_reg_reg[2][61]/A
          Clock: (R) clk

                     Capture       Launch     
        Clock Edge:+    3300            0     
       Src Latency:+       0            0     
       Net Latency:+       0 (I)        0 (I) 
           Arrival:=    3300            0     
                                              
             Setup:-     137                  
       Uncertainty:-     125                  
     Required Time:=    3038                  
      Launch Clock:-       0                  
         Data Path:-    3120                  
             Slack:=     -82                  

#---------------------------------------------------------------------------------------------------
#         Timing Point           Flags    Arc    Edge       Cell         Fanout Trans Delay Arrival 
#                                                                                (ps)  (ps)   (ps)  
#---------------------------------------------------------------------------------------------------
  u_ctrl/reg_req_mult_reg[27]/CK -       -       R     (arrival)             32     0     0       0 
  u_ctrl/reg_req_mult_reg[27]/Q  -       CK->Q   R     DFFRPQ_X4M_A9TL        3    93   307     307 
  u_req/fopt61440/Y              -       A->Y    F     INV_X7P5M_A9TL         2    53    60     367 
  u_req/fopt61439/Y              -       A->Y    R     INV_X9M_A9TL           4    81    71     438 
  u_req/fopt61438/Y              -       A->Y    F     INV_X9M_A9TL           3    42    48     486 
  u_req/mul_61_51_I3_g56802/Y    -       B->Y    R     NAND2_X4A_A9TL         1    56    53     539 
  u_req/mul_61_51_I3_g56425/Y    -       B->Y    F     NAND2_X6M_A9TL         2    60    62     601 
  u_req/mul_61_51_I3_g55670/Y    -       A->Y    R     NOR2_X8A_A9TL          7   159   118     718 
  u_req/mul_61_51_I3_g55463/Y    -       A->Y    F     INV_X7P5M_A9TL         2    59    61     780 
  u_req/mul_61_51_I3_g55454/Y    -       A->Y    R     INV_X13M_A9TL         12    68    66     845 
  u_req/mul_61_51_I3_g55450/Y    -       A->Y    F     INV_X7P5M_A9TL         5    40    47     892 
  u_req/mul_61_51_I3_g55460/Y    -       A->Y    R     INV_X6M_A9TL          10   104    78     970 
  u_req/mul_61_51_I3_g54598/Y    -       B0->Y   R     AO1B2_X4M_A9TL         2    99   147    1117 
  u_req/mul_61_51_I3_g58155/Y    -       B->Y    R     XNOR2_X4M_A9TL         2   166   126    1243 
  u_req/mul_61_51_I3_g53462/S    -       B->S    F     ADDH_X1P4M_A9TL        1    83   245    1488 
  u_req/mul_61_51_I3_g53119/Y    -       A->Y    F     XOR2_X3M_A9TL          2    89    92    1580 
  u_req/mul_61_51_I3_g52775/CO   -       A->CO   F     CGEN_X2M_A9TL          2    94   218    1798 
  u_req/mul_61_51_I3_g52656/CON  -       CI->CON R     CGENI_X2M_A9TL         1   123   107    1905 
  u_req/mul_61_51_I3_g52419/SUM  -       A->SUM  R     ADDFH_X2M_A9TL         2   105   351    2255 
  u_req/mul_61_51_I3_g57969/Y    -       A->Y    R     OR2_X2M_A9TL           2   110   146    2402 
  u_req/mul_61_51_I3_g52252/Y    -       A0N->Y  F     AO1B2_X6M_A9TL         2    74    78    2479 
  u_req/mul_61_51_I3_g52214/Y    -       A0->Y   R     AOI21_X8M_A9TL         2    83    90    2569 
  u_req/mul_61_51_I3_g52192/Y    -       A0->Y   F     OAI211_X4M_A9TL        1   107    98    2668 
  u_req/mul_61_51_I3_g52169/Y    -       B0->Y   R     AOI21_X8M_A9TL         2   134   120    2788 
  u_req/mul_61_51_I3_g52159/Y    -       A->Y    F     NAND2_X8M_A9TL         7    95    88    2876 
  u_req/mul_61_51_I3_g52140/Y    -       A->Y    R     NAND2XB_X2M_A9TL       1    96    88    2964 
  u_req/mul_61_51_I3_g52113/Y    -       A->Y    F     NAND3XXB_X4M_A9TL      1   108    68    3031 
  u_req/mul_61_51_I3_g52100/Y    -       A->Y    F     XOR2_X3M_A9TL          1    96    89    3120 
  u_req/prod_reg_reg[2][61]/A    -       -       F     A2DFFQ_X1M_A9TL        1     -     0    3120 
#---------------------------------------------------------------------------------------------------

